Pathway,NES_K562,NES_NPC,deltaNES_K562_minus_NPC
REACTOME_ABC_FAMILY_PROTEINS_MEDIATED_TRANSPORT,2.540972409883232,2.5372218616027906,0.0037505482804411905
REACTOME_ABC_TRANSPORTERS_IN_LIPID_HOMEOSTASIS,-0.6239286072539132,-1.0476645240985092,0.423735916844596
REACTOME_ABC_TRANSPORTER_DISORDERS,2.5763271868905586,2.713109682891945,-0.13678249600138637
REACTOME_ABERRANT_REGULATION_OF_MITOTIC_EXIT_IN_CANCER_DUE_TO_RB1_DEFECTS,-1.6688812560906772,-1.907593074438219,0.23871181834754185
REACTOME_ABERRANT_REGULATION_OF_MITOTIC_G1_S_TRANSITION_IN_CANCER_DUE_TO_RB1_DEFECTS,-1.579806392441088,-1.4836973274224476,-0.09610906501864025
REACTOME_ABORTIVE_ELONGATION_OF_HIV_1_TRANSCRIPT_IN_THE_ABSENCE_OF_TAT,-0.8795087895379871,1.3759631465353863,-2.2554719360733735
REACTOME_ACETYLCHOLINE_BINDING_AND_DOWNSTREAM_EVENTS,0.7662199474256671,-1.030187017117644,1.7964069645433112
REACTOME_ACETYLCHOLINE_NEUROTRANSMITTER_RELEASE_CYCLE,1.4030826473202325,1.3050659674909615,0.09801667982927098
REACTOME_ACTIVATED_NOTCH1_TRANSMITS_SIGNAL_TO_THE_NUCLEUS,1.0014573269683344,-1.0802676304045569,2.0817249573728915
REACTOME_ACTIVATED_NTRK2_SIGNALS_THROUGH_FRS2_AND_FRS3,1.134075289112819,1.2360240542640646,-0.10194876515124562
REACTOME_ACTIVATED_PKN1_STIMULATES_TRANSCRIPTION_OF_AR_ANDROGEN_RECEPTOR_REGULATED_GENES_KLK2_AND_KLK3,-1.1581441229342344,-1.2066765656669645,0.04853244273273005
REACTOME_ACTIVATED_TAK1_MEDIATES_P38_MAPK_ACTIVATION,1.0510211540549133,1.0716704088191793,-0.020649254764266045
REACTOME_ACTIVATION_OF_AMPK_DOWNSTREAM_OF_NMDARS,1.16456046565307,1.2193492112400848,-0.05478874558701485
REACTOME_ACTIVATION_OF_ANTERIOR_HOX_GENES_IN_HINDBRAIN_DEVELOPMENT_DURING_EARLY_EMBRYOGENESIS,-1.2631731128276913,1.1566624674125887,-2.41983558024028
REACTOME_ACTIVATION_OF_APC_C_AND_APC_C_CDC20_MEDIATED_DEGRADATION_OF_MITOTIC_PROTEINS,2.0600254934161946,2.32342946019407,-0.26340396677787536
REACTOME_ACTIVATION_OF_ATR_IN_RESPONSE_TO_REPLICATION_STRESS,-2.0798993134537263,-1.702265767233566,-0.3776335462201603
REACTOME_ACTIVATION_OF_BAD_AND_TRANSLOCATION_TO_MITOCHONDRIA,2.100922886142504,1.8775573144854802,0.22336557165702375
REACTOME_ACTIVATION_OF_BH3_ONLY_PROTEINS,1.4042132828965344,1.4205874116683348,-0.016374128771800445
REACTOME_ACTIVATION_OF_GENE_EXPRESSION_BY_SREBF_SREBP,-1.2445157865084753,-1.415464768005578,0.1709489814971028
REACTOME_ACTIVATION_OF_IRF3_IRF7_MEDIATED_BY_TBK1_IKK_IKBKE,-1.0028229276945146,-0.989479331539531,-0.013343596154983595
REACTOME_ACTIVATION_OF_KAINATE_RECEPTORS_UPON_GLUTAMATE_BINDING,-0.7520796752236628,-1.0390634927504572,0.28698381752679436
REACTOME_ACTIVATION_OF_MATRIX_METALLOPROTEINASES,-0.8350294947805168,-1.4023503566584563,0.5673208618779395
REACTOME_ACTIVATION_OF_NF_KAPPAB_IN_B_CELLS,2.7938230235223585,2.970949584331082,-0.17712656080872335
REACTOME_ACTIVATION_OF_NMDA_RECEPTORS_AND_POSTSYNAPTIC_EVENTS,-0.8746159095838008,-1.0772691740593088,0.20265326447550802
REACTOME_ACTIVATION_OF_PPARGC1A_PGC_1ALPHA_BY_PHOSPHORYLATION,-1.2080152163710363,-0.9761130260892891,-0.2319021902817472
REACTOME_ACTIVATION_OF_RAC1,-0.713800626162194,-0.9378259543897994,0.22402532822760546
REACTOME_ACTIVATION_OF_SMO,-0.7019549197030543,1.0411121616802428,-1.7430670813832971
REACTOME_ACTIVATION_OF_THE_AP_1_FAMILY_OF_TRANSCRIPTION_FACTORS,-1.3101183326784385,-1.1937645942919357,-0.11635373838650276
REACTOME_ACTIVATION_OF_THE_MRNA_UPON_BINDING_OF_THE_CAP_BINDING_COMPLEX_AND_EIFS_AND_SUBSEQUENT_BINDING_TO_43S,-1.2027784275474502,-1.0556430117990019,-0.14713541574844835
REACTOME_ACTIVATION_OF_THE_PRE_REPLICATIVE_COMPLEX,-2.036310248276815,-1.744095165481008,-0.292215082795807
REACTOME_ACTIVATION_OF_THE_TFAP2_AP_2_FAMILY_OF_TRANSCRIPTION_FACTORS,0.6450501903977923,1.2029954433159866,-0.5579452529181943
REACTOME_ACYL_CHAIN_REMODELLING_OF_PC,-0.7146282799274577,-1.5084916018585872,0.7938633219311295
REACTOME_ACYL_CHAIN_REMODELLING_OF_PE,-0.677501872050241,-1.4106794824999147,0.7331776104496737
REACTOME_ACYL_CHAIN_REMODELLING_OF_PG,0.8757804147238567,-1.2837311097027566,2.1595115244266134
REACTOME_ACYL_CHAIN_REMODELLING_OF_PI,1.2796251794132338,-1.0863196419355516,2.3659448213487853
REACTOME_ACYL_CHAIN_REMODELLING_OF_PS,-0.6468694949510687,-1.2326080009156928,0.5857385059646241
REACTOME_ADAPTIVE_IMMUNE_SYSTEM,1.3386659831739898,1.0,0.33866598317398977
REACTOME_ADENYLATE_CYCLASE_INHIBITORY_PATHWAY,0.5688629565981512,0.8120916187506155,-0.2432286621524643
REACTOME_ADHERENS_JUNCTIONS_INTERACTIONS,2.0789198707926024,2.052413681240158,0.026506189552444326
REACTOME_ADIPOGENESIS,0.9229632032124045,1.0101672796404433,-0.08720407642803873
REACTOME_ADORA2B_MEDIATED_ANTI_INFLAMMATORY_CYTOKINES_PRODUCTION,1.3711891840374055,1.252929564662912,0.11825961937449359
REACTOME_ADP_SIGNALLING_THROUGH_P2Y_PURINOCEPTOR_1,-0.7641084979970025,-1.0660575799468948,0.30194908194989223
REACTOME_ADP_SIGNALLING_THROUGH_P2Y_PURINOCEPTOR_12,0.9585024372420023,-0.8098083344728156,1.7683107717148179
REACTOME_ADRENALINE_NORADRENALINE_INHIBITS_INSULIN_SECRETION,1.021527616178814,-1.2209595051829143,2.2424871213617283
REACTOME_ADVANCED_GLYCOSYLATION_ENDPRODUCT_RECEPTOR_SIGNALING,1.1403940401779504,1.1349947026585714,0.005399337519379044
REACTOME_AEROBIC_RESPIRATION_AND_RESPIRATORY_ELECTRON_TRANSPORT,-1.2294730248469075,1.667855499094897,-2.8973285239418045
REACTOME_AFLATOXIN_ACTIVATION_AND_DETOXIFICATION,-1.1657500222808188,-1.5240660750948143,0.3583160528139955
REACTOME_AGGREPHAGY,1.867609014625611,1.9924765380906935,-0.12486752346508245
REACTOME_AKT_PHOSPHORYLATES_TARGETS_IN_THE_CYTOSOL,-0.9604190772604512,-1.1970823118011147,0.23666323454066351
REACTOME_AKT_PHOSPHORYLATES_TARGETS_IN_THE_NUCLEUS,-1.0496887795856022,-1.29165622306955,0.24196744348394783
REACTOME_ALK_MUTANTS_BIND_TKIS,1.3965994105835668,1.324499222161835,0.07210018842173183
REACTOME_ALPHA_LINOLENIC_OMEGA3_AND_LINOLEIC_OMEGA6_ACID_METABOLISM,-1.5106036114397945,-1.5412456424160428,0.03064203097624829
REACTOME_ALPHA_PROTEIN_KINASE_1_SIGNALING_PATHWAY,0.9712098240306027,-0.6469604150799978,1.6181702391106005
REACTOME_AMINE_LIGAND_BINDING_RECEPTORS,1.1690028161777597,-0.8266591337345247,1.9956619499122845
REACTOME_AMINO_ACIDS_REGULATE_MTORC1,1.1475126978980763,-1.1169384751200913,2.2644511730181676
REACTOME_AMPK_INDUCED_ERAD_AND_LYSOSOME_MEDIATED_DEGRADATION_OF_PD_L1_CD274,2.6481000525132714,2.8127766525034295,-0.16467659999015805
REACTOME_AMYLOID_FIBER_FORMATION,-1.4977107882376324,-1.31832738499945,-0.17938340323818247
REACTOME_ANCHORING_FIBRIL_FORMATION,-1.246899814387333,-1.2650094685385407,0.018109654151207577
REACTOME_ANCHORING_OF_THE_BASAL_BODY_TO_THE_PLASMA_MEMBRANE,1.2678232443966466,-1.035420563467075,2.303243807863722
REACTOME_ANDROGEN_BIOSYNTHESIS,-0.9357147147677825,-0.7503885964414594,-0.18532611832632306
REACTOME_ANTIGEN_ACTIVATES_B_CELL_RECEPTOR_BCR_LEADING_TO_GENERATION_OF_SECOND_MESSENGERS,-1.0753980626494128,1.2474025101582056,-2.322800572807618
REACTOME_ANTIGEN_PRESENTATION_FOLDING_ASSEMBLY_AND_PEPTIDE_LOADING_OF_CLASS_I_MHC,1.0464473905037897,1.1559527193471293,-0.10950532884333963
REACTOME_ANTIGEN_PROCESSING_CROSS_PRESENTATION,2.2068985771273084,2.4339165569836614,-0.22701797985635297
REACTOME_ANTIGEN_PROCESSING_UBIQUITINATION_PROTEASOME_DEGRADATION,1.5134233120753484,1.5976108098355153,-0.08418749776016687
REACTOME_ANTIGEN_PROCESSING_UB_ATP_INDEPENDENT_PROTEASOMAL_DEGRADATION,1.540954459170489,1.9414271080454708,-0.4004726488749819
REACTOME_ANTIMICROBIAL_MECHANISM_OF_IFN_STIMULATED_GENES,1.3457141936939512,1.4566174548773314,-0.11090326118338023
REACTOME_ANTIMICROBIAL_PEPTIDES,1.174034799311184,-0.6421664891355879,1.8162012884467718
REACTOME_ANTI_INFLAMMATORY_RESPONSE_FAVOURING_LEISHMANIA_PARASITE_INFECTION,0.9806354471618254,1.5324960216239238,-0.5518605744620985
REACTOME_APC_CDC20_MEDIATED_DEGRADATION_OF_NEK2A,-1.6984447568333783,-2.076499656189632,0.3780548993562538
REACTOME_APC_C_CDC20_MEDIATED_DEGRADATION_OF_CYCLIN_B,-1.5947365736546049,-1.9881191140432661,0.3933825403886613
REACTOME_APC_C_CDH1_MEDIATED_DEGRADATION_OF_CDC20_AND_OTHER_APC_C_CDH1_TARGETED_PROTEINS_IN_LATE_MITOSIS_EARLY_G1,2.1984109805284127,2.4709108566212254,-0.2724998760928128
REACTOME_APC_C_MEDIATED_DEGRADATION_OF_CELL_CYCLE_PROTEINS,1.855915091910364,2.10293319884493,-0.24701810693456605
REACTOME_APOPTOSIS,2.369510635390069,2.5979639963327594,-0.22845336094269042
REACTOME_APOPTOSIS_INDUCED_DNA_FRAGMENTATION,-1.377235760357908,-1.1172403960089583,-0.25999536434894965
REACTOME_APOPTOTIC_CLEAVAGE_OF_CELLULAR_PROTEINS,1.9703948932978739,1.944807511151005,0.025587382146868842
REACTOME_APOPTOTIC_CLEAVAGE_OF_CELL_ADHESION_PROTEINS,-0.8761807245836924,-0.8315368892623085,-0.04464383532138394
REACTOME_APOPTOTIC_EXECUTION_PHASE,1.932102292847466,1.9548767905995417,-0.02277449775207563
REACTOME_APOPTOTIC_FACTOR_MEDIATED_RESPONSE,-0.9730365368817512,-1.1112928952082797,0.1382563583265285
REACTOME_AQUAPORIN_MEDIATED_TRANSPORT,1.035840609403179,1.1279961727653565,-0.09215556336217756
REACTOME_ARACHIDONATE_METABOLISM,1.1562447132741192,1.3234638079303114,-0.16721909465619222
REACTOME_ASPARAGINE_N_LINKED_GLYCOSYLATION,1.5497066921320803,-1.129968897803875,2.6796755899359557
REACTOME_ASPARTATE_AND_ASPARAGINE_METABOLISM,1.095328544508138,0.8630377921099329,0.23229075239820507
REACTOME_ASPIRIN_ADME,0.9638879802033179,0.9469652989345405,0.016922681268777384
REACTOME_ASSEMBLY_AND_CELL_SURFACE_PRESENTATION_OF_NMDA_RECEPTORS,1.0072774766538748,-1.0068443125935376,2.0141217892474126
REACTOME_ASSEMBLY_OF_ACTIVE_LPL_AND_LIPC_LIPASE_COMPLEXES,-1.001357728147547,-1.0423657362875645,0.04100800814001748
REACTOME_ASSEMBLY_OF_COLLAGEN_FIBRILS_AND_OTHER_MULTIMERIC_STRUCTURES,-1.2273328414405962,-1.4264058345195456,0.19907299307894943
REACTOME_ASSEMBLY_OF_THE_HIV_VIRION,0.9529474586674014,-1.1962054760358565,2.149152934703258
REACTOME_ASSEMBLY_OF_THE_ORC_COMPLEX_AT_THE_ORIGIN_OF_REPLICATION,-1.2267015032615962,-1.1388410782357898,-0.08786042502580638
REACTOME_ASSOCIATION_OF_TRIC_CCT_WITH_TARGET_PROTEINS_DURING_BIOSYNTHESIS,1.435281760781876,1.7080932504746529,-0.2728114896927769
REACTOME_ASYMMETRIC_LOCALIZATION_OF_PCP_PROTEINS,2.6999743987418117,2.8247413806562465,-0.1247669819144348
REACTOME_ATF4_ACTIVATES_GENES_IN_RESPONSE_TO_ENDOPLASMIC_RETICULUM_STRESS,-1.436323016615939,-1.252938810843516,-0.1833842057724231
REACTOME_ATF6_ATF6_ALPHA_ACTIVATES_CHAPERONES,1.2791952800465183,1.2562125873031074,0.022982692743410915
REACTOME_ATP_DEPENDENT_CHROMATIN_REMODELERS,0.926490264368872,0.9337204644539898,-0.007230200085117766
REACTOME_ATTACHMENT_AND_ENTRY,1.3990678611937015,-1.359786865679155,2.7588547268728565
REACTOME_ATTACHMENT_OF_BACTERIA_TO_EPITHELIAL_CELLS,-1.0383814901378596,-1.4298260202182755,0.3914445300804159
REACTOME_ATTENUATION_PHASE,1.4970190033279185,1.360162501453067,0.13685650187485154
REACTOME_AUF1_HNRNP_D0_BINDS_AND_DESTABILIZES_MRNA,2.954133232471799,3.181532805059332,-0.22739957258753307
REACTOME_AURKA_ACTIVATION_BY_TPX2,1.4207843066585684,1.5101771888247182,-0.08939288216614982
REACTOME_AUTOPHAGY,1.7013166723296758,1.6604891484789335,0.04082752385074229
REACTOME_AZATHIOPRINE_ADME,-0.7916078978243875,0.9772570222517648,-1.7688649200761524
REACTOME_BACTERIAL_INFECTION_PATHWAYS,1.5571229167402538,1.421126795528055,0.13599612121219873
REACTOME_BASE_EXCISION_REPAIR,-1.839840161859267,-1.404545798699559,-0.43529436315970793
REACTOME_BASE_EXCISION_REPAIR_AP_SITE_FORMATION,-1.8046984700793018,-1.542699045907581,-0.26199942417172095
REACTOME_BASIGIN_INTERACTIONS,1.8855436871945002,1.6863316851406291,0.19921200205387102
REACTOME_BBSOME_MEDIATED_CARGO_TARGETING_TO_CILIUM,1.575963461508149,1.3505480299166732,0.2254154315914758
REACTOME_BETA_CATENIN_INDEPENDENT_WNT_SIGNALING,2.327663935476177,2.2814314948862138,0.04623244058996301
REACTOME_BETA_CATENIN_PHOSPHORYLATION_CASCADE,-0.7455190573684569,-0.8665404738508187,0.12102141648236175
REACTOME_BETA_DEFENSINS,0.9716673205300148,0.7236864168843965,0.2479809036456183
REACTOME_BETA_OXIDATION_OF_VERY_LONG_CHAIN_FATTY_ACIDS,-1.077308552091582,-1.243487008158184,0.16617845606660198
REACTOME_BICARBONATE_TRANSPORTERS,-1.2150818080933905,-0.8234055242054032,-0.39167628388798725
REACTOME_BILE_ACID_AND_BILE_SALT_METABOLISM,-1.370153364302869,-0.6918415071940738,-0.6783118571087952
REACTOME_BINDING_AND_UPTAKE_OF_LIGANDS_BY_SCAVENGER_RECEPTORS,-1.1832033996925897,1.4562549102276918,-2.6394583099202817
REACTOME_BIOLOGICAL_OXIDATIONS,-1.0129323210187808,-0.9198133221526219,-0.09311899886615893
REACTOME_BIOSYNTHESIS_OF_SPECIALIZED_PRORESOLVING_MEDIATORS_SPMS,1.6071964422852727,1.9588451525799344,-0.3516487102946617
REACTOME_BIOSYNTHESIS_OF_THE_N_GLYCAN_PRECURSOR_DOLICHOL_LIPID_LINKED_OLIGOSACCHARIDE_LLO_AND_TRANSFER_TO_A_NASCENT_PROTEIN,-1.7825297096240955,-1.6928434213151282,-0.0896862883089673
REACTOME_BIOTIN_TRANSPORT_AND_METABOLISM,-0.8505849382207229,-1.1899582689955295,0.3393733307748066
REACTOME_BLOOD_GROUP_SYSTEMS_BIOSYNTHESIS,-1.227679836344009,-1.2585216091439833,0.030841772799974354
REACTOME_BMAL1_CLOCK_NPAS2_ACTIVATES_CIRCADIAN_EXPRESSION,0.9709981895734695,0.9175513735994424,0.05344681597402712
REACTOME_BRANCHED_CHAIN_AMINO_ACID_CATABOLISM,1.164525537510518,1.1546237824841923,0.00990175502632562
REACTOME_BUDDING_AND_MATURATION_OF_HIV_VIRION,1.225806209998922,1.2922712732929444,-0.06646506329402246
REACTOME_BUTYRATE_RESPONSE_FACTOR_1_BRF1_BINDS_AND_DESTABILIZES_MRNA,-0.8124002926377023,-0.8572634983029647,0.04486320566526236
REACTOME_BUTYROPHILIN_BTN_FAMILY_INTERACTIONS,-0.692118305813621,0.917951939156386,-1.6100702449700068
REACTOME_B_WICH_COMPLEX_POSITIVELY_REGULATES_RRNA_EXPRESSION,-0.817706184170029,1.0366531909776453,-1.8543593751476743
REACTOME_CA2_PATHWAY,-0.8813220519991426,-1.1201957486067176,0.23887369660757496
REACTOME_CALNEXIN_CALRETICULIN_CYCLE,1.5632945551351312,1.3748820702969597,0.1884124848381714
REACTOME_CAMK_IV_MEDIATED_PHOSPHORYLATION_OF_CREB,-0.9761375537644689,-1.0189059630411565,0.04276840927668768
REACTOME_CARBOXYTERMINAL_POST_TRANSLATIONAL_MODIFICATIONS_OF_TUBULIN,1.0770348869629998,-1.1793697385760453,2.2564046255390453
REACTOME_CARDIAC_CONDUCTION,1.3415574981390261,-0.8675874299541028,2.209144928093129
REACTOME_CARDIOGENESIS,-1.1010005194207126,1.2749995778230978,-2.3760000972438107
REACTOME_CARGO_CONCENTRATION_IN_THE_ER,-1.4421953089869926,-1.8180081460686688,0.37581283708167623
REACTOME_CARGO_RECOGNITION_FOR_CLATHRIN_MEDIATED_ENDOCYTOSIS,1.2692262904606433,1.479195540118908,-0.2099692496582648
REACTOME_CARGO_TRAFFICKING_TO_THE_PERICILIARY_MEMBRANE,1.3233435132862563,1.4232343234541602,-0.09989081016790391
REACTOME_CARNITINE_SHUTTLE,-1.5947153802264635,-1.2063382402111353,-0.3883771400153282
REACTOME_CASPASE_ACTIVATION_VIA_DEATH_RECEPTORS_IN_THE_PRESENCE_OF_LIGAND,-1.1455197275711697,-0.700999356686582,-0.44452037088458773
REACTOME_CASPASE_ACTIVATION_VIA_DEPENDENCE_RECEPTORS_IN_THE_ABSENCE_OF_LIGAND,-0.8182665427705086,-1.5773839994237486,0.75911745665324
REACTOME_CASPASE_ACTIVATION_VIA_EXTRINSIC_APOPTOTIC_SIGNALLING_PATHWAY,-1.0778934695924927,-1.126013976483983,0.04812050689149028
REACTOME_CASPASE_MEDIATED_CLEAVAGE_OF_CYTOSKELETAL_PROTEINS,2.216709072771061,2.0485703710016896,0.1681387017693714
REACTOME_CA_DEPENDENT_EVENTS,0.9118825878571596,-0.9697586576894192,1.8816412455465787
REACTOME_CD209_DC_SIGN_SIGNALING,0.7941968788344327,-0.8669304300155589,1.6611273088499916
REACTOME_CD22_MEDIATED_BCR_REGULATION,-1.1136103920598883,1.718820050794067,-2.8324304428539553
REACTOME_CD28_DEPENDENT_PI3K_AKT_SIGNALING,-0.93910347788689,-1.1912494306406431,0.2521459527537532
REACTOME_CD28_DEPENDENT_VAV1_PATHWAY,1.4041183457527908,-0.8011268735280592,2.20524521928085
REACTOME_CDC42_GTPASE_CYCLE,-1.161143461283718,-1.4534679558509036,0.2923244945671857
REACTOME_CDK_MEDIATED_PHOSPHORYLATION_AND_REMOVAL_OF_CDC6,2.2295769702032255,2.5668619256312586,-0.33728495542803305
REACTOME_CELLULAR_HEXOSE_TRANSPORT,1.2486564360406462,1.0870655682504364,0.1615908677902098
REACTOME_CELLULAR_RESPONSES_TO_MECHANICAL_STIMULI,1.3171382377564398,1.1356669631903114,0.18147127456612844
REACTOME_CELLULAR_RESPONSES_TO_STIMULI,1.6167682642928158,1.0,0.6167682642928158
REACTOME_CELLULAR_RESPONSE_TO_CHEMICAL_STRESS,2.5361440506897344,2.571283159699331,-0.03513910900959649
REACTOME_CELLULAR_RESPONSE_TO_HEAT_STRESS,1.3723907107175686,1.4230793562310355,-0.05068864551346697
REACTOME_CELLULAR_RESPONSE_TO_HYPOXIA,2.951221554513155,2.993159484722364,-0.04193793020920911
REACTOME_CELLULAR_RESPONSE_TO_STARVATION,-1.6502891831254678,-1.7953825337672913,0.1450933506418235
REACTOME_CELLULAR_SENESCENCE,-1.3716664592332628,-1.2578994099327732,-0.11376704930048964
REACTOME_CELL_CELL_COMMUNICATION,2.1189820737565777,2.0442298353911523,0.07475223836542533
REACTOME_CELL_CYCLE,-1.5619616467837087,-1.2519086979072656,-0.3100529488764432
REACTOME_CELL_CYCLE_CHECKPOINTS,-1.52355935093403,-1.3555246394217975,-0.16803471151223248
REACTOME_CELL_CYCLE_MITOTIC,-1.6005132486775442,-1.293793686478212,-0.30671956219933216
REACTOME_CELL_DEATH_SIGNALLING_VIA_NRAGE_NRIF_AND_NADE,-1.0715090425763127,-1.5942451402570388,0.522736097680726
REACTOME_CELL_EXTRACELLULAR_MATRIX_INTERACTIONS,1.9349882486408116,1.8630772139871619,0.07191103465364979
REACTOME_CELL_JUNCTION_ORGANIZATION,2.0867154941936903,2.036654766570697,0.050060727622993184
REACTOME_CELL_SURFACE_INTERACTIONS_AT_THE_VASCULAR_WALL,-0.9184751000318908,1.5067983094885309,-2.425273409520422
REACTOME_CGMP_EFFECTS,0.7072936817233133,-0.7055084858183658,1.412802167541679
REACTOME_CHAPERONE_MEDIATED_AUTOPHAGY,1.9856252724460484,1.9162836788400042,0.0693415936060442
REACTOME_CHEMOKINE_RECEPTORS_BIND_CHEMOKINES,-0.904626189327351,-0.6869520207283778,-0.21767416859897315
REACTOME_CHK1_CHK2_CDS1_MEDIATED_INACTIVATION_OF_CYCLIN_B_CDK1_COMPLEX,1.5285478309437044,1.535734439854377,-0.007186608910672687
REACTOME_CHOLESTEROL_BIOSYNTHESIS,-1.265150944118616,-1.5144313551683337,0.24928041104971776
REACTOME_CHOLESTEROL_BIOSYNTHESIS_VIA_DESMOSTEROL_BLOCH_PATHWAY,-1.5050783604292783,-1.4401863429071544,-0.06489201752212392
REACTOME_CHONDROITIN_SULFATE_DERMATAN_SULFATE_METABOLISM,-1.3538491978488252,-1.3941181273360337,0.040268929487208505
REACTOME_CHROMATIN_MODIFICATIONS_DURING_THE_MATERNAL_TO_ZYGOTIC_TRANSITION_MZT,-1.460317875911718,-1.3367146423917902,-0.12360323351992775
REACTOME_CHROMATIN_ORGANIZATION,-0.7990497399395327,0.9906719547545362,-1.7897216946940688
REACTOME_CHROMOSOME_MAINTENANCE,-2.0114835181157016,-1.5854809617944807,-0.42600255632122086
REACTOME_CHYLOMICRON_ASSEMBLY,-0.796504248567135,1.0961983887818008,-1.8927026373489357
REACTOME_CILIUM_ASSEMBLY,1.2123190413865734,-0.9615256718772309,2.1738447132638044
REACTOME_CIRCADIAN_CLOCK,2.4388798412017882,2.6463590576392613,-0.20747921643747302
REACTOME_CITRIC_ACID_CYCLE_TCA_CYCLE,2.1251539846303795,2.062537570939194,0.06261641369118554
REACTOME_CLASS_A_1_RHODOPSIN_LIKE_RECEPTORS,-1.126086579777097,-0.6280599615857133,-0.4980266181913836
REACTOME_CLASS_B_2_SECRETIN_FAMILY_RECEPTORS,-0.828121213642927,1.2617734411802268,-2.089894654823154
REACTOME_CLASS_C_3_METABOTROPIC_GLUTAMATE_PHEROMONE_RECEPTORS,-0.6788963368859078,-0.5849606812103207,-0.09393565567558704
REACTOME_CLASS_I_MHC_MEDIATED_ANTIGEN_PROCESSING_PRESENTATION,1.434109123238159,1.4474189795453074,-0.013309856307148316
REACTOME_CLASS_I_PEROXISOMAL_MEMBRANE_PROTEIN_IMPORT,-1.4774262282739499,-1.2742876143197093,-0.2031386139542406
REACTOME_CLATHRIN_MEDIATED_ENDOCYTOSIS,1.8261381059814425,1.8967104930255885,-0.07057238704414592
REACTOME_CLEC7A_DECTIN_1_INDUCES_NFAT_ACTIVATION,-0.9937018373207122,-1.0212911620616412,0.02758932474092901
REACTOME_CLEC7A_DECTIN_1_SIGNALING,2.3489816753328485,2.4200792347554296,-0.07109755942258111
REACTOME_COBALAMIN_CBL_VITAMIN_B12_TRANSPORT_AND_METABOLISM,-0.7754626891333702,-0.8108248130564456,0.03536212392307536
REACTOME_COHESIN_LOADING_ONTO_CHROMATIN,-1.384243613917627,-1.132897658480558,-0.25134595543706917
REACTOME_COLLAGEN_BIOSYNTHESIS_AND_MODIFYING_ENZYMES,-1.0280810292397897,-1.327162868928206,0.2990818396884163
REACTOME_COLLAGEN_CHAIN_TRIMERIZATION,-1.4905252326043237,-1.6853766767113136,0.19485144410698996
REACTOME_COLLAGEN_DEGRADATION,-0.927784572178789,-1.4171712032588142,0.4893866310800252
REACTOME_COLLAGEN_FORMATION,-0.920444987203907,-1.2224878219291087,0.30204283472520166
REACTOME_COMMON_PATHWAY_OF_FIBRIN_CLOT_FORMATION,0.8486274499489478,-0.6629936592635828,1.5116211092125305
REACTOME_COMPLEMENT_CASCADE,-1.0933149552505472,1.5623919366960382,-2.6557068919465854
REACTOME_COMPLEX_III_ASSEMBLY,-1.3684154892096279,1.1774807260251252,-2.545896215234753
REACTOME_COMPLEX_IV_ASSEMBLY,-1.8217377304503304,-1.6096867729914461,-0.21205095745888425
REACTOME_COMPLEX_I_BIOGENESIS,-1.6534959706465957,-1.4468208815638317,-0.206675089082764
REACTOME_CONDENSATION_OF_PROMETAPHASE_CHROMOSOMES,-1.6779456926551177,-1.2549867935655958,-0.4229588990895219
REACTOME_CONDENSATION_OF_PROPHASE_CHROMOSOMES,-1.7351478335649997,-1.4858871362367865,-0.2492606973282132
REACTOME_CONSTITUTIVE_SIGNALING_BY_ABERRANT_PI3K_IN_CANCER,0.9251160217633873,-0.9732296043389272,1.8983456261023144
REACTOME_CONSTITUTIVE_SIGNALING_BY_AKT1_E17K_IN_CANCER,-1.3167688380316602,-1.4660728759474606,0.14930403791580038
REACTOME_CONSTITUTIVE_SIGNALING_BY_EGFRVIII,1.950917942938157,2.209955567469391,-0.259037624531234
REACTOME_CONSTITUTIVE_SIGNALING_BY_LIGAND_RESPONSIVE_EGFR_CANCER_VARIANTS,1.9599624567246627,2.071088864945755,-0.11112640822109232
REACTOME_CONSTITUTIVE_SIGNALING_BY_OVEREXPRESSED_ERBB2,1.6805003575955235,1.8812958096924304,-0.20079545209690686
REACTOME_CONVERSION_FROM_APC_C_CDC20_TO_APC_C_CDH1_IN_LATE_ANAPHASE,-1.7624328007437846,-1.999225838172413,0.23679303742862845
REACTOME_COOPERATION_OF_PDCL_PHLP1_AND_TRIC_CCT_IN_G_PROTEIN_BETA_FOLDING,1.8438193568655512,1.7502750100307787,0.09354434683477253
REACTOME_COOPERATION_OF_PREFOLDIN_AND_TRIC_CCT_IN_ACTIN_AND_TUBULIN_FOLDING,1.8463334715487305,2.046781845749801,-0.20044837420107053
REACTOME_COPII_MEDIATED_VESICLE_TRANSPORT,-1.106645163503909,-1.3705553126909336,0.2639101491870246
REACTOME_COPI_DEPENDENT_GOLGI_TO_ER_RETROGRADE_TRAFFIC,-1.178953991400032,-1.3457632223159142,0.16680923091588218
REACTOME_COPI_INDEPENDENT_GOLGI_TO_ER_RETROGRADE_TRAFFIC,1.8014468492677622,1.8283963924255338,-0.02694954315777154
REACTOME_COPI_MEDIATED_ANTEROGRADE_TRANSPORT,1.973176910035874,2.0469107150523356,-0.07373380501646154
REACTOME_CO_INHIBITION_BY_CTLA4,-0.6081880925379918,-1.1919218047247375,0.5837337121867457
REACTOME_CO_INHIBITION_BY_PD_1,1.87501445866426,1.9824018324107362,-0.10738737374647611
REACTOME_CO_STIMULATION_BY_CD28,-0.7933879231144928,-1.1504959674934991,0.35710804437900634
REACTOME_CO_STIMULATION_BY_ICOS,-0.8167815622005916,-0.9697913769111768,0.15300981471058517
REACTOME_CREATINE_METABOLISM,0.9331501138474083,-0.8141888181582922,1.7473389320057007
REACTOME_CREATION_OF_C4_AND_C2_ACTIVATORS,-1.1292119021210627,1.6794401331826414,-2.8086520353037043
REACTOME_CREB1_PHOSPHORYLATION_THROUGH_NMDA_RECEPTOR_MEDIATED_ACTIVATION_OF_RAS_SIGNALING,-1.375804484940495,-1.2359664275191689,-0.13983805742132605
REACTOME_CREB1_PHOSPHORYLATION_THROUGH_THE_ACTIVATION_OF_ADENYLATE_CYCLASE,1.1754044439653175,1.0321133192037406,0.1432911247615769
REACTOME_CRISTAE_FORMATION,1.5448504831967054,1.8664251410804245,-0.3215746578837191
REACTOME_CRMPS_IN_SEMA3A_SIGNALING,0.949322425245526,-1.1881331723090922,2.1374555975546183
REACTOME_CROSSLINKING_OF_COLLAGEN_FIBRILS,-1.498032070155553,-1.6176576569481447,0.11962558679259172
REACTOME_CROSS_PRESENTATION_OF_SOLUBLE_EXOGENOUS_ANTIGENS_ENDOSOMES,2.6912575570448665,3.0219597920929613,-0.3307022350480948
REACTOME_CS_DS_DEGRADATION,-1.1971725622159575,-1.1867179960719145,-0.010454566144042943
REACTOME_CS_GAG_BIOSYNTHESIS,-1.1650422099150826,-1.5333823224925558,0.36834011257747323
REACTOME_CYCLIN_A_B1_B2_ASSOCIATED_EVENTS_DURING_G2_M_TRANSITION,-2.0069641353268315,-1.7338139194560154,-0.2731502158708161
REACTOME_CYCLIN_A_CDK2_ASSOCIATED_EVENTS_AT_S_PHASE_ENTRY,2.079630069930915,2.2658440755338107,-0.18621400560289558
REACTOME_CYCLIN_D_ASSOCIATED_EVENTS_IN_G1,-1.4347001505640093,-1.547129672953328,0.11242952238931858
REACTOME_CYP2E1_REACTIONS,-0.6133663898235728,0.8516017941971618,-1.4649681840207345
REACTOME_CYTOCHROME_C_MEDIATED_APOPTOTIC_RESPONSE,-0.8633368333644305,-1.317842045061297,0.45450521169686664
REACTOME_CYTOCHROME_P450_ARRANGED_BY_SUBSTRATE_TYPE,-1.0208765022739652,-0.6716377398557467,-0.3492387624182185
REACTOME_CYTOKINE_SIGNALING_IN_IMMUNE_SYSTEM,1.5489656418499758,1.6536490093368132,-0.10468336748683749
REACTOME_CYTOPROTECTION_BY_HMOX1,-1.1844063999864942,-0.9333036851020375,-0.2511027148844567
REACTOME_CYTOSOLIC_IRON_SULFUR_CLUSTER_ASSEMBLY,0.8497862078922527,-0.8219165241820326,1.6717027320742854
REACTOME_CYTOSOLIC_SENSORS_OF_PATHOGEN_ASSOCIATED_DNA,1.2011871956774496,1.3659025438808132,-0.16471534820336364
REACTOME_CYTOSOLIC_SULFONATION_OF_SMALL_MOLECULES,-1.061508350513704,-1.0899332804830408,0.028424929969336876
REACTOME_CYTOSOLIC_TRNA_AMINOACYLATION,1.6055655120022265,1.69132680985406,-0.0857612978518334
REACTOME_C_TYPE_LECTIN_RECEPTORS_CLRS,2.0520462163263993,2.152121647892427,-0.10007543156602772
REACTOME_DAG1_GLYCOSYLATIONS,-1.1580151257591886,-1.4440630463551654,0.2860479205959767
REACTOME_DAG_AND_IP3_SIGNALING,0.8724855298721454,-0.8561011822901833,1.7285867121623286
REACTOME_DAP12_INTERACTIONS,0.8388899253477611,0.9929280856069485,-0.15403816025918737
REACTOME_DAP12_SIGNALING,0.8161829755023101,1.000910904392511,-0.18472792889020095
REACTOME_DARPP_32_EVENTS,1.297224614173126,1.22195633585264,0.0752682783204861
REACTOME_DCC_MEDIATED_ATTRACTIVE_SIGNALING,-0.6259605958278336,-1.2551422056572603,0.6291816098294267
REACTOME_DDX58_IFIH1_MEDIATED_INDUCTION_OF_INTERFERON_ALPHA_BETA,-0.9286461911249084,-0.9270031495294585,-0.0016430415954499233
REACTOME_DEACTIVATION_OF_THE_BETA_CATENIN_TRANSACTIVATING_COMPLEX,0.9651479542319639,-0.9976692708766574,1.9628172251086213
REACTOME_DEADENYLATION_DEPENDENT_MRNA_DECAY,-1.1050687595535154,-1.1692671565612665,0.0641983970077511
REACTOME_DEADENYLATION_OF_MRNA,-0.7918120693555649,-0.9361360265424233,0.14432395718685842
REACTOME_DEATH_RECEPTOR_SIGNALING,1.0466060462607267,-1.102511426696348,2.149117472957075
REACTOME_DECTIN_1_MEDIATED_NONCANONICAL_NF_KB_SIGNALING,2.7936991035216963,3.0125710904730925,-0.2188719869513962
REACTOME_DECTIN_2_FAMILY,0.8888297350129589,-1.0994541200641674,1.9882838550771265
REACTOME_DEFECTIVE_B4GALT7_CAUSES_EDS_PROGEROID_TYPE,1.1237384577652072,-1.5956464948887261,2.7193849526539333
REACTOME_DEFECTIVE_C1GALT1C1_CAUSES_TNPS,0.9180332065062756,-1.3046993412017414,2.222732547708017
REACTOME_DEFECTIVE_EXT2_CAUSES_EXOSTOSES_2,1.3854386478076468,-1.3518631745216665,2.7373018223293135
REACTOME_DEFECTIVE_GALNT3_CAUSES_HFTC,1.094756615671848,-1.10108095072634,2.195837566398188
REACTOME_DEFECTIVE_INTRINSIC_PATHWAY_FOR_APOPTOSIS,2.0591822061244627,2.113931683008246,-0.05474947688378329
REACTOME_DEFECTIVE_PYROPTOSIS,-1.652704241590748,-1.3016488323309625,-0.3510554092597855
REACTOME_DEFECTS_IN_COBALAMIN_B12_METABOLISM,-1.0473554919907773,-1.1934246174207082,0.1460691254299309
REACTOME_DEFECTS_IN_VITAMIN_AND_COFACTOR_METABOLISM,-1.0112643580398182,-1.1848307058912924,0.17356634785147418
REACTOME_DEFECTS_OF_CONTACT_ACTIVATION_SYSTEM_CAS_AND_KALLIKREIN_KININ_SYSTEM_KKS,-0.8489262073878535,-1.3130385591134472,0.46411235172559373
REACTOME_DEFENSINS,-0.6572383496536749,0.983336549875305,-1.64057489952898
REACTOME_DEGRADATION_OF_AXIN,2.845134164715837,3.063981365637311,-0.21884720092147436
REACTOME_DEGRADATION_OF_BETA_CATENIN_BY_THE_DESTRUCTION_COMPLEX,2.553409863682119,2.608127699420536,-0.05471783573841682
REACTOME_DEGRADATION_OF_CRY_AND_PER_PROTEINS,2.77572778678055,2.963095842549073,-0.18736805576852333
REACTOME_DEGRADATION_OF_CYSTEINE_AND_HOMOCYSTEINE,-0.9326969112971113,-1.2162325244755479,0.28353561317843656
REACTOME_DEGRADATION_OF_DVL,2.7681222338498355,2.9873557642198727,-0.21923353037003723
REACTOME_DEGRADATION_OF_GLI1_BY_THE_PROTEASOME,2.845340792406246,3.0768404263843925,-0.23149963397814632
REACTOME_DEGRADATION_OF_THE_EXTRACELLULAR_MATRIX,1.3225238814879214,-1.1316581399905001,2.4541820214784216
REACTOME_DENGUE_VIRUS_ACTIVATES_MODULATES_INNATE_AND_ADAPTIVE_IMMUNE_RESPONSES,1.512098455152035,1.6255089080180216,-0.11341045286598672
REACTOME_DENGUE_VIRUS_ATTACHMENT_AND_ENTRY,1.3324713357040965,1.290463465123857,0.04200787058023958
REACTOME_DENGUE_VIRUS_GENOME_TRANSLATION_AND_REPLICATION,2.11069817406195,1.9942273385390588,0.11647083552289117
REACTOME_DENGUE_VIRUS_HOST_INTERACTIONS,1.808112083469146,2.0914792462442473,-0.2833671627751013
REACTOME_DENGUE_VIRUS_INFECTION,2.0447464894138845,2.1954455995216593,-0.15069911010777481
REACTOME_DENGUE_VIRUS_MODULATES_APOPTOSIS,-1.0684770045432117,-0.8522419382701066,-0.21623506627310507
REACTOME_DEPOLYMERIZATION_OF_THE_NUCLEAR_LAMINA,-1.1869171056825405,-0.8932291005077518,-0.29368800517478866
REACTOME_DEPOSITION_OF_NEW_CENPA_CONTAINING_NUCLEOSOMES_AT_THE_CENTROMERE,-2.039118194859249,-1.8348679932980934,-0.2042502015611556
REACTOME_DETOXIFICATION_OF_REACTIVE_OXYGEN_SPECIES,1.642802425166576,1.8325637642455699,-0.18976133907899384
REACTOME_DEUBIQUITINATION,2.1058544351553707,2.3218877660444917,-0.2160333308891209
REACTOME_DEVELOPMENTAL_CELL_LINEAGES,-0.8966095667088443,1.0405441875092607,-1.937153754218105
REACTOME_DEVELOPMENTAL_CELL_LINEAGES_OF_THE_EXOCRINE_PANCREAS,-0.9872019116776298,-0.793139631788496,-0.19406227988913383
REACTOME_DEVELOPMENTAL_CELL_LINEAGES_OF_THE_INTEGUMENTARY_SYSTEM,1.0806219398867776,1.0224851211554493,0.058136818731328255
REACTOME_DEVELOPMENTAL_LINEAGES_OF_THE_MAMMARY_GLAND,1.180771040465047,1.3523955621128865,-0.17162452164783937
REACTOME_DEVELOPMENTAL_LINEAGE_OF_MAMMARY_GLAND_ALVEOLAR_CELLS,-0.5540591741619884,-0.9395586235755079,0.38549944941351955
REACTOME_DEVELOPMENTAL_LINEAGE_OF_MAMMARY_GLAND_LUMINAL_EPITHELIAL_CELLS,1.1597292827895176,1.0943019181454074,0.06542736464411014
REACTOME_DEVELOPMENTAL_LINEAGE_OF_MAMMARY_GLAND_MYOEPITHELIAL_CELLS,1.4862901108450517,1.4282956249900032,0.057994485855048516
REACTOME_DEVELOPMENTAL_LINEAGE_OF_MAMMARY_STEM_CELLS,0.8358602144179863,1.0303539967103426,-0.19449378229235625
REACTOME_DEVELOPMENTAL_LINEAGE_OF_MULTIPOTENT_PANCREATIC_PROGENITOR_CELLS,1.099466362404186,1.853306519562205,-0.7538401571580189
REACTOME_DEVELOPMENTAL_LINEAGE_OF_PANCREATIC_ACINAR_CELLS,-0.7182215651015735,1.1510208046055255,-1.869242369707099
REACTOME_DEVELOPMENTAL_LINEAGE_OF_PANCREATIC_DUCTAL_CELLS,-1.380359806367548,-1.1173373850466881,-0.26302242132085984
REACTOME_DIFFERENTIATION_OF_KERATINOCYTES_IN_INTERFOLLICULAR_EPIDERMIS_IN_MAMMALIAN_SKIN,1.0920571457054271,-0.6373188688861074,1.7293760145915344
REACTOME_DIFFERENTIATION_OF_NAIVE_CD_T_CELLS_TO_T_HELPER_1_CELLS_TH1_CELLS,-1.1912413348436335,-0.5061088286313606,-0.6851325062122728
REACTOME_DIGESTION,1.3437203290364321,0.7827539708648349,0.5609663581715972
REACTOME_DIGESTION_AND_ABSORPTION,1.4069763423375001,0.7347779589118874,0.6721983834256128
REACTOME_DISASSEMBLY_OF_THE_DESTRUCTION_COMPLEX_AND_RECRUITMENT_OF_AXIN_TO_THE_MEMBRANE,-0.7844719561779342,-0.8242903486741169,0.039818392496182686
REACTOME_DISEASES_ASSOCIATED_WITH_GLYCOSAMINOGLYCAN_METABOLISM,1.0613728518069088,-1.5999058889130175,2.6612787407199265
REACTOME_DISEASES_ASSOCIATED_WITH_GLYCOSYLATION_PRECURSOR_BIOSYNTHESIS,1.1213739439733754,1.012282796338956,0.1090911476344194
REACTOME_DISEASES_ASSOCIATED_WITH_N_GLYCOSYLATION_OF_PROTEINS,-1.5176926197005391,-1.5990805973192705,0.0813879776187314
REACTOME_DISEASES_ASSOCIATED_WITH_O_GLYCOSYLATION_OF_PROTEINS,-0.9918895272954635,-1.290430001811857,0.29854047451639354
REACTOME_DISEASES_ASSOCIATED_WITH_SURFACTANT_METABOLISM,1.0123220332096323,0.5930544805069905,0.4192675527026418
REACTOME_DISEASES_OF_BRANCHED_CHAIN_AMINO_ACID_CATABOLISM,1.5250172939859972,1.5843181499603591,-0.059300855974361966
REACTOME_DISEASES_OF_CARBOHYDRATE_METABOLISM,1.3389914236601803,1.3026928105845146,0.03629861307566573
REACTOME_DISEASES_OF_DNA_REPAIR,-2.0112771679320876,-1.5682557532947714,-0.44302141463731615
REACTOME_DISEASES_OF_GLYCOSYLATION,-1.0383357081992068,-1.5277105482873663,0.48937484008815946
REACTOME_DISEASES_OF_HEMOSTASIS,-1.0319704263836127,-1.4773866439632741,0.44541621757966143
REACTOME_DISEASES_OF_IMMUNE_SYSTEM,-1.3940266666189487,-0.6205423305510652,-0.7734843360678835
REACTOME_DISEASES_OF_METABOLISM,-0.9447149628459468,-1.2509220031389077,0.30620704029296086
REACTOME_DISEASES_OF_MITOTIC_CELL_CYCLE,-1.9555729504559516,-1.844453343495863,-0.1111196069600886
REACTOME_DISEASES_OF_PROGRAMMED_CELL_DEATH,1.1263961038424877,1.3723941038394698,-0.24599799999698213
REACTOME_DISEASES_OF_SIGNAL_TRANSDUCTION_BY_GROWTH_FACTOR_RECEPTORS_AND_SECOND_MESSENGERS,1.9260093472275732,1.8790802830819757,0.0469290641455975
REACTOME_DISORDERS_OF_DEVELOPMENTAL_BIOLOGY,1.7050350278265116,1.6540847779478187,0.0509502498786929
REACTOME_DISORDERS_OF_TRANSMEMBRANE_TRANSPORTERS,1.9983247125694479,2.0926365790754566,-0.09431186650600876
REACTOME_DISSOLUTION_OF_FIBRIN_CLOT,1.2577939703657652,1.3510499389997204,-0.09325596863395513
REACTOME_DNA_DAMAGE_BYPASS,-1.631450777177197,-1.2944786415318106,-0.33697213564538653
REACTOME_DNA_DAMAGE_RECOGNITION_IN_GG_NER,1.1629536230919628,1.3821831885901186,-0.21922956549815575
REACTOME_DNA_DAMAGE_TELOMERE_STRESS_INDUCED_SENESCENCE,-1.3776426851776753,-1.26060449489521,-0.11703819028246532
REACTOME_DNA_DOUBLE_STRAND_BREAK_REPAIR,-1.7256396682705584,-1.305552825709873,-0.4200868425606854
REACTOME_DNA_DOUBLE_STRAND_BREAK_RESPONSE,-1.1071974278240888,-0.7616481431771035,-0.3455492846469853
REACTOME_DNA_METHYLATION,-1.5281043621798724,-1.1840058774793918,-0.34409848470048066
REACTOME_DNA_REPAIR,-1.5828139100362908,-1.2277658827112308,-0.35504802732506
REACTOME_DNA_REPLICATION,-1.2714150965711348,1.8212480074259088,-3.092663103997044
REACTOME_DNA_REPLICATION_PRE_INITIATION,1.6407853447471321,2.045200842004518,-0.4044154972573859
REACTOME_DNA_STRAND_ELONGATION,-2.1837594305914103,-1.4853546364610788,-0.6984047941303315
REACTOME_DOPAMINE_NEUROTRANSMITTER_RELEASE_CYCLE,1.6009082851996272,0.8810967922839894,0.7198114929156378
REACTOME_DOWNREGULATION_OF_ERBB2_ERBB3_SIGNALING,-1.076089222794362,-1.2158979583128557,0.13980873551849382
REACTOME_DOWNREGULATION_OF_ERBB2_SIGNALING,1.2208193061524648,1.2797415207849996,-0.058922214632534775
REACTOME_DOWNREGULATION_OF_SMAD2_3_SMAD4_TRANSCRIPTIONAL_ACTIVITY,1.2074487373571705,-1.0539886415888502,2.2614373789460207
REACTOME_DOWNREGULATION_OF_TGF_BETA_RECEPTOR_SIGNALING,1.7635461773264987,1.6745966086007857,0.08894956872571291
REACTOME_DOWNSTREAM_SIGNALING_EVENTS_OF_B_CELL_RECEPTOR_BCR,2.7652755653998806,3.0062178836975892,-0.24094231829770862
REACTOME_DOWNSTREAM_SIGNALING_OF_ACTIVATED_FGFR1,0.9985984243024107,0.8916865068702217,0.10691191743218909
REACTOME_DOWNSTREAM_SIGNALING_OF_ACTIVATED_FGFR2,1.1686632465419422,0.8779059676501614,0.2907572788917808
REACTOME_DOWNSTREAM_SIGNALING_OF_ACTIVATED_FGFR3,1.1434045009279081,0.8980149218018677,0.24538957912604042
REACTOME_DOWNSTREAM_SIGNALING_OF_ACTIVATED_FGFR4,1.038187850427565,0.8917859077338963,0.14640194269366869
REACTOME_DOWNSTREAM_SIGNAL_TRANSDUCTION,-0.9256930506192135,0.8736762480014435,-1.799369298620657
REACTOME_DOWNSTREAM_TCR_SIGNALING,2.3836519936369416,2.564261767435325,-0.1806097737983836
REACTOME_DRUG_ADME,1.0590566723864223,1.1988063191255465,-0.13974964673912416
REACTOME_DS_GAG_BIOSYNTHESIS,-0.8839134885070381,-1.5614644227887537,0.6775509342817156
REACTOME_DUAL_INCISION_IN_GG_NER,-1.5198787626536254,-1.20710178842289,-0.31277697423073536
REACTOME_DUAL_INCISION_IN_TC_NER,-1.5137986222162878,-0.9885625159778564,-0.5252361062384314
REACTOME_E2F_MEDIATED_REGULATION_OF_DNA_REPLICATION,-1.68540075877563,-1.7338913104961018,0.0484905517204719
REACTOME_E3_UBIQUITIN_LIGASES_UBIQUITINATE_TARGET_PROTEINS,1.0791493358148223,-1.0021892551662204,2.0813385909810425
REACTOME_EARLY_PHASE_OF_HIV_LIFE_CYCLE,1.7294686694915795,2.148116031582243,-0.41864736209066344
REACTOME_EARLY_SARS_COV_2_INFECTION_EVENTS,1.0437476237608105,-1.008864987983404,2.0526126117442143
REACTOME_ECM_PROTEOGLYCANS,-1.2813799319687438,-1.5342254727283688,0.25284554075962506
REACTOME_EFFECTS_OF_PIP2_HYDROLYSIS,-1.031721937153496,-0.7152517954412777,-0.3164701417122183
REACTOME_EGFR_DOWNREGULATION,1.5836945636142299,1.4746428554108877,0.1090517082033422
REACTOME_EGR2_AND_SOX10_MEDIATED_INITIATION_OF_SCHWANN_CELL_MYELINATION,-1.3333216989954884,-1.1941466981760267,-0.13917500081946166
REACTOME_EICOSANOIDS,-0.584910784760145,0.4249126726676975,-1.0098234574278426
REACTOME_EICOSANOID_LIGAND_BINDING_RECEPTORS,-1.0813257464712258,-0.5325064371473036,-0.5488193093239222
REACTOME_ELASTIC_FIBRE_FORMATION,-1.0266059570115185,-1.5192642232118965,0.492658266200378
REACTOME_ELEVATION_OF_CYTOSOLIC_CA2_LEVELS,-1.0414597486044601,-0.7948430155152981,-0.246616733089162
REACTOME_ENDOGENOUS_STEROLS,-0.8243663128297908,-0.7741815901213888,-0.05018472270840202
REACTOME_ENDOSOMAL_SORTING_COMPLEX_REQUIRED_FOR_TRANSPORT_ESCRT,1.2165217488917706,1.1925796202122767,0.023942128679493857
REACTOME_ENDOSOMAL_VACUOLAR_PATHWAY,-1.4116361835255986,-0.9769238660951498,-0.4347123174304488
REACTOME_ENERGY_DEPENDENT_REGULATION_OF_MTOR_BY_LKB1_AMPK,-1.5038317895800155,-1.3701221602928506,-0.1337096292871649
REACTOME_ENOS_ACTIVATION,-0.7822416806106804,-0.7902704183020831,0.008028737691402665
REACTOME_ENTEROBACTERIAL_FACTORS_ANTAGONIZE_HOST_DEFENSE,0.9636029711374687,0.8443776076567665,0.11922536348070223
REACTOME_EPHA_MEDIATED_GROWTH_CONE_COLLAPSE,1.1431158388786813,1.2488066290790911,-0.10569079020040983
REACTOME_EPHB_MEDIATED_FORWARD_SIGNALING,2.31655562438905,2.303300708044777,0.013254916344272782
REACTOME_EPHRIN_SIGNALING,-0.9999397395960932,-1.6681760056891672,0.6682362660930741
REACTOME_EPH_EPHRIN_MEDIATED_REPULSION_OF_CELLS,1.3120026017878603,1.1748478159554772,0.13715478583238316
REACTOME_EPH_EPHRIN_SIGNALING,2.1618882152435033,2.040793574404023,0.1210946408394804
REACTOME_EPIGENETIC_REGULATION_BY_WDR5_CONTAINING_HISTONE_MODIFYING_COMPLEXES,-1.0912056169045217,-0.7679246498409948,-0.3232809670635268
REACTOME_EPIGENETIC_REGULATION_OF_GENE_EXPRESSION,-0.91278016799568,1.0254431332509784,-1.9382233012466583
REACTOME_EPIGENETIC_REGULATION_OF_GENE_EXPRESSION_BY_MLL3_AND_MLL4_COMPLEXES,-1.28295515676758,-1.0003044008018687,-0.28265075596571143
REACTOME_ERBB2_ACTIVATES_PTK6_SIGNALING,0.9043271755198065,0.9526725889517854,-0.048345413431978956
REACTOME_ERBB2_REGULATES_CELL_MOTILITY,1.5585272772038492,1.763279949315281,-0.2047526721114319
REACTOME_ERCC6_CSB_AND_EHMT2_G9A_POSITIVELY_REGULATE_RRNA_EXPRESSION,-0.8194172394759068,1.142069286094118,-1.9614865255700247
REACTOME_ERKS_ARE_INACTIVATED,1.0070472687478647,-0.8077938587880699,1.8148411275359346
REACTOME_ERK_MAPK_TARGETS,1.0307141934475408,-0.9876914253392846,2.0184056187868253
REACTOME_ERYTHROCYTES_TAKE_UP_CARBON_DIOXIDE_AND_RELEASE_OXYGEN,-1.7218506004289655,-1.4779057072975292,-0.2439448931314363
REACTOME_ERYTHROPOIETIN_ACTIVATES_PHOSPHOINOSITIDE_3_KINASE_PI3K,-1.0883617756259742,-1.1041128984286797,0.01575112280270541
REACTOME_ERYTHROPOIETIN_ACTIVATES_RAS,1.2289684126198388,1.200179826909936,0.028788585709902836
REACTOME_ER_QUALITY_CONTROL_COMPARTMENT_ERQC,-0.991226811249855,-1.3490186724932978,0.35779186124344275
REACTOME_ER_TO_GOLGI_ANTEROGRADE_TRANSPORT,1.652587161469501,1.7052690001880078,-0.052681838718506846
REACTOME_ESR_MEDIATED_SIGNALING,1.1066272337911907,1.3187678484349021,-0.21214061464371148
REACTOME_ESTABLISHMENT_OF_SISTER_CHROMATID_COHESION,-1.466048628729305,-1.2841893033607847,-0.18185932536852034
REACTOME_ESTROGEN_DEPENDENT_GENE_EXPRESSION,-0.7991491210043011,1.260691561142688,-2.059840682146989
REACTOME_ESTROGEN_DEPENDENT_NUCLEAR_EVENTS_DOWNSTREAM_OF_ESR_MEMBRANE_SIGNALING,1.4789220283609728,1.4058292310859895,0.0730927972749833
REACTOME_ETHANOL_OXIDATION,-0.8922307834926182,-1.070042146660617,0.17781136316799873
REACTOME_EUKARYOTIC_TRANSLATION_ELONGATION,-2.1696613184340747,-2.168023859374404,-0.0016374590596708316
REACTOME_EUKARYOTIC_TRANSLATION_INITIATION,-1.7558141913055512,-1.735971302542006,-0.01984288876354512
REACTOME_EVASION_BY_RSV_OF_HOST_INTERFERON_RESPONSES,-0.8299438964765214,-1.016987853448351,0.18704395697182952
REACTOME_EXPORT_OF_VIRAL_RIBONUCLEOPROTEINS_FROM_NUCLEUS,1.4084886279155466,1.505196175173841,-0.09670754725829434
REACTOME_EXPRESSION_OF_BMAL_ARNTL_CLOCK_AND_NPAS2,-0.9882541050336194,-0.5788804576580079,-0.40937364737561155
REACTOME_EXTENSION_OF_TELOMERES,-1.900803409137242,-1.5023547264811643,-0.3984486826560778
REACTOME_EXTRACELLULAR_MATRIX_ORGANIZATION,1.368134214714731,-1.231134536895225,2.599268751609956
REACTOME_EXTRA_NUCLEAR_ESTROGEN_SIGNALING,1.2456124063471061,1.2222454322603997,0.023366974086706405
REACTOME_FACTORS_INVOLVED_IN_MEGAKARYOCYTE_DEVELOPMENT_AND_PLATELET_PRODUCTION,-1.0938219934538074,-1.0644477345000378,-0.02937425895376955
REACTOME_FANCONI_ANEMIA_PATHWAY,-1.5742836998654055,-1.5692420869185102,-0.005041612946895313
REACTOME_FATTY_ACIDS,0.8206182548010754,0.9582958917937883,-0.13767763699271285
REACTOME_FATTY_ACID_METABOLISM,-1.0542794330967689,-0.8961343313244394,-0.15814510177232943
REACTOME_FATTY_ACYL_COA_BIOSYNTHESIS,-0.7732198011446927,0.9075099521459217,-1.6807297532906142
REACTOME_FBXL7_DOWN_REGULATES_AURKA_DURING_MITOTIC_ENTRY_AND_IN_EARLY_MITOSIS,2.779662302537664,3.0191664056055574,-0.2395041030678935
REACTOME_FCERI_MEDIATED_CA_2_MOBILIZATION,-1.0783055801432404,1.3988259548409177,-2.4771315349841583
REACTOME_FCERI_MEDIATED_MAPK_ACTIVATION,-1.0601372996185259,1.5145924465467007,-2.5747297461652265
REACTOME_FCERI_MEDIATED_NF_KB_ACTIVATION,2.038383357572451,2.593085495986767,-0.5547021384143163
REACTOME_FCGAMMA_RECEPTOR_FCGR_DEPENDENT_PHAGOCYTOSIS,1.747456897484876,2.225010363378563,-0.47755346589368686
REACTOME_FCGR3A_MEDIATED_IL10_SYNTHESIS,-0.9116316263222152,1.6006689445495872,-2.5123005708718025
REACTOME_FCGR_ACTIVATION,-1.1776682647591088,1.7767486851806706,-2.9544169499397794
REACTOME_FC_EPSILON_RECEPTOR_FCERI_SIGNALING,1.762048013229081,2.228205060419442,-0.4661570471903609
REACTOME_FERTILIZATION,-0.7115441980885454,-0.9167977776073459,0.20525357951880052
REACTOME_FGFR1C_LIGAND_BINDING_AND_ACTIVATION,0.9213791162532786,-1.2440737878340151,2.1654529040872936
REACTOME_FGFR1_LIGAND_BINDING_AND_ACTIVATION,-0.551784674799814,-1.0439390391140977,0.4921543643142837
REACTOME_FGFR1_MUTANT_RECEPTOR_ACTIVATION,1.1070562608008494,0.8521759400482085,0.2548803207526409
REACTOME_FGFR2B_LIGAND_BINDING_AND_ACTIVATION,-0.9128655856511713,-0.9431011785180009,0.03023559286682964
REACTOME_FGFR2_ALTERNATIVE_SPLICING,-0.8561106380790676,1.1423939078054421,-1.9985045458845097
REACTOME_FGFR2_LIGAND_BINDING_AND_ACTIVATION,0.7783325915304533,-0.9838753688241679,1.7622079603546212
REACTOME_FGFR2_MUTANT_RECEPTOR_ACTIVATION,-1.012800122709282,0.8950708166552952,-1.9078709393645772
REACTOME_FGFR3_LIGAND_BINDING_AND_ACTIVATION,0.743640206471159,-1.2657995970573561,2.0094398035285153
REACTOME_FGFRL1_MODULATION_OF_FGFR1_SIGNALING,0.6631669300265416,-1.1124370352130777,1.7756039652396192
REACTOME_FIBRONECTIN_MATRIX_FORMATION,-1.40084355075209,-1.6514007158113342,0.2505571650592442
REACTOME_FLT3_SIGNALING,1.249794382678066,1.2433921178184872,0.006402264859578732
REACTOME_FLT3_SIGNALING_IN_DISEASE,1.0345131009254418,1.1215835131594436,-0.0870704122340018
REACTOME_FOLDING_OF_ACTIN_BY_CCT_TRIC,2.202983828225705,2.2150309105515036,-0.012047082325798542
REACTOME_FORMATION_OF_APOPTOSOME,-1.030693825581134,-1.250589430301634,0.21989560472050007
REACTOME_FORMATION_OF_ATP_BY_CHEMIOSMOTIC_COUPLING,1.6948247728587436,1.8305681566660101,-0.13574338380726658
REACTOME_FORMATION_OF_AXIAL_MESODERM,1.1059724152461388,1.1043271539273876,0.001645261318751201
REACTOME_FORMATION_OF_DEFINITIVE_ENDODERM,-0.6864262860462024,1.8732807052589406,-2.559706991305143
REACTOME_FORMATION_OF_FIBRIN_CLOT_CLOTTING_CASCADE,1.2454914082343813,1.0852970126641732,0.1601943955702081
REACTOME_FORMATION_OF_INCISION_COMPLEX_IN_GG_NER,-0.9552156636733536,1.367027025945678,-2.322242689619032
REACTOME_FORMATION_OF_NEURONAL_PROGENITOR_AND_NEURONAL_BAF_NPBAF_AND_NBAF,0.9925555837840918,1.0965913605859101,-0.1040357768018183
REACTOME_FORMATION_OF_PARAXIAL_MESODERM,2.785980520571579,2.9324516213150256,-0.1464711007434465
REACTOME_FORMATION_OF_RNA_POL_II_ELONGATION_COMPLEX,1.2726489715396214,1.4153040950504685,-0.14265512351084708
REACTOME_FORMATION_OF_SENESCENCE_ASSOCIATED_HETEROCHROMATIN_FOCI_SAHF,-1.1540276781697765,1.1064908316888136,-2.2605185098585903
REACTOME_FORMATION_OF_TC_NER_PRE_INCISION_COMPLEX,-1.0254736296369154,1.400580645123231,-2.4260542747601463
REACTOME_FORMATION_OF_THE_ANTERIOR_NEURAL_PLATE,-1.083991292804872,-1.0529934195752173,-0.03099787322965475
REACTOME_FORMATION_OF_THE_BETA_CATENIN_TCF_TRANSACTIVATING_COMPLEX,-1.0041320731904169,-0.8867387725919169,-0.11739330059849995
REACTOME_FORMATION_OF_THE_CANONICAL_BAF_CBAF_COMPLEX,1.1823641494367114,1.2938581965688705,-0.11149404713215905
REACTOME_FORMATION_OF_THE_CORNIFIED_ENVELOPE,1.76683647767382,1.7316517363740918,0.03518474129972815
REACTOME_FORMATION_OF_THE_DYSTROPHIN_GLYCOPROTEIN_COMPLEX_DGC,-0.6793693427579778,-1.3736538214563525,0.6942844786983747
REACTOME_FORMATION_OF_THE_EARLY_ELONGATION_COMPLEX,-1.112324043709718,1.1329970912979235,-2.245321135007641
REACTOME_FORMATION_OF_THE_EMBRYONIC_STEM_CELL_BAF_ESBAF_COMPLEX,1.0773689017721788,1.219885553418064,-0.14251665164588512
REACTOME_FORMATION_OF_THE_NEPHRIC_DUCT,1.1891239313091149,1.7037443910639192,-0.5146204597548043
REACTOME_FORMATION_OF_THE_NON_CANONICAL_BAF_NCBAF_COMPLEX,0.8887027496602382,-0.7876575096053784,1.6763602592656166
REACTOME_FORMATION_OF_THE_POLYBROMO_BAF_PBAF_COMPLEX,1.1156157777748066,1.1546680244319707,-0.039052246657164114
REACTOME_FORMATION_OF_THE_URETERIC_BUD,1.1589122439088522,1.401658015419952,-0.24274577151109988
REACTOME_FORMATION_OF_TUBULIN_FOLDING_INTERMEDIATES_BY_CCT_TRIC,1.9489205398013578,2.09944981659651,-0.15052927679515204
REACTOME_FORMATION_OF_WDR5_CONTAINING_HISTONE_MODIFYING_COMPLEXES,1.0009841685958525,1.138072869271162,-0.13708870067530943
REACTOME_FOXO_MEDIATED_TRANSCRIPTION,1.528186928956477,1.49081168030785,0.03737524864862696
REACTOME_FOXO_MEDIATED_TRANSCRIPTION_OF_CELL_CYCLE_GENES,0.7668261045170779,-0.6240443516582775,1.3908704561753553
REACTOME_FOXO_MEDIATED_TRANSCRIPTION_OF_CELL_DEATH_GENES,-1.2987965534855894,-1.2226053080136288,-0.07619124547196066
REACTOME_FOXO_MEDIATED_TRANSCRIPTION_OF_OXIDATIVE_STRESS_METABOLIC_AND_NEURONAL_GENES,1.4417067394058882,1.4247134635293561,0.0169932758765321
REACTOME_FREE_FATTY_ACIDS_REGULATE_INSULIN_SECRETION,1.0193992284389308,0.9106012934843635,0.10879793495456735
REACTOME_FRS_MEDIATED_FGFR1_SIGNALING,1.1532798680663452,1.199328078996093,-0.04604821092974776
REACTOME_FRS_MEDIATED_FGFR2_SIGNALING,1.2421963540282526,0.992340183996823,0.24985617003142957
REACTOME_FRS_MEDIATED_FGFR3_SIGNALING,1.2208574114455362,0.9956955607057871,0.22516185073974904
REACTOME_FRS_MEDIATED_FGFR4_SIGNALING,1.1617600332335074,0.9920224278324951,0.16973760540101235
REACTOME_G0_AND_EARLY_G1,-1.9296264967238155,-1.8930447772006327,-0.03658171952318279
REACTOME_G1_S_DNA_DAMAGE_CHECKPOINTS,2.4543732394315203,2.5734161495571333,-0.11904291012561297
REACTOME_G1_S_SPECIFIC_TRANSCRIPTION,-1.7323060755589723,-1.7553894932244194,0.02308341766544708
REACTOME_G2_M_CHECKPOINTS,1.6783261190553096,2.1231065050768665,-0.4447803860215569
REACTOME_G2_M_DNA_DAMAGE_CHECKPOINT,-1.4232146001109935,-1.0208045868838715,-0.402410013227122
REACTOME_GAB1_SIGNALOSOME,1.362728171276388,1.5223843653311346,-0.15965619405474674
REACTOME_GABA_B_RECEPTOR_ACTIVATION,1.0603879435294723,-0.9733970545170652,2.0337849980465377
REACTOME_GABA_RECEPTOR_ACTIVATION,1.1309533193538572,-1.1197187393413324,2.25067205869519
REACTOME_GABA_SYNTHESIS_RELEASE_REUPTAKE_AND_DEGRADATION,1.9092839448390115,1.4038641948242019,0.5054197500148097
REACTOME_GAMMA_CARBOXYLATION_HYPUSINYLATION_HYDROXYLATION_AND_ARYLSULFATASE_ACTIVATION,-1.3243407804845262,-1.1187342627701655,-0.20560651771436067
REACTOME_GAMMA_CARBOXYLATION_TRANSPORT_AND_AMINO_TERMINAL_CLEAVAGE_OF_PROTEINS,-1.5136571012213822,-1.1657506491793461,-0.3479064520420361
REACTOME_GAP_FILLING_DNA_REPAIR_SYNTHESIS_AND_LIGATION_IN_GG_NER,-1.7067912868892217,-1.3955244245237446,-0.31126686236547707
REACTOME_GAP_JUNCTION_ASSEMBLY,1.5873850087114718,1.3145006269396828,0.272884381771789
REACTOME_GAP_JUNCTION_DEGRADATION,2.1493493041447436,1.974168191712454,0.1751811124322895
REACTOME_GAP_JUNCTION_TRAFFICKING_AND_REGULATION,2.0157826642018177,1.838233401777644,0.17754926242417368
REACTOME_GASTRIN_CREB_SIGNALLING_PATHWAY_VIA_PKC_AND_MAPK,-0.9710746353086103,0.9685485089490358,-1.939623144257646
REACTOME_GASTRULATION,2.304018155194996,2.7520177262397474,-0.4479995710447513
REACTOME_GBP_MEDIATED_HOST_DEFENSE,0.9545909286450656,1.2414025171997816,-0.286811588554716
REACTOME_GENERATION_OF_SECOND_MESSENGER_MOLECULES,-1.1049798261214947,0.6082424550781009,-1.7132222811995956
REACTOME_GENE_AND_PROTEIN_EXPRESSION_BY_JAK_STAT_SIGNALING_AFTER_INTERLEUKIN_12_STIMULATION,1.842386856819763,1.9835529261223093,-0.14116606930254627
REACTOME_GENE_SILENCING_BY_RNA,-1.0889047547825639,0.9869066664761886,-2.0758114212587526
REACTOME_GERM_LAYER_FORMATION_AT_GASTRULATION,0.9697757781262945,1.1217007839066304,-0.15192500578033596
REACTOME_GLOBAL_GENOME_NUCLEOTIDE_EXCISION_REPAIR_GG_NER,-1.2212316501194744,-1.0100358993271479,-0.21119575079232655
REACTOME_GLUCAGON_LIKE_PEPTIDE_1_GLP1_REGULATES_INSULIN_SECRETION,1.4849858194230419,1.291561359193559,0.1934244602294828
REACTOME_GLUCAGON_SIGNALING_IN_METABOLIC_REGULATION,1.474105469788758,1.3812068520013145,0.09289861778744335
REACTOME_GLUCAGON_TYPE_LIGAND_RECEPTORS,1.4655094313980495,1.0998254640683336,0.36568396732971586
REACTOME_GLUCOCORTICOID_BIOSYNTHESIS,1.0141343852778881,1.6732212503761867,-0.6590868650982986
REACTOME_GLUCONEOGENESIS,2.0519230602348966,2.582228407172301,-0.5303053469374044
REACTOME_GLUCOSE_METABOLISM,2.054546171974289,2.2942013967490436,-0.23965522477475476
REACTOME_GLUCURONIDATION,1.0922611829733346,-0.6457810800228518,1.7380422629961865
REACTOME_GLUTAMATE_AND_GLUTAMINE_METABOLISM,1.1206869564229744,-1.143452990482151,2.2641399469051255
REACTOME_GLUTAMATE_NEUROTRANSMITTER_RELEASE_CYCLE,1.650563482478912,1.295289035011297,0.35527444746761483
REACTOME_GLUTATHIONE_CONJUGATION,-1.4276182368868575,-1.3709426240996918,-0.05667561278716571
REACTOME_GLUTATHIONE_SYNTHESIS_AND_RECYCLING,-1.4151733046249222,-1.4664412593511928,0.05126795472627066
REACTOME_GLYCEROPHOSPHOLIPID_BIOSYNTHESIS,-0.8494500855091529,-1.380850698570273,0.5314006130611202
REACTOME_GLYCOGEN_BREAKDOWN_GLYCOGENOLYSIS,0.9984364073547213,-0.9920614112186208,1.990497818573342
REACTOME_GLYCOGEN_METABOLISM,1.55838376530531,1.3442345076463826,0.21414925765892745
REACTOME_GLYCOGEN_STORAGE_DISEASES,1.5170017722726168,1.5508316765501793,-0.033829904277562495
REACTOME_GLYCOGEN_SYNTHESIS,1.6772167106664477,1.4607944788954614,0.2164222317709863
REACTOME_GLYCOSAMINOGLYCAN_METABOLISM,-0.8430436947866451,-1.4957852308032977,0.6527415360166526
REACTOME_GLYCOSAMINOGLYCAN_PROTEIN_LINKAGE_REGION_BIOSYNTHESIS,1.1662737156313108,-1.583319264530705,2.749592980162016
REACTOME_GLYCOSPHINGOLIPID_BIOSYNTHESIS,-1.4475005538771448,-1.1777849661271667,-0.26971558774997817
REACTOME_GLYCOSPHINGOLIPID_CATABOLISM,1.3894184401802203,1.4173956507325836,-0.02797721055236324
REACTOME_GLYCOSPHINGOLIPID_METABOLISM,-0.9624084973331183,1.1001713904044448,-2.062579887737563
REACTOME_GLYOXYLATE_METABOLISM_AND_GLYCINE_DEGRADATION,1.1823822554709653,1.3786792261658372,-0.19629697069487184
REACTOME_GOLGI_ASSOCIATED_VESICLE_BIOGENESIS,1.0807449240884988,1.2137731873039543,-0.13302826321545558
REACTOME_GOLGI_CISTERNAE_PERICENTRIOLAR_STACK_REORGANIZATION,-1.5866325887283552,-1.3987227315789201,-0.1879098571494351
REACTOME_GOLGI_TO_ER_RETROGRADE_TRANSPORT,1.5806968460485074,-1.1689101834128033,2.749607029461311
REACTOME_GP1B_IX_V_ACTIVATION_SIGNALLING,-1.1110200200966807,-1.083682232096897,-0.02733778799978359
REACTOME_GPCR_LIGAND_BINDING,-1.0363507877923057,1.007645269258954,-2.0439960570512596
REACTOME_GPER1_SIGNALING,1.1944841622086588,-0.8836221762661416,2.0781063384748
REACTOME_GPVI_MEDIATED_ACTIVATION_CASCADE,-1.1758424739405242,-0.944454475816351,-0.2313879981241732
REACTOME_GRB2_EVENTS_IN_ERBB2_SIGNALING,1.5415334647850802,1.7806104321979275,-0.23907696741284723
REACTOME_GRB2_SOS_PROVIDES_LINKAGE_TO_MAPK_SIGNALING_FOR_INTEGRINS,1.1536819209087155,1.2908816236120872,-0.13719970270337178
REACTOME_GROWTH_HORMONE_RECEPTOR_SIGNALING,-0.6180603138776242,0.7980656672725079,-1.416125981150132
REACTOME_GSK3B_MEDIATED_PROTEASOMAL_DEGRADATION_OF_PD_L1_CD274,2.743899326698881,3.002247253910592,-0.25834792721171107
REACTOME_G_ALPHA_12_13_SIGNALLING_EVENTS,-0.9826499547317351,-1.3671945568812502,0.38454460214951514
REACTOME_G_ALPHA_I_SIGNALLING_EVENTS,-0.8599433843861793,-0.7584340086537903,-0.10150937573238905
REACTOME_G_ALPHA_Q_SIGNALLING_EVENTS,-1.0977228802922738,-0.7983605243603235,-0.2993623559319504
REACTOME_G_ALPHA_S_SIGNALLING_EVENTS,0.9271681797062742,1.0978959310466918,-0.17072775134041762
REACTOME_G_ALPHA_Z_SIGNALLING_EVENTS,1.1141095588846892,-1.130213866304113,2.244323425188802
REACTOME_G_BETA_GAMMA_SIGNALLING_THROUGH_CDC42,-0.9410195024061819,-1.19721565489053,0.256196152484348
REACTOME_G_BETA_GAMMA_SIGNALLING_THROUGH_PI3KGAMMA,1.1346533851773226,-0.7973520479186309,1.9320054330959535
REACTOME_G_PROTEIN_ACTIVATION,1.0146198444198324,-0.8138514019971127,1.828471246416945
REACTOME_G_PROTEIN_BETA_GAMMA_SIGNALLING,1.2061205985182544,-0.8663901354513165,2.0725107339695708
REACTOME_G_PROTEIN_MEDIATED_EVENTS,1.0718919457359022,-0.8250817291652652,1.8969736749011674
REACTOME_HATS_ACETYLATE_HISTONES,-0.8790182022554985,1.0965004335084483,-1.975518635763947
REACTOME_HCMV_EARLY_EVENTS,1.2681054518182535,1.5324786806685842,-0.26437322885033065
REACTOME_HCMV_INFECTION,1.3709793001585304,1.5869846134395886,-0.2160053132810582
REACTOME_HCMV_LATE_EVENTS,-0.8702089192339736,1.1140536057033747,-1.9842625249373484
REACTOME_HDACS_DEACETYLATE_HISTONES,-1.0358232929661035,0.9476042105245251,-1.9834275034906286
REACTOME_HDL_REMODELING,-1.5507035384574894,-1.1980557451306557,-0.3526477933268337
REACTOME_HDMS_DEMETHYLATE_HISTONES,0.6277260000616417,-0.857714077321283,1.4854400773829246
REACTOME_HDR_THROUGH_HOMOLOGOUS_RECOMBINATION_HRR,-2.0919345935468106,-1.6128666128041245,-0.4790679807426861
REACTOME_HDR_THROUGH_MMEJ_ALT_NHEJ,-1.3337475848268598,-1.131653114523202,-0.2020944703036578
REACTOME_HDR_THROUGH_SINGLE_STRAND_ANNEALING_SSA,-1.6900693127728088,-1.376701518765461,-0.3133677940073478
REACTOME_HEDGEHOG_LIGAND_BIOGENESIS,2.902510696262021,3.0446843962309984,-0.14217369996897755
REACTOME_HEDGEHOG_OFF_STATE,2.634148085503331,2.6163403065535653,0.017807778949765485
REACTOME_HEDGEHOG_ON_STATE,2.4468354641094225,2.6440272808283085,-0.19719181671888597
REACTOME_HEME_BIOSYNTHESIS,-1.1342442592402648,-1.2490567244382749,0.11481246519801003
REACTOME_HEME_DEGRADATION,-0.7720075417145177,-0.616016599874666,-0.15599094183985174
REACTOME_HEME_SIGNALING,-1.0817039624410976,0.7892241115323531,-1.8709280739734506
REACTOME_HEMOSTASIS,1.4760789146994464,1.6686987485023248,-0.1926198338028784
REACTOME_HEPARAN_SULFATE_HEPARIN_HS_GAG_METABOLISM,-0.8769824744207921,-1.5099197570740406,0.6329372826532484
REACTOME_HH_MUTANTS_ABROGATE_LIGAND_SECRETION,2.8558940132556425,3.0354783225900874,-0.1795843093344449
REACTOME_HIGH_LAMINAR_FLOW_SHEAR_STRESS_ACTIVATES_SIGNALING_BY_PIEZO1_AND_PECAM1_CDH5_KDR_IN_ENDOTHELIAL_CELLS,1.400480397689177,1.2281992694112138,0.17228112827796327
REACTOME_HIV_ELONGATION_ARREST_AND_RECOVERY,1.2803102929831283,1.6868714158114781,-0.4065611228283499
REACTOME_HIV_INFECTION,2.240943749648665,2.5525916832868547,-0.31164793363818966
REACTOME_HIV_LIFE_CYCLE,1.4776362581402591,1.7263561697337872,-0.24871991159352813
REACTOME_HIV_TRANSCRIPTION_ELONGATION,1.0692886778720525,1.4590697630248148,-0.38978108515276233
REACTOME_HIV_TRANSCRIPTION_INITIATION,-1.295910783409861,-0.8773188556592418,-0.41859192775061926
REACTOME_HOMOLOGOUS_DNA_PAIRING_AND_STRAND_EXCHANGE,-1.9781551406373614,-1.5395467889418197,-0.4386083516955417
REACTOME_HOMOLOGY_DIRECTED_REPAIR,-1.9610820099308466,-1.4694249357088944,-0.49165707422195215
REACTOME_HORMONE_LIGAND_BINDING_RECEPTORS,-0.8895471249737232,-0.4979798154187491,-0.39156730955497415
REACTOME_HOST_INTERACTIONS_OF_HIV_FACTORS,2.6744452220345614,2.9872048060417873,-0.3127595840072259
REACTOME_HSF1_ACTIVATION,1.4864508647872645,1.4903991913406323,-0.0039483265533677425
REACTOME_HSF1_DEPENDENT_TRANSACTIVATION,1.1873049068810324,1.1016056499105253,0.08569925697050707
REACTOME_HSP90_CHAPERONE_CYCLE_FOR_STEROID_HORMONE_RECEPTORS_SHR_IN_THE_PRESENCE_OF_LIGAND,2.295127738423516,2.3872444451624912,-0.09211670673897521
REACTOME_HS_GAG_BIOSYNTHESIS,0.8687593141553357,-1.4057129137017081,2.2744722278570437
REACTOME_HS_GAG_DEGRADATION,1.172871704037161,-1.5043701769038416,2.6772418809410023
REACTOME_HYALURONAN_DEGRADATION,1.138109273829886,-0.9998735964215865,2.1379828702514723
REACTOME_HYALURONAN_METABOLISM,1.098967334045201,-0.9122684573672769,2.011235791412478
REACTOME_IKK_COMPLEX_RECRUITMENT_MEDIATED_BY_RIP1,-0.9019756792382713,-1.061070897364991,0.15909521812671967
REACTOME_IL_6_TYPE_CYTOKINE_RECEPTOR_LIGAND_INTERACTIONS,-1.2210958509832617,-1.4071178515327105,0.18602200054944884
REACTOME_IMMUNOREGULATORY_INTERACTIONS_BETWEEN_A_LYMPHOID_AND_A_NON_LYMPHOID_CELL,-1.5175566246156829,1.2309807470629177,-2.7485373716786006
REACTOME_INACTIVATION_OF_CSF3_G_CSF_SIGNALING,-0.89705148151797,-0.8733955818258619,-0.02365589969210813
REACTOME_INCRETIN_SYNTHESIS_SECRETION_AND_INACTIVATION,-1.180602453771408,-1.0322057854538649,-0.14839666831754306
REACTOME_INDUCTION_OF_CELL_CELL_FUSION,0.8585109894963826,-0.7489222315162449,1.6074332210126276
REACTOME_INFECTION_WITH_ENTEROBACTERIA,-0.8892829703230073,-1.0519469079333952,0.1626639376103879
REACTOME_INFECTION_WITH_MYCOBACTERIUM_TUBERCULOSIS,1.9160805682967954,1.775091269656455,0.1409892986403405
REACTOME_INFECTIOUS_DISEASE,1.0,1.0,0.0
REACTOME_INFLAMMASOMES,1.2159979149120903,1.3295143443019966,-0.11351642938990625
REACTOME_INFLUENZA_INFECTION,-1.287830858830627,-1.243821918445533,-0.044008940385094064
REACTOME_INFLUENZA_VIRAL_RNA_TRANSCRIPTION_AND_REPLICATION,-1.6631178278250052,-1.581377468217532,-0.08174035960747328
REACTOME_INHIBITION_OF_DNA_RECOMBINATION_AT_TELOMERE,-1.317335819504813,-0.8964835806195571,-0.4208522388852559
REACTOME_INHIBITION_OF_REPLICATION_INITIATION_OF_DAMAGED_DNA_BY_RB1_E2F1,-1.5153577166098284,-1.4289322859586144,-0.086425430651214
REACTOME_INHIBITION_OF_THE_PROTEOLYTIC_ACTIVITY_OF_APC_C_REQUIRED_FOR_THE_ONSET_OF_ANAPHASE_BY_MITOTIC_SPINDLE_CHECKPOINT_COMPONENTS,-1.828392324177898,-2.125197850998671,0.296805526820773
REACTOME_INITIAL_TRIGGERING_OF_COMPLEMENT,-1.2252046083008417,1.6139693380892643,-2.839173946390106
REACTOME_INITIATION_OF_NUCLEAR_ENVELOPE_NE_REFORMATION,1.2034390486477449,1.2723299380183,-0.0688908893705551
REACTOME_INLB_MEDIATED_ENTRY_OF_LISTERIA_MONOCYTOGENES_INTO_HOST_CELL,1.6662827082912264,1.4466986452883148,0.21958406300291156
REACTOME_INNATE_IMMUNE_SYSTEM,1.7837879537811905,1.9209171693004006,-0.1371292155192101
REACTOME_INOSITOL_PHOSPHATE_METABOLISM,0.7309359325858459,-0.836770187507937,1.5677061200937827
REACTOME_INSERTION_OF_TAIL_ANCHORED_PROTEINS_INTO_THE_ENDOPLASMIC_RETICULUM_MEMBRANE,1.7013629082785147,1.670088006872266,0.031274901406248556
REACTOME_INSULIN_PROCESSING,1.4802932432509615,1.4261926448450644,0.05410059840589709
REACTOME_INSULIN_RECEPTOR_RECYCLING,2.035034569733102,1.6205548865784938,0.41447968315460826
REACTOME_INSULIN_RECEPTOR_SIGNALLING_CASCADE,-0.755465250414803,-1.0846868175991407,0.3292215671843377
REACTOME_INTEGRATION_OF_ENERGY_METABOLISM,1.6499827334306807,1.4660135934415044,0.1839691399891763
REACTOME_INTEGRIN_CELL_SURFACE_INTERACTIONS,-1.2404254919101643,-1.2001982630227683,-0.04022722888739594
REACTOME_INTEGRIN_SIGNALING,1.2062081318981117,1.337842639685665,-0.13163450778755337
REACTOME_INTERACTIONS_OF_REV_WITH_HOST_CELLULAR_PROTEINS,1.7155762778085315,1.8359029026555085,-0.12032662484697698
REACTOME_INTERACTIONS_OF_VPR_WITH_HOST_CELLULAR_PROTEINS,1.1877652010390212,1.3437254653829898,-0.1559602643439686
REACTOME_INTERACTION_BETWEEN_L1_AND_ANKYRINS,2.034275503773966,1.5000035224565136,0.5342719813174526
REACTOME_INTERACTION_WITH_CUMULUS_CELLS_AND_THE_ZONA_PELLUCIDA,-0.5642098247838118,-0.7995873628309346,0.2353775380471228
REACTOME_INTERCONVERSION_OF_NUCLEOTIDE_DI_AND_TRIPHOSPHATES,1.338108465362313,1.3831020452565388,-0.04499357989422581
REACTOME_INTERFERON_ALPHA_BETA_SIGNALING,-1.1389984302196998,-0.6503812531491543,-0.4886171770705455
REACTOME_INTERFERON_GAMMA_SIGNALING,-1.3527178463852967,-0.9264750854837666,-0.4262427609015301
REACTOME_INTERFERON_SIGNALING,-1.0399282381018546,-0.8987321158552755,-0.14119612224657918
REACTOME_INTERLEUKIN_10_SIGNALING,0.8202861446218191,0.6356474367432025,0.1846387078786167
REACTOME_INTERLEUKIN_12_FAMILY_SIGNALING,1.8048215385922575,2.012494047198864,-0.2076725086066067
REACTOME_INTERLEUKIN_12_SIGNALING,1.8215875188773893,1.9772199951627782,-0.1556324762853889
REACTOME_INTERLEUKIN_15_SIGNALING,-0.7318438132202758,1.1998070882577956,-1.9316509014780714
REACTOME_INTERLEUKIN_17_SIGNALING,1.1688871756292558,-0.9302986093331811,2.0991857849624367
REACTOME_INTERLEUKIN_1_FAMILY_SIGNALING,2.060720901488589,2.237281953579725,-0.17656105209113582
REACTOME_INTERLEUKIN_1_SIGNALING,2.308108504762323,2.396853397470367,-0.08874489270804409
REACTOME_INTERLEUKIN_20_FAMILY_SIGNALING,-0.9688877404458067,-0.8239707718721099,-0.14491696857369685
REACTOME_INTERLEUKIN_27_SIGNALING,0.7415612468275384,0.9650370967825688,-0.22347584995503034
REACTOME_INTERLEUKIN_2_FAMILY_SIGNALING,-0.8428351311883171,0.8944799460423363,-1.7373150772306534
REACTOME_INTERLEUKIN_2_SIGNALING,-1.107825376845768,-0.9777283796646026,-0.1300969971811654
REACTOME_INTERLEUKIN_35_SIGNALLING,0.7475588152398098,1.0461672888687252,-0.2986084736289154
REACTOME_INTERLEUKIN_37_SIGNALING,-0.7845796435446446,-0.6056738262060026,-0.17890581733864197
REACTOME_INTERLEUKIN_3_INTERLEUKIN_5_AND_GM_CSF_SIGNALING,1.0487000444695118,1.0559389312529173,-0.0072388867834054516
REACTOME_INTERLEUKIN_4_AND_INTERLEUKIN_13_SIGNALING,1.4096420984524713,1.319306469565026,0.09033562888744529
REACTOME_INTERLEUKIN_6_FAMILY_SIGNALING,-1.0493452481974643,-1.1566725943040044,0.10732734610654004
REACTOME_INTERLEUKIN_6_SIGNALING,-0.828105459756302,-0.7653393689397553,-0.06276609081654672
REACTOME_INTERLEUKIN_7_SIGNALING,-0.8602824459216392,0.7426525820665373,-1.6029350279881764
REACTOME_INTERLEUKIN_RECEPTOR_SHC_SIGNALING,0.9667885160553312,1.0343552913156737,-0.0675667752603425
REACTOME_INTRACELLULAR_SIGNALING_BY_SECOND_MESSENGERS,1.6378478508004062,1.560706802554811,0.0771410482455952
REACTOME_INTRAFLAGELLAR_TRANSPORT,-0.744544835856696,-1.146270441581331,0.401725605724635
REACTOME_INTRA_GOLGI_AND_RETROGRADE_GOLGI_TO_ER_TRAFFIC,1.4018397757145697,-1.016591048863301,2.4184308245778707
REACTOME_INTRA_GOLGI_TRAFFIC,-0.7496519558719614,-0.7514128191879872,0.0017608633160257625
REACTOME_INTRINSIC_PATHWAY_FOR_APOPTOSIS,1.100418280136318,1.2534589671353036,-0.15304068699898554
REACTOME_INTRINSIC_PATHWAY_OF_FIBRIN_CLOT_FORMATION,1.6380567960372987,1.3209803354969991,0.3170764605402996
REACTOME_INWARDLY_RECTIFYING_K_CHANNELS,1.0763241988586563,-1.0969912555045886,2.173315454363245
REACTOME_ION_CHANNEL_TRANSPORT,1.3343260719079464,-1.1476582750265445,2.4819843469344907
REACTOME_ION_HOMEOSTASIS,1.3451714123654221,-0.8994294230927378,2.2446008354581597
REACTOME_ION_TRANSPORT_BY_P_TYPE_ATPASES,1.487481156552471,-0.7919794484985191,2.27946060505099
REACTOME_IRAK1_RECRUITS_IKK_COMPLEX,0.9423046648377604,0.9392277917934626,0.003076873044297823
REACTOME_IRAK2_MEDIATED_ACTIVATION_OF_TAK1_COMPLEX,0.8882087480209786,-0.6925245903267125,1.5807333383476911
REACTOME_IRAK4_DEFICIENCY_TLR2_4,-1.1179873677032737,-0.7763784447536825,-0.3416089229495912
REACTOME_IRE1ALPHA_ACTIVATES_CHAPERONES,-1.0435760509621825,-1.3165736314296514,0.2729975804674689
REACTOME_IRF3_MEDIATED_INDUCTION_OF_TYPE_I_IFN,1.3645780828187088,1.5713281006358262,-0.20675001781711733
REACTOME_IRON_UPTAKE_AND_TRANSPORT,1.5381694777705028,1.3621342672621772,0.1760352105083256
REACTOME_IRS_MEDIATED_SIGNALLING,-0.6762126625168746,-1.0075902644109236,0.33137760189404897
REACTOME_ISG15_ANTIVIRAL_MECHANISM,1.2199984664515096,1.246884532148555,-0.026886065697045547
REACTOME_JNK_C_JUN_KINASES_PHOSPHORYLATION_AND_ACTIVATION_MEDIATED_BY_ACTIVATED_HUMAN_TAK1,0.8492840604659166,0.9470772276607491,-0.09779316719483244
REACTOME_JOSEPHIN_DOMAIN_DUBS,1.2971766474433581,1.1941234947893908,0.1030531526539673
REACTOME_KEAP1_NFE2L2_PATHWAY,3.054796569345746,3.018348436064588,0.036448133281158146
REACTOME_KERATAN_SULFATE_BIOSYNTHESIS,-0.6505138870375188,-1.2529251970978457,0.6024113100603269
REACTOME_KERATAN_SULFATE_DEGRADATION,1.0430727347532216,-0.7900084474945599,1.8330811822477815
REACTOME_KERATAN_SULFATE_KERATIN_METABOLISM,-0.6169918756173361,-1.1447798083633989,0.5277879327460627
REACTOME_KERATINIZATION,1.9251360544262144,1.6423691260056092,0.28276692842060513
REACTOME_KETONE_BODY_METABOLISM,0.8327781567028334,0.7760900015685944,0.05668815513423897
REACTOME_KIDNEY_DEVELOPMENT,1.1711947060305505,1.503156578262795,-0.3319618722322444
REACTOME_KILLING_MECHANISMS,-1.3190262105789778,-1.5568492896641644,0.23782307908518652
REACTOME_KINESINS,-1.4366753424668124,-1.5463274505754376,0.10965210810862525
REACTOME_KSRP_KHSRP_BINDS_AND_DESTABILIZES_MRNA,-1.3399994408156795,-1.4424854799370952,0.10248603912141574
REACTOME_L1CAM_INTERACTIONS,1.8482287672028987,1.7438267376153949,0.10440202958750389
REACTOME_LAGGING_STRAND_SYNTHESIS,-1.9679507246374515,-1.260331507923606,-0.7076192167138455
REACTOME_LAMININ_INTERACTIONS,-0.6647749229533776,-1.3748167798473323,0.7100418568939547
REACTOME_LANOSTEROL_BIOSYNTHESIS,-1.1176687577120208,-1.61729444317862,0.49962568546659925
REACTOME_LATE_ENDOSOMAL_MICROAUTOPHAGY,1.5881297214617394,1.60665892367048,-0.018529202208740658
REACTOME_LATE_SARS_COV_2_INFECTION_EVENTS,1.4007495255105205,1.2643704788189003,0.13637904669162015
REACTOME_LDL_CLEARANCE,1.5000349365080816,1.6709214866311128,-0.17088655012303122
REACTOME_LEISHMANIA_INFECTION,1.6532227125177226,1.942586872504998,-0.2893641599872754
REACTOME_LGI_ADAM_INTERACTIONS,1.6634700790045616,-0.9377759663364866,2.601246045341048
REACTOME_LISTERIA_MONOCYTOGENES_ENTRY_INTO_HOST_CELLS,1.3381043540154602,1.2826303009931324,0.055474053022327885
REACTOME_LONG_TERM_POTENTIATION,-0.927356567618673,-1.1656114877369559,0.23825492011828286
REACTOME_LOSS_OF_FUNCTION_OF_MECP2_IN_RETT_SYNDROME,1.773344101748545,1.7391268205334147,0.034217281215130235
REACTOME_LYSINE_CATABOLISM,-0.8777297110773549,-1.2470729020172138,0.3693431909398589
REACTOME_LYSOSOME_VESICLE_BIOGENESIS,2.15682787532257,1.9872188614807835,0.16960901384178628
REACTOME_LYSOSPHINGOLIPID_AND_LPA_RECEPTORS,-1.3525819120144678,-1.656867350405639,0.3042854383911713
REACTOME_MAP2K_AND_MAPK_ACTIVATION,1.858643636627149,2.0449543529463403,-0.18631071631919127
REACTOME_MAP3K8_TPL2_DEPENDENT_MAPK1_3_ACTIVATION,1.2907629417222521,1.0998579866790654,0.19090495504318672
REACTOME_MAPK1_MAPK3_SIGNALING,1.8699041195786468,1.9884525541557767,-0.11854843457712994
REACTOME_MAPK3_ERK1_ACTIVATION,-0.7854932296829329,-0.7343445353749612,-0.05114869430797164
REACTOME_MAPK6_MAPK4_SIGNALING,2.458178093123727,2.5477788194717648,-0.08960072634803762
REACTOME_MAPK_FAMILY_SIGNALING_CASCADES,1.7818635893899053,1.8534395814659699,-0.07157599207606458
REACTOME_MAPK_TARGETS_NUCLEAR_EVENTS_MEDIATED_BY_MAP_KINASES,-0.8887026587579625,-1.116700889099337,0.22799823034137456
REACTOME_MASTL_FACILITATES_MITOTIC_PROGRESSION,-0.8421036798456465,-0.7759643431654397,-0.06613933668020677
REACTOME_MATERNAL_TO_ZYGOTIC_TRANSITION_MZT,-1.0911765062594379,-1.1725810391174443,0.08140453285800642
REACTOME_MATRIGLYCAN_BIOSYNTHESIS_ON_DAG1,-1.3602149404703843,-1.3244637634634957,-0.03575117700688857
REACTOME_MATURATION_OF_DENV_PROTEINS,1.8482427244736828,1.6056701665584567,0.24257255791522603
REACTOME_MATURATION_OF_SARS_COV_1_NUCLEOPROTEIN,0.8314917958716889,0.9264769725126942,-0.09498517664100536
REACTOME_MATURATION_OF_SARS_COV_2_NUCLEOPROTEIN,0.9678299825131434,1.1781421236181246,-0.2103121411049812
REACTOME_MATURATION_OF_SARS_COV_2_SPIKE_PROTEIN,1.2819151978875116,-1.013666767711262,2.2955819655987737
REACTOME_MATURATION_OF_TCA_ENZYMES_AND_REGULATION_OF_TCA_CYCLE,1.3709178662155732,1.3202920239763642,0.05062584223920896
REACTOME_MECHANICAL_LOAD_ACTIVATES_SIGNALING_BY_PIEZO1_AND_INTEGRINS_IN_OSTEOCYTES,-1.2867509953494876,-1.5001216679692,0.21337067261971243
REACTOME_MECP2_REGULATES_NEURONAL_RECEPTORS_AND_CHANNELS,1.671362389329273,1.6418471181583951,0.029515271170877933
REACTOME_MEIOSIS,-1.6112789941107715,-1.410034768416428,-0.20124422569434341
REACTOME_MEIOTIC_RECOMBINATION,-1.6421903717808235,-1.3247589669399944,-0.3174314048408291
REACTOME_MEIOTIC_SYNAPSIS,-1.4252368976174143,-1.3211573123686131,-0.10407958524880123
REACTOME_MEMBRANE_TRAFFICKING,1.5384336122482283,1.4534001844146307,0.08503342783359757
REACTOME_METABOLIC_DISORDERS_OF_BIOLOGICAL_OXIDATION_ENZYMES,-1.264792074665876,-0.9604958230348061,-0.30429625163107
REACTOME_METABOLISM_OF_AMINE_DERIVED_HORMONES,-0.9794226725120393,1.3403755231141365,-2.3197981956261757
REACTOME_METABOLISM_OF_AMINO_ACIDS_AND_DERIVATIVES,1.419461661685191,1.3838511582823576,0.03561050340283334
REACTOME_METABOLISM_OF_ANGIOTENSINOGEN_TO_ANGIOTENSINS,-0.8766374212514765,-0.8757830691874726,-0.0008543520640038604
REACTOME_METABOLISM_OF_CARBOHYDRATES_AND_CARBOHYDRATE_DERIVATIVES,1.6659814070727539,1.498490094192632,0.16749131288012187
REACTOME_METABOLISM_OF_COFACTORS,-1.214952040383899,-0.9418114017099751,-0.2731406386739238
REACTOME_METABOLISM_OF_FAT_SOLUBLE_VITAMINS,1.4593776254119302,1.1571367680313869,0.3022408573805433
REACTOME_METABOLISM_OF_FOLATE_AND_PTERINES,-1.4800562553413983,-0.941412232165696,-0.5386440231757023
REACTOME_METABOLISM_OF_LIPIDS,-0.9943071159977372,-0.9677075572445002,-0.02659955875323705
REACTOME_METABOLISM_OF_NITRIC_OXIDE_NOS3_ACTIVATION_AND_REGULATION,1.165820726846151,1.2080489187396302,-0.04222819189347926
REACTOME_METABOLISM_OF_NUCLEOTIDES,-1.2432741064392063,-1.0050258403884078,-0.23824826605079852
REACTOME_METABOLISM_OF_POLYAMINES,3.0461151434080733,3.37786287010096,-0.33174772669288677
REACTOME_METABOLISM_OF_PORPHYRINS,-0.9700399166344886,-0.9911803080986648,0.021140391464176123
REACTOME_METABOLISM_OF_RNA,1.5205855295781994,1.5903797002265636,-0.06979417064836424
REACTOME_METABOLISM_OF_STEROIDS,-1.36165807844861,-1.193411105013071,-0.16824697343553918
REACTOME_METABOLISM_OF_STEROID_HORMONES,-0.8203312629776737,-0.8326669477989965,0.012335684821322856
REACTOME_METABOLISM_OF_VITAMINS_AND_COFACTORS,1.1289812763913403,-0.9011538688183969,2.030135145209737
REACTOME_METABOLISM_OF_WATER_SOLUBLE_VITAMINS_AND_COFACTORS,-0.827590499881778,-0.8750067577290989,0.04741625784732084
REACTOME_METALLOPROTEASE_DUBS,1.0762208725664022,1.0356307547365389,0.040590117829863326
REACTOME_METALLOTHIONEINS_BIND_METALS,-1.048824599925458,2.614941016359863,-3.663765616285321
REACTOME_METAL_ION_SLC_TRANSPORTERS,-0.8146260167717572,-0.917919152093561,0.10329313532180384
REACTOME_METHYLATION,1.1757092937871672,0.9972549237368821,0.17845437005028508
REACTOME_MET_ACTIVATES_PTK2_SIGNALING,-1.438766040691717,-1.4683338947014175,0.02956785400970041
REACTOME_MET_ACTIVATES_RAP1_AND_RAC1,1.0465447467179925,1.1213698334628186,-0.07482508674482613
REACTOME_MET_ACTIVATES_RAS_SIGNALING,1.2526696446439023,1.438654126095138,-0.1859844814512357
REACTOME_MET_PROMOTES_CELL_MOTILITY,-0.988881868391661,-1.1364282867563904,0.14754641836472937
REACTOME_MET_RECEPTOR_RECYCLING,1.0143667796617537,0.889519418494766,0.12484736116698769
REACTOME_MHC_CLASS_II_ANTIGEN_PRESENTATION,1.8679189368983222,1.9764543485512522,-0.10853541165293001
REACTOME_MICRORNA_MIRNA_BIOGENESIS,-1.061899887269189,1.2728478377774328,-2.334747725046622
REACTOME_MISCELLANEOUS_SUBSTRATES,-0.9628724182555936,0.7503591590053814,-1.713231577260975
REACTOME_MISCELLANEOUS_TRANSPORT_AND_BINDING_EVENTS,-0.968592515430026,-1.0286359866465251,0.06004347121649911
REACTOME_MISMATCH_REPAIR,-1.376587465653316,-1.0185817881383652,-0.3580056775149507
REACTOME_MITF_M_DEPENDENT_GENE_EXPRESSION,1.39034219237638,1.3308567868461523,0.05948540553022763
REACTOME_MITF_M_REGULATED_MELANOCYTE_DEVELOPMENT,1.6508493826346982,1.6530431884428933,-0.0021938058081951706
REACTOME_MITOCHONDRIAL_BIOGENESIS,1.2602198588479245,1.422054291699117,-0.16183443285119248
REACTOME_MITOCHONDRIAL_CALCIUM_ION_TRANSPORT,1.3981757371192947,1.6418828976619735,-0.24370716054267882
REACTOME_MITOCHONDRIAL_FATTY_ACID_BETA_OXIDATION,-0.9587689544986445,-1.1956141984384425,0.236845243939798
REACTOME_MITOCHONDRIAL_FATTY_ACID_BETA_OXIDATION_OF_SATURATED_FATTY_ACIDS,1.3499160571067867,1.3394078675311483,0.010508189575638482
REACTOME_MITOCHONDRIAL_IRON_SULFUR_CLUSTER_BIOGENESIS,-1.3305533326418255,-1.1368448125128767,-0.1937085201289488
REACTOME_MITOCHONDRIAL_MRNA_MODIFICATION,-1.1645864421380403,-1.183564722893491,0.018978280755450605
REACTOME_MITOCHONDRIAL_PROTEIN_DEGRADATION,1.6605309653894598,1.8069442675518412,-0.14641330216238146
REACTOME_MITOCHONDRIAL_PROTEIN_IMPORT,1.3452761193561804,1.6504568551855041,-0.3051807358293237
REACTOME_MITOCHONDRIAL_RNA_DEGRADATION,0.8996313707053667,-0.7938490047682067,1.6934803754735734
REACTOME_MITOCHONDRIAL_TRANSLATION,-1.8699933683875576,-1.4167743783057642,-0.45321899008179334
REACTOME_MITOCHONDRIAL_TRANSLATION_ELONGATION,-1.7687661644459862,-1.2628998075294362,-0.50586635691655
REACTOME_MITOCHONDRIAL_TRNA_AMINOACYLATION,1.1790784281909192,1.1487202138459962,0.03035821434492303
REACTOME_MITOCHONDRIAL_UNFOLDED_PROTEIN_RESPONSE_UPRMT,-0.6463190992135758,-0.7193415666742139,0.07302246746063812
REACTOME_MITOPHAGY,1.7149825242345509,1.465597251190192,0.24938527304435887
REACTOME_MITOTIC_G1_PHASE_AND_G1_S_TRANSITION,-1.2405010814448492,1.7170605414068814,-2.9575616228517303
REACTOME_MITOTIC_G2_G2_M_PHASES,1.9800671692760008,2.1665822120985236,-0.18651504282252285
REACTOME_MITOTIC_METAPHASE_AND_ANAPHASE,-1.2664331202695835,1.8097334900956414,-3.0761666103652248
REACTOME_MITOTIC_PROMETAPHASE,-1.7555470123446393,-1.545747970709086,-0.2097990416355533
REACTOME_MITOTIC_PROPHASE,-1.1992133677900956,-0.907063278279763,-0.2921500895103326
REACTOME_MITOTIC_SPINDLE_CHECKPOINT,-2.0173651920106552,-2.1001480513334387,0.08278285932278351
REACTOME_MITOTIC_TELOPHASE_CYTOKINESIS,-1.5485386973167479,-1.3743901689506544,-0.1741485283660935
REACTOME_MODULATION_OF_HOST_RESPONSES_BY_IFN_STIMULATED_GENES,-1.2955156465394282,-1.0760039075646772,-0.21951173897475096
REACTOME_MOLECULES_ASSOCIATED_WITH_ELASTIC_FIBRES,0.8422534450253738,-1.192191940322356,2.0344453853477296
REACTOME_MRNA_3_END_PROCESSING,1.9031961236391608,2.345068143795352,-0.4418720201561912
REACTOME_MRNA_CAPPING,-1.019560923374179,1.1691027113211807,-2.1886636346953594
REACTOME_MRNA_DECAY_BY_3_TO_5_EXORIBONUCLEASE,-1.2670923811722279,-1.5162673195283871,0.24917493835615923
REACTOME_MRNA_DECAY_BY_5_TO_3_EXORIBONUCLEASE,-0.690650649065483,-0.8568580257964713,0.1662073767309883
REACTOME_MRNA_EDITING,1.0346932288165325,1.26563825698178,-0.23094502816524742
REACTOME_MRNA_POLYADENYLATION,2.05964147936263,2.5128266507174644,-0.45318517135483427
REACTOME_MRNA_SPLICING,1.6141142282131058,2.0368541297967386,-0.42273990158363284
REACTOME_MRNA_SPLICING_MINOR_PATHWAY,1.5422293088169416,2.080975773087526,-0.5387464642705844
REACTOME_MTORC1_MEDIATED_SIGNALLING,1.0501432947240237,0.9989489857483708,0.051194308975652913
REACTOME_MTOR_SIGNALLING,-0.978803286885523,-0.9091115965676764,-0.06969169031784661
REACTOME_MUCOPOLYSACCHARIDOSES,-1.5415256507771584,-1.6207226835224622,0.07919703274530376
REACTOME_MUSCLE_CONTRACTION,1.5823565103666515,-0.8815178645844869,2.4638743749511383
REACTOME_MYD88_INDEPENDENT_TLR4_CASCADE,-0.9140789849762219,-0.9428575135732591,0.028778528597037223
REACTOME_MYOGENESIS,-0.7825334768273459,-0.8816295628778698,0.09909608605052389
REACTOME_M_DECAY_DEGRADATION_OF_MATERNAL_MRNAS_BY_MATERNALLY_STORED_FACTORS,-0.7682481523929013,-0.7525163543198338,-0.01573179807306757
REACTOME_M_PHASE,-1.3209670751875975,1.7310227942301522,-3.0519898694177496
REACTOME_NCAM1_INTERACTIONS,-1.1527547990171068,-1.647722003051296,0.49496720403418926
REACTOME_NCAM_SIGNALING_FOR_NEURITE_OUT_GROWTH,-1.0148827990019509,-1.423766361367658,0.4088835623657072
REACTOME_NEDDYLATION,1.6717569851737106,1.795271641425123,-0.12351465625141245
REACTOME_NEF_MEDIATED_DOWNREGULATION_OF_MHC_CLASS_I_COMPLEX_CELL_SURFACE_EXPRESSION,1.2568826756242284,1.0743920520637404,0.18249062356048795
REACTOME_NEF_MEDIATES_DOWN_MODULATION_OF_CELL_SURFACE_RECEPTORS_BY_RECRUITING_THEM_TO_CLATHRIN_ADAPTERS,1.7773329224507572,1.8245311192524232,-0.047198196801665926
REACTOME_NEGATIVE_EPIGENETIC_REGULATION_OF_RRNA_EXPRESSION,-0.8723105283865207,1.0016977316177564,-1.8740082600042771
REACTOME_NEGATIVE_REGULATION_OF_FGFR1_SIGNALING,0.9691439700320703,-0.9461763022928128,1.915320272324883
REACTOME_NEGATIVE_REGULATION_OF_FGFR2_SIGNALING,1.069814278758405,-1.0698124794089094,2.1396267581673145
REACTOME_NEGATIVE_REGULATION_OF_FGFR3_SIGNALING,1.0397129288245637,-1.1443021418481933,2.184015070672757
REACTOME_NEGATIVE_REGULATION_OF_FGFR4_SIGNALING,1.024738373395213,-1.1393895791475352,2.1641279525427484
REACTOME_NEGATIVE_REGULATION_OF_FLT3,1.2509368927357025,1.1051405042345956,0.14579638850110688
REACTOME_NEGATIVE_REGULATION_OF_MAPK_PATHWAY,1.208182683618163,1.2970846226994872,-0.08890193908132416
REACTOME_NEGATIVE_REGULATION_OF_MET_ACTIVITY,1.4057815821051747,1.2680143510728223,0.13776723103235233
REACTOME_NEGATIVE_REGULATION_OF_NMDA_RECEPTOR_MEDIATED_NEURONAL_TRANSMISSION,-1.1776733358202809,-1.4888001669483533,0.3111268311280724
REACTOME_NEGATIVE_REGULATION_OF_NOTCH4_SIGNALING,2.8291233238830626,3.0414909012887477,-0.21236757740568502
REACTOME_NEGATIVE_REGULATION_OF_TCF_DEPENDENT_SIGNALING_BY_WNT_LIGAND_ANTAGONISTS,-0.798447112258443,-0.8613763784409559,0.06292926618251293
REACTOME_NEGATIVE_REGULATION_OF_THE_PI3K_AKT_NETWORK,-0.8054993836357303,-1.0666942145041374,0.2611948308684071
REACTOME_NEGATIVE_REGULATORS_OF_DDX58_IFIH1_SIGNALING,-1.1691182369120392,-1.234287478470063,0.06516924155802384
REACTOME_NEPHRIN_FAMILY_INTERACTIONS,1.835768950714636,1.4779963999477919,0.3577725507668441
REACTOME_NEPHRON_DEVELOPMENT,0.8331322631750396,-0.9420132756230277,1.7751455387980672
REACTOME_NERVOUS_SYSTEM_DEVELOPMENT,1.6643459460356371,1.5965859489850769,0.06775999705056024
REACTOME_NETRIN_1_SIGNALING,-0.8183896922726795,-1.0691996746980839,0.2508099824254043
REACTOME_NEUREXINS_AND_NEUROLIGINS,1.2086569031498913,-1.0841599517192346,2.292816854869126
REACTOME_NEURONAL_SYSTEM,1.568938055088289,-0.9955314406039086,2.5644694956921974
REACTOME_NEUROTOXICITY_OF_CLOSTRIDIUM_TOXINS,1.5850715843453955,0.7784647475309635,0.806606836814432
REACTOME_NEUROTRANSMITTER_RECEPTORS_AND_POSTSYNAPTIC_SIGNAL_TRANSMISSION,1.35020736033319,-1.0253160007393254,2.3755233610725153
REACTOME_NEUROTRANSMITTER_RELEASE_CYCLE,1.7767878896024483,1.3871523670518175,0.3896355225506307
REACTOME_NEUTROPHIL_DEGRANULATION,1.9851960673529252,2.177312552319792,-0.19211648496686662
REACTOME_NFE2L2_REGULATING_ANTI_OXIDANT_DETOXIFICATION_ENZYMES,1.6412523673482353,1.4954076624151698,0.14584470493306556
REACTOME_NFE2L2_REGULATING_TUMORIGENIC_GENES,1.3904116551204346,0.9416018205011707,0.44880983461926394
REACTOME_NF_KB_ACTIVATION_THROUGH_FADD_RIP_1_PATHWAY_MEDIATED_BY_CASPASE_8_AND_10,-1.109508022495156,-0.9178170165492391,-0.19169100594591681
REACTOME_NF_KB_IS_ACTIVATED_AND_SIGNALS_SURVIVAL,1.451176242722916,-0.8385902258804748,2.289766468603391
REACTOME_NGF_STIMULATED_TRANSCRIPTION,1.1486850429604538,0.9745620028782968,0.17412304008215707
REACTOME_NICOTINATE_METABOLISM,0.7338601238961319,-0.8660907441145134,1.5999508680106453
REACTOME_NITRIC_OXIDE_STIMULATES_GUANYLATE_CYCLASE,0.65691675654748,-0.7901220548848054,1.4470388114322854
REACTOME_NOD1_2_SIGNALING_PATHWAY,-0.9197617913026944,-0.6544412703997724,-0.265320520902922
REACTOME_NONHOMOLOGOUS_END_JOINING_NHEJ,-0.8790127209917349,-0.7073411549752628,-0.17167156601647204
REACTOME_NONSENSE_MEDIATED_DECAY_NMD,-1.7625213651958391,-1.729439429851295,-0.03308193534454418
REACTOME_NON_CANONICAL_INFLAMMASOME_ACTIVATION,-0.7788394633283467,-0.7392722807034512,-0.03956718262489556
REACTOME_NON_INTEGRIN_MEMBRANE_ECM_INTERACTIONS,0.9743610063841802,-1.3469877682682887,2.321348774652469
REACTOME_NOREPINEPHRINE_NEUROTRANSMITTER_RELEASE_CYCLE,1.3329193979736704,1.0377772926787787,0.2951421052948917
REACTOME_NOTCH1_INTRACELLULAR_DOMAIN_REGULATES_TRANSCRIPTION,1.390987617449572,-0.843339423152873,2.234327040602445
REACTOME_NOTCH2_ACTIVATION_AND_TRANSMISSION_OF_SIGNAL_TO_THE_NUCLEUS,-1.0406934875301552,-1.1951633068323844,0.15446981930222914
REACTOME_NOTCH2_INTRACELLULAR_DOMAIN_REGULATES_TRANSCRIPTION,-0.9120244687685272,0.7447345984482691,-1.6567590672167962
REACTOME_NOTCH3_ACTIVATION_AND_TRANSMISSION_OF_SIGNAL_TO_THE_NUCLEUS,1.0951006045634384,-1.08858280286797,2.1836834074314084
REACTOME_NOTCH3_INTRACELLULAR_DOMAIN_REGULATES_TRANSCRIPTION,-1.1284786826314757,-1.227376163513544,0.0988974808820684
REACTOME_NOTCH4_ACTIVATION_AND_TRANSMISSION_OF_SIGNAL_TO_THE_NUCLEUS,-0.7884704204876102,-0.7328075128129662,-0.05566290767464399
REACTOME_NOTCH4_INTRACELLULAR_DOMAIN_REGULATES_TRANSCRIPTION,1.1222695890000924,1.0351264085349492,0.08714318046514324
REACTOME_NOTCH_HLH_TRANSCRIPTION_PATHWAY,1.239749133297583,-0.85278083081147,2.092529964109053
REACTOME_NPAS4_REGULATES_EXPRESSION_OF_TARGET_GENES,1.1443029344916615,-0.9625807086501007,2.1068836431417624
REACTOME_NR1H2_AND_NR1H3_MEDIATED_SIGNALING,-0.8224461551960932,-0.9883468979056017,0.1659007427095085
REACTOME_NR1H3_NR1H2_REGULATE_GENE_EXPRESSION_LINKED_TO_CHOLESTEROL_TRANSPORT_AND_EFFLUX,-0.9084892540819909,-1.0031562856982958,0.09466703161630496
REACTOME_NRAGE_SIGNALS_DEATH_THROUGH_JNK,-1.065756637115349,-1.5306868896153285,0.46493025249997944
REACTOME_NRIF_SIGNALS_CELL_DEATH_FROM_THE_NUCLEUS,-0.9568368186812009,-1.2826828006652673,0.32584598198406645
REACTOME_NS1_MEDIATED_EFFECTS_ON_HOST_PATHWAYS,1.1641901141508637,1.2327251215535042,-0.06853500740264051
REACTOME_NUCLEAR_ENVELOPE_BREAKDOWN,-1.0139968415763378,1.2145518991361182,-2.228548740712456
REACTOME_NUCLEAR_ENVELOPE_NE_REASSEMBLY,1.616698603874406,1.8778861663957125,-0.2611875625213065
REACTOME_NUCLEAR_EVENTS_KINASE_AND_TRANSCRIPTION_FACTOR_ACTIVATION,1.2424267852866129,-0.9677426549999372,2.21016944028655
REACTOME_NUCLEAR_EVENTS_MEDIATED_BY_NFE2L2,3.1310245711869213,3.15644302322797,-0.025418452041048756
REACTOME_NUCLEAR_EVENTS_STIMULATED_BY_ALK_SIGNALING_IN_CANCER,-1.1831969907480382,-0.8477281589674615,-0.33546883178057674
REACTOME_NUCLEAR_IMPORT_OF_REV_PROTEIN,1.407550190393088,1.4817413110003925,-0.07419112060730448
REACTOME_NUCLEAR_PORE_COMPLEX_NPC_DISASSEMBLY,-0.9878735045877123,-0.8828784266998292,-0.10499507788788309
REACTOME_NUCLEAR_RECEPTOR_TRANSCRIPTION_PATHWAY,-1.2907303515812,-0.9753501567738581,-0.31538019480734203
REACTOME_NUCLEAR_RNA_DECAY,-1.001396905177622,-1.0803865742235101,0.07898966904588822
REACTOME_NUCLEAR_SIGNALING_BY_ERBB4,-1.033930503269316,-1.2165154717120295,0.18258496844271344
REACTOME_NUCLEOTIDE_BINDING_DOMAIN_LEUCINE_RICH_REPEAT_CONTAINING_RECEPTOR_NLR_SIGNALING_PATHWAYS,0.9981681199948509,1.0754417906145721,-0.07727367061972124
REACTOME_NUCLEOTIDE_BIOSYNTHESIS,1.1545284692005953,1.3010433597538085,-0.1465148905532132
REACTOME_NUCLEOTIDE_CATABOLISM,-1.6473483739473829,-1.331229831959785,-0.3161185419875978
REACTOME_NUCLEOTIDE_EXCISION_REPAIR,-1.2767336146006127,1.392489883347796,-2.669223497948409
REACTOME_NUCLEOTIDE_LIKE_PURINERGIC_RECEPTORS,-1.0800347136534583,-0.43025841775645957,-0.6497762958969987
REACTOME_NUCLEOTIDE_SALVAGE,-1.0322993837050836,-0.7933050954141538,-0.23899428829092972
REACTOME_N_GLYCAN_ANTENNAE_ELONGATION,1.0132750051140942,-0.9556467022457273,1.9689217073598215
REACTOME_N_GLYCAN_ANTENNAE_ELONGATION_IN_THE_MEDIAL_TRANS_GOLGI,0.7723823987699702,-0.9753605012703496,1.7477429000403197
REACTOME_N_GLYCAN_TRIMMING_IN_THE_ER_AND_CALNEXIN_CALRETICULIN_CYCLE,1.931318683661778,1.683829517339366,0.2474891663224119
REACTOME_OLFACTORY_SIGNALING_PATHWAY,1.3673437435472628,0.9293410947900508,0.43800264875721207
REACTOME_ONCOGENE_INDUCED_SENESCENCE,-1.5004026572756368,-1.1670473838160877,-0.3333552734595491
REACTOME_ONCOGENIC_MAPK_SIGNALING,1.949669167044873,1.872541575884489,0.07712759116038392
REACTOME_OPIOID_SIGNALLING,1.2476612481704648,1.10841830927904,0.1392429388914247
REACTOME_ORC1_REMOVAL_FROM_CHROMATIN,2.373707720053597,2.712144171842101,-0.3384364517885037
REACTOME_ORGANELLE_BIOGENESIS_AND_MAINTENANCE,1.330757457353959,1.3723168041787608,-0.04155934682480189
REACTOME_ORGANIC_ANION_TRANSPORT_BY_SLCO_TRANSPORTERS,-1.3507862980584275,0.8499678054747853,-2.200754103533213
REACTOME_OTHER_INTERLEUKIN_SIGNALING,-0.7049424097889386,-1.1398854377762433,0.43494302798730466
REACTOME_OTHER_SEMAPHORIN_INTERACTIONS,-0.8723590463753883,-0.6930154260745892,-0.1793436203007991
REACTOME_OVARIAN_TUMOR_DOMAIN_PROTEASES,1.3733196327431445,1.3737295392269568,-0.00040990648381233896
REACTOME_OXIDATIVE_STRESS_INDUCED_SENESCENCE,-1.2260572541189914,-1.1874313287693719,-0.038625925349619505
REACTOME_O_GLYCOSYLATION_OF_TSR_DOMAIN_CONTAINING_PROTEINS,-0.8620726070816108,-1.2313975622442987,0.36932495516268793
REACTOME_O_LINKED_GLYCOSYLATION,-0.8211865996098945,-1.2481262779664215,0.426939678356527
REACTOME_O_LINKED_GLYCOSYLATION_OF_MUCINS,-0.8322360448757822,-1.2084759825658824,0.3762399376901002
REACTOME_P130CAS_LINKAGE_TO_MAPK_SIGNALING_FOR_INTEGRINS,-1.1398763022767684,-1.0380125684200063,-0.10186373385676206
REACTOME_P2Y_RECEPTORS,-1.2929961902296374,-0.9149109935153784,-0.378085196714259
REACTOME_P38MAPK_EVENTS,-0.7810312537659002,-0.928537824754231,0.14750657098833075
REACTOME_P53_DEPENDENT_G1_DNA_DAMAGE_RESPONSE,2.6535605941056737,2.8737837118235197,-0.22022311771784597
REACTOME_P75NTR_RECRUITS_SIGNALLING_COMPLEXES,1.2845817647646558,0.9755459927061925,0.30903577205846333
REACTOME_P75NTR_REGULATES_AXONOGENESIS,2.1433558447700736,1.435590982095586,0.7077648626744875
REACTOME_P75NTR_SIGNALS_VIA_NF_KB,1.2944036824515541,0.967992423032448,0.3264112594191061
REACTOME_P75_NTR_RECEPTOR_MEDIATED_SIGNALLING,1.2633964206116828,-1.0637199340330583,2.3271163546447413
REACTOME_PARACETAMOL_ADME,1.8614091118585436,1.5620373449350713,0.29937176692347234
REACTOME_PARASITE_INFECTION,1.6982084739033412,2.306958683172027,-0.6087502092686856
REACTOME_PASSIVE_TRANSPORT_BY_AQUAPORINS,-1.655380592620745,-0.6588061191033895,-0.9965744735173555
REACTOME_PCNA_DEPENDENT_LONG_PATCH_BASE_EXCISION_REPAIR,-1.8061368936070654,-1.234496214861166,-0.5716406787458994
REACTOME_PCP_CE_PATHWAY,2.775394923396616,2.81620667972288,-0.04081175632626399
REACTOME_PD_L1_CD274_GLYCOSYLATION_AND_TRANSLOCATION_TO_PLASMA_MEMBRANE,1.2689860958122416,-1.1145329734684204,2.383519069280662
REACTOME_PECAM1_INTERACTIONS,-1.1880510564926243,-1.313482361996338,0.12543130550371373
REACTOME_PENTOSE_PHOSPHATE_PATHWAY,1.5219012763140256,1.5037712925839155,0.0181299837301101
REACTOME_PEPTIDE_HORMONE_BIOSYNTHESIS,-1.5440710949185195,-0.6070305436750157,-0.9370405512435037
REACTOME_PEPTIDE_HORMONE_METABOLISM,-0.9720027556291256,-0.7811111805923001,-0.19089157503682552
REACTOME_PEPTIDE_LIGAND_BINDING_RECEPTORS,-0.9379080771897941,0.9698551768161467,-1.9077632540059408
REACTOME_PERK_REGULATES_GENE_EXPRESSION,-1.4697959425819536,-1.2950822249415719,-0.17471371764038168
REACTOME_PEROXISOMAL_LIPID_METABOLISM,-1.1433092551455037,-1.3341146172737004,0.19080536212819665
REACTOME_PEROXISOMAL_PROTEIN_IMPORT,-1.2356922223259832,-1.5470314549393607,0.3113392326133775
REACTOME_PEXOPHAGY,-0.7771773809673104,-1.0880167486793937,0.3108393677120833
REACTOME_PHASE_0_RAPID_DEPOLARISATION,1.4594614485055022,-1.241826633848369,2.701288082353871
REACTOME_PHASE_2_PLATEAU_PHASE,1.1068560637435618,-1.122032791320041,2.2288888550636026
REACTOME_PHASE_4_RESTING_MEMBRANE_POTENTIAL,1.395087703810496,1.0162961344484052,0.3787915693620909
REACTOME_PHASE_II_CONJUGATION_OF_COMPOUNDS,-1.0401238427187374,-1.1380224565076549,0.09789861378891751
REACTOME_PHASE_I_FUNCTIONALIZATION_OF_COMPOUNDS,-0.9669570250035222,-0.6725780616240248,-0.2943789633794974
REACTOME_PHENYLALANINE_AND_TYROSINE_METABOLISM,0.7763471078893641,-0.9186854314243549,1.6950325393137189
REACTOME_PHOSPHOLIPASE_C_MEDIATED_CASCADE_FGFR1,0.7309698298204088,-0.9607364309895157,1.6917062608099245
REACTOME_PHOSPHOLIPASE_C_MEDIATED_CASCADE_FGFR2,0.8314788233530511,-1.1138008811086992,1.9452797044617505
REACTOME_PHOSPHOLIPASE_C_MEDIATED_CASCADE_FGFR4,0.5702632178343428,-1.1478791797245786,1.7181423975589214
REACTOME_PHOSPHOLIPID_METABOLISM,-0.8198092197870479,-1.2410932684037026,0.4212840486166547
REACTOME_PHOSPHORYLATED_BMAL1_CLOCK_ARNTL_CLOCK_ACTIVATES_EXPRESSION_OF_CORE_CLOCK_GENES,0.6358602339675707,0.6972851192926683,-0.0614248853250976
REACTOME_PHOSPHORYLATION_AND_NUCLEAR_TRANSLOCATION_OF_THE_CRY_PER_KINASE_COMPLEX,1.4749517742455682,1.5984355119883065,-0.12348373774273824
REACTOME_PHOSPHORYLATION_OF_CD3_AND_TCR_ZETA_CHAINS,-1.35905980982147,0.9628901699421615,-2.321949979763631
REACTOME_PHOSPHORYLATION_OF_CLOCK_ACETYLATION_OF_BMAL1_ARNTL_AT_TARGET_GENE_PROMOTERS,-0.8167868348634073,-0.7654740528782423,-0.05131278198516498
REACTOME_PHOSPHORYLATION_OF_THE_APC_C,-1.7879036484278876,-2.0918158757325553,0.3039122273046677
REACTOME_PHYSIOLOGICAL_FACTORS,-1.441408781652588,-0.7128272104954626,-0.7285815711571254
REACTOME_PI3K_AKT_SIGNALING_IN_CANCER,-0.8795531298797262,-1.2043598655808212,0.324806735701095
REACTOME_PI3K_EVENTS_IN_ERBB2_SIGNALING,1.25419174743392,1.3614570927720018,-0.10726534533808185
REACTOME_PI3K_EVENTS_IN_ERBB4_SIGNALING,0.6963470548452346,0.6478921164044263,0.04845493844080828
REACTOME_PINK1_PRKN_MEDIATED_MITOPHAGY,1.7229192070169703,1.4360370006634187,0.28688220635355166
REACTOME_PIWI_INTERACTING_RNA_PIRNA_BIOGENESIS,-1.1329253171758613,1.0959485406364742,-2.2288738578123355
REACTOME_PI_3K_CASCADE_FGFR1,1.0667471015351537,0.9597322475177924,0.10701485401736133
REACTOME_PI_3K_CASCADE_FGFR2,1.1380194261773129,-0.7459539318456487,1.8839733580229616
REACTOME_PI_3K_CASCADE_FGFR3,1.1276324529786386,-0.625094522970139,1.7527269759487776
REACTOME_PI_3K_CASCADE_FGFR4,0.9994811607126272,-0.6106651320942283,1.6101462928068555
REACTOME_PI_METABOLISM,-0.8378966033868513,-1.0673517404990984,0.22945513711224708
REACTOME_PKA_ACTIVATION_IN_GLUCAGON_SIGNALLING,1.6387372666756357,1.5310854290756002,0.1076518376000355
REACTOME_PKA_MEDIATED_PHOSPHORYLATION_OF_CREB,1.0858500065713996,1.045424678574329,0.04042532799707055
REACTOME_PKMTS_METHYLATE_HISTONE_LYSINES,-0.6404458914057151,-0.6556496221055246,0.015203730699809515
REACTOME_PKR_MEDIATED_SIGNALING,-0.8882620194489329,-0.9359498437527153,0.04768782430378238
REACTOME_PLASMA_LIPOPROTEIN_ASSEMBLY,-0.8756958842385273,-1.1247586634388058,0.24906277920027853
REACTOME_PLASMA_LIPOPROTEIN_ASSEMBLY_REMODELING_AND_CLEARANCE,1.1566054961255827,1.2432185984603565,-0.08661310233477382
REACTOME_PLASMA_LIPOPROTEIN_CLEARANCE,1.4522211564420762,1.4804342463551858,-0.028213089913109668
REACTOME_PLASMA_LIPOPROTEIN_REMODELING,-1.2855383890356498,-1.1169891058849786,-0.1685492831506712
REACTOME_PLATELET_ACTIVATION_SIGNALING_AND_AGGREGATION,1.6408840998980796,1.6166195906801553,0.024264509217924335
REACTOME_PLATELET_ADHESION_TO_EXPOSED_COLLAGEN,-1.5316490755650731,-1.399089545061134,-0.1325595305039391
REACTOME_PLATELET_AGGREGATION_PLUG_FORMATION,1.0623380969812797,1.0707215384844018,-0.008383441503122091
REACTOME_PLATELET_CALCIUM_HOMEOSTASIS,-0.945855515283746,-0.9554570728087127,0.00960155752496672
REACTOME_PLATELET_HOMEOSTASIS,1.006025863787191,-0.8904616309162461,1.8964874947034371
REACTOME_PLATELET_SENSITIZATION_BY_LDL,0.9142901935841311,0.9407154629012614,-0.026425269317130295
REACTOME_POLO_LIKE_KINASE_MEDIATED_EVENTS,-2.2531036531247053,-2.0884181988501656,-0.16468545427453973
REACTOME_POLYMERASE_SWITCHING,-1.9833715799098117,-1.4419238763699633,-0.5414477035398484
REACTOME_POLYMERASE_SWITCHING_ON_THE_C_STRAND_OF_THE_TELOMERE,-1.7684242287418255,-1.5632846108978606,-0.20513961784396484
REACTOME_POSITIVE_EPIGENETIC_REGULATION_OF_RRNA_EXPRESSION,1.2018968550367,1.4896039542296067,-0.2877070991929067
REACTOME_POSITIVE_REGULATION_OF_CDH1_GENE_TRANSCRIPTION,-1.0000588884239803,0.8416816817332812,-1.8417405701572616
REACTOME_POSTMITOTIC_NUCLEAR_PORE_COMPLEX_NPC_REFORMATION,1.4943515198526658,1.4923545667966367,0.001996953056029094
REACTOME_POST_CHAPERONIN_TUBULIN_FOLDING_PATHWAY,1.436237178745505,1.4881665625533684,-0.05192938380786338
REACTOME_POST_TRANSLATIONAL_MODIFICATION_SYNTHESIS_OF_GPI_ANCHORED_PROTEINS,-0.9553379961450923,-1.2734328632380774,0.31809486709298507
REACTOME_POST_TRANSLATIONAL_PROTEIN_MODIFICATION,1.3352232267926651,-0.8981223775625923,2.2333456043552573
REACTOME_POTASSIUM_CHANNELS,1.2158061215270028,-0.8226737701987008,2.0384798917257037
REACTOME_POTENTIAL_THERAPEUTICS_FOR_SARS,1.1994794890122915,1.6802674134113451,-0.4807879243990536
REACTOME_POU5F1_OCT4_SOX2_NANOG_ACTIVATE_GENES_RELATED_TO_PROLIFERATION,0.5488808036429182,-1.5371141039209701,2.0859949075638884
REACTOME_PRC2_METHYLATES_HISTONES_AND_DNA,-1.4678759240532355,-1.2414384135855367,-0.22643751046769878
REACTOME_PREGNENOLONE_BIOSYNTHESIS,-0.7260908828835612,-0.9497487809699685,0.22365789808640735
REACTOME_PRESYNAPTIC_DEPOLARIZATION_AND_CALCIUM_CHANNEL_OPENING,-1.165387480064484,-1.3350279420562088,0.1696404619917249
REACTOME_PRESYNAPTIC_FUNCTION_OF_KAINATE_RECEPTORS,1.2094002037630678,0.9763215256222646,0.23307867814080319
REACTOME_PRESYNAPTIC_NICOTINIC_ACETYLCHOLINE_RECEPTORS,0.7662199474256671,-1.030187017117644,1.7964069645433112
REACTOME_PRE_NOTCH_EXPRESSION_AND_PROCESSING,-1.4576071080943191,-1.19166338029463,-0.2659437277996892
REACTOME_PRE_NOTCH_PROCESSING_IN_GOLGI,-1.190688902746226,-1.195994140264151,0.005305237517924999
REACTOME_PROCESSING_AND_ACTIVATION_OF_SUMO,0.924622519870393,1.2273123605177192,-0.3026898406473262
REACTOME_PROCESSING_OF_CAPPED_INTRONLESS_PRE_MRNA,-0.8745280506071251,0.8486967933579177,-1.7232248439650428
REACTOME_PROCESSING_OF_CAPPED_INTRON_CONTAINING_PRE_MRNA,1.7053250847902255,2.06801853352696,-0.36269344873673437
REACTOME_PROCESSING_OF_DNA_DOUBLE_STRAND_BREAK_ENDS,-1.6759404761842362,-1.3762242643553677,-0.29971621182886854
REACTOME_PROCESSING_OF_INTRONLESS_PRE_MRNAS,1.0668441343506883,1.1014383745712855,-0.034594240220597205
REACTOME_PROCESSING_OF_SMDT1,-1.1999732496979427,0.9625120738332432,-2.162485323531186
REACTOME_PROCESSIVE_SYNTHESIS_ON_THE_C_STRAND_OF_THE_TELOMERE,-1.3763457263659145,-1.1373885788985243,-0.23895714746739016
REACTOME_PROCESSIVE_SYNTHESIS_ON_THE_LAGGING_STRAND,-1.6891955586302474,-1.03536583003622,-0.6538297285940273
REACTOME_PROGRAMMED_CELL_DEATH,2.3561492677131164,2.6831271287534593,-0.3269778610403429
REACTOME_PROLACTIN_RECEPTOR_SIGNALING,-1.1212125655491516,-0.8798624544466491,-0.24135011110250248
REACTOME_PROLONGED_ERK_ACTIVATION_EVENTS,1.0295537433308704,1.2671623788678066,-0.23760863553693623
REACTOME_PROSTACYCLIN_SIGNALLING_THROUGH_PROSTACYCLIN_RECEPTOR,1.2214973471754738,0.9679594211142677,0.25353792606120606
REACTOME_PROTEASOME_ASSEMBLY,2.677791562502769,2.9507025985749555,-0.2729110360721867
REACTOME_PROTEIN_FOLDING,1.6424323177115532,1.738036055494212,-0.09560373778265885
REACTOME_PROTEIN_HYDROXYLATION,1.0225002866679285,1.0070054423873005,0.015494844280627973
REACTOME_PROTEIN_LIPOYLATION,-1.110026799954101,-1.3495187411678866,0.2394919412137857
REACTOME_PROTEIN_LOCALIZATION,-0.947874435990229,-0.9182705981980029,-0.029603837792226084
REACTOME_PROTEIN_METHYLATION,0.9062402626981552,-0.9127176069594578,1.818957869657613
REACTOME_PROTEIN_PROTEIN_INTERACTIONS_AT_SYNAPSES,1.7135889738343817,-1.1606951160214833,2.8742840898558653
REACTOME_PROTEIN_UBIQUITINATION,1.2206616438821767,-0.9464718306904378,2.1671334745726147
REACTOME_PTEN_REGULATION,2.282683531933817,2.2767379643679475,0.005945567565869503
REACTOME_PTK6_REGULATES_RHO_GTPASES_RAS_GTPASE_AND_MAP_KINASES,-0.8364232151192602,1.174098758279239,-2.0105219733984994
REACTOME_PURINERGIC_SIGNALING_IN_LEISHMANIASIS_INFECTION,1.175350086735502,1.2293060098336968,-0.05395592309819475
REACTOME_PURINE_CATABOLISM,-1.814144580356609,-1.230398942136926,-0.5837456382196831
REACTOME_PURINE_RIBONUCLEOSIDE_MONOPHOSPHATE_BIOSYNTHESIS,1.1249474550817358,1.2684860612197961,-0.14353860613806035
REACTOME_PURINE_SALVAGE,-1.1197780348816586,-1.0109899559039417,-0.10878807897771692
REACTOME_PYRIMIDINE_CATABOLISM,-0.8784604955415657,0.7427450438522588,-1.6212055393938245
REACTOME_PYRIMIDINE_SALVAGE,-0.9434266378921539,-0.7475082000872024,-0.19591843780495144
REACTOME_PYROPTOSIS,-1.234951413867354,-0.7453190896382881,-0.489632324229066
REACTOME_PYRUVATE_METABOLISM,1.2146391329773911,1.085601418179237,0.12903771479815407
REACTOME_RAB_GEFS_EXCHANGE_GTP_FOR_GDP_ON_RABS,1.2014692674010388,1.1837280486328379,0.017741218768200895
REACTOME_RAB_GERANYLGERANYLATION,-0.9174583239308538,-1.122877071208112,0.20541874727725817
REACTOME_RAB_REGULATION_OF_TRAFFICKING,1.0703603766809648,1.1101452375734326,-0.0397848608924678
REACTOME_RAC1_GTPASE_CYCLE,-1.2692288358639991,-1.2772315748301575,0.00800273896615833
REACTOME_RAC2_GTPASE_CYCLE,-1.2525406426067616,-1.1701906408658298,-0.08235000174093177
REACTOME_RAC3_GTPASE_CYCLE,-1.5276809421751059,-1.308243025101318,-0.2194379170737879
REACTOME_RAF_ACTIVATION,1.3484094073399937,1.3924410184169331,-0.044031611076939425
REACTOME_RAF_INDEPENDENT_MAPK1_3_ACTIVATION,-0.858885661241103,-0.9440610405986591,0.08517537935755615
REACTOME_RAP1_SIGNALLING,0.9235426652405242,1.2396751287670205,-0.31613246352649627
REACTOME_RAS_ACTIVATION_UPON_CA2_INFLUX_THROUGH_NMDA_RECEPTOR,-1.0463233245125532,-0.9355170627117907,-0.11080626180076247
REACTOME_RAS_PROCESSING,-0.9343394417666061,-1.0801430147352398,0.14580357296863367
REACTOME_RA_BIOSYNTHESIS_PATHWAY,-0.766483546941976,-0.8702561674368064,0.10377262049483049
REACTOME_REACTIONS_SPECIFIC_TO_THE_COMPLEX_N_GLYCAN_SYNTHESIS_PATHWAY,-0.7102231396803681,-0.8516015903421372,0.14137845066176913
REACTOME_RECEPTOR_MEDIATED_MITOPHAGY,-0.7664656995650874,-0.8280403895675406,0.06157469000245319
REACTOME_RECEPTOR_TYPE_TYROSINE_PROTEIN_PHOSPHATASES,1.599364769603849,-0.8812196410836511,2.4805844106875004
REACTOME_RECOGNITION_AND_ASSOCIATION_OF_DNA_GLYCOSYLASE_WITH_SITE_CONTAINING_AN_AFFECTED_PURINE,-1.7019402908169556,-1.5196211987626322,-0.1823190920543234
REACTOME_RECOGNITION_OF_DNA_DAMAGE_BY_PCNA_CONTAINING_REPLICATION_COMPLEX,-1.7602406821901806,-1.45990996006485,-0.30033072212533063
REACTOME_RECRUITMENT_OF_MITOTIC_CENTROSOME_PROTEINS_AND_COMPLEXES,1.4947601996242637,1.6153478749092678,-0.12058767528500414
REACTOME_RECRUITMENT_OF_NUMA_TO_MITOTIC_CENTROSOMES,1.5260038323310283,1.7176552485783758,-0.1916514162473475
REACTOME_RECYCLING_OF_BILE_ACIDS_AND_SALTS,-0.9004800845422076,-0.6307870803268624,-0.26969300421534526
REACTOME_RECYCLING_PATHWAY_OF_L1,2.0820747045962094,2.1385044194780773,-0.05642971488186799
REACTOME_REDUCTION_OF_CYTOSOLIC_CA_LEVELS,0.8012871250256272,-1.094989386143282,1.8962765111689093
REACTOME_REGULATED_NECROSIS,1.0691644286211601,1.4124180878951484,-0.3432536592739883
REACTOME_REGULATED_PROTEOLYSIS_OF_P75NTR,0.9109631345412977,-0.879478554074208,1.790441688615506
REACTOME_REGULATION_BY_C_FLIP,-1.22296128299699,-0.6086996222158867,-0.6142616607811033
REACTOME_REGULATION_OF_APOPTOSIS,2.863670597281865,3.1545513409167407,-0.2908807436348759
REACTOME_REGULATION_OF_BACH1_ACTIVITY,-0.6567996422747567,-1.0288312969428963,0.3720316546681396
REACTOME_REGULATION_OF_BETA_CELL_DEVELOPMENT,-0.8607412041133973,-0.9313530117744774,0.0706118076610801
REACTOME_REGULATION_OF_CDH11_FUNCTION,-0.8983783528633283,-1.0941606906237533,0.19578233776042497
REACTOME_REGULATION_OF_CDH11_GENE_TRANSCRIPTION,-0.519107419813192,0.868293572438169,-1.387400992251361
REACTOME_REGULATION_OF_CDH1_FUNCTION,2.8767212546063115,3.1662241965812576,-0.2895029419749462
REACTOME_REGULATION_OF_CDH1_GENE_TRANSCRIPTION,-1.2498675216269879,-0.9330394227108607,-0.3168280989161272
REACTOME_REGULATION_OF_CDH1_MRNA_TRANSLATION_BY_MICRORNAS,-0.87245431129923,-0.9133610029942666,0.04090669169503658
REACTOME_REGULATION_OF_CDH1_POSTTRANSLATIONAL_PROCESSING_AND_TRAFFICKING_TO_PLASMA_MEMBRANE,1.3392023418098302,-1.3108988944979263,2.6501012363077567
REACTOME_REGULATION_OF_CHOLESTEROL_BIOSYNTHESIS_BY_SREBP_SREBF,-1.0177918846189664,-1.216469793503431,0.19867790888446457
REACTOME_REGULATION_OF_ENDOGENOUS_RETROELEMENTS,-1.002317731782419,-0.8800741948914589,-0.12224353689096012
REACTOME_REGULATION_OF_ENDOGENOUS_RETROELEMENTS_BY_KRAB_ZFP_PROTEINS,-1.2204781151728816,-1.0401932913208845,-0.18028482385199718
REACTOME_REGULATION_OF_ENDOGENOUS_RETROELEMENTS_BY_PIWI_INTERACTING_RNAS_PIRNAS,-0.927892725330684,1.0759134246285438,-2.0038061499592277
REACTOME_REGULATION_OF_ENDOGENOUS_RETROELEMENTS_BY_THE_HUMAN_SILENCING_HUB_HUSH_COMPLEX,-1.103911080752621,-0.9583089795980305,-0.14560210115459038
REACTOME_REGULATION_OF_EXPRESSION_AND_FUNCTION_OF_TYPE_II_CLASSICAL_CADHERINS,-0.9866045197997745,-0.8475540875329768,-0.1390504322667977
REACTOME_REGULATION_OF_EXPRESSION_OF_SLITS_AND_ROBOS,1.3870309603724469,1.500188970572235,-0.11315801019978822
REACTOME_REGULATION_OF_FZD_BY_UBIQUITINATION,-0.7243456334353596,0.9528848421897073,-1.6772304756250669
REACTOME_REGULATION_OF_GENE_EXPRESSION_BY_HYPOXIA_INDUCIBLE_FACTOR,1.875042767844276,1.4721982077827953,0.4028445600614807
REACTOME_REGULATION_OF_GENE_EXPRESSION_IN_BETA_CELLS,-0.6066229078650573,-1.100162975097597,0.4935400672325396
REACTOME_REGULATION_OF_GENE_EXPRESSION_IN_LATE_STAGE_BRANCHING_MORPHOGENESIS_PANCREATIC_BUD_PRECURSOR_CELLS,-1.117922843563544,0.7553368099267785,-1.8732596534903225
REACTOME_REGULATION_OF_GLUCOKINASE_BY_GLUCOKINASE_REGULATORY_PROTEIN,0.9416104303427634,0.963365878527923,-0.02175544818515962
REACTOME_REGULATION_OF_GLYCOLYSIS_BY_FRUCTOSE_2_6_BISPHOSPHATE_METABOLISM,1.6855301540323888,1.7120270734602898,-0.026496919427901
REACTOME_REGULATION_OF_HOMOTYPIC_CELL_CELL_ADHESION,2.1027613059973693,2.142597200355531,-0.039835894358161816
REACTOME_REGULATION_OF_HSF1_MEDIATED_HEAT_SHOCK_RESPONSE,1.1552047995149022,1.2691890977065967,-0.11398429819169453
REACTOME_REGULATION_OF_IFNA_IFNB_SIGNALING,-0.8553237871024981,-0.6127225829891702,-0.24260120411332797
REACTOME_REGULATION_OF_IFNG_SIGNALING,-1.1519665410722721,-1.155801637221068,0.003835096148795847
REACTOME_REGULATION_OF_INNATE_IMMUNE_RESPONSES_TO_CYTOSOLIC_DNA,1.079987444099518,1.03414566484865,0.045841779250868075
REACTOME_REGULATION_OF_INSULIN_LIKE_GROWTH_FACTOR_IGF_TRANSPORT_AND_UPTAKE_BY_INSULIN_LIKE_GROWTH_FACTOR_BINDING_PROTEINS_IGFBPS,1.2123016024575912,-1.1147225204372042,2.3270241228947954
REACTOME_REGULATION_OF_INSULIN_SECRETION,1.773342803623257,1.380753061296926,0.3925897423263309
REACTOME_REGULATION_OF_KIT_SIGNALING,0.8801005549891023,0.8367558122752394,0.043344742713862905
REACTOME_REGULATION_OF_LIPID_METABOLISM_BY_PPARALPHA,-1.0609249697812246,-0.7665444462321866,-0.294380523549038
REACTOME_REGULATION_OF_LOCALIZATION_OF_FOXO_TRANSCRIPTION_FACTORS,1.8573230004838504,1.5599962716119484,0.2973267288719019
REACTOME_REGULATION_OF_MECP2_EXPRESSION_AND_ACTIVITY,1.3810469601887716,1.2381774717888272,0.1428694883999444
REACTOME_REGULATION_OF_MITF_M_DEPENDENT_GENES_INVOLVED_IN_APOPTOSIS,1.233373692083263,1.1892086341761297,0.04416505790713332
REACTOME_REGULATION_OF_MITF_M_DEPENDENT_GENES_INVOLVED_IN_CELL_CYCLE_AND_PROLIFERATION,-1.0639065622465333,-1.303804476473646,0.2398979142271127
REACTOME_REGULATION_OF_MITF_M_DEPENDENT_GENES_INVOLVED_IN_EXTRACELLULAR_MATRIX_FOCAL_ADHESION_AND_EPITHELIAL_TO_MESENCHYMAL_TRANSITION,-0.831927966179581,-1.247289224372846,0.41536125819326497
REACTOME_REGULATION_OF_MITF_M_DEPENDENT_GENES_INVOLVED_IN_LYSOSOME_BIOGENESIS_AND_AUTOPHAGY,1.6649289955872477,1.6679372888973973,-0.0030082933101496234
REACTOME_REGULATION_OF_MITF_M_DEPENDENT_GENES_INVOLVED_IN_PIGMENTATION,1.0444626536290322,1.0872733039937208,-0.04281065036468856
REACTOME_REGULATION_OF_MRNA_STABILITY_BY_PROTEINS_THAT_BIND_AU_RICH_ELEMENTS,2.601457371496215,2.860863000258816,-0.25940562876260076
REACTOME_REGULATION_OF_NF_KAPPA_B_SIGNALING,-1.0416026618324485,-0.9735050755027456,-0.06809758632970297
REACTOME_REGULATION_OF_NPAS4_GENE_EXPRESSION,-1.0299530746700816,-0.6778907885437321,-0.3520622861263495
REACTOME_REGULATION_OF_ORNITHINE_DECARBOXYLASE_ODC,3.004592722778713,3.395676087910734,-0.39108336513202113
REACTOME_REGULATION_OF_PD_L1_CD274_EXPRESSION,1.9840667521168716,1.9800041449133743,0.0040626072034972704
REACTOME_REGULATION_OF_PD_L1_CD274_POST_TRANSLATIONAL_MODIFICATION,2.4890918631003256,2.575502603618163,-0.08641074051783759
REACTOME_REGULATION_OF_PD_L1_CD274_TRANSCRIPTION,-1.3240559794951727,-1.1217213954657614,-0.2023345840294113
REACTOME_REGULATION_OF_PLK1_ACTIVITY_AT_G2_M_TRANSITION,1.47542046269477,1.5439057938041358,-0.06848533110936583
REACTOME_REGULATION_OF_PTEN_GENE_TRANSCRIPTION,-0.7446568876227997,-0.9497186222383746,0.20506173461557486
REACTOME_REGULATION_OF_PTEN_STABILITY_AND_ACTIVITY,2.914835706892927,2.9216257638591907,-0.00679005696626378
REACTOME_REGULATION_OF_PYRUVATE_DEHYDROGENASE_PDH_COMPLEX,1.2150223106402636,1.084498337407952,0.13052397323231157
REACTOME_REGULATION_OF_PYRUVATE_METABOLISM,1.2422511317590106,1.2275824892122922,0.014668642546718402
REACTOME_REGULATION_OF_RAS_BY_GAPS,2.6798996038129523,2.8520443684866765,-0.1721447646737242
REACTOME_REGULATION_OF_RUNX1_EXPRESSION_AND_ACTIVITY,-0.9541626690962707,-0.7942323668960516,-0.1599303022002191
REACTOME_REGULATION_OF_RUNX2_EXPRESSION_AND_ACTIVITY,2.7333915273078793,2.954906095581544,-0.22151456827366456
REACTOME_REGULATION_OF_RUNX3_EXPRESSION_AND_ACTIVITY,2.836313768178343,3.0544467970333034,-0.21813302885496055
REACTOME_REGULATION_OF_SIGNALING_BY_CBL,1.1166230947890217,0.9656394118801307,0.15098368290889097
REACTOME_REGULATION_OF_SIGNALING_BY_NODAL,0.8510142802951056,-1.0124342815947758,1.8634485618898813
REACTOME_REGULATION_OF_TBK1_IKK_IKBKE_MEDIATED_ACTIVATION_OF_IRF3_IRF7,0.833292061159129,-0.810654253988054,1.6439463151471831
REACTOME_REGULATION_OF_TBK1_IKK_MEDIATED_ACTIVATION_OF_IRF3_IRF7_UPON_TLR3_LIGATION,0.8426794279924822,-0.9175271843383169,1.7602066123307991
REACTOME_REGULATION_OF_TLR_BY_ENDOGENOUS_LIGAND,-1.3234236640634502,-0.6293203371109564,-0.6941033269524939
REACTOME_REGULATION_OF_TP53_ACTIVITY,-1.0934965693997074,-1.0052142667754262,-0.08828230262428116
REACTOME_REGULATION_OF_TP53_ACTIVITY_THROUGH_ACETYLATION,1.4008647269210102,1.1955018261664114,0.20536290075459873
REACTOME_REGULATION_OF_TP53_ACTIVITY_THROUGH_ASSOCIATION_WITH_CO_FACTORS,-0.6389018349301367,0.8860527348190161,-1.5249545697491529
REACTOME_REGULATION_OF_TP53_ACTIVITY_THROUGH_METHYLATION,1.1328115946326278,-0.8873203644899611,2.020131959122589
REACTOME_REGULATION_OF_TP53_ACTIVITY_THROUGH_PHOSPHORYLATION,-1.3255849341001569,-1.266329279759331,-0.0592556543408258
REACTOME_REGULATION_OF_TP53_EXPRESSION_AND_DEGRADATION,-1.1345842357762514,-1.2354908559831304,0.1009066202068789
REACTOME_REGULATION_OF_T_CELL_ACTIVATION_BY_CD28_FAMILY,1.7256495212480574,1.7478906714575615,-0.022241150209504124
REACTOME_REMOVAL_OF_AMINOTERMINAL_PROPEPTIDES_FROM_GAMMA_CARBOXYLATED_PROTEINS,-1.3971788816858282,-0.8959637168445255,-0.5012151648413027
REACTOME_REPLACEMENT_OF_PROTAMINES_BY_NUCLEOSOMES_IN_THE_MALE_PRONUCLEUS,-0.9359555228411597,-1.1941640063603738,0.2582084835192141
REACTOME_REPRESSION_OF_WNT_TARGET_GENES,-0.8736871237677857,-1.2209929277328502,0.3473058039650645
REACTOME_REPRODUCTION,-1.460231750090388,-1.2513258605738926,-0.20890588951649547
REACTOME_RESOLUTION_OF_ABASIC_SITES_AP_SITES,-1.8923353826701388,-1.3509289810419198,-0.541406401628219
REACTOME_RESOLUTION_OF_AP_SITES_VIA_THE_MULTIPLE_NUCLEOTIDE_PATCH_REPLACEMENT_PATHWAY,-1.762544743591253,-1.1177362852964607,-0.6448084582947922
REACTOME_RESOLUTION_OF_D_LOOP_STRUCTURES,-1.8764455675607308,-1.5915783501757952,-0.2848672173849356
REACTOME_RESOLUTION_OF_D_LOOP_STRUCTURES_THROUGH_SYNTHESIS_DEPENDENT_STRAND_ANNEALING_SDSA,-1.7805255159899456,-1.4505487111914532,-0.32997680479849234
REACTOME_RESOLUTION_OF_SISTER_CHROMATID_COHESION,-1.933579444980538,-1.911618317278947,-0.021961127701590977
REACTOME_RESPIRATORY_ELECTRON_TRANSPORT,-1.609787977136238,-1.3074331686276135,-0.3023548085086245
REACTOME_RESPIRATORY_SYNCYTIAL_VIRUS_INFECTION_PATHWAY,1.5320799554364952,1.4831916526240807,0.04888830281241452
REACTOME_RESPIRATORY_SYNCYTIAL_VIRUS_RSV_ATTACHMENT_AND_ENTRY,1.3848005152298954,-1.0948340312168083,2.479634546446704
REACTOME_RESPIRATORY_SYNCYTIAL_VIRUS_RSV_GENOME_REPLICATION_TRANSCRIPTION_AND_TRANSLATION,2.0341199265343883,2.1659833146662053,-0.13186338813181697
REACTOME_RESPONSE_OF_EIF2AK1_HRI_TO_HEME_DEFICIENCY,-1.228090672789539,-1.3414040376204204,0.11331336483088128
REACTOME_RESPONSE_OF_EIF2AK4_GCN2_TO_AMINO_ACID_DEFICIENCY,-2.0369157858623628,-2.0309061740942975,-0.006009611768065248
REACTOME_RESPONSE_OF_MTB_TO_PHAGOCYTOSIS,1.9882597064709857,1.882757717010111,0.10550198946087463
REACTOME_RESPONSE_TO_ELEVATED_PLATELET_CYTOSOLIC_CA2,2.1290034508856164,1.9965420587430933,0.13246139214252306
REACTOME_RESPONSE_TO_METAL_IONS,-1.2295247258344892,1.6933611159436148,-2.922885841778104
REACTOME_RETINOID_CYCLE_DISEASE_EVENTS,-1.0191942092511628,-1.291446060880555,0.27225185162939214
REACTOME_RETROGRADE_NEUROTROPHIN_SIGNALLING,1.8069841385761407,1.7417499337995501,0.06523420477659059
REACTOME_RETROGRADE_TRANSPORT_AT_THE_TRANS_GOLGI_NETWORK,-0.9617369197883883,1.0317953761666379,-1.9935322959550261
REACTOME_RET_SIGNALING,1.0743403339461137,-0.9449897253522299,2.0193300592983436
REACTOME_REVERSIBLE_HYDRATION_OF_CARBON_DIOXIDE,-1.047185776948991,-0.7579349561096039,-0.289250820839387
REACTOME_RHOA_GTPASE_CYCLE,-1.0953712700196423,-1.0847423551432045,-0.0106289148764378
REACTOME_RHOBTB1_GTPASE_CYCLE,1.139317130387923,1.450467636658404,-0.3111505062704809
REACTOME_RHOBTB2_GTPASE_CYCLE,2.1938299231467964,2.4180446831856233,-0.2242147600388269
REACTOME_RHOBTB3_ATPASE_CYCLE,1.1961271543713028,1.707304224148397,-0.5111770697770943
REACTOME_RHOBTB_GTPASE_CYCLE,2.0532987614760256,2.3895783173832847,-0.3362795559072591
REACTOME_RHOB_GTPASE_CYCLE,-1.1917999748417856,-1.237096957029416,0.04529698218763034
REACTOME_RHOC_GTPASE_CYCLE,-1.1474566116551048,-1.1582289240646695,0.010772312409564666
REACTOME_RHOD_GTPASE_CYCLE,1.305635680516144,-0.9444829822423104,2.2501186627584544
REACTOME_RHOF_GTPASE_CYCLE,1.4441204392175628,1.31714041939478,0.12698001982278284
REACTOME_RHOG_GTPASE_CYCLE,-1.368244183794938,-1.2760766722684744,-0.09216751152646352
REACTOME_RHOH_GTPASE_CYCLE,1.4516276234911591,1.4506590641598147,0.0009685593313444318
REACTOME_RHOJ_GTPASE_CYCLE,-1.2582814222944867,-1.344013373477398,0.08573195118291133
REACTOME_RHOQ_GTPASE_CYCLE,-0.9910545579091187,-1.1501125536222503,0.15905799571313162
REACTOME_RHOU_GTPASE_CYCLE,1.5221769924048063,1.2991640630861527,0.22301292931865357
REACTOME_RHOV_GTPASE_CYCLE,1.0884208639216597,0.9208324891110043,0.16758837481065536
REACTOME_RHO_GTPASES_ACTIVATE_CIT,1.295978145724962,1.5512885097904743,-0.25531036406551233
REACTOME_RHO_GTPASES_ACTIVATE_FORMINS,-1.670838042487129,-1.7040871648673164,0.0332491223801874
REACTOME_RHO_GTPASES_ACTIVATE_IQGAPS,1.764514601424843,1.98618764986797,-0.22167304844312707
REACTOME_RHO_GTPASES_ACTIVATE_KTN1,1.573552855466882,1.4272437076608102,0.14630914780607185
REACTOME_RHO_GTPASES_ACTIVATE_NADPH_OXIDASES,-1.7343051415908524,-1.3279204117143342,-0.4063847298765182
REACTOME_RHO_GTPASES_ACTIVATE_PAKS,2.059279002862215,1.830457215514711,0.22882178734750402
REACTOME_RHO_GTPASES_ACTIVATE_PKNS,1.7472236225304865,1.7377040345186752,0.009519588011811297
REACTOME_RHO_GTPASES_ACTIVATE_ROCKS,1.8262847802046631,1.9900637912254366,-0.16377901102077352
REACTOME_RHO_GTPASES_ACTIVATE_WASPS_AND_WAVES,2.4215611182146244,2.371332653531091,0.05022846468353359
REACTOME_RHO_GTPASE_CYCLE,1.2482140943080402,-1.060961529681749,2.3091756239897894
REACTOME_RHO_GTPASE_EFFECTORS,1.5822354253991247,1.591066452072136,-0.008831026673011388
REACTOME_RIBAVIRIN_ADME,-1.2084761827694697,-0.9085908097406872,-0.2998853730287825
REACTOME_RIBOSOME_ASSOCIATED_QUALITY_CONTROL,1.5883611567495923,1.69885178351555,-0.11049062676595778
REACTOME_RIBOSOME_QUALITY_CONTROL_RQC_COMPLEX_EXTRACTS_AND_DEGRADES_NASCENT_PEPTIDE,1.9140541348226654,2.0643582069127495,-0.15030407209008412
REACTOME_RIPK1_MEDIATED_REGULATED_NECROSIS,1.4091945134428077,1.6663824946336345,-0.25718798119082686
REACTOME_RIP_MEDIATED_NFKB_ACTIVATION_VIA_ZBP1,0.7700367331790049,0.7325411625930472,0.03749557058595765
REACTOME_RMTS_METHYLATE_HISTONE_ARGININES,-1.0765370940623564,-0.657320408668282,-0.4192166853940744
REACTOME_RNA_POLYMERASE_III_CHAIN_ELONGATION,-0.6435523968697759,0.963853338555644,-1.60740573542542
REACTOME_RNA_POLYMERASE_III_TRANSCRIPTION,-1.018662979417371,-0.760039641277711,-0.25862333813966
REACTOME_RNA_POLYMERASE_III_TRANSCRIPTION_INITIATION_FROM_TYPE_1_PROMOTER,-0.7738377643814739,0.8057434180042149,-1.579581182385689
REACTOME_RNA_POLYMERASE_III_TRANSCRIPTION_INITIATION_FROM_TYPE_3_PROMOTER,-0.7864840440355135,-0.5572033271325753,-0.22928071690293828
REACTOME_RNA_POLYMERASE_III_TRANSCRIPTION_TERMINATION,-0.8472157253089456,-0.8754122545068154,0.028196529197869746
REACTOME_RNA_POLYMERASE_II_TRANSCRIBES_SNRNA_GENES,-0.8741799763956212,0.9606426356635583,-1.8348226120591795
REACTOME_RNA_POLYMERASE_II_TRANSCRIPTION,-1.151020891157854,-1.1377436000757777,-0.013277291082076426
REACTOME_RNA_POLYMERASE_II_TRANSCRIPTION_TERMINATION,-0.7869173384182893,1.006702080601715,-1.7936194190200043
REACTOME_RNA_POLYMERASE_I_PROMOTER_ESCAPE,-1.2480127324576997,-0.960516206413751,-0.2874965260439487
REACTOME_RNA_POLYMERASE_I_TRANSCRIPTION,-0.9858163271641215,0.9857123863256304,-1.971528713489752
REACTOME_RNA_POLYMERASE_I_TRANSCRIPTION_INITIATION,1.0927616374686677,1.3547339141798185,-0.26197227671115075
REACTOME_RNA_POLYMERASE_I_TRANSCRIPTION_TERMINATION,-0.9520806464087881,-0.7319313593878819,-0.2201492870209062
REACTOME_RND1_GTPASE_CYCLE,-0.8941591547459591,-1.1354816447918437,0.24132249004588457
REACTOME_RND2_GTPASE_CYCLE,-0.9158190200518114,-1.1657668346653869,0.24994781461357551
REACTOME_RND3_GTPASE_CYCLE,-0.7990212820406949,-1.1093846324404366,0.3103633503997417
REACTOME_ROLE_OF_LAT2_NTAL_LAB_ON_CALCIUM_MOBILIZATION,-1.1194064903008392,1.4758585121681542,-2.5952650024689934
REACTOME_ROLE_OF_PHOSPHOLIPIDS_IN_PHAGOCYTOSIS,-1.3239713630708707,1.3413308942995283,-2.6653022573703993
REACTOME_RORA_B_C_AND_NR1D1_REV_ERBA_REGULATE_GENE_EXPRESSION,-0.9754949339738054,-0.5435489528427531,-0.4319459811310523
REACTOME_ROS_AND_RNS_PRODUCTION_IN_PHAGOCYTES,1.423724964314122,1.3482392310187825,0.07548573329533959
REACTOME_RRNA_MODIFICATION_IN_THE_MITOCHONDRION,-1.2525356035857338,-1.1474020379943872,-0.10513356559134657
REACTOME_RRNA_MODIFICATION_IN_THE_NUCLEUS_AND_CYTOSOL,-1.2231216519927157,-1.1069655648878847,-0.11615608710483105
REACTOME_RRNA_PROCESSING,-1.4901393512726078,-1.2975833985141554,-0.1925559527584524
REACTOME_RRNA_PROCESSING_IN_THE_MITOCHONDRION,-0.9435517767791701,-0.6724637580129779,-0.27108801876619226
REACTOME_RSV_HOST_INTERACTIONS,-0.6997082378958909,-0.8790453169911995,0.1793370790953086
REACTOME_RUNX1_INTERACTS_WITH_CO_FACTORS_WHOSE_PRECISE_EFFECT_ON_RUNX1_TARGETS_IS_NOT_KNOWN,0.99857862515262,0.8269403602709107,0.1716382648817093
REACTOME_RUNX1_REGULATES_GENES_INVOLVED_IN_MEGAKARYOCYTE_DIFFERENTIATION_AND_PLATELET_FUNCTION,-1.1670010078117223,-0.6143129335979194,-0.552688074213803
REACTOME_RUNX1_REGULATES_TRANSCRIPTION_OF_GENES_INVOLVED_IN_DIFFERENTIATION_OF_HSCS,2.1960953565367,2.4915226855318178,-0.2954273289951179
REACTOME_RUNX2_REGULATES_BONE_DEVELOPMENT,-1.2100302196234436,-1.3119035575901867,0.10187333796674314
REACTOME_RUNX2_REGULATES_OSTEOBLAST_DIFFERENTIATION,-1.1558819291198466,-1.2958226138133302,0.13994068469348364
REACTOME_RUNX3_REGULATES_NOTCH_SIGNALING,-0.9436559008178236,0.7681964230292483,-1.7118523238470718
REACTOME_RUNX3_REGULATES_P14_ARF,-0.6807120024097416,-0.721953200907827,0.041241198498085385
REACTOME_SARS_COV_1_ACTIVATES_MODULATES_INNATE_IMMUNE_RESPONSES,-0.9614338625905471,1.1993412946207442,-2.160775157211291
REACTOME_SARS_COV_1_HOST_INTERACTIONS,1.2538840781479175,1.3235662421801258,-0.06968216403220828
REACTOME_SARS_COV_1_INFECTION,1.2949168702217961,1.4227069406577917,-0.12779007043599555
REACTOME_SARS_COV_1_MODULATES_HOST_TRANSLATION_MACHINERY,-1.7650021963474374,-1.5804355590184835,-0.18456663732895384
REACTOME_SARS_COV_1_TARGETS_HOST_INTRACELLULAR_SIGNALLING_AND_REGULATORY_PATHWAYS,2.3183031361956976,2.2212237015967937,0.09707943459890389
REACTOME_SARS_COV_2_ACTIVATES_MODULATES_INNATE_AND_ADAPTIVE_IMMUNE_RESPONSES,-0.8509221298122186,1.1889136387793913,-2.03983576859161
REACTOME_SARS_COV_2_HOST_INTERACTIONS,1.1373981725465454,1.2670836253317868,-0.12968545278524135
REACTOME_SARS_COV_2_INFECTION,1.3760434666414603,1.3945074848891512,-0.01846401824769095
REACTOME_SARS_COV_2_MODULATES_AUTOPHAGY,1.552387352391037,1.4912827830976692,0.06110456929336783
REACTOME_SARS_COV_2_MODULATES_HOST_TRANSLATION_MACHINERY,-1.7430269028193004,-1.5450509774218975,-0.19797592539740294
REACTOME_SARS_COV_2_TARGETS_HOST_INTRACELLULAR_SIGNALLING_AND_REGULATORY_PATHWAYS,2.4439207869775457,2.067394041586785,0.3765267453907608
REACTOME_SARS_COV_INFECTIONS,1.3716663766644788,1.4934058462403939,-0.12173946957591508
REACTOME_SCAVENGING_BY_CLASS_A_RECEPTORS,1.1933275762156315,-0.8306129214547463,2.023940497670378
REACTOME_SCAVENGING_BY_CLASS_B_RECEPTORS,-0.6433185956808393,0.8519661058349413,-1.4952847015157804
REACTOME_SCAVENGING_OF_HEME_FROM_PLASMA,-1.4404365812248583,1.6685939526437648,-3.109030533868623
REACTOME_SCF_BETA_TRCP_MEDIATED_DEGRADATION_OF_EMI1,2.7534240569541493,3.0169310719940494,-0.26350701503990015
REACTOME_SCF_SKP2_MEDIATED_DEGRADATION_OF_P27_P21,2.5322418192628207,2.8089979484048815,-0.2767561291420608
REACTOME_SEALING_OF_THE_NUCLEAR_ENVELOPE_NE_BY_ESCRT_III,1.3591677681283862,1.7577852540458305,-0.3986174859174443
REACTOME_SELECTIVE_AUTOPHAGY,2.0621891154323717,2.0524929603634283,0.00969615506894339
REACTOME_SELENOAMINO_ACID_METABOLISM,-1.5662404543774875,-1.626915338017285,0.06067488363979745
REACTOME_SEMA3A_PAK_DEPENDENT_AXON_REPULSION,1.8464351951195699,1.5554437158609324,0.29099147925863744
REACTOME_SEMA3A_PLEXIN_REPULSION_SIGNALING_BY_INHIBITING_INTEGRIN_ADHESION,0.7766236024039059,-1.1622716791861165,1.9388952815900224
REACTOME_SEMA4D_INDUCED_CELL_MIGRATION_AND_GROWTH_CONE_COLLAPSE,1.4734465296441004,1.4656272977494333,0.007819231894667045
REACTOME_SEMA4D_IN_SEMAPHORIN_SIGNALING,1.353323923866593,1.3177067107396943,0.035617213126898806
REACTOME_SEMAPHORIN_INTERACTIONS,1.5855444640909129,1.3841035412117166,0.20144092287919624
REACTOME_SENESCENCE_ASSOCIATED_SECRETORY_PHENOTYPE_SASP,-1.6474367589159364,-1.4125478431587526,-0.23488891575718385
REACTOME_SENSORY_PERCEPTION,1.5443818013631871,-0.9079807518503815,2.4523625532135687
REACTOME_SENSORY_PERCEPTION_OF_TASTE,1.1559167249709532,-0.9276155361593856,2.0835322611303386
REACTOME_SENSORY_PROCESSING_OF_SOUND,1.9132990859893237,1.7460720210643759,0.16722706492494788
REACTOME_SENSORY_PROCESSING_OF_SOUND_BY_OUTER_HAIR_CELLS_OF_THE_COCHLEA,1.5832611276218047,1.549762816422315,0.03349831119948976
REACTOME_SEPARATION_OF_SISTER_CHROMATIDS,-1.3055790837421457,-1.3029883591256037,-0.002590724616541973
REACTOME_SERINE_METABOLISM,-1.206412454405381,-1.40454121573062,0.19812876132523916
REACTOME_SEROTONIN_NEUROTRANSMITTER_RELEASE_CYCLE,1.6427713829045105,1.020379417280169,0.6223919656243415
REACTOME_SEROTONIN_RECEPTORS,-1.1066708106267125,-0.9385374180354713,-0.16813339259124116
REACTOME_SHC1_EVENTS_IN_EGFR_SIGNALING,1.5212545636313508,1.9068291800788821,-0.3855746164475313
REACTOME_SHC1_EVENTS_IN_ERBB2_SIGNALING,1.2856441385281034,1.5989737329597922,-0.31332959443168873
REACTOME_SHC1_EVENTS_IN_ERBB4_SIGNALING,1.408989514981861,1.5511688572220401,-0.14217934224017914
REACTOME_SHC_MEDIATED_CASCADE_FGFR1,1.2522737552961865,1.3812604451245816,-0.12898668982839512
REACTOME_SHC_MEDIATED_CASCADE_FGFR3,1.3268937457233139,1.091037745348757,0.2358560003745569
REACTOME_SHC_MEDIATED_CASCADE_FGFR4,1.2542540995207978,1.0782715960093274,0.17598250351147038
REACTOME_SIALIC_ACID_METABOLISM,-1.1940001355417798,-1.2009920165897265,0.006991881047946791
REACTOME_SIGNALING_BY_ACTIVIN,-1.2125875526985461,-1.2245887443763197,0.012001191677773582
REACTOME_SIGNALING_BY_ALK,1.4412470204633467,1.3230925644698357,0.11815445599351104
REACTOME_SIGNALING_BY_ALK_IN_CANCER,1.6602508791127568,1.536964548659184,0.12328633045357273
REACTOME_SIGNALING_BY_BMP,-0.7527438321903566,-1.4000030905176573,0.6472592583273007
REACTOME_SIGNALING_BY_BRAF_AND_RAF1_FUSIONS,2.065307285083996,2.03723070881023,0.02807657627376603
REACTOME_SIGNALING_BY_CSF1_M_CSF_IN_MYELOID_CELLS,1.0691371953728415,1.024180473160953,0.04495672221188851
REACTOME_SIGNALING_BY_CSF3_G_CSF,-0.7917360173213667,-0.8636596598092847,0.07192364248791805
REACTOME_SIGNALING_BY_CTNNB1_PHOSPHO_SITE_MUTANTS,-0.760630654103474,-0.8356076646120655,0.07497701050859151
REACTOME_SIGNALING_BY_CYTOSOLIC_FGFR1_FUSION_MUTANTS,1.3072870982613098,1.2417416417844638,0.06554545647684606
REACTOME_SIGNALING_BY_EGFR,1.7405561110164018,1.740552415251834,3.695764567934745e-06
REACTOME_SIGNALING_BY_EGFR_IN_CANCER,1.8411330604088665,2.030835354123865,-0.18970229371499858
REACTOME_SIGNALING_BY_ERBB2,1.551968709471349,1.7072725452228914,-0.15530383575154239
REACTOME_SIGNALING_BY_ERBB2_ECD_MUTANTS,1.8020732152644519,2.0478254350470317,-0.24575221978257988
REACTOME_SIGNALING_BY_ERBB2_IN_CANCER,1.587998968763578,1.9431865038299376,-0.3551875350663596
REACTOME_SIGNALING_BY_ERBB4,1.1079037645666934,-0.9738489802964436,2.081752744863137
REACTOME_SIGNALING_BY_ERYTHROPOIETIN,0.842537218111439,1.005869863585008,-0.16333264547356907
REACTOME_SIGNALING_BY_FGFR,-0.7801872617215475,-1.0083387671127628,0.22815150539121531
REACTOME_SIGNALING_BY_FGFR1,0.8662259942323365,-1.0820287515933091,1.9482547458256456
REACTOME_SIGNALING_BY_FGFR1_IN_DISEASE,1.1842817955290235,1.0591373129942327,0.1251444825347907
REACTOME_SIGNALING_BY_FGFR2,1.0741029328025329,1.201200212334652,-0.12709727953211902
REACTOME_SIGNALING_BY_FGFR2_IIIA_TM,-1.0866850058924096,0.9666688144478542,-2.0533538203402637
REACTOME_SIGNALING_BY_FGFR2_IN_DISEASE,1.1062078531126744,1.2694739348383453,-0.1632660817256708
REACTOME_SIGNALING_BY_FGFR3,1.0683374384309845,-0.9677143582527566,2.0360517966837413
REACTOME_SIGNALING_BY_FGFR4,1.0485258948064824,-0.9621020848562272,2.0106279796627096
REACTOME_SIGNALING_BY_FGFR4_IN_DISEASE,1.1857032958875087,1.3997808241427123,-0.21407752825520365
REACTOME_SIGNALING_BY_FGFR_IN_DISEASE,1.0067044978452502,1.1128678477206109,-0.10616334987536069
REACTOME_SIGNALING_BY_FLT3_FUSION_PROTEINS,0.9677787339412978,1.1031282073761817,-0.1353494734348839
REACTOME_SIGNALING_BY_FLT3_ITD_AND_TKD_MUTANTS,0.9911392530599051,1.2777189941951086,-0.28657974113520346
REACTOME_SIGNALING_BY_GPCR,-0.9887636907011768,-0.8222140177240355,-0.1665496729771413
REACTOME_SIGNALING_BY_HEDGEHOG,2.4183231360798296,2.435610524014817,-0.017287387934987297
REACTOME_SIGNALING_BY_HIPPO,-1.1205667551011458,-1.2066303624783505,0.08606360737720475
REACTOME_SIGNALING_BY_INSULIN_RECEPTOR,1.607810632330354,1.202487110549643,0.40532352178071096
REACTOME_SIGNALING_BY_INTERLEUKINS,1.8433774993461318,1.854506861318032,-0.011129361971900176
REACTOME_SIGNALING_BY_KIT_IN_DISEASE,0.8555528051659215,1.0712089351010043,-0.21565612993508287
REACTOME_SIGNALING_BY_LEPTIN,-0.9284719871932984,-1.124782969084459,0.1963109818911607
REACTOME_SIGNALING_BY_LTK,0.8421331860733423,0.9603518907615529,-0.11821870468821061
REACTOME_SIGNALING_BY_MET,-1.024293145964644,-1.0384205795749923,0.014127433610348294
REACTOME_SIGNALING_BY_MODERATE_KINASE_ACTIVITY_BRAF_MUTANTS,1.877687463582238,2.0612262357542557,-0.18353877217201764
REACTOME_SIGNALING_BY_NODAL,0.7820004913800236,-0.9661913904058476,1.7481918817858713
REACTOME_SIGNALING_BY_NOTCH,1.8281504173704417,1.924451323097181,-0.09630090572673922
REACTOME_SIGNALING_BY_NOTCH1,1.3284732486135522,-0.9770470811615564,2.3055203297751086
REACTOME_SIGNALING_BY_NOTCH1_HD_DOMAIN_MUTANTS_IN_CANCER,1.511514320182545,1.3702673227970963,0.14124699738544866
REACTOME_SIGNALING_BY_NOTCH1_PEST_DOMAIN_MUTANTS_IN_CANCER,1.3535322454293912,1.1240109553842768,0.22952129004511446
REACTOME_SIGNALING_BY_NOTCH2,-1.008111859162503,-0.9067214324428162,-0.10139042671968668
REACTOME_SIGNALING_BY_NOTCH3,-1.0959083114893162,-1.12302063902708,0.027112327537763825
REACTOME_SIGNALING_BY_NOTCH4,2.6100906334627156,2.72878582117132,-0.11869518770860443
REACTOME_SIGNALING_BY_NTRK2_TRKB,0.9547161710454425,-0.8479710368734837,1.8026872079189262
REACTOME_SIGNALING_BY_NTRK3_TRKC,0.9433039699728369,0.9762015572560977,-0.032897587283260754
REACTOME_SIGNALING_BY_NTRKS,1.476974068302359,1.4055861611596736,0.0713879071426855
REACTOME_SIGNALING_BY_NUCLEAR_RECEPTORS,1.0687875719994744,1.1688692018884803,-0.10008162988900593
REACTOME_SIGNALING_BY_PDGF,-1.235647197260232,-0.9840860019714168,-0.25156119528881526
REACTOME_SIGNALING_BY_PDGFRA_TRANSMEMBRANE_JUXTAMEMBRANE_AND_KINASE_DOMAIN_MUTANTS,1.3508987775024728,1.503026792700425,-0.15212801519795227
REACTOME_SIGNALING_BY_PDGFR_IN_DISEASE,1.0292956508318436,1.1886411713049059,-0.15934552047306227
REACTOME_SIGNALING_BY_PTK6,1.1669166796907442,1.3303300545863523,-0.16341337489560814
REACTOME_SIGNALING_BY_RECEPTOR_TYROSINE_KINASES,1.3386977033556167,-0.9450731625914797,2.2837708659470963
REACTOME_SIGNALING_BY_RETINOIC_ACID,0.8545281155207055,-0.6429862786908344,1.4975143942115399
REACTOME_SIGNALING_BY_RHO_GTPASES_MIRO_GTPASES_AND_RHOBTB3,1.4788597688399483,-1.0564938730623306,2.5353536419022786
REACTOME_SIGNALING_BY_ROBO_RECEPTORS,1.5224361557025317,1.5610326264253787,-0.038596470722847
REACTOME_SIGNALING_BY_SCF_KIT,-0.9929890996984683,0.79180800121062,-1.7847971009090884
REACTOME_SIGNALING_BY_TGFBR3,-1.0577977170283033,-0.9193243584922811,-0.13847335853602216
REACTOME_SIGNALING_BY_TGFB_FAMILY_MEMBERS,-1.1330738623704915,-1.0314510699739197,-0.10162279239657179
REACTOME_SIGNALING_BY_TGF_BETA_RECEPTOR_COMPLEX,1.411883931390534,1.4926549444357562,-0.08077101304522216
REACTOME_SIGNALING_BY_THE_B_CELL_RECEPTOR_BCR,2.016794395337477,2.581481137993952,-0.564686742656475
REACTOME_SIGNALING_BY_TYPE_1_INSULIN_LIKE_GROWTH_FACTOR_1_RECEPTOR_IGF1R,-0.7206191802669184,-1.1278922832540885,0.4072731029871701
REACTOME_SIGNALING_BY_VEGF,-0.9618555010390865,-0.8681369574379987,-0.09371854360108778
REACTOME_SIGNALING_BY_WNT,1.729939599456008,1.7823722063466005,-0.05243260689059248
REACTOME_SIGNALING_BY_WNT_IN_CANCER,-0.9866805448725249,-1.1552592236245876,0.16857867875206267
REACTOME_SIGNALLING_TO_ERKS,1.299453637864146,1.4093493872867084,-0.10989574942256253
REACTOME_SIGNALLING_TO_RAS,1.172431116604232,1.188161338920493,-0.015730222316260978
REACTOME_SIGNAL_AMPLIFICATION,-0.8204495504561004,-0.8723196813209603,0.05187013086485992
REACTOME_SIGNAL_ATTENUATION,1.2322410136325928,0.8546613073063258,0.3775797063262669
REACTOME_SIGNAL_REGULATORY_PROTEIN_FAMILY_INTERACTIONS,-0.6330492878643651,0.80966730230536,-1.442716590169725
REACTOME_SIGNAL_TRANSDUCTION_BY_L1,1.1287349809208735,-0.9116138931363845,2.040348874057258
REACTOME_SIRT1_NEGATIVELY_REGULATES_RRNA_EXPRESSION,-1.2783684847750274,-1.1358919938367888,-0.14247649093823855
REACTOME_SLBP_DEPENDENT_PROCESSING_OF_REPLICATION_DEPENDENT_HISTONE_PRE_MRNAS,-1.389486110744529,-1.1417224853236951,-0.24776362542083397
REACTOME_SLC_MEDIATED_TRANSMEMBRANE_TRANSPORT,-0.8100594240535366,-0.9695252234066406,0.159465799353104
REACTOME_SLC_MEDIATED_TRANSPORT_OF_AMINO_ACIDS,0.7961189648469945,-1.266592795250511,2.0627117600975056
REACTOME_SLC_MEDIATED_TRANSPORT_OF_INORGANIC_ANIONS,1.2211840124972744,0.8288840979814744,0.39229991451579993
REACTOME_SLC_MEDIATED_TRANSPORT_OF_NEUROTRANSMITTERS,0.5056795822945552,-0.7285292609044666,1.234208843199022
REACTOME_SLC_MEDIATED_TRANSPORT_OF_ORGANIC_ANIONS,-0.8879582158470649,0.8620119525481635,-1.7499701683952285
REACTOME_SLC_MEDIATED_TRANSPORT_OF_ORGANIC_CATIONS,-0.6417134259548958,-0.5733606673353664,-0.06835275861952939
REACTOME_SLC_TRANSPORTER_DISORDERS,-0.7271074592675988,-0.7372712135677348,0.010163754300136052
REACTOME_SMAD2_SMAD3_SMAD4_HETEROTRIMER_REGULATES_TRANSCRIPTION,-0.9931371511032375,-1.0185383321662103,0.025401181062972733
REACTOME_SMOOTH_MUSCLE_CONTRACTION,1.4520051752494094,-1.0832436603168105,2.53524883556622
REACTOME_SNRNP_ASSEMBLY,-0.7975296234387044,-0.8213665955388623,0.023836972100157894
REACTOME_SODIUM_CALCIUM_EXCHANGERS,-0.7120536713264488,-1.1374835706193973,0.4254298992929485
REACTOME_SOMITOGENESIS,2.9643592816124964,3.133123993726111,-0.16876471211361466
REACTOME_SPECIFICATION_OF_PRIMORDIAL_GERM_CELLS,-0.9804866227941132,1.1725401917840503,-2.1530268145781637
REACTOME_SPECIFICATION_OF_THE_NEURAL_PLATE_BORDER,-0.8273638998772732,1.3098632583464735,-2.1372271582237468
REACTOME_SPHINGOLIPID_CATABOLISM,-1.0569107360444836,1.0618971629402174,-2.1188078989847012
REACTOME_SPHINGOLIPID_DE_NOVO_BIOSYNTHESIS,-1.0045410742254175,-0.9670601267250897,-0.03748094750032782
REACTOME_SPHINGOLIPID_METABOLISM,-0.8736299707271191,-0.7659601502405791,-0.10766982048654006
REACTOME_SPOP_MEDIATED_PROTEASOMAL_DEGRADATION_OF_PD_L1_CD274,2.9465456439976614,3.207051640994152,-0.26050599699649046
REACTOME_SPRY_REGULATION_OF_FGF_SIGNALING,1.1527790682347152,-0.9092791897114737,2.062058257946189
REACTOME_SRP_DEPENDENT_COTRANSLATIONAL_PROTEIN_TARGETING_TO_MEMBRANE,-1.8612875349742477,-1.9336492513807415,0.0723617164064938
REACTOME_STABILIZATION_OF_P53,2.818524826375608,3.0658373837252944,-0.24731255734968638
REACTOME_STAT3_NUCLEAR_EVENTS_DOWNSTREAM_OF_ALK_SIGNALING,1.912411417431462,2.2567653846291393,-0.3443539671976774
REACTOME_STAT5_ACTIVATION_DOWNSTREAM_OF_FLT3_ITD_MUTANTS,-0.7428962996384804,0.8945460187081072,-1.6374423183465876
REACTOME_STIMULI_SENSING_CHANNELS,-1.0526696912693185,-1.4350780394265445,0.382408348157226
REACTOME_STING_MEDIATED_INDUCTION_OF_HOST_IMMUNE_RESPONSES,1.132409605181391,1.4419514745581448,-0.30954186937675376
REACTOME_STRIATED_MUSCLE_CONTRACTION,1.0736142607690171,-0.8971474842284763,1.9707617449974935
REACTOME_SULFUR_AMINO_ACID_METABOLISM,-0.6770192108225762,-0.9287924092260081,0.25177319840343193
REACTOME_SUMOYLATION,-0.9762033206565464,1.1330171078204314,-2.109220428476978
REACTOME_SUMOYLATION_OF_CHROMATIN_ORGANIZATION_PROTEINS,0.9620071986799721,1.1242572833867008,-0.16225008470672875
REACTOME_SUMOYLATION_OF_DNA_DAMAGE_RESPONSE_AND_REPAIR_PROTEINS,-0.9239005347136509,-0.9571515189271643,0.03325098421351347
REACTOME_SUMOYLATION_OF_DNA_METHYLATION_PROTEINS,-0.873170816993678,-0.9941047726017255,0.12093395560804743
REACTOME_SUMOYLATION_OF_DNA_REPLICATION_PROTEINS,-0.9784288174577744,-0.9590827972716395,-0.01934602018613496
REACTOME_SUMOYLATION_OF_IMMUNE_RESPONSE_PROTEINS,-0.5714230421262152,0.8384918795309029,-1.409914921657118
REACTOME_SUMOYLATION_OF_INTRACELLULAR_RECEPTORS,-1.1857723662129611,-0.9551869458182742,-0.23058542039468688
REACTOME_SUMOYLATION_OF_RNA_BINDING_PROTEINS,1.2140531897377262,1.209725736997312,0.004327452740414239
REACTOME_SUMOYLATION_OF_SUMOYLATION_PROTEINS,0.8838346133014701,0.9869033879575116,-0.10306877465604158
REACTOME_SUMOYLATION_OF_TRANSCRIPTION_COFACTORS,0.8845752815595674,1.0810356737854032,-0.19646039222583578
REACTOME_SUMOYLATION_OF_TRANSCRIPTION_FACTORS,-0.9737402240894272,0.9653773486366614,-1.9391175727260885
REACTOME_SUMOYLATION_OF_UBIQUITINYLATION_PROTEINS,1.1157472762820486,1.1956052651525757,-0.07985798887052709
REACTOME_SUPPRESSION_OF_PHAGOSOMAL_MATURATION,1.9675723674984775,1.7627585498975902,0.20481381760088735
REACTOME_SURFACTANT_METABOLISM,0.8236658979626151,0.8044792819452978,0.019186616017317304
REACTOME_SWITCHING_OF_ORIGINS_TO_A_POST_REPLICATIVE_STATE,1.9485143989909353,2.336880926234291,-0.38836652724335563
REACTOME_SYNAPTIC_ADHESION_LIKE_MOLECULES,1.234115555471698,-1.3625586781321324,2.5966742336038307
REACTOME_SYNDECAN_INTERACTIONS,1.264127493542915,-1.0250178036793183,2.289145297222233
REACTOME_SYNTHESIS_OF_ACTIVE_UBIQUITIN_ROLES_OF_E1_AND_E2_ENZYMES,1.098331176439912,-1.0688184340464588,2.167149610486371
REACTOME_SYNTHESIS_OF_BILE_ACIDS_AND_BILE_SALTS,-1.4465995728400638,-0.8253314181606632,-0.6212681546794006
REACTOME_SYNTHESIS_OF_BILE_ACIDS_AND_BILE_SALTS_VIA_24_HYDROXYCHOLESTEROL,-0.8825255623531896,-0.5758203271520028,-0.30670523520118675
REACTOME_SYNTHESIS_OF_BILE_ACIDS_AND_BILE_SALTS_VIA_27_HYDROXYCHOLESTEROL,-1.2207090412385813,-0.6572950891342512,-0.5634139521043301
REACTOME_SYNTHESIS_OF_BILE_ACIDS_AND_BILE_SALTS_VIA_7ALPHA_HYDROXYCHOLESTEROL,-1.3426677995998013,-0.7462018006203802,-0.5964659989794211
REACTOME_SYNTHESIS_OF_DNA,1.5155818524065776,1.975876425066813,-0.46029457266023543
REACTOME_SYNTHESIS_OF_GLYCOSYLPHOSPHATIDYLINOSITOL_GPI,-1.1603977357259239,-1.5398157636052339,0.37941802787931
REACTOME_SYNTHESIS_OF_IP2_IP_AND_INS_IN_THE_CYTOSOL,-0.8529639969967971,-1.1187297500209124,0.2657657530241152
REACTOME_SYNTHESIS_OF_IP3_AND_IP4_IN_THE_CYTOSOL,1.0023924971190683,-0.8142417331714173,1.8166342302904857
REACTOME_SYNTHESIS_OF_LEUKOTRIENES_LT_AND_EOXINS_EX,1.7394000005739378,1.7782597006217589,-0.03885970004782102
REACTOME_SYNTHESIS_OF_PA,-0.7476581919429617,-1.2764639484902853,0.5288057565473236
REACTOME_SYNTHESIS_OF_PC,-0.7501718560217556,-0.9007933560471477,0.1506215000253921
REACTOME_SYNTHESIS_OF_PE,-0.8434241331512383,-1.0365333534068113,0.19310922025557298
REACTOME_SYNTHESIS_OF_PIPS_AT_THE_EARLY_ENDOSOME_MEMBRANE,-1.0060120642087689,-1.3079847164316039,0.301972652222835
REACTOME_SYNTHESIS_OF_PIPS_AT_THE_GOLGI_MEMBRANE,1.1248182693186268,1.0523023543515524,0.07251591496707444
REACTOME_SYNTHESIS_OF_PIPS_AT_THE_LATE_ENDOSOME_MEMBRANE,-0.974294553781695,-1.2950005221669532,0.3207059683852581
REACTOME_SYNTHESIS_OF_PIPS_AT_THE_PLASMA_MEMBRANE,-0.831363179233396,-1.099537920159312,0.2681747409259161
REACTOME_SYNTHESIS_OF_PROSTAGLANDINS_PG_AND_THROMBOXANES_TX,0.7838793507038239,0.9196654654481942,-0.1357861147443703
REACTOME_SYNTHESIS_OF_PYROPHOSPHATES_IN_THE_CYTOSOL,0.7564249512822189,-1.2083282521791043,1.9647532034613233
REACTOME_SYNTHESIS_OF_SUBSTRATES_IN_N_GLYCAN_BIOSYTHESIS,-1.579899189852184,-1.5476133411797435,-0.03228584867244044
REACTOME_SYNTHESIS_OF_VERY_LONG_CHAIN_FATTY_ACYL_COAS,-1.0616717862877307,-0.7451273182185528,-0.3165444680691779
REACTOME_SYNTHESIS_SECRETION_AND_DEACYLATION_OF_GHRELIN,-1.3074743926170564,-1.4413202868205088,0.1338458942034524
REACTOME_SYNTHESIS_SECRETION_AND_INACTIVATION_OF_GLUCAGON_LIKE_PEPTIDE_1_GLP_1,-1.157600231432912,-1.0597388831521894,-0.09786134828072246
REACTOME_SYNTHESIS_SECRETION_AND_INACTIVATION_OF_GLUCOSE_DEPENDENT_INSULINOTROPIC_POLYPEPTIDE_GIP,-1.4228900013948969,-1.3489150071119076,-0.07397499428298926
REACTOME_S_PHASE,-1.367050535751725,-1.1849001784217912,-0.1821503573299339
REACTOME_TAK1_DEPENDENT_IKK_AND_NF_KAPPA_B_ACTIVATION,-0.964812302284419,-0.6904969188601187,-0.2743153834243004
REACTOME_TANDEM_PORE_DOMAIN_POTASSIUM_CHANNELS,1.7627381028499798,1.6034741874931822,0.15926391535679763
REACTOME_TBC_RABGAPS,-0.8810822663577829,-0.965310369824178,0.08422810346639509
REACTOME_TCF_DEPENDENT_SIGNALING_IN_RESPONSE_TO_WNT,1.8105624839451984,1.8625622062120673,-0.051999722266868886
REACTOME_TCR_SIGNALING,2.311241895352494,2.459529533577997,-0.1482876382255034
REACTOME_TELOMERE_C_STRAND_LAGGING_STRAND_SYNTHESIS,-1.856976895991685,-1.5073728811301703,-0.3496040148615147
REACTOME_TELOMERE_C_STRAND_SYNTHESIS_INITIATION,-1.187793766496714,-1.5832458844912167,0.39545211799450275
REACTOME_TELOMERE_EXTENSION_BY_TELOMERASE,-1.0660357981183044,-1.1674813427240425,0.10144554460573807
REACTOME_TELOMERE_MAINTENANCE,-1.7956132662120852,-1.2723317964258543,-0.5232814697862309
REACTOME_TERMINATION_OF_O_GLYCAN_BIOSYNTHESIS,0.6059167165305308,-1.1938270803469249,1.7997437968774557
REACTOME_TERMINATION_OF_TRANSLESION_DNA_SYNTHESIS,-1.9204970343033356,-1.466238219065309,-0.4542588152380267
REACTOME_TETRAHYDROBIOPTERIN_BH4_SYNTHESIS_RECYCLING_SALVAGE_AND_REGULATION,-0.7716319110785861,0.9596598014752393,-1.7312917125538254
REACTOME_TFAP2_AP_2_FAMILY_REGULATES_TRANSCRIPTION_OF_GROWTH_FACTORS_AND_THEIR_RECEPTORS,0.6953331801829534,1.1324870533226312,-0.4371538731396778
REACTOME_TGFBR3_EXPRESSION,-0.9563829790181082,0.8177448196615528,-1.774127798679661
REACTOME_TGFBR3_PTM_REGULATION,-1.1923054593620181,-1.464053487520606,0.2717480281585878
REACTOME_TGF_BETA_RECEPTOR_SIGNALING_ACTIVATES_SMADS,1.6634922994526997,1.6241679912194882,0.039324308233211536
REACTOME_TGF_BETA_RECEPTOR_SIGNALING_IN_EMT_EPITHELIAL_TO_MESENCHYMAL_TRANSITION,1.6696829233503478,1.6223352467672938,0.047347676583054055
REACTOME_THE_ACTIVATION_OF_ARYLSULFATASES,-1.06727628177774,-1.231483118516719,0.16420683673897907
REACTOME_THE_CANONICAL_RETINOID_CYCLE_IN_RODS_TWILIGHT_VISION,-0.8672380923878235,-1.2684771086438693,0.40123901625604586
REACTOME_THE_CRY_PER_KINASE_COMPLEX_REPRESSES_TRANSACTIVATION_BY_THE_BMAL_CLOCK_ARNTL_CLOCK_COMPLEX,-0.9345509727635416,-0.5494099674529583,-0.38514100531058326
REACTOME_THE_NLRP3_INFLAMMASOME,1.4203314543515033,1.409322016659527,0.011009437691976265
REACTOME_THE_PHOTOTRANSDUCTION_CASCADE,-0.7069067173196739,-1.007979066571084,0.30107234925141
REACTOME_THE_ROLE_OF_GTSE1_IN_G2_M_PROGRESSION_AFTER_G2_CHECKPOINT,2.659589738315244,2.9545939091108115,-0.2950041707955675
REACTOME_THE_ROLE_OF_NEF_IN_HIV_1_REPLICATION_AND_DISEASE_PATHOGENESIS,1.4877236000838372,1.6770555597818049,-0.18933195969796768
REACTOME_THROMBIN_SIGNALLING_THROUGH_PROTEINASE_ACTIVATED_RECEPTORS_PARS,-0.8104932050876319,-0.9723214080979095,0.16182820301027756
REACTOME_THROMBOXANE_SIGNALLING_THROUGH_TP_RECEPTOR,0.7916678285505918,-0.8631217364986405,1.6547895650492324
REACTOME_THYROXINE_BIOSYNTHESIS,-1.1366990318808747,1.3780709712084234,-2.514770003089298
REACTOME_TICAM1_DEPENDENT_ACTIVATION_OF_IRF3_IRF7,0.7860404188550693,-0.9183661661013928,1.704406584956462
REACTOME_TICAM1_RIP1_MEDIATED_IKK_COMPLEX_RECRUITMENT,-0.7805588678813133,-0.8807181743835544,0.10015930650224103
REACTOME_TICAM1_TRAF6_DEPENDENT_INDUCTION_OF_TAK1_COMPLEX,0.8577879850971005,-0.6868393712423139,1.5446273563394144
REACTOME_TIE2_SIGNALING,0.9473418900183826,1.2121075799665442,-0.2647656899481615
REACTOME_TIGHT_JUNCTION_INTERACTIONS,-1.1337894287009143,-1.2970207196163601,0.16323129091544586
REACTOME_TNFR1_INDUCED_NF_KAPPA_B_SIGNALING_PATHWAY,-1.0000311325445108,-0.9787386098003569,-0.02129252274415394
REACTOME_TNFR1_INDUCED_PROAPOPTOTIC_SIGNALING,-1.1040172535557669,-0.9385166328842944,-0.16550062067147242
REACTOME_TNFR2_NON_CANONICAL_NF_KB_PATHWAY,2.284364550751138,2.50796132591986,-0.22359677516872178
REACTOME_TNFS_BIND_THEIR_PHYSIOLOGICAL_RECEPTORS,-1.161359777337782,-0.7150146498354504,-0.4463451275023316
REACTOME_TNF_RECEPTOR_SUPERFAMILY_TNFSF_MEMBERS_MEDIATING_NON_CANONICAL_NF_KB_PATHWAY,-1.1740593373141401,-1.1133348722932386,-0.060724465020901564
REACTOME_TNF_SIGNALING,-0.8029320060989503,-0.9240091113076668,0.1210771052087165
REACTOME_TOLL_LIKE_RECEPTOR_9_TLR9_CASCADE,-0.8385081834333463,-0.8702768104395721,0.031768627006225736
REACTOME_TOLL_LIKE_RECEPTOR_CASCADES,-0.9713552481934828,-0.8985644042308186,-0.07279084396266422
REACTOME_TOLL_LIKE_RECEPTOR_TLR1_TLR2_CASCADE,-0.8452524597085846,-0.8256497031421408,-0.019602756566443835
REACTOME_TP53_REGULATES_METABOLIC_GENES,1.731022959854602,1.7946031814519707,-0.06358022159736865
REACTOME_TP53_REGULATES_TRANSCRIPTION_OF_ADDITIONAL_CELL_CYCLE_GENES_WHOSE_EXACT_ROLE_IN_THE_P53_PATHWAY_REMAIN_UNCERTAIN,-1.205153693204825,-0.8813027316280181,-0.32385096157680693
REACTOME_TP53_REGULATES_TRANSCRIPTION_OF_CASPASE_ACTIVATORS_AND_CASPASES,-1.0509703920626106,-1.2134499089875004,0.16247951692488982
REACTOME_TP53_REGULATES_TRANSCRIPTION_OF_CELL_CYCLE_GENES,-1.5985024431325785,-1.5390755305868689,-0.05942691254570964
REACTOME_TP53_REGULATES_TRANSCRIPTION_OF_CELL_DEATH_GENES,-1.176044621994226,-1.32319637548454,0.14715175349031395
REACTOME_TP53_REGULATES_TRANSCRIPTION_OF_DEATH_RECEPTORS_AND_LIGANDS,-1.0570358327613572,-0.9785214286300413,-0.07851440413131583
REACTOME_TP53_REGULATES_TRANSCRIPTION_OF_DNA_REPAIR_GENES,-1.0971671714681457,1.1069308303051495,-2.2040980017732954
REACTOME_TP53_REGULATES_TRANSCRIPTION_OF_GENES_INVOLVED_IN_CYTOCHROME_C_RELEASE,-1.1071951869601213,-1.2175183291680807,0.11032314220795936
REACTOME_TP53_REGULATES_TRANSCRIPTION_OF_GENES_INVOLVED_IN_G1_CELL_CYCLE_ARREST,-1.5528448536375712,-1.6127773352462467,0.05993248160867548
REACTOME_TP53_REGULATES_TRANSCRIPTION_OF_GENES_INVOLVED_IN_G2_CELL_CYCLE_ARREST,-1.5176763786157237,-1.300759786363027,-0.21691659225269677
REACTOME_TP53_REGULATES_TRANSCRIPTION_OF_SEVERAL_ADDITIONAL_CELL_DEATH_GENES_WHOSE_SPECIFIC_ROLES_IN_P53_DEPENDENT_APOPTOSIS_REMAIN_UNCERTAIN,-0.7229800488279827,-0.7738290109405804,0.050848962112597706
REACTOME_TRAF3_DEPENDENT_IRF_ACTIVATION_PATHWAY,-0.9397360617571094,-1.0465020438890829,0.10676598213197341
REACTOME_TRAF6_MEDIATED_INDUCTION_OF_TAK1_COMPLEX_WITHIN_TLR4_COMPLEX,-0.7720529788620165,-0.8242949570475706,0.052241978185554094
REACTOME_TRAF6_MEDIATED_IRF7_ACTIVATION,-1.057670129566404,-1.1054913563261823,0.0478212267597784
REACTOME_TRAF6_MEDIATED_IRF7_ACTIVATION_IN_TLR7_8_OR_9_SIGNALING,0.9932548897113155,1.0486079468986786,-0.055353057187363164
REACTOME_TRAF6_MEDIATED_NF_KB_ACTIVATION,-0.9823450969108504,-1.0103416886089505,0.027996591698100093
REACTOME_TRAFFICKING_AND_PROCESSING_OF_ENDOSOMAL_TLR,-1.032044629726763,-0.772206691573539,-0.25983793815322387
REACTOME_TRAFFICKING_OF_AMPA_RECEPTORS,1.356501453628556,-0.8825785518613106,2.2390800054898667
REACTOME_TRAFFICKING_OF_GLUR2_CONTAINING_AMPA_RECEPTORS,1.9766203134745481,1.418929802471331,0.5576905110032171
REACTOME_TRANSCRIPTIONAL_ACTIVATION_OF_MITOCHONDRIAL_BIOGENESIS,-0.8429157059814311,0.9434809411904936,-1.7863966471719248
REACTOME_TRANSCRIPTIONAL_ACTIVITY_OF_SMAD2_SMAD3_SMAD4_HETEROTRIMER,-1.1695274876720307,-1.0510255318969244,-0.11850195577510636
REACTOME_TRANSCRIPTIONAL_AND_POST_TRANSLATIONAL_REGULATION_OF_MITF_M_EXPRESSION_AND_ACTIVITY,1.8473743950223078,1.9734977270163885,-0.12612333199408066
REACTOME_TRANSCRIPTIONAL_REGULATION_BY_E2F6,-1.3938472263142923,-1.1555461773516935,-0.23830104896259874
REACTOME_TRANSCRIPTIONAL_REGULATION_BY_MECP2,1.2881281953546135,1.1378936261373223,0.15023456921729128
REACTOME_TRANSCRIPTIONAL_REGULATION_BY_NPAS4,0.8737539061112112,-0.9743912486200599,1.848145154731271
REACTOME_TRANSCRIPTIONAL_REGULATION_BY_RUNX1,1.8267392575412629,2.001782205780005,-0.1750429482387421
REACTOME_TRANSCRIPTIONAL_REGULATION_BY_RUNX2,2.108133234030586,2.0955280056773415,0.012605228353244513
REACTOME_TRANSCRIPTIONAL_REGULATION_BY_RUNX3,2.4453059699925475,2.5591195869762715,-0.11381361698372405
REACTOME_TRANSCRIPTIONAL_REGULATION_BY_SMALL_RNAS,-1.0950398673138118,0.993737668755473,-2.088777536069285
REACTOME_TRANSCRIPTIONAL_REGULATION_BY_THE_AP_2_TFAP2_FAMILY_OF_TRANSCRIPTION_FACTORS,-0.8400136713208802,-0.7649337268302343,-0.07507994449064592
REACTOME_TRANSCRIPTIONAL_REGULATION_BY_TP53,-1.1702016919075227,-1.0185530498831015,-0.1516486420244212
REACTOME_TRANSCRIPTIONAL_REGULATION_BY_VENTX,-1.3098885831290135,-0.944263542806409,-0.36562504032260446
REACTOME_TRANSCRIPTIONAL_REGULATION_OF_BROWN_AND_BEIGE_ADIPOCYTE_DIFFERENTIATION,1.229673119875797,1.3877526870438075,-0.15807956716801042
REACTOME_TRANSCRIPTIONAL_REGULATION_OF_GRANULOPOIESIS,-1.4945351563140243,-0.7240756624079723,-0.7704594939060521
REACTOME_TRANSCRIPTIONAL_REGULATION_OF_PLURIPOTENT_STEM_CELLS,-1.1129241847411007,-1.2783706263993135,0.16544644165821287
REACTOME_TRANSCRIPTIONAL_REGULATION_OF_TESTIS_DIFFERENTIATION,-1.1159629309027523,-0.7272261652038374,-0.3887367656989149
REACTOME_TRANSCRIPTIONAL_REGULATION_OF_WHITE_ADIPOCYTE_DIFFERENTIATION,-0.8545062713438941,-0.5258812311680182,-0.3286250401758759
REACTOME_TRANSCRIPTION_COUPLED_NUCLEOTIDE_EXCISION_REPAIR_TC_NER,-1.4383802617652306,1.3185184993107206,-2.756898761075951
REACTOME_TRANSCRIPTION_OF_E2F_TARGETS_UNDER_NEGATIVE_CONTROL_BY_DREAM_COMPLEX,-1.569387441639039,-1.5547978102781128,-0.01458963136092617
REACTOME_TRANSCRIPTION_OF_E2F_TARGETS_UNDER_NEGATIVE_CONTROL_BY_P107_RBL1_AND_P130_RBL2_IN_COMPLEX_WITH_HDAC1,-1.6329721711637692,-1.5630250452144951,-0.0699471259492741
REACTOME_TRANSCRIPTION_OF_THE_HIV_GENOME,-0.9457182857968929,1.0216428392752828,-1.9673611250721756
REACTOME_TRANSFERRIN_ENDOCYTOSIS_AND_RECYCLING,1.7860017749923665,1.573146283853525,0.2128554911388414
REACTOME_TRANSLATION,-1.1386931994356446,1.595059328545041,-2.733752527980686
REACTOME_TRANSLATION_OF_REPLICASE_AND_ASSEMBLY_OF_THE_REPLICATION_TRANSCRIPTION_COMPLEX,-0.7391292688096758,0.7923722743176514,-1.5315015431273271
REACTOME_TRANSLATION_OF_SARS_COV_1_STRUCTURAL_PROTEINS,1.21615408400218,1.1846241967208426,0.03152988728133743
REACTOME_TRANSLATION_OF_SARS_COV_2_STRUCTURAL_PROTEINS,1.4058694567764838,1.2532334155601808,0.15263604121630303
REACTOME_TRANSLESION_SYNTHESIS_BY_POLH,-1.3597207484346692,-1.1465567904554739,-0.2131639579791953
REACTOME_TRANSLESION_SYNTHESIS_BY_POLK,-1.5236073523210711,-1.4105657254752124,-0.11304162684585872
REACTOME_TRANSLESION_SYNTHESIS_BY_Y_FAMILY_DNA_POLYMERASES_BYPASSES_LESIONS_ON_DNA_TEMPLATE,-1.6556823868795132,-1.2645127098908646,-0.3911696769886486
REACTOME_TRANSLOCATION_OF_SLC2A4_GLUT4_TO_THE_PLASMA_MEMBRANE,2.199387170287996,2.363689494103483,-0.16430232381548704
REACTOME_TRANSMISSION_ACROSS_CHEMICAL_SYNAPSES,1.4487128732038173,-0.9706851831224056,2.419398056326223
REACTOME_TRANSPORT_OF_CONNEXONS_TO_THE_PLASMA_MEMBRANE,1.2722729962064434,1.4674346366741888,-0.19516164046774542
REACTOME_TRANSPORT_OF_MATURE_MRNAS_DERIVED_FROM_INTRONLESS_TRANSCRIPTS,1.0424009526939733,1.1810483759488422,-0.1386474232548689
REACTOME_TRANSPORT_OF_MATURE_TRANSCRIPT_TO_CYTOPLASM,1.2401836462892737,1.3778779817921418,-0.13769433550286814
REACTOME_TRANSPORT_OF_NUCLEOSIDES_AND_FREE_PURINE_AND_PYRIMIDINE_BASES_ACROSS_THE_PLASMA_MEMBRANE,-1.1592862843011216,-1.1976341898013945,0.038347905500272894
REACTOME_TRANSPORT_OF_SMALL_MOLECULES,1.555950775533096,1.3711874830899695,0.1847632924431264
REACTOME_TRANSPORT_OF_THE_SLBP_DEPENDANT_MATURE_MRNA,0.8664282304297503,0.9542562702140889,-0.08782803978433862
REACTOME_TRANSPORT_OF_VITAMINS_NUCLEOSIDES_AND_RELATED_MOLECULES,-1.4594110191880765,-1.4380536465987548,-0.021357372589321688
REACTOME_TRANSPORT_TO_THE_GOLGI_AND_SUBSEQUENT_MODIFICATION,1.5887509608384565,1.5697551854026122,0.018995775435844298
REACTOME_TRANS_GOLGI_NETWORK_VESICLE_BUDDING,1.4371820960349009,1.4774025296742905,-0.04022043363938965
REACTOME_TRIGLYCERIDE_BIOSYNTHESIS,-1.3270664112821506,-1.3781461718321357,0.05107976054998509
REACTOME_TRIGLYCERIDE_CATABOLISM,1.9062806202949705,1.67984846365495,0.22643215664002048
REACTOME_TRIGLYCERIDE_METABOLISM,1.392284243684985,1.180137372064541,0.212146871620444
REACTOME_TRISTETRAPROLIN_TTP_ZFP36_BINDS_AND_DESTABILIZES_MRNA,-0.8574575444860323,-0.8215607505838676,-0.035896793902164714
REACTOME_TRNA_AMINOACYLATION,1.5259035386139126,1.5907801060463163,-0.06487656743240366
REACTOME_TRNA_MODIFICATION_IN_THE_MITOCHONDRION,-0.97502409115833,-0.8959177121389581,-0.0791063790193719
REACTOME_TRNA_MODIFICATION_IN_THE_NUCLEUS_AND_CYTOSOL,-1.253816717201733,-1.1873251580918718,-0.06649155910986115
REACTOME_TRNA_PROCESSING,-0.9284111159371716,-0.7995350762977571,-0.12887603963941452
REACTOME_TRNA_PROCESSING_IN_THE_NUCLEUS,1.1419129968214556,1.267365812927865,-0.12545281610640946
REACTOME_TRP_CHANNELS,-1.4149848384896653,-1.3195954711064013,-0.09538936738326398
REACTOME_TRYPTOPHAN_CATABOLISM,0.5470438336126334,-1.0626693294438978,1.6097131630565311
REACTOME_TURBULENT_OSCILLATORY_DISTURBED_FLOW_SHEAR_STRESS_ACTIVATES_SIGNALING_BY_PIEZO1_AND_INTEGRINS_IN_ENDOTHELIAL_CELLS,1.8694050715990447,1.5770522153258588,0.29235285627318586
REACTOME_TYPE_I_HEMIDESMOSOME_ASSEMBLY,1.6958380080603008,1.6717165120485191,0.024121496011781707
REACTOME_UBIQUINOL_BIOSYNTHESIS,-1.120746007667266,-0.9544886834425276,-0.16625732422473838
REACTOME_UBIQUITIN_DEPENDENT_DEGRADATION_OF_CYCLIN_D,2.866597433076619,3.155345630399108,-0.288748197322489
REACTOME_UBIQUITIN_MEDIATED_DEGRADATION_OF_PHOSPHORYLATED_CDC25A,2.670992019207014,2.780066839672528,-0.10907482046551431
REACTOME_UB_SPECIFIC_PROCESSING_PROTEASES,2.2342093194814896,2.434164292321794,-0.19995497284030428
REACTOME_UCH_PROTEINASES,2.5945510597770225,2.89085198927485,-0.2963009294978276
REACTOME_UNBLOCKING_OF_NMDA_RECEPTORS_GLUTAMATE_BINDING_AND_ACTIVATION,-0.8140214153035774,-1.2308172861750308,0.4167958708714534
REACTOME_UNFOLDED_PROTEIN_RESPONSE_UPR,-1.0820032181445147,-1.3147804584395426,0.2327772402950279
REACTOME_UNWINDING_OF_DNA,-1.7436885793129804,-1.4430507309700717,-0.30063784834290863
REACTOME_UPTAKE_AND_ACTIONS_OF_BACTERIAL_TOXINS,1.4463639840843376,1.2115361545504992,0.2348278295338384
REACTOME_UPTAKE_AND_FUNCTION_OF_ANTHRAX_TOXINS,-0.692060419523867,-0.9994805657074157,0.30742014618354874
REACTOME_UPTAKE_OF_DIETARY_COBALAMINS_INTO_ENTEROCYTES,-0.775450020975626,-0.6545668620935776,-0.12088315888204837
REACTOME_UREA_CYCLE,-1.0310733263504812,-0.9694224986662332,-0.06165082768424801
REACTOME_VASOPRESSIN_REGULATES_RENAL_WATER_HOMEOSTASIS_VIA_AQUAPORINS,1.240118116580429,1.2608029936364809,-0.02068487705605193
REACTOME_VEGFR2_MEDIATED_CELL_PROLIFERATION,0.9273632460158502,-0.7647234389591153,1.6920866849749654
REACTOME_VEGFR2_MEDIATED_VASCULAR_PERMEABILITY,-0.8387469341318095,-0.9174528409699398,0.07870590683813039
REACTOME_VESICLE_MEDIATED_TRANSPORT,1.466417846019195,1.5684819331704332,-0.10206408715123816
REACTOME_VIF_MEDIATED_DEGRADATION_OF_APOBEC3G,2.7825107194584926,3.015761014052573,-0.2332502945940802
REACTOME_VIRAL_INFECTION_PATHWAYS,1.8274775632614395,1.0,0.8274775632614395
REACTOME_VIRAL_MESSENGER_RNA_SYNTHESIS,1.0829674137447522,1.3693490617279263,-0.286381647983174
REACTOME_VISUAL_PHOTOTRANSDUCTION,1.074482843357454,-1.2148001230000116,2.2892829663574656
REACTOME_VITAMIN_B5_PANTOTHENATE_METABOLISM,-0.809121470263917,-1.2424184697232792,0.4332969994593622
REACTOME_VITAMIN_D_CALCIFEROL_METABOLISM,-1.44283920795685,-0.9855648340146618,-0.4572743739421882
REACTOME_VLDLR_INTERNALISATION_AND_DEGRADATION,1.6151249898612359,1.564444102622146,0.05068088723908981
REACTOME_VOLTAGE_GATED_POTASSIUM_CHANNELS,-0.4800761582051639,-0.8891585354167942,0.4090823772116303
REACTOME_VXPX_CARGO_TARGETING_TO_CILIUM,-0.8407181342568192,-0.5005698833341087,-0.3401482509227105
REACTOME_WNT5A_DEPENDENT_INTERNALIZATION_OF_FZD2_FZD5_AND_ROR2,1.4191100100646408,1.4723213899655887,-0.05321137990094793
REACTOME_WNT5A_DEPENDENT_INTERNALIZATION_OF_FZD4,1.54763643149981,1.3333224487384887,0.2143139827613212
REACTOME_WNT_LIGAND_BIOGENESIS_AND_TRAFFICKING,-1.098514368417692,1.556606833121543,-2.655121201539235
REACTOME_XENOBIOTICS,-0.8605579401425506,-0.7127612981054672,-0.14779664203708343
REACTOME_YAP1_AND_WWTR1_TAZ_STIMULATED_GENE_EXPRESSION,-1.4384011212631913,-1.184682852951721,-0.25371826831147026
REACTOME_ZBP1_DAI_MEDIATED_INDUCTION_OF_TYPE_I_IFNS,-0.7032127977394247,0.6042985989113446,-1.3075113966507694
REACTOME_ZINC_INFLUX_INTO_CELLS_BY_THE_SLC39_GENE_FAMILY,-0.7970710769696403,-0.9695893466183442,0.17251826964870387
REACTOME_ZINC_TRANSPORTERS,-0.8639872081614195,-0.9835417103442629,0.11955450218284336
REACTOME_ZYGOTIC_GENOME_ACTIVATION_ZGA,-0.975464105056685,-1.1458195563321094,0.1703554512754244
REACTOME_Z_DECAY_DEGRADATION_OF_MATERNAL_MRNAS_BY_ZYGOTICALLY_EXPRESSED_FACTORS,-0.8198866581463226,-0.6084262176557234,-0.2114604404905992
