Pathway,n_genes_in_universe,n_nonzero_genes,keep
REACTOME_POST_TRANSLATIONAL_PROTEIN_MODIFICATION,1381,1381,True
REACTOME_RNA_POLYMERASE_II_TRANSCRIPTION,1274,1271,True
REACTOME_INFECTIOUS_DISEASE,1239,1239,True
REACTOME_INNATE_IMMUNE_SYSTEM,1039,1039,True
REACTOME_VIRAL_INFECTION_PATHWAYS,1023,1023,True
REACTOME_ADAPTIVE_IMMUNE_SYSTEM,897,897,True
REACTOME_CELLULAR_RESPONSES_TO_STIMULI,843,840,True
REACTOME_METABOLISM_OF_LIPIDS,731,731,True
REACTOME_CYTOKINE_SIGNALING_IN_IMMUNE_SYSTEM,722,722,True
REACTOME_METABOLISM_OF_RNA,720,718,True
REACTOME_VESICLE_MEDIATED_TRANSPORT,711,711,True
REACTOME_TRANSPORT_OF_SMALL_MOLECULES,698,698,True
REACTOME_SIGNALING_BY_RHO_GTPASES_MIRO_GTPASES_AND_RHOBTB3,661,661,True
REACTOME_CELL_CYCLE,637,637,True
REACTOME_HEMOSTASIS,626,626,True
REACTOME_MEMBRANE_TRAFFICKING,616,616,True
REACTOME_SIGNALING_BY_GPCR,605,605,True
REACTOME_NERVOUS_SYSTEM_DEVELOPMENT,545,545,True
REACTOME_SIGNALING_BY_RECEPTOR_TYROSINE_KINASES,519,519,True
REACTOME_CELL_CYCLE_MITOTIC,502,502,True
REACTOME_NEUTROPHIL_DEGRANULATION,463,463,True
REACTOME_SARS_COV_INFECTIONS,449,449,True
REACTOME_DISEASES_OF_SIGNAL_TRANSDUCTION_BY_GROWTH_FACTOR_RECEPTORS_AND_SECOND_MESSENGERS,442,442,True
REACTOME_RHO_GTPASE_CYCLE,438,438,True
REACTOME_SIGNALING_BY_INTERLEUKINS,412,412,True
REACTOME_NEURONAL_SYSTEM,382,382,True
REACTOME_GPCR_LIGAND_BINDING,377,377,True
REACTOME_CLASS_I_MHC_MEDIATED_ANTIGEN_PROCESSING_PRESENTATION,367,367,True
REACTOME_M_PHASE,355,355,True
REACTOME_DENGUE_VIRUS_INFECTION,350,350,True
REACTOME_TRANSCRIPTIONAL_REGULATION_BY_TP53,349,346,True
REACTOME_TRANSLATION,360,345,True
REACTOME_METABOLISM_OF_AMINO_ACIDS_AND_DERIVATIVES,344,344,True
REACTOME_ASPARAGINE_N_LINKED_GLYCOSYLATION,306,306,True
REACTOME_EXTRACELLULAR_MATRIX_ORGANIZATION,306,306,True
REACTOME_DNA_REPAIR,297,297,True
REACTOME_MAPK_FAMILY_SIGNALING_CASCADES,293,293,True
REACTOME_ANTIGEN_PROCESSING_UBIQUITINATION_PROTEASOME_DEGRADATION,292,292,True
REACTOME_INTRACELLULAR_SIGNALING_BY_SECOND_MESSENGERS,291,291,True
REACTOME_METABOLISM_OF_CARBOHYDRATES_AND_CARBOHYDRATE_DERIVATIVES,289,289,True
REACTOME_ORGANELLE_BIOGENESIS_AND_MAINTENANCE,289,287,True
REACTOME_CELL_CELL_COMMUNICATION,287,287,True
REACTOME_PROCESSING_OF_CAPPED_INTRON_CONTAINING_PRE_MRNA,287,287,True
REACTOME_SARS_COV_2_INFECTION,281,281,True
REACTOME_RHO_GTPASE_EFFECTORS,275,275,True
REACTOME_CLASS_A_1_RHODOPSIN_LIKE_RECEPTORS,274,274,True
REACTOME_EPIGENETIC_REGULATION_OF_GENE_EXPRESSION,270,270,True
REACTOME_SIGNALING_BY_WNT,268,268,True
REACTOME_INTERFERON_SIGNALING,267,267,True
REACTOME_CELL_CYCLE_CHECKPOINTS,263,263,True
REACTOME_DISEASES_OF_METABOLISM,263,263,True
REACTOME_G_ALPHA_I_SIGNALLING_EVENTS,257,257,True
REACTOME_MAPK1_MAPK3_SIGNALING,255,255,True
REACTOME_TRANSMISSION_ACROSS_CHEMICAL_SYNAPSES,252,252,True
REACTOME_CELL_JUNCTION_ORGANIZATION,251,251,True
REACTOME_PLATELET_ACTIVATION_SIGNALING_AND_AGGREGATION,251,251,True
REACTOME_SIGNALING_BY_NUCLEAR_RECEPTORS,245,245,True
REACTOME_AEROBIC_RESPIRATION_AND_RESPIRATORY_ELECTRON_TRANSPORT,255,243,True
REACTOME_DENGUE_VIRUS_HOST_INTERACTIONS,242,242,True
REACTOME_SLC_MEDIATED_TRANSMEMBRANE_TRANSPORT,235,235,True
REACTOME_CHROMATIN_ORGANIZATION,234,234,True
REACTOME_DEUBIQUITINATION,231,231,True
REACTOME_NEDDYLATION,229,229,True
REACTOME_SENSORY_PERCEPTION,226,226,True
REACTOME_REGULATION_OF_T_CELL_ACTIVATION_BY_CD28_FAMILY,221,221,True
REACTOME_MITOTIC_METAPHASE_AND_ANAPHASE,220,220,True
REACTOME_HIV_INFECTION,213,213,True
REACTOME_LEISHMANIA_INFECTION,209,209,True
REACTOME_MRNA_SPLICING,208,208,True
REACTOME_PHOSPHOLIPID_METABOLISM,203,203,True
REACTOME_RRNA_PROCESSING,201,199,True
REACTOME_INTRA_GOLGI_AND_RETROGRADE_GOLGI_TO_ER_TRAFFIC,199,199,True
REACTOME_MITOTIC_PROMETAPHASE,199,199,True
REACTOME_BIOLOGICAL_OXIDATIONS,198,198,True
REACTOME_MUSCLE_CONTRACTION,197,197,True
REACTOME_CILIUM_ASSEMBLY,195,195,True
REACTOME_G_ALPHA_Q_SIGNALLING_EVENTS,195,195,True
REACTOME_PROGRAMMED_CELL_DEATH,195,195,True
REACTOME_SIGNALING_BY_ROBO_RECEPTORS,195,195,True
REACTOME_ADHERENS_JUNCTIONS_INTERACTIONS,194,194,True
REACTOME_METABOLISM_OF_VITAMINS_AND_COFACTORS,192,192,True
REACTOME_NEUROTRANSMITTER_RECEPTORS_AND_POSTSYNAPTIC_SIGNAL_TRANSMISSION,191,191,True
REACTOME_MITOTIC_G2_G2_M_PHASES,189,189,True
REACTOME_CELLULAR_RESPONSE_TO_CHEMICAL_STRESS,190,187,True
REACTOME_SIGNALING_BY_NOTCH,184,184,True
REACTOME_SARS_COV_2_HOST_INTERACTIONS,182,182,True
REACTOME_TRANSPORT_TO_THE_GOLGI_AND_SUBSEQUENT_MODIFICATION,182,182,True
REACTOME_CELL_SURFACE_INTERACTIONS_AT_THE_VASCULAR_WALL,179,179,True
REACTOME_RAC1_GTPASE_CYCLE,177,177,True
REACTOME_ION_CHANNEL_TRANSPORT,176,176,True
REACTOME_ESR_MEDIATED_SIGNALING,175,175,True
REACTOME_SEPARATION_OF_SISTER_CHROMATIDS,175,175,True
REACTOME_TCF_DEPENDENT_SIGNALING_IN_RESPONSE_TO_WNT,174,174,True
REACTOME_TRANSCRIPTIONAL_REGULATION_BY_RUNX1,174,174,True
REACTOME_IMMUNOREGULATORY_INTERACTIONS_BETWEEN_A_LYMPHOID_AND_A_NON_LYMPHOID_CELL,173,173,True
REACTOME_REGULATION_OF_HOMOTYPIC_CELL_CELL_ADHESION,173,173,True
REACTOME_CO_INHIBITION_BY_PD_1,171,171,True
REACTOME_SUMOYLATION,171,171,True
REACTOME_FATTY_ACID_METABOLISM,168,168,True
REACTOME_TOLL_LIKE_RECEPTOR_CASCADES,168,168,True
REACTOME_FC_EPSILON_RECEPTOR_FCERI_SIGNALING,167,167,True
REACTOME_APOPTOSIS,163,163,True
REACTOME_PEPTIDE_LIGAND_BINDING_RECEPTORS,162,162,True
REACTOME_ANTIMICROBIAL_MECHANISM_OF_IFN_STIMULATED_GENES,161,161,True
REACTOME_PROTEIN_LOCALIZATION,161,161,True
REACTOME_DISORDERS_OF_TRANSMEMBRANE_TRANSPORTERS,159,159,True
REACTOME_MITF_M_REGULATED_MELANOCYTE_DEVELOPMENT,156,156,True
REACTOME_AUTOPHAGY,155,155,True
REACTOME_UB_SPECIFIC_PROCESSING_PROTEASES,155,155,True
REACTOME_REGULATION_OF_TP53_ACTIVITY,154,154,True
REACTOME_SIGNALING_BY_TGFB_FAMILY_MEMBERS,154,154,True
REACTOME_ER_TO_GOLGI_ANTEROGRADE_TRANSPORT,152,152,True
REACTOME_INFLUENZA_INFECTION,152,152,True
REACTOME_METABOLISM_OF_STEROIDS,152,152,True
REACTOME_REGULATION_OF_EXPRESSION_OF_SLITS_AND_ROBOS,152,152,True
REACTOME_CDC42_GTPASE_CYCLE,151,151,True
REACTOME_CELLULAR_RESPONSE_TO_STARVATION,150,150,True
REACTOME_CELLULAR_SENESCENCE,150,150,True
REACTOME_POTENTIAL_THERAPEUTICS_FOR_SARS,150,150,True
REACTOME_REGULATION_OF_PD_L1_CD274_EXPRESSION,150,150,True
REACTOME_DEATH_RECEPTOR_SIGNALING,149,149,True
REACTOME_MRNA_3_END_PROCESSING,149,149,True
REACTOME_S_PHASE,148,148,True
REACTOME_RESPIRATORY_ELECTRON_TRANSPORT,156,146,True
REACTOME_SIGNALING_BY_THE_B_CELL_RECEPTOR_BCR,146,146,True
REACTOME_HIV_LIFE_CYCLE,145,145,True
REACTOME_RHOA_GTPASE_CYCLE,145,145,True
REACTOME_CLATHRIN_MEDIATED_ENDOCYTOSIS,144,144,True
REACTOME_DEVELOPMENTAL_CELL_LINEAGES,144,144,True
REACTOME_FACTORS_INVOLVED_IN_MEGAKARYOCYTE_DEVELOPMENT_AND_PLATELET_PRODUCTION,144,144,True
REACTOME_DNA_DOUBLE_STRAND_BREAK_REPAIR,143,143,True
REACTOME_DISEASES_OF_GLYCOSYLATION,141,141,True
REACTOME_DNA_REPLICATION,139,139,True
REACTOME_RIBOSOME_ASSOCIATED_QUALITY_CONTROL,139,139,True
REACTOME_SARS_COV_1_INFECTION,139,139,True
REACTOME_FCGAMMA_RECEPTOR_FCGR_DEPENDENT_PHAGOCYTOSIS,138,138,True
REACTOME_RHO_GTPASES_ACTIVATE_FORMINS,138,138,True
REACTOME_G_ALPHA_S_SIGNALLING_EVENTS,137,137,True
REACTOME_MITOTIC_G1_PHASE_AND_G1_S_TRANSITION,137,137,True
REACTOME_INTERLEUKIN_1_FAMILY_SIGNALING,135,135,True
REACTOME_SIGNALING_BY_HEDGEHOG,135,135,True
REACTOME_DEGRADATION_OF_THE_EXTRACELLULAR_MATRIX,134,134,True
REACTOME_SIGNALING_BY_NTRKS,134,134,True
REACTOME_GLYCOSAMINOGLYCAN_METABOLISM,133,133,True
REACTOME_GOLGI_TO_ER_RETROGRADE_TRANSPORT,131,131,True
REACTOME_INFLUENZA_VIRAL_RNA_TRANSCRIPTION_AND_REPLICATION,131,131,True
REACTOME_RESPONSE_TO_ELEVATED_PLATELET_CYTOSOLIC_CA2,131,131,True
REACTOME_BETA_CATENIN_INDEPENDENT_WNT_SIGNALING,130,130,True
REACTOME_G2_M_CHECKPOINTS,130,130,True
REACTOME_ANTI_INFLAMMATORY_RESPONSE_FAVOURING_LEISHMANIA_PARASITE_INFECTION,126,126,True
REACTOME_CARDIAC_CONDUCTION,126,126,True
REACTOME_MRNA_POLYADENYLATION,125,125,True
REACTOME_RESOLUTION_OF_SISTER_CHROMATID_COHESION,125,125,True
REACTOME_GLYCEROPHOSPHOLIPID_BIOSYNTHESIS,124,124,True
REACTOME_C_TYPE_LECTIN_RECEPTORS_CLRS,123,123,True
REACTOME_MHC_CLASS_II_ANTIGEN_PRESENTATION,123,123,True
REACTOME_PTEN_REGULATION,123,123,True
REACTOME_METABOLISM_OF_WATER_SOLUBLE_VITAMINS_AND_COFACTORS,122,122,True
REACTOME_EPIGENETIC_REGULATION_BY_WDR5_CONTAINING_HISTONE_MODIFYING_COMPLEXES,120,120,True
REACTOME_RAB_REGULATION_OF_TRAFFICKING,120,120,True
REACTOME_REGULATION_OF_INSULIN_LIKE_GROWTH_FACTOR_IGF_TRANSPORT_AND_UPTAKE_BY_INSULIN_LIKE_GROWTH_FACTOR_BINDING_PROTEINS_IGFBPS,118,118,True
REACTOME_FCERI_MEDIATED_NF_KB_ACTIVATION,117,117,True
REACTOME_L1CAM_INTERACTIONS,117,117,True
REACTOME_HOST_INTERACTIONS_OF_HIV_FACTORS,116,116,True
REACTOME_REGULATION_OF_LIPID_METABOLISM_BY_PPARALPHA,116,116,True
REACTOME_EUKARYOTIC_TRANSLATION_INITIATION,115,115,True
REACTOME_O_LINKED_GLYCOSYLATION,115,115,True
REACTOME_HCMV_INFECTION,114,114,True
REACTOME_TOLL_LIKE_RECEPTOR_TLR1_TLR2_CASCADE,114,114,True
REACTOME_HOMOLOGY_DIRECTED_REPAIR,113,113,True
REACTOME_KERATINIZATION,113,113,True
REACTOME_NEGATIVE_REGULATION_OF_THE_PI3K_AKT_NETWORK,113,113,True
REACTOME_REPRODUCTION,113,113,True
REACTOME_SELENOAMINO_ACID_METABOLISM,113,113,True
REACTOME_TRNA_PROCESSING,113,111,True
REACTOME_PARASITE_INFECTION,111,111,True
REACTOME_COMPLEMENT_CASCADE,110,110,True
REACTOME_MITOTIC_SPINDLE_CHECKPOINT,110,110,True
REACTOME_KEAP1_NFE2L2_PATHWAY,109,109,True
REACTOME_NONSENSE_MEDIATED_DECAY_NMD,109,109,True
REACTOME_ADIPOGENESIS,108,108,True
REACTOME_CHROMOSOME_MAINTENANCE,108,108,True
REACTOME_CIRCADIAN_CLOCK,108,108,True
REACTOME_GASTRULATION,108,108,True
REACTOME_MITF_M_DEPENDENT_GENE_EXPRESSION,108,108,True
REACTOME_SARS_COV_2_ACTIVATES_MODULATES_INNATE_AND_ADAPTIVE_IMMUNE_RESPONSES,108,108,True
REACTOME_SRP_DEPENDENT_COTRANSLATIONAL_PROTEIN_TARGETING_TO_MEMBRANE,108,108,True
REACTOME_TOLL_LIKE_RECEPTOR_9_TLR9_CASCADE,108,108,True
REACTOME_ESTROGEN_DEPENDENT_GENE_EXPRESSION,107,107,True
REACTOME_MYD88_INDEPENDENT_TLR4_CASCADE,107,107,True
REACTOME_NUCLEOTIDE_EXCISION_REPAIR,107,107,True
REACTOME_FORMATION_OF_THE_CORNIFIED_ENVELOPE,106,106,True
REACTOME_PI3K_AKT_SIGNALING_IN_CANCER,106,106,True
REACTOME_RESPIRATORY_SYNCYTIAL_VIRUS_INFECTION_PATHWAY,106,106,True
REACTOME_SYNTHESIS_OF_DNA,106,106,True
REACTOME_DNA_REPLICATION_PRE_INITIATION,105,105,True
REACTOME_INTERLEUKIN_4_AND_INTERLEUKIN_13_SIGNALING,105,105,True
REACTOME_SIGNALING_BY_VEGF,105,105,True
REACTOME_TCR_SIGNALING,105,105,True
REACTOME_CARGO_RECOGNITION_FOR_CLATHRIN_MEDIATED_ENDOCYTOSIS,104,104,True
REACTOME_INTEGRATION_OF_ENERGY_METABOLISM,104,104,True
REACTOME_SPHINGOLIPID_METABOLISM,104,104,True
REACTOME_BACTERIAL_INFECTION_PATHWAYS,103,103,True
REACTOME_PHASE_I_FUNCTIONALIZATION_OF_COMPOUNDS,102,102,True
REACTOME_TRANSCRIPTIONAL_REGULATION_BY_RUNX2,101,101,True
REACTOME_COPI_MEDIATED_ANTEROGRADE_TRANSPORT,100,100,True
REACTOME_RIBOSOME_QUALITY_CONTROL_RQC_COMPLEX_EXTRACTS_AND_DEGRADES_NASCENT_PEPTIDE,100,100,True
REACTOME_STIMULI_SENSING_CHANNELS,100,100,True
REACTOME_CELLULAR_RESPONSE_TO_HEAT_STRESS,99,99,True
REACTOME_INTERLEUKIN_1_SIGNALING,99,99,True
REACTOME_MITOTIC_PROPHASE,99,99,True
REACTOME_REGULATION_OF_ENDOGENOUS_RETROELEMENTS,99,99,True
REACTOME_BINDING_AND_UPTAKE_OF_LIGANDS_BY_SCAVENGER_RECEPTORS,98,98,True
REACTOME_CELLULAR_RESPONSES_TO_MECHANICAL_STIMULI,98,98,True
REACTOME_HEDGEHOG_OFF_STATE,98,98,True
REACTOME_ANCHORING_OF_THE_BASAL_BODY_TO_THE_PLASMA_MEMBRANE,97,97,True
REACTOME_COPI_DEPENDENT_GOLGI_TO_ER_RETROGRADE_TRAFFIC,97,97,True
REACTOME_RESPONSE_OF_EIF2AK4_GCN2_TO_AMINO_ACID_DEFICIENCY,97,97,True
REACTOME_DRUG_ADME,96,96,True
REACTOME_MITOCHONDRIAL_TRANSLATION,110,95,True
REACTOME_P75_NTR_RECEPTOR_MEDIATED_SIGNALLING,95,95,True
REACTOME_POTASSIUM_CHANNELS,95,95,True
REACTOME_PROTEIN_FOLDING,95,95,True
REACTOME_SLC_TRANSPORTER_DISORDERS,95,95,True
REACTOME_ANTIGEN_PROCESSING_CROSS_PRESENTATION,94,94,True
REACTOME_HATS_ACETYLATE_HISTONES,94,94,True
REACTOME_METABOLISM_OF_NUCLEOTIDES,94,94,True
REACTOME_SARS_COV_1_HOST_INTERACTIONS,94,94,True
REACTOME_INTERFERON_GAMMA_SIGNALING,93,93,True
REACTOME_SIGNALING_BY_TGF_BETA_RECEPTOR_COMPLEX,93,93,True
REACTOME_MITOCHONDRIAL_BIOGENESIS,94,92,True
REACTOME_ACTIVATION_OF_NMDA_RECEPTORS_AND_POSTSYNAPTIC_EVENTS,92,92,True
REACTOME_EPH_EPHRIN_SIGNALING,92,92,True
REACTOME_RAC3_GTPASE_CYCLE,92,92,True
REACTOME_RECRUITMENT_OF_NUMA_TO_MITOTIC_CENTROSOMES,92,92,True
REACTOME_MITOCHONDRIAL_PROTEIN_DEGRADATION,98,91,True
REACTOME_EPIGENETIC_REGULATION_OF_GENE_EXPRESSION_BY_MLL3_AND_MLL4_COMPLEXES,91,91,True
REACTOME_SIGNALING_BY_ALK_IN_CANCER,91,91,True
REACTOME_FCGR3A_MEDIATED_IL10_SYNTHESIS,90,90,True
REACTOME_HCMV_EARLY_EVENTS,90,90,True
REACTOME_PHASE_II_CONJUGATION_OF_COMPOUNDS,90,90,True
REACTOME_UNFOLDED_PROTEIN_RESPONSE_UPR,90,90,True
REACTOME_VISUAL_PHOTOTRANSDUCTION,90,90,True
REACTOME_COLLAGEN_FORMATION,89,89,True
REACTOME_EUKARYOTIC_TRANSLATION_ELONGATION,89,89,True
REACTOME_RAB_GEFS_EXCHANGE_GTP_FOR_GDP_ON_RABS,89,89,True
REACTOME_REGULATION_OF_TP53_ACTIVITY_THROUGH_PHOSPHORYLATION,88,88,True
REACTOME_ABC_FAMILY_PROTEINS_MEDIATED_TRANSPORT,87,87,True
REACTOME_OPIOID_SIGNALLING,87,87,True
REACTOME_RAC2_GTPASE_CYCLE,87,87,True
REACTOME_REGULATION_OF_PLK1_ACTIVITY_AT_G2_M_TRANSITION,87,87,True
REACTOME_SELECTIVE_AUTOPHAGY,87,87,True
REACTOME_CLASS_B_2_SECRETIN_FAMILY_RECEPTORS,86,86,True
REACTOME_TNFR2_NON_CANONICAL_NF_KB_PATHWAY,86,86,True
REACTOME_CLEC7A_DECTIN_1_SIGNALING,85,85,True
REACTOME_PROTEIN_PROTEIN_INTERACTIONS_AT_SYNAPSES,85,85,True
REACTOME_TRANSCRIPTIONAL_REGULATION_BY_RUNX3,85,85,True
REACTOME_GLOBAL_GENOME_NUCLEOTIDE_EXCISION_REPAIR_GG_NER,84,84,True
REACTOME_NUCLEAR_EVENTS_MEDIATED_BY_NFE2L2,84,84,True
REACTOME_REGULATION_OF_PD_L1_CD274_POST_TRANSLATIONAL_MODIFICATION,84,84,True
REACTOME_RSV_HOST_INTERACTIONS,84,84,True
REACTOME_SIGNALING_BY_FGFR,84,84,True
REACTOME_TRANSCRIPTIONAL_REGULATION_OF_WHITE_ADIPOCYTE_DIFFERENTIATION,84,84,True
REACTOME_MITOCHONDRIAL_TRANSLATION_ELONGATION,85,83,True
REACTOME_DOWNSTREAM_TCR_SIGNALING,83,83,True
REACTOME_FCERI_MEDIATED_MAPK_ACTIVATION,83,83,True
REACTOME_FCERI_MEDIATED_CA_2_MOBILIZATION,82,82,True
REACTOME_INTEGRIN_CELL_SURFACE_INTERACTIONS,82,82,True
REACTOME_POST_TRANSLATIONAL_MODIFICATION_SYNTHESIS_OF_GPI_ANCHORED_PROTEINS,82,82,True
REACTOME_TELOMERE_MAINTENANCE,82,82,True
REACTOME_ANTIGEN_ACTIVATES_B_CELL_RECEPTOR_BCR_LEADING_TO_GENERATION_OF_SECOND_MESSENGERS,81,81,True
REACTOME_DENGUE_VIRUS_GENOME_TRANSLATION_AND_REPLICATION,81,81,True
REACTOME_GLUCOSE_METABOLISM,81,81,True
REACTOME_ONCOGENIC_MAPK_SIGNALING,81,81,True
REACTOME_PEPTIDE_HORMONE_METABOLISM,81,81,True
REACTOME_PLATELET_HOMEOSTASIS,81,81,True
REACTOME_OXIDATIVE_STRESS_INDUCED_SENESCENCE,80,80,True
REACTOME_PI_METABOLISM,80,80,True
REACTOME_RECRUITMENT_OF_MITOTIC_CENTROSOME_PROTEINS_AND_COMPLEXES,80,80,True
REACTOME_REGULATION_OF_HSF1_MEDIATED_HEAT_SHOCK_RESPONSE,80,80,True
REACTOME_TRANSPORT_OF_MATURE_TRANSCRIPT_TO_CYTOPLASM,80,80,True
REACTOME_CONSTITUTIVE_SIGNALING_BY_ABERRANT_PI3K_IN_CANCER,79,79,True
REACTOME_DEVELOPMENTAL_CELL_LINEAGES_OF_THE_EXOCRINE_PANCREAS,79,79,True
REACTOME_BIOSYNTHESIS_OF_THE_N_GLYCAN_PRECURSOR_DOLICHOL_LIPID_LINKED_OLIGOSACCHARIDE_LLO_AND_TRANSFER_TO_A_NASCENT_PROTEIN,78,78,True
REACTOME_ROLE_OF_PHOSPHOLIPIDS_IN_PHAGOCYTOSIS,78,78,True
REACTOME_TP53_REGULATES_METABOLIC_GENES,80,77,True
REACTOME_ACTIVATION_OF_ANTERIOR_HOX_GENES_IN_HINDBRAIN_DEVELOPMENT_DURING_EARLY_EMBRYOGENESIS,77,77,True
REACTOME_G_ALPHA_12_13_SIGNALLING_EVENTS,77,77,True
REACTOME_MEIOSIS,77,77,True
REACTOME_NON_INTEGRIN_MEMBRANE_ECM_INTERACTIONS,77,77,True
REACTOME_PCP_CE_PATHWAY,77,77,True
REACTOME_SIGNALING_BY_INSULIN_RECEPTOR,77,77,True
REACTOME_SWITCHING_OF_ORIGINS_TO_A_POST_REPLICATIVE_STATE,77,77,True
REACTOME_REGULATION_OF_INSULIN_SECRETION,76,76,True
REACTOME_SIGNALING_BY_MET,76,76,True
REACTOME_INITIAL_TRIGGERING_OF_COMPLEMENT,75,75,True
REACTOME_NUCLEAR_ENVELOPE_NE_REASSEMBLY,75,75,True
REACTOME_RNA_POLYMERASE_II_TRANSCRIBES_SNRNA_GENES,75,75,True
REACTOME_SUMOYLATION_OF_DNA_DAMAGE_RESPONSE_AND_REPAIR_PROTEINS,75,75,True
REACTOME_TRANSCRIPTION_COUPLED_NUCLEOTIDE_EXCISION_REPAIR_TC_NER,75,75,True
REACTOME_UCH_PROTEINASES,75,75,True
REACTOME_APC_C_MEDIATED_DEGRADATION_OF_CELL_CYCLE_PROTEINS,74,74,True
REACTOME_CELL_DEATH_SIGNALLING_VIA_NRAGE_NRIF_AND_NADE,74,74,True
REACTOME_CYCLIN_A_CDK2_ASSOCIATED_EVENTS_AT_S_PHASE_ENTRY,74,74,True
REACTOME_LATE_SARS_COV_2_INFECTION_EVENTS,74,74,True
REACTOME_MAPK6_MAPK4_SIGNALING,74,74,True
REACTOME_MATERNAL_TO_ZYGOTIC_TRANSITION_MZT,74,74,True
REACTOME_PKR_MEDIATED_SIGNALING,74,74,True
REACTOME_SIGNALING_BY_NOTCH1,74,74,True
REACTOME_PLASMA_LIPOPROTEIN_ASSEMBLY_REMODELING_AND_CLEARANCE,73,73,True
REACTOME_PROCESSING_OF_DNA_DOUBLE_STRAND_BREAK_ENDS,73,73,True
REACTOME_RHOC_GTPASE_CYCLE,73,73,True
REACTOME_RHOG_GTPASE_CYCLE,73,73,True
REACTOME_RUNX1_REGULATES_TRANSCRIPTION_OF_GENES_INVOLVED_IN_DIFFERENTIATION_OF_HSCS,73,73,True
REACTOME_AURKA_ACTIVATION_BY_TPX2,72,72,True
REACTOME_EXTRA_NUCLEAR_ESTROGEN_SIGNALING,72,72,True
REACTOME_G2_M_DNA_DAMAGE_CHECKPOINT,72,72,True
REACTOME_HEDGEHOG_ON_STATE,72,72,True
REACTOME_ISG15_ANTIVIRAL_MECHANISM,72,72,True
REACTOME_REGULATION_OF_MRNA_STABILITY_BY_PROTEINS_THAT_BIND_AU_RICH_ELEMENTS,72,72,True
REACTOME_SENSORY_PROCESSING_OF_SOUND,72,72,True
REACTOME_TRANS_GOLGI_NETWORK_VESICLE_BUDDING,72,72,True
REACTOME_DEGRADATION_OF_BETA_CATENIN_BY_THE_DESTRUCTION_COMPLEX,71,71,True
REACTOME_ECM_PROTEOGLYCANS,71,71,True
REACTOME_SIGNALING_BY_NOTCH4,71,71,True
REACTOME_TRANSLOCATION_OF_SLC2A4_GLUT4_TO_THE_PLASMA_MEMBRANE,71,71,True
REACTOME_DEVELOPMENTAL_CELL_LINEAGES_OF_THE_INTEGUMENTARY_SYSTEM,69,69,True
REACTOME_HCMV_LATE_EVENTS,69,69,True
REACTOME_PROTEIN_UBIQUITINATION,69,69,True
REACTOME_RHOB_GTPASE_CYCLE,69,69,True
REACTOME_SENESCENCE_ASSOCIATED_SECRETORY_PHENOTYPE_SASP,69,69,True
REACTOME_SIGNALING_BY_FGFR2,69,69,True
REACTOME_HDR_THROUGH_HOMOLOGOUS_RECOMBINATION_HRR,68,68,True
REACTOME_PRE_NOTCH_EXPRESSION_AND_PROCESSING,68,68,True
REACTOME_RNA_POLYMERASE_I_TRANSCRIPTION,68,68,True
REACTOME_AMYLOID_FIBER_FORMATION,67,67,True
REACTOME_COLLAGEN_BIOSYNTHESIS_AND_MODIFYING_ENZYMES,67,67,True
REACTOME_COPII_MEDIATED_VESICLE_TRANSPORT,67,67,True
REACTOME_CREATION_OF_C4_AND_C2_ACTIVATORS,67,67,True
REACTOME_DDX58_IFIH1_MEDIATED_INDUCTION_OF_INTERFERON_ALPHA_BETA,67,67,True
REACTOME_INTERLEUKIN_17_SIGNALING,67,67,True
REACTOME_ROLE_OF_LAT2_NTAL_LAB_ON_CALCIUM_MOBILIZATION,67,67,True
REACTOME_TRANSCRIPTION_OF_THE_HIV_GENOME,67,67,True
REACTOME_CARGO_TRAFFICKING_TO_THE_PERICILIARY_MEMBRANE,66,66,True
REACTOME_DISEASES_ASSOCIATED_WITH_O_GLYCOSYLATION_OF_PROTEINS,66,66,True
REACTOME_DOWNSTREAM_SIGNALING_EVENTS_OF_B_CELL_RECEPTOR_BCR,66,66,True
REACTOME_G1_S_DNA_DAMAGE_CHECKPOINTS,66,66,True
REACTOME_GENE_SILENCING_BY_RNA,66,66,True
REACTOME_HIGH_LAMINAR_FLOW_SHEAR_STRESS_ACTIVATES_SIGNALING_BY_PIEZO1_AND_PECAM1_CDH5_KDR_IN_ENDOTHELIAL_CELLS,66,66,True
REACTOME_NEGATIVE_EPIGENETIC_REGULATION_OF_RRNA_EXPRESSION,66,66,True
REACTOME_RNA_POLYMERASE_II_TRANSCRIPTION_TERMINATION,66,66,True
REACTOME_FCGR_ACTIVATION,65,65,True
REACTOME_REGULATION_OF_ENDOGENOUS_RETROELEMENTS_BY_KRAB_ZFP_PROTEINS,65,65,True
REACTOME_SCAVENGING_OF_HEME_FROM_PLASMA,65,65,True
REACTOME_ABC_TRANSPORTER_DISORDERS,64,64,True
REACTOME_FOXO_MEDIATED_TRANSCRIPTION,64,64,True
REACTOME_INTERFERON_ALPHA_BETA_SIGNALING,64,64,True
REACTOME_SEMAPHORIN_INTERACTIONS,64,64,True
REACTOME_SIGNALING_BY_BRAF_AND_RAF1_FUSIONS,64,64,True
REACTOME_THE_ROLE_OF_GTSE1_IN_G2_M_PROGRESSION_AFTER_G2_CHECKPOINT,64,64,True
REACTOME_ACTIVATION_OF_APC_C_AND_APC_C_CDC20_MEDIATED_DEGRADATION_OF_MITOTIC_PROTEINS,63,63,True
REACTOME_CYTOSOLIC_SENSORS_OF_PATHOGEN_ASSOCIATED_DNA,63,63,True
REACTOME_PEROXISOMAL_PROTEIN_IMPORT,63,63,True
REACTOME_POSITIVE_EPIGENETIC_REGULATION_OF_RRNA_EXPRESSION,63,63,True
REACTOME_SYNTHESIS_OF_SUBSTRATES_IN_N_GLYCAN_BIOSYTHESIS,63,63,True
REACTOME_COMPLEX_I_BIOGENESIS,68,62,True
REACTOME_CYTOCHROME_P450_ARRANGED_BY_SUBSTRATE_TYPE,62,62,True
REACTOME_DUAL_INCISION_IN_TC_NER,62,62,True
REACTOME_MITOCHONDRIAL_PROTEIN_IMPORT,62,62,True
REACTOME_REGULATION_OF_CDH1_GENE_TRANSCRIPTION,62,62,True
REACTOME_CA2_PATHWAY,61,61,True
REACTOME_CELLULAR_RESPONSE_TO_HYPOXIA,61,61,True
REACTOME_DISEASES_OF_PROGRAMMED_CELL_DEATH,61,61,True
REACTOME_NCAM_SIGNALING_FOR_NEURITE_OUT_GROWTH,61,61,True
REACTOME_NUCLEAR_EVENTS_KINASE_AND_TRANSCRIPTION_FACTOR_ACTIVATION,61,61,True
REACTOME_TRANSCRIPTIONAL_REGULATION_BY_MECP2,61,61,True
REACTOME_TRANSLATION_OF_SARS_COV_2_STRUCTURAL_PROTEINS,61,61,True
REACTOME_APC_C_CDH1_MEDIATED_DEGRADATION_OF_CDC20_AND_OTHER_APC_C_CDH1_TARGETED_PROTEINS_IN_LATE_MITOSIS_EARLY_G1,60,60,True
REACTOME_ASSEMBLY_OF_COLLAGEN_FIBRILS_AND_OTHER_MULTIMERIC_STRUCTURES,60,60,True
REACTOME_BASE_EXCISION_REPAIR,60,60,True
REACTOME_COLLAGEN_DEGRADATION,60,60,True
REACTOME_KINESINS,60,60,True
REACTOME_RAB_GERANYLGERANYLATION,60,60,True
REACTOME_REGULATION_OF_PTEN_GENE_TRANSCRIPTION,60,60,True
REACTOME_TP53_REGULATES_TRANSCRIPTION_OF_DNA_REPAIR_GENES,60,60,True
REACTOME_ANTIMICROBIAL_PEPTIDES,59,59,True
REACTOME_CDK_MEDIATED_PHOSPHORYLATION_AND_REMOVAL_OF_CDC6,59,59,True
REACTOME_GAMMA_CARBOXYLATION_HYPUSINYLATION_HYDROXYLATION_AND_ARYLSULFATASE_ACTIVATION,59,59,True
REACTOME_REGULATED_NECROSIS,59,59,True
REACTOME_REGULATION_OF_CDH1_FUNCTION,59,59,True
REACTOME_REGULATION_OF_PD_L1_CD274_TRANSCRIPTION,59,59,True
REACTOME_RHOQ_GTPASE_CYCLE,59,59,True
REACTOME_SIGNALING_BY_FGFR_IN_DISEASE,59,59,True
REACTOME_TRANSCRIPTIONAL_AND_POST_TRANSLATIONAL_REGULATION_OF_MITF_M_EXPRESSION_AND_ACTIVITY,59,59,True
REACTOME_IRON_UPTAKE_AND_TRANSPORT,58,58,True
REACTOME_REGULATION_OF_RUNX2_EXPRESSION_AND_ACTIVITY,58,58,True
REACTOME_RRNA_MODIFICATION_IN_THE_NUCLEUS_AND_CYTOSOL,58,58,True
REACTOME_SIGNALING_BY_NOTCH1_PEST_DOMAIN_MUTANTS_IN_CANCER,58,58,True
REACTOME_SIGNALING_BY_PDGF,58,58,True
REACTOME_ACTIVATION_OF_THE_MRNA_UPON_BINDING_OF_THE_CAP_BINDING_COMPLEX_AND_EIFS_AND_SUBSEQUENT_BINDING_TO_43S,57,57,True
REACTOME_ARACHIDONATE_METABOLISM,57,57,True
REACTOME_CD22_MEDIATED_BCR_REGULATION,57,57,True
REACTOME_FORMATION_OF_RNA_POL_II_ELONGATION_COMPLEX,57,57,True
REACTOME_NRAGE_SIGNALS_DEATH_THROUGH_JNK,57,57,True
REACTOME_O_LINKED_GLYCOSYLATION_OF_MUCINS,57,57,True
REACTOME_SUMOYLATION_OF_CHROMATIN_ORGANIZATION_PROTEINS,57,57,True
REACTOME_TRNA_PROCESSING_IN_THE_NUCLEUS,57,57,True
REACTOME_GOLGI_ASSOCIATED_VESICLE_BIOGENESIS,56,56,True
REACTOME_ORC1_REMOVAL_FROM_CHROMATIN,56,56,True
REACTOME_SIGNALING_BY_ERBB4,56,56,True
REACTOME_CYTOPROTECTION_BY_HMOX1,58,55,True
REACTOME_DEADENYLATION_DEPENDENT_MRNA_DECAY,55,55,True
REACTOME_DNA_DOUBLE_STRAND_BREAK_RESPONSE,55,55,True
REACTOME_FORMATION_OF_PARAXIAL_MESODERM,55,55,True
REACTOME_GABA_RECEPTOR_ACTIVATION,55,55,True
REACTOME_GLYCOSPHINGOLIPID_METABOLISM,55,55,True
REACTOME_HSP90_CHAPERONE_CYCLE_FOR_STEROID_HORMONE_RECEPTORS_SHR_IN_THE_PRESENCE_OF_LIGAND,55,55,True
REACTOME_INTRINSIC_PATHWAY_FOR_APOPTOSIS,55,55,True
REACTOME_NEUREXINS_AND_NEUROLIGINS,55,55,True
REACTOME_RHOJ_GTPASE_CYCLE,55,55,True
REACTOME_AMPK_INDUCED_ERAD_AND_LYSOSOME_MEDIATED_DEGRADATION_OF_PD_L1_CD274,54,54,True
REACTOME_INTRAFLAGELLAR_TRANSPORT,54,54,True
REACTOME_ION_TRANSPORT_BY_P_TYPE_ATPASES,54,54,True
REACTOME_NUCLEOTIDE_BINDING_DOMAIN_LEUCINE_RICH_REPEAT_CONTAINING_RECEPTOR_NLR_SIGNALING_PATHWAYS,54,54,True
REACTOME_REGULATION_OF_CHOLESTEROL_BIOSYNTHESIS_BY_SREBP_SREBF,54,54,True
REACTOME_REGULATION_OF_ENDOGENOUS_RETROELEMENTS_BY_PIWI_INTERACTING_RNAS_PIRNAS,54,54,True
REACTOME_REGULATION_OF_PTEN_STABILITY_AND_ACTIVITY,54,54,True
REACTOME_REGULATION_OF_RAS_BY_GAPS,54,54,True
REACTOME_TNF_SIGNALING,54,54,True
REACTOME_AMINO_ACIDS_REGULATE_MTORC1,53,53,True
REACTOME_INTERLEUKIN_12_FAMILY_SIGNALING,53,53,True
REACTOME_SIGNALING_BY_PTK6,53,53,True
REACTOME_TRANSCRIPTIONAL_ACTIVATION_OF_MITOCHONDRIAL_BIOGENESIS,53,53,True
REACTOME_ACTIVATION_OF_NF_KAPPAB_IN_B_CELLS,52,52,True
REACTOME_COPI_INDEPENDENT_GOLGI_TO_ER_RETROGRADE_TRAFFIC,52,52,True
REACTOME_G_PROTEIN_MEDIATED_EVENTS,52,52,True
REACTOME_ION_HOMEOSTASIS,52,52,True
REACTOME_NUCLEAR_ENVELOPE_BREAKDOWN,52,52,True
REACTOME_P53_DEPENDENT_G1_DNA_DAMAGE_RESPONSE,52,52,True
REACTOME_RHOD_GTPASE_CYCLE,52,52,True
REACTOME_RUNX1_REGULATES_GENES_INVOLVED_IN_MEGAKARYOCYTE_DIFFERENTIATION_AND_PLATELET_FUNCTION,52,52,True
REACTOME_SIGNALING_BY_EGFR,52,52,True
REACTOME_SNRNP_ASSEMBLY,52,52,True
REACTOME_CHEMOKINE_RECEPTORS_BIND_CHEMOKINES,51,51,True
REACTOME_EPH_EPHRIN_MEDIATED_REPULSION_OF_CELLS,51,51,True
REACTOME_EXTENSION_OF_TELOMERES,51,51,True
REACTOME_HEDGEHOG_LIGAND_BIOGENESIS,51,51,True
REACTOME_MATURATION_OF_DENV_PROTEINS,51,51,True
REACTOME_NUCLEAR_RECEPTOR_TRANSCRIPTION_PATHWAY,51,51,True
REACTOME_SENSORY_PROCESSING_OF_SOUND_BY_OUTER_HAIR_CELLS_OF_THE_COCHLEA,51,51,True
REACTOME_TRANSCRIPTIONAL_ACTIVITY_OF_SMAD2_SMAD3_SMAD4_HETEROTRIMER,51,51,True
REACTOME_APOPTOTIC_EXECUTION_PHASE,50,50,True
REACTOME_AQUAPORIN_MEDIATED_TRANSPORT,50,50,True
REACTOME_ASYMMETRIC_LOCALIZATION_OF_PCP_PROTEINS,50,50,True
REACTOME_DISEASES_OF_DNA_REPAIR,50,50,True
REACTOME_FORMATION_OF_TC_NER_PRE_INCISION_COMPLEX,50,50,True
REACTOME_PROTEASOME_ASSEMBLY,50,50,True
REACTOME_SIGNALING_BY_ERBB2,50,50,True
REACTOME_SYNTHESIS_OF_PIPS_AT_THE_PLASMA_MEMBRANE,50,50,True
REACTOME_UBIQUITIN_MEDIATED_DEGRADATION_OF_PHOSPHORYLATED_CDC25A,50,50,True
REACTOME_E3_UBIQUITIN_LIGASES_UBIQUITINATE_TARGET_PROTEINS,49,49,True
REACTOME_FORMATION_OF_THE_BETA_CATENIN_TCF_TRANSACTIVATING_COMPLEX,49,49,True
REACTOME_INSULIN_RECEPTOR_SIGNALLING_CASCADE,49,49,True
REACTOME_MRNA_SPLICING_MINOR_PATHWAY,49,49,True
REACTOME_NEUROTRANSMITTER_RELEASE_CYCLE,49,49,True
REACTOME_RETROGRADE_TRANSPORT_AT_THE_TRANS_GOLGI_NETWORK,49,49,True
REACTOME_RHO_GTPASES_ACTIVATE_PKNS,49,49,True
REACTOME_SCF_SKP2_MEDIATED_DEGRADATION_OF_P27_P21,49,49,True
REACTOME_SIGNALING_BY_FGFR1,49,49,True
REACTOME_SIGNALING_BY_NOTCH3,49,49,True
REACTOME_SIGNALING_BY_TYPE_1_INSULIN_LIKE_GROWTH_FACTOR_1_RECEPTOR_IGF1R,49,49,True
REACTOME_TP53_REGULATES_TRANSCRIPTION_OF_CELL_CYCLE_GENES,49,49,True
REACTOME_B_WICH_COMPLEX_POSITIVELY_REGULATES_RRNA_EXPRESSION,48,48,True
REACTOME_DECTIN_1_MEDIATED_NONCANONICAL_NF_KB_SIGNALING,48,48,True
REACTOME_DNA_DAMAGE_BYPASS,48,48,True
REACTOME_HDACS_DEACETYLATE_HISTONES,48,48,True
REACTOME_INOSITOL_PHOSPHATE_METABOLISM,48,48,True
REACTOME_IRE1ALPHA_ACTIVATES_CHAPERONES,48,48,True
REACTOME_NOTCH1_INTRACELLULAR_DOMAIN_REGULATES_TRANSCRIPTION,48,48,True
REACTOME_RECYCLING_PATHWAY_OF_L1,48,48,True
REACTOME_RNA_POLYMERASE_I_PROMOTER_ESCAPE,48,48,True
REACTOME_CO_STIMULATION_BY_CD28,47,47,True
REACTOME_CYCLIN_D_ASSOCIATED_EVENTS_IN_G1,47,47,True
REACTOME_DEGRADATION_OF_CRY_AND_PER_PROTEINS,47,47,True
REACTOME_DNA_DAMAGE_TELOMERE_STRESS_INDUCED_SENESCENCE,47,47,True
REACTOME_HEME_SIGNALING,47,47,True
REACTOME_MEIOTIC_SYNAPSIS,47,47,True
REACTOME_METABOLISM_OF_FAT_SOLUBLE_VITAMINS,47,47,True
REACTOME_PYRUVATE_METABOLISM,47,47,True
REACTOME_RNA_POLYMERASE_I_TRANSCRIPTION_INITIATION,47,47,True
REACTOME_SARS_COV_2_MODULATES_HOST_TRANSLATION_MACHINERY,47,47,True
REACTOME_TRANSCRIPTIONAL_REGULATION_OF_GRANULOPOIESIS,47,47,True
REACTOME_DEGRADATION_OF_GLI1_BY_THE_PROTEASOME,46,46,True
REACTOME_MEIOTIC_RECOMBINATION,46,46,True
REACTOME_NR1H2_AND_NR1H3_MEDIATED_SIGNALING,46,46,True
REACTOME_SIGNALING_BY_TGFBR3,46,46,True
REACTOME_TGF_BETA_RECEPTOR_SIGNALING_ACTIVATES_SMADS,46,46,True
REACTOME_DEVELOPMENTAL_LINEAGE_OF_PANCREATIC_DUCTAL_CELLS,45,45,True
REACTOME_HH_MUTANTS_ABROGATE_LIGAND_SECRETION,45,45,True
REACTOME_HIV_TRANSCRIPTION_INITIATION,45,45,True
REACTOME_NONHOMOLOGOUS_END_JOINING_NHEJ,45,45,True
REACTOME_PKMTS_METHYLATE_HISTONE_LYSINES,45,45,True
REACTOME_SUMOYLATION_OF_DNA_REPLICATION_PROTEINS,45,45,True
REACTOME_SUMOYLATION_OF_RNA_BINDING_PROTEINS,45,45,True
REACTOME_TRNA_MODIFICATION_IN_THE_NUCLEUS_AND_CYTOSOL,45,45,True
REACTOME_COMPLEX_IV_ASSEMBLY,47,44,True
REACTOME_BILE_ACID_AND_BILE_SALT_METABOLISM,44,44,True
REACTOME_COLLAGEN_CHAIN_TRIMERIZATION,44,44,True
REACTOME_GAP_JUNCTION_TRAFFICKING_AND_REGULATION,44,44,True
REACTOME_G_ALPHA_Z_SIGNALLING_EVENTS,44,44,True
REACTOME_INTERLEUKIN_3_INTERLEUKIN_5_AND_GM_CSF_SIGNALING,44,44,True
REACTOME_INTRA_GOLGI_TRAFFIC,44,44,True
REACTOME_METABOLISM_OF_POLYAMINES,44,44,True
REACTOME_METAL_ION_SLC_TRANSPORTERS,44,44,True
REACTOME_REGULATION_OF_RUNX3_EXPRESSION_AND_ACTIVITY,44,44,True
REACTOME_SIGNALING_BY_MODERATE_KINASE_ACTIVITY_BRAF_MUTANTS,44,44,True
REACTOME_SPOP_MEDIATED_PROTEASOMAL_DEGRADATION_OF_PD_L1_CD274,44,44,True
REACTOME_TP53_REGULATES_TRANSCRIPTION_OF_CELL_DEATH_GENES,44,44,True
REACTOME_AGGREPHAGY,43,43,True
REACTOME_CARBOXYTERMINAL_POST_TRANSLATIONAL_MODIFICATIONS_OF_TUBULIN,43,43,True
REACTOME_DEGRADATION_OF_DVL,43,43,True
REACTOME_DENGUE_VIRUS_ATTACHMENT_AND_ENTRY,43,43,True
REACTOME_ELASTIC_FIBRE_FORMATION,43,43,True
REACTOME_FORMATION_OF_INCISION_COMPLEX_IN_GG_NER,43,43,True
REACTOME_GSK3B_MEDIATED_PROTEASOMAL_DEGRADATION_OF_PD_L1_CD274,43,43,True
REACTOME_INTERLEUKIN_12_SIGNALING,43,43,True
REACTOME_IRS_MEDIATED_SIGNALLING,43,43,True
REACTOME_KIDNEY_DEVELOPMENT,43,43,True
REACTOME_NEGATIVE_REGULATION_OF_MAPK_PATHWAY,43,43,True
REACTOME_NEGATIVE_REGULATION_OF_NOTCH4_SIGNALING,43,43,True
REACTOME_SIGNALING_BY_SCF_KIT,43,43,True
REACTOME_STABILIZATION_OF_P53,43,43,True
REACTOME_TAK1_DEPENDENT_IKK_AND_NF_KAPPA_B_ACTIVATION,43,43,True
REACTOME_VIRAL_MESSENGER_RNA_SYNTHESIS,43,43,True
REACTOME_ASSEMBLY_AND_CELL_SURFACE_PRESENTATION_OF_NMDA_RECEPTORS,42,42,True
REACTOME_DEACTIVATION_OF_THE_BETA_CATENIN_TRANSACTIVATING_COMPLEX,42,42,True
REACTOME_EPHB_MEDIATED_FORWARD_SIGNALING,42,42,True
REACTOME_GPER1_SIGNALING,42,42,True
REACTOME_HIV_TRANSCRIPTION_ELONGATION,42,42,True
REACTOME_HOMOLOGOUS_DNA_PAIRING_AND_STRAND_EXCHANGE,42,42,True
REACTOME_NETRIN_1_SIGNALING,42,42,True
REACTOME_OLFACTORY_SIGNALING_PATHWAY,42,42,True
REACTOME_REGULATION_OF_MITF_M_DEPENDENT_GENES_INVOLVED_IN_PIGMENTATION,42,42,True
REACTOME_RND1_GTPASE_CYCLE,42,42,True
REACTOME_RND2_GTPASE_CYCLE,42,42,True
REACTOME_RND3_GTPASE_CYCLE,42,42,True
REACTOME_SMOOTH_MUSCLE_CONTRACTION,42,42,True
REACTOME_SOMITOGENESIS,42,42,True
REACTOME_SUMOYLATION_OF_TRANSCRIPTION_COFACTORS,42,42,True
REACTOME_TBC_RABGAPS,42,42,True
REACTOME_TRANSPORT_OF_MATURE_MRNAS_DERIVED_FROM_INTRONLESS_TRANSCRIPTS,42,42,True
REACTOME_TRNA_AMINOACYLATION,42,42,True
REACTOME_ACTIVATION_OF_GENE_EXPRESSION_BY_SREBF_SREBP,41,41,True
REACTOME_AUF1_HNRNP_D0_BINDS_AND_DESTABILIZES_MRNA,41,41,True
REACTOME_DEGRADATION_OF_AXIN,41,41,True
REACTOME_DEPOSITION_OF_NEW_CENPA_CONTAINING_NUCLEOSOMES_AT_THE_CENTROMERE,41,41,True
REACTOME_DUAL_INCISION_IN_GG_NER,41,41,True
REACTOME_FBXL7_DOWN_REGULATES_AURKA_DURING_MITOTIC_ENTRY_AND_IN_EARLY_MITOSIS,41,41,True
REACTOME_GLUCAGON_LIKE_PEPTIDE_1_GLP1_REGULATES_INSULIN_SECRETION,41,41,True
REACTOME_MATURATION_OF_SARS_COV_2_SPIKE_PROTEIN,41,41,True
REACTOME_NS1_MEDIATED_EFFECTS_ON_HOST_PATHWAYS,41,41,True
REACTOME_RHOF_GTPASE_CYCLE,41,41,True
REACTOME_RMTS_METHYLATE_HISTONE_ARGININES,41,41,True
REACTOME_RNA_POLYMERASE_III_TRANSCRIPTION,41,41,True
REACTOME_SCF_BETA_TRCP_MEDIATED_DEGRADATION_OF_EMI1,41,41,True
REACTOME_VASOPRESSIN_REGULATES_RENAL_WATER_HOMEOSTASIS_VIA_AQUAPORINS,41,41,True
REACTOME_ADORA2B_MEDIATED_ANTI_INFLAMMATORY_CYTOKINES_PRODUCTION,40,40,True
REACTOME_CROSS_PRESENTATION_OF_SOLUBLE_EXOGENOUS_ANTIGENS_ENDOSOMES,40,40,True
REACTOME_DAG_AND_IP3_SIGNALING,40,40,True
REACTOME_DISEASES_ASSOCIATED_WITH_GLYCOSAMINOGLYCAN_METABOLISM,40,40,True
REACTOME_GABA_B_RECEPTOR_ACTIVATION,40,40,True
REACTOME_MTOR_SIGNALLING,40,40,True
REACTOME_NCAM1_INTERACTIONS,40,40,True
REACTOME_RHOU_GTPASE_CYCLE,40,40,True
REACTOME_SARS_COV_1_ACTIVATES_MODULATES_INNATE_IMMUNE_RESPONSES,40,40,True
REACTOME_VIF_MEDIATED_DEGRADATION_OF_APOBEC3G,40,40,True
REACTOME_ASSOCIATION_OF_TRIC_CCT_WITH_TARGET_PROTEINS_DURING_BIOSYNTHESIS,39,39,True
REACTOME_DIFFERENTIATION_OF_KERATINOCYTES_IN_INTERFOLLICULAR_EPIDERMIS_IN_MAMMALIAN_SKIN,39,39,True
REACTOME_HEPARAN_SULFATE_HEPARIN_HS_GAG_METABOLISM,39,39,True
REACTOME_INTERLEUKIN_10_SIGNALING,39,39,True
REACTOME_MAP2K_AND_MAPK_ACTIVATION,39,39,True
REACTOME_MET_PROMOTES_CELL_MOTILITY,39,39,True
REACTOME_NGF_STIMULATED_TRANSCRIPTION,39,39,True
REACTOME_REGULATION_OF_APOPTOSIS,39,39,True
REACTOME_RET_SIGNALING,39,39,True
REACTOME_SIGNALING_BY_FGFR2_IN_DISEASE,39,39,True
REACTOME_SIGNALING_BY_RETINOIC_ACID,39,39,True
REACTOME_TRANSCRIPTIONAL_REGULATION_BY_VENTX,39,39,True
REACTOME_TRANSLESION_SYNTHESIS_BY_Y_FAMILY_DNA_POLYMERASES_BYPASSES_LESIONS_ON_DNA_TEMPLATE,39,39,True
REACTOME_APOPTOTIC_CLEAVAGE_OF_CELLULAR_PROTEINS,38,38,True
REACTOME_DISEASES_OF_MITOTIC_CELL_CYCLE,38,38,True
REACTOME_DNA_DAMAGE_RECOGNITION_IN_GG_NER,38,38,True
REACTOME_FLT3_SIGNALING,38,38,True
REACTOME_FORMATION_OF_WDR5_CONTAINING_HISTONE_MODIFYING_COMPLEXES,38,38,True
REACTOME_HSF1_DEPENDENT_TRANSACTIVATION,38,38,True
REACTOME_INFECTION_WITH_ENTEROBACTERIA,38,38,True
REACTOME_INTERLEUKIN_2_FAMILY_SIGNALING,38,38,True
REACTOME_REGULATION_OF_BETA_CELL_DEVELOPMENT,38,38,True
REACTOME_RESOLUTION_OF_ABASIC_SITES_AP_SITES,38,38,True
REACTOME_SLC_MEDIATED_TRANSPORT_OF_ORGANIC_ANIONS,38,38,True
REACTOME_SUMOYLATION_OF_UBIQUITINYLATION_PROTEINS,38,38,True
REACTOME_UBIQUITIN_DEPENDENT_DEGRADATION_OF_CYCLIN_D,38,38,True
REACTOME_VOLTAGE_GATED_POTASSIUM_CHANNELS,38,38,True
REACTOME_CHONDROITIN_SULFATE_DERMATAN_SULFATE_METABOLISM,37,37,True
REACTOME_DAP12_INTERACTIONS,37,37,True
REACTOME_DEVELOPMENTAL_LINEAGES_OF_THE_MAMMARY_GLAND,37,37,True
REACTOME_EARLY_SARS_COV_2_INFECTION_EVENTS,37,37,True
REACTOME_FANCONI_ANEMIA_PATHWAY,37,37,True
REACTOME_FORMATION_OF_FIBRIN_CLOT_CLOTTING_CASCADE,37,37,True
REACTOME_INHIBITION_OF_DNA_RECOMBINATION_AT_TELOMERE,37,37,True
REACTOME_MITOPHAGY,37,37,True
REACTOME_NR1H3_NR1H2_REGULATE_GENE_EXPRESSION_LINKED_TO_CHOLESTEROL_TRANSPORT_AND_EFFLUX,37,37,True
REACTOME_O_GLYCOSYLATION_OF_TSR_DOMAIN_CONTAINING_PROTEINS,37,37,True
REACTOME_REGULATION_OF_ORNITHINE_DECARBOXYLASE_ODC,37,37,True
REACTOME_REGULATION_OF_TP53_EXPRESSION_AND_DEGRADATION,37,37,True
REACTOME_RHOV_GTPASE_CYCLE,37,37,True
REACTOME_SIGNALING_BY_FGFR3,37,37,True
REACTOME_SPHINGOLIPID_DE_NOVO_BIOSYNTHESIS,37,37,True
REACTOME_SYNTHESIS_OF_PA,37,37,True
REACTOME_CA_DEPENDENT_EVENTS,36,36,True
REACTOME_COOPERATION_OF_PDCL_PHLP1_AND_TRIC_CCT_IN_G_PROTEIN_BETA_FOLDING,36,36,True
REACTOME_GLYCOSPHINGOLIPID_CATABOLISM,36,36,True
REACTOME_INTERACTIONS_OF_REV_WITH_HOST_CELLULAR_PROTEINS,36,36,True
REACTOME_INTERACTIONS_OF_VPR_WITH_HOST_CELLULAR_PROTEINS,36,36,True
REACTOME_KERATAN_SULFATE_KERATIN_METABOLISM,36,36,True
REACTOME_MOLECULES_ASSOCIATED_WITH_ELASTIC_FIBRES,36,36,True
REACTOME_OVARIAN_TUMOR_DOMAIN_PROTEASES,36,36,True
REACTOME_PLASMA_LIPOPROTEIN_CLEARANCE,36,36,True
REACTOME_RESOLUTION_OF_D_LOOP_STRUCTURES,36,36,True
REACTOME_RHOH_GTPASE_CYCLE,36,36,True
REACTOME_ROS_AND_RNS_PRODUCTION_IN_PHAGOCYTES,36,36,True
REACTOME_RUNX1_INTERACTS_WITH_CO_FACTORS_WHOSE_PRECISE_EFFECT_ON_RUNX1_TARGETS_IS_NOT_KNOWN,36,36,True
REACTOME_SIGNALING_BY_FGFR4,36,36,True
REACTOME_SLC_MEDIATED_TRANSPORT_OF_AMINO_ACIDS,36,36,True
REACTOME_SMAD2_SMAD3_SMAD4_HETEROTRIMER_REGULATES_TRANSCRIPTION,36,36,True
REACTOME_ACTIVATION_OF_ATR_IN_RESPONSE_TO_REPLICATION_STRESS,35,35,True
REACTOME_ASPIRIN_ADME,35,35,True
REACTOME_DETOXIFICATION_OF_REACTIVE_OXYGEN_SPECIES,35,35,True
REACTOME_FATTY_ACYL_COA_BIOSYNTHESIS,35,35,True
REACTOME_GENERATION_OF_SECOND_MESSENGER_MOLECULES,35,35,True
REACTOME_GENE_AND_PROTEIN_EXPRESSION_BY_JAK_STAT_SIGNALING_AFTER_INTERLEUKIN_12_STIMULATION,35,35,True
REACTOME_HDR_THROUGH_SINGLE_STRAND_ANNEALING_SSA,35,35,True
REACTOME_LYSOSOME_VESICLE_BIOGENESIS,35,35,True
REACTOME_METABOLISM_OF_STEROID_HORMONES,35,35,True
REACTOME_MITOCHONDRIAL_FATTY_ACID_BETA_OXIDATION,35,35,True
REACTOME_NOD1_2_SIGNALING_PATHWAY,35,35,True
REACTOME_NUCLEAR_PORE_COMPLEX_NPC_DISASSEMBLY,35,35,True
REACTOME_N_GLYCAN_TRIMMING_IN_THE_ER_AND_CALNEXIN_CALRETICULIN_CYCLE,35,35,True
REACTOME_PLATELET_AGGREGATION_PLUG_FORMATION,35,35,True
REACTOME_RHOBTB_GTPASE_CYCLE,35,35,True
REACTOME_RHO_GTPASES_ACTIVATE_WASPS_AND_WAVES,35,35,True
REACTOME_SIGNALING_BY_FGFR1_IN_DISEASE,35,35,True
REACTOME_SLC_MEDIATED_TRANSPORT_OF_INORGANIC_ANIONS,35,35,True
REACTOME_STRIATED_MUSCLE_CONTRACTION,35,35,True
REACTOME_TRANSPORT_OF_THE_SLBP_DEPENDANT_MATURE_MRNA,35,35,True
REACTOME_TRIGLYCERIDE_METABOLISM,35,35,True
REACTOME_CITRIC_ACID_CYCLE_TCA_CYCLE,34,34,True
REACTOME_EXPRESSION_OF_BMAL_ARNTL_CLOCK_AND_NPAS2,34,34,True
REACTOME_GLUTATHIONE_CONJUGATION,34,34,True
REACTOME_GPVI_MEDIATED_ACTIVATION_CASCADE,34,34,True
REACTOME_INWARDLY_RECTIFYING_K_CHANNELS,34,34,True
REACTOME_LATE_ENDOSOMAL_MICROAUTOPHAGY,34,34,True
REACTOME_NEGATIVE_REGULATORS_OF_DDX58_IFIH1_SIGNALING,34,34,True
REACTOME_NUCLEAR_EVENTS_STIMULATED_BY_ALK_SIGNALING_IN_CANCER,34,34,True
REACTOME_NUCLEAR_RNA_DECAY,34,34,True
REACTOME_NUCLEOTIDE_CATABOLISM,34,34,True
REACTOME_RAF_ACTIVATION,34,34,True
REACTOME_SARS_COV_1_MODULATES_HOST_TRANSLATION_MACHINERY,34,34,True
REACTOME_SIGNALING_BY_WNT_IN_CANCER,34,34,True
REACTOME_SIGNALLING_TO_ERKS,34,34,True
REACTOME_SUMOYLATION_OF_SUMOYLATION_PROTEINS,34,34,True
REACTOME_TELOMERE_C_STRAND_LAGGING_STRAND_SYNTHESIS,34,34,True
REACTOME_TRANSCRIPTIONAL_REGULATION_BY_NPAS4,34,34,True
REACTOME_TRANSCRIPTIONAL_REGULATION_BY_SMALL_RNAS,34,34,True
REACTOME_TRANSCRIPTIONAL_REGULATION_BY_THE_AP_2_TFAP2_FAMILY_OF_TRANSCRIPTION_FACTORS,34,34,True
REACTOME_COOPERATION_OF_PREFOLDIN_AND_TRIC_CCT_IN_ACTIN_AND_TUBULIN_FOLDING,33,33,True
REACTOME_DISEASES_OF_CARBOHYDRATE_METABOLISM,33,33,True
REACTOME_ERCC6_CSB_AND_EHMT2_G9A_POSITIVELY_REGULATE_RRNA_EXPRESSION,33,33,True
REACTOME_FORMATION_OF_THE_DYSTROPHIN_GLYCOPROTEIN_COMPLEX_DGC,33,33,True
REACTOME_FORMATION_OF_THE_EARLY_ELONGATION_COMPLEX,33,33,True
REACTOME_METABOLIC_DISORDERS_OF_BIOLOGICAL_OXIDATION_ENZYMES,33,33,True
REACTOME_NUCLEAR_IMPORT_OF_REV_PROTEIN,33,33,True
REACTOME_ONCOGENE_INDUCED_SENESCENCE,33,33,True
REACTOME_PLASMA_LIPOPROTEIN_REMODELING,33,33,True
REACTOME_SIGNALING_BY_NOTCH2,33,33,True
REACTOME_SYNTHESIS_OF_BILE_ACIDS_AND_BILE_SALTS,33,33,True
REACTOME_TRANSCRIPTIONAL_REGULATION_BY_E2F6,33,33,True
REACTOME_ACTIVATION_OF_THE_PRE_REPLICATIVE_COMPLEX,32,32,True
REACTOME_AMINE_LIGAND_BINDING_RECEPTORS,32,32,True
REACTOME_BASE_EXCISION_REPAIR_AP_SITE_FORMATION,32,32,True
REACTOME_CYCLIN_A_B1_B2_ASSOCIATED_EVENTS_DURING_G2_M_TRANSITION,32,32,True
REACTOME_EXPORT_OF_VIRAL_RIBONUCLEOPROTEINS_FROM_NUCLEUS,32,32,True
REACTOME_GLUCAGON_SIGNALING_IN_METABOLIC_REGULATION,32,32,True
REACTOME_GLUCAGON_TYPE_LIGAND_RECEPTORS,32,32,True
REACTOME_HIV_ELONGATION_ARREST_AND_RECOVERY,32,32,True
REACTOME_PERK_REGULATES_GENE_EXPRESSION,32,32,True
REACTOME_REGULATION_OF_PYRUVATE_METABOLISM,32,32,True
REACTOME_RIPK1_MEDIATED_REGULATED_NECROSIS,32,32,True
REACTOME_TERMINATION_OF_TRANSLESION_DNA_SYNTHESIS,32,32,True
REACTOME_CRISTAE_FORMATION,33,31,True
REACTOME_ACTIVATED_NOTCH1_TRANSMITS_SIGNAL_TO_THE_NUCLEUS,31,31,True
REACTOME_ATP_DEPENDENT_CHROMATIN_REMODELERS,31,31,True
REACTOME_CARGO_CONCENTRATION_IN_THE_ER,31,31,True
REACTOME_CONDENSATION_OF_PROPHASE_CHROMOSOMES,31,31,True
REACTOME_DISEASES_OF_IMMUNE_SYSTEM,31,31,True
REACTOME_DNA_STRAND_ELONGATION,31,31,True
REACTOME_DOWNREGULATION_OF_SMAD2_3_SMAD4_TRANSCRIPTIONAL_ACTIVITY,31,31,True
REACTOME_ENDOSOMAL_SORTING_COMPLEX_REQUIRED_FOR_TRANSPORT_ESCRT,31,31,True
REACTOME_GAP_JUNCTION_ASSEMBLY,31,31,True
REACTOME_HSF1_ACTIVATION,31,31,True
REACTOME_HS_GAG_BIOSYNTHESIS,31,31,True
REACTOME_MAPK_TARGETS_NUCLEAR_EVENTS_MEDIATED_BY_MAP_KINASES,31,31,True
REACTOME_NUCLEAR_SIGNALING_BY_ERBB4,31,31,True
REACTOME_PHASE_0_RAPID_DEPOLARISATION,31,31,True
REACTOME_PINK1_PRKN_MEDIATED_MITOPHAGY,31,31,True
REACTOME_PRC2_METHYLATES_HISTONES_AND_DNA,31,31,True
REACTOME_REGULATION_OF_EXPRESSION_AND_FUNCTION_OF_TYPE_II_CLASSICAL_CADHERINS,31,31,True
REACTOME_REGULATION_OF_GLUCOKINASE_BY_GLUCOKINASE_REGULATORY_PROTEIN,31,31,True
REACTOME_REGULATION_OF_MECP2_EXPRESSION_AND_ACTIVITY,31,31,True
REACTOME_RHO_GTPASES_ACTIVATE_IQGAPS,31,31,True
REACTOME_RNA_POLYMERASE_I_TRANSCRIPTION_TERMINATION,31,31,True
REACTOME_SEALING_OF_THE_NUCLEAR_ENVELOPE_NE_BY_ESCRT_III,31,31,True
REACTOME_SIALIC_ACID_METABOLISM,31,31,True
REACTOME_SIGNALING_BY_CSF1_M_CSF_IN_MYELOID_CELLS,31,31,True
REACTOME_SIGNAL_AMPLIFICATION,31,31,True
REACTOME_THROMBIN_SIGNALLING_THROUGH_PROTEINASE_ACTIVATED_RECEPTORS_PARS,31,31,True
REACTOME_TNFR1_INDUCED_NF_KAPPA_B_SIGNALING_PATHWAY,31,31,True
REACTOME_TRAFFICKING_OF_AMPA_RECEPTORS,31,31,True
REACTOME_TRANSFERRIN_ENDOCYTOSIS_AND_RECYCLING,31,31,True
REACTOME_ACTIVATION_OF_BH3_ONLY_PROTEINS,30,30,True
REACTOME_ACTIVATION_OF_MATRIX_METALLOPROTEINASES,30,30,True
REACTOME_DEFECTIVE_PYROPTOSIS,30,30,True
REACTOME_DENGUE_VIRUS_ACTIVATES_MODULATES_INNATE_AND_ADAPTIVE_IMMUNE_RESPONSES,30,30,True
REACTOME_DEVELOPMENTAL_LINEAGE_OF_PANCREATIC_ACINAR_CELLS,30,30,True
REACTOME_DISASSEMBLY_OF_THE_DESTRUCTION_COMPLEX_AND_RECRUITMENT_OF_AXIN_TO_THE_MEMBRANE,30,30,True
REACTOME_EGFR_DOWNREGULATION,30,30,True
REACTOME_G_PROTEIN_BETA_GAMMA_SIGNALLING,30,30,True
REACTOME_INSULIN_RECEPTOR_RECYCLING,30,30,True
REACTOME_INTERACTION_BETWEEN_L1_AND_ANKYRINS,30,30,True
REACTOME_M_DECAY_DEGRADATION_OF_MATERNAL_MRNAS_BY_MATERNALLY_STORED_FACTORS,30,30,True
REACTOME_NEGATIVE_REGULATION_OF_FGFR1_SIGNALING,30,30,True
REACTOME_NEGATIVE_REGULATION_OF_FGFR2_SIGNALING,30,30,True
REACTOME_RECOGNITION_OF_DNA_DAMAGE_BY_PCNA_CONTAINING_REPLICATION_COMPLEX,30,30,True
REACTOME_REGULATION_OF_CDH1_POSTTRANSLATIONAL_PROCESSING_AND_TRAFFICKING_TO_PLASMA_MEMBRANE,30,30,True
REACTOME_SIGNALING_BY_ALK,30,30,True
REACTOME_SIGNALING_BY_CSF3_G_CSF,30,30,True
REACTOME_SYNTHESIS_OF_ACTIVE_UBIQUITIN_ROLES_OF_E1_AND_E2_ENZYMES,30,30,True
REACTOME_TRANSPORT_OF_VITAMINS_NUCLEOSIDES_AND_RELATED_MOLECULES,30,30,True
REACTOME_ANTIGEN_PRESENTATION_FOLDING_ASSEMBLY_AND_PEPTIDE_LOADING_OF_CLASS_I_MHC,29,29,True
REACTOME_DAP12_SIGNALING,29,29,True
REACTOME_DOWNREGULATION_OF_ERBB2_SIGNALING,29,29,True
REACTOME_DOWNSTREAM_SIGNAL_TRANSDUCTION,29,29,True
REACTOME_EGR2_AND_SOX10_MEDIATED_INITIATION_OF_SCHWANN_CELL_MYELINATION,29,29,True
REACTOME_EPHA_MEDIATED_GROWTH_CONE_COLLAPSE,29,29,True
REACTOME_FGFR2_MUTANT_RECEPTOR_ACTIVATION,29,29,True
REACTOME_FOXO_MEDIATED_TRANSCRIPTION_OF_OXIDATIVE_STRESS_METABOLIC_AND_NEURONAL_GENES,29,29,True
REACTOME_G1_S_SPECIFIC_TRANSCRIPTION,29,29,True
REACTOME_GLYCOSAMINOGLYCAN_PROTEIN_LINKAGE_REGION_BIOSYNTHESIS,29,29,True
REACTOME_MISCELLANEOUS_TRANSPORT_AND_BINDING_EVENTS,29,29,True
REACTOME_MRNA_CAPPING,29,29,True
REACTOME_PIWI_INTERACTING_RNA_PIRNA_BIOGENESIS,29,29,True
REACTOME_PROCESSING_OF_CAPPED_INTRONLESS_PRE_MRNA,29,29,True
REACTOME_SIGNALING_BY_BMP,29,29,True
REACTOME_SUMOYLATION_OF_INTRACELLULAR_RECEPTORS,29,29,True
REACTOME_SURFACTANT_METABOLISM,29,29,True
REACTOME_THE_PHOTOTRANSDUCTION_CASCADE,29,29,True
REACTOME_TRANSCRIPTIONAL_REGULATION_OF_BROWN_AND_BEIGE_ADIPOCYTE_DIFFERENTIATION,29,29,True
REACTOME_TRANSLATION_OF_SARS_COV_1_STRUCTURAL_PROTEINS,29,29,True
REACTOME_TURBULENT_OSCILLATORY_DISTURBED_FLOW_SHEAR_STRESS_ACTIVATES_SIGNALING_BY_PIEZO1_AND_INTEGRINS_IN_ENDOTHELIAL_CELLS,29,29,True
REACTOME_UPTAKE_AND_ACTIONS_OF_BACTERIAL_TOXINS,29,29,True
REACTOME_ACTIVATION_OF_AMPK_DOWNSTREAM_OF_NMDARS,28,28,True
REACTOME_ACTIVATION_OF_KAINATE_RECEPTORS_UPON_GLUTAMATE_BINDING,28,28,True
REACTOME_ACYL_CHAIN_REMODELLING_OF_PE,28,28,True
REACTOME_ATTENUATION_PHASE,28,28,True
REACTOME_BUDDING_AND_MATURATION_OF_HIV_VIRION,28,28,True
REACTOME_DOWNSTREAM_SIGNALING_OF_ACTIVATED_FGFR1,28,28,True
REACTOME_ENERGY_DEPENDENT_REGULATION_OF_MTOR_BY_LKB1_AMPK,28,28,True
REACTOME_FGFR1_MUTANT_RECEPTOR_ACTIVATION,28,28,True
REACTOME_FLT3_SIGNALING_IN_DISEASE,28,28,True
REACTOME_INTERCONVERSION_OF_NUCLEOTIDE_DI_AND_TRIPHOSPHATES,28,28,True
REACTOME_KERATAN_SULFATE_BIOSYNTHESIS,28,28,True
REACTOME_LAMININ_INTERACTIONS,28,28,True
REACTOME_MET_ACTIVATES_PTK2_SIGNALING,28,28,True
REACTOME_MYOGENESIS,28,28,True
REACTOME_NICOTINATE_METABOLISM,28,28,True
REACTOME_NOTCH_HLH_TRANSCRIPTION_PATHWAY,28,28,True
REACTOME_PEROXISOMAL_LIPID_METABOLISM,28,28,True
REACTOME_REGULATION_OF_ENDOGENOUS_RETROELEMENTS_BY_THE_HUMAN_SILENCING_HUB_HUSH_COMPLEX,28,28,True
REACTOME_REGULATION_OF_TP53_ACTIVITY_THROUGH_ACETYLATION,28,28,True
REACTOME_RNA_POLYMERASE_III_TRANSCRIPTION_INITIATION_FROM_TYPE_1_PROMOTER,28,28,True
REACTOME_RNA_POLYMERASE_III_TRANSCRIPTION_INITIATION_FROM_TYPE_3_PROMOTER,28,28,True
REACTOME_RUNX2_REGULATES_BONE_DEVELOPMENT,28,28,True
REACTOME_THE_ROLE_OF_NEF_IN_HIV_1_REPLICATION_AND_DISEASE_PATHOGENESIS,28,28,True
REACTOME_TIGHT_JUNCTION_INTERACTIONS,28,28,True
REACTOME_TNFS_BIND_THEIR_PHYSIOLOGICAL_RECEPTORS,28,28,True
REACTOME_TRANSCRIPTIONAL_REGULATION_OF_PLURIPOTENT_STEM_CELLS,28,28,True
REACTOME_ADRENALINE_NORADRENALINE_INHIBITS_INSULIN_SECRETION,27,27,True
REACTOME_ATF4_ACTIVATES_GENES_IN_RESPONSE_TO_ENDOPLASMIC_RETICULUM_STRESS,27,27,True
REACTOME_CHOLESTEROL_BIOSYNTHESIS,27,27,True
REACTOME_CREB1_PHOSPHORYLATION_THROUGH_NMDA_RECEPTOR_MEDIATED_ACTIVATION_OF_RAS_SIGNALING,27,27,True
REACTOME_FGFR2_ALTERNATIVE_SPLICING,27,27,True
REACTOME_G0_AND_EARLY_G1,27,27,True
REACTOME_INTEGRIN_SIGNALING,27,27,True
REACTOME_METABOLISM_OF_PORPHYRINS,27,27,True
REACTOME_POSTMITOTIC_NUCLEAR_PORE_COMPLEX_NPC_REFORMATION,27,27,True
REACTOME_PYROPTOSIS,27,27,True
REACTOME_RESOLUTION_OF_D_LOOP_STRUCTURES_THROUGH_SYNTHESIS_DEPENDENT_STRAND_ANNEALING_SDSA,27,27,True
REACTOME_SENSORY_PERCEPTION_OF_TASTE,27,27,True
REACTOME_SULFUR_AMINO_ACID_METABOLISM,27,27,True
REACTOME_SYNDECAN_INTERACTIONS,27,27,True
REACTOME_VEGFR2_MEDIATED_VASCULAR_PERMEABILITY,27,27,True
REACTOME_ACYL_CHAIN_REMODELLING_OF_PC,26,26,True
REACTOME_APC_CDC20_MEDIATED_DEGRADATION_OF_NEK2A,26,26,True
REACTOME_ASSEMBLY_OF_THE_ORC_COMPLEX_AT_THE_ORIGIN_OF_REPLICATION,26,26,True
REACTOME_BMAL1_CLOCK_NPAS2_ACTIVATES_CIRCADIAN_EXPRESSION,26,26,True
REACTOME_CALNEXIN_CALRETICULIN_CYCLE,26,26,True
REACTOME_CARDIOGENESIS,26,26,True
REACTOME_CASPASE_ACTIVATION_VIA_EXTRINSIC_APOPTOTIC_SIGNALLING_PATHWAY,26,26,True
REACTOME_CD28_DEPENDENT_PI3K_AKT_SIGNALING,26,26,True
REACTOME_CHROMATIN_MODIFICATIONS_DURING_THE_MATERNAL_TO_ZYGOTIC_TRANSITION_MZT,26,26,True
REACTOME_CONSTITUTIVE_SIGNALING_BY_AKT1_E17K_IN_CANCER,26,26,True
REACTOME_DOWNREGULATION_OF_TGF_BETA_RECEPTOR_SIGNALING,26,26,True
REACTOME_DOWNSTREAM_SIGNALING_OF_ACTIVATED_FGFR2,26,26,True
REACTOME_EFFECTS_OF_PIP2_HYDROLYSIS,26,26,True
REACTOME_FORMATION_OF_TUBULIN_FOLDING_INTERMEDIATES_BY_CCT_TRIC,26,26,True
REACTOME_GLYCOGEN_METABOLISM,26,26,True
REACTOME_INFECTION_WITH_MYCOBACTERIUM_TUBERCULOSIS,26,26,True
REACTOME_NEGATIVE_REGULATION_OF_FGFR3_SIGNALING,26,26,True
REACTOME_NEGATIVE_REGULATION_OF_FGFR4_SIGNALING,26,26,True
REACTOME_PLATELET_CALCIUM_HOMEOSTASIS,26,26,True
REACTOME_POLYMERASE_SWITCHING_ON_THE_C_STRAND_OF_THE_TELOMERE,26,26,True
REACTOME_SIGNALING_BY_ERBB2_IN_CANCER,26,26,True
REACTOME_SYNTHESIS_OF_IP3_AND_IP4_IN_THE_CYTOSOL,26,26,True
REACTOME_SYNTHESIS_OF_PC,26,26,True
REACTOME_BASIGIN_INTERACTIONS,25,25,True
REACTOME_DEADENYLATION_OF_MRNA,25,25,True
REACTOME_ENDOGENOUS_STEROLS,25,25,True
REACTOME_FERTILIZATION,25,25,True
REACTOME_FORMATION_OF_NEURONAL_PROGENITOR_AND_NEURONAL_BAF_NPBAF_AND_NBAF,25,25,True
REACTOME_GAP_FILLING_DNA_REPAIR_SYNTHESIS_AND_LIGATION_IN_GG_NER,25,25,True
REACTOME_INACTIVATION_OF_CSF3_G_CSF_SIGNALING,25,25,True
REACTOME_INSULIN_PROCESSING,25,25,True
REACTOME_METABOLISM_OF_COFACTORS,25,25,True
REACTOME_METALLOPROTEASE_DUBS,25,25,True
REACTOME_NOTCH3_ACTIVATION_AND_TRANSMISSION_OF_SIGNAL_TO_THE_NUCLEUS,25,25,True
REACTOME_NOTCH3_INTRACELLULAR_DOMAIN_REGULATES_TRANSCRIPTION,25,25,True
REACTOME_N_GLYCAN_ANTENNAE_ELONGATION_IN_THE_MEDIAL_TRANS_GOLGI,25,25,True
REACTOME_PARACETAMOL_ADME,25,25,True
REACTOME_PURINERGIC_SIGNALING_IN_LEISHMANIASIS_INFECTION,25,25,True
REACTOME_RECOGNITION_AND_ASSOCIATION_OF_DNA_GLYCOSYLASE_WITH_SITE_CONTAINING_AN_AFFECTED_PURINE,25,25,True
REACTOME_RESOLUTION_OF_AP_SITES_VIA_THE_MULTIPLE_NUCLEOTIDE_PATCH_REPLACEMENT_PATHWAY,25,25,True
REACTOME_RORA_B_C_AND_NR1D1_REV_ERBA_REGULATE_GENE_EXPRESSION,25,25,True
REACTOME_SIGNALING_BY_ERYTHROPOIETIN,25,25,True
REACTOME_SIGNALING_BY_NTRK2_TRKB,25,25,True
REACTOME_SIRT1_NEGATIVELY_REGULATES_RRNA_EXPRESSION,25,25,True
REACTOME_TGFBR3_EXPRESSION,25,25,True
REACTOME_TRP_CHANNELS,25,25,True
REACTOME_COMPLEX_III_ASSEMBLY,25,24,True
REACTOME_ADP_SIGNALLING_THROUGH_P2Y_PURINOCEPTOR_1,24,24,True
REACTOME_APC_C_CDC20_MEDIATED_DEGRADATION_OF_CYCLIN_B,24,24,True
REACTOME_CYTOSOLIC_TRNA_AMINOACYLATION,24,24,True
REACTOME_DARPP_32_EVENTS,24,24,True
REACTOME_DECTIN_2_FAMILY,24,24,True
REACTOME_DEFECTIVE_INTRINSIC_PATHWAY_FOR_APOPTOSIS,24,24,True
REACTOME_GLUCONEOGENESIS,24,24,True
REACTOME_GROWTH_HORMONE_RECEPTOR_SIGNALING,24,24,True
REACTOME_HDMS_DEMETHYLATE_HISTONES,24,24,True
REACTOME_MICRORNA_MIRNA_BIOGENESIS,24,24,True
REACTOME_SEMA4D_IN_SEMAPHORIN_SIGNALING,24,24,True
REACTOME_SIGNALING_BY_EGFR_IN_CANCER,24,24,True
REACTOME_SYNTHESIS_OF_VERY_LONG_CHAIN_FATTY_ACYL_COAS,24,24,True
REACTOME_TRAF6_MEDIATED_NF_KB_ACTIVATION,24,24,True
REACTOME_WNT_LIGAND_BIOGENESIS_AND_TRAFFICKING,24,24,True
REACTOME_ABORTIVE_ELONGATION_OF_HIV_1_TRANSCRIPT_IN_THE_ABSENCE_OF_TAT,23,23,True
REACTOME_ACTIVATED_PKN1_STIMULATES_TRANSCRIPTION_OF_AR_ANDROGEN_RECEPTOR_REGULATED_GENES_KLK2_AND_KLK3,23,23,True
REACTOME_DIGESTION_AND_ABSORPTION,23,23,True
REACTOME_DOPAMINE_NEUROTRANSMITTER_RELEASE_CYCLE,23,23,True
REACTOME_ESTROGEN_DEPENDENT_NUCLEAR_EVENTS_DOWNSTREAM_OF_ESR_MEMBRANE_SIGNALING,23,23,True
REACTOME_GLUTAMATE_NEUROTRANSMITTER_RELEASE_CYCLE,23,23,True
REACTOME_G_BETA_GAMMA_SIGNALLING_THROUGH_PI3KGAMMA,23,23,True
REACTOME_G_PROTEIN_ACTIVATION,23,23,True
REACTOME_INTERLEUKIN_RECEPTOR_SHC_SIGNALING,23,23,True
REACTOME_MITOCHONDRIAL_CALCIUM_ION_TRANSPORT,23,23,True
REACTOME_MTORC1_MEDIATED_SIGNALLING,23,23,True
REACTOME_NEPHRIN_FAMILY_INTERACTIONS,23,23,True
REACTOME_NUCLEOTIDE_SALVAGE,23,23,True
REACTOME_OTHER_INTERLEUKIN_SIGNALING,23,23,True
REACTOME_PHOSPHORYLATION_OF_CD3_AND_TCR_ZETA_CHAINS,23,23,True
REACTOME_RAF_INDEPENDENT_MAPK1_3_ACTIVATION,23,23,True
REACTOME_RAS_PROCESSING,23,23,True
REACTOME_RESPIRATORY_SYNCYTIAL_VIRUS_RSV_ATTACHMENT_AND_ENTRY,23,23,True
REACTOME_RESPONSE_OF_MTB_TO_PHAGOCYTOSIS,23,23,True
REACTOME_RHOBTB1_GTPASE_CYCLE,23,23,True
REACTOME_RHOBTB2_GTPASE_CYCLE,23,23,True
REACTOME_RHO_GTPASES_ACTIVATE_NADPH_OXIDASES,23,23,True
REACTOME_RNA_POLYMERASE_III_TRANSCRIPTION_TERMINATION,23,23,True
REACTOME_SYNTHESIS_OF_BILE_ACIDS_AND_BILE_SALTS_VIA_7ALPHA_HYDROXYCHOLESTEROL,23,23,True
REACTOME_TELOMERE_EXTENSION_BY_TELOMERASE,23,23,True
REACTOME_TERMINATION_OF_O_GLYCAN_BIOSYNTHESIS,23,23,True
REACTOME_THROMBOXANE_SIGNALLING_THROUGH_TP_RECEPTOR,23,23,True
REACTOME_TNFR1_INDUCED_PROAPOPTOTIC_SIGNALING,23,23,True
REACTOME_ACTIVATED_TAK1_MEDIATES_P38_MAPK_ACTIVATION,22,22,True
REACTOME_AZATHIOPRINE_ADME,22,22,True
REACTOME_BBSOME_MEDIATED_CARGO_TARGETING_TO_CILIUM,22,22,True
REACTOME_CHAPERONE_MEDIATED_AUTOPHAGY,22,22,True
REACTOME_COBALAMIN_CBL_VITAMIN_B12_TRANSPORT_AND_METABOLISM,22,22,True
REACTOME_COMMON_PATHWAY_OF_FIBRIN_CLOT_FORMATION,22,22,True
REACTOME_DEVELOPMENTAL_LINEAGE_OF_MAMMARY_GLAND_LUMINAL_EPITHELIAL_CELLS,22,22,True
REACTOME_DOWNSTREAM_SIGNALING_OF_ACTIVATED_FGFR3,22,22,True
REACTOME_DOWNSTREAM_SIGNALING_OF_ACTIVATED_FGFR4,22,22,True
REACTOME_E2F_MEDIATED_REGULATION_OF_DNA_REPLICATION,22,22,True
REACTOME_ERK_MAPK_TARGETS,22,22,True
REACTOME_EVASION_BY_RSV_OF_HOST_INTERFERON_RESPONSES,22,22,True
REACTOME_IKK_COMPLEX_RECRUITMENT_MEDIATED_BY_RIP1,22,22,True
REACTOME_INSERTION_OF_TAIL_ANCHORED_PROTEINS_INTO_THE_ENDOPLASMIC_RETICULUM_MEMBRANE,22,22,True
REACTOME_INTERLEUKIN_6_FAMILY_SIGNALING,22,22,True
REACTOME_LONG_TERM_POTENTIATION,22,22,True
REACTOME_NOTCH2_ACTIVATION_AND_TRANSMISSION_OF_SIGNAL_TO_THE_NUCLEUS,22,22,True
REACTOME_NPAS4_REGULATES_EXPRESSION_OF_TARGET_GENES,22,22,True
REACTOME_PHOSPHORYLATED_BMAL1_CLOCK_ARNTL_CLOCK_ACTIVATES_EXPRESSION_OF_CORE_CLOCK_GENES,22,22,True
REACTOME_POST_CHAPERONIN_TUBULIN_FOLDING_PATHWAY,22,22,True
REACTOME_REGULATION_OF_SIGNALING_BY_CBL,22,22,True
REACTOME_REGULATION_OF_TLR_BY_ENDOGENOUS_LIGAND,22,22,True
REACTOME_SHC1_EVENTS_IN_ERBB2_SIGNALING,22,22,True
REACTOME_TRIGLYCERIDE_CATABOLISM,22,22,True
REACTOME_XENOBIOTICS,22,22,True
REACTOME_ACYL_CHAIN_REMODELLING_OF_PS,21,21,True
REACTOME_ATTACHMENT_OF_BACTERIA_TO_EPITHELIAL_CELLS,21,21,True
REACTOME_BRANCHED_CHAIN_AMINO_ACID_CATABOLISM,21,21,True
REACTOME_CD209_DC_SIGN_SIGNALING,21,21,True
REACTOME_CO_INHIBITION_BY_CTLA4,21,21,True
REACTOME_CS_GAG_BIOSYNTHESIS,21,21,True
REACTOME_DEFECTS_IN_VITAMIN_AND_COFACTOR_METABOLISM,21,21,True
REACTOME_ER_QUALITY_CONTROL_COMPARTMENT_ERQC,21,21,True
REACTOME_FORMATION_OF_THE_URETERIC_BUD,21,21,True
REACTOME_FRS_MEDIATED_FGFR2_SIGNALING,21,21,True
REACTOME_INCRETIN_SYNTHESIS_SECRETION_AND_INACTIVATION,21,21,True
REACTOME_INHIBITION_OF_THE_PROTEOLYTIC_ACTIVITY_OF_APC_C_REQUIRED_FOR_THE_ONSET_OF_ANAPHASE_BY_MITOTIC_SPINDLE_CHECKPOINT_COMPONENTS,21,21,True
REACTOME_INTERLEUKIN_7_SIGNALING,21,21,True
REACTOME_INTRINSIC_PATHWAY_OF_FIBRIN_CLOT_FORMATION,21,21,True
REACTOME_JNK_C_JUN_KINASES_PHOSPHORYLATION_AND_ACTIVATION_MEDIATED_BY_ACTIVATED_HUMAN_TAK1,21,21,True
REACTOME_MITOCHONDRIAL_TRNA_AMINOACYLATION,21,21,True
REACTOME_NEF_MEDIATES_DOWN_MODULATION_OF_CELL_SURFACE_RECEPTORS_BY_RECRUITING_THEM_TO_CLATHRIN_ADAPTERS,21,21,True
REACTOME_NEGATIVE_REGULATION_OF_MET_ACTIVITY,21,21,True
REACTOME_NITRIC_OXIDE_STIMULATES_GUANYLATE_CYCLASE,21,21,True
REACTOME_PCNA_DEPENDENT_LONG_PATCH_BASE_EXCISION_REPAIR,21,21,True
REACTOME_PD_L1_CD274_GLYCOSYLATION_AND_TRANSLOCATION_TO_PLASMA_MEMBRANE,21,21,True
REACTOME_RA_BIOSYNTHESIS_PATHWAY,21,21,True
REACTOME_REGULATION_OF_FZD_BY_UBIQUITINATION,21,21,True
REACTOME_RHO_GTPASES_ACTIVATE_PAKS,21,21,True
REACTOME_RUNX2_REGULATES_OSTEOBLAST_DIFFERENTIATION,21,21,True
REACTOME_SYNAPTIC_ADHESION_LIKE_MOLECULES,21,21,True
REACTOME_TP53_REGULATES_TRANSCRIPTION_OF_ADDITIONAL_CELL_CYCLE_GENES_WHOSE_EXACT_ROLE_IN_THE_P53_PATHWAY_REMAIN_UNCERTAIN,21,21,True
REACTOME_ABERRANT_REGULATION_OF_MITOTIC_EXIT_IN_CANCER_DUE_TO_RB1_DEFECTS,20,20,True
REACTOME_ADP_SIGNALLING_THROUGH_P2Y_PURINOCEPTOR_12,20,20,True
REACTOME_APOPTOTIC_FACTOR_MEDIATED_RESPONSE,20,20,True
REACTOME_CELLULAR_HEXOSE_TRANSPORT,20,20,True
REACTOME_CLASS_I_PEROXISOMAL_MEMBRANE_PROTEIN_IMPORT,20,20,True
REACTOME_CONVERSION_FROM_APC_C_CDC20_TO_APC_C_CDH1_IN_LATE_ANAPHASE,20,20,True
REACTOME_CS_DS_DEGRADATION,20,20,True
REACTOME_DEFECTIVE_B4GALT7_CAUSES_EDS_PROGEROID_TYPE,20,20,True
REACTOME_DISEASES_ASSOCIATED_WITH_N_GLYCOSYLATION_OF_PROTEINS,20,20,True
REACTOME_DNA_METHYLATION,20,20,True
REACTOME_FIBRONECTIN_MATRIX_FORMATION,20,20,True
REACTOME_FRS_MEDIATED_FGFR1_SIGNALING,20,20,True
REACTOME_GLUCURONIDATION,20,20,True
REACTOME_HS_GAG_DEGRADATION,20,20,True
REACTOME_HYALURONAN_METABOLISM,20,20,True
REACTOME_INFLAMMASOMES,20,20,True
REACTOME_INTERLEUKIN_37_SIGNALING,20,20,True
REACTOME_LAGGING_STRAND_SYNTHESIS,20,20,True
REACTOME_LISTERIA_MONOCYTOGENES_ENTRY_INTO_HOST_CELLS,20,20,True
REACTOME_MATURATION_OF_TCA_ENZYMES_AND_REGULATION_OF_TCA_CYCLE,20,20,True
REACTOME_METABOLISM_OF_AMINE_DERIVED_HORMONES,20,20,True
REACTOME_NEGATIVE_REGULATION_OF_NMDA_RECEPTOR_MEDIATED_NEURONAL_TRANSMISSION,20,20,True
REACTOME_NFE2L2_REGULATING_ANTI_OXIDANT_DETOXIFICATION_ENZYMES,20,20,True
REACTOME_NOTCH4_INTRACELLULAR_DOMAIN_REGULATES_TRANSCRIPTION,20,20,True
REACTOME_PHOSPHORYLATION_OF_THE_APC_C,20,20,True
REACTOME_PRESYNAPTIC_FUNCTION_OF_KAINATE_RECEPTORS,20,20,True
REACTOME_PROCESSING_OF_INTRONLESS_PRE_MRNAS,20,20,True
REACTOME_REGULATION_OF_GENE_EXPRESSION_IN_BETA_CELLS,20,20,True
REACTOME_SEMA4D_INDUCED_CELL_MIGRATION_AND_GROWTH_CONE_COLLAPSE,20,20,True
REACTOME_SIGNALING_BY_HIPPO,20,20,True
REACTOME_SIGNALING_BY_KIT_IN_DISEASE,20,20,True
REACTOME_SIGNALING_BY_PDGFR_IN_DISEASE,20,20,True
REACTOME_SIGNALLING_TO_RAS,20,20,True
REACTOME_SIGNAL_TRANSDUCTION_BY_L1,20,20,True
REACTOME_SUMOYLATION_OF_TRANSCRIPTION_FACTORS,20,20,True
REACTOME_THE_CANONICAL_RETINOID_CYCLE_IN_RODS_TWILIGHT_VISION,20,20,True
REACTOME_TP53_REGULATES_TRANSCRIPTION_OF_GENES_INVOLVED_IN_CYTOCHROME_C_RELEASE,20,20,True
REACTOME_TRANSPORT_OF_CONNEXONS_TO_THE_PLASMA_MEMBRANE,20,20,True
REACTOME_UNBLOCKING_OF_NMDA_RECEPTORS_GLUTAMATE_BINDING_AND_ACTIVATION,20,20,True
REACTOME_VITAMIN_B5_PANTOTHENATE_METABOLISM,20,20,True
REACTOME_ZBP1_DAI_MEDIATED_INDUCTION_OF_TYPE_I_IFNS,20,20,True
REACTOME_ATTACHMENT_AND_ENTRY,19,19,True
REACTOME_CONSTITUTIVE_SIGNALING_BY_LIGAND_RESPONSIVE_EGFR_CANCER_VARIANTS,19,19,True
REACTOME_DEFENSINS,19,19,True
REACTOME_DEVELOPMENTAL_LINEAGE_OF_MAMMARY_GLAND_MYOEPITHELIAL_CELLS,19,19,True
REACTOME_DIGESTION,19,19,True
REACTOME_EPHRIN_SIGNALING,19,19,True
REACTOME_FORMATION_OF_THE_EMBRYONIC_STEM_CELL_BAF_ESBAF_COMPLEX,19,19,True
REACTOME_GABA_SYNTHESIS_RELEASE_REUPTAKE_AND_DEGRADATION,19,19,True
REACTOME_GLYCOSPHINGOLIPID_BIOSYNTHESIS,19,19,True
REACTOME_GLYOXYLATE_METABOLISM_AND_GLYCINE_DEGRADATION,19,19,True
REACTOME_G_BETA_GAMMA_SIGNALLING_THROUGH_CDC42,19,19,True
REACTOME_INITIATION_OF_NUCLEAR_ENVELOPE_NE_REFORMATION,19,19,True
REACTOME_INTERLEUKIN_20_FAMILY_SIGNALING,19,19,True
REACTOME_OTHER_SEMAPHORIN_INTERACTIONS,19,19,True
REACTOME_PI_3K_CASCADE_FGFR2,19,19,True
REACTOME_PKA_MEDIATED_PHOSPHORYLATION_OF_CREB,19,19,True
REACTOME_PLASMA_LIPOPROTEIN_ASSEMBLY,19,19,True
REACTOME_PROCESSIVE_SYNTHESIS_ON_THE_C_STRAND_OF_THE_TELOMERE,19,19,True
REACTOME_PROTEIN_HYDROXYLATION,19,19,True
REACTOME_RAS_ACTIVATION_UPON_CA2_INFLUX_THROUGH_NMDA_RECEPTOR,19,19,True
REACTOME_RECEPTOR_TYPE_TYROSINE_PROTEIN_PHOSPHATASES,19,19,True
REACTOME_REGULATION_OF_TP53_ACTIVITY_THROUGH_METHYLATION,19,19,True
REACTOME_REPLACEMENT_OF_PROTAMINES_BY_NUCLEOSOMES_IN_THE_MALE_PRONUCLEUS,19,19,True
REACTOME_RHO_GTPASES_ACTIVATE_CIT,19,19,True
REACTOME_RHO_GTPASES_ACTIVATE_ROCKS,19,19,True
REACTOME_SCAVENGING_BY_CLASS_A_RECEPTORS,19,19,True
REACTOME_SIGNALING_BY_FGFR2_IIIA_TM,19,19,True
REACTOME_SIGNALING_BY_FLT3_FUSION_PROTEINS,19,19,True
REACTOME_SIGNALING_BY_NODAL,19,19,True
REACTOME_SLC_MEDIATED_TRANSPORT_OF_NEUROTRANSMITTERS,19,19,True
REACTOME_SYNTHESIS_OF_LEUKOTRIENES_LT_AND_EOXINS_EX,19,19,True
REACTOME_TRANSCRIPTION_OF_E2F_TARGETS_UNDER_NEGATIVE_CONTROL_BY_DREAM_COMPLEX,19,19,True
REACTOME_TRANSLESION_SYNTHESIS_BY_POLH,19,19,True
REACTOME_VEGFR2_MEDIATED_CELL_PROLIFERATION,19,19,True
REACTOME_VXPX_CARGO_TARGETING_TO_CILIUM,19,19,True
REACTOME_FORMATION_OF_ATP_BY_CHEMIOSMOTIC_COUPLING,20,18,True
REACTOME_ABC_TRANSPORTERS_IN_LIPID_HOMEOSTASIS,18,18,True
REACTOME_ACTIVATION_OF_SMO,18,18,True
REACTOME_ANTIGEN_PROCESSING_UB_ATP_INDEPENDENT_PROTEASOMAL_DEGRADATION,18,18,True
REACTOME_ASSEMBLY_OF_ACTIVE_LPL_AND_LIPC_LIPASE_COMPLEXES,18,18,True
REACTOME_BIOSYNTHESIS_OF_SPECIALIZED_PRORESOLVING_MEDIATORS_SPMS,18,18,True
REACTOME_BLOOD_GROUP_SYSTEMS_BIOSYNTHESIS,18,18,True
REACTOME_CELL_EXTRACELLULAR_MATRIX_INTERACTIONS,18,18,True
REACTOME_CROSSLINKING_OF_COLLAGEN_FIBRILS,18,18,True
REACTOME_DISORDERS_OF_DEVELOPMENTAL_BIOLOGY,18,18,True
REACTOME_FORMATION_OF_THE_CANONICAL_BAF_CBAF_COMPLEX,18,18,True
REACTOME_FORMATION_OF_THE_POLYBROMO_BAF_PBAF_COMPLEX,18,18,True
REACTOME_IRAK4_DEFICIENCY_TLR2_4,18,18,True
REACTOME_LDL_CLEARANCE,18,18,True
REACTOME_MECP2_REGULATES_NEURONAL_RECEPTORS_AND_CHANNELS,18,18,True
REACTOME_MODULATION_OF_HOST_RESPONSES_BY_IFN_STIMULATED_GENES,18,18,True
REACTOME_NOREPINEPHRINE_NEUROTRANSMITTER_RELEASE_CYCLE,18,18,True
REACTOME_PHASE_4_RESTING_MEMBRANE_POTENTIAL,18,18,True
REACTOME_PI_3K_CASCADE_FGFR1,18,18,True
REACTOME_PRE_NOTCH_PROCESSING_IN_GOLGI,18,18,True
REACTOME_PROSTACYCLIN_SIGNALLING_THROUGH_PROSTACYCLIN_RECEPTOR,18,18,True
REACTOME_RECYCLING_OF_BILE_ACIDS_AND_SALTS,18,18,True
REACTOME_REGULATION_OF_MITF_M_DEPENDENT_GENES_INVOLVED_IN_APOPTOSIS,18,18,True
REACTOME_REGULATION_OF_MITF_M_DEPENDENT_GENES_INVOLVED_IN_CELL_CYCLE_AND_PROLIFERATION,18,18,True
REACTOME_RNA_POLYMERASE_III_CHAIN_ELONGATION,18,18,True
REACTOME_SEROTONIN_NEUROTRANSMITTER_RELEASE_CYCLE,18,18,True
REACTOME_SHC_MEDIATED_CASCADE_FGFR1,18,18,True
REACTOME_SIGNALING_BY_CYTOSOLIC_FGFR1_FUSION_MUTANTS,18,18,True
REACTOME_SYNTHESIS_SECRETION_AND_DEACYLATION_OF_GHRELIN,18,18,True
REACTOME_SYNTHESIS_SECRETION_AND_INACTIVATION_OF_GLUCAGON_LIKE_PEPTIDE_1_GLP_1,18,18,True
REACTOME_TICAM1_RIP1_MEDIATED_IKK_COMPLEX_RECRUITMENT,18,18,True
REACTOME_TIE2_SIGNALING,18,18,True
REACTOME_TP53_REGULATES_TRANSCRIPTION_OF_GENES_INVOLVED_IN_G2_CELL_CYCLE_ARREST,18,18,True
REACTOME_ABERRANT_REGULATION_OF_MITOTIC_G1_S_TRANSITION_IN_CANCER_DUE_TO_RB1_DEFECTS,17,17,True
REACTOME_ACTIVATION_OF_IRF3_IRF7_MEDIATED_BY_TBK1_IKK_IKBKE,17,17,True
REACTOME_ACYL_CHAIN_REMODELLING_OF_PG,17,17,True
REACTOME_AFLATOXIN_ACTIVATION_AND_DETOXIFICATION,17,17,True
REACTOME_BETA_CATENIN_PHOSPHORYLATION_CASCADE,17,17,True
REACTOME_CLASS_C_3_METABOTROPIC_GLUTAMATE_PHEROMONE_RECEPTORS,17,17,True
REACTOME_DAG1_GLYCOSYLATIONS,17,17,True
REACTOME_DEFECTIVE_C1GALT1C1_CAUSES_TNPS,17,17,True
REACTOME_DISEASES_OF_HEMOSTASIS,17,17,True
REACTOME_FORMATION_OF_THE_NEPHRIC_DUCT,17,17,True
REACTOME_FORMATION_OF_THE_NON_CANONICAL_BAF_NCBAF_COMPLEX,17,17,True
REACTOME_FOXO_MEDIATED_TRANSCRIPTION_OF_CELL_CYCLE_GENES,17,17,True
REACTOME_FRS_MEDIATED_FGFR3_SIGNALING,17,17,True
REACTOME_FRS_MEDIATED_FGFR4_SIGNALING,17,17,True
REACTOME_GASTRIN_CREB_SIGNALLING_PATHWAY_VIA_PKC_AND_MAPK,17,17,True
REACTOME_KSRP_KHSRP_BINDS_AND_DESTABILIZES_MRNA,17,17,True
REACTOME_MECHANICAL_LOAD_ACTIVATES_SIGNALING_BY_PIEZO1_AND_INTEGRINS_IN_OSTEOCYTES,17,17,True
REACTOME_METABOLISM_OF_ANGIOTENSINOGEN_TO_ANGIOTENSINS,17,17,True
REACTOME_METABOLISM_OF_FOLATE_AND_PTERINES,17,17,True
REACTOME_METABOLISM_OF_NITRIC_OXIDE_NOS3_ACTIVATION_AND_REGULATION,17,17,True
REACTOME_MITOCHONDRIAL_UNFOLDED_PROTEIN_RESPONSE_UPRMT,17,17,True
REACTOME_PROTEIN_METHYLATION,17,17,True
REACTOME_REGULATION_OF_MITF_M_DEPENDENT_GENES_INVOLVED_IN_LYSOSOME_BIOGENESIS_AND_AUTOPHAGY,17,17,True
REACTOME_REGULATION_OF_NF_KAPPA_B_SIGNALING,17,17,True
REACTOME_REGULATION_OF_RUNX1_EXPRESSION_AND_ACTIVITY,17,17,True
REACTOME_SIGNALING_BY_NTRK3_TRKC,17,17,True
REACTOME_SYNTHESIS_OF_PIPS_AT_THE_GOLGI_MEMBRANE,17,17,True
REACTOME_TNF_RECEPTOR_SUPERFAMILY_TNFSF_MEMBERS_MEDIATING_NON_CANONICAL_NF_KB_PATHWAY,17,17,True
REACTOME_TRAFFICKING_OF_GLUR2_CONTAINING_AMPA_RECEPTORS,17,17,True
REACTOME_TRANSLESION_SYNTHESIS_BY_POLK,17,17,True
REACTOME_ACETYLCHOLINE_NEUROTRANSMITTER_RELEASE_CYCLE,16,16,True
REACTOME_ACYL_CHAIN_REMODELLING_OF_PI,16,16,True
REACTOME_ASSEMBLY_OF_THE_HIV_VIRION,16,16,True
REACTOME_BUTYRATE_RESPONSE_FACTOR_1_BRF1_BINDS_AND_DESTABILIZES_MRNA,16,16,True
REACTOME_CASPASE_ACTIVATION_VIA_DEATH_RECEPTORS_IN_THE_PRESENCE_OF_LIGAND,16,16,True
REACTOME_CRMPS_IN_SEMA3A_SIGNALING,16,16,True
REACTOME_DEFECTIVE_GALNT3_CAUSES_HFTC,16,16,True
REACTOME_DENGUE_VIRUS_MODULATES_APOPTOSIS,16,16,True
REACTOME_DEVELOPMENTAL_LINEAGE_OF_MAMMARY_GLAND_ALVEOLAR_CELLS,16,16,True
REACTOME_DEVELOPMENTAL_LINEAGE_OF_MULTIPOTENT_PANCREATIC_PROGENITOR_CELLS,16,16,True
REACTOME_DISEASES_ASSOCIATED_WITH_GLYCOSYLATION_PRECURSOR_BIOSYNTHESIS,16,16,True
REACTOME_FGFR2_LIGAND_BINDING_AND_ACTIVATION,16,16,True
REACTOME_FORMATION_OF_DEFINITIVE_ENDODERM,16,16,True
REACTOME_FOXO_MEDIATED_TRANSCRIPTION_OF_CELL_DEATH_GENES,16,16,True
REACTOME_GAB1_SIGNALOSOME,16,16,True
REACTOME_GLYCOGEN_STORAGE_DISEASES,16,16,True
REACTOME_GRB2_EVENTS_IN_ERBB2_SIGNALING,16,16,True
REACTOME_HYALURONAN_DEGRADATION,16,16,True
REACTOME_MRNA_DECAY_BY_3_TO_5_EXORIBONUCLEASE,16,16,True
REACTOME_NRIF_SIGNALS_CELL_DEATH_FROM_THE_NUCLEUS,16,16,True
REACTOME_P75NTR_SIGNALS_VIA_NF_KB,16,16,True
REACTOME_PI3K_EVENTS_IN_ERBB2_SIGNALING,16,16,True
REACTOME_PKA_ACTIVATION_IN_GLUCAGON_SIGNALLING,16,16,True
REACTOME_PLATELET_SENSITIZATION_BY_LDL,16,16,True
REACTOME_POLO_LIKE_KINASE_MEDIATED_EVENTS,16,16,True
REACTOME_PROCESSING_OF_SMDT1,16,16,True
REACTOME_PURINE_CATABOLISM,16,16,True
REACTOME_RAP1_SIGNALLING,16,16,True
REACTOME_REGULATION_OF_KIT_SIGNALING,16,16,True
REACTOME_RESPIRATORY_SYNCYTIAL_VIRUS_RSV_GENOME_REPLICATION_TRANSCRIPTION_AND_TRANSLATION,16,16,True
REACTOME_RIP_MEDIATED_NFKB_ACTIVATION_VIA_ZBP1,16,16,True
REACTOME_SARS_COV_1_TARGETS_HOST_INTRACELLULAR_SIGNALLING_AND_REGULATORY_PATHWAYS,16,16,True
REACTOME_SEMA3A_PAK_DEPENDENT_AXON_REPULSION,16,16,True
REACTOME_SIGNALING_BY_ACTIVIN,16,16,True
REACTOME_SIGNALING_BY_ERBB2_ECD_MUTANTS,16,16,True
REACTOME_SIGNALING_BY_FLT3_ITD_AND_TKD_MUTANTS,16,16,True
REACTOME_SIGNAL_REGULATORY_PROTEIN_FAMILY_INTERACTIONS,16,16,True
REACTOME_SPECIFICATION_OF_THE_NEURAL_PLATE_BORDER,16,16,True
REACTOME_SPRY_REGULATION_OF_FGF_SIGNALING,16,16,True
REACTOME_STING_MEDIATED_INDUCTION_OF_HOST_IMMUNE_RESPONSES,16,16,True
REACTOME_SYNTHESIS_OF_GLYCOSYLPHOSPHATIDYLINOSITOL_GPI,16,16,True
REACTOME_SYNTHESIS_OF_PIPS_AT_THE_EARLY_ENDOSOME_MEMBRANE,16,16,True
REACTOME_TGF_BETA_RECEPTOR_SIGNALING_IN_EMT_EPITHELIAL_TO_MESENCHYMAL_TRANSITION,16,16,True
REACTOME_TRAF6_MEDIATED_INDUCTION_OF_TAK1_COMPLEX_WITHIN_TLR4_COMPLEX,16,16,True
REACTOME_TRAF6_MEDIATED_IRF7_ACTIVATION,16,16,True
REACTOME_TRANSCRIPTION_OF_E2F_TARGETS_UNDER_NEGATIVE_CONTROL_BY_P107_RBL1_AND_P130_RBL2_IN_COMPLEX_WITH_HDAC1,16,16,True
REACTOME_TRISTETRAPROLIN_TTP_ZFP36_BINDS_AND_DESTABILIZES_MRNA,16,16,True
REACTOME_VLDLR_INTERNALISATION_AND_DEGRADATION,16,16,True
REACTOME_RRNA_PROCESSING_IN_THE_MITOCHONDRION,17,15,True
REACTOME_ACTIVATION_OF_BAD_AND_TRANSLOCATION_TO_MITOCHONDRIA,15,15,True
REACTOME_ANCHORING_FIBRIL_FORMATION,15,15,True
REACTOME_CGMP_EFFECTS,15,15,True
REACTOME_CHK1_CHK2_CDS1_MEDIATED_INACTIVATION_OF_CYCLIN_B_CDK1_COMPLEX,15,15,True
REACTOME_CONSTITUTIVE_SIGNALING_BY_EGFRVIII,15,15,True
REACTOME_DEPOLYMERIZATION_OF_THE_NUCLEAR_LAMINA,15,15,True
REACTOME_DEVELOPMENTAL_LINEAGE_OF_MAMMARY_STEM_CELLS,15,15,True
REACTOME_EICOSANOID_LIGAND_BINDING_RECEPTORS,15,15,True
REACTOME_ELEVATION_OF_CYTOSOLIC_CA2_LEVELS,15,15,True
REACTOME_ERBB2_REGULATES_CELL_MOTILITY,15,15,True
REACTOME_FGFR1_LIGAND_BINDING_AND_ACTIVATION,15,15,True
REACTOME_FORMATION_OF_SENESCENCE_ASSOCIATED_HETEROCHROMATIN_FOCI_SAHF,15,15,True
REACTOME_GLYCOGEN_BREAKDOWN_GLYCOGENOLYSIS,15,15,True
REACTOME_GRB2_SOS_PROVIDES_LINKAGE_TO_MAPK_SIGNALING_FOR_INTEGRINS,15,15,True
REACTOME_HEME_DEGRADATION,15,15,True
REACTOME_IL_6_TYPE_CYTOKINE_RECEPTOR_LIGAND_INTERACTIONS,15,15,True
REACTOME_INLB_MEDIATED_ENTRY_OF_LISTERIA_MONOCYTOGENES_INTO_HOST_CELL,15,15,True
REACTOME_MAP3K8_TPL2_DEPENDENT_MAPK1_3_ACTIVATION,15,15,True
REACTOME_MATURATION_OF_SARS_COV_2_NUCLEOPROTEIN,15,15,True
REACTOME_MISMATCH_REPAIR,15,15,True
REACTOME_NEGATIVE_REGULATION_OF_FLT3,15,15,True
REACTOME_NEGATIVE_REGULATION_OF_TCF_DEPENDENT_SIGNALING_BY_WNT_LIGAND_ANTAGONISTS,15,15,True
REACTOME_P130CAS_LINKAGE_TO_MAPK_SIGNALING_FOR_INTEGRINS,15,15,True
REACTOME_PHASE_2_PLATEAU_PHASE,15,15,True
REACTOME_PI_3K_CASCADE_FGFR3,15,15,True
REACTOME_PI_3K_CASCADE_FGFR4,15,15,True
REACTOME_PROCESSIVE_SYNTHESIS_ON_THE_LAGGING_STRAND,15,15,True
REACTOME_PROLACTIN_RECEPTOR_SIGNALING,15,15,True
REACTOME_REGULATION_OF_INNATE_IMMUNE_RESPONSES_TO_CYTOSOLIC_DNA,15,15,True
REACTOME_REGULATION_OF_PYRUVATE_DEHYDROGENASE_PDH_COMPLEX,15,15,True
REACTOME_RESPONSE_OF_EIF2AK1_HRI_TO_HEME_DEFICIENCY,15,15,True
REACTOME_SHC_MEDIATED_CASCADE_FGFR3,15,15,True
REACTOME_SHC_MEDIATED_CASCADE_FGFR4,15,15,True
REACTOME_SIGNALING_BY_CTNNB1_PHOSPHO_SITE_MUTANTS,15,15,True
REACTOME_SIGNALING_BY_NOTCH1_HD_DOMAIN_MUTANTS_IN_CANCER,15,15,True
REACTOME_SUMOYLATION_OF_DNA_METHYLATION_PROTEINS,15,15,True
REACTOME_SYNTHESIS_OF_PROSTAGLANDINS_PG_AND_THROMBOXANES_TX,15,15,True
REACTOME_THE_NLRP3_INFLAMMASOME,15,15,True
REACTOME_WNT5A_DEPENDENT_INTERNALIZATION_OF_FZD4,15,15,True
REACTOME_YAP1_AND_WWTR1_TAZ_STIMULATED_GENE_EXPRESSION,15,15,True
REACTOME_ZINC_TRANSPORTERS,15,15,True
REACTOME_AKT_PHOSPHORYLATES_TARGETS_IN_THE_CYTOSOL,14,14,True
REACTOME_CYTOSOLIC_SULFONATION_OF_SMALL_MOLECULES,14,14,True
REACTOME_DCC_MEDIATED_ATTRACTIVE_SIGNALING,14,14,True
REACTOME_DEFECTIVE_EXT2_CAUSES_EXOSTOSES_2,14,14,True
REACTOME_DEFECTS_IN_COBALAMIN_B12_METABOLISM,14,14,True
REACTOME_DEFECTS_OF_CONTACT_ACTIVATION_SYSTEM_CAS_AND_KALLIKREIN_KININ_SYSTEM_KKS,14,14,True
REACTOME_DEGRADATION_OF_CYSTEINE_AND_HOMOCYSTEINE,14,14,True
REACTOME_EARLY_PHASE_OF_HIV_LIFE_CYCLE,14,14,True
REACTOME_ENTEROBACTERIAL_FACTORS_ANTAGONIZE_HOST_DEFENSE,14,14,True
REACTOME_ERYTHROPOIETIN_ACTIVATES_RAS,14,14,True
REACTOME_FATTY_ACIDS,14,14,True
REACTOME_GBP_MEDIATED_HOST_DEFENSE,14,14,True
REACTOME_GLYCOGEN_SYNTHESIS,14,14,True
REACTOME_GOLGI_CISTERNAE_PERICENTRIOLAR_STACK_REORGANIZATION,14,14,True
REACTOME_HEME_BIOSYNTHESIS,14,14,True
REACTOME_INTERLEUKIN_15_SIGNALING,14,14,True
REACTOME_KERATAN_SULFATE_DEGRADATION,14,14,True
REACTOME_LANOSTEROL_BIOSYNTHESIS,14,14,True
REACTOME_LGI_ADAM_INTERACTIONS,14,14,True
REACTOME_LYSOSPHINGOLIPID_AND_LPA_RECEPTORS,14,14,True
REACTOME_METHYLATION,14,14,True
REACTOME_MRNA_DECAY_BY_5_TO_3_EXORIBONUCLEASE,14,14,True
REACTOME_NON_CANONICAL_INFLAMMASOME_ACTIVATION,14,14,True
REACTOME_NUCLEOTIDE_BIOSYNTHESIS,14,14,True
REACTOME_NUCLEOTIDE_LIKE_PURINERGIC_RECEPTORS,14,14,True
REACTOME_N_GLYCAN_ANTENNAE_ELONGATION,14,14,True
REACTOME_PENTOSE_PHOSPHATE_PATHWAY,14,14,True
REACTOME_PHOSPHOLIPASE_C_MEDIATED_CASCADE_FGFR2,14,14,True
REACTOME_PHYSIOLOGICAL_FACTORS,14,14,True
REACTOME_PLATELET_ADHESION_TO_EXPOSED_COLLAGEN,14,14,True
REACTOME_POLYMERASE_SWITCHING,14,14,True
REACTOME_PROLONGED_ERK_ACTIVATION_EVENTS,14,14,True
REACTOME_PTK6_REGULATES_RHO_GTPASES_RAS_GTPASE_AND_MAP_KINASES,14,14,True
REACTOME_REGULATION_OF_GENE_EXPRESSION_IN_LATE_STAGE_BRANCHING_MORPHOGENESIS_PANCREATIC_BUD_PRECURSOR_CELLS,14,14,True
REACTOME_REGULATION_OF_TP53_ACTIVITY_THROUGH_ASSOCIATION_WITH_CO_FACTORS,14,14,True
REACTOME_REPRESSION_OF_WNT_TARGET_GENES,14,14,True
REACTOME_RETROGRADE_NEUROTROPHIN_SIGNALLING,14,14,True
REACTOME_RUNX3_REGULATES_NOTCH_SIGNALING,14,14,True
REACTOME_SEMA3A_PLEXIN_REPULSION_SIGNALING_BY_INHIBITING_INTEGRIN_ADHESION,14,14,True
REACTOME_SHC1_EVENTS_IN_ERBB4_SIGNALING,14,14,True
REACTOME_SYNTHESIS_OF_BILE_ACIDS_AND_BILE_SALTS_VIA_27_HYDROXYCHOLESTEROL,14,14,True
REACTOME_SYNTHESIS_OF_IP2_IP_AND_INS_IN_THE_CYTOSOL,14,14,True
REACTOME_THE_CRY_PER_KINASE_COMPLEX_REPRESSES_TRANSACTIVATION_BY_THE_BMAL_CLOCK_ARNTL_CLOCK_COMPLEX,14,14,True
REACTOME_THYROXINE_BIOSYNTHESIS,14,14,True
REACTOME_TP53_REGULATES_TRANSCRIPTION_OF_GENES_INVOLVED_IN_G1_CELL_CYCLE_ARREST,14,14,True
REACTOME_TP53_REGULATES_TRANSCRIPTION_OF_SEVERAL_ADDITIONAL_CELL_DEATH_GENES_WHOSE_SPECIFIC_ROLES_IN_P53_DEPENDENT_APOPTOSIS_REMAIN_UNCERTAIN,14,14,True
REACTOME_TRANSLATION_OF_REPLICASE_AND_ASSEMBLY_OF_THE_REPLICATION_TRANSCRIPTION_COMPLEX,14,14,True
REACTOME_TRYPTOPHAN_CATABOLISM,14,14,True
REACTOME_ADVANCED_GLYCOSYLATION_ENDPRODUCT_RECEPTOR_SIGNALING,13,13,True
REACTOME_ALPHA_LINOLENIC_OMEGA3_AND_LINOLEIC_OMEGA6_ACID_METABOLISM,13,13,True
REACTOME_CARNITINE_SHUTTLE,13,13,True
REACTOME_CYTOCHROME_C_MEDIATED_APOPTOTIC_RESPONSE,13,13,True
REACTOME_CYTOSOLIC_IRON_SULFUR_CLUSTER_ASSEMBLY,13,13,True
REACTOME_DISEASES_OF_BRANCHED_CHAIN_AMINO_ACID_CATABOLISM,13,13,True
REACTOME_DISSOLUTION_OF_FIBRIN_CLOT,13,13,True
REACTOME_DOWNREGULATION_OF_ERBB2_ERBB3_SIGNALING,13,13,True
REACTOME_ENOS_ACTIVATION,13,13,True
REACTOME_ERBB2_ACTIVATES_PTK6_SIGNALING,13,13,True
REACTOME_ERKS_ARE_INACTIVATED,13,13,True
REACTOME_ERYTHROCYTES_TAKE_UP_CARBON_DIOXIDE_AND_RELEASE_OXYGEN,13,13,True
REACTOME_GERM_LAYER_FORMATION_AT_GASTRULATION,13,13,True
REACTOME_GLUTAMATE_AND_GLUTAMINE_METABOLISM,13,13,True
REACTOME_INDUCTION_OF_CELL_CELL_FUSION,13,13,True
REACTOME_INHIBITION_OF_REPLICATION_INITIATION_OF_DAMAGED_DNA_BY_RB1_E2F1,13,13,True
REACTOME_IRAK1_RECRUITS_IKK_COMPLEX,13,13,True
REACTOME_IRF3_MEDIATED_INDUCTION_OF_TYPE_I_IFN,13,13,True
REACTOME_LOSS_OF_FUNCTION_OF_MECP2_IN_RETT_SYNDROME,13,13,True
REACTOME_MITOCHONDRIAL_IRON_SULFUR_CLUSTER_BIOGENESIS,13,13,True
REACTOME_MITOTIC_TELOPHASE_CYTOKINESIS,13,13,True
REACTOME_NF_KB_IS_ACTIVATED_AND_SIGNALS_SURVIVAL,13,13,True
REACTOME_P38MAPK_EVENTS,13,13,True
REACTOME_P75NTR_RECRUITS_SIGNALLING_COMPLEXES,13,13,True
REACTOME_PASSIVE_TRANSPORT_BY_AQUAPORINS,13,13,True
REACTOME_PHOSPHOLIPASE_C_MEDIATED_CASCADE_FGFR1,13,13,True
REACTOME_PHOSPHORYLATION_AND_NUCLEAR_TRANSLOCATION_OF_THE_CRY_PER_KINASE_COMPLEX,13,13,True
REACTOME_PURINE_SALVAGE,13,13,True
REACTOME_REGULATION_OF_IFNA_IFNB_SIGNALING,13,13,True
REACTOME_REGULATION_OF_IFNG_SIGNALING,13,13,True
REACTOME_REGULATION_OF_NPAS4_GENE_EXPRESSION,13,13,True
REACTOME_REGULATION_OF_TBK1_IKK_IKBKE_MEDIATED_ACTIVATION_OF_IRF3_IRF7,13,13,True
REACTOME_RESPONSE_TO_METAL_IONS,13,13,True
REACTOME_SHC1_EVENTS_IN_EGFR_SIGNALING,13,13,True
REACTOME_SLC_MEDIATED_TRANSPORT_OF_ORGANIC_CATIONS,13,13,True
REACTOME_SUPPRESSION_OF_PHAGOSOMAL_MATURATION,13,13,True
REACTOME_SYNTHESIS_OF_BILE_ACIDS_AND_BILE_SALTS_VIA_24_HYDROXYCHOLESTEROL,13,13,True
REACTOME_SYNTHESIS_OF_PE,13,13,True
REACTOME_TELOMERE_C_STRAND_SYNTHESIS_INITIATION,13,13,True
REACTOME_TRAF3_DEPENDENT_IRF_ACTIVATION_PATHWAY,13,13,True
REACTOME_TRAF6_MEDIATED_IRF7_ACTIVATION_IN_TLR7_8_OR_9_SIGNALING,13,13,True
REACTOME_TRAFFICKING_AND_PROCESSING_OF_ENDOSOMAL_TLR,13,13,True
REACTOME_TRIGLYCERIDE_BIOSYNTHESIS,13,13,True
REACTOME_UBIQUINOL_BIOSYNTHESIS,13,13,True
REACTOME_ACTIVATION_OF_RAC1,12,12,True
REACTOME_ADENYLATE_CYCLASE_INHIBITORY_PATHWAY,12,12,True
REACTOME_ALK_MUTANTS_BIND_TKIS,12,12,True
REACTOME_BETA_DEFENSINS,12,12,True
REACTOME_CASPASE_MEDIATED_CLEAVAGE_OF_CYTOSKELETAL_PROTEINS,12,12,True
REACTOME_CD28_DEPENDENT_VAV1_PATHWAY,12,12,True
REACTOME_CREB1_PHOSPHORYLATION_THROUGH_THE_ACTIVATION_OF_ADENYLATE_CYCLASE,12,12,True
REACTOME_DS_GAG_BIOSYNTHESIS,12,12,True
REACTOME_EICOSANOIDS,12,12,True
REACTOME_ERYTHROPOIETIN_ACTIVATES_PHOSPHOINOSITIDE_3_KINASE_PI3K,12,12,True
REACTOME_ETHANOL_OXIDATION,12,12,True
REACTOME_GAP_JUNCTION_DEGRADATION,12,12,True
REACTOME_GLUTATHIONE_SYNTHESIS_AND_RECYCLING,12,12,True
REACTOME_HDR_THROUGH_MMEJ_ALT_NHEJ,12,12,True
REACTOME_INTERLEUKIN_35_SIGNALLING,12,12,True
REACTOME_JOSEPHIN_DOMAIN_DUBS,12,12,True
REACTOME_KILLING_MECHANISMS,12,12,True
REACTOME_LYSINE_CATABOLISM,12,12,True
REACTOME_MISCELLANEOUS_SUBSTRATES,12,12,True
REACTOME_NF_KB_ACTIVATION_THROUGH_FADD_RIP_1_PATHWAY_MEDIATED_BY_CASPASE_8_AND_10,12,12,True
REACTOME_NOTCH2_INTRACELLULAR_DOMAIN_REGULATES_TRANSCRIPTION,12,12,True
REACTOME_POSITIVE_REGULATION_OF_CDH1_GENE_TRANSCRIPTION,12,12,True
REACTOME_POU5F1_OCT4_SOX2_NANOG_ACTIVATE_GENES_RELATED_TO_PROLIFERATION,12,12,True
REACTOME_PREGNENOLONE_BIOSYNTHESIS,12,12,True
REACTOME_PYRIMIDINE_CATABOLISM,12,12,True
REACTOME_REGULATION_OF_GLYCOLYSIS_BY_FRUCTOSE_2_6_BISPHOSPHATE_METABOLISM,12,12,True
REACTOME_REGULATION_OF_LOCALIZATION_OF_FOXO_TRANSCRIPTION_FACTORS,12,12,True
REACTOME_REGULATION_OF_MITF_M_DEPENDENT_GENES_INVOLVED_IN_EXTRACELLULAR_MATRIX_FOCAL_ADHESION_AND_EPITHELIAL_TO_MESENCHYMAL_TRANSITION,12,12,True
REACTOME_REVERSIBLE_HYDRATION_OF_CARBON_DIOXIDE,12,12,True
REACTOME_SARS_COV_2_TARGETS_HOST_INTRACELLULAR_SIGNALLING_AND_REGULATORY_PATHWAYS,12,12,True
REACTOME_SIGNALING_BY_LTK,12,12,True
REACTOME_SIGNALING_BY_PDGFRA_TRANSMEMBRANE_JUXTAMEMBRANE_AND_KINASE_DOMAIN_MUTANTS,12,12,True
REACTOME_SPHINGOLIPID_CATABOLISM,12,12,True
REACTOME_SYNTHESIS_SECRETION_AND_INACTIVATION_OF_GLUCOSE_DEPENDENT_INSULINOTROPIC_POLYPEPTIDE_GIP,12,12,True
REACTOME_TFAP2_AP_2_FAMILY_REGULATES_TRANSCRIPTION_OF_GROWTH_FACTORS_AND_THEIR_RECEPTORS,12,12,True
REACTOME_THE_ACTIVATION_OF_ARYLSULFATASES,12,12,True
REACTOME_TICAM1_DEPENDENT_ACTIVATION_OF_IRF3_IRF7,12,12,True
REACTOME_TP53_REGULATES_TRANSCRIPTION_OF_CASPASE_ACTIVATORS_AND_CASPASES,12,12,True
REACTOME_TP53_REGULATES_TRANSCRIPTION_OF_DEATH_RECEPTORS_AND_LIGANDS,12,12,True
REACTOME_TRANSCRIPTIONAL_REGULATION_OF_TESTIS_DIFFERENTIATION,12,12,True
REACTOME_TRANSPORT_OF_NUCLEOSIDES_AND_FREE_PURINE_AND_PYRIMIDINE_BASES_ACROSS_THE_PLASMA_MEMBRANE,12,12,True
REACTOME_UREA_CYCLE,12,12,True
REACTOME_VITAMIN_D_CALCIFEROL_METABOLISM,12,12,True
REACTOME_WNT5A_DEPENDENT_INTERNALIZATION_OF_FZD2_FZD5_AND_ROR2,12,12,True
REACTOME_Z_DECAY_DEGRADATION_OF_MATERNAL_MRNAS_BY_ZYGOTICALLY_EXPRESSED_FACTORS,12,12,True
REACTOME_RRNA_MODIFICATION_IN_THE_MITOCHONDRION,13,11,True
REACTOME_ACETYLCHOLINE_BINDING_AND_DOWNSTREAM_EVENTS,11,11,True
REACTOME_ACTIVATED_NTRK2_SIGNALS_THROUGH_FRS2_AND_FRS3,11,11,True
REACTOME_ACTIVATION_OF_THE_TFAP2_AP_2_FAMILY_OF_TRANSCRIPTION_FACTORS,11,11,True
REACTOME_ALPHA_PROTEIN_KINASE_1_SIGNALING_PATHWAY,11,11,True
REACTOME_APOPTOSIS_INDUCED_DNA_FRAGMENTATION,11,11,True
REACTOME_APOPTOTIC_CLEAVAGE_OF_CELL_ADHESION_PROTEINS,11,11,True
REACTOME_ATF6_ATF6_ALPHA_ACTIVATES_CHAPERONES,11,11,True
REACTOME_BETA_OXIDATION_OF_VERY_LONG_CHAIN_FATTY_ACIDS,11,11,True
REACTOME_CLEC7A_DECTIN_1_INDUCES_NFAT_ACTIVATION,11,11,True
REACTOME_CONSTITUTIVE_SIGNALING_BY_OVEREXPRESSED_ERBB2,11,11,True
REACTOME_CREATINE_METABOLISM,11,11,True
REACTOME_ENDOSOMAL_VACUOLAR_PATHWAY,11,11,True
REACTOME_ESTABLISHMENT_OF_SISTER_CHROMATID_COHESION,11,11,True
REACTOME_FGFR1C_LIGAND_BINDING_AND_ACTIVATION,11,11,True
REACTOME_FGFRL1_MODULATION_OF_FGFR1_SIGNALING,11,11,True
REACTOME_FORMATION_OF_APOPTOSOME,11,11,True
REACTOME_FORMATION_OF_AXIAL_MESODERM,11,11,True
REACTOME_FREE_FATTY_ACIDS_REGULATE_INSULIN_SECRETION,11,11,True
REACTOME_GAMMA_CARBOXYLATION_TRANSPORT_AND_AMINO_TERMINAL_CLEAVAGE_OF_PROTEINS,11,11,True
REACTOME_HORMONE_LIGAND_BINDING_RECEPTORS,11,11,True
REACTOME_INTERLEUKIN_27_SIGNALING,11,11,True
REACTOME_INTERLEUKIN_2_SIGNALING,11,11,True
REACTOME_INTERLEUKIN_6_SIGNALING,11,11,True
REACTOME_MATRIGLYCAN_BIOSYNTHESIS_ON_DAG1,11,11,True
REACTOME_MATURATION_OF_SARS_COV_1_NUCLEOPROTEIN,11,11,True
REACTOME_MET_ACTIVATES_RAP1_AND_RAC1,11,11,True
REACTOME_MUCOPOLYSACCHARIDOSES,11,11,True
REACTOME_NOTCH4_ACTIVATION_AND_TRANSMISSION_OF_SIGNAL_TO_THE_NUCLEUS,11,11,True
REACTOME_ORGANIC_ANION_TRANSPORT_BY_SLCO_TRANSPORTERS,11,11,True
REACTOME_P2Y_RECEPTORS,11,11,True
REACTOME_PECAM1_INTERACTIONS,11,11,True
REACTOME_PEPTIDE_HORMONE_BIOSYNTHESIS,11,11,True
REACTOME_PEXOPHAGY,11,11,True
REACTOME_PHENYLALANINE_AND_TYROSINE_METABOLISM,11,11,True
REACTOME_PHOSPHORYLATION_OF_CLOCK_ACETYLATION_OF_BMAL1_ARNTL_AT_TARGET_GENE_PROMOTERS,11,11,True
REACTOME_PRESYNAPTIC_DEPOLARIZATION_AND_CALCIUM_CHANNEL_OPENING,11,11,True
REACTOME_PRESYNAPTIC_NICOTINIC_ACETYLCHOLINE_RECEPTORS,11,11,True
REACTOME_PURINE_RIBONUCLEOSIDE_MONOPHOSPHATE_BIOSYNTHESIS,11,11,True
REACTOME_PYRIMIDINE_SALVAGE,11,11,True
REACTOME_REDUCTION_OF_CYTOSOLIC_CA_LEVELS,11,11,True
REACTOME_REGULATED_PROTEOLYSIS_OF_P75NTR,11,11,True
REACTOME_REGULATION_BY_C_FLIP,11,11,True
REACTOME_REGULATION_OF_BACH1_ACTIVITY,11,11,True
REACTOME_REGULATION_OF_CDH11_FUNCTION,11,11,True
REACTOME_REGULATION_OF_CDH1_MRNA_TRANSLATION_BY_MICRORNAS,11,11,True
REACTOME_REGULATION_OF_GENE_EXPRESSION_BY_HYPOXIA_INDUCIBLE_FACTOR,11,11,True
REACTOME_RHO_GTPASES_ACTIVATE_KTN1,11,11,True
REACTOME_SARS_COV_2_MODULATES_AUTOPHAGY,11,11,True
REACTOME_SEROTONIN_RECEPTORS,11,11,True
REACTOME_SIGNALING_BY_FGFR4_IN_DISEASE,11,11,True
REACTOME_SIGNALING_BY_LEPTIN,11,11,True
REACTOME_SLBP_DEPENDENT_PROCESSING_OF_REPLICATION_DEPENDENT_HISTONE_PRE_MRNAS,11,11,True
REACTOME_SODIUM_CALCIUM_EXCHANGERS,11,11,True
REACTOME_SPECIFICATION_OF_PRIMORDIAL_GERM_CELLS,11,11,True
REACTOME_STAT3_NUCLEAR_EVENTS_DOWNSTREAM_OF_ALK_SIGNALING,11,11,True
REACTOME_SYNTHESIS_OF_PIPS_AT_THE_LATE_ENDOSOME_MEMBRANE,11,11,True
REACTOME_TANDEM_PORE_DOMAIN_POTASSIUM_CHANNELS,11,11,True
REACTOME_TGFBR3_PTM_REGULATION,11,11,True
REACTOME_TICAM1_TRAF6_DEPENDENT_INDUCTION_OF_TAK1_COMPLEX,11,11,True
REACTOME_TRNA_MODIFICATION_IN_THE_MITOCHONDRION,11,11,True
REACTOME_TYPE_I_HEMIDESMOSOME_ASSEMBLY,11,11,True
REACTOME_UNWINDING_OF_DNA,11,11,True
REACTOME_UPTAKE_AND_FUNCTION_OF_ANTHRAX_TOXINS,11,11,True
REACTOME_MITOCHONDRIAL_RNA_DEGRADATION,12,10,True
REACTOME_ACTIVATION_OF_PPARGC1A_PGC_1ALPHA_BY_PHOSPHORYLATION,10,10,True
REACTOME_ACTIVATION_OF_THE_AP_1_FAMILY_OF_TRANSCRIPTION_FACTORS,10,10,True
REACTOME_AKT_PHOSPHORYLATES_TARGETS_IN_THE_NUCLEUS,10,10,True
REACTOME_ANDROGEN_BIOSYNTHESIS,10,10,True
REACTOME_ASPARTATE_AND_ASPARAGINE_METABOLISM,10,10,True
REACTOME_BICARBONATE_TRANSPORTERS,10,10,True
REACTOME_BIOTIN_TRANSPORT_AND_METABOLISM,10,10,True
REACTOME_BUTYROPHILIN_BTN_FAMILY_INTERACTIONS,10,10,True
REACTOME_CAMK_IV_MEDIATED_PHOSPHORYLATION_OF_CREB,10,10,True
REACTOME_CASPASE_ACTIVATION_VIA_DEPENDENCE_RECEPTORS_IN_THE_ABSENCE_OF_LIGAND,10,10,True
REACTOME_CHOLESTEROL_BIOSYNTHESIS_VIA_DESMOSTEROL_BLOCH_PATHWAY,10,10,True
REACTOME_CHYLOMICRON_ASSEMBLY,10,10,True
REACTOME_COHESIN_LOADING_ONTO_CHROMATIN,10,10,True
REACTOME_CONDENSATION_OF_PROMETAPHASE_CHROMOSOMES,10,10,True
REACTOME_CO_STIMULATION_BY_ICOS,10,10,True
REACTOME_CYP2E1_REACTIONS,10,10,True
REACTOME_DIFFERENTIATION_OF_NAIVE_CD_T_CELLS_TO_T_HELPER_1_CELLS_TH1_CELLS,10,10,True
REACTOME_DISEASES_ASSOCIATED_WITH_SURFACTANT_METABOLISM,10,10,True
REACTOME_FGFR2B_LIGAND_BINDING_AND_ACTIVATION,10,10,True
REACTOME_FGFR3_LIGAND_BINDING_AND_ACTIVATION,10,10,True
REACTOME_FOLDING_OF_ACTIN_BY_CCT_TRIC,10,10,True
REACTOME_FORMATION_OF_THE_ANTERIOR_NEURAL_PLATE,10,10,True
REACTOME_GLUCOCORTICOID_BIOSYNTHESIS,10,10,True
REACTOME_GP1B_IX_V_ACTIVATION_SIGNALLING,10,10,True
REACTOME_HDL_REMODELING,10,10,True
REACTOME_INTERACTION_WITH_CUMULUS_CELLS_AND_THE_ZONA_PELLUCIDA,10,10,True
REACTOME_IRAK2_MEDIATED_ACTIVATION_OF_TAK1_COMPLEX,10,10,True
REACTOME_KETONE_BODY_METABOLISM,10,10,True
REACTOME_MAPK3_ERK1_ACTIVATION,10,10,True
REACTOME_MASTL_FACILITATES_MITOTIC_PROGRESSION,10,10,True
REACTOME_METALLOTHIONEINS_BIND_METALS,10,10,True
REACTOME_MET_ACTIVATES_RAS_SIGNALING,10,10,True
REACTOME_MET_RECEPTOR_RECYCLING,10,10,True
REACTOME_MITOCHONDRIAL_FATTY_ACID_BETA_OXIDATION_OF_SATURATED_FATTY_ACIDS,10,10,True
REACTOME_MITOCHONDRIAL_MRNA_MODIFICATION,10,10,True
REACTOME_MRNA_EDITING,10,10,True
REACTOME_NEF_MEDIATED_DOWNREGULATION_OF_MHC_CLASS_I_COMPLEX_CELL_SURFACE_EXPRESSION,10,10,True
REACTOME_NEPHRON_DEVELOPMENT,10,10,True
REACTOME_NEUROTOXICITY_OF_CLOSTRIDIUM_TOXINS,10,10,True
REACTOME_NFE2L2_REGULATING_TUMORIGENIC_GENES,10,10,True
REACTOME_P75NTR_REGULATES_AXONOGENESIS,10,10,True
REACTOME_PHOSPHOLIPASE_C_MEDIATED_CASCADE_FGFR4,10,10,True
REACTOME_PI3K_EVENTS_IN_ERBB4_SIGNALING,10,10,True
REACTOME_PROCESSING_AND_ACTIVATION_OF_SUMO,10,10,True
REACTOME_PROTEIN_LIPOYLATION,10,10,True
REACTOME_REACTIONS_SPECIFIC_TO_THE_COMPLEX_N_GLYCAN_SYNTHESIS_PATHWAY,10,10,True
REACTOME_RECEPTOR_MEDIATED_MITOPHAGY,10,10,True
REACTOME_REGULATION_OF_CDH11_GENE_TRANSCRIPTION,10,10,True
REACTOME_REGULATION_OF_SIGNALING_BY_NODAL,10,10,True
REACTOME_REGULATION_OF_TBK1_IKK_MEDIATED_ACTIVATION_OF_IRF3_IRF7_UPON_TLR3_LIGATION,10,10,True
REACTOME_REMOVAL_OF_AMINOTERMINAL_PROPEPTIDES_FROM_GAMMA_CARBOXYLATED_PROTEINS,10,10,True
REACTOME_RETINOID_CYCLE_DISEASE_EVENTS,10,10,True
REACTOME_RHOBTB3_ATPASE_CYCLE,10,10,True
REACTOME_RIBAVIRIN_ADME,10,10,True
REACTOME_RUNX3_REGULATES_P14_ARF,10,10,True
REACTOME_SCAVENGING_BY_CLASS_B_RECEPTORS,10,10,True
REACTOME_SERINE_METABOLISM,10,10,True
REACTOME_SIGNAL_ATTENUATION,10,10,True
REACTOME_STAT5_ACTIVATION_DOWNSTREAM_OF_FLT3_ITD_MUTANTS,10,10,True
REACTOME_SUMOYLATION_OF_IMMUNE_RESPONSE_PROTEINS,10,10,True
REACTOME_SYNTHESIS_OF_PYROPHOSPHATES_IN_THE_CYTOSOL,10,10,True
REACTOME_TETRAHYDROBIOPTERIN_BH4_SYNTHESIS_RECYCLING_SALVAGE_AND_REGULATION,10,10,True
REACTOME_UPTAKE_OF_DIETARY_COBALAMINS_INTO_ENTEROCYTES,10,10,True
REACTOME_ZINC_INFLUX_INTO_CELLS_BY_THE_SLC39_GENE_FAMILY,10,10,True
REACTOME_ZYGOTIC_GENOME_ACTIVATION_ZGA,10,10,True
REACTOME_ABACAVIR_ADME,9,9,False
REACTOME_ACETYLCHOLINE_REGULATES_INSULIN_SECRETION,9,9,False
REACTOME_ACTIVATED_NTRK2_SIGNALS_THROUGH_RAS,9,9,False
REACTOME_ACTIVATION_OF_PUMA_AND_TRANSLOCATION_TO_MITOCHONDRIA,9,9,False
REACTOME_ACTIVATION_OF_THE_PHOTOTRANSDUCTION_CASCADE,9,9,False
REACTOME_ADENYLATE_CYCLASE_ACTIVATING_PATHWAY,9,9,False
REACTOME_ATF6_ATF6_ALPHA_ACTIVATES_CHAPERONE_GENES,9,9,False
REACTOME_BETA_OXIDATION_OF_PRISTANOYL_COA,9,9,False
REACTOME_BH3_ONLY_PROTEINS_ASSOCIATE_WITH_AND_INACTIVATE_ANTI_APOPTOTIC_BCL_2_MEMBERS,9,9,False
REACTOME_CALCINEURIN_ACTIVATES_NFAT,9,9,False
REACTOME_CASP4_INFLAMMASOME_ASSEMBLY,9,9,False
REACTOME_CD163_MEDIATING_AN_ANTI_INFLAMMATORY_RESPONSE,9,9,False
REACTOME_CELLULAR_RESPONSE_TO_MITOCHONDRIAL_STRESS,9,9,False
REACTOME_CHL1_INTERACTIONS,9,9,False
REACTOME_CHYLOMICRON_REMODELING,9,9,False
REACTOME_DISPLACEMENT_OF_DNA_GLYCOSYLASE_BY_APEX1,9,9,False
REACTOME_DOWNREGULATION_OF_ERBB4_SIGNALING,9,9,False
REACTOME_E2F_ENABLED_INHIBITION_OF_PRE_REPLICATION_COMPLEX_FORMATION,9,9,False
REACTOME_EGFR_TRANSACTIVATION_BY_GASTRIN,9,9,False
REACTOME_ERYTHROCYTES_TAKE_UP_OXYGEN_AND_RELEASE_CARBON_DIOXIDE,9,9,False
REACTOME_FGFR2C_LIGAND_BINDING_AND_ACTIVATION,9,9,False
REACTOME_FORMATION_OF_THE_POSTERIOR_NEURAL_PLATE,9,9,False
REACTOME_HYDROLYSIS_OF_LPC,9,9,False
REACTOME_INLA_MEDIATED_ENTRY_OF_LISTERIA_MONOCYTOGENES_INTO_HOST_CELLS,9,9,False
REACTOME_INTEGRATION_OF_PROVIRUS,9,9,False
REACTOME_INTERLEUKIN_1_PROCESSING,9,9,False
REACTOME_INTERLEUKIN_21_SIGNALING,9,9,False
REACTOME_IONOTROPIC_ACTIVITY_OF_KAINATE_RECEPTORS,9,9,False
REACTOME_LIPOPHAGY,9,9,False
REACTOME_MALATE_ASPARTATE_SHUTTLE,9,9,False
REACTOME_MAPK1_ERK2_ACTIVATION,9,9,False
REACTOME_MATURATION_OF_PROTEIN_3A,9,9,False
REACTOME_MYOCLONIC_EPILEPSY_OF_LAFORA,9,9,False
REACTOME_NEF_MEDIATED_CD4_DOWN_REGULATION,9,9,False
REACTOME_NEGATIVE_REGULATION_OF_ACTIVITY_OF_TFAP2_AP_2_FAMILY_TRANSCRIPTION_FACTORS,9,9,False
REACTOME_NEUROTRANSMITTER_CLEARANCE,9,9,False
REACTOME_NR1H2_NR1H3_REGULATE_GENE_EXPRESSION_LINKED_TO_LIPOGENESIS,9,9,False
REACTOME_OAS_ANTIVIRAL_RESPONSE,9,9,False
REACTOME_PHASE_3_RAPID_REPOLARISATION,9,9,False
REACTOME_PI3K_AKT_ACTIVATION,9,9,False
REACTOME_POU5F1_OCT4_SOX2_NANOG_REPRESS_GENES_RELATED_TO_DIFFERENTIATION,9,9,False
REACTOME_PREDNISONE_ADME,9,9,False
REACTOME_PREVENTION_OF_PHAGOSOMAL_LYSOSOMAL_FUSION,9,9,False
REACTOME_PROSTANOID_LIGAND_RECEPTORS,9,9,False
REACTOME_PTK6_REGULATES_RTKS_AND_THEIR_EFFECTORS_AKT1_AND_DOK1,9,9,False
REACTOME_REGULATION_OF_CDH11_MRNA_TRANSLATION_BY_MICRORNAS,9,9,False
REACTOME_REGULATION_OF_COMMISSURAL_AXON_PATHFINDING_BY_SLIT_AND_ROBO,9,9,False
REACTOME_REGULATION_OF_FOXO_TRANSCRIPTIONAL_ACTIVITY_BY_ACETYLATION,9,9,False
REACTOME_REGULATION_OF_NPAS4_MRNA_TRANSLATION,9,9,False
REACTOME_REGULATION_OF_PD_L1_CD274_TRANSLATION,9,9,False
REACTOME_REGULATION_OF_PTEN_LOCALIZATION,9,9,False
REACTOME_REGULATION_OF_PTEN_MRNA_TRANSLATION,9,9,False
REACTOME_RHO_GTPASES_ACTIVATE_RHOTEKIN_AND_RHOPHILINS,9,9,False
REACTOME_ROBO_RECEPTORS_BIND_AKAP5,9,9,False
REACTOME_ROLE_OF_SECOND_MESSENGERS_IN_NETRIN_1_SIGNALING,9,9,False
REACTOME_SHC_RELATED_EVENTS_TRIGGERED_BY_IGF1R,9,9,False
REACTOME_SMALL_INTERFERING_RNA_SIRNA_BIOGENESIS,9,9,False
REACTOME_SODIUM_PROTON_EXCHANGERS,9,9,False
REACTOME_SPERM_MOTILITY_AND_TAXES,9,9,False
REACTOME_STRAND_ASYNCHRONOUS_MITOCHONDRIAL_DNA_REPLICATION,9,9,False
REACTOME_SYNTHESIS_OF_16_20_HYDROXYEICOSATETRAENOIC_ACIDS_HETE,9,9,False
REACTOME_TRANSPORT_OF_NUCLEOTIDE_SUGARS,9,9,False
REACTOME_TRIF_MEDIATED_PROGRAMMED_CELL_DEATH,9,9,False
REACTOME_ACTIVATED_NTRK3_SIGNALS_THROUGH_RAS,8,8,False
REACTOME_AMPK_INHIBITS_CHREBP_TRANSCRIPTIONAL_ACTIVATION_ACTIVITY,8,8,False
REACTOME_ASSEMBLY_AND_RELEASE_OF_DENGUE_VIRUS_VIRIONS,8,8,False
REACTOME_ATORVASTATIN_ADME,8,8,False
REACTOME_BINDING_OF_TCF_LEF_CTNNB1_TO_TARGET_GENE_PROMOTERS,8,8,False
REACTOME_BIOSYNTHESIS_OF_MARESINS,8,8,False
REACTOME_CA2_ACTIVATED_K_CHANNELS,8,8,False
REACTOME_CALCITONIN_LIKE_LIGAND_RECEPTORS,8,8,False
REACTOME_CDC6_ASSOCIATION_WITH_THE_ORC_ORIGIN_COMPLEX,8,8,False
REACTOME_CREB1_PHOSPHORYLATION_THROUGH_THE_ACTIVATION_OF_CAMKII_CAMKK_CAMKIV_CASCASDE,8,8,False
REACTOME_CREB3_FACTORS_ACTIVATE_GENES,8,8,False
REACTOME_CROSS_PRESENTATION_OF_PARTICULATE_EXOGENOUS_ANTIGENS_PHAGOSOMES,8,8,False
REACTOME_DEFECTIVE_CHST14_CAUSES_EDS_MUSCULOCONTRACTURAL_TYPE,8,8,False
REACTOME_DEFECTIVE_CHST3_CAUSES_SEDCJD,8,8,False
REACTOME_DEFECTIVE_CHSY1_CAUSES_TPBS,8,8,False
REACTOME_DEFECTIVE_CSF2RB_CAUSES_SMDP5,8,8,False
REACTOME_DIGESTION_OF_DIETARY_CARBOHYDRATE,8,8,False
REACTOME_DISEASES_OF_THE_UREA_CYCLE,8,8,False
REACTOME_DNA_DAMAGE_REVERSAL,8,8,False
REACTOME_DNA_REPLICATION_INITIATION,8,8,False
REACTOME_EGFR_INTERACTS_WITH_PHOSPHOLIPASE_C_GAMMA,8,8,False
REACTOME_FATTY_ACIDS_BOUND_TO_GPR40_FFAR1_REGULATE_INSULIN_SECRETION,8,8,False
REACTOME_FGFR1B_LIGAND_BINDING_AND_ACTIVATION,8,8,False
REACTOME_GLYCOSPHINGOLIPID_TRANSPORT,8,8,False
REACTOME_HDL_ASSEMBLY,8,8,False
REACTOME_HIGHLY_CALCIUM_PERMEABLE_NICOTINIC_ACETYLCHOLINE_RECEPTORS,8,8,False
REACTOME_HIGHLY_CALCIUM_PERMEABLE_POSTSYNAPTIC_NICOTINIC_ACETYLCHOLINE_RECEPTORS,8,8,False
REACTOME_HISTIDINE_CATABOLISM,8,8,False
REACTOME_HUR_ELAVL1_BINDS_AND_STABILIZES_MRNA,8,8,False
REACTOME_INORGANIC_ANION_EXCHANGE_BY_SLC26_TRANSPORTERS,8,8,False
REACTOME_INTERLEUKIN_23_SIGNALING,8,8,False
REACTOME_INTERLEUKIN_9_SIGNALING,8,8,False
REACTOME_LECTIN_PATHWAY_OF_COMPLEMENT_ACTIVATION,8,8,False
REACTOME_LIGAND_RECEPTOR_INTERACTIONS,8,8,False
REACTOME_LINOLEIC_ACID_LA_METABOLISM,8,8,False
REACTOME_MECP2_REGULATES_TRANSCRIPTION_OF_NEURONAL_LIGANDS,8,8,False
REACTOME_METABOLISM_OF_INGESTED_SEMET_SEC_MESEC_INTO_H2SE,8,8,False
REACTOME_MRNA_EDITING_C_TO_U_CONVERSION,8,8,False
REACTOME_NEF_AND_SIGNAL_TRANSDUCTION,8,8,False
REACTOME_NETRIN_MEDIATED_REPULSION_SIGNALS,8,8,False
REACTOME_NFE2L2_REGULATES_PENTOSE_PHOSPHATE_PATHWAY_GENES,8,8,False
REACTOME_NFE2L2_REGULATING_MDR_ASSOCIATED_ENZYMES,8,8,False
REACTOME_NONCANONICAL_ACTIVATION_OF_NOTCH3,8,8,False
REACTOME_NR1H2_NR1H3_REGULATE_GENE_EXPRESSION_TO_CONTROL_BILE_ACID_HOMEOSTASIS,8,8,False
REACTOME_PHOSPHATE_BOND_HYDROLYSIS_BY_NTPDASE_PROTEINS,8,8,False
REACTOME_POLB_DEPENDENT_LONG_PATCH_BASE_EXCISION_REPAIR,8,8,False
REACTOME_RECYCLING_OF_EIF2_GDP,8,8,False
REACTOME_REGULATION_OF_CYTOSKELETAL_REMODELING_AND_CELL_SPREADING_BY_IPP_COMPLEX_COMPONENTS,8,8,False
REACTOME_REGULATION_OF_NFE2L2_GENE_EXPRESSION,8,8,False
REACTOME_RELEASE_OF_HH_NP_FROM_THE_SECRETING_CELL,8,8,False
REACTOME_ROLE_OF_ABL_IN_ROBO_SLIT_SIGNALING,8,8,False
REACTOME_RUNX1_AND_FOXP3_CONTROL_THE_DEVELOPMENT_OF_REGULATORY_T_LYMPHOCYTES_TREGS,8,8,False
REACTOME_RUNX1_REGULATES_TRANSCRIPTION_OF_GENES_INVOLVED_IN_DIFFERENTIATION_OF_KERATINOCYTES,8,8,False
REACTOME_RUNX3_REGULATES_WNT_SIGNALING,8,8,False
REACTOME_RUNX3_REGULATES_YAP1_MEDIATED_TRANSCRIPTION,8,8,False
REACTOME_SEMA4D_MEDIATED_INHIBITION_OF_CELL_ATTACHMENT_AND_MIGRATION,8,8,False
REACTOME_SIGNALING_BY_ACTIVATED_POINT_MUTANTS_OF_FGFR1,8,8,False
REACTOME_SIGNALING_BY_MRAS_COMPLEX_MUTANTS,8,8,False
REACTOME_SIGNALING_BY_RNF43_MUTANTS,8,8,False
REACTOME_SIGNALING_BY_TGF_BETA_RECEPTOR_COMPLEX_IN_CANCER,8,8,False
REACTOME_SMAC_XIAP_REGULATED_APOPTOTIC_RESPONSE,8,8,False
REACTOME_SYNTHESIS_OF_5_EICOSATETRAENOIC_ACIDS,8,8,False
REACTOME_SYNTHESIS_OF_DIPHTHAMIDE_EEF2,8,8,False
REACTOME_SYNTHESIS_OF_EPOXY_EET_AND_DIHYDROXYEICOSATRIENOIC_ACIDS_DHET,8,8,False
REACTOME_SYNTHESIS_OF_KETONE_BODIES,8,8,False
REACTOME_SYNTHESIS_OF_PG,8,8,False
REACTOME_SYNTHESIS_OF_UDP_N_ACETYL_GLUCOSAMINE,8,8,False
REACTOME_TERMINAL_PATHWAY_OF_COMPLEMENT,8,8,False
REACTOME_TGFBR3_REGULATES_TGF_BETA_SIGNALING,8,8,False
REACTOME_TRAIL_SIGNALING,8,8,False
REACTOME_TRANSPORT_OF_RCBL_WITHIN_THE_BODY,8,8,False
REACTOME_VEGF_LIGAND_RECEPTOR_INTERACTIONS,8,8,False
REACTOME_ZYMOSTENOL_BIOSYNTHESIS_VIA_LATHOSTEROL_KANDUTSCH_RUSSELL_PATHWAY,8,8,False
REACTOME_2_LTR_CIRCLE_FORMATION,7,7,False
REACTOME_ACTIVATED_NTRK2_SIGNALS_THROUGH_FYN,7,7,False
REACTOME_ACTIVATED_NTRK2_SIGNALS_THROUGH_PI3K,7,7,False
REACTOME_ACTIVATION_OF_C3_AND_C5,7,7,False
REACTOME_ACTIVATION_OF_NIMA_KINASES_NEK9_NEK6_NEK7,7,7,False
REACTOME_ACTIVATION_OF_RAC1_DOWNSTREAM_OF_NMDARS,7,7,False
REACTOME_ADRENOCEPTORS,7,7,False
REACTOME_ALPHA_DEFENSINS,7,7,False
REACTOME_AMINO_ACID_CONJUGATION,7,7,False
REACTOME_APEX1_INDEPENDENT_RESOLUTION_OF_AP_SITES_VIA_THE_SINGLE_NUCLEOTIDE_REPLACEMENT_PATHWAY,7,7,False
REACTOME_ARMS_MEDIATED_ACTIVATION,7,7,False
REACTOME_ATTACHMENT_OF_GPI_ANCHOR_TO_UPAR,7,7,False
REACTOME_CATION_COUPLED_CHLORIDE_COTRANSPORTERS,7,7,False
REACTOME_CDH11_HOMOTYPIC_AND_HETEROTYPIC_INTERACTIONS,7,7,False
REACTOME_CHREBP_ACTIVATES_METABOLIC_GENE_EXPRESSION,7,7,False
REACTOME_COBALAMIN_CBL_METABOLISM,7,7,False
REACTOME_COENZYME_A_BIOSYNTHESIS,7,7,False
REACTOME_CREB_PHOSPHORYLATION,7,7,False
REACTOME_DEFECTIVE_B4GALT1_CAUSES_B4GALT1_CDG_CDG_2D,7,7,False
REACTOME_DEFECTIVE_CHST6_CAUSES_MCDC1,7,7,False
REACTOME_DEFECTIVE_FACTOR_IX_CAUSES_HEMOPHILIA_B,7,7,False
REACTOME_DEFECTIVE_FACTOR_VIII_CAUSES_HEMOPHILIA_A,7,7,False
REACTOME_DEFECTIVE_RIPK1_MEDIATED_REGULATED_NECROSIS,7,7,False
REACTOME_DEFECTIVE_ST3GAL3_CAUSES_MCT12_AND_EIEE15,7,7,False
REACTOME_DEFECTS_IN_BIOTIN_BTN_METABOLISM,7,7,False
REACTOME_DEX_H_BOX_HELICASES_ACTIVATE_TYPE_I_IFN_AND_INFLAMMATORY_CYTOKINES_PRODUCTION,7,7,False
REACTOME_ERYTHROPOIETIN_ACTIVATES_PHOSPHOLIPASE_C_GAMMA_PLCG,7,7,False
REACTOME_ERYTHROPOIETIN_ACTIVATES_STAT5,7,7,False
REACTOME_FLT3_SIGNALING_BY_CBL_MUTANTS,7,7,False
REACTOME_FORMATION_OF_INTERMEDIATE_MESODERM,7,7,False
REACTOME_FORMYL_PEPTIDE_RECEPTORS_BIND_FORMYL_PEPTIDES_AND_MANY_OTHER_LIGANDS,7,7,False
REACTOME_FRUCTOSE_METABOLISM,7,7,False
REACTOME_G2_M_DNA_REPLICATION_CHECKPOINT,7,7,False
REACTOME_GLI_PROTEINS_BIND_PROMOTERS_OF_HH_RESPONSIVE_GENES_TO_PROMOTE_TRANSCRIPTION,7,7,False
REACTOME_GLYCEROPHOSPHOLIPID_CATABOLISM,7,7,False
REACTOME_GLYCINE_DEGRADATION,7,7,False
REACTOME_HIGHLY_SODIUM_PERMEABLE_POSTSYNAPTIC_ACETYLCHOLINE_NICOTINIC_RECEPTORS,7,7,False
REACTOME_IFNG_SIGNALING_ACTIVATES_MAPKS,7,7,False
REACTOME_INACTIVATION_OF_CDC42_AND_RAC1,7,7,False
REACTOME_INTERLEUKIN_18_SIGNALING,7,7,False
REACTOME_INTERLEUKIN_36_PATHWAY,7,7,False
REACTOME_LOSS_OF_FUNCTION_OF_SMAD2_3_IN_CANCER,7,7,False
REACTOME_LOSS_OF_MECP2_BINDING_ABILITY_TO_THE_NCOR_SMRT_COMPLEX,7,7,False
REACTOME_MIRO_GTPASE_CYCLE,7,7,False
REACTOME_NECTIN_NECL_TRANS_HETERODIMERIZATION,7,7,False
REACTOME_NEF_MEDIATED_CD8_DOWN_REGULATION,7,7,False
REACTOME_NEUROFASCIN_INTERACTIONS,7,7,False
REACTOME_NRCAM_INTERACTIONS,7,7,False
REACTOME_PHASE_1_INACTIVATION_OF_FAST_NA_CHANNELS,7,7,False
REACTOME_PI5P_REGULATES_TP53_ACETYLATION,7,7,False
REACTOME_POST_TRANSCRIPTIONAL_SILENCING_BY_SMALL_RNAS,7,7,False
REACTOME_PP2A_MEDIATED_DEPHOSPHORYLATION_OF_KEY_METABOLIC_FACTORS,7,7,False
REACTOME_RAS_SIGNALING_DOWNSTREAM_OF_NF1_LOSS_OF_FUNCTION_VARIANTS,7,7,False
REACTOME_REGULATION_OF_CDH19_EXPRESSION_AND_FUNCTION,7,7,False
REACTOME_REGULATION_OF_GENE_EXPRESSION_IN_EARLY_PANCREATIC_PRECURSOR_CELLS,7,7,False
REACTOME_RELEASE_OF_APOPTOTIC_FACTORS_FROM_THE_MITOCHONDRIA,7,7,False
REACTOME_RSK_ACTIVATION,7,7,False
REACTOME_RUNX2_REGULATES_GENES_INVOLVED_IN_CELL_MIGRATION,7,7,False
REACTOME_RUNX3_REGULATES_CDKN1A_TRANSCRIPTION,7,7,False
REACTOME_SIGNALING_BY_LTK_IN_CANCER,7,7,False
REACTOME_SIGNALING_BY_MAPK_MUTANTS,7,7,False
REACTOME_SIGNALING_BY_NOTCH1_T_7_9_NOTCH1_M1580_K2555_TRANSLOCATION_MUTANT,7,7,False
REACTOME_SLC_MEDIATED_BILE_ACID_TRANSPORT,7,7,False
REACTOME_SOS_MEDIATED_SIGNALLING,7,7,False
REACTOME_STAT5_ACTIVATION,7,7,False
REACTOME_SUMO_IS_TRANSFERRED_FROM_E1_TO_E2_UBE2I_UBC9,7,7,False
REACTOME_SUPPRESSION_OF_APOPTOSIS,7,7,False
REACTOME_SYNTHESIS_OF_12_EICOSATETRAENOIC_ACID_DERIVATIVES,7,7,False
REACTOME_SYNTHESIS_OF_DOLICHYL_PHOSPHATE,7,7,False
REACTOME_TRANSPORT_AND_METABOLISM_OF_PAPS,7,7,False
REACTOME_TYSND1_CLEAVES_PEROXISOMAL_PROTEINS,7,7,False
REACTOME_VITAMIN_B2_RIBOFLAVIN_METABOLISM,7,7,False
REACTOME_VITAMIN_C_ASCORBATE_METABOLISM,7,7,False
REACTOME_WNT_MEDIATED_ACTIVATION_OF_DVL,7,7,False
REACTOME_ACROSOME_REACTION_AND_SPERM_OOCYTE_MEMBRANE_BINDING,6,6,False
REACTOME_ACTIVATED_NTRK2_SIGNALS_THROUGH_CDK5,6,6,False
REACTOME_ACTIVATED_NTRK3_SIGNALS_THROUGH_PI3K,6,6,False
REACTOME_ACTIVATION_OF_CASPASES_THROUGH_APOPTOSOME_MEDIATED_CLEAVAGE,6,6,False
REACTOME_ACTIVATION_OF_TRKA_RECEPTORS,6,6,False
REACTOME_ACYL_CHAIN_REMODELING_OF_CL,6,6,False
REACTOME_ACYL_CHAIN_REMODELING_OF_DAG_AND_TAG,6,6,False
REACTOME_ALPHA_OXIDATION_OF_PHYTANATE,6,6,False
REACTOME_ARYL_HYDROCARBON_RECEPTOR_SIGNALLING,6,6,False
REACTOME_BETA_OXIDATION_OF_DECANOYL_COA_TO_OCTANOYL_COA_COA,6,6,False
REACTOME_BIOSYNTHESIS_OF_EPA_DERIVED_SPMS,6,6,False
REACTOME_BIOSYNTHESIS_OF_MARESIN_LIKE_SPMS,6,6,False
REACTOME_CHOLINE_CATABOLISM,6,6,False
REACTOME_CLEC7A_INFLAMMASOME_PATHWAY,6,6,False
REACTOME_DAG1_CORE_M3_GLYCOSYLATIONS,6,6,False
REACTOME_DEFECTS_OF_PLATELET_ADHESION_TO_EXPOSED_COLLAGEN,6,6,False
REACTOME_DIGESTION_OF_DIETARY_LIPID,6,6,False
REACTOME_EPITHELIAL_MESENCHYMAL_TRANSITION_EMT_DURING_GASTRULATION,6,6,False
REACTOME_ESTROGEN_BIOSYNTHESIS,6,6,False
REACTOME_ESTROGEN_STIMULATED_SIGNALING_THROUGH_PRKCZ,6,6,False
REACTOME_FGFR3B_LIGAND_BINDING_AND_ACTIVATION,6,6,False
REACTOME_FLT3_SIGNALING_THROUGH_SRC_FAMILY_KINASES,6,6,False
REACTOME_GALACTOSE_CATABOLISM,6,6,False
REACTOME_GDP_FUCOSE_BIOSYNTHESIS,6,6,False
REACTOME_IKBA_VARIANT_LEADS_TO_EDA_ID,6,6,False
REACTOME_LDL_REMODELING,6,6,False
REACTOME_LIPID_PARTICLE_ORGANIZATION,6,6,False
REACTOME_LTC4_CYSLTR_MEDIATED_IL4_PRODUCTION,6,6,False
REACTOME_METHIONINE_SALVAGE_PATHWAY,6,6,False
REACTOME_MET_ACTIVATES_PI3K_AKT_SIGNALING,6,6,False
REACTOME_MET_RECEPTOR_ACTIVATION,6,6,False
REACTOME_MINERALOCORTICOID_BIOSYNTHESIS,6,6,False
REACTOME_MITOCHONDRIAL_FATTY_ACID_BETA_OXIDATION_OF_UNSATURATED_FATTY_ACIDS,6,6,False
REACTOME_MITOCHONDRIAL_UNCOUPLING,6,6,False
REACTOME_MODULATION_BY_MTB_OF_HOST_IMMUNE_SYSTEM,6,6,False
REACTOME_MOLYBDENUM_COFACTOR_BIOSYNTHESIS,6,6,False
REACTOME_NADE_MODULATES_DEATH_SIGNALLING,6,6,False
REACTOME_NEGATIVE_FEEDBACK_REGULATION_OF_MAPK_PATHWAY,6,6,False
REACTOME_ORGANIC_ANION_TRANSPORT_BY_SLC5_17_25_TRANSPORTERS,6,6,False
REACTOME_P75NTR_NEGATIVELY_REGULATES_CELL_CYCLE_VIA_SC1,6,6,False
REACTOME_PDH_COMPLEX_SYNTHESIZES_ACETYL_COA_FROM_PYR,6,6,False
REACTOME_PHENYLALANINE_METABOLISM,6,6,False
REACTOME_PHOSPHATE_BOND_HYDROLYSIS_BY_NUDT_PROTEINS,6,6,False
REACTOME_PHOSPHORYLATION_OF_EMI1,6,6,False
REACTOME_PRE_NOTCH_PROCESSING_IN_THE_ENDOPLASMIC_RETICULUM,6,6,False
REACTOME_PROTEIN_REPAIR,6,6,False
REACTOME_PROTON_COUPLED_MONOCARBOXYLATE_TRANSPORT,6,6,False
REACTOME_PTK6_PROMOTES_HIF1A_STABILIZATION,6,6,False
REACTOME_PTK6_REGULATES_CELL_CYCLE,6,6,False
REACTOME_REGULATION_OF_MITF_M_DEPENDENT_GENES_INVOLVED_IN_DNA_REPLICATION_DAMAGE_REPAIR_AND_SENESCENCE,6,6,False
REACTOME_RUNX1_REGULATES_ESTROGEN_RECEPTOR_MEDIATED_TRANSCRIPTION,6,6,False
REACTOME_RUNX1_REGULATES_TRANSCRIPTION_OF_GENES_INVOLVED_IN_BCR_SIGNALING,6,6,False
REACTOME_RUNX1_REGULATES_TRANSCRIPTION_OF_GENES_INVOLVED_IN_DIFFERENTIATION_OF_MYELOID_CELLS,6,6,False
REACTOME_RUNX1_REGULATES_TRANSCRIPTION_OF_GENES_INVOLVED_IN_WNT_SIGNALING,6,6,False
REACTOME_RUNX3_REGULATES_IMMUNE_RESPONSE_AND_CELL_MIGRATION,6,6,False
REACTOME_SCAVENGING_BY_CLASS_F_RECEPTORS,6,6,False
REACTOME_SENSING_OF_DNA_DOUBLE_STRAND_BREAKS,6,6,False
REACTOME_SIGNALING_BY_LRP5_MUTANTS,6,6,False
REACTOME_SODIUM_COUPLED_PHOSPHATE_COTRANSPORTERS,6,6,False
REACTOME_SULFIDE_OXIDATION_TO_SULFATE,6,6,False
REACTOME_SUMO_IS_PROTEOLYTICALLY_PROCESSED,6,6,False
REACTOME_SYNTHESIS_OF_15_EICOSATETRAENOIC_ACID_DERIVATIVES,6,6,False
REACTOME_SYNTHESIS_OF_GDP_MANNOSE,6,6,False
REACTOME_SYNTHESIS_OF_WYBUTOSINE_AT_G37_OF_TRNA_PHE,6,6,False
REACTOME_TLR3_MEDIATED_TICAM1_DEPENDENT_PROGRAMMED_CELL_DEATH,6,6,False
REACTOME_TNFR1_MEDIATED_CERAMIDE_PRODUCTION,6,6,False
REACTOME_TRANSPORT_OF_FATTY_ACIDS,6,6,False
REACTOME_UPTAKE_AND_FUNCTION_OF_DIPHTHERIA_TOXIN,6,6,False
REACTOME_VASOPRESSIN_LIKE_RECEPTORS,6,6,False
REACTOME_VLDL_CLEARANCE,6,6,False
REACTOME_WAX_AND_PLASMALOGEN_BIOSYNTHESIS,6,6,False
REACTOME_TRNA_PROCESSING_IN_THE_MITOCHONDRION,7,5,False
REACTOME_ABACAVIR_TRANSMEMBRANE_TRANSPORT,5,5,False
REACTOME_ACTIVATION_OF_NOXA_AND_TRANSLOCATION_TO_MITOCHONDRIA,5,5,False
REACTOME_ACTIVATION_OF_RAS_IN_B_CELLS,5,5,False
REACTOME_ALTERNATIVE_COMPLEMENT_ACTIVATION,5,5,False
REACTOME_APOBEC3G_MEDIATED_RESISTANCE_TO_HIV_1_INFECTION,5,5,False
REACTOME_ARACHIDONATE_PRODUCTION_FROM_DAG,5,5,False
REACTOME_BETA_OXIDATION_OF_HEXANOYL_COA_TO_BUTANOYL_COA,5,5,False
REACTOME_BETA_OXIDATION_OF_LAUROYL_COA_TO_DECANOYL_COA_COA,5,5,False
REACTOME_BETA_OXIDATION_OF_OCTANOYL_COA_TO_HEXANOYL_COA,5,5,False
REACTOME_BIOSYNTHESIS_OF_LIPOXINS_LX,5,5,False
REACTOME_BRANCHED_CHAIN_KETOACID_DEHYDROGENASE_KINASE_DEFICIENCY,5,5,False
REACTOME_CASP4_MEDIATED_SUBSTRATE_CLEAVAGE,5,5,False
REACTOME_CASP5_MEDIATED_SUBSTRATE_CLEAVAGE,5,5,False
REACTOME_CHYLOMICRON_CLEARANCE,5,5,False
REACTOME_CIPROFLOXACIN_ADME,5,5,False
REACTOME_CONJUGATION_OF_BENZOATE_WITH_GLYCINE,5,5,False
REACTOME_CO_INHIBITION_BY_BTLA,5,5,False
REACTOME_DAG1_CORE_M2_GLYCOSYLATIONS,5,5,False
REACTOME_DEFECTIVE_LFNG_CAUSES_SCDO3,5,5,False
REACTOME_DISEASES_OF_BASE_EXCISION_REPAIR,5,5,False
REACTOME_DISEASES_OF_MISMATCH_REPAIR_MMR,5,5,False
REACTOME_DISINHIBITION_OF_SNARE_FORMATION,5,5,False
REACTOME_DOPAMINE_RECEPTORS,5,5,False
REACTOME_DRUG_MEDIATED_INHIBITION_OF_CDK4_CDK6_ACTIVITY,5,5,False
REACTOME_ENHANCED_BINDING_OF_GP1BA_VARIANT_TO_VWF_MULTIMER_COLLAGEN,5,5,False
REACTOME_EXTRINSIC_PATHWAY_OF_FIBRIN_CLOT_FORMATION,5,5,False
REACTOME_FASL_CD95L_SIGNALING,5,5,False
REACTOME_FBXW7_MUTANTS_AND_NOTCH1_IN_CANCER,5,5,False
REACTOME_FICOLINS_BIND_TO_REPETITIVE_CARBOHYDRATE_STRUCTURES_ON_THE_TARGET_CELL_SURFACE,5,5,False
REACTOME_FORMATION_OF_LATERAL_PLATE_MESODERM,5,5,False
REACTOME_FORMATION_OF_THE_ACTIVE_COFACTOR_UDP_GLUCURONATE,5,5,False
REACTOME_FORMATION_OF_XYLULOSE_5_PHOSPHATE,5,5,False
REACTOME_FRUCTOSE_CATABOLISM,5,5,False
REACTOME_G2_PHASE,5,5,False
REACTOME_GRB7_EVENTS_IN_ERBB2_SIGNALING,5,5,False
REACTOME_HDL_CLEARANCE,5,5,False
REACTOME_IRF3_MEDIATED_ACTIVATION_OF_TYPE_1_IFN,5,5,False
REACTOME_IRS_ACTIVATION,5,5,False
REACTOME_LEUKOTRIENE_RECEPTORS,5,5,False
REACTOME_LOSS_OF_FUNCTION_OF_KMT2D_IN_KABUKI_SYNDROME,5,5,False
REACTOME_LRR_FLII_INTERACTING_PROTEIN_1_LRRFIP1_ACTIVATES_TYPE_I_IFN_PRODUCTION,5,5,False
REACTOME_MAPLE_SYRUP_URINE_DISEASE,5,5,False
REACTOME_MATURATION_OF_SARS_COV_1_SPIKE_PROTEIN,5,5,False
REACTOME_MECP2_REGULATES_TRANSCRIPTION_FACTORS,5,5,False
REACTOME_METAL_SEQUESTRATION_BY_ANTIMICROBIAL_PROTEINS,5,5,False
REACTOME_MET_ACTIVATES_PTPN11,5,5,False
REACTOME_MET_INTERACTS_WITH_TNS_PROTEINS,5,5,False
REACTOME_MUSCARINIC_ACETYLCHOLINE_RECEPTORS,5,5,False
REACTOME_NEGATIVE_REGULATION_OF_TCF_DEPENDENT_SIGNALING_BY_DVL_INTERACTING_PROTEINS,5,5,False
REACTOME_NFE2L2_REGULATING_ER_STRESS_ASSOCIATED_GENES,5,5,False
REACTOME_NFE2L2_REGULATING_INFLAMMATION_ASSOCIATED_GENES,5,5,False
REACTOME_NGF_INDEPENDANT_TRKA_ACTIVATION,5,5,False
REACTOME_NOSTRIN_MEDIATED_ENOS_TRAFFICKING,5,5,False
REACTOME_NR1H2_NR1H3_REGULATE_GENE_EXPRESSION_LINKED_TO_GLUCONEOGENESIS,5,5,False
REACTOME_NR1H2_NR1H3_REGULATE_GENE_EXPRESSION_LINKED_TO_TRIGLYCERIDE_LIPOLYSIS_IN_ADIPOSE,5,5,False
REACTOME_NR1H2_NR1H3_REGULATE_GENE_EXPRESSION_TO_LIMIT_CHOLESTEROL_UPTAKE,5,5,False
REACTOME_NTRK2_ACTIVATES_RAC1,5,5,False
REACTOME_N_GLYCAN_TRIMMING_AND_ELONGATION_IN_THE_CIS_GOLGI,5,5,False
REACTOME_OPSINS,5,5,False
REACTOME_OREXIN_AND_NEUROPEPTIDES_FF_AND_QRFP_BIND_TO_THEIR_RESPECTIVE_RECEPTORS,5,5,False
REACTOME_ORGANIC_ANION_TRANSPORT_BY_SLC22_TRANSPORTERS,5,5,False
REACTOME_PHOSPHORYLATION_AND_NUCLEAR_TRANSLOCATION_OF_BMAL1_ARNTL_AND_CLOCK,5,5,False
REACTOME_PKA_MEDIATED_PHOSPHORYLATION_OF_KEY_METABOLIC_FACTORS,5,5,False
REACTOME_PROPIONYL_COA_CATABOLISM,5,5,False
REACTOME_PTK6_EXPRESSION,5,5,False
REACTOME_PTK6_REGULATES_PROTEINS_INVOLVED_IN_RNA_PROCESSING,5,5,False
REACTOME_REELIN_SIGNALLING_PATHWAY,5,5,False
REACTOME_REGULATION_OF_HMOX1_EXPRESSION_AND_ACTIVITY,5,5,False
REACTOME_REGULATION_OF_NPAS4_GENE_TRANSCRIPTION,5,5,False
REACTOME_RELAXIN_RECEPTORS,5,5,False
REACTOME_RUNX1_REGULATES_EXPRESSION_OF_COMPONENTS_OF_TIGHT_JUNCTIONS,5,5,False
REACTOME_RUNX2_REGULATES_CHONDROCYTE_MATURATION,5,5,False
REACTOME_RUNX3_REGULATES_BCL2L11_BIM_TRANSCRIPTION,5,5,False
REACTOME_SARS_COV_2_TARGETS_PDZ_PROTEINS_IN_CELL_CELL_JUNCTION,5,5,False
REACTOME_SENSORY_PERCEPTION_OF_SALTY_TASTE,5,5,False
REACTOME_SIGNALING_BY_MEMBRANE_TETHERED_FUSIONS_OF_PDGFRA_OR_PDGFRB,5,5,False
REACTOME_SIGNALING_BY_MST1,5,5,False
REACTOME_SIGNALLING_TO_P38_VIA_RIT_AND_RIN,5,5,False
REACTOME_SLC15A4_TASL_DEPENDENT_IRF5_ACTIVATION,5,5,False
REACTOME_SUMO_IS_CONJUGATED_TO_E1_UBA2_SAE1,5,5,False
REACTOME_SYNTHESIS_OF_PI,5,5,False
REACTOME_SYNTHESIS_OF_PIPS_AT_THE_ER_MEMBRANE,5,5,False
REACTOME_TFAP2A_ACTS_AS_A_TRANSCRIPTIONAL_REPRESSOR_DURING_RETINOIC_ACID_INDUCED_CELL_DIFFERENTIATION,5,5,False
REACTOME_TFAP2_AP_2_FAMILY_REGULATES_TRANSCRIPTION_OF_CELL_CYCLE_FACTORS,5,5,False
REACTOME_THE_RETINOID_CYCLE_IN_CONES_DAYLIGHT_VISION,5,5,False
REACTOME_TOXICITY_OF_BOTULINUM_TOXIN_TYPE_D_BOTD,5,5,False
REACTOME_TYROSINE_CATABOLISM,5,5,False
REACTOME_VITAMINS,5,5,False
REACTOME_VITAMIN_B1_THIAMIN_METABOLISM,5,5,False
REACTOME_VLDL_ASSEMBLY,5,5,False
REACTOME_ZINC_EFFLUX_AND_COMPARTMENTALIZATION_BY_THE_SLC30_FAMILY,5,5,False
REACTOME_FASTK_FAMILY_PROTEINS_REGULATE_PROCESSING_AND_STABILITY_OF_MITOCHONDRIAL_RNAS,6,4,False
REACTOME_ACETYLCHOLINE_INHIBITS_CONTRACTION_OF_OUTER_HAIR_CELLS,4,4,False
REACTOME_BETA_OXIDATION_OF_BUTANOYL_COA_TO_ACETYL_COA,4,4,False
REACTOME_DEFECTIVE_F9_ACTIVATION,4,4,False
REACTOME_INTESTINAL_ABSORPTION,4,4,False
REACTOME_MELANIN_BIOSYNTHESIS,4,4,False
REACTOME_RHOT1_GTPASE_CYCLE,4,4,False
REACTOME_RUNX1_REGULATES_TRANSCRIPTION_OF_GENES_INVOLVED_IN_INTERLEUKIN_SIGNALING,4,4,False
REACTOME_TACHYKININ_RECEPTORS_BIND_TACHYKININS,4,4,False
REACTOME_THE_FATTY_ACID_CYCLING_MODEL,4,4,False
REACTOME_TRAFFICKING_OF_MYRISTOYLATED_PROTEINS_TO_THE_CILIUM,4,4,False
REACTOME_DOPAMINE_CLEARANCE_FROM_THE_SYNAPTIC_CLEFT,3,3,False
REACTOME_ELECTRIC_TRANSMISSION_ACROSS_GAP_JUNCTIONS,3,3,False
REACTOME_FREE_FATTY_ACID_RECEPTORS,3,3,False
REACTOME_REGULATION_OF_GENE_EXPRESSION_IN_ENDOCRINE_COMMITTED_NEUROG3_PROGENITOR_CELLS,3,3,False
REACTOME_SEROTONIN_AND_MELATONIN_BIOSYNTHESIS,3,3,False
REACTOME_EXPRESSION_OF_NOTCH2NL_GENES,1,1,False
