Name,Term,ES,NES,NOM p-val,FDR q-val,FWER p-val,Tag %,Gene %,Lead_genes
prerank,REACTOME_NUCLEAR_EVENTS_MEDIATED_BY_NFE2L2,0.6617822522507125,3.1310245711869213,0.0,0.0,0.0,31/84,4.10%,ENSG00000100804;ENSG00000181019;ENSG00000033050;ENSG00000138798;ENSG00000142657;ENSG00000087191;ENSG00000160211;ENSG00000100764;ENSG00000115233;ENSG00000104687;ENSG00000108846;ENSG00000041357;ENSG00000103035;ENSG00000136810;ENSG00000130706;ENSG00000150991;ENSG00000103222;ENSG00000100902;ENSG00000108344;ENSG00000108671;ENSG00000013275;ENSG00000185627;ENSG00000173692;ENSG00000177156;ENSG00000175166;ENSG00000126067;ENSG00000101182;ENSG00000165916;ENSG00000142507;ENSG00000099341;ENSG00000117450
prerank,REACTOME_VIF_MEDIATED_DEGRADATION_OF_APOBEC3G,0.6909118358630443,2.7825107194584926,0.0,0.0,0.0,20/40,3.55%,ENSG00000100804;ENSG00000087191;ENSG00000100764;ENSG00000115233;ENSG00000041357;ENSG00000103035;ENSG00000130706;ENSG00000150991;ENSG00000100902;ENSG00000108344;ENSG00000108671;ENSG00000013275;ENSG00000185627;ENSG00000173692;ENSG00000175166;ENSG00000126067;ENSG00000101182;ENSG00000165916;ENSG00000142507;ENSG00000099341
prerank,REACTOME_DEGRADATION_OF_CRY_AND_PER_PROTEINS,0.6631731331973735,2.77572778678055,0.0,0.0,0.0,20/47,3.55%,ENSG00000100804;ENSG00000087191;ENSG00000100764;ENSG00000115233;ENSG00000041357;ENSG00000103035;ENSG00000130706;ENSG00000150991;ENSG00000100902;ENSG00000108344;ENSG00000108671;ENSG00000013275;ENSG00000185627;ENSG00000173692;ENSG00000175166;ENSG00000126067;ENSG00000101182;ENSG00000165916;ENSG00000142507;ENSG00000099341
prerank,REACTOME_PCP_CE_PATHWAY,0.5984266512927884,2.775394923396616,0.0,0.0,0.0,25/77,3.55%,ENSG00000100804;ENSG00000087191;ENSG00000100764;ENSG00000115233;ENSG00000041357;ENSG00000103035;ENSG00000130706;ENSG00000150991;ENSG00000100902;ENSG00000067560;ENSG00000108344;ENSG00000108671;ENSG00000013275;ENSG00000185627;ENSG00000173692;ENSG00000141367;ENSG00000161203;ENSG00000175166;ENSG00000126067;ENSG00000108518;ENSG00000101182;ENSG00000042753;ENSG00000165916;ENSG00000142507;ENSG00000099341
prerank,REACTOME_DEGRADATION_OF_DVL,0.6716450771415827,2.7681222338498355,0.0,0.0,0.0,20/43,3.55%,ENSG00000100804;ENSG00000087191;ENSG00000100764;ENSG00000115233;ENSG00000041357;ENSG00000103035;ENSG00000130706;ENSG00000150991;ENSG00000100902;ENSG00000108344;ENSG00000108671;ENSG00000013275;ENSG00000185627;ENSG00000173692;ENSG00000175166;ENSG00000126067;ENSG00000101182;ENSG00000165916;ENSG00000142507;ENSG00000099341
prerank,REACTOME_DOWNSTREAM_SIGNALING_EVENTS_OF_B_CELL_RECEPTOR_BCR,0.6138100293243135,2.7652755653998806,0.0,0.0,0.0,23/66,3.55%,ENSG00000100804;ENSG00000087191;ENSG00000100764;ENSG00000115233;ENSG00000041357;ENSG00000103035;ENSG00000130706;ENSG00000150991;ENSG00000100902;ENSG00000088832;ENSG00000108344;ENSG00000108671;ENSG00000013275;ENSG00000185627;ENSG00000173692;ENSG00000175166;ENSG00000174775;ENSG00000196262;ENSG00000126067;ENSG00000101182;ENSG00000165916;ENSG00000142507;ENSG00000099341
prerank,REACTOME_SCF_BETA_TRCP_MEDIATED_DEGRADATION_OF_EMI1,0.6795261283059612,2.7534240569541493,0.0,0.0,0.0,20/41,3.55%,ENSG00000100804;ENSG00000087191;ENSG00000100764;ENSG00000115233;ENSG00000041357;ENSG00000103035;ENSG00000130706;ENSG00000150991;ENSG00000100902;ENSG00000108344;ENSG00000108671;ENSG00000013275;ENSG00000185627;ENSG00000173692;ENSG00000175166;ENSG00000126067;ENSG00000101182;ENSG00000165916;ENSG00000142507;ENSG00000099341
prerank,REACTOME_GSK3B_MEDIATED_PROTEASOMAL_DEGRADATION_OF_PD_L1_CD274,0.6722723254187308,2.743899326698881,0.0,0.0,0.0,20/43,3.55%,ENSG00000100804;ENSG00000087191;ENSG00000100764;ENSG00000115233;ENSG00000041357;ENSG00000103035;ENSG00000130706;ENSG00000150991;ENSG00000100902;ENSG00000108344;ENSG00000108671;ENSG00000013275;ENSG00000185627;ENSG00000173692;ENSG00000175166;ENSG00000126067;ENSG00000101182;ENSG00000165916;ENSG00000142507;ENSG00000099341
prerank,REACTOME_FORMATION_OF_PARAXIAL_MESODERM,0.6388899067002897,2.785980520571579,0.0,0.0,0.0,20/55,3.55%,ENSG00000100804;ENSG00000087191;ENSG00000168214;ENSG00000100764;ENSG00000115233;ENSG00000041357;ENSG00000103035;ENSG00000130706;ENSG00000100902;ENSG00000108344;ENSG00000108671;ENSG00000013275;ENSG00000185627;ENSG00000173692;ENSG00000175166;ENSG00000126067;ENSG00000101182;ENSG00000165916;ENSG00000142507;ENSG00000099341
prerank,REACTOME_REGULATION_OF_RUNX2_EXPRESSION_AND_ACTIVITY,0.6198614873622609,2.7333915273078793,0.0,0.0,0.0,20/58,3.55%,ENSG00000100804;ENSG00000087191;ENSG00000100764;ENSG00000115233;ENSG00000041357;ENSG00000103035;ENSG00000130706;ENSG00000150991;ENSG00000100902;ENSG00000108344;ENSG00000108671;ENSG00000013275;ENSG00000185627;ENSG00000173692;ENSG00000175166;ENSG00000126067;ENSG00000101182;ENSG00000165916;ENSG00000142507;ENSG00000099341
prerank,REACTOME_CROSS_PRESENTATION_OF_SOLUBLE_EXOGENOUS_ANTIGENS_ENDOSOMES,0.6677822594777352,2.6912575570448665,0.0,0.0,0.0,20/40,3.55%,ENSG00000100804;ENSG00000087191;ENSG00000100764;ENSG00000115233;ENSG00000041357;ENSG00000103035;ENSG00000130706;ENSG00000100902;ENSG00000108344;ENSG00000108671;ENSG00000013275;ENSG00000185627;ENSG00000173692;ENSG00000175166;ENSG00000126067;ENSG00000101182;ENSG00000165916;ENSG00000116031;ENSG00000142507;ENSG00000099341
prerank,REACTOME_REGULATION_OF_RAS_BY_GAPS,0.6240281328771254,2.6798996038129523,0.0,0.0,0.0,21/54,3.55%,ENSG00000100804;ENSG00000087191;ENSG00000100764;ENSG00000115233;ENSG00000041357;ENSG00000103035;ENSG00000130706;ENSG00000150991;ENSG00000100902;ENSG00000108344;ENSG00000108671;ENSG00000013275;ENSG00000185627;ENSG00000173692;ENSG00000175166;ENSG00000174775;ENSG00000126067;ENSG00000101182;ENSG00000165916;ENSG00000142507;ENSG00000099341
prerank,REACTOME_PROTEASOME_ASSEMBLY,0.629376425416296,2.677791562502769,0.0,0.0,0.0,20/50,3.55%,ENSG00000100804;ENSG00000087191;ENSG00000159352;ENSG00000100764;ENSG00000115233;ENSG00000041357;ENSG00000103035;ENSG00000130706;ENSG00000100902;ENSG00000108344;ENSG00000108671;ENSG00000013275;ENSG00000185627;ENSG00000173692;ENSG00000175166;ENSG00000126067;ENSG00000101182;ENSG00000165916;ENSG00000142507;ENSG00000099341
prerank,REACTOME_HOST_INTERACTIONS_OF_HIV_FACTORS,0.538333908707068,2.6744452220345614,0.0,0.0,0.0,35/116,3.55%,ENSG00000100804;ENSG00000100401;ENSG00000082898;ENSG00000094914;ENSG00000087191;ENSG00000100764;ENSG00000115233;ENSG00000213024;ENSG00000108424;ENSG00000041357;ENSG00000103035;ENSG00000130706;ENSG00000150991;ENSG00000100902;ENSG00000108344;ENSG00000108671;ENSG00000013275;ENSG00000100280;ENSG00000185627;ENSG00000173692;ENSG00000161203;ENSG00000175166;ENSG00000143761;ENSG00000196262;ENSG00000137309;ENSG00000126067;ENSG00000106367;ENSG00000175334;ENSG00000132341;ENSG00000101182;ENSG00000102900;ENSG00000042753;ENSG00000165916;ENSG00000142507;ENSG00000099341
prerank,REACTOME_UBIQUITIN_MEDIATED_DEGRADATION_OF_PHOSPHORYLATED_CDC25A,0.6296788029402403,2.670992019207014,0.0,0.0,0.0,20/50,3.55%,ENSG00000100804;ENSG00000087191;ENSG00000100764;ENSG00000115233;ENSG00000041357;ENSG00000103035;ENSG00000130706;ENSG00000150991;ENSG00000100902;ENSG00000108344;ENSG00000108671;ENSG00000013275;ENSG00000185627;ENSG00000173692;ENSG00000175166;ENSG00000126067;ENSG00000101182;ENSG00000165916;ENSG00000142507;ENSG00000099341
prerank,REACTOME_THE_ROLE_OF_GTSE1_IN_G2_M_PROGRESSION_AFTER_G2_CHECKPOINT,0.5911401647448923,2.659589738315244,0.0,0.0,0.0,26/64,3.55%,ENSG00000100804;ENSG00000101367;ENSG00000087191;ENSG00000100764;ENSG00000115233;ENSG00000041357;ENSG00000258947;ENSG00000103035;ENSG00000127824;ENSG00000130706;ENSG00000150991;ENSG00000100902;ENSG00000108344;ENSG00000167553;ENSG00000080824;ENSG00000108671;ENSG00000096384;ENSG00000013275;ENSG00000185627;ENSG00000173692;ENSG00000175166;ENSG00000126067;ENSG00000101182;ENSG00000165916;ENSG00000142507;ENSG00000099341
prerank,REACTOME_P53_DEPENDENT_G1_DNA_DAMAGE_RESPONSE,0.6174788563409771,2.6535605941056737,0.0,0.0,0.0,21/52,3.55%,ENSG00000100804;ENSG00000087191;ENSG00000161642;ENSG00000100764;ENSG00000115233;ENSG00000041357;ENSG00000103035;ENSG00000130706;ENSG00000150991;ENSG00000100902;ENSG00000108344;ENSG00000108671;ENSG00000013275;ENSG00000185627;ENSG00000173692;ENSG00000175166;ENSG00000126067;ENSG00000101182;ENSG00000165916;ENSG00000142507;ENSG00000099341
prerank,REACTOME_ASYMMETRIC_LOCALIZATION_OF_PCP_PROTEINS,0.6372397611769678,2.6999743987418117,0.0,0.0,0.0,20/50,3.55%,ENSG00000100804;ENSG00000087191;ENSG00000100764;ENSG00000115233;ENSG00000041357;ENSG00000103035;ENSG00000130706;ENSG00000150991;ENSG00000100902;ENSG00000108344;ENSG00000108671;ENSG00000013275;ENSG00000185627;ENSG00000173692;ENSG00000175166;ENSG00000126067;ENSG00000101182;ENSG00000165916;ENSG00000142507;ENSG00000099341
prerank,REACTOME_DECTIN_1_MEDIATED_NONCANONICAL_NF_KB_SIGNALING,0.6652793765151007,2.7936991035216963,0.0,0.0,0.0,20/48,3.55%,ENSG00000100804;ENSG00000087191;ENSG00000100764;ENSG00000115233;ENSG00000041357;ENSG00000103035;ENSG00000130706;ENSG00000150991;ENSG00000100902;ENSG00000108344;ENSG00000108671;ENSG00000013275;ENSG00000185627;ENSG00000173692;ENSG00000175166;ENSG00000126067;ENSG00000101182;ENSG00000165916;ENSG00000142507;ENSG00000099341
prerank,REACTOME_FBXL7_DOWN_REGULATES_AURKA_DURING_MITOTIC_ENTRY_AND_IN_EARLY_MITOSIS,0.6870402843047607,2.779662302537664,0.0,0.0,0.0,20/41,3.55%,ENSG00000100804;ENSG00000087191;ENSG00000100764;ENSG00000115233;ENSG00000041357;ENSG00000103035;ENSG00000130706;ENSG00000150991;ENSG00000100902;ENSG00000108344;ENSG00000108671;ENSG00000013275;ENSG00000185627;ENSG00000173692;ENSG00000175166;ENSG00000126067;ENSG00000101182;ENSG00000165916;ENSG00000142507;ENSG00000099341
prerank,REACTOME_STABILIZATION_OF_P53,0.6850877201255291,2.818524826375608,0.0,0.0,0.0,20/43,3.55%,ENSG00000100804;ENSG00000087191;ENSG00000100764;ENSG00000115233;ENSG00000041357;ENSG00000103035;ENSG00000130706;ENSG00000150991;ENSG00000100902;ENSG00000108344;ENSG00000108671;ENSG00000013275;ENSG00000185627;ENSG00000173692;ENSG00000175166;ENSG00000126067;ENSG00000101182;ENSG00000165916;ENSG00000142507;ENSG00000099341
prerank,REACTOME_KEAP1_NFE2L2_PATHWAY,0.6168678761709773,3.054796569345746,0.0,0.0,0.0,35/109,4.10%,ENSG00000100804;ENSG00000181019;ENSG00000033050;ENSG00000138798;ENSG00000142657;ENSG00000087191;ENSG00000160211;ENSG00000100764;ENSG00000115233;ENSG00000104687;ENSG00000108846;ENSG00000041357;ENSG00000103035;ENSG00000136810;ENSG00000130706;ENSG00000150991;ENSG00000103222;ENSG00000100902;ENSG00000108344;ENSG00000108671;ENSG00000204435;ENSG00000013275;ENSG00000165280;ENSG00000185627;ENSG00000173692;ENSG00000254986;ENSG00000177156;ENSG00000175166;ENSG00000126067;ENSG00000101182;ENSG00000070010;ENSG00000165916;ENSG00000142507;ENSG00000099341;ENSG00000117450
prerank,REACTOME_METABOLISM_OF_POLYAMINES,0.7357666480812846,3.0461151434080733,0.0,0.0,0.0,24/44,3.55%,ENSG00000100804;ENSG00000180304;ENSG00000181019;ENSG00000087191;ENSG00000088826;ENSG00000100764;ENSG00000115233;ENSG00000041357;ENSG00000103035;ENSG00000130706;ENSG00000100902;ENSG00000108344;ENSG00000108671;ENSG00000013275;ENSG00000185627;ENSG00000173692;ENSG00000175166;ENSG00000126067;ENSG00000101182;ENSG00000104904;ENSG00000165916;ENSG00000102172;ENSG00000142507;ENSG00000099341
prerank,REACTOME_REGULATION_OF_ORNITHINE_DECARBOXYLASE_ODC,0.75992078529789,3.004592722778713,0.0,0.0,0.0,22/37,3.55%,ENSG00000100804;ENSG00000180304;ENSG00000181019;ENSG00000087191;ENSG00000100764;ENSG00000115233;ENSG00000041357;ENSG00000103035;ENSG00000130706;ENSG00000100902;ENSG00000108344;ENSG00000108671;ENSG00000013275;ENSG00000185627;ENSG00000173692;ENSG00000175166;ENSG00000126067;ENSG00000101182;ENSG00000104904;ENSG00000165916;ENSG00000142507;ENSG00000099341
prerank,REACTOME_SOMITOGENESIS,0.7238841957164098,2.9643592816124964,0.0,0.0,0.0,20/42,3.55%,ENSG00000100804;ENSG00000087191;ENSG00000168214;ENSG00000100764;ENSG00000115233;ENSG00000041357;ENSG00000103035;ENSG00000130706;ENSG00000100902;ENSG00000108344;ENSG00000108671;ENSG00000013275;ENSG00000185627;ENSG00000173692;ENSG00000175166;ENSG00000126067;ENSG00000101182;ENSG00000165916;ENSG00000142507;ENSG00000099341
prerank,REACTOME_AUF1_HNRNP_D0_BINDS_AND_DESTABILIZES_MRNA,0.7235749072999121,2.954133232471799,0.0,0.0,0.0,22/41,3.55%,ENSG00000100804;ENSG00000087191;ENSG00000100764;ENSG00000115233;ENSG00000041357;ENSG00000103035;ENSG00000130706;ENSG00000150991;ENSG00000100902;ENSG00000108344;ENSG00000114867;ENSG00000108671;ENSG00000013275;ENSG00000109971;ENSG00000185627;ENSG00000173692;ENSG00000175166;ENSG00000126067;ENSG00000101182;ENSG00000165916;ENSG00000142507;ENSG00000099341
prerank,REACTOME_ACTIVATION_OF_NF_KAPPAB_IN_B_CELLS,0.6501817464745155,2.7938230235223585,0.0,0.0,0.0,20/52,3.55%,ENSG00000100804;ENSG00000087191;ENSG00000100764;ENSG00000115233;ENSG00000041357;ENSG00000103035;ENSG00000130706;ENSG00000150991;ENSG00000100902;ENSG00000108344;ENSG00000108671;ENSG00000013275;ENSG00000185627;ENSG00000173692;ENSG00000175166;ENSG00000126067;ENSG00000101182;ENSG00000165916;ENSG00000142507;ENSG00000099341
prerank,REACTOME_SPOP_MEDIATED_PROTEASOMAL_DEGRADATION_OF_PD_L1_CD274,0.7157968588838887,2.9465456439976614,0.0,0.0,0.0,22/44,3.55%,ENSG00000100804;ENSG00000087191;ENSG00000100764;ENSG00000115233;ENSG00000041357;ENSG00000103035;ENSG00000130706;ENSG00000150991;ENSG00000100902;ENSG00000108344;ENSG00000170027;ENSG00000108671;ENSG00000204435;ENSG00000013275;ENSG00000185627;ENSG00000173692;ENSG00000175166;ENSG00000126067;ENSG00000101182;ENSG00000165916;ENSG00000142507;ENSG00000099341
prerank,REACTOME_REGULATION_OF_PTEN_STABILITY_AND_ACTIVITY,0.6771642979333038,2.914835706892927,0.0,0.0,0.0,21/54,3.55%,ENSG00000100804;ENSG00000087191;ENSG00000100764;ENSG00000115233;ENSG00000041357;ENSG00000103035;ENSG00000130706;ENSG00000150991;ENSG00000100902;ENSG00000108344;ENSG00000108671;ENSG00000204435;ENSG00000013275;ENSG00000185627;ENSG00000173692;ENSG00000175166;ENSG00000126067;ENSG00000101182;ENSG00000165916;ENSG00000142507;ENSG00000099341
prerank,REACTOME_HEDGEHOG_LIGAND_BIOGENESIS,0.6801515973010006,2.902510696262021,0.0,0.0,0.0,24/51,3.55%,ENSG00000100804;ENSG00000151694;ENSG00000087191;ENSG00000100764;ENSG00000115233;ENSG00000041357;ENSG00000103035;ENSG00000130706;ENSG00000150991;ENSG00000100902;ENSG00000108344;ENSG00000108671;ENSG00000013275;ENSG00000185624;ENSG00000165280;ENSG00000185627;ENSG00000173692;ENSG00000175166;ENSG00000135506;ENSG00000126067;ENSG00000101182;ENSG00000165916;ENSG00000142507;ENSG00000099341
prerank,REACTOME_CELLULAR_RESPONSE_TO_HYPOXIA,0.6680385289579057,2.951221554513155,0.0,0.0,0.0,25/61,3.55%,ENSG00000100804;ENSG00000100644;ENSG00000087191;ENSG00000100764;ENSG00000115233;ENSG00000107159;ENSG00000112715;ENSG00000041357;ENSG00000103035;ENSG00000135766;ENSG00000129521;ENSG00000130706;ENSG00000150991;ENSG00000100902;ENSG00000108344;ENSG00000108671;ENSG00000013275;ENSG00000185627;ENSG00000173692;ENSG00000175166;ENSG00000126067;ENSG00000101182;ENSG00000165916;ENSG00000142507;ENSG00000099341
prerank,REACTOME_UBIQUITIN_DEPENDENT_DEGRADATION_OF_CYCLIN_D,0.7215980788976375,2.866597433076619,0.0,0.0,0.0,20/38,3.55%,ENSG00000100804;ENSG00000087191;ENSG00000100764;ENSG00000115233;ENSG00000041357;ENSG00000103035;ENSG00000130706;ENSG00000150991;ENSG00000100902;ENSG00000108344;ENSG00000108671;ENSG00000013275;ENSG00000185627;ENSG00000173692;ENSG00000175166;ENSG00000126067;ENSG00000101182;ENSG00000165916;ENSG00000142507;ENSG00000099341
prerank,REACTOME_REGULATION_OF_APOPTOSIS,0.7167533389770726,2.863670597281865,0.0,0.0,0.0,20/39,3.55%,ENSG00000100804;ENSG00000087191;ENSG00000100764;ENSG00000115233;ENSG00000041357;ENSG00000103035;ENSG00000130706;ENSG00000150991;ENSG00000100902;ENSG00000108344;ENSG00000108671;ENSG00000013275;ENSG00000185627;ENSG00000173692;ENSG00000175166;ENSG00000126067;ENSG00000101182;ENSG00000165916;ENSG00000142507;ENSG00000099341
prerank,REACTOME_HH_MUTANTS_ABROGATE_LIGAND_SECRETION,0.6892009552694451,2.8558940132556425,0.0,0.0,0.0,22/45,3.55%,ENSG00000100804;ENSG00000087191;ENSG00000100764;ENSG00000115233;ENSG00000041357;ENSG00000103035;ENSG00000130706;ENSG00000150991;ENSG00000100902;ENSG00000108344;ENSG00000108671;ENSG00000013275;ENSG00000165280;ENSG00000185627;ENSG00000173692;ENSG00000175166;ENSG00000135506;ENSG00000126067;ENSG00000101182;ENSG00000165916;ENSG00000142507;ENSG00000099341
prerank,REACTOME_DEGRADATION_OF_GLI1_BY_THE_PROTEASOME,0.684884579268486,2.845340792406246,0.0,0.0,0.0,21/46,3.55%,ENSG00000100804;ENSG00000087191;ENSG00000100764;ENSG00000115233;ENSG00000041357;ENSG00000103035;ENSG00000130706;ENSG00000150991;ENSG00000100902;ENSG00000108344;ENSG00000108671;ENSG00000013275;ENSG00000185627;ENSG00000173692;ENSG00000175166;ENSG00000126067;ENSG00000072062;ENSG00000101182;ENSG00000165916;ENSG00000142507;ENSG00000099341
prerank,REACTOME_DEGRADATION_OF_AXIN,0.7016988728846569,2.845134164715837,0.0,0.0,0.0,20/41,3.55%,ENSG00000100804;ENSG00000087191;ENSG00000100764;ENSG00000115233;ENSG00000041357;ENSG00000103035;ENSG00000130706;ENSG00000150991;ENSG00000100902;ENSG00000108344;ENSG00000108671;ENSG00000013275;ENSG00000185627;ENSG00000173692;ENSG00000175166;ENSG00000126067;ENSG00000101182;ENSG00000165916;ENSG00000142507;ENSG00000099341
prerank,REACTOME_REGULATION_OF_RUNX3_EXPRESSION_AND_ACTIVITY,0.688617707420873,2.836313768178343,0.0,0.0,0.0,21/44,3.55%,ENSG00000100804;ENSG00000087191;ENSG00000100764;ENSG00000115233;ENSG00000041357;ENSG00000103035;ENSG00000130706;ENSG00000150991;ENSG00000100902;ENSG00000108344;ENSG00000108671;ENSG00000013275;ENSG00000185627;ENSG00000173692;ENSG00000105329;ENSG00000175166;ENSG00000126067;ENSG00000101182;ENSG00000165916;ENSG00000142507;ENSG00000099341
prerank,REACTOME_NEGATIVE_REGULATION_OF_NOTCH4_SIGNALING,0.69003363492965,2.8291233238830626,0.0,0.0,0.0,20/43,3.55%,ENSG00000100804;ENSG00000087191;ENSG00000100764;ENSG00000115233;ENSG00000041357;ENSG00000103035;ENSG00000130706;ENSG00000150991;ENSG00000100902;ENSG00000108344;ENSG00000108671;ENSG00000013275;ENSG00000185627;ENSG00000173692;ENSG00000175166;ENSG00000126067;ENSG00000101182;ENSG00000165916;ENSG00000142507;ENSG00000099341
prerank,REACTOME_REGULATION_OF_CDH1_FUNCTION,0.656107728984642,2.8767212546063115,0.0,0.0,0.0,26/59,3.55%,ENSG00000100804;ENSG00000079805;ENSG00000087191;ENSG00000100764;ENSG00000115233;ENSG00000041357;ENSG00000103035;ENSG00000035403;ENSG00000130706;ENSG00000150991;ENSG00000044115;ENSG00000100902;ENSG00000108344;ENSG00000164733;ENSG00000108671;ENSG00000013275;ENSG00000185627;ENSG00000173692;ENSG00000175166;ENSG00000184009;ENSG00000075624;ENSG00000126067;ENSG00000101182;ENSG00000165916;ENSG00000142507;ENSG00000099341
prerank,REACTOME_HEDGEHOG_OFF_STATE,0.5420170839517501,2.634148085503331,0.0,6.0193297268758394e-06,0.0001,27/98,3.55%,ENSG00000100804;ENSG00000087191;ENSG00000088826;ENSG00000100764;ENSG00000115233;ENSG00000108946;ENSG00000041357;ENSG00000258947;ENSG00000103035;ENSG00000127824;ENSG00000130706;ENSG00000150991;ENSG00000100902;ENSG00000108344;ENSG00000167553;ENSG00000108671;ENSG00000013275;ENSG00000185627;ENSG00000173692;ENSG00000087460;ENSG00000175166;ENSG00000126067;ENSG00000072062;ENSG00000101182;ENSG00000165916;ENSG00000142507;ENSG00000099341
prerank,REACTOME_AMPK_INDUCED_ERAD_AND_LYSOSOME_MEDIATED_DEGRADATION_OF_PD_L1_CD274,0.6126918951931308,2.6481000525132714,0.0,6.169812970047735e-06,0.0001,22/54,3.55%,ENSG00000100804;ENSG00000087191;ENSG00000100764;ENSG00000115233;ENSG00000041357;ENSG00000103035;ENSG00000130706;ENSG00000150991;ENSG00000100902;ENSG00000108344;ENSG00000108671;ENSG00000013275;ENSG00000165280;ENSG00000185627;ENSG00000173692;ENSG00000175166;ENSG00000135506;ENSG00000126067;ENSG00000101182;ENSG00000165916;ENSG00000142507;ENSG00000099341
prerank,REACTOME_DEGRADATION_OF_BETA_CATENIN_BY_THE_DESTRUCTION_COMPLEX,0.5588003427255429,2.553409863682119,0.0,1.0730109513126497e-05,0.0002,22/71,3.55%,ENSG00000100804;ENSG00000087191;ENSG00000100764;ENSG00000115233;ENSG00000116478;ENSG00000041357;ENSG00000103035;ENSG00000130706;ENSG00000150991;ENSG00000100902;ENSG00000108344;ENSG00000108671;ENSG00000013275;ENSG00000185627;ENSG00000173692;ENSG00000175166;ENSG00000105568;ENSG00000126067;ENSG00000101182;ENSG00000165916;ENSG00000142507;ENSG00000099341
prerank,REACTOME_ABC_TRANSPORTER_DISORDERS,0.5748731296404731,2.5763271868905586,0.0,1.0968556391195973e-05,0.0002,23/64,3.55%,ENSG00000100804;ENSG00000087191;ENSG00000115657;ENSG00000100764;ENSG00000115233;ENSG00000041357;ENSG00000103035;ENSG00000130706;ENSG00000150991;ENSG00000100902;ENSG00000108344;ENSG00000108671;ENSG00000013275;ENSG00000165280;ENSG00000185627;ENSG00000173692;ENSG00000175166;ENSG00000135506;ENSG00000126067;ENSG00000101182;ENSG00000165916;ENSG00000142507;ENSG00000099341
prerank,REACTOME_UCH_PROTEINASES,0.5636474246062009,2.5945510597770225,0.0,1.1217841763723156e-05,0.0002,24/75,3.55%,ENSG00000100804;ENSG00000087191;ENSG00000172534;ENSG00000100764;ENSG00000115233;ENSG00000041357;ENSG00000103035;ENSG00000130706;ENSG00000150991;ENSG00000100902;ENSG00000108344;ENSG00000108671;ENSG00000013275;ENSG00000185627;ENSG00000173692;ENSG00000105329;ENSG00000175166;ENSG00000075624;ENSG00000126067;ENSG00000101182;ENSG00000129559;ENSG00000165916;ENSG00000142507;ENSG00000099341
prerank,REACTOME_REGULATION_OF_MRNA_STABILITY_BY_PROTEINS_THAT_BIND_AU_RICH_ELEMENTS,0.5737439319091475,2.601457371496215,0.0,1.1478721804739972e-05,0.0002,25/72,3.55%,ENSG00000100804;ENSG00000082898;ENSG00000140350;ENSG00000087191;ENSG00000100764;ENSG00000115233;ENSG00000041357;ENSG00000103035;ENSG00000130706;ENSG00000150991;ENSG00000100902;ENSG00000108344;ENSG00000114867;ENSG00000108671;ENSG00000013275;ENSG00000109971;ENSG00000185627;ENSG00000173692;ENSG00000175166;ENSG00000166913;ENSG00000126067;ENSG00000101182;ENSG00000165916;ENSG00000142507;ENSG00000099341
prerank,REACTOME_SIGNALING_BY_NOTCH4,0.5725836756687515,2.6100906334627156,0.0,1.1752024704852828e-05,0.0002,23/71,3.55%,ENSG00000100804;ENSG00000087191;ENSG00000168214;ENSG00000166949;ENSG00000137845;ENSG00000100764;ENSG00000115233;ENSG00000041357;ENSG00000103035;ENSG00000130706;ENSG00000150991;ENSG00000100902;ENSG00000108344;ENSG00000108671;ENSG00000013275;ENSG00000185627;ENSG00000173692;ENSG00000175166;ENSG00000126067;ENSG00000101182;ENSG00000165916;ENSG00000142507;ENSG00000099341
prerank,REACTOME_CELLULAR_RESPONSE_TO_CHEMICAL_STRESS,0.46929488801737257,2.5361440506897344,0.0,1.5424532425119336e-05,0.0003,45/190,4.10%,ENSG00000100804;ENSG00000181019;ENSG00000033050;ENSG00000138798;ENSG00000142657;ENSG00000087191;ENSG00000165672;ENSG00000169375;ENSG00000171720;ENSG00000160211;ENSG00000100764;ENSG00000115233;ENSG00000104687;ENSG00000108846;ENSG00000041357;ENSG00000103035;ENSG00000136810;ENSG00000130706;ENSG00000150991;ENSG00000103222;ENSG00000100902;ENSG00000108344;ENSG00000108671;ENSG00000204435;ENSG00000013275;ENSG00000185624;ENSG00000165280;ENSG00000185627;ENSG00000173692;ENSG00000254986;ENSG00000177156;ENSG00000175166;ENSG00000197930;ENSG00000126432;ENSG00000126067;ENSG00000101182;ENSG00000070010;ENSG00000167815;ENSG00000084207;ENSG00000126267;ENSG00000165916;ENSG00000178741;ENSG00000142507;ENSG00000099341;ENSG00000117450
prerank,REACTOME_ABC_FAMILY_PROTEINS_MEDIATED_TRANSPORT,0.5369876530115567,2.540972409883232,0.0,1.5752713966079323e-05,0.0003,25/87,3.55%,ENSG00000100804;ENSG00000087191;ENSG00000115657;ENSG00000100764;ENSG00000115233;ENSG00000108846;ENSG00000041357;ENSG00000103035;ENSG00000130706;ENSG00000150991;ENSG00000103222;ENSG00000100902;ENSG00000108344;ENSG00000108671;ENSG00000013275;ENSG00000165280;ENSG00000185627;ENSG00000173692;ENSG00000175166;ENSG00000135506;ENSG00000126067;ENSG00000101182;ENSG00000165916;ENSG00000142507;ENSG00000099341
prerank,REACTOME_SCF_SKP2_MEDIATED_DEGRADATION_OF_P27_P21,0.6001249013686818,2.5322418192628207,0.0,2.0146328065461993e-05,0.0004,20/49,3.55%,ENSG00000100804;ENSG00000087191;ENSG00000100764;ENSG00000115233;ENSG00000041357;ENSG00000103035;ENSG00000130706;ENSG00000150991;ENSG00000100902;ENSG00000108344;ENSG00000108671;ENSG00000013275;ENSG00000185627;ENSG00000173692;ENSG00000175166;ENSG00000126067;ENSG00000101182;ENSG00000165916;ENSG00000142507;ENSG00000099341
prerank,REACTOME_REGULATION_OF_PD_L1_CD274_POST_TRANSLATIONAL_MODIFICATION,0.5342032936383224,2.4890918631003256,0.0,2.4679251880190938e-05,0.0005,27/84,3.55%,ENSG00000100804;ENSG00000087191;ENSG00000100764;ENSG00000115233;ENSG00000041357;ENSG00000103035;ENSG00000130706;ENSG00000150991;ENSG00000100902;ENSG00000108344;ENSG00000170027;ENSG00000108671;ENSG00000204435;ENSG00000163902;ENSG00000013275;ENSG00000165280;ENSG00000185627;ENSG00000173692;ENSG00000175166;ENSG00000118705;ENSG00000244038;ENSG00000135506;ENSG00000126067;ENSG00000101182;ENSG00000165916;ENSG00000142507;ENSG00000099341
prerank,REACTOME_G1_S_DNA_DAMAGE_CHECKPOINTS,0.5444885444823512,2.4543732394315203,0.0,4.271408979263817e-05,0.0008,21/66,3.55%,ENSG00000100804;ENSG00000087191;ENSG00000161642;ENSG00000100764;ENSG00000115233;ENSG00000041357;ENSG00000103035;ENSG00000130706;ENSG00000150991;ENSG00000100902;ENSG00000108344;ENSG00000108671;ENSG00000013275;ENSG00000185627;ENSG00000173692;ENSG00000175166;ENSG00000126067;ENSG00000101182;ENSG00000165916;ENSG00000142507;ENSG00000099341
prerank,REACTOME_MAPK6_MAPK4_SIGNALING,0.5340863556728871,2.458178093123727,0.0,4.355162096504284e-05,0.0008,23/74,3.55%,ENSG00000100804;ENSG00000082898;ENSG00000087191;ENSG00000100764;ENSG00000115233;ENSG00000069956;ENSG00000041357;ENSG00000103035;ENSG00000130706;ENSG00000150991;ENSG00000100902;ENSG00000108344;ENSG00000108671;ENSG00000013275;ENSG00000185627;ENSG00000173692;ENSG00000175166;ENSG00000126067;ENSG00000072062;ENSG00000101182;ENSG00000165916;ENSG00000142507;ENSG00000099341
prerank,REACTOME_SARS_COV_2_TARGETS_HOST_INTRACELLULAR_SIGNALLING_AND_REGULATORY_PATHWAYS,0.8448619942275721,2.4439207869775457,0.0,4.487136705489262e-05,0.0009,5/12,2.12%,ENSG00000134308;ENSG00000128245;ENSG00000170027;ENSG00000108953;ENSG00000166913
prerank,REACTOME_TRANSCRIPTIONAL_REGULATION_BY_RUNX3,0.5182169184030445,2.4453059699925475,0.0,4.570231829664989e-05,0.0009,23/85,3.55%,ENSG00000100804;ENSG00000087191;ENSG00000168214;ENSG00000166949;ENSG00000100764;ENSG00000115233;ENSG00000041357;ENSG00000103035;ENSG00000130706;ENSG00000150991;ENSG00000100902;ENSG00000108344;ENSG00000108671;ENSG00000013275;ENSG00000185627;ENSG00000173692;ENSG00000105329;ENSG00000175166;ENSG00000126067;ENSG00000101182;ENSG00000165916;ENSG00000142507;ENSG00000099341
prerank,REACTOME_HEDGEHOG_ON_STATE,0.5298443120983247,2.4468354641094225,0.0,4.656462618903951e-05,0.0009,21/72,3.55%,ENSG00000100804;ENSG00000087191;ENSG00000088826;ENSG00000100764;ENSG00000115233;ENSG00000041357;ENSG00000103035;ENSG00000130706;ENSG00000150991;ENSG00000100902;ENSG00000108344;ENSG00000108671;ENSG00000013275;ENSG00000185627;ENSG00000173692;ENSG00000175166;ENSG00000126067;ENSG00000101182;ENSG00000165916;ENSG00000142507;ENSG00000099341
prerank,REACTOME_RHO_GTPASES_ACTIVATE_WASPS_AND_WAVES,0.6183408730481897,2.4215611182146244,0.0,5.62860130600846e-05,0.0012,11/35,3.95%,ENSG00000138071;ENSG00000177885;ENSG00000213672;ENSG00000115091;ENSG00000163466;ENSG00000241553;ENSG00000184009;ENSG00000075624;ENSG00000254999;ENSG00000130429;ENSG00000241685
prerank,REACTOME_CIRCADIAN_CLOCK,0.49831158981129003,2.4388798412017882,0.0,5.729112043615753e-05,0.0012,26/108,3.55%,ENSG00000100804;ENSG00000029153;ENSG00000087191;ENSG00000171720;ENSG00000100764;ENSG00000115233;ENSG00000213639;ENSG00000041357;ENSG00000134107;ENSG00000103035;ENSG00000130706;ENSG00000150991;ENSG00000100902;ENSG00000108344;ENSG00000108671;ENSG00000204435;ENSG00000013275;ENSG00000185627;ENSG00000173692;ENSG00000175166;ENSG00000126067;ENSG00000101182;ENSG00000172531;ENSG00000165916;ENSG00000142507;ENSG00000099341
prerank,REACTOME_POLO_LIKE_KINASE_MEDIATED_EVENTS,-0.826628162274265,-2.2531036531247053,0.0,6.0976898840722576e-05,0.0001,11/16,4.64%,ENSG00000166851;ENSG00000157456;ENSG00000183814;ENSG00000134057;ENSG00000111206;ENSG00000127564;ENSG00000189308;ENSG00000158402;ENSG00000101057;ENSG00000166483;ENSG00000117724
prerank,REACTOME_SIGNALING_BY_HEDGEHOG,0.4705106940004008,2.4183231360798296,0.0,6.382565141428693e-05,0.0014,31/135,3.55%,ENSG00000100804;ENSG00000151694;ENSG00000087191;ENSG00000088826;ENSG00000100764;ENSG00000115233;ENSG00000108946;ENSG00000041357;ENSG00000258947;ENSG00000103035;ENSG00000127824;ENSG00000130706;ENSG00000150991;ENSG00000100902;ENSG00000108344;ENSG00000167553;ENSG00000108671;ENSG00000013275;ENSG00000185624;ENSG00000165280;ENSG00000185627;ENSG00000173692;ENSG00000087460;ENSG00000175166;ENSG00000135506;ENSG00000126067;ENSG00000072062;ENSG00000101182;ENSG00000165916;ENSG00000142507;ENSG00000099341
prerank,REACTOME_DOWNSTREAM_TCR_SIGNALING,0.5015994432834696,2.3836519936369416,0.0,0.00010457310118724976,0.0024,20/83,3.55%,ENSG00000100804;ENSG00000087191;ENSG00000100764;ENSG00000115233;ENSG00000041357;ENSG00000103035;ENSG00000130706;ENSG00000150991;ENSG00000100902;ENSG00000108344;ENSG00000108671;ENSG00000013275;ENSG00000185627;ENSG00000173692;ENSG00000175166;ENSG00000126067;ENSG00000101182;ENSG00000165916;ENSG00000142507;ENSG00000099341
prerank,REACTOME_ORC1_REMOVAL_FROM_CHROMATIN,0.549744701316833,2.373707720053597,0.0,0.00011105663346085924,0.0025,22/56,4.92%,ENSG00000100804;ENSG00000087191;ENSG00000100764;ENSG00000115233;ENSG00000041357;ENSG00000103035;ENSG00000130706;ENSG00000150991;ENSG00000100902;ENSG00000108344;ENSG00000108671;ENSG00000013275;ENSG00000185627;ENSG00000173692;ENSG00000175166;ENSG00000126067;ENSG00000101182;ENSG00000165916;ENSG00000142507;ENSG00000099341;ENSG00000104738;ENSG00000112118
prerank,REACTOME_APOPTOSIS,0.4504063282693511,2.369510635390069,0.0,0.0001213733699025784,0.0028,35/163,3.55%,ENSG00000100804;ENSG00000026025;ENSG00000087274;ENSG00000087191;ENSG00000087470;ENSG00000160789;ENSG00000178209;ENSG00000100764;ENSG00000115233;ENSG00000108424;ENSG00000041357;ENSG00000134308;ENSG00000103035;ENSG00000136279;ENSG00000128245;ENSG00000197694;ENSG00000130706;ENSG00000150991;ENSG00000100902;ENSG00000108344;ENSG00000170027;ENSG00000108671;ENSG00000013275;ENSG00000108953;ENSG00000185627;ENSG00000173692;ENSG00000185825;ENSG00000175166;ENSG00000166913;ENSG00000126067;ENSG00000101182;ENSG00000108561;ENSG00000165916;ENSG00000142507;ENSG00000099341
prerank,REACTOME_DNA_STRAND_ELONGATION,-0.6860577301722,-2.1837594305914103,0.0,0.00012195379768144515,0.0004,23/31,15.17%,ENSG00000111445;ENSG00000147536;ENSG00000106399;ENSG00000198056;ENSG00000101003;ENSG00000131153;ENSG00000181938;ENSG00000132646;ENSG00000175482;ENSG00000125885;ENSG00000163918;ENSG00000138346;ENSG00000014138;ENSG00000093009;ENSG00000166508;ENSG00000049541;ENSG00000133119;ENSG00000077514;ENSG00000117748;ENSG00000101868;ENSG00000076003;ENSG00000062822;ENSG00000100297
prerank,REACTOME_EUKARYOTIC_TRANSLATION_ELONGATION,-0.5567746407649247,-2.1696613184340747,0.0,0.00012195379768144515,0.0006,71/89,35.46%,ENSG00000174444;ENSG00000149806;ENSG00000131469;ENSG00000105372;ENSG00000114942;ENSG00000254772;ENSG00000115268;ENSG00000142676;ENSG00000198755;ENSG00000130255;ENSG00000136942;ENSG00000162244;ENSG00000142541;ENSG00000156482;ENSG00000105640;ENSG00000100316;ENSG00000177954;ENSG00000177600;ENSG00000109475;ENSG00000104529;ENSG00000116251;ENSG00000172809;ENSG00000265681;ENSG00000071082;ENSG00000143947;ENSG00000140988;ENSG00000167526;ENSG00000221983;ENSG00000037241;ENSG00000063177;ENSG00000122406;ENSG00000149273;ENSG00000118181;ENSG00000140986;ENSG00000161970;ENSG00000147604;ENSG00000110700;ENSG00000108298;ENSG00000198034;ENSG00000142937;ENSG00000122026;ENSG00000137818;ENSG00000213741;ENSG00000145592;ENSG00000089157;ENSG00000112306;ENSG00000156508;ENSG00000197728;ENSG00000174748;ENSG00000182899;ENSG00000168028;ENSG00000144713;ENSG00000197958;ENSG00000145425;ENSG00000198918;ENSG00000161016;ENSG00000083845;ENSG00000166441;ENSG00000101210;ENSG00000125691;ENSG00000105193;ENSG00000171863;ENSG00000124614;ENSG00000142534;ENSG00000108107;ENSG00000185088;ENSG00000089009;ENSG00000137876;ENSG00000134419;ENSG00000137154;ENSG00000008988
prerank,REACTOME_PROGRAMMED_CELL_DEATH,0.43777019567451764,2.3561492677131164,0.0,0.0001592209798721996,0.0038,40/195,3.55%,ENSG00000100804;ENSG00000026025;ENSG00000087274;ENSG00000087191;ENSG00000087470;ENSG00000160789;ENSG00000178209;ENSG00000100764;ENSG00000115233;ENSG00000108424;ENSG00000041357;ENSG00000134308;ENSG00000103035;ENSG00000137312;ENSG00000136279;ENSG00000128245;ENSG00000197694;ENSG00000130706;ENSG00000150991;ENSG00000132589;ENSG00000100902;ENSG00000108344;ENSG00000080824;ENSG00000170027;ENSG00000108671;ENSG00000013275;ENSG00000108953;ENSG00000185627;ENSG00000173692;ENSG00000185825;ENSG00000175166;ENSG00000166913;ENSG00000126067;ENSG00000105401;ENSG00000130724;ENSG00000101182;ENSG00000108561;ENSG00000165916;ENSG00000142507;ENSG00000099341
prerank,REACTOME_CLEC7A_DECTIN_1_SIGNALING,0.4978676018413759,2.3489816753328485,0.0,0.00017628037057279244,0.0043,20/85,3.55%,ENSG00000100804;ENSG00000087191;ENSG00000100764;ENSG00000115233;ENSG00000041357;ENSG00000103035;ENSG00000130706;ENSG00000150991;ENSG00000100902;ENSG00000108344;ENSG00000108671;ENSG00000013275;ENSG00000185627;ENSG00000173692;ENSG00000175166;ENSG00000126067;ENSG00000101182;ENSG00000165916;ENSG00000142507;ENSG00000099341
prerank,REACTOME_BETA_CATENIN_INDEPENDENT_WNT_SIGNALING,0.4604466824292612,2.327663935476177,0.0,0.0002699293174395884,0.0066,30/130,5.55%,ENSG00000100804;ENSG00000149782;ENSG00000078369;ENSG00000087191;ENSG00000100764;ENSG00000115233;ENSG00000041357;ENSG00000103035;ENSG00000130706;ENSG00000150991;ENSG00000100902;ENSG00000067560;ENSG00000108344;ENSG00000108671;ENSG00000013275;ENSG00000185627;ENSG00000173692;ENSG00000141367;ENSG00000161203;ENSG00000175166;ENSG00000126067;ENSG00000108518;ENSG00000101182;ENSG00000042753;ENSG00000165916;ENSG00000142507;ENSG00000099341;ENSG00000168243;ENSG00000126583;ENSG00000162188
prerank,REACTOME_SARS_COV_1_TARGETS_HOST_INTRACELLULAR_SIGNALLING_AND_REGULATORY_PATHWAYS,0.7244785019096237,2.3183031361956976,0.0,0.00028096379063601994,0.007,6/16,2.12%,ENSG00000166949;ENSG00000134308;ENSG00000128245;ENSG00000170027;ENSG00000108953;ENSG00000166913
prerank,REACTOME_EPHB_MEDIATED_FORWARD_SIGNALING,0.562916311151628,2.31655562438905,0.0,0.00028792460526889436,0.0073,12/42,3.95%,ENSG00000138071;ENSG00000106683;ENSG00000115091;ENSG00000163466;ENSG00000241553;ENSG00000067560;ENSG00000184009;ENSG00000075624;ENSG00000172757;ENSG00000174775;ENSG00000130429;ENSG00000241685
prerank,REACTOME_TCR_SIGNALING,0.4686825043463473,2.311241895352494,0.0,0.0003130949865397358,0.0081,22/105,3.55%,ENSG00000100804;ENSG00000087191;ENSG00000100764;ENSG00000115233;ENSG00000041357;ENSG00000103035;ENSG00000130706;ENSG00000125753;ENSG00000103653;ENSG00000150991;ENSG00000100902;ENSG00000108344;ENSG00000108671;ENSG00000013275;ENSG00000185627;ENSG00000173692;ENSG00000175166;ENSG00000126067;ENSG00000101182;ENSG00000165916;ENSG00000142507;ENSG00000099341
prerank,REACTOME_INTERLEUKIN_1_SIGNALING,0.4735452881238248,2.308108504762323,0.0,0.00032300785549073434,0.0085,23/99,3.55%,ENSG00000100804;ENSG00000087191;ENSG00000100764;ENSG00000115233;ENSG00000041357;ENSG00000103035;ENSG00000130706;ENSG00000150991;ENSG00000100902;ENSG00000169032;ENSG00000108344;ENSG00000108671;ENSG00000013275;ENSG00000185627;ENSG00000173692;ENSG00000175166;ENSG00000142192;ENSG00000126067;ENSG00000101182;ENSG00000165916;ENSG00000184216;ENSG00000142507;ENSG00000099341
prerank,REACTOME_GASTRULATION,0.4670871883104466,2.304018155194996,0.0,0.00033978680124900575,0.0091,23/108,4.04%,ENSG00000100804;ENSG00000087191;ENSG00000168214;ENSG00000172939;ENSG00000166949;ENSG00000100764;ENSG00000115233;ENSG00000041357;ENSG00000103035;ENSG00000130706;ENSG00000100902;ENSG00000108344;ENSG00000108671;ENSG00000013275;ENSG00000185627;ENSG00000173692;ENSG00000175166;ENSG00000126067;ENSG00000101182;ENSG00000165916;ENSG00000142507;ENSG00000099341;ENSG00000152977
prerank,REACTOME_HSP90_CHAPERONE_CYCLE_FOR_STEROID_HORMONE_RECEPTORS_SHR_IN_THE_PRESENCE_OF_LIGAND,0.5292437895336018,2.295127738423516,0.0,0.00036666317079140823,0.01,14/55,1.91%,ENSG00000077549;ENSG00000138107;ENSG00000175203;ENSG00000197102;ENSG00000258947;ENSG00000204843;ENSG00000127824;ENSG00000198898;ENSG00000167553;ENSG00000080824;ENSG00000168439;ENSG00000096384;ENSG00000109971;ENSG00000004478
prerank,REACTOME_TNFR2_NON_CANONICAL_NF_KB_PATHWAY,0.4802350741872177,2.284364550751138,0.0,0.00042754196919204024,0.0119,20/86,3.55%,ENSG00000100804;ENSG00000087191;ENSG00000100764;ENSG00000115233;ENSG00000041357;ENSG00000103035;ENSG00000130706;ENSG00000150991;ENSG00000100902;ENSG00000108344;ENSG00000108671;ENSG00000013275;ENSG00000185627;ENSG00000173692;ENSG00000175166;ENSG00000126067;ENSG00000101182;ENSG00000165916;ENSG00000142507;ENSG00000099341
prerank,REACTOME_PTEN_REGULATION,0.4531680904730193,2.282683531933817,0.0,0.00043188690790334146,0.0122,25/123,3.55%,ENSG00000100804;ENSG00000140464;ENSG00000087191;ENSG00000171720;ENSG00000100764;ENSG00000115233;ENSG00000116478;ENSG00000111642;ENSG00000041357;ENSG00000103035;ENSG00000130706;ENSG00000150991;ENSG00000100902;ENSG00000108344;ENSG00000108671;ENSG00000204435;ENSG00000013275;ENSG00000185627;ENSG00000173692;ENSG00000175166;ENSG00000126067;ENSG00000101182;ENSG00000165916;ENSG00000142507;ENSG00000099341
prerank,REACTOME_HDR_THROUGH_HOMOLOGOUS_RECOMBINATION_HRR,-0.5633095403103427,-2.0919345935468106,0.0,0.0005640363142766837,0.0031,34/68,14.26%,ENSG00000000460;ENSG00000111445;ENSG00000139618;ENSG00000174371;ENSG00000051180;ENSG00000100479;ENSG00000106399;ENSG00000051341;ENSG00000196584;ENSG00000197299;ENSG00000111247;ENSG00000185379;ENSG00000171792;ENSG00000132646;ENSG00000175643;ENSG00000175482;ENSG00000154920;ENSG00000115350;ENSG00000149554;ENSG00000163918;ENSG00000138346;ENSG00000049541;ENSG00000133119;ENSG00000126215;ENSG00000077514;ENSG00000012048;ENSG00000164808;ENSG00000132207;ENSG00000143947;ENSG00000164053;ENSG00000117748;ENSG00000172732;ENSG00000221983;ENSG00000062822
prerank,REACTOME_ACTIVATION_OF_ATR_IN_RESPONSE_TO_REPLICATION_STRESS,-0.6321590594634385,-2.0798993134537263,0.0,0.0006219643681753703,0.0044,22/35,15.38%,ENSG00000111445;ENSG00000094804;ENSG00000106399;ENSG00000065328;ENSG00000123374;ENSG00000092853;ENSG00000006634;ENSG00000149554;ENSG00000158402;ENSG00000125885;ENSG00000163918;ENSG00000097046;ENSG00000093009;ENSG00000166508;ENSG00000049541;ENSG00000133119;ENSG00000091651;ENSG00000164053;ENSG00000117748;ENSG00000076003;ENSG00000100297;ENSG00000164045
prerank,REACTOME_HIV_INFECTION,0.41183827801391587,2.240943749648665,0.0,0.0007572811535839412,0.021,45/213,3.55%,ENSG00000149136;ENSG00000100804;ENSG00000100401;ENSG00000082898;ENSG00000092201;ENSG00000094914;ENSG00000087191;ENSG00000100764;ENSG00000115233;ENSG00000213024;ENSG00000108424;ENSG00000041357;ENSG00000132612;ENSG00000103035;ENSG00000130706;ENSG00000150991;ENSG00000100902;ENSG00000108344;ENSG00000108671;ENSG00000013275;ENSG00000196235;ENSG00000100280;ENSG00000185627;ENSG00000173692;ENSG00000161203;ENSG00000175166;ENSG00000143761;ENSG00000196262;ENSG00000196419;ENSG00000137309;ENSG00000126067;ENSG00000106367;ENSG00000175334;ENSG00000099817;ENSG00000130724;ENSG00000132341;ENSG00000079246;ENSG00000101182;ENSG00000177700;ENSG00000102900;ENSG00000042753;ENSG00000181222;ENSG00000165916;ENSG00000142507;ENSG00000099341
prerank,REACTOME_UB_SPECIFIC_PROCESSING_PROTEASES,0.4283473928923594,2.2342093194814896,0.0,0.000817083339276592,0.0227,32/155,3.67%,ENSG00000100804;ENSG00000100644;ENSG00000185359;ENSG00000087191;ENSG00000165637;ENSG00000167770;ENSG00000166949;ENSG00000100764;ENSG00000115233;ENSG00000213585;ENSG00000041357;ENSG00000124422;ENSG00000103035;ENSG00000130706;ENSG00000150991;ENSG00000078668;ENSG00000100902;ENSG00000108344;ENSG00000108671;ENSG00000013275;ENSG00000185627;ENSG00000173692;ENSG00000175166;ENSG00000171148;ENSG00000111667;ENSG00000126067;ENSG00000101182;ENSG00000070010;ENSG00000165916;ENSG00000142507;ENSG00000099341;ENSG00000105701
prerank,REACTOME_CDK_MEDIATED_PHOSPHORYLATION_AND_REMOVAL_OF_CDC6,0.504422563037392,2.2295769702032255,0.0,0.0008621285323480036,0.0244,20/59,3.55%,ENSG00000100804;ENSG00000087191;ENSG00000100764;ENSG00000115233;ENSG00000041357;ENSG00000103035;ENSG00000130706;ENSG00000150991;ENSG00000100902;ENSG00000108344;ENSG00000108671;ENSG00000013275;ENSG00000185627;ENSG00000173692;ENSG00000175166;ENSG00000126067;ENSG00000101182;ENSG00000165916;ENSG00000142507;ENSG00000099341
prerank,REACTOME_ACTIVATION_OF_THE_PRE_REPLICATIVE_COMPLEX,-0.6326328579962014,-2.036310248276815,0.0,0.0009451419320312,0.0101,20/32,17.46%,ENSG00000094804;ENSG00000100479;ENSG00000106399;ENSG00000065328;ENSG00000198056;ENSG00000123374;ENSG00000112312;ENSG00000006634;ENSG00000115350;ENSG00000125885;ENSG00000014138;ENSG00000097046;ENSG00000093009;ENSG00000166508;ENSG00000091651;ENSG00000117748;ENSG00000101868;ENSG00000076003;ENSG00000100297;ENSG00000167513
prerank,REACTOME_CASPASE_MEDIATED_CLEAVAGE_OF_CYTOSKELETAL_PROTEINS,0.7630240292695977,2.216709072771061,0.0,0.0010358791249711723,0.0293,5/12,1.37%,ENSG00000026025;ENSG00000087274;ENSG00000178209;ENSG00000136279;ENSG00000197694
prerank,REACTOME_RESPONSE_OF_EIF2AK4_GCN2_TO_AMINO_ACID_DEFICIENCY,-0.5167127692726704,-2.0369157858623628,0.0,0.0010627402369383077,0.0099,74/97,35.68%,ENSG00000174444;ENSG00000149806;ENSG00000131469;ENSG00000162772;ENSG00000105372;ENSG00000115268;ENSG00000142676;ENSG00000198755;ENSG00000130255;ENSG00000136942;ENSG00000162244;ENSG00000142541;ENSG00000156482;ENSG00000105640;ENSG00000100316;ENSG00000153879;ENSG00000177954;ENSG00000177600;ENSG00000109475;ENSG00000116251;ENSG00000172809;ENSG00000265681;ENSG00000071082;ENSG00000101255;ENSG00000143947;ENSG00000125977;ENSG00000140988;ENSG00000154059;ENSG00000167526;ENSG00000221983;ENSG00000037241;ENSG00000063177;ENSG00000122406;ENSG00000149273;ENSG00000115966;ENSG00000118181;ENSG00000140986;ENSG00000161970;ENSG00000147604;ENSG00000110700;ENSG00000108298;ENSG00000198034;ENSG00000142937;ENSG00000122026;ENSG00000137818;ENSG00000213741;ENSG00000145592;ENSG00000089157;ENSG00000112306;ENSG00000197728;ENSG00000174748;ENSG00000182899;ENSG00000168028;ENSG00000144713;ENSG00000197958;ENSG00000145425;ENSG00000198918;ENSG00000161016;ENSG00000083845;ENSG00000166441;ENSG00000125691;ENSG00000105193;ENSG00000171863;ENSG00000175197;ENSG00000124614;ENSG00000142534;ENSG00000108107;ENSG00000185088;ENSG00000089009;ENSG00000137876;ENSG00000134419;ENSG00000137154;ENSG00000008988;ENSG00000130741
prerank,REACTOME_CYCLIN_A_B1_B2_ASSOCIATED_EVENTS_DURING_G2_M_TRANSITION,-0.6223717530966896,-2.0069641353268315,0.0,0.0010721771379493719,0.0177,18/32,6.14%,ENSG00000166851;ENSG00000157456;ENSG00000145386;ENSG00000170312;ENSG00000134057;ENSG00000123374;ENSG00000129810;ENSG00000123485;ENSG00000101224;ENSG00000140534;ENSG00000020426;ENSG00000111206;ENSG00000127564;ENSG00000158402;ENSG00000166483;ENSG00000129534;ENSG00000104695;ENSG00000136122
prerank,REACTOME_DISEASES_OF_DNA_REPAIR,-0.5705223212716041,-2.0112771679320876,0.0,0.0010864974702528751,0.0163,34/50,29.12%,ENSG00000111445;ENSG00000139618;ENSG00000174371;ENSG00000051180;ENSG00000109674;ENSG00000106399;ENSG00000196584;ENSG00000197299;ENSG00000111247;ENSG00000185379;ENSG00000171792;ENSG00000175643;ENSG00000163918;ENSG00000138346;ENSG00000065057;ENSG00000049541;ENSG00000133119;ENSG00000012048;ENSG00000132781;ENSG00000114026;ENSG00000164053;ENSG00000117748;ENSG00000113522;ENSG00000101773;ENSG00000122512;ENSG00000163781;ENSG00000152942;ENSG00000095002;ENSG00000182185;ENSG00000178966;ENSG00000113318;ENSG00000151164;ENSG00000083093;ENSG00000140398
prerank,REACTOME_ANTIGEN_PROCESSING_CROSS_PRESENTATION,0.4601122979317391,2.2068985771273084,0.0,0.0011217841763723154,0.032,25/94,3.55%,ENSG00000100804;ENSG00000087191;ENSG00000179218;ENSG00000100764;ENSG00000115233;ENSG00000041357;ENSG00000103035;ENSG00000130706;ENSG00000150991;ENSG00000100902;ENSG00000082781;ENSG00000108344;ENSG00000108671;ENSG00000013275;ENSG00000185627;ENSG00000173692;ENSG00000132432;ENSG00000175166;ENSG00000167004;ENSG00000126067;ENSG00000101182;ENSG00000165916;ENSG00000116031;ENSG00000142507;ENSG00000099341
prerank,REACTOME_MITOTIC_SPINDLE_CHECKPOINT,-0.5055534257464759,-2.0173651920106552,0.0,0.001131460234044519,0.0138,63/110,22.95%,ENSG00000143228;ENSG00000166851;ENSG00000152253;ENSG00000175063;ENSG00000163535;ENSG00000102384;ENSG00000089685;ENSG00000115163;ENSG00000178999;ENSG00000156970;ENSG00000154839;ENSG00000137812;ENSG00000094880;ENSG00000080986;ENSG00000142945;ENSG00000129810;ENSG00000175216;ENSG00000117399;ENSG00000186871;ENSG00000138778;ENSG00000120334;ENSG00000169679;ENSG00000164109;ENSG00000161888;ENSG00000154473;ENSG00000117724;ENSG00000153044;ENSG00000149636;ENSG00000121621;ENSG00000141552;ENSG00000104695;ENSG00000177954;ENSG00000166295;ENSG00000167842;ENSG00000184445;ENSG00000040275;ENSG00000157020;ENSG00000004897;ENSG00000138092;ENSG00000151725;ENSG00000134690;ENSG00000166451;ENSG00000174442;ENSG00000072864;ENSG00000075188;ENSG00000182628;ENSG00000160783;ENSG00000142856;ENSG00000090273;ENSG00000160551;ENSG00000089053;ENSG00000108106;ENSG00000186298;ENSG00000112640;ENSG00000164162;ENSG00000068796;ENSG00000123219;ENSG00000053900;ENSG00000088986;ENSG00000153107;ENSG00000149503;ENSG00000153201;ENSG00000007168
prerank,REACTOME_DEPOSITION_OF_NEW_CENPA_CONTAINING_NUCLEOSOMES_AT_THE_CENTROMERE,-0.5997371133001816,-2.039118194859249,0.0,0.0011788867109206365,0.0093,25/41,20.04%,ENSG00000102384;ENSG00000115163;ENSG00000137812;ENSG00000146047;ENSG00000123485;ENSG00000120334;ENSG00000175792;ENSG00000153044;ENSG00000105968;ENSG00000129534;ENSG00000104147;ENSG00000203760;ENSG00000169689;ENSG00000188486;ENSG00000138092;ENSG00000151725;ENSG00000246705;ENSG00000166451;ENSG00000196890;ENSG00000197903;ENSG00000142856;ENSG00000180573;ENSG00000123219;ENSG00000153147;ENSG00000180596
prerank,REACTOME_CHROMOSOME_MAINTENANCE,-0.5048699945686337,-2.0114835181157016,0.0,0.0011951472172781624,0.0163,48/108,15.15%,ENSG00000111445;ENSG00000102384;ENSG00000115163;ENSG00000106399;ENSG00000145386;ENSG00000137812;ENSG00000198056;ENSG00000146047;ENSG00000123374;ENSG00000100142;ENSG00000197299;ENSG00000005075;ENSG00000123485;ENSG00000120334;ENSG00000168002;ENSG00000147669;ENSG00000132646;ENSG00000175482;ENSG00000175792;ENSG00000153044;ENSG00000105968;ENSG00000129534;ENSG00000163918;ENSG00000104147;ENSG00000138346;ENSG00000014138;ENSG00000145912;ENSG00000203760;ENSG00000169689;ENSG00000105258;ENSG00000049541;ENSG00000127586;ENSG00000133119;ENSG00000188486;ENSG00000077514;ENSG00000138092;ENSG00000151725;ENSG00000246705;ENSG00000166451;ENSG00000140451;ENSG00000196890;ENSG00000136982;ENSG00000117748;ENSG00000197903;ENSG00000142856;ENSG00000101868;ENSG00000062822;ENSG00000085224
prerank,REACTOME_FOLDING_OF_ACTIN_BY_CCT_TRIC,0.8082214992999547,2.202983828225705,0.0006682258603407952,0.0011959945141938684,0.0346,6/10,2.91%,ENSG00000156261;ENSG00000075624;ENSG00000150753;ENSG00000146731;ENSG00000135624;ENSG00000163468
prerank,REACTOME_APC_C_CDH1_MEDIATED_DEGRADATION_OF_CDC20_AND_OTHER_APC_C_CDH1_TARGETED_PROTEINS_IN_LATE_MITOSIS_EARLY_G1,0.4965382310960255,2.1984109805284127,0.0,0.0012432173134646186,0.0368,20/60,3.55%,ENSG00000100804;ENSG00000087191;ENSG00000100764;ENSG00000115233;ENSG00000041357;ENSG00000103035;ENSG00000130706;ENSG00000150991;ENSG00000100902;ENSG00000108344;ENSG00000108671;ENSG00000013275;ENSG00000185627;ENSG00000173692;ENSG00000175166;ENSG00000126067;ENSG00000101182;ENSG00000165916;ENSG00000142507;ENSG00000099341
prerank,REACTOME_TRANSLOCATION_OF_SLC2A4_GLUT4_TO_THE_PLASMA_MEMBRANE,0.4823075505844961,2.199387170287996,0.0,0.0012464584177463525,0.0364,15/71,2.19%,ENSG00000157483;ENSG00000134308;ENSG00000258947;ENSG00000128245;ENSG00000127824;ENSG00000084733;ENSG00000100345;ENSG00000197535;ENSG00000167553;ENSG00000170027;ENSG00000108953;ENSG00000166913;ENSG00000184009;ENSG00000075624;ENSG00000143545
prerank,REACTOME_RUNX1_REGULATES_TRANSCRIPTION_OF_GENES_INVOLVED_IN_DIFFERENTIATION_OF_HSCS,0.4816752941329568,2.1960953565367,0.0,0.0012644308062073136,0.0377,20/73,3.55%,ENSG00000100804;ENSG00000087191;ENSG00000100764;ENSG00000115233;ENSG00000041357;ENSG00000103035;ENSG00000130706;ENSG00000150991;ENSG00000100902;ENSG00000108344;ENSG00000108671;ENSG00000013275;ENSG00000185627;ENSG00000173692;ENSG00000175166;ENSG00000126067;ENSG00000101182;ENSG00000165916;ENSG00000142507;ENSG00000099341
prerank,REACTOME_RHOBTB2_GTPASE_CYCLE,0.6266807419508266,2.1938299231467964,0.0004158004158004158,0.0012911462264148675,0.0389,9/23,2.68%,ENSG00000072110;ENSG00000138594;ENSG00000080824;ENSG00000096384;ENSG00000092199;ENSG00000184009;ENSG00000146731;ENSG00000105401;ENSG00000135624
prerank,REACTOME_POLYMERASE_SWITCHING,-0.7528172147134773,-1.9833715799098117,0.0001380452788514633,0.001585399369858787,0.0286,11/14,14.26%,ENSG00000111445;ENSG00000198056;ENSG00000132646;ENSG00000175482;ENSG00000163918;ENSG00000014138;ENSG00000049541;ENSG00000133119;ENSG00000077514;ENSG00000101868;ENSG00000062822
prerank,REACTOME_HOMOLOGOUS_DNA_PAIRING_AND_STRAND_EXCHANGE,-0.5789810712953003,-1.9781551406373614,0.0001252661906551422,0.001615887819279148,0.0313,28/42,28.15%,ENSG00000111445;ENSG00000139618;ENSG00000174371;ENSG00000051180;ENSG00000106399;ENSG00000196584;ENSG00000197299;ENSG00000111247;ENSG00000185379;ENSG00000171792;ENSG00000175643;ENSG00000149554;ENSG00000163918;ENSG00000138346;ENSG00000049541;ENSG00000133119;ENSG00000126215;ENSG00000012048;ENSG00000164053;ENSG00000117748;ENSG00000113522;ENSG00000101773;ENSG00000163781;ENSG00000152942;ENSG00000182185;ENSG00000178966;ENSG00000151164;ENSG00000083093
prerank,REACTOME_EPH_EPHRIN_SIGNALING,0.44842705737639366,2.1618882152435033,0.0,0.0018197231506839585,0.0546,19/92,3.95%,ENSG00000138071;ENSG00000137845;ENSG00000106683;ENSG00000115091;ENSG00000100345;ENSG00000163466;ENSG00000241553;ENSG00000067560;ENSG00000141367;ENSG00000161203;ENSG00000092841;ENSG00000184009;ENSG00000075624;ENSG00000172757;ENSG00000174775;ENSG00000042753;ENSG00000070886;ENSG00000130429;ENSG00000241685
prerank,REACTOME_LAGGING_STRAND_SYNTHESIS,-0.6812715093512329,-1.9679507246374515,0.0,0.0018496325981685847,0.0382,14/20,14.26%,ENSG00000111445;ENSG00000106399;ENSG00000198056;ENSG00000132646;ENSG00000175482;ENSG00000163918;ENSG00000138346;ENSG00000014138;ENSG00000049541;ENSG00000133119;ENSG00000077514;ENSG00000117748;ENSG00000101868;ENSG00000062822
prerank,REACTOME_LYSOSOME_VESICLE_BIOGENESIS,0.5500716219476888,2.15682787532257,0.0,0.0018950139836575186,0.0574,10/35,2.83%,ENSG00000079805;ENSG00000185359;ENSG00000003056;ENSG00000109971;ENSG00000100280;ENSG00000141367;ENSG00000143761;ENSG00000142192;ENSG00000106367;ENSG00000130724
prerank,REACTOME_HOMOLOGY_DIRECTED_REPAIR,-0.4898910125443984,-1.9610820099308466,0.0,0.001920772313482761,0.0426,49/113,15.18%,ENSG00000163322;ENSG00000000460;ENSG00000111445;ENSG00000139618;ENSG00000174371;ENSG00000051180;ENSG00000100479;ENSG00000106399;ENSG00000145386;ENSG00000146047;ENSG00000123374;ENSG00000092853;ENSG00000051341;ENSG00000196584;ENSG00000111602;ENSG00000197299;ENSG00000129484;ENSG00000111247;ENSG00000185379;ENSG00000171792;ENSG00000132646;ENSG00000175643;ENSG00000175482;ENSG00000154920;ENSG00000115350;ENSG00000149554;ENSG00000163918;ENSG00000035499;ENSG00000138346;ENSG00000049541;ENSG00000133119;ENSG00000126215;ENSG00000188486;ENSG00000077514;ENSG00000012048;ENSG00000164808;ENSG00000132207;ENSG00000169139;ENSG00000143947;ENSG00000143799;ENSG00000196890;ENSG00000164053;ENSG00000117748;ENSG00000197903;ENSG00000172732;ENSG00000221983;ENSG00000062822;ENSG00000149923;ENSG00000105393
prerank,REACTOME_DISEASES_OF_MITOTIC_CELL_CYCLE,-0.5843788147464952,-1.9555729504559516,0.0,0.0020337589201582175,0.0478,26/38,28.59%,ENSG00000175063;ENSG00000123374;ENSG00000094880;ENSG00000175305;ENSG00000112576;ENSG00000101412;ENSG00000126756;ENSG00000141552;ENSG00000166295;ENSG00000114126;ENSG00000007968;ENSG00000004897;ENSG00000198176;ENSG00000089053;ENSG00000108106;ENSG00000085224;ENSG00000135446;ENSG00000164162;ENSG00000053900;ENSG00000153107;ENSG00000105325;ENSG00000072401;ENSG00000105173;ENSG00000111276;ENSG00000118971;ENSG00000170142
prerank,REACTOME_GAP_JUNCTION_DEGRADATION,0.7359554183861421,2.1493493041447436,0.0007027406886858749,0.002073057157936039,0.0631,5/12,2.17%,ENSG00000079805;ENSG00000141367;ENSG00000161203;ENSG00000184009;ENSG00000075624
prerank,REACTOME_P75NTR_REGULATES_AXONOGENESIS,0.7813660071500154,2.1433558447700736,0.0007002801120448179,0.0022125236278636297,0.0678,5/10,6.95%,ENSG00000115310;ENSG00000067560;ENSG00000141522;ENSG00000064300;ENSG00000040608
prerank,REACTOME_RESPONSE_TO_ELEVATED_PLATELET_CYTOSOLIC_CA2,0.41598532952465433,2.1290034508856164,0.0,0.0025530260565714766,0.0787,25/131,2.80%,ENSG00000138798;ENSG00000143369;ENSG00000158710;ENSG00000112715;ENSG00000137076;ENSG00000102265;ENSG00000035403;ENSG00000127824;ENSG00000072110;ENSG00000071127;ENSG00000131236;ENSG00000116260;ENSG00000197746;ENSG00000135404;ENSG00000164111;ENSG00000105329;ENSG00000196924;ENSG00000084234;ENSG00000130402;ENSG00000142192;ENSG00000172757;ENSG00000156535;ENSG00000196262;ENSG00000108518;ENSG00000138430
prerank,REACTOME_CITRIC_ACID_CYCLE_TCA_CYCLE,0.5470312619579516,2.1251539846303795,0.0004411116012351125,0.0026502151166795953,0.0822,10/34,2.53%,ENSG00000105953;ENSG00000143252;ENSG00000101365;ENSG00000166411;ENSG00000067829;ENSG00000062485;ENSG00000136143;ENSG00000073578;ENSG00000100412;ENSG00000126602
prerank,REACTOME_CELL_CELL_COMMUNICATION,0.37597804845350435,2.1189820737565777,0.0,0.0028145438942015514,0.0882,48/287,3.55%,ENSG00000100804;ENSG00000188677;ENSG00000140575;ENSG00000079805;ENSG00000166333;ENSG00000087191;ENSG00000177885;ENSG00000178209;ENSG00000100764;ENSG00000115233;ENSG00000116478;ENSG00000041357;ENSG00000103035;ENSG00000035403;ENSG00000072110;ENSG00000197694;ENSG00000130706;ENSG00000125753;ENSG00000150991;ENSG00000044115;ENSG00000100902;ENSG00000108344;ENSG00000177697;ENSG00000164733;ENSG00000108671;ENSG00000204435;ENSG00000163902;ENSG00000013275;ENSG00000185627;ENSG00000173692;ENSG00000175166;ENSG00000196924;ENSG00000127022;ENSG00000118705;ENSG00000184009;ENSG00000075624;ENSG00000089597;ENSG00000130402;ENSG00000244038;ENSG00000129351;ENSG00000127616;ENSG00000126067;ENSG00000101182;ENSG00000159261;ENSG00000165916;ENSG00000162706;ENSG00000142507;ENSG00000099341
prerank,REACTOME_RESOLUTION_OF_SISTER_CHROMATID_COHESION,-0.4763440127098444,-1.933579444980538,0.0,0.0028862398784608684,0.0716,61/125,17.35%,ENSG00000143228;ENSG00000166851;ENSG00000152253;ENSG00000000460;ENSG00000163535;ENSG00000102384;ENSG00000157456;ENSG00000089685;ENSG00000146670;ENSG00000115163;ENSG00000178999;ENSG00000170312;ENSG00000156970;ENSG00000154839;ENSG00000137812;ENSG00000134057;ENSG00000101162;ENSG00000080986;ENSG00000142945;ENSG00000129810;ENSG00000175216;ENSG00000117399;ENSG00000186871;ENSG00000138778;ENSG00000120334;ENSG00000164754;ENSG00000169679;ENSG00000164109;ENSG00000161888;ENSG00000154473;ENSG00000117724;ENSG00000153044;ENSG00000149636;ENSG00000121621;ENSG00000104695;ENSG00000177954;ENSG00000137267;ENSG00000167842;ENSG00000184445;ENSG00000040275;ENSG00000072501;ENSG00000157020;ENSG00000138092;ENSG00000151725;ENSG00000134690;ENSG00000166451;ENSG00000178462;ENSG00000174442;ENSG00000072864;ENSG00000075188;ENSG00000182628;ENSG00000160783;ENSG00000183785;ENSG00000142856;ENSG00000090273;ENSG00000160551;ENSG00000186298;ENSG00000075886;ENSG00000176014;ENSG00000112640;ENSG00000121892
prerank,REACTOME_G0_AND_EARLY_G1,-0.6195334860746216,-1.9296264967238155,0.0001310272536687631,0.002920472523424081,0.0763,14/27,9.56%,ENSG00000094804;ENSG00000131747;ENSG00000145386;ENSG00000170312;ENSG00000183814;ENSG00000123374;ENSG00000175305;ENSG00000189308;ENSG00000132646;ENSG00000101412;ENSG00000101057;ENSG00000080839;ENSG00000114126;ENSG00000198176
prerank,REACTOME_DENGUE_VIRUS_GENOME_TRANSLATION_AND_REPLICATION,0.44896731355512803,2.11069817406195,0.0,0.0029669945038185105,0.0931,19/81,2.90%,ENSG00000026025;ENSG00000082898;ENSG00000179218;ENSG00000108424;ENSG00000150991;ENSG00000114867;ENSG00000072682;ENSG00000163902;ENSG00000109971;ENSG00000185624;ENSG00000165280;ENSG00000115677;ENSG00000110321;ENSG00000122884;ENSG00000127022;ENSG00000118705;ENSG00000244038;ENSG00000167004;ENSG00000070010
prerank,REACTOME_TRANSCRIPTIONAL_REGULATION_BY_RUNX2,0.4267254714235384,2.108133234030586,0.0,0.0030293103681509103,0.0956,21/101,3.55%,ENSG00000100804;ENSG00000087191;ENSG00000171720;ENSG00000100764;ENSG00000115233;ENSG00000041357;ENSG00000103035;ENSG00000130706;ENSG00000150991;ENSG00000100902;ENSG00000108344;ENSG00000108671;ENSG00000013275;ENSG00000185627;ENSG00000173692;ENSG00000175166;ENSG00000126067;ENSG00000101182;ENSG00000165916;ENSG00000142507;ENSG00000099341
prerank,REACTOME_DEUBIQUITINATION,0.38350078994094006,2.1058544351553707,0.0,0.003068811320754178,0.0977,41/231,3.67%,ENSG00000100804;ENSG00000100644;ENSG00000158019;ENSG00000185359;ENSG00000087191;ENSG00000165637;ENSG00000172534;ENSG00000167770;ENSG00000166949;ENSG00000100764;ENSG00000115233;ENSG00000213585;ENSG00000041357;ENSG00000124422;ENSG00000103035;ENSG00000130706;ENSG00000150991;ENSG00000078668;ENSG00000100902;ENSG00000145901;ENSG00000067560;ENSG00000108344;ENSG00000108671;ENSG00000013275;ENSG00000165280;ENSG00000185627;ENSG00000173692;ENSG00000105329;ENSG00000175166;ENSG00000075624;ENSG00000171148;ENSG00000179262;ENSG00000111667;ENSG00000126067;ENSG00000101182;ENSG00000070010;ENSG00000129559;ENSG00000165916;ENSG00000142507;ENSG00000099341;ENSG00000105701
prerank,REACTOME_REGULATION_OF_HOMOTYPIC_CELL_CELL_ADHESION,0.40079787136249634,2.1027613059973693,0.0,0.0031499217184716827,0.1012,35/173,3.55%,ENSG00000100804;ENSG00000079805;ENSG00000087191;ENSG00000100764;ENSG00000115233;ENSG00000116478;ENSG00000041357;ENSG00000103035;ENSG00000035403;ENSG00000130706;ENSG00000150991;ENSG00000044115;ENSG00000100902;ENSG00000108344;ENSG00000164733;ENSG00000108671;ENSG00000204435;ENSG00000163902;ENSG00000013275;ENSG00000185627;ENSG00000173692;ENSG00000175166;ENSG00000127022;ENSG00000118705;ENSG00000184009;ENSG00000075624;ENSG00000089597;ENSG00000244038;ENSG00000129351;ENSG00000127616;ENSG00000126067;ENSG00000101182;ENSG00000165916;ENSG00000142507;ENSG00000099341
prerank,REACTOME_ACTIVATION_OF_BAD_AND_TRANSLOCATION_TO_MITOCHONDRIA,0.6696215178502289,2.100922886142504,0.0010604453870625664,0.003192550030458743,0.1032,5/15,2.12%,ENSG00000134308;ENSG00000128245;ENSG00000170027;ENSG00000108953;ENSG00000166913
prerank,REACTOME_TERMINATION_OF_TRANSLESION_DNA_SYNTHESIS,-0.5958499316499386,-1.9204970343033356,0.00012873326467559217,0.0032500687082105133,0.0886,18/32,14.26%,ENSG00000111445;ENSG00000100479;ENSG00000106399;ENSG00000051341;ENSG00000166803;ENSG00000132646;ENSG00000175482;ENSG00000115350;ENSG00000163918;ENSG00000049541;ENSG00000133119;ENSG00000077514;ENSG00000182179;ENSG00000156587;ENSG00000143947;ENSG00000117748;ENSG00000221983;ENSG00000062822
prerank,REACTOME_CELL_JUNCTION_ORGANIZATION,0.3779950221500418,2.0867154941936903,0.0,0.003644735830306094,0.117,44/251,3.55%,ENSG00000100804;ENSG00000188677;ENSG00000079805;ENSG00000166333;ENSG00000087191;ENSG00000178209;ENSG00000100764;ENSG00000115233;ENSG00000116478;ENSG00000041357;ENSG00000103035;ENSG00000035403;ENSG00000072110;ENSG00000130706;ENSG00000125753;ENSG00000150991;ENSG00000044115;ENSG00000100902;ENSG00000108344;ENSG00000177697;ENSG00000164733;ENSG00000108671;ENSG00000204435;ENSG00000163902;ENSG00000013275;ENSG00000185627;ENSG00000173692;ENSG00000175166;ENSG00000196924;ENSG00000127022;ENSG00000118705;ENSG00000184009;ENSG00000075624;ENSG00000089597;ENSG00000244038;ENSG00000129351;ENSG00000127616;ENSG00000126067;ENSG00000101182;ENSG00000159261;ENSG00000165916;ENSG00000162706;ENSG00000142507;ENSG00000099341
prerank,REACTOME_RECYCLING_PATHWAY_OF_L1,0.49490144870984965,2.0820747045962094,0.0,0.0037584444009207455,0.1215,12/48,3.06%,ENSG00000079805;ENSG00000258947;ENSG00000127824;ENSG00000198910;ENSG00000092964;ENSG00000167553;ENSG00000141367;ENSG00000161203;ENSG00000184009;ENSG00000075624;ENSG00000147065;ENSG00000042753
prerank,REACTOME_ADHERENS_JUNCTIONS_INTERACTIONS,0.38869346524505416,2.0789198707926024,0.0,0.003784991385298672,0.1247,36/194,3.55%,ENSG00000100804;ENSG00000079805;ENSG00000087191;ENSG00000100764;ENSG00000115233;ENSG00000116478;ENSG00000041357;ENSG00000103035;ENSG00000035403;ENSG00000130706;ENSG00000150991;ENSG00000044115;ENSG00000100902;ENSG00000108344;ENSG00000164733;ENSG00000108671;ENSG00000204435;ENSG00000163902;ENSG00000013275;ENSG00000185627;ENSG00000173692;ENSG00000175166;ENSG00000127022;ENSG00000118705;ENSG00000184009;ENSG00000075624;ENSG00000089597;ENSG00000244038;ENSG00000129351;ENSG00000127616;ENSG00000126067;ENSG00000101182;ENSG00000165916;ENSG00000162706;ENSG00000142507;ENSG00000099341
prerank,REACTOME_CYCLIN_A_CDK2_ASSOCIATED_EVENTS_AT_S_PHASE_ENTRY,0.4517232163496376,2.079630069930915,0.0,0.003790936629019021,0.1236,20/74,3.55%,ENSG00000100804;ENSG00000087191;ENSG00000100764;ENSG00000115233;ENSG00000041357;ENSG00000103035;ENSG00000130706;ENSG00000150991;ENSG00000100902;ENSG00000108344;ENSG00000108671;ENSG00000013275;ENSG00000185627;ENSG00000173692;ENSG00000175166;ENSG00000126067;ENSG00000101182;ENSG00000165916;ENSG00000142507;ENSG00000099341
prerank,REACTOME_SIGNALING_BY_BRAF_AND_RAF1_FUSIONS,0.4625986953907947,2.065307285083996,0.0,0.004312636944720235,0.1397,13/64,2.39%,ENSG00000140575;ENSG00000160789;ENSG00000137076;ENSG00000035403;ENSG00000103653;ENSG00000169032;ENSG00000197548;ENSG00000197157;ENSG00000166913;ENSG00000184009;ENSG00000075624;ENSG00000138801;ENSG00000174775
prerank,REACTOME_DEFECTIVE_INTRINSIC_PATHWAY_FOR_APOPTOSIS,0.5737246144126941,2.0591822061244627,0.0004079967360261118,0.004350599545736517,0.1479,9/24,4.10%,ENSG00000160789;ENSG00000162909;ENSG00000014216;ENSG00000108953;ENSG00000142192;ENSG00000126247;ENSG00000167815;ENSG00000108561;ENSG00000117450
prerank,REACTOME_RHO_GTPASES_ACTIVATE_PAKS,0.6003703167145691,2.059279002862215,0.000792393026941363,0.004382940213722372,0.1475,6/21,2.09%,ENSG00000085733;ENSG00000213639;ENSG00000106683;ENSG00000100345;ENSG00000092841;ENSG00000196924
prerank,REACTOME_EXTENSION_OF_TELOMERES,-0.5366146035163102,-1.900803409137242,0.0002466091245376079,0.0043903367165320254,0.1221,22/51,14.26%,ENSG00000111445;ENSG00000106399;ENSG00000145386;ENSG00000198056;ENSG00000123374;ENSG00000197299;ENSG00000132646;ENSG00000175482;ENSG00000175792;ENSG00000163918;ENSG00000138346;ENSG00000014138;ENSG00000145912;ENSG00000049541;ENSG00000127586;ENSG00000133119;ENSG00000077514;ENSG00000140451;ENSG00000136982;ENSG00000117748;ENSG00000101868;ENSG00000062822
prerank,REACTOME_MRNA_POLYADENYLATION,0.4099955711885426,2.05964147936263,0.0,0.004401532592612695,0.1468,24/125,3.12%,ENSG00000145833;ENSG00000153187;ENSG00000189091;ENSG00000165119;ENSG00000213639;ENSG00000109606;ENSG00000111786;ENSG00000111605;ENSG00000135829;ENSG00000136450;ENSG00000125755;ENSG00000150991;ENSG00000122566;ENSG00000087365;ENSG00000087087;ENSG00000099783;ENSG00000089280;ENSG00000092199;ENSG00000104824;ENSG00000077312;ENSG00000099817;ENSG00000177700;ENSG00000172531;ENSG00000181222
prerank,REACTOME_SELECTIVE_AUTOPHAGY,0.4329090078682682,2.0621891154323717,0.0,0.004429925712494274,0.1436,17/87,2.52%,ENSG00000026025;ENSG00000165637;ENSG00000116688;ENSG00000213585;ENSG00000105355;ENSG00000197102;ENSG00000258947;ENSG00000127824;ENSG00000198925;ENSG00000150991;ENSG00000078668;ENSG00000167553;ENSG00000080824;ENSG00000204435;ENSG00000109971;ENSG00000165280;ENSG00000116288
prerank,REACTOME_ACTIVATION_OF_APC_C_AND_APC_C_CDC20_MEDIATED_DEGRADATION_OF_MITOTIC_PROTEINS,0.459254864403963,2.0600254934161946,0.0,0.00443016766594408,0.1465,20/63,3.55%,ENSG00000100804;ENSG00000087191;ENSG00000100764;ENSG00000115233;ENSG00000041357;ENSG00000103035;ENSG00000130706;ENSG00000150991;ENSG00000100902;ENSG00000108344;ENSG00000108671;ENSG00000013275;ENSG00000185627;ENSG00000173692;ENSG00000175166;ENSG00000126067;ENSG00000101182;ENSG00000165916;ENSG00000142507;ENSG00000099341
prerank,REACTOME_INTERLEUKIN_1_FAMILY_SIGNALING,0.4022610054105822,2.060720901488589,0.0,0.004439821848149203,0.1451,24/135,3.55%,ENSG00000100804;ENSG00000087191;ENSG00000166949;ENSG00000100764;ENSG00000115233;ENSG00000041357;ENSG00000103035;ENSG00000130706;ENSG00000150991;ENSG00000100902;ENSG00000169032;ENSG00000108344;ENSG00000108671;ENSG00000013275;ENSG00000185627;ENSG00000173692;ENSG00000175166;ENSG00000142192;ENSG00000126067;ENSG00000101182;ENSG00000165916;ENSG00000184216;ENSG00000142507;ENSG00000099341
prerank,REACTOME_GLUCONEOGENESIS,0.5775452939696979,2.0519230602348966,0.0,0.004480755914761272,0.1567,9/24,3.99%,ENSG00000109107;ENSG00000108515;ENSG00000111674;ENSG00000074800;ENSG00000141349;ENSG00000111640;ENSG00000111669;ENSG00000105220;ENSG00000102144
prerank,REACTOME_GLUCOSE_METABOLISM,0.4384117742624963,2.054546171974289,0.0,0.004509784046408476,0.1538,19/81,3.99%,ENSG00000152556;ENSG00000094914;ENSG00000170525;ENSG00000114268;ENSG00000213024;ENSG00000109107;ENSG00000108515;ENSG00000067057;ENSG00000111674;ENSG00000105568;ENSG00000074800;ENSG00000141349;ENSG00000072062;ENSG00000111640;ENSG00000141959;ENSG00000102900;ENSG00000111669;ENSG00000105220;ENSG00000102144
prerank,REACTOME_RHOBTB_GTPASE_CYCLE,0.528216549888698,2.0532987614760256,0.00045641259698767686,0.004511459502584437,0.155,11/35,3.94%,ENSG00000026025;ENSG00000072110;ENSG00000138594;ENSG00000080824;ENSG00000096384;ENSG00000092199;ENSG00000184009;ENSG00000146731;ENSG00000105401;ENSG00000135624;ENSG00000169727
prerank,REACTOME_C_TYPE_LECTIN_RECEPTORS_CLRS,0.40788232989843487,2.0520462163263993,0.0,0.004517674163623842,0.1565,22/123,3.55%,ENSG00000100804;ENSG00000087191;ENSG00000100764;ENSG00000115233;ENSG00000041357;ENSG00000103035;ENSG00000130706;ENSG00000150991;ENSG00000100902;ENSG00000108344;ENSG00000108671;ENSG00000013275;ENSG00000185627;ENSG00000173692;ENSG00000175166;ENSG00000174775;ENSG00000126067;ENSG00000072062;ENSG00000101182;ENSG00000165916;ENSG00000142507;ENSG00000099341
prerank,REACTOME_DENGUE_VIRUS_INFECTION,0.3559355017628505,2.0447464894138845,0.0,0.004785531296404298,0.1669,57/350,3.12%,ENSG00000145833;ENSG00000026025;ENSG00000153187;ENSG00000082898;ENSG00000144028;ENSG00000140464;ENSG00000189091;ENSG00000174231;ENSG00000165119;ENSG00000166477;ENSG00000179218;ENSG00000108883;ENSG00000108424;ENSG00000109519;ENSG00000109606;ENSG00000111786;ENSG00000111605;ENSG00000135829;ENSG00000132792;ENSG00000136450;ENSG00000125755;ENSG00000150991;ENSG00000124145;ENSG00000063660;ENSG00000197548;ENSG00000115053;ENSG00000080824;ENSG00000122566;ENSG00000087365;ENSG00000114867;ENSG00000072682;ENSG00000087087;ENSG00000099783;ENSG00000096384;ENSG00000089280;ENSG00000130985;ENSG00000163902;ENSG00000109971;ENSG00000185624;ENSG00000165280;ENSG00000115677;ENSG00000006712;ENSG00000110321;ENSG00000092199;ENSG00000161203;ENSG00000122884;ENSG00000127022;ENSG00000118705;ENSG00000105438;ENSG00000244038;ENSG00000167004;ENSG00000104824;ENSG00000099817;ENSG00000177700;ENSG00000070010;ENSG00000042753;ENSG00000181222
prerank,REACTOME_RESOLUTION_OF_ABASIC_SITES_AP_SITES,-0.5664783167181664,-1.8923353826701388,0.0,0.004878151907257806,0.1405,22/38,14.37%,ENSG00000111445;ENSG00000100479;ENSG00000106399;ENSG00000129484;ENSG00000132646;ENSG00000175482;ENSG00000115350;ENSG00000123415;ENSG00000163918;ENSG00000065057;ENSG00000039650;ENSG00000049541;ENSG00000133119;ENSG00000077514;ENSG00000132781;ENSG00000114026;ENSG00000143799;ENSG00000227345;ENSG00000117748;ENSG00000076248;ENSG00000062822;ENSG00000103152
prerank,REACTOME_FCERI_MEDIATED_NF_KB_ACTIVATION,0.402968859898306,2.038383357572451,0.0,0.005047018177300309,0.1758,21/117,3.55%,ENSG00000100804;ENSG00000087191;ENSG00000100764;ENSG00000115233;ENSG00000041357;ENSG00000103035;ENSG00000241244;ENSG00000130706;ENSG00000150991;ENSG00000100902;ENSG00000108344;ENSG00000108671;ENSG00000013275;ENSG00000185627;ENSG00000173692;ENSG00000175166;ENSG00000126067;ENSG00000101182;ENSG00000165916;ENSG00000142507;ENSG00000099341
prerank,REACTOME_RESPIRATORY_SYNCYTIAL_VIRUS_RSV_GENOME_REPLICATION_TRANSCRIPTION_AND_TRANSLATION,0.6412259609280738,2.0341199265343883,0.001484230055658627,0.005124192035123856,0.1817,8/16,2.99%,ENSG00000082898;ENSG00000213639;ENSG00000108424;ENSG00000080824;ENSG00000204435;ENSG00000096384;ENSG00000109971;ENSG00000172531
prerank,REACTOME_INTERACTION_BETWEEN_L1_AND_ANKYRINS,0.5386279976331899,2.034275503773966,0.0004428697962798937,0.0051586188443372575,0.1815,12/30,11.64%,ENSG00000197694;ENSG00000198910;ENSG00000184009;ENSG00000075624;ENSG00000149575;ENSG00000075043;ENSG00000105711;ENSG00000153253;ENSG00000007314;ENSG00000168356;ENSG00000184156;ENSG00000144285
prerank,REACTOME_INSULIN_RECEPTOR_RECYCLING,0.5419116879207004,2.035034569733102,0.0008849557522123894,0.005171625371679298,0.1807,12/30,7.10%,ENSG00000147416;ENSG00000159720;ENSG00000114573;ENSG00000131100;ENSG00000117984;ENSG00000185883;ENSG00000071553;ENSG00000147614;ENSG00000254647;ENSG00000116039;ENSG00000105929;ENSG00000143882
prerank,REACTOME_SIGNALING_BY_THE_B_CELL_RECEPTOR_BCR,0.39153033692015765,2.016794395337477,0.0,0.005974524976908833,0.2088,25/146,3.55%,ENSG00000100804;ENSG00000087191;ENSG00000177885;ENSG00000100764;ENSG00000115233;ENSG00000041357;ENSG00000103035;ENSG00000241244;ENSG00000130706;ENSG00000150991;ENSG00000100902;ENSG00000088832;ENSG00000108344;ENSG00000108671;ENSG00000013275;ENSG00000185627;ENSG00000173692;ENSG00000175166;ENSG00000174775;ENSG00000196262;ENSG00000126067;ENSG00000101182;ENSG00000165916;ENSG00000142507;ENSG00000099341
prerank,REACTOME_GAP_JUNCTION_TRAFFICKING_AND_REGULATION,0.4898149995010947,2.0157826642018177,0.0004985044865403788,0.00600173875465678,0.2114,14/44,6.68%,ENSG00000079805;ENSG00000258947;ENSG00000127824;ENSG00000167553;ENSG00000141367;ENSG00000161203;ENSG00000184009;ENSG00000075624;ENSG00000187513;ENSG00000121634;ENSG00000189433;ENSG00000123416;ENSG00000159248;ENSG00000188229
prerank,REACTOME_RESOLUTION_OF_D_LOOP_STRUCTURES,-0.5683101142250483,-1.8764455675607308,0.00038363171355498723,0.0061215504097055845,0.1785,18/36,17.94%,ENSG00000000460;ENSG00000139618;ENSG00000174371;ENSG00000051180;ENSG00000196584;ENSG00000197299;ENSG00000111247;ENSG00000185379;ENSG00000175643;ENSG00000154920;ENSG00000138346;ENSG00000126215;ENSG00000012048;ENSG00000164808;ENSG00000132207;ENSG00000172732;ENSG00000178295;ENSG00000113522
prerank,REACTOME_MITOCHONDRIAL_TRANSLATION,-0.4668281380932946,-1.8699933683875576,0.0,0.006593127187153128,0.1983,59/110,26.60%,ENSG00000204822;ENSG00000166902;ENSG00000004779;ENSG00000048544;ENSG00000114686;ENSG00000132591;ENSG00000143436;ENSG00000175110;ENSG00000172586;ENSG00000181991;ENSG00000172590;ENSG00000143314;ENSG00000130312;ENSG00000167862;ENSG00000243147;ENSG00000082515;ENSG00000061794;ENSG00000179271;ENSG00000136522;ENSG00000134056;ENSG00000182154;ENSG00000116898;ENSG00000182180;ENSG00000090263;ENSG00000128626;ENSG00000173141;ENSG00000174547;ENSG00000135900;ENSG00000116221;ENSG00000130921;ENSG00000169288;ENSG00000242485;ENSG00000120662;ENSG00000175756;ENSG00000185608;ENSG00000125901;ENSG00000115364;ENSG00000096080;ENSG00000156928;ENSG00000102738;ENSG00000085760;ENSG00000180992;ENSG00000198015;ENSG00000062582;ENSG00000111639;ENSG00000122140;ENSG00000137547;ENSG00000172172;ENSG00000164347;ENSG00000105364;ENSG00000183617;ENSG00000175581;ENSG00000259494;ENSG00000113048;ENSG00000148187;ENSG00000262814;ENSG00000149792;ENSG00000112651;ENSG00000055950
prerank,REACTOME_DISORDERS_OF_TRANSMEMBRANE_TRANSPORTERS,0.3842738612651598,1.9983247125694479,0.0,0.0070409694680408,0.2455,31/159,4.26%,ENSG00000100804;ENSG00000094914;ENSG00000087191;ENSG00000115657;ENSG00000100764;ENSG00000115233;ENSG00000213024;ENSG00000117394;ENSG00000041357;ENSG00000103035;ENSG00000130706;ENSG00000150991;ENSG00000100902;ENSG00000108344;ENSG00000108671;ENSG00000013275;ENSG00000165280;ENSG00000185627;ENSG00000173692;ENSG00000175166;ENSG00000135506;ENSG00000157765;ENSG00000126067;ENSG00000172270;ENSG00000101182;ENSG00000102900;ENSG00000165916;ENSG00000179520;ENSG00000142507;ENSG00000099341;ENSG00000091138
prerank,REACTOME_SRP_DEPENDENT_COTRANSLATIONAL_PROTEIN_TARGETING_TO_MEMBRANE,-0.4658802904427138,-1.8612875349742477,0.0,0.007300154329211306,0.2238,82/108,35.46%,ENSG00000174444;ENSG00000149806;ENSG00000131469;ENSG00000105372;ENSG00000114902;ENSG00000180879;ENSG00000115268;ENSG00000142676;ENSG00000198755;ENSG00000130255;ENSG00000136942;ENSG00000166562;ENSG00000163479;ENSG00000162244;ENSG00000142541;ENSG00000156482;ENSG00000105640;ENSG00000100316;ENSG00000182934;ENSG00000177954;ENSG00000177600;ENSG00000143742;ENSG00000109475;ENSG00000114850;ENSG00000144867;ENSG00000116251;ENSG00000172809;ENSG00000265681;ENSG00000071082;ENSG00000143947;ENSG00000140988;ENSG00000167526;ENSG00000221983;ENSG00000037241;ENSG00000063177;ENSG00000118363;ENSG00000122406;ENSG00000100883;ENSG00000149273;ENSG00000118181;ENSG00000140986;ENSG00000161970;ENSG00000147604;ENSG00000110700;ENSG00000108298;ENSG00000198034;ENSG00000153037;ENSG00000142937;ENSG00000122026;ENSG00000174780;ENSG00000137818;ENSG00000213741;ENSG00000145592;ENSG00000140612;ENSG00000089157;ENSG00000112306;ENSG00000129128;ENSG00000197728;ENSG00000174748;ENSG00000182899;ENSG00000168028;ENSG00000067167;ENSG00000144713;ENSG00000197958;ENSG00000145425;ENSG00000198918;ENSG00000161016;ENSG00000083845;ENSG00000166441;ENSG00000125691;ENSG00000105193;ENSG00000171863;ENSG00000124614;ENSG00000142534;ENSG00000108107;ENSG00000185088;ENSG00000089009;ENSG00000137876;ENSG00000134419;ENSG00000106803;ENSG00000137154;ENSG00000008988
prerank,REACTOME_TELOMERE_C_STRAND_LAGGING_STRAND_SYNTHESIS,-0.5695925029254159,-1.856976895991685,0.0005123607019341616,0.007493122761388792,0.2361,17/34,14.26%,ENSG00000111445;ENSG00000106399;ENSG00000198056;ENSG00000197299;ENSG00000132646;ENSG00000175482;ENSG00000163918;ENSG00000138346;ENSG00000014138;ENSG00000049541;ENSG00000127586;ENSG00000133119;ENSG00000077514;ENSG00000136982;ENSG00000117748;ENSG00000101868;ENSG00000062822
prerank,REACTOME_RESPONSE_OF_MTB_TO_PHAGOCYTOSIS,0.5597778800898646,1.9882597064709857,0.0004110152075626798,0.007621287614526762,0.2639,7/23,3.99%,ENSG00000184056;ENSG00000185359;ENSG00000108424;ENSG00000150991;ENSG00000075785;ENSG00000074800;ENSG00000102144
prerank,REACTOME_REGULATION_OF_PD_L1_CD274_EXPRESSION,0.3834285055123664,1.9840667521168716,0.0,0.007730112779001956,0.2722,28/150,3.55%,ENSG00000100804;ENSG00000100644;ENSG00000087191;ENSG00000100764;ENSG00000115233;ENSG00000041357;ENSG00000103035;ENSG00000130706;ENSG00000150991;ENSG00000100902;ENSG00000108344;ENSG00000170027;ENSG00000108671;ENSG00000204435;ENSG00000163902;ENSG00000013275;ENSG00000165280;ENSG00000185627;ENSG00000173692;ENSG00000175166;ENSG00000118705;ENSG00000244038;ENSG00000135506;ENSG00000126067;ENSG00000101182;ENSG00000165916;ENSG00000142507;ENSG00000099341
prerank,REACTOME_NEUTROPHIL_DEGRANULATION,0.33811129156074243,1.9851960673529252,0.0,0.007732832255793162,0.2702,69/463,3.32%,ENSG00000182718;ENSG00000156261;ENSG00000026508;ENSG00000140575;ENSG00000138071;ENSG00000013563;ENSG00000170515;ENSG00000177119;ENSG00000137845;ENSG00000214078;ENSG00000115233;ENSG00000109107;ENSG00000059804;ENSG00000108424;ENSG00000111144;ENSG00000197102;ENSG00000103035;ENSG00000131504;ENSG00000136279;ENSG00000035403;ENSG00000197694;ENSG00000131236;ENSG00000084733;ENSG00000101152;ENSG00000163191;ENSG00000013364;ENSG00000100243;ENSG00000014216;ENSG00000100994;ENSG00000197548;ENSG00000067560;ENSG00000075785;ENSG00000108344;ENSG00000164733;ENSG00000080824;ENSG00000117984;ENSG00000116260;ENSG00000108671;ENSG00000204435;ENSG00000096384;ENSG00000197746;ENSG00000160213;ENSG00000109971;ENSG00000135404;ENSG00000165280;ENSG00000079739;ENSG00000185883;ENSG00000110917;ENSG00000185627;ENSG00000196743;ENSG00000173692;ENSG00000064601;ENSG00000030582;ENSG00000175166;ENSG00000115073;ENSG00000244038;ENSG00000131473;ENSG00000196262;ENSG00000196419;ENSG00000103187;ENSG00000106244;ENSG00000079246;ENSG00000141959;ENSG00000186431;ENSG00000084207;ENSG00000164062;ENSG00000165916;ENSG00000105220;ENSG00000170043
prerank,REACTOME_CHAPERONE_MEDIATED_AUTOPHAGY,0.5715023391194711,1.9856252724460484,0.0012140833670578712,0.00776048407862811,0.2689,7/22,2.52%,ENSG00000026025;ENSG00000105355;ENSG00000150991;ENSG00000080824;ENSG00000096384;ENSG00000109971;ENSG00000116288
prerank,REACTOME_MITOTIC_G2_G2_M_PHASES,0.37329050503279965,1.9800671692760008,0.0,0.008010642413570173,0.2813,39/189,3.55%,ENSG00000100804;ENSG00000082898;ENSG00000139289;ENSG00000138107;ENSG00000101367;ENSG00000087191;ENSG00000175203;ENSG00000100764;ENSG00000115233;ENSG00000214517;ENSG00000213639;ENSG00000041357;ENSG00000197102;ENSG00000258947;ENSG00000103035;ENSG00000204843;ENSG00000127824;ENSG00000130706;ENSG00000130640;ENSG00000150991;ENSG00000100902;ENSG00000108344;ENSG00000167553;ENSG00000080824;ENSG00000170027;ENSG00000108671;ENSG00000096384;ENSG00000013275;ENSG00000108953;ENSG00000185627;ENSG00000173692;ENSG00000175166;ENSG00000105568;ENSG00000126067;ENSG00000072062;ENSG00000101182;ENSG00000165916;ENSG00000142507;ENSG00000099341
prerank,REACTOME_TRAFFICKING_OF_GLUR2_CONTAINING_AMPA_RECEPTORS,0.6106378997972643,1.9766203134745481,0.002271006813020439,0.008202339974489476,0.2889,7/17,9.57%,ENSG00000073969;ENSG00000161203;ENSG00000042753;ENSG00000144596;ENSG00000126583;ENSG00000155511;ENSG00000152578
prerank,REACTOME_COPI_MEDIATED_ANTEROGRADE_TRANSPORT,0.4067294614926494,1.973176910035874,0.0,0.00839890668825853,0.2968,20/100,2.63%,ENSG00000077549;ENSG00000138107;ENSG00000175203;ENSG00000197102;ENSG00000258947;ENSG00000103051;ENSG00000204843;ENSG00000127824;ENSG00000198898;ENSG00000197694;ENSG00000073969;ENSG00000167553;ENSG00000174903;ENSG00000134287;ENSG00000122218;ENSG00000105438;ENSG00000143761;ENSG00000166557;ENSG00000184840;ENSG00000105669
prerank,REACTOME_APOPTOTIC_CLEAVAGE_OF_CELLULAR_PROTEINS,0.4895422082674558,1.9703948932978739,0.00046253469010175765,0.008533098130094818,0.3023,7/38,1.97%,ENSG00000026025;ENSG00000087274;ENSG00000160789;ENSG00000178209;ENSG00000136279;ENSG00000197694;ENSG00000185825
prerank,REACTOME_SUPPRESSION_OF_PHAGOSOMAL_MATURATION,0.657599792755207,1.9675723674984775,0.0010932944606413995,0.00869258094002281,0.3093,5/13,1.71%,ENSG00000184056;ENSG00000185359;ENSG00000108424;ENSG00000150991;ENSG00000075785
prerank,REACTOME_CONSTITUTIVE_SIGNALING_BY_LIGAND_RESPONSIVE_EGFR_CANCER_VARIANTS,0.5853931156393213,1.9599624567246627,0.002259036144578313,0.009249861334622746,0.3267,6/19,2.64%,ENSG00000138798;ENSG00000177885;ENSG00000150991;ENSG00000080824;ENSG00000174775;ENSG00000105401
prerank,REACTOME_BASE_EXCISION_REPAIR,-0.5059124127475956,-1.839840161859267,0.00024260067928190198,0.009401734439775114,0.2976,29/60,14.37%,ENSG00000111445;ENSG00000100479;ENSG00000109674;ENSG00000106399;ENSG00000146047;ENSG00000129484;ENSG00000132646;ENSG00000175482;ENSG00000115350;ENSG00000123415;ENSG00000105968;ENSG00000163918;ENSG00000065057;ENSG00000039650;ENSG00000049541;ENSG00000133119;ENSG00000188486;ENSG00000077514;ENSG00000132781;ENSG00000246705;ENSG00000114026;ENSG00000143799;ENSG00000227345;ENSG00000196890;ENSG00000117748;ENSG00000197903;ENSG00000076248;ENSG00000062822;ENSG00000103152
prerank,REACTOME_SWITCHING_OF_ORIGINS_TO_A_POST_REPLICATIVE_STATE,0.42100001013987975,1.9485143989909353,0.0,0.009907495086864438,0.3534,22/77,4.92%,ENSG00000100804;ENSG00000087191;ENSG00000100764;ENSG00000115233;ENSG00000041357;ENSG00000103035;ENSG00000130706;ENSG00000150991;ENSG00000100902;ENSG00000108344;ENSG00000108671;ENSG00000013275;ENSG00000185627;ENSG00000173692;ENSG00000175166;ENSG00000126067;ENSG00000101182;ENSG00000165916;ENSG00000142507;ENSG00000099341;ENSG00000104738;ENSG00000112118
prerank,REACTOME_CONSTITUTIVE_SIGNALING_BY_EGFRVIII,0.6264190448773668,1.950917942938157,0.0021337126600284497,0.009929542748670573,0.3482,5/15,2.64%,ENSG00000138798;ENSG00000177885;ENSG00000080824;ENSG00000174775;ENSG00000105401
prerank,REACTOME_FORMATION_OF_TUBULIN_FOLDING_INTERMEDIATES_BY_CCT_TRIC,0.5364941065721167,1.9489205398013578,0.0004149377593360996,0.00994573850771695,0.3522,10/26,6.68%,ENSG00000156261;ENSG00000258947;ENSG00000127824;ENSG00000167553;ENSG00000150753;ENSG00000146731;ENSG00000135624;ENSG00000163468;ENSG00000123416;ENSG00000188229
prerank,REACTOME_ONCOGENIC_MAPK_SIGNALING,0.4200523261834536,1.949669167044873,0.0,0.009959704285912717,0.3505,15/81,3.19%,ENSG00000140575;ENSG00000160789;ENSG00000213639;ENSG00000137076;ENSG00000035403;ENSG00000103653;ENSG00000169032;ENSG00000197548;ENSG00000197157;ENSG00000166913;ENSG00000184009;ENSG00000075624;ENSG00000138801;ENSG00000174775;ENSG00000167085
prerank,REACTOME_INHIBITION_OF_THE_PROTEOLYTIC_ACTIVITY_OF_APC_C_REQUIRED_FOR_THE_ONSET_OF_ANAPHASE_BY_MITOTIC_SPINDLE_CHECKPOINT_COMPONENTS,-0.623007577827767,-1.828392324177898,0.0011984021304926764,0.01081904405145392,0.3431,14/21,21.57%,ENSG00000175063;ENSG00000156970;ENSG00000094880;ENSG00000117399;ENSG00000164109;ENSG00000154473;ENSG00000141552;ENSG00000166295;ENSG00000004897;ENSG00000089053;ENSG00000108106;ENSG00000164162;ENSG00000053900;ENSG00000153107
prerank,REACTOME_CELL_EXTRACELLULAR_MATRIX_INTERACTIONS,0.5854613151643677,1.9349882486408116,0.0030698388334612432,0.01104022593579754,0.3839,7/18,2.17%,ENSG00000188677;ENSG00000166333;ENSG00000072110;ENSG00000125753;ENSG00000196924;ENSG00000184009;ENSG00000075624
prerank,REACTOME_N_GLYCAN_TRIMMING_IN_THE_ER_AND_CALNEXIN_CALRETICULIN_CYCLE,0.49182989738661415,1.931318683661778,0.00045187528242205153,0.01121248398855242,0.3932,9/35,2.28%,ENSG00000179218;ENSG00000100764;ENSG00000150991;ENSG00000165280;ENSG00000110917;ENSG00000127022;ENSG00000089597;ENSG00000167004;ENSG00000135506
prerank,REACTOME_APOPTOTIC_EXECUTION_PHASE,0.4529102678466243,1.932102292847466,0.0005224660397074191,0.011218853899822138,0.3913,9/50,1.97%,ENSG00000026025;ENSG00000087274;ENSG00000087470;ENSG00000160789;ENSG00000178209;ENSG00000108424;ENSG00000136279;ENSG00000197694;ENSG00000185825
prerank,REACTOME_COMPLEX_IV_ASSEMBLY,-0.5222350868510013,-1.8217377304503304,0.00024829298572315333,0.011572994869632312,0.3695,29/47,29.02%,ENSG00000131174;ENSG00000131143;ENSG00000183978;ENSG00000127184;ENSG00000112695;ENSG00000178449;ENSG00000111775;ENSG00000176340;ENSG00000168569;ENSG00000250317;ENSG00000138495;ENSG00000229833;ENSG00000135940;ENSG00000164919;ENSG00000101084;ENSG00000183513;ENSG00000148290;ENSG00000189043;ENSG00000203667;ENSG00000136463;ENSG00000163626;ENSG00000135469;ENSG00000232838;ENSG00000115520;ENSG00000181061;ENSG00000014919;ENSG00000240230;ENSG00000133983;ENSG00000133028
prerank,REACTOME_KERATINIZATION,0.38889920244301623,1.9251360544262144,0.0,0.011662761164263763,0.4096,44/113,14.00%,ENSG00000014216;ENSG00000197084;ENSG00000126247;ENSG00000170523;ENSG00000254997;ENSG00000203782;ENSG00000169474;ENSG00000124102;ENSG00000159455;ENSG00000118898;ENSG00000186207;ENSG00000215853;ENSG00000167754;ENSG00000241233;ENSG00000186049;ENSG00000186832;ENSG00000163202;ENSG00000131737;ENSG00000240386;ENSG00000159450;ENSG00000170486;ENSG00000244411;ENSG00000203784;ENSG00000203785;ENSG00000235942;ENSG00000104055;ENSG00000142615;ENSG00000170477;ENSG00000170442;ENSG00000169469;ENSG00000170423;ENSG00000221852;ENSG00000187223;ENSG00000134760;ENSG00000185479;ENSG00000196734;ENSG00000187180;ENSG00000204539;ENSG00000204022;ENSG00000186844;ENSG00000108244;ENSG00000205426;ENSG00000204572;ENSG00000144283
prerank,REACTOME_DISEASES_OF_SIGNAL_TRANSDUCTION_BY_GROWTH_FACTOR_RECEPTORS_AND_SECOND_MESSENGERS,0.33134436068290657,1.9260093472275732,0.0,0.011665059722036918,0.4079,63/442,3.55%,ENSG00000100804;ENSG00000151694;ENSG00000138798;ENSG00000140575;ENSG00000087191;ENSG00000168214;ENSG00000171720;ENSG00000166949;ENSG00000160789;ENSG00000177885;ENSG00000137845;ENSG00000100764;ENSG00000115233;ENSG00000116478;ENSG00000213639;ENSG00000108946;ENSG00000111605;ENSG00000041357;ENSG00000103035;ENSG00000137076;ENSG00000204843;ENSG00000035403;ENSG00000126214;ENSG00000130706;ENSG00000103653;ENSG00000150991;ENSG00000100345;ENSG00000100902;ENSG00000088832;ENSG00000169032;ENSG00000110841;ENSG00000197548;ENSG00000197157;ENSG00000108344;ENSG00000080824;ENSG00000108671;ENSG00000013275;ENSG00000165280;ENSG00000185627;ENSG00000173692;ENSG00000141367;ENSG00000105329;ENSG00000175166;ENSG00000166913;ENSG00000184009;ENSG00000075624;ENSG00000138801;ENSG00000147065;ENSG00000135506;ENSG00000105568;ENSG00000174775;ENSG00000136634;ENSG00000126067;ENSG00000105401;ENSG00000099817;ENSG00000101182;ENSG00000177700;ENSG00000181222;ENSG00000167085;ENSG00000165916;ENSG00000114013;ENSG00000142507;ENSG00000099341
prerank,REACTOME_INFECTION_WITH_MYCOBACTERIUM_TUBERCULOSIS,0.5221831506196042,1.9160805682967954,0.0020999580008399833,0.012447710254899226,0.4325,7/26,3.99%,ENSG00000184056;ENSG00000185359;ENSG00000108424;ENSG00000150991;ENSG00000075785;ENSG00000074800;ENSG00000102144
prerank,REACTOME_SENSORY_PROCESSING_OF_SOUND,0.41903825453640703,1.9132990859893237,0.0,0.012572214572923169,0.4396,12/72,3.40%,ENSG00000077549;ENSG00000157483;ENSG00000247596;ENSG00000106089;ENSG00000198898;ENSG00000197694;ENSG00000100345;ENSG00000101152;ENSG00000184009;ENSG00000075624;ENSG00000147065;ENSG00000179520
prerank,REACTOME_RIBOSOME_QUALITY_CONTROL_RQC_COMPLEX_EXTRACTS_AND_DEGRADES_NASCENT_PEPTIDE,0.3954844770704171,1.9140541348226654,0.0,0.012579265052555296,0.4376,23/100,3.55%,ENSG00000100804;ENSG00000087191;ENSG00000163516;ENSG00000100764;ENSG00000115233;ENSG00000041357;ENSG00000103035;ENSG00000130706;ENSG00000150991;ENSG00000100902;ENSG00000108344;ENSG00000108671;ENSG00000013275;ENSG00000165280;ENSG00000185627;ENSG00000173692;ENSG00000175166;ENSG00000126067;ENSG00000101182;ENSG00000070010;ENSG00000165916;ENSG00000142507;ENSG00000099341
prerank,REACTOME_PURINE_CATABOLISM,-0.6621253470713756,-1.814144580356609,0.0009534186870062653,0.012589697047314522,0.4032,9/16,16.30%,ENSG00000136159;ENSG00000165609;ENSG00000185013;ENSG00000112667;ENSG00000122912;ENSG00000125458;ENSG00000198585;ENSG00000116981;ENSG00000158125
prerank,REACTOME_STAT3_NUCLEAR_EVENTS_DOWNSTREAM_OF_ALK_SIGNALING,0.678543346022262,1.912411417431462,0.004421768707482994,0.012589944066308834,0.4423,4/11,0.82%,ENSG00000100644;ENSG00000169375;ENSG00000171720;ENSG00000116478
prerank,REACTOME_GABA_SYNTHESIS_RELEASE_REUPTAKE_AND_DEGRADATION,0.5680627175670944,1.9092839448390115,0.004567948229920061,0.012796454645111772,0.449,5/19,6.81%,ENSG00000106089;ENSG00000101152;ENSG00000109971;ENSG00000111181;ENSG00000067715
prerank,REACTOME_TRIGLYCERIDE_CATABOLISM,0.5493125209467096,1.9062806202949705,0.004358161648177496,0.013062623741655992,0.4567,8/22,7.54%,ENSG00000115159;ENSG00000213639;ENSG00000105355;ENSG00000072062;ENSG00000172531;ENSG00000164434;ENSG00000100341;ENSG00000074416
prerank,REACTOME_MRNA_3_END_PROCESSING,0.36944379335973265,1.9031961236391608,0.0,0.013309537797205073,0.4644,25/149,3.12%,ENSG00000145833;ENSG00000153187;ENSG00000189091;ENSG00000165119;ENSG00000213639;ENSG00000109606;ENSG00000111786;ENSG00000111605;ENSG00000135829;ENSG00000136450;ENSG00000125755;ENSG00000150991;ENSG00000122566;ENSG00000087365;ENSG00000087087;ENSG00000099783;ENSG00000089280;ENSG00000092199;ENSG00000104824;ENSG00000077312;ENSG00000163634;ENSG00000099817;ENSG00000177700;ENSG00000172531;ENSG00000181222
prerank,REACTOME_BASE_EXCISION_REPAIR_AP_SITE_FORMATION,-0.5610597385117723,-1.8046984700793018,0.0003888528839922229,0.013674069565032037,0.4468,30/32,42.81%,ENSG00000109674;ENSG00000146047;ENSG00000123415;ENSG00000105968;ENSG00000065057;ENSG00000188486;ENSG00000132781;ENSG00000246705;ENSG00000114026;ENSG00000196890;ENSG00000197903;ENSG00000076248;ENSG00000103152;ENSG00000180573;ENSG00000180596;ENSG00000147601;ENSG00000124635;ENSG00000140398;ENSG00000154328;ENSG00000139372;ENSG00000129071;ENSG00000184678;ENSG00000168148;ENSG00000158406;ENSG00000092330;ENSG00000184260;ENSG00000166848;ENSG00000158373;ENSG00000102977;ENSG00000197837
prerank,REACTOME_PCNA_DEPENDENT_LONG_PATCH_BASE_EXCISION_REPAIR,-0.6185597202669484,-1.8061368936070654,0.0007980845969672786,0.013796515111897681,0.4391,12/21,14.26%,ENSG00000111445;ENSG00000100479;ENSG00000106399;ENSG00000132646;ENSG00000175482;ENSG00000115350;ENSG00000163918;ENSG00000049541;ENSG00000133119;ENSG00000077514;ENSG00000117748;ENSG00000062822
prerank,REACTOME_TELOMERE_MAINTENANCE,-0.46859615317816244,-1.7956132662120852,0.00023446658851113716,0.015172161102459789,0.4863,34/82,15.15%,ENSG00000111445;ENSG00000106399;ENSG00000145386;ENSG00000198056;ENSG00000146047;ENSG00000123374;ENSG00000100142;ENSG00000197299;ENSG00000005075;ENSG00000168002;ENSG00000147669;ENSG00000132646;ENSG00000175482;ENSG00000175792;ENSG00000105968;ENSG00000163918;ENSG00000138346;ENSG00000014138;ENSG00000145912;ENSG00000105258;ENSG00000049541;ENSG00000127586;ENSG00000133119;ENSG00000188486;ENSG00000077514;ENSG00000246705;ENSG00000140451;ENSG00000196890;ENSG00000136982;ENSG00000117748;ENSG00000197903;ENSG00000101868;ENSG00000062822;ENSG00000085224
prerank,REACTOME_BASIGIN_INTERACTIONS,0.5242069040430205,1.8855436871945002,0.0016743407283382169,0.015206875134231542,0.5092,8/25,7.51%,ENSG00000141526;ENSG00000198910;ENSG00000069849;ENSG00000005884;ENSG00000196262;ENSG00000172270;ENSG00000021488;ENSG00000129244
prerank,REACTOME_SIGNALING_BY_MODERATE_KINASE_ACTIVITY_BRAF_MUTANTS,0.4559431154325782,1.877687463582238,0.0,0.01611470046907916,0.5323,10/44,3.19%,ENSG00000140575;ENSG00000137076;ENSG00000035403;ENSG00000103653;ENSG00000169032;ENSG00000166913;ENSG00000184009;ENSG00000075624;ENSG00000174775;ENSG00000167085
prerank,REACTOME_CO_INHIBITION_BY_PD_1,0.35718594449271757,1.87501445866426,0.0,0.01625137130613934,0.5413,29/171,3.55%,ENSG00000100804;ENSG00000100644;ENSG00000087191;ENSG00000100764;ENSG00000115233;ENSG00000041357;ENSG00000103035;ENSG00000130706;ENSG00000103653;ENSG00000150991;ENSG00000100902;ENSG00000108344;ENSG00000170027;ENSG00000108671;ENSG00000204435;ENSG00000163902;ENSG00000013275;ENSG00000165280;ENSG00000185627;ENSG00000173692;ENSG00000175166;ENSG00000118705;ENSG00000244038;ENSG00000135506;ENSG00000126067;ENSG00000101182;ENSG00000165916;ENSG00000142507;ENSG00000099341
prerank,REACTOME_REGULATION_OF_GENE_EXPRESSION_BY_HYPOXIA_INDUCIBLE_FACTOR,0.6631443749849792,1.875042767844276,0.005619950825430277,0.016359301349074516,0.5412,3/11,1.01%,ENSG00000100644;ENSG00000107159;ENSG00000112715
prerank,REACTOME_PHOSPHORYLATION_OF_THE_APC_C,-0.618233395360079,-1.7879036484278876,0.001336719689881032,0.016359743271325628,0.5214,13/20,21.57%,ENSG00000166851;ENSG00000175063;ENSG00000170312;ENSG00000134057;ENSG00000094880;ENSG00000141552;ENSG00000166295;ENSG00000004897;ENSG00000089053;ENSG00000108106;ENSG00000164162;ENSG00000053900;ENSG00000153107
prerank,REACTOME_TURBULENT_OSCILLATORY_DISTURBED_FLOW_SHEAR_STRESS_ACTIVATES_SIGNALING_BY_PIEZO1_AND_INTEGRINS_IN_ENDOTHELIAL_CELLS,0.4978842902599205,1.8694050715990447,0.003043478260869565,0.01677360965038212,0.5567,5/29,2.89%,ENSG00000182718;ENSG00000162909;ENSG00000035403;ENSG00000105568;ENSG00000126247
prerank,REACTOME_AGGREPHAGY,0.45653617113328704,1.867609014625611,0.0019792182088075212,0.01678189127852984,0.5606,9/43,2.52%,ENSG00000026025;ENSG00000197102;ENSG00000258947;ENSG00000127824;ENSG00000150991;ENSG00000167553;ENSG00000080824;ENSG00000165280;ENSG00000116288
prerank,REACTOME_MAPK1_MAPK3_SIGNALING,0.33482117147170976,1.8699041195786468,0.0,0.01681023906785168,0.5546,47/255,6.92%,ENSG00000100804;ENSG00000138798;ENSG00000140575;ENSG00000162734;ENSG00000087191;ENSG00000177885;ENSG00000100764;ENSG00000115233;ENSG00000213639;ENSG00000041357;ENSG00000103035;ENSG00000137076;ENSG00000035403;ENSG00000197694;ENSG00000130706;ENSG00000103653;ENSG00000150991;ENSG00000100902;ENSG00000169032;ENSG00000108344;ENSG00000108671;ENSG00000013275;ENSG00000185627;ENSG00000173692;ENSG00000175166;ENSG00000166913;ENSG00000184009;ENSG00000075624;ENSG00000105568;ENSG00000174775;ENSG00000126067;ENSG00000011485;ENSG00000101182;ENSG00000167085;ENSG00000165916;ENSG00000142507;ENSG00000099341;ENSG00000165731;ENSG00000185737;ENSG00000158815;ENSG00000169752;ENSG00000066468;ENSG00000134853;ENSG00000075388;ENSG00000138669;ENSG00000154001;ENSG00000149970
prerank,REACTOME_MHC_CLASS_II_ANTIGEN_PRESENTATION,0.3732963648804796,1.8679189368983222,0.0,0.016854283750711734,0.5599,23/123,3.06%,ENSG00000077549;ENSG00000138107;ENSG00000079805;ENSG00000175203;ENSG00000197102;ENSG00000258947;ENSG00000204843;ENSG00000126214;ENSG00000127824;ENSG00000198898;ENSG00000075785;ENSG00000167553;ENSG00000164733;ENSG00000117984;ENSG00000100280;ENSG00000141367;ENSG00000064601;ENSG00000161203;ENSG00000115073;ENSG00000127022;ENSG00000143761;ENSG00000106367;ENSG00000042753
prerank,REACTOME_RESOLUTION_OF_D_LOOP_STRUCTURES_THROUGH_SYNTHESIS_DEPENDENT_STRAND_ANNEALING_SDSA,-0.5729454275954786,-1.7805255159899456,0.0018334206390780514,0.01715483420718995,0.5569,11/27,9.82%,ENSG00000139618;ENSG00000174371;ENSG00000051180;ENSG00000196584;ENSG00000197299;ENSG00000111247;ENSG00000185379;ENSG00000175643;ENSG00000138346;ENSG00000126215;ENSG00000012048
prerank,REACTOME_BIOSYNTHESIS_OF_THE_N_GLYCAN_PRECURSOR_DOLICHOL_LIPID_LINKED_OLIGOSACCHARIDE_LLO_AND_TRANSFER_TO_A_NASCENT_PROTEIN,-0.4681781915244211,-1.7825297096240955,0.00011705489874751258,0.017205938655742176,0.5487,46/78,30.66%,ENSG00000179085;ENSG00000169084;ENSG00000136840;ENSG00000086848;ENSG00000129255;ENSG00000013375;ENSG00000111726;ENSG00000172269;ENSG00000182858;ENSG00000124357;ENSG00000159063;ENSG00000115525;ENSG00000104522;ENSG00000088035;ENSG00000131459;ENSG00000159921;ENSG00000182255;ENSG00000117069;ENSG00000095380;ENSG00000144591;ENSG00000120697;ENSG00000033011;ENSG00000204386;ENSG00000119523;ENSG00000162139;ENSG00000157350;ENSG00000170266;ENSG00000157353;ENSG00000167508;ENSG00000140650;ENSG00000000419;ENSG00000173540;ENSG00000162066;ENSG00000128039;ENSG00000101901;ENSG00000153989;ENSG00000172339;ENSG00000100522;ENSG00000110080;ENSG00000070526;ENSG00000117682;ENSG00000064225;ENSG00000214160;ENSG00000119899;ENSG00000117143;ENSG00000100417
prerank,REACTOME_PARACETAMOL_ADME,0.5141351721077375,1.8614091118585436,0.004022526146419952,0.017567730614714866,0.5782,7/25,5.55%,ENSG00000108846;ENSG00000103222;ENSG00000110321;ENSG00000084207;ENSG00000241635;ENSG00000167165;ENSG00000109193
prerank,REACTOME_MAP2K_AND_MAPK_ACTIVATION,0.4637509365981971,1.858643636627149,0.0018948365703458077,0.017831969250686985,0.5855,9/39,2.39%,ENSG00000140575;ENSG00000137076;ENSG00000035403;ENSG00000103653;ENSG00000169032;ENSG00000166913;ENSG00000184009;ENSG00000075624;ENSG00000174775
prerank,REACTOME_REGULATION_OF_LOCALIZATION_OF_FOXO_TRANSCRIPTION_FACTORS,0.6380736563488933,1.8573230004838504,0.007534246575342466,0.017873227027257764,0.5877,3/12,2.12%,ENSG00000134308;ENSG00000170027;ENSG00000166913
prerank,REACTOME_APC_C_MEDIATED_DEGRADATION_OF_CELL_CYCLE_PROTEINS,0.40291518858225783,1.855915091910364,0.0006455777921239509,0.017928282333609675,0.591,20/74,3.55%,ENSG00000100804;ENSG00000087191;ENSG00000100764;ENSG00000115233;ENSG00000041357;ENSG00000103035;ENSG00000130706;ENSG00000150991;ENSG00000100902;ENSG00000108344;ENSG00000108671;ENSG00000013275;ENSG00000185627;ENSG00000173692;ENSG00000175166;ENSG00000126067;ENSG00000101182;ENSG00000165916;ENSG00000142507;ENSG00000099341
prerank,REACTOME_COOPERATION_OF_PREFOLDIN_AND_TRIC_CCT_IN_ACTIN_AND_TUBULIN_FOLDING,0.4787818650172552,1.8463334715487305,0.0017574692442882249,0.01867293895384947,0.6166,11/33,6.68%,ENSG00000156261;ENSG00000258947;ENSG00000127824;ENSG00000167553;ENSG00000075624;ENSG00000150753;ENSG00000146731;ENSG00000135624;ENSG00000163468;ENSG00000123416;ENSG00000188229
prerank,REACTOME_L1CAM_INTERACTIONS,0.3730054286595159,1.8482287672028987,0.0,0.018746799867717018,0.612,20/117,3.35%,ENSG00000011009;ENSG00000079805;ENSG00000258947;ENSG00000127824;ENSG00000197694;ENSG00000169032;ENSG00000198910;ENSG00000092964;ENSG00000167553;ENSG00000204435;ENSG00000109971;ENSG00000141367;ENSG00000161203;ENSG00000184009;ENSG00000075624;ENSG00000147065;ENSG00000149575;ENSG00000042753;ENSG00000077279;ENSG00000184144
prerank,REACTOME_SEMA3A_PAK_DEPENDENT_AXON_REPULSION,0.5835782916974187,1.8464351951195699,0.005263157894736842,0.018768648662595526,0.6162,4/16,2.21%,ENSG00000106683;ENSG00000080824;ENSG00000096384;ENSG00000172757
prerank,REACTOME_TRANSCRIPTIONAL_AND_POST_TRANSLATIONAL_REGULATION_OF_MITF_M_EXPRESSION_AND_ACTIVITY,0.41865845213688774,1.8473743950223078,0.0,0.01876872725268192,0.6143,10/59,4.04%,ENSG00000082898;ENSG00000115866;ENSG00000116478;ENSG00000065427;ENSG00000128245;ENSG00000170027;ENSG00000108953;ENSG00000166913;ENSG00000166603;ENSG00000152977
prerank,REACTOME_SIGNALING_BY_INTERLEUKINS,0.31691493141359867,1.8433774993461318,0.0,0.018811074210901096,0.6229,55/412,3.55%,ENSG00000182718;ENSG00000100804;ENSG00000100644;ENSG00000026025;ENSG00000068305;ENSG00000087191;ENSG00000165458;ENSG00000166949;ENSG00000177885;ENSG00000100764;ENSG00000115233;ENSG00000108861;ENSG00000106089;ENSG00000112715;ENSG00000041357;ENSG00000103035;ENSG00000075618;ENSG00000102265;ENSG00000130706;ENSG00000150991;ENSG00000100902;ENSG00000169032;ENSG00000108344;ENSG00000080824;ENSG00000122566;ENSG00000108671;ENSG00000013275;ENSG00000109971;ENSG00000185624;ENSG00000185627;ENSG00000173692;ENSG00000166598;ENSG00000105329;ENSG00000177156;ENSG00000175166;ENSG00000127022;ENSG00000143761;ENSG00000142192;ENSG00000172757;ENSG00000147065;ENSG00000105568;ENSG00000196262;ENSG00000148834;ENSG00000136634;ENSG00000127616;ENSG00000126067;ENSG00000072062;ENSG00000101182;ENSG00000114738;ENSG00000165916;ENSG00000114013;ENSG00000184216;ENSG00000211896;ENSG00000142507;ENSG00000099341
prerank,REACTOME_GENE_AND_PROTEIN_EXPRESSION_BY_JAK_STAT_SIGNALING_AFTER_INTERLEUKIN_12_STIMULATION,0.4674511265660786,1.842386856819763,0.0013434841021047917,0.01885464562355937,0.6252,9/35,2.54%,ENSG00000182718;ENSG00000122566;ENSG00000177156;ENSG00000143761;ENSG00000172757;ENSG00000147065;ENSG00000196262;ENSG00000148834;ENSG00000136634
prerank,REACTOME_COOPERATION_OF_PDCL_PHLP1_AND_TRIC_CCT_IN_G_PROTEIN_BETA_FOLDING,0.46604091860722263,1.8438193568655512,0.002789400278940028,0.01886353252407638,0.6221,10/36,6.09%,ENSG00000156261;ENSG00000078369;ENSG00000204435;ENSG00000150753;ENSG00000146731;ENSG00000135624;ENSG00000163468;ENSG00000168243;ENSG00000162188;ENSG00000182901
prerank,REACTOME_MATURATION_OF_DENV_PROTEINS,0.43286116897745053,1.8482427244736828,0.001084010840108401,0.01886538965841519,0.6119,12/51,2.27%,ENSG00000082898;ENSG00000179218;ENSG00000108424;ENSG00000150991;ENSG00000072682;ENSG00000163902;ENSG00000185624;ENSG00000122884;ENSG00000127022;ENSG00000118705;ENSG00000244038;ENSG00000167004
prerank,REACTOME_SIGNALING_BY_EGFR_IN_CANCER,0.5183033272197736,1.8411330604088665,0.0028536485935589076,0.018933801655887948,0.6298,6/24,2.64%,ENSG00000138798;ENSG00000177885;ENSG00000150991;ENSG00000080824;ENSG00000174775;ENSG00000105401
prerank,REACTOME_CONVERSION_FROM_APC_C_CDC20_TO_APC_C_CDH1_IN_LATE_ANAPHASE,-0.6085553300124196,-1.7624328007437846,0.0017459038409884501,0.01901317779090721,0.6486,15/20,28.59%,ENSG00000175063;ENSG00000094880;ENSG00000117399;ENSG00000141552;ENSG00000079335;ENSG00000166295;ENSG00000004897;ENSG00000089053;ENSG00000108106;ENSG00000164162;ENSG00000053900;ENSG00000153107;ENSG00000105325;ENSG00000072401;ENSG00000170142
prerank,REACTOME_RECOGNITION_OF_DNA_DAMAGE_BY_PCNA_CONTAINING_REPLICATION_COMPLEX,-0.5542240394270185,-1.7602406821901806,0.0015487867836861124,0.019108458415784575,0.6597,17/30,14.26%,ENSG00000111445;ENSG00000100479;ENSG00000106399;ENSG00000143476;ENSG00000162607;ENSG00000132646;ENSG00000175482;ENSG00000115350;ENSG00000163918;ENSG00000070950;ENSG00000049541;ENSG00000133119;ENSG00000077514;ENSG00000143947;ENSG00000117748;ENSG00000221983;ENSG00000062822
prerank,REACTOME_POLYMERASE_SWITCHING_ON_THE_C_STRAND_OF_THE_TELOMERE,-0.5750426358992337,-1.7684242287418255,0.0013118194936376755,0.01934251417437026,0.6188,13/26,14.26%,ENSG00000111445;ENSG00000198056;ENSG00000132646;ENSG00000175482;ENSG00000163918;ENSG00000014138;ENSG00000049541;ENSG00000127586;ENSG00000133119;ENSG00000077514;ENSG00000136982;ENSG00000101868;ENSG00000062822
prerank,REACTOME_NONSENSE_MEDIATED_DECAY_NMD,-0.4403200439270179,-1.7625213651958391,0.0,0.019447169005885084,0.6483,79/109,39.18%,ENSG00000174444;ENSG00000149806;ENSG00000131469;ENSG00000105372;ENSG00000115268;ENSG00000142676;ENSG00000198755;ENSG00000130255;ENSG00000136942;ENSG00000162244;ENSG00000142541;ENSG00000156482;ENSG00000105640;ENSG00000100316;ENSG00000177954;ENSG00000177600;ENSG00000109475;ENSG00000116251;ENSG00000172809;ENSG00000265681;ENSG00000071082;ENSG00000143947;ENSG00000140988;ENSG00000189369;ENSG00000167526;ENSG00000221983;ENSG00000037241;ENSG00000063177;ENSG00000122406;ENSG00000149273;ENSG00000111196;ENSG00000118181;ENSG00000140986;ENSG00000161970;ENSG00000147604;ENSG00000110700;ENSG00000108298;ENSG00000198034;ENSG00000142937;ENSG00000122026;ENSG00000205937;ENSG00000137818;ENSG00000070366;ENSG00000213741;ENSG00000145592;ENSG00000089157;ENSG00000112306;ENSG00000197728;ENSG00000174748;ENSG00000182899;ENSG00000168028;ENSG00000144713;ENSG00000141543;ENSG00000197958;ENSG00000145425;ENSG00000198918;ENSG00000161016;ENSG00000083845;ENSG00000166441;ENSG00000125691;ENSG00000105193;ENSG00000171863;ENSG00000124614;ENSG00000142534;ENSG00000151461;ENSG00000108107;ENSG00000185088;ENSG00000089009;ENSG00000137876;ENSG00000134419;ENSG00000167447;ENSG00000137154;ENSG00000008988;ENSG00000198952;ENSG00000170889;ENSG00000231500;ENSG00000162385;ENSG00000113575;ENSG00000163584
prerank,REACTOME_MITOTIC_PROMETAPHASE,-0.4098206540781618,-1.7555470123446393,0.0,0.01952615805099583,0.6845,85/199,17.35%,ENSG00000143228;ENSG00000166851;ENSG00000152253;ENSG00000000460;ENSG00000121152;ENSG00000163535;ENSG00000102384;ENSG00000157456;ENSG00000089685;ENSG00000146670;ENSG00000115163;ENSG00000178999;ENSG00000170312;ENSG00000156970;ENSG00000154839;ENSG00000137812;ENSG00000134057;ENSG00000152240;ENSG00000151849;ENSG00000101162;ENSG00000080986;ENSG00000142945;ENSG00000129810;ENSG00000103995;ENSG00000175216;ENSG00000117399;ENSG00000186871;ENSG00000138778;ENSG00000136861;ENSG00000120334;ENSG00000109805;ENSG00000164754;ENSG00000169679;ENSG00000113810;ENSG00000164109;ENSG00000161888;ENSG00000136811;ENSG00000117650;ENSG00000154473;ENSG00000117724;ENSG00000153044;ENSG00000149636;ENSG00000121621;ENSG00000119638;ENSG00000104695;ENSG00000092036;ENSG00000152082;ENSG00000142731;ENSG00000177954;ENSG00000119408;ENSG00000101639;ENSG00000137267;ENSG00000167842;ENSG00000184445;ENSG00000040275;ENSG00000101624;ENSG00000204899;ENSG00000072501;ENSG00000157020;ENSG00000176101;ENSG00000138092;ENSG00000151725;ENSG00000134690;ENSG00000148019;ENSG00000137822;ENSG00000166451;ENSG00000178462;ENSG00000137100;ENSG00000174442;ENSG00000072864;ENSG00000075188;ENSG00000182628;ENSG00000160783;ENSG00000183785;ENSG00000142856;ENSG00000090273;ENSG00000160551;ENSG00000131351;ENSG00000186298;ENSG00000075886;ENSG00000176014;ENSG00000174799;ENSG00000213397;ENSG00000112640;ENSG00000121892
prerank,REACTOME_NEPHRIN_FAMILY_INTERACTIONS,0.5232435755767966,1.835768950714636,0.005423445974134335,0.019647675921102312,0.6466,4/23,2.18%,ENSG00000140575;ENSG00000072110;ENSG00000197694;ENSG00000130402
prerank,REACTOME_MITOCHONDRIAL_TRANSLATION_ELONGATION,-0.45770476849900565,-1.7687661644459862,0.00011715089034676664,0.019743331030050174,0.6167,52/85,26.60%,ENSG00000204822;ENSG00000166902;ENSG00000048544;ENSG00000114686;ENSG00000132591;ENSG00000143436;ENSG00000175110;ENSG00000172586;ENSG00000181991;ENSG00000172590;ENSG00000143314;ENSG00000130312;ENSG00000167862;ENSG00000243147;ENSG00000082515;ENSG00000061794;ENSG00000179271;ENSG00000136522;ENSG00000134056;ENSG00000182154;ENSG00000116898;ENSG00000182180;ENSG00000090263;ENSG00000128626;ENSG00000173141;ENSG00000174547;ENSG00000135900;ENSG00000116221;ENSG00000169288;ENSG00000242485;ENSG00000175756;ENSG00000185608;ENSG00000125901;ENSG00000115364;ENSG00000096080;ENSG00000102738;ENSG00000180992;ENSG00000198015;ENSG00000062582;ENSG00000111639;ENSG00000122140;ENSG00000137547;ENSG00000172172;ENSG00000105364;ENSG00000183617;ENSG00000175581;ENSG00000259494;ENSG00000113048;ENSG00000262814;ENSG00000149792;ENSG00000112651;ENSG00000055950
prerank,REACTOME_SARS_COV_1_MODULATES_HOST_TRANSLATION_MACHINERY,-0.5404551315640156,-1.7650021963474374,0.0015475883415011606,0.019753388203940743,0.6351,28/34,37.93%,ENSG00000149806;ENSG00000105372;ENSG00000115268;ENSG00000177954;ENSG00000143947;ENSG00000140988;ENSG00000149273;ENSG00000118181;ENSG00000110700;ENSG00000198034;ENSG00000142937;ENSG00000213741;ENSG00000112306;ENSG00000156508;ENSG00000197728;ENSG00000168028;ENSG00000145425;ENSG00000083845;ENSG00000105193;ENSG00000171863;ENSG00000124614;ENSG00000142534;ENSG00000185088;ENSG00000134419;ENSG00000137154;ENSG00000008988;ENSG00000170889;ENSG00000231500
prerank,REACTOME_EUKARYOTIC_TRANSLATION_INITIATION,-0.43632084063740373,-1.7558141913055512,0.00011364927832708262,0.01990895747149592,0.6832,82/115,35.68%,ENSG00000174444;ENSG00000149806;ENSG00000131469;ENSG00000100129;ENSG00000105372;ENSG00000184110;ENSG00000115268;ENSG00000142676;ENSG00000198755;ENSG00000130255;ENSG00000136942;ENSG00000162244;ENSG00000142541;ENSG00000156482;ENSG00000104131;ENSG00000105640;ENSG00000100316;ENSG00000175390;ENSG00000177954;ENSG00000177600;ENSG00000109475;ENSG00000116251;ENSG00000151247;ENSG00000172809;ENSG00000265681;ENSG00000071082;ENSG00000143947;ENSG00000125977;ENSG00000140988;ENSG00000178982;ENSG00000187840;ENSG00000167526;ENSG00000221983;ENSG00000037241;ENSG00000063177;ENSG00000122406;ENSG00000130811;ENSG00000149273;ENSG00000118181;ENSG00000149100;ENSG00000140986;ENSG00000161970;ENSG00000147604;ENSG00000110700;ENSG00000108298;ENSG00000198034;ENSG00000142937;ENSG00000122026;ENSG00000137818;ENSG00000213741;ENSG00000145592;ENSG00000070785;ENSG00000089157;ENSG00000112306;ENSG00000197728;ENSG00000174748;ENSG00000147677;ENSG00000182899;ENSG00000168028;ENSG00000144713;ENSG00000111361;ENSG00000197958;ENSG00000100664;ENSG00000145425;ENSG00000198918;ENSG00000161016;ENSG00000083845;ENSG00000166441;ENSG00000125691;ENSG00000105193;ENSG00000171863;ENSG00000124614;ENSG00000142534;ENSG00000115211;ENSG00000108107;ENSG00000185088;ENSG00000089009;ENSG00000137876;ENSG00000134419;ENSG00000137154;ENSG00000008988;ENSG00000130741
prerank,REACTOME_RESOLUTION_OF_AP_SITES_VIA_THE_MULTIPLE_NUCLEOTIDE_PATCH_REPLACEMENT_PATHWAY,-0.581064077394316,-1.762544743591253,0.0018469656992084432,0.019927250541148137,0.6483,15/25,14.26%,ENSG00000111445;ENSG00000100479;ENSG00000106399;ENSG00000129484;ENSG00000132646;ENSG00000175482;ENSG00000115350;ENSG00000163918;ENSG00000049541;ENSG00000133119;ENSG00000077514;ENSG00000143799;ENSG00000227345;ENSG00000117748;ENSG00000062822
prerank,REACTOME_CLATHRIN_MEDIATED_ENDOCYTOSIS,0.3528598462344434,1.8261381059814425,0.0,0.020578140905982742,0.6747,22/144,3.95%,ENSG00000138798;ENSG00000079805;ENSG00000185359;ENSG00000138071;ENSG00000085733;ENSG00000177885;ENSG00000003056;ENSG00000115091;ENSG00000150991;ENSG00000163466;ENSG00000241553;ENSG00000109971;ENSG00000141367;ENSG00000161203;ENSG00000184009;ENSG00000075624;ENSG00000129559;ENSG00000042753;ENSG00000111652;ENSG00000168090;ENSG00000169727;ENSG00000241685
prerank,REACTOME_RHO_GTPASES_ACTIVATE_ROCKS,0.549308500627954,1.8262847802046631,0.00550314465408805,0.020670698838112588,0.6743,6/19,2.21%,ENSG00000213639;ENSG00000106683;ENSG00000100345;ENSG00000067560;ENSG00000092841;ENSG00000172757
prerank,REACTOME_VIRAL_INFECTION_PATHWAYS,0.2942496977381249,1.8274775632614395,0.0,0.020721704782277688,0.6707,132/1023,3.55%,ENSG00000149136;ENSG00000145833;ENSG00000184056;ENSG00000100804;ENSG00000026025;ENSG00000100401;ENSG00000153187;ENSG00000082898;ENSG00000144028;ENSG00000140464;ENSG00000189091;ENSG00000174231;ENSG00000092201;ENSG00000094914;ENSG00000087191;ENSG00000165119;ENSG00000166477;ENSG00000171720;ENSG00000166949;ENSG00000161013;ENSG00000179218;ENSG00000177119;ENSG00000177885;ENSG00000100764;ENSG00000115233;ENSG00000116478;ENSG00000137817;ENSG00000213024;ENSG00000213639;ENSG00000108883;ENSG00000108424;ENSG00000109519;ENSG00000112715;ENSG00000109606;ENSG00000111786;ENSG00000111642;ENSG00000111605;ENSG00000041357;ENSG00000135829;ENSG00000134308;ENSG00000197102;ENSG00000132792;ENSG00000132612;ENSG00000132463;ENSG00000258947;ENSG00000103035;ENSG00000241244;ENSG00000136450;ENSG00000104142;ENSG00000128245;ENSG00000127824;ENSG00000130706;ENSG00000125755;ENSG00000150991;ENSG00000100902;ENSG00000088832;ENSG00000124145;ENSG00000063660;ENSG00000197548;ENSG00000108344;ENSG00000167553;ENSG00000115053;ENSG00000080824;ENSG00000069849;ENSG00000170027;ENSG00000122566;ENSG00000087365;ENSG00000114867;ENSG00000072682;ENSG00000087087;ENSG00000099783;ENSG00000108671;ENSG00000204435;ENSG00000145907;ENSG00000096384;ENSG00000089280;ENSG00000130985;ENSG00000163902;ENSG00000013275;ENSG00000196235;ENSG00000109971;ENSG00000185624;ENSG00000100280;ENSG00000108953;ENSG00000004478;ENSG00000165280;ENSG00000115677;ENSG00000185627;ENSG00000006712;ENSG00000173692;ENSG00000141367;ENSG00000185825;ENSG00000163399;ENSG00000110321;ENSG00000092199;ENSG00000161203;ENSG00000105329;ENSG00000175166;ENSG00000122884;ENSG00000166913;ENSG00000127022;ENSG00000118705;ENSG00000105438;ENSG00000143761;ENSG00000089597;ENSG00000244038;ENSG00000167004;ENSG00000196262;ENSG00000196419;ENSG00000137309;ENSG00000104824;ENSG00000130726;ENSG00000126067;ENSG00000106367;ENSG00000175334;ENSG00000099817;ENSG00000178952;ENSG00000130724;ENSG00000132341;ENSG00000126457;ENSG00000079246;ENSG00000101182;ENSG00000177700;ENSG00000070010;ENSG00000102900;ENSG00000172531;ENSG00000042753;ENSG00000181222;ENSG00000165916;ENSG00000184216;ENSG00000142507;ENSG00000099341
prerank,REACTOME_TRANSCRIPTIONAL_REGULATION_BY_RUNX1,0.34899294667371533,1.8267392575412629,0.0,0.020724695567007963,0.6731,27/174,3.55%,ENSG00000100804;ENSG00000140464;ENSG00000087191;ENSG00000169375;ENSG00000100764;ENSG00000115233;ENSG00000116478;ENSG00000041357;ENSG00000103035;ENSG00000130706;ENSG00000150991;ENSG00000100902;ENSG00000108344;ENSG00000108671;ENSG00000204435;ENSG00000013275;ENSG00000185627;ENSG00000173692;ENSG00000175166;ENSG00000127616;ENSG00000126067;ENSG00000099956;ENSG00000126457;ENSG00000101182;ENSG00000165916;ENSG00000142507;ENSG00000099341
prerank,REACTOME_SIGNALING_BY_NOTCH,0.34213791986374414,1.8281504173704417,0.0,0.020730571579360393,0.6686,32/184,5.10%,ENSG00000100804;ENSG00000100644;ENSG00000151694;ENSG00000138798;ENSG00000087191;ENSG00000168214;ENSG00000171720;ENSG00000166949;ENSG00000137845;ENSG00000100764;ENSG00000115233;ENSG00000116478;ENSG00000041357;ENSG00000103035;ENSG00000130706;ENSG00000150991;ENSG00000100902;ENSG00000108344;ENSG00000108671;ENSG00000013275;ENSG00000174437;ENSG00000185627;ENSG00000173692;ENSG00000175166;ENSG00000126067;ENSG00000101182;ENSG00000165916;ENSG00000142507;ENSG00000099341;ENSG00000164434;ENSG00000065978;ENSG00000100453
prerank,REACTOME_INTERLEUKIN_12_SIGNALING,0.4400597445376132,1.8215875188773893,0.0009666505558240696,0.021172200297216438,0.6863,10/43,2.54%,ENSG00000182718;ENSG00000122566;ENSG00000185624;ENSG00000177156;ENSG00000143761;ENSG00000172757;ENSG00000147065;ENSG00000196262;ENSG00000148834;ENSG00000136634
prerank,REACTOME_SARS_COV_2_MODULATES_HOST_TRANSLATION_MACHINERY,-0.4991767179709855,-1.7430269028193004,0.0011212158963498193,0.022240999506946958,0.7433,35/47,37.93%,ENSG00000149806;ENSG00000105372;ENSG00000115268;ENSG00000092208;ENSG00000177954;ENSG00000143947;ENSG00000143977;ENSG00000140988;ENSG00000125835;ENSG00000149273;ENSG00000118181;ENSG00000125743;ENSG00000110700;ENSG00000139343;ENSG00000100028;ENSG00000198034;ENSG00000142937;ENSG00000213741;ENSG00000112306;ENSG00000197728;ENSG00000168028;ENSG00000145425;ENSG00000205571;ENSG00000083845;ENSG00000105193;ENSG00000171863;ENSG00000124614;ENSG00000142534;ENSG00000185088;ENSG00000134419;ENSG00000137154;ENSG00000008988;ENSG00000064703;ENSG00000170889;ENSG00000231500
prerank,REACTOME_UNWINDING_OF_DNA,-0.7068982787250229,-1.7436885793129804,0.0016853932584269663,0.02253361529116181,0.7404,9/11,15.17%,ENSG00000147536;ENSG00000101003;ENSG00000131153;ENSG00000181938;ENSG00000125885;ENSG00000093009;ENSG00000166508;ENSG00000076003;ENSG00000100297
prerank,REACTOME_TCF_DEPENDENT_SIGNALING_IN_RESPONSE_TO_WNT,0.3427423932746484,1.8105624839451984,0.0,0.02289287579932828,0.7155,33/174,7.04%,ENSG00000100804;ENSG00000082898;ENSG00000087191;ENSG00000166477;ENSG00000100764;ENSG00000115233;ENSG00000116478;ENSG00000041357;ENSG00000103035;ENSG00000130706;ENSG00000150991;ENSG00000100902;ENSG00000108344;ENSG00000108671;ENSG00000204435;ENSG00000013275;ENSG00000185627;ENSG00000173692;ENSG00000175166;ENSG00000105568;ENSG00000127616;ENSG00000126067;ENSG00000101182;ENSG00000165916;ENSG00000142507;ENSG00000099341;ENSG00000167941;ENSG00000145423;ENSG00000168772;ENSG00000162552;ENSG00000154001;ENSG00000075290;ENSG00000181449
prerank,REACTOME_DENGUE_VIRUS_HOST_INTERACTIONS,0.3257217223090363,1.808112083469146,0.0,0.02321133568454259,0.7225,34/242,3.12%,ENSG00000145833;ENSG00000026025;ENSG00000153187;ENSG00000144028;ENSG00000140464;ENSG00000189091;ENSG00000174231;ENSG00000165119;ENSG00000166477;ENSG00000108883;ENSG00000109519;ENSG00000109606;ENSG00000111786;ENSG00000111605;ENSG00000135829;ENSG00000132792;ENSG00000136450;ENSG00000125755;ENSG00000124145;ENSG00000063660;ENSG00000080824;ENSG00000122566;ENSG00000087365;ENSG00000087087;ENSG00000099783;ENSG00000096384;ENSG00000089280;ENSG00000109971;ENSG00000006712;ENSG00000092199;ENSG00000104824;ENSG00000099817;ENSG00000177700;ENSG00000181222
prerank,REACTOME_RETROGRADE_NEUROTROPHIN_SIGNALLING,0.5925813406732076,1.8069841385761407,0.008658008658008658,0.023292107722787104,0.7252,4/14,3.06%,ENSG00000079805;ENSG00000141367;ENSG00000161203;ENSG00000042753
prerank,REACTOME_INTERLEUKIN_12_FAMILY_SIGNALING,0.421099175336771,1.8048215385922575,0.0,0.0235327243499855,0.7296,11/53,2.54%,ENSG00000182718;ENSG00000122566;ENSG00000185624;ENSG00000177156;ENSG00000127022;ENSG00000143761;ENSG00000172757;ENSG00000147065;ENSG00000196262;ENSG00000148834;ENSG00000136634
prerank,REACTOME_COPI_INDEPENDENT_GOLGI_TO_ER_RETROGRADE_TRAFFIC,0.4204351064331755,1.8014468492677622,0.001589825119236884,0.023888679235215333,0.7388,9/52,1.75%,ENSG00000077549;ENSG00000138107;ENSG00000175203;ENSG00000197102;ENSG00000258947;ENSG00000204843;ENSG00000127824;ENSG00000198898;ENSG00000167553
prerank,REACTOME_SIGNALING_BY_ERBB2_ECD_MUTANTS,0.5699135284156894,1.8020732152644519,0.006896551724137931,0.0239150364100373,0.7367,5/16,2.64%,ENSG00000138798;ENSG00000177885;ENSG00000080824;ENSG00000174775;ENSG00000105401
prerank,REACTOME_RHO_GTPASES_ACTIVATE_NADPH_OXIDASES,-0.5815461399216065,-1.7343051415908524,0.002918933262571315,0.02407965290955065,0.7823,11/23,18.45%,ENSG00000158517;ENSG00000165168;ENSG00000007952;ENSG00000102882;ENSG00000051523;ENSG00000163932;ENSG00000128340;ENSG00000078142;ENSG00000185386;ENSG00000100365;ENSG00000100030
prerank,REACTOME_CONDENSATION_OF_PROPHASE_CHROMOSOMES,-0.5413882993265556,-1.7351478335649997,0.0018001800180018,0.02428023890714022,0.7786,17/31,20.04%,ENSG00000166851;ENSG00000170312;ENSG00000134057;ENSG00000146047;ENSG00000113810;ENSG00000119335;ENSG00000105968;ENSG00000151503;ENSG00000183955;ENSG00000188486;ENSG00000246705;ENSG00000196890;ENSG00000197903;ENSG00000025770;ENSG00000146918;ENSG00000180573;ENSG00000180596
prerank,REACTOME_G1_S_SPECIFIC_TRANSCRIPTION,-0.5489457346208652,-1.7323060755589723,0.003014021753374394,0.024301733263981575,0.7915,18/29,22.23%,ENSG00000094804;ENSG00000170312;ENSG00000183814;ENSG00000176890;ENSG00000171848;ENSG00000189308;ENSG00000132646;ENSG00000101412;ENSG00000080839;ENSG00000093009;ENSG00000114126;ENSG00000112029;ENSG00000198176;ENSG00000101868;ENSG00000164045;ENSG00000167513;ENSG00000228716;ENSG00000133740
prerank,REACTOME_DNA_DOUBLE_STRAND_BREAK_REPAIR,-0.4177322411786562,-1.7256396682705584,0.00011059500110595002,0.026094525827426863,0.8185,73/143,28.15%,ENSG00000163322;ENSG00000000460;ENSG00000111445;ENSG00000139618;ENSG00000174371;ENSG00000051180;ENSG00000100479;ENSG00000106399;ENSG00000145386;ENSG00000146047;ENSG00000123374;ENSG00000092853;ENSG00000051341;ENSG00000196584;ENSG00000111602;ENSG00000197299;ENSG00000129484;ENSG00000111247;ENSG00000185379;ENSG00000171792;ENSG00000132646;ENSG00000175643;ENSG00000175482;ENSG00000154920;ENSG00000115350;ENSG00000149554;ENSG00000163918;ENSG00000035499;ENSG00000138346;ENSG00000166313;ENSG00000049541;ENSG00000133119;ENSG00000126215;ENSG00000188486;ENSG00000077514;ENSG00000116030;ENSG00000012048;ENSG00000164808;ENSG00000132207;ENSG00000169139;ENSG00000143947;ENSG00000143799;ENSG00000196890;ENSG00000164053;ENSG00000117748;ENSG00000197903;ENSG00000172732;ENSG00000221983;ENSG00000062822;ENSG00000149923;ENSG00000105393;ENSG00000178295;ENSG00000152422;ENSG00000113522;ENSG00000153147;ENSG00000180596;ENSG00000101773;ENSG00000188612;ENSG00000122678;ENSG00000163781;ENSG00000152942;ENSG00000112130;ENSG00000182185;ENSG00000178966;ENSG00000005156;ENSG00000162191;ENSG00000075131;ENSG00000253729;ENSG00000151164;ENSG00000124635;ENSG00000066135;ENSG00000183765;ENSG00000083093
prerank,REACTOME_TRANSFERRIN_ENDOCYTOSIS_AND_RECYCLING,0.4697618333330687,1.7860017749923665,0.006516072980017376,0.026681321527100815,0.7738,11/31,7.10%,ENSG00000147416;ENSG00000159720;ENSG00000114573;ENSG00000131100;ENSG00000185883;ENSG00000071553;ENSG00000147614;ENSG00000116039;ENSG00000072274;ENSG00000105929;ENSG00000143882
prerank,REACTOME_ERYTHROCYTES_TAKE_UP_CARBON_DIOXIDE_AND_RELEASE_OXYGEN,-0.6670191677168011,-1.7218506004289655,0.004703929164360819,0.02689667555210872,0.8334,7/13,14.89%,ENSG00000112077;ENSG00000133742;ENSG00000004939;ENSG00000167434;ENSG00000206172;ENSG00000166394;ENSG00000159348
prerank,REACTOME_INNATE_IMMUNE_SYSTEM,0.28343804453057186,1.7837879537811905,0.0,0.027003789236056973,0.78,124/1039,3.77%,ENSG00000147416;ENSG00000182718;ENSG00000183258;ENSG00000100804;ENSG00000156261;ENSG00000026508;ENSG00000068305;ENSG00000140575;ENSG00000079805;ENSG00000157483;ENSG00000138071;ENSG00000087191;ENSG00000013563;ENSG00000170515;ENSG00000159720;ENSG00000177119;ENSG00000177885;ENSG00000137845;ENSG00000214078;ENSG00000100764;ENSG00000115233;ENSG00000114573;ENSG00000213672;ENSG00000109107;ENSG00000108861;ENSG00000059804;ENSG00000108424;ENSG00000106683;ENSG00000041357;ENSG00000111144;ENSG00000135829;ENSG00000197102;ENSG00000103035;ENSG00000131504;ENSG00000241244;ENSG00000136810;ENSG00000136279;ENSG00000035403;ENSG00000198898;ENSG00000197694;ENSG00000131236;ENSG00000130706;ENSG00000084733;ENSG00000115091;ENSG00000150991;ENSG00000100345;ENSG00000197535;ENSG00000101152;ENSG00000163191;ENSG00000131100;ENSG00000100902;ENSG00000169032;ENSG00000013364;ENSG00000163466;ENSG00000241553;ENSG00000100243;ENSG00000014216;ENSG00000100994;ENSG00000197548;ENSG00000067560;ENSG00000075785;ENSG00000108344;ENSG00000164733;ENSG00000080824;ENSG00000117984;ENSG00000116260;ENSG00000108671;ENSG00000204435;ENSG00000096384;ENSG00000197746;ENSG00000160213;ENSG00000013275;ENSG00000109971;ENSG00000135404;ENSG00000165280;ENSG00000079739;ENSG00000185883;ENSG00000110917;ENSG00000185627;ENSG00000196743;ENSG00000173692;ENSG00000064601;ENSG00000166598;ENSG00000030582;ENSG00000175166;ENSG00000115073;ENSG00000184009;ENSG00000075624;ENSG00000244038;ENSG00000142192;ENSG00000131473;ENSG00000172757;ENSG00000105568;ENSG00000174775;ENSG00000196262;ENSG00000196419;ENSG00000254999;ENSG00000103187;ENSG00000106244;ENSG00000126067;ENSG00000072062;ENSG00000099817;ENSG00000079246;ENSG00000101182;ENSG00000177700;ENSG00000160014;ENSG00000141959;ENSG00000114738;ENSG00000186431;ENSG00000115523;ENSG00000084207;ENSG00000164062;ENSG00000165916;ENSG00000105220;ENSG00000184216;ENSG00000170043;ENSG00000211896;ENSG00000179142;ENSG00000130429;ENSG00000142507;ENSG00000124102;ENSG00000099341;ENSG00000147614;ENSG00000188257
prerank,REACTOME_MAPK_FAMILY_SIGNALING_CASCADES,0.31483744871487535,1.7818635893899053,0.0,0.027254120493024194,0.7849,41/293,3.91%,ENSG00000100804;ENSG00000082898;ENSG00000138798;ENSG00000140575;ENSG00000162734;ENSG00000087191;ENSG00000177885;ENSG00000100764;ENSG00000115233;ENSG00000069956;ENSG00000213639;ENSG00000041357;ENSG00000103035;ENSG00000137076;ENSG00000035403;ENSG00000197694;ENSG00000130706;ENSG00000103653;ENSG00000150991;ENSG00000100902;ENSG00000169032;ENSG00000108344;ENSG00000108671;ENSG00000013275;ENSG00000185627;ENSG00000173692;ENSG00000175166;ENSG00000166913;ENSG00000184009;ENSG00000075624;ENSG00000105568;ENSG00000174775;ENSG00000126067;ENSG00000072062;ENSG00000011485;ENSG00000101182;ENSG00000167085;ENSG00000165916;ENSG00000142507;ENSG00000099341;ENSG00000165731
prerank,REACTOME_NEUROTRANSMITTER_RELEASE_CYCLE,0.4207929189368165,1.7767878896024483,0.0005165289256198347,0.0280150188925684,0.7983,19/49,15.57%,ENSG00000143847;ENSG00000106089;ENSG00000101152;ENSG00000109971;ENSG00000144746;ENSG00000111181;ENSG00000162383;ENSG00000185666;ENSG00000067715;ENSG00000115665;ENSG00000107282;ENSG00000105649;ENSG00000165646;ENSG00000111052;ENSG00000112499;ENSG00000008056;ENSG00000177380;ENSG00000104888;ENSG00000101438
prerank,REACTOME_NEF_MEDIATES_DOWN_MODULATION_OF_CELL_SURFACE_RECEPTORS_BY_RECRUITING_THEM_TO_CLATHRIN_ADAPTERS,0.5146024434098415,1.7773329224507572,0.006331618519984171,0.028045719995781627,0.7965,6/21,4.78%,ENSG00000100280;ENSG00000161203;ENSG00000143761;ENSG00000106367;ENSG00000042753;ENSG00000178562
prerank,REACTOME_REGULATION_OF_INSULIN_SECRETION,0.3845795950295895,1.773342803623257,0.0006402048655569782,0.028401258617556695,0.805,17/76,7.79%,ENSG00000149782;ENSG00000078369;ENSG00000140575;ENSG00000117394;ENSG00000108946;ENSG00000106089;ENSG00000087460;ENSG00000072062;ENSG00000114353;ENSG00000254647;ENSG00000168243;ENSG00000151067;ENSG00000162188;ENSG00000006071;ENSG00000115263;ENSG00000007402;ENSG00000133019
prerank,REACTOME_LOSS_OF_FUNCTION_OF_MECP2_IN_RETT_SYNDROME,0.594425752905122,1.773344101748545,0.01278409090909091,0.02855645675207886,0.805,4/13,2.70%,ENSG00000169375;ENSG00000171720;ENSG00000116478;ENSG00000072062
prerank,REACTOME_FORMATION_OF_THE_CORNIFIED_ENVELOPE,0.36288718088504873,1.76683647767382,0.0,0.029587087970311076,0.8184,33/106,10.38%,ENSG00000014216;ENSG00000197084;ENSG00000126247;ENSG00000170523;ENSG00000203782;ENSG00000169474;ENSG00000124102;ENSG00000159455;ENSG00000118898;ENSG00000186207;ENSG00000215853;ENSG00000167754;ENSG00000186049;ENSG00000186832;ENSG00000163202;ENSG00000131737;ENSG00000240386;ENSG00000159450;ENSG00000170486;ENSG00000203784;ENSG00000203785;ENSG00000235942;ENSG00000104055;ENSG00000142615;ENSG00000170477;ENSG00000170442;ENSG00000169469;ENSG00000170423;ENSG00000187223;ENSG00000134760;ENSG00000185479;ENSG00000196734;ENSG00000187180
prerank,REACTOME_RHO_GTPASES_ACTIVATE_IQGAPS,0.4662731697387634,1.764514601424843,0.006289308176100629,0.02997732998543838,0.8227,9/31,6.68%,ENSG00000140575;ENSG00000258947;ENSG00000127824;ENSG00000044115;ENSG00000167553;ENSG00000184009;ENSG00000075624;ENSG00000123416;ENSG00000188229
prerank,REACTOME_FC_EPSILON_RECEPTOR_FCERI_SIGNALING,0.33448341466881104,1.762048013229081,0.0,0.030014671096194125,0.8273,23/167,3.55%,ENSG00000100804;ENSG00000087191;ENSG00000177885;ENSG00000100764;ENSG00000115233;ENSG00000041357;ENSG00000103035;ENSG00000241244;ENSG00000130706;ENSG00000150991;ENSG00000100902;ENSG00000108344;ENSG00000108671;ENSG00000013275;ENSG00000185627;ENSG00000173692;ENSG00000175166;ENSG00000174775;ENSG00000126067;ENSG00000101182;ENSG00000165916;ENSG00000142507;ENSG00000099341
prerank,REACTOME_DOWNREGULATION_OF_TGF_BETA_RECEPTOR_SIGNALING,0.4814672676904056,1.7635461773264987,0.00507399577167019,0.030014985321453615,0.8246,6/26,2.99%,ENSG00000082898;ENSG00000166949;ENSG00000213639;ENSG00000150991;ENSG00000105329;ENSG00000172531
prerank,REACTOME_TANDEM_PORE_DOMAIN_POTASSIUM_CHANNELS,0.6233841261617828,1.7627381028499798,0.013556903317873707,0.03003648735482175,0.8261,6/11,13.67%,ENSG00000173338;ENSG00000100433;ENSG00000135750;ENSG00000124780;ENSG00000182450;ENSG00000169427
prerank,REACTOME_GAP_FILLING_DNA_REPAIR_SYNTHESIS_AND_LIGATION_IN_GG_NER,-0.5602036261562393,-1.7067912868892217,0.003519290928050052,0.03196455057531689,0.8809,14/25,14.26%,ENSG00000111445;ENSG00000100479;ENSG00000106399;ENSG00000132646;ENSG00000175482;ENSG00000115350;ENSG00000163918;ENSG00000049541;ENSG00000133119;ENSG00000077514;ENSG00000143947;ENSG00000117748;ENSG00000221983;ENSG00000062822
prerank,REACTOME_RHO_GTPASES_ACTIVATE_PKNS,0.41317415150214626,1.7472236225304865,0.002044989775051125,0.03301076057775487,0.8549,11/49,4.36%,ENSG00000213639;ENSG00000134308;ENSG00000128245;ENSG00000100345;ENSG00000067560;ENSG00000170027;ENSG00000108953;ENSG00000092841;ENSG00000166913;ENSG00000164344;ENSG00000167751
prerank,REACTOME_FCGAMMA_RECEPTOR_FCGR_DEPENDENT_PHAGOCYTOSIS,0.3427456400411512,1.747456897484876,0.0,0.03312605056318472,0.8542,20/138,3.95%,ENSG00000157483;ENSG00000138071;ENSG00000177885;ENSG00000213672;ENSG00000106683;ENSG00000241244;ENSG00000115091;ENSG00000100345;ENSG00000197535;ENSG00000163466;ENSG00000241553;ENSG00000080824;ENSG00000096384;ENSG00000184009;ENSG00000075624;ENSG00000172757;ENSG00000254999;ENSG00000211896;ENSG00000130429;ENSG00000241685
prerank,REACTOME_RECOGNITION_AND_ASSOCIATION_OF_DNA_GLYCOSYLASE_WITH_SITE_CONTAINING_AN_AFFECTED_PURINE,-0.5573577390747616,-1.7019402908169556,0.002758801891749869,0.0333995317390906,0.8955,23/25,42.81%,ENSG00000109674;ENSG00000146047;ENSG00000105968;ENSG00000188486;ENSG00000132781;ENSG00000246705;ENSG00000114026;ENSG00000196890;ENSG00000197903;ENSG00000103152;ENSG00000180573;ENSG00000180596;ENSG00000147601;ENSG00000124635;ENSG00000184678;ENSG00000168148;ENSG00000158406;ENSG00000092330;ENSG00000184260;ENSG00000166848;ENSG00000158373;ENSG00000102977;ENSG00000197837
prerank,REACTOME_APC_CDC20_MEDIATED_DEGRADATION_OF_NEK2A,-0.5516796205928568,-1.6984447568333783,0.0036735764891104696,0.0342701258193741,0.9034,17/26,21.57%,ENSG00000175063;ENSG00000156970;ENSG00000094880;ENSG00000117399;ENSG00000164109;ENSG00000117650;ENSG00000154473;ENSG00000141552;ENSG00000166295;ENSG00000004897;ENSG00000143947;ENSG00000221983;ENSG00000089053;ENSG00000108106;ENSG00000164162;ENSG00000053900;ENSG00000153107
prerank,REACTOME_SIGNALING_BY_EGFR,0.4048900848183388,1.7405561110164018,0.001027221366204417,0.03446354694852498,0.8655,8/52,2.39%,ENSG00000151694;ENSG00000138798;ENSG00000185359;ENSG00000177885;ENSG00000137845;ENSG00000103653;ENSG00000150991;ENSG00000174775
prerank,REACTOME_SYNTHESIS_OF_LEUKOTRIENES_LT_AND_EOXINS_EX,0.5204607806094514,1.7394000005739378,0.012571428571428572,0.034558624938551316,0.8671,3/19,1.66%,ENSG00000111144;ENSG00000103222;ENSG00000106853
prerank,REACTOME_TP53_REGULATES_METABOLIC_GENES,0.3720999999462723,1.731022959854602,0.0,0.03648967324388644,0.8807,15/80,4.10%,ENSG00000168209;ENSG00000160211;ENSG00000104687;ENSG00000134308;ENSG00000136810;ENSG00000128245;ENSG00000170027;ENSG00000108953;ENSG00000166913;ENSG00000126432;ENSG00000167815;ENSG00000126267;ENSG00000105220;ENSG00000178741;ENSG00000117450
prerank,REACTOME_EARLY_PHASE_OF_HIV_LIFE_CYCLE,0.5667011493191426,1.7294686694915795,0.01595937613347842,0.03653158851020305,0.8835,6/14,4.79%,ENSG00000196262;ENSG00000196419;ENSG00000137309;ENSG00000175334;ENSG00000079246;ENSG00000168496
prerank,REACTOME_SIGNALING_BY_WNT,0.3098821757680704,1.729939599456008,0.0,0.036588572915708724,0.8828,45/268,7.04%,ENSG00000100804;ENSG00000149782;ENSG00000082898;ENSG00000078369;ENSG00000087191;ENSG00000166477;ENSG00000100764;ENSG00000115233;ENSG00000116478;ENSG00000069329;ENSG00000041357;ENSG00000103035;ENSG00000130706;ENSG00000150991;ENSG00000100902;ENSG00000067560;ENSG00000108344;ENSG00000108671;ENSG00000204435;ENSG00000013275;ENSG00000185627;ENSG00000173692;ENSG00000141367;ENSG00000161203;ENSG00000175166;ENSG00000105568;ENSG00000127616;ENSG00000126067;ENSG00000108518;ENSG00000101182;ENSG00000042753;ENSG00000165916;ENSG00000142507;ENSG00000099341;ENSG00000168243;ENSG00000167941;ENSG00000145423;ENSG00000126583;ENSG00000168772;ENSG00000162188;ENSG00000138669;ENSG00000162552;ENSG00000154001;ENSG00000075290;ENSG00000181449
prerank,REACTOME_PROCESSIVE_SYNTHESIS_ON_THE_LAGGING_STRAND,-0.6302674447712912,-1.6891955586302474,0.005477201150212241,0.03716381518818776,0.9256,10/15,14.26%,ENSG00000106399;ENSG00000198056;ENSG00000132646;ENSG00000175482;ENSG00000138346;ENSG00000014138;ENSG00000077514;ENSG00000117748;ENSG00000101868;ENSG00000062822
prerank,REACTOME_REGULATION_OF_T_CELL_ACTIVATION_BY_CD28_FAMILY,0.31834636169777747,1.7256495212480574,0.0,0.037360879635681944,0.8891,32/221,3.55%,ENSG00000100804;ENSG00000100644;ENSG00000087191;ENSG00000177885;ENSG00000100764;ENSG00000115233;ENSG00000041357;ENSG00000103035;ENSG00000130706;ENSG00000103653;ENSG00000150991;ENSG00000100902;ENSG00000108344;ENSG00000170027;ENSG00000108671;ENSG00000204435;ENSG00000163902;ENSG00000013275;ENSG00000165280;ENSG00000185627;ENSG00000173692;ENSG00000175166;ENSG00000118705;ENSG00000244038;ENSG00000135506;ENSG00000105568;ENSG00000126067;ENSG00000101182;ENSG00000165916;ENSG00000114013;ENSG00000142507;ENSG00000099341
prerank,REACTOME_HDR_THROUGH_SINGLE_STRAND_ANNEALING_SSA,-0.5133292103969977,-1.6900693127728088,0.0053544110147883735,0.037426749409880646,0.9237,20/35,27.54%,ENSG00000111445;ENSG00000174371;ENSG00000051180;ENSG00000106399;ENSG00000197299;ENSG00000171792;ENSG00000175643;ENSG00000163918;ENSG00000138346;ENSG00000049541;ENSG00000133119;ENSG00000012048;ENSG00000164053;ENSG00000117748;ENSG00000113522;ENSG00000101773;ENSG00000163781;ENSG00000152942;ENSG00000178966;ENSG00000151164
prerank,REACTOME_PINK1_PRKN_MEDIATED_MITOPHAGY,0.45231726803627914,1.7229192070169703,0.008093525179856115,0.03789262305099418,0.8931,6/31,1.51%,ENSG00000165637;ENSG00000116688;ENSG00000213585;ENSG00000198925;ENSG00000150991;ENSG00000078668
prerank,REACTOME_E2F_MEDIATED_REGULATION_OF_DNA_REPLICATION,-0.5675388346635767,-1.68540075877563,0.004944540959508218,0.038318724292183734,0.9342,11/22,13.83%,ENSG00000170312;ENSG00000134057;ENSG00000198056;ENSG00000101412;ENSG00000125885;ENSG00000104695;ENSG00000014138;ENSG00000114126;ENSG00000198176;ENSG00000091651;ENSG00000101868
prerank,REACTOME_MITOPHAGY,0.42904676248750884,1.7149825242345509,0.008812615955473098,0.03969164079891109,0.9075,7/37,1.84%,ENSG00000165637;ENSG00000116688;ENSG00000213585;ENSG00000198925;ENSG00000150991;ENSG00000078668;ENSG00000204435
prerank,REACTOME_INTERACTIONS_OF_REV_WITH_HOST_CELLULAR_PROTEINS,0.435265274810566,1.7155762778085315,0.004389815627743635,0.03971127258570825,0.9061,7/36,2.93%,ENSG00000100401;ENSG00000082898;ENSG00000094914;ENSG00000213024;ENSG00000108424;ENSG00000132341;ENSG00000102900
prerank,REACTOME_PROTEIN_PROTEIN_INTERACTIONS_AT_SYNAPSES,0.36176672866397674,1.7135889738343817,0.0,0.03986865610953632,0.9099,22/85,9.57%,ENSG00000143847;ENSG00000106089;ENSG00000137312;ENSG00000136279;ENSG00000132589;ENSG00000110841;ENSG00000185985;ENSG00000146006;ENSG00000161681;ENSG00000110076;ENSG00000067715;ENSG00000152822;ENSG00000178235;ENSG00000153707;ENSG00000155511;ENSG00000169760;ENSG00000162951;ENSG00000107282;ENSG00000156564;ENSG00000173227;ENSG00000273079;ENSG00000152578
prerank,REACTOME_CONDENSATION_OF_PROMETAPHASE_CHROMOSOMES,-0.6961538012782398,-1.6779456926551177,0.004781997187060478,0.04119144542704812,0.9471,6/10,3.20%,ENSG00000121152;ENSG00000157456;ENSG00000170312;ENSG00000134057;ENSG00000109805;ENSG00000113810
prerank,REACTOME_PROCESSING_OF_DNA_DOUBLE_STRAND_BREAK_ENDS,-0.4449248998545384,-1.6759404761842362,0.0009489916963226571,0.04150595875923251,0.9501,40/73,27.57%,ENSG00000163322;ENSG00000111445;ENSG00000174371;ENSG00000106399;ENSG00000145386;ENSG00000146047;ENSG00000123374;ENSG00000092853;ENSG00000111602;ENSG00000197299;ENSG00000171792;ENSG00000175643;ENSG00000149554;ENSG00000163918;ENSG00000035499;ENSG00000138346;ENSG00000049541;ENSG00000133119;ENSG00000188486;ENSG00000012048;ENSG00000169139;ENSG00000143947;ENSG00000196890;ENSG00000164053;ENSG00000117748;ENSG00000197903;ENSG00000221983;ENSG00000149923;ENSG00000105393;ENSG00000113522;ENSG00000180596;ENSG00000101773;ENSG00000188612;ENSG00000163781;ENSG00000152942;ENSG00000112130;ENSG00000178966;ENSG00000075131;ENSG00000151164;ENSG00000124635
prerank,REACTOME_DISORDERS_OF_DEVELOPMENTAL_BIOLOGY,0.5177497484151412,1.7050350278265116,0.014722975590856257,0.04181978253333439,0.92,4/18,2.70%,ENSG00000169375;ENSG00000171720;ENSG00000116478;ENSG00000072062
prerank,REACTOME_PROCESSING_OF_CAPPED_INTRON_CONTAINING_PRE_MRNA,0.3024344708077963,1.7053250847902255,0.0,0.04194251074489876,0.9197,37/287,3.12%,ENSG00000183258;ENSG00000145833;ENSG00000153187;ENSG00000144028;ENSG00000189091;ENSG00000174231;ENSG00000094914;ENSG00000165119;ENSG00000213024;ENSG00000213639;ENSG00000104783;ENSG00000108883;ENSG00000109606;ENSG00000111786;ENSG00000111605;ENSG00000119392;ENSG00000135829;ENSG00000132792;ENSG00000136450;ENSG00000125755;ENSG00000150991;ENSG00000130520;ENSG00000122566;ENSG00000087365;ENSG00000087087;ENSG00000099783;ENSG00000089280;ENSG00000109971;ENSG00000092199;ENSG00000104824;ENSG00000077312;ENSG00000163634;ENSG00000099817;ENSG00000177700;ENSG00000102900;ENSG00000172531;ENSG00000181222
prerank,REACTOME_AUTOPHAGY,0.32527131265931347,1.7013166723296758,0.0,0.0424880408101258,0.9253,20/155,2.83%,ENSG00000026025;ENSG00000165637;ENSG00000116688;ENSG00000213585;ENSG00000105355;ENSG00000197102;ENSG00000258947;ENSG00000127824;ENSG00000198925;ENSG00000150991;ENSG00000078668;ENSG00000197548;ENSG00000167553;ENSG00000080824;ENSG00000204435;ENSG00000096384;ENSG00000109971;ENSG00000165280;ENSG00000116288;ENSG00000130724
prerank,REACTOME_INSERTION_OF_TAIL_ANCHORED_PROTEINS_INTO_THE_ENDOPLASMIC_RETICULUM_MEMBRANE,0.4873072212641681,1.7013629082785147,0.013194722111155539,0.04268542761473809,0.9252,6/22,4.55%,ENSG00000106089;ENSG00000204463;ENSG00000132432;ENSG00000142192;ENSG00000198356;ENSG00000182093
prerank,REACTOME_PARASITE_INFECTION,0.3434639949929038,1.6982084739033412,0.0,0.043129987715473495,0.9287,16/111,3.95%,ENSG00000157483;ENSG00000138071;ENSG00000177885;ENSG00000213672;ENSG00000241244;ENSG00000115091;ENSG00000100345;ENSG00000197535;ENSG00000163466;ENSG00000241553;ENSG00000184009;ENSG00000075624;ENSG00000254999;ENSG00000211896;ENSG00000130429;ENSG00000241685
prerank,REACTOME_RHO_GTPASES_ACTIVATE_FORMINS,-0.4062723399952437,-1.670838042487129,0.0003330373001776199,0.04338956182099023,0.957,58/138,16.29%,ENSG00000143228;ENSG00000166851;ENSG00000152253;ENSG00000163535;ENSG00000102384;ENSG00000089685;ENSG00000115163;ENSG00000178999;ENSG00000070087;ENSG00000156970;ENSG00000154839;ENSG00000137812;ENSG00000101162;ENSG00000080986;ENSG00000142945;ENSG00000129810;ENSG00000175216;ENSG00000117399;ENSG00000186871;ENSG00000138778;ENSG00000120334;ENSG00000169679;ENSG00000164109;ENSG00000155366;ENSG00000161888;ENSG00000154473;ENSG00000117724;ENSG00000153044;ENSG00000149636;ENSG00000197122;ENSG00000150093;ENSG00000121621;ENSG00000104695;ENSG00000177954;ENSG00000137267;ENSG00000167842;ENSG00000184445;ENSG00000040275;ENSG00000157020;ENSG00000161791;ENSG00000138092;ENSG00000151725;ENSG00000134690;ENSG00000166451;ENSG00000178462;ENSG00000174442;ENSG00000072864;ENSG00000075188;ENSG00000182628;ENSG00000160783;ENSG00000183785;ENSG00000142856;ENSG00000090273;ENSG00000160551;ENSG00000004975;ENSG00000186298;ENSG00000075886;ENSG00000176014
prerank,REACTOME_TYPE_I_HEMIDESMOSOME_ASSEMBLY,0.602801385146127,1.6958380080603008,0.02086230876216968,0.043591666014271564,0.9303,2/11,1.77%,ENSG00000178209;ENSG00000177697
prerank,REACTOME_FORMATION_OF_ATP_BY_CHEMIOSMOTIC_COUPLING,0.4976077650787153,1.6948247728587436,0.016915022150624244,0.04367515681297253,0.9314,7/20,3.10%,ENSG00000167863;ENSG00000241468;ENSG00000165629;ENSG00000110955;ENSG00000152234;ENSG00000154518;ENSG00000159199
prerank,REACTOME_ABERRANT_REGULATION_OF_MITOTIC_EXIT_IN_CANCER_DUE_TO_RB1_DEFECTS,-0.5774238159119205,-1.6688812560906772,0.006035407725321888,0.04372240346553488,0.9601,14/20,28.59%,ENSG00000175063;ENSG00000094880;ENSG00000126756;ENSG00000141552;ENSG00000166295;ENSG00000004897;ENSG00000089053;ENSG00000108106;ENSG00000164162;ENSG00000053900;ENSG00000153107;ENSG00000105325;ENSG00000072401;ENSG00000170142
prerank,REACTOME_INFLUENZA_VIRAL_RNA_TRANSCRIPTION_AND_REPLICATION,-0.4054935660097645,-1.6631178278250052,0.0002241398632746834,0.0459427056709933,0.9666,90/131,35.98%,ENSG00000174444;ENSG00000149806;ENSG00000100142;ENSG00000131469;ENSG00000005075;ENSG00000105372;ENSG00000168002;ENSG00000147669;ENSG00000058804;ENSG00000115268;ENSG00000142676;ENSG00000198755;ENSG00000130255;ENSG00000136942;ENSG00000162244;ENSG00000142541;ENSG00000156482;ENSG00000105640;ENSG00000100316;ENSG00000177954;ENSG00000177600;ENSG00000109475;ENSG00000157020;ENSG00000105258;ENSG00000116251;ENSG00000172809;ENSG00000265681;ENSG00000065150;ENSG00000071082;ENSG00000143947;ENSG00000143799;ENSG00000140988;ENSG00000139496;ENSG00000075188;ENSG00000167526;ENSG00000221983;ENSG00000037241;ENSG00000102580;ENSG00000063177;ENSG00000122406;ENSG00000149273;ENSG00000118181;ENSG00000140986;ENSG00000161970;ENSG00000147604;ENSG00000110700;ENSG00000108298;ENSG00000198034;ENSG00000142937;ENSG00000122026;ENSG00000155561;ENSG00000137818;ENSG00000213741;ENSG00000102978;ENSG00000153201;ENSG00000145592;ENSG00000089157;ENSG00000112306;ENSG00000138750;ENSG00000069248;ENSG00000197728;ENSG00000174748;ENSG00000182899;ENSG00000168028;ENSG00000144713;ENSG00000197958;ENSG00000047410;ENSG00000145425;ENSG00000198918;ENSG00000161016;ENSG00000083845;ENSG00000166441;ENSG00000047315;ENSG00000136243;ENSG00000125691;ENSG00000105193;ENSG00000171863;ENSG00000124614;ENSG00000142534;ENSG00000108107;ENSG00000185088;ENSG00000089009;ENSG00000137876;ENSG00000134419;ENSG00000188342;ENSG00000137154;ENSG00000008988;ENSG00000124789;ENSG00000163882;ENSG00000030066
prerank,REACTOME_REGULATION_OF_GLYCOLYSIS_BY_FRUCTOSE_2_6_BISPHOSPHATE_METABOLISM,0.5826029935875882,1.6855301540323888,0.020422535211267606,0.04623876292461803,0.9407,4/12,2.70%,ENSG00000170525;ENSG00000114268;ENSG00000105568;ENSG00000072062
prerank,REACTOME_CONSTITUTIVE_SIGNALING_BY_OVEREXPRESSED_ERBB2,0.5945908543182228,1.6805003575955235,0.023411371237458192,0.04758159762500813,0.9459,4/11,2.64%,ENSG00000177885;ENSG00000080824;ENSG00000174775;ENSG00000105401
prerank,REACTOME_G2_M_CHECKPOINTS,0.3325198363090965,1.6783261190553096,0.0,0.04799939045778558,0.9474,27/130,3.98%,ENSG00000100804;ENSG00000158019;ENSG00000087191;ENSG00000100764;ENSG00000115233;ENSG00000041357;ENSG00000134308;ENSG00000103035;ENSG00000128245;ENSG00000130706;ENSG00000150991;ENSG00000100902;ENSG00000108344;ENSG00000170027;ENSG00000108671;ENSG00000013275;ENSG00000108953;ENSG00000185627;ENSG00000173692;ENSG00000175166;ENSG00000166913;ENSG00000126067;ENSG00000101182;ENSG00000165916;ENSG00000142507;ENSG00000099341;ENSG00000104738
prerank,REACTOME_GLYCOGEN_SYNTHESIS,0.5460311452329142,1.6772167106664477,0.024506217995610827,0.04813501820726486,0.9487,4/14,1.92%,ENSG00000114480;ENSG00000104812;ENSG00000150991;ENSG00000079739
prerank,REACTOME_PASSIVE_TRANSPORT_BY_AQUAPORINS,-0.6366465670447845,-1.655380592620745,0.006956037840845854,0.0489025347641235,0.9745,6/13,20.07%,ENSG00000165269;ENSG00000167580;ENSG00000143595;ENSG00000165272;ENSG00000103569;ENSG00000103375
prerank,REACTOME_DEFECTIVE_PYROPTOSIS,-0.5210386893609209,-1.652704241590748,0.005470887065259867,0.048945337606777016,0.9779,27/30,43.57%,ENSG00000198056;ENSG00000146047;ENSG00000105968;ENSG00000178691;ENSG00000014138;ENSG00000130816;ENSG00000188486;ENSG00000246705;ENSG00000105928;ENSG00000196890;ENSG00000197903;ENSG00000101868;ENSG00000106462;ENSG00000180573;ENSG00000180596;ENSG00000124635;ENSG00000197409;ENSG00000184678;ENSG00000074266;ENSG00000119772;ENSG00000162521;ENSG00000158406;ENSG00000184260;ENSG00000158373;ENSG00000132475;ENSG00000197837;ENSG00000102054
prerank,REACTOME_COMPLEX_I_BIOGENESIS,-0.4451731314322983,-1.6534959706465957,0.0015513126491646777,0.04923884581388347,0.9768,32/68,21.26%,ENSG00000137038;ENSG00000090266;ENSG00000004779;ENSG00000213619;ENSG00000136521;ENSG00000125356;ENSG00000165264;ENSG00000099795;ENSG00000267855;ENSG00000140990;ENSG00000147123;ENSG00000170906;ENSG00000184983;ENSG00000109390;ENSG00000131495;ENSG00000065518;ENSG00000147684;ENSG00000110717;ENSG00000113845;ENSG00000105341;ENSG00000128609;ENSG00000119013;ENSG00000145494;ENSG00000174886;ENSG00000119421;ENSG00000183648;ENSG00000178057;ENSG00000151366;ENSG00000115286;ENSG00000130159;ENSG00000003509;ENSG00000167792
prerank,REACTOME_TRANSLESION_SYNTHESIS_BY_Y_FAMILY_DNA_POLYMERASES_BYPASSES_LESIONS_ON_DNA_TEMPLATE,-0.493520666389229,-1.6556823868795132,0.005070351121815185,0.04947989511711322,0.9742,19/39,15.29%,ENSG00000111445;ENSG00000100479;ENSG00000106399;ENSG00000051341;ENSG00000166803;ENSG00000132646;ENSG00000175482;ENSG00000115350;ENSG00000163918;ENSG00000049541;ENSG00000133119;ENSG00000077514;ENSG00000182179;ENSG00000156587;ENSG00000143947;ENSG00000117748;ENSG00000221983;ENSG00000062822;ENSG00000116670
prerank,REACTOME_MECP2_REGULATES_NEURONAL_RECEPTORS_AND_CHANNELS,0.5069729167773642,1.671362389329273,0.021497120921305183,0.0495441747675179,0.953,3/18,0.95%,ENSG00000169375;ENSG00000116478;ENSG00000059804
prerank,REACTOME_CELLULAR_RESPONSE_TO_STARVATION,-0.395850248725023,-1.6502891831254678,0.0002212634140944795,0.049555387656394875,0.9798,94/150,33.95%,ENSG00000167965;ENSG00000174444;ENSG00000149806;ENSG00000131469;ENSG00000162772;ENSG00000149357;ENSG00000188186;ENSG00000105372;ENSG00000115268;ENSG00000213760;ENSG00000142676;ENSG00000198755;ENSG00000130255;ENSG00000136942;ENSG00000162244;ENSG00000142541;ENSG00000156482;ENSG00000105640;ENSG00000100316;ENSG00000153879;ENSG00000177954;ENSG00000177600;ENSG00000109475;ENSG00000157020;ENSG00000116251;ENSG00000172809;ENSG00000265681;ENSG00000113732;ENSG00000047249;ENSG00000071082;ENSG00000118162;ENSG00000101255;ENSG00000143947;ENSG00000125977;ENSG00000140988;ENSG00000128524;ENSG00000154059;ENSG00000164654;ENSG00000167526;ENSG00000221983;ENSG00000037241;ENSG00000171130;ENSG00000063177;ENSG00000134248;ENSG00000122406;ENSG00000127580;ENSG00000149273;ENSG00000115966;ENSG00000130147;ENSG00000118181;ENSG00000140986;ENSG00000161970;ENSG00000147604;ENSG00000110700;ENSG00000108298;ENSG00000114388;ENSG00000198034;ENSG00000142937;ENSG00000122026;ENSG00000137818;ENSG00000213741;ENSG00000136888;ENSG00000109270;ENSG00000155097;ENSG00000117410;ENSG00000145592;ENSG00000089157;ENSG00000112306;ENSG00000197728;ENSG00000174748;ENSG00000182899;ENSG00000168028;ENSG00000144713;ENSG00000197958;ENSG00000116954;ENSG00000145425;ENSG00000198918;ENSG00000161016;ENSG00000083845;ENSG00000166441;ENSG00000125691;ENSG00000103091;ENSG00000105193;ENSG00000171863;ENSG00000175197;ENSG00000124614;ENSG00000142534;ENSG00000116586;ENSG00000108107;ENSG00000185088;ENSG00000110719;ENSG00000089009;ENSG00000137876;ENSG00000134419
prerank,REACTOME_NEDDYLATION,0.30666293693751184,1.6717569851737106,0.0,0.049637738488228174,0.9529,33/229,3.94%,ENSG00000100804;ENSG00000100644;ENSG00000087191;ENSG00000099364;ENSG00000100764;ENSG00000115233;ENSG00000041357;ENSG00000064726;ENSG00000103035;ENSG00000136485;ENSG00000130706;ENSG00000150991;ENSG00000100902;ENSG00000176871;ENSG00000108344;ENSG00000108671;ENSG00000013275;ENSG00000165280;ENSG00000185627;ENSG00000173692;ENSG00000254986;ENSG00000175166;ENSG00000167986;ENSG00000126067;ENSG00000101182;ENSG00000070010;ENSG00000129559;ENSG00000111652;ENSG00000165916;ENSG00000168090;ENSG00000142507;ENSG00000099341;ENSG00000169727
prerank,REACTOME_NUCLEOTIDE_CATABOLISM,-0.5040910434988917,-1.6473483739473829,0.0070449596515947226,0.049771087030907504,0.9821,13/34,17.09%,ENSG00000136159;ENSG00000165609;ENSG00000185013;ENSG00000198018;ENSG00000112667;ENSG00000122912;ENSG00000054179;ENSG00000125458;ENSG00000198585;ENSG00000197217;ENSG00000116981;ENSG00000158125;ENSG00000205309
prerank,REACTOME_TGF_BETA_RECEPTOR_SIGNALING_IN_EMT_EPITHELIAL_TO_MESENCHYMAL_TRANSITION,0.5230473799322134,1.6696829233503478,0.01957831325301205,0.04985438454234664,0.9542,4/16,2.05%,ENSG00000150991;ENSG00000088832;ENSG00000067560;ENSG00000105329
prerank,REACTOME_SENESCENCE_ASSOCIATED_SECRETORY_PHENOTYPE_SASP,-0.44117831777631233,-1.6474367589159364,0.0024976213130352047,0.05043938374250843,0.9821,38/69,28.59%,ENSG00000175063;ENSG00000145386;ENSG00000146047;ENSG00000123374;ENSG00000094880;ENSG00000105968;ENSG00000141552;ENSG00000117676;ENSG00000166295;ENSG00000102882;ENSG00000071242;ENSG00000188486;ENSG00000004897;ENSG00000143947;ENSG00000246705;ENSG00000196890;ENSG00000197903;ENSG00000129355;ENSG00000221983;ENSG00000089053;ENSG00000108106;ENSG00000135446;ENSG00000164162;ENSG00000123080;ENSG00000100030;ENSG00000180573;ENSG00000151650;ENSG00000180596;ENSG00000053900;ENSG00000153107;ENSG00000105325;ENSG00000115008;ENSG00000072401;ENSG00000136244;ENSG00000111276;ENSG00000124635;ENSG00000197409;ENSG00000170142
prerank,REACTOME_LGI_ADAM_INTERACTIONS,0.5384328937308541,1.6634700790045616,0.02201371346084446,0.050490845905472995,0.9588,4/14,9.21%,ENSG00000106089;ENSG00000108231;ENSG00000042980;ENSG00000099365
prerank,REACTOME_METABOLISM_OF_CARBOHYDRATES_AND_CARBOHYDRATE_DERIVATIVES,0.2964100942413496,1.6659814070727539,0.0,0.05059587823253155,0.9572,36/289,3.23%,ENSG00000152556;ENSG00000026508;ENSG00000142657;ENSG00000094914;ENSG00000170525;ENSG00000160211;ENSG00000114480;ENSG00000114268;ENSG00000213024;ENSG00000104812;ENSG00000117394;ENSG00000109107;ENSG00000108515;ENSG00000067057;ENSG00000111674;ENSG00000150991;ENSG00000124145;ENSG00000100994;ENSG00000063660;ENSG00000103888;ENSG00000079739;ENSG00000177156;ENSG00000213614;ENSG00000115652;ENSG00000138801;ENSG00000105568;ENSG00000085662;ENSG00000074800;ENSG00000141349;ENSG00000072062;ENSG00000111640;ENSG00000141959;ENSG00000102900;ENSG00000117308;ENSG00000111669;ENSG00000105220
prerank,REACTOME_NERVOUS_SYSTEM_DEVELOPMENT,0.2809170975802545,1.6643459460356371,0.0,0.0506724767143683,0.958,72/545,4.66%,ENSG00000100804;ENSG00000011009;ENSG00000079805;ENSG00000138071;ENSG00000087191;ENSG00000177885;ENSG00000137845;ENSG00000100764;ENSG00000115233;ENSG00000106683;ENSG00000041357;ENSG00000258947;ENSG00000103035;ENSG00000137076;ENSG00000196923;ENSG00000127824;ENSG00000198911;ENSG00000197694;ENSG00000131236;ENSG00000130706;ENSG00000125753;ENSG00000115091;ENSG00000150991;ENSG00000100345;ENSG00000100902;ENSG00000169032;ENSG00000198910;ENSG00000163466;ENSG00000241553;ENSG00000092964;ENSG00000063660;ENSG00000067560;ENSG00000108344;ENSG00000167553;ENSG00000080824;ENSG00000114867;ENSG00000108671;ENSG00000204435;ENSG00000096384;ENSG00000013275;ENSG00000109971;ENSG00000185627;ENSG00000173692;ENSG00000141367;ENSG00000161203;ENSG00000092841;ENSG00000175166;ENSG00000184009;ENSG00000075624;ENSG00000172757;ENSG00000147065;ENSG00000149575;ENSG00000174775;ENSG00000127616;ENSG00000126067;ENSG00000108518;ENSG00000072062;ENSG00000101182;ENSG00000042753;ENSG00000077279;ENSG00000165916;ENSG00000184144;ENSG00000070886;ENSG00000130429;ENSG00000142507;ENSG00000099341;ENSG00000165731;ENSG00000241685;ENSG00000185008;ENSG00000075043;ENSG00000095970;ENSG00000151067
prerank,REACTOME_REGULATION_OF_MITF_M_DEPENDENT_GENES_INVOLVED_IN_LYSOSOME_BIOGENESIS_AND_AUTOPHAGY,0.5171814225903854,1.6649289955872477,0.020762551906379767,0.050709070159146455,0.9579,5/17,1.93%,ENSG00000147416;ENSG00000159720;ENSG00000114573;ENSG00000131100;ENSG00000185883
prerank,REACTOME_TGF_BETA_RECEPTOR_SIGNALING_ACTIVATES_SMADS,0.3983572088525084,1.6634922994526997,0.0102880658436214,0.05071361904543964,0.9588,9/46,2.99%,ENSG00000082898;ENSG00000166949;ENSG00000213639;ENSG00000150991;ENSG00000088832;ENSG00000082781;ENSG00000105329;ENSG00000129559;ENSG00000172531
prerank,REACTOME_INLB_MEDIATED_ENTRY_OF_LISTERIA_MONOCYTOGENES_INTO_HOST_CELL,0.5386630756444477,1.6662827082912264,0.02431834929992631,0.050728430751323966,0.9571,3/15,1.47%,ENSG00000185359;ENSG00000177885;ENSG00000150991
prerank,REACTOME_SIGNALING_BY_ALK_IN_CANCER,0.3482745338779876,1.6602508791127568,0.0021849963583394027,0.05109933170690836,0.9612,12/91,2.54%,ENSG00000177885;ENSG00000116478;ENSG00000108946;ENSG00000204843;ENSG00000035403;ENSG00000126214;ENSG00000150991;ENSG00000100345;ENSG00000110841;ENSG00000141367;ENSG00000147065;ENSG00000136634
prerank,REACTOME_MITOCHONDRIAL_PROTEIN_DEGRADATION,0.34410344909148144,1.6605309653894598,0.0007390983000739098,0.05124168631376222,0.961,17/98,3.29%,ENSG00000105953;ENSG00000166411;ENSG00000084090;ENSG00000067704;ENSG00000062485;ENSG00000131828;ENSG00000196365;ENSG00000023330;ENSG00000142192;ENSG00000100412;ENSG00000167863;ENSG00000072062;ENSG00000186010;ENSG00000165629;ENSG00000110955;ENSG00000152234;ENSG00000178741
prerank,REACTOME_MEIOTIC_RECOMBINATION,-0.47362354539514434,-1.6421903717808235,0.004599701640974639,0.05211377776978937,0.9847,21/46,21.00%,ENSG00000000460;ENSG00000139618;ENSG00000051180;ENSG00000106399;ENSG00000146047;ENSG00000123374;ENSG00000121211;ENSG00000197299;ENSG00000105968;ENSG00000188486;ENSG00000012048;ENSG00000246705;ENSG00000196890;ENSG00000117748;ENSG00000197903;ENSG00000135446;ENSG00000204410;ENSG00000113522;ENSG00000180573;ENSG00000180596;ENSG00000101773
prerank,REACTOME_ER_TO_GOLGI_ANTEROGRADE_TRANSPORT,0.31846903025067624,1.652587161469501,0.0,0.05319420793038311,0.9649,22/152,3.32%,ENSG00000077549;ENSG00000138107;ENSG00000175203;ENSG00000105063;ENSG00000197102;ENSG00000258947;ENSG00000103051;ENSG00000204843;ENSG00000127824;ENSG00000198898;ENSG00000197694;ENSG00000073969;ENSG00000167553;ENSG00000174903;ENSG00000134287;ENSG00000122218;ENSG00000105438;ENSG00000143761;ENSG00000166557;ENSG00000184840;ENSG00000105669;ENSG00000170043
prerank,REACTOME_LEISHMANIA_INFECTION,0.30501939991853183,1.6532227125177226,0.0,0.05319700882960444,0.9648,27/209,4.51%,ENSG00000151694;ENSG00000078369;ENSG00000157483;ENSG00000138071;ENSG00000177885;ENSG00000213672;ENSG00000108946;ENSG00000241244;ENSG00000136810;ENSG00000115091;ENSG00000100345;ENSG00000197535;ENSG00000163466;ENSG00000241553;ENSG00000096384;ENSG00000087460;ENSG00000184009;ENSG00000075624;ENSG00000142192;ENSG00000254999;ENSG00000136634;ENSG00000072062;ENSG00000211896;ENSG00000130429;ENSG00000241685;ENSG00000114353;ENSG00000168243
prerank,REACTOME_INTEGRATION_OF_ENERGY_METABOLISM,0.3383084416145094,1.6499827334306807,0.0,0.05343382759059762,0.9667,20/104,7.79%,ENSG00000149782;ENSG00000078369;ENSG00000140575;ENSG00000117394;ENSG00000108946;ENSG00000106089;ENSG00000087460;ENSG00000177156;ENSG00000131473;ENSG00000105568;ENSG00000072062;ENSG00000114353;ENSG00000254647;ENSG00000168243;ENSG00000151067;ENSG00000162188;ENSG00000006071;ENSG00000115263;ENSG00000007402;ENSG00000133019
prerank,REACTOME_GLUTAMATE_NEUROTRANSMITTER_RELEASE_CYCLE,0.4703926559004697,1.650563482478912,0.013613861386138614,0.053456129325863806,0.9662,5/23,6.81%,ENSG00000143847;ENSG00000106089;ENSG00000144746;ENSG00000162383;ENSG00000067715
prerank,REACTOME_MITF_M_REGULATED_MELANOCYTE_DEVELOPMENT,0.31904888913649004,1.6508493826346982,0.0,0.05358673664888186,0.9661,21/156,4.04%,ENSG00000147416;ENSG00000082898;ENSG00000169375;ENSG00000159720;ENSG00000115866;ENSG00000114573;ENSG00000116478;ENSG00000065427;ENSG00000131504;ENSG00000128245;ENSG00000197535;ENSG00000131100;ENSG00000170027;ENSG00000108953;ENSG00000185883;ENSG00000166913;ENSG00000075624;ENSG00000127616;ENSG00000099956;ENSG00000166603;ENSG00000152977
prerank,REACTOME_DNA_REPLICATION_PRE_INITIATION,0.3359615510637929,1.6407853447471321,0.0016406890894175555,0.05525621215841726,0.9718,22/105,3.98%,ENSG00000100804;ENSG00000087191;ENSG00000100764;ENSG00000115233;ENSG00000108424;ENSG00000041357;ENSG00000103035;ENSG00000130706;ENSG00000150991;ENSG00000100902;ENSG00000108344;ENSG00000108671;ENSG00000013275;ENSG00000185627;ENSG00000173692;ENSG00000175166;ENSG00000126067;ENSG00000101182;ENSG00000165916;ENSG00000142507;ENSG00000099341;ENSG00000104738
prerank,REACTOME_PROTEIN_FOLDING,0.34032114761723303,1.6424323177115532,0.0014388489208633094,0.05534028433515197,0.9709,20/95,6.68%,ENSG00000156261;ENSG00000078369;ENSG00000171720;ENSG00000258947;ENSG00000136485;ENSG00000127824;ENSG00000167553;ENSG00000204435;ENSG00000075624;ENSG00000150753;ENSG00000146731;ENSG00000135624;ENSG00000163468;ENSG00000105254;ENSG00000168243;ENSG00000171931;ENSG00000162188;ENSG00000123416;ENSG00000182901;ENSG00000188229
prerank,REACTOME_PLATELET_ACTIVATION_SIGNALING_AND_AGGREGATION,0.29610122241194964,1.6408840998980796,0.0,0.05545417305525308,0.9718,29/251,2.80%,ENSG00000078369;ENSG00000138798;ENSG00000143369;ENSG00000158710;ENSG00000177885;ENSG00000112715;ENSG00000137076;ENSG00000102265;ENSG00000035403;ENSG00000127824;ENSG00000072110;ENSG00000071127;ENSG00000131236;ENSG00000103653;ENSG00000067560;ENSG00000116260;ENSG00000197746;ENSG00000135404;ENSG00000164111;ENSG00000105329;ENSG00000196924;ENSG00000084234;ENSG00000130402;ENSG00000142192;ENSG00000172757;ENSG00000156535;ENSG00000196262;ENSG00000108518;ENSG00000138430
prerank,REACTOME_SEROTONIN_NEUROTRANSMITTER_RELEASE_CYCLE,0.49853888353262016,1.6427713829045105,0.019149751053236307,0.055466082095253486,0.9706,8/18,15.11%,ENSG00000143847;ENSG00000106089;ENSG00000185666;ENSG00000067715;ENSG00000105649;ENSG00000165646;ENSG00000008056;ENSG00000177380
prerank,REACTOME_NFE2L2_REGULATING_ANTI_OXIDANT_DETOXIFICATION_ENZYMES,0.4776820871156938,1.6412523673482353,0.018460329929300863,0.05556129331699367,0.9717,4/20,4.10%,ENSG00000181019;ENSG00000104687;ENSG00000136810;ENSG00000117450
prerank,REACTOME_INTRACELLULAR_SIGNALING_BY_SECOND_MESSENGERS,0.2899418962045115,1.6378478508004062,0.0,0.05559704376098205,0.9729,45/291,6.94%,ENSG00000100804;ENSG00000140464;ENSG00000138798;ENSG00000087191;ENSG00000171720;ENSG00000177885;ENSG00000100764;ENSG00000115233;ENSG00000116478;ENSG00000108946;ENSG00000111642;ENSG00000041357;ENSG00000103035;ENSG00000130706;ENSG00000150991;ENSG00000100902;ENSG00000108344;ENSG00000108671;ENSG00000204435;ENSG00000013275;ENSG00000185627;ENSG00000173692;ENSG00000175166;ENSG00000105568;ENSG00000126067;ENSG00000072062;ENSG00000101182;ENSG00000165916;ENSG00000114013;ENSG00000184216;ENSG00000142507;ENSG00000099341;ENSG00000254647;ENSG00000185737;ENSG00000178562;ENSG00000126583;ENSG00000158815;ENSG00000182481;ENSG00000169752;ENSG00000132170;ENSG00000066468;ENSG00000134853;ENSG00000075388;ENSG00000154001;ENSG00000111752
prerank,REACTOME_DETOXIFICATION_OF_REACTIVE_OXYGEN_SPECIES,0.4170654893645028,1.642802425166576,0.009289363678588018,0.055697515094848396,0.9706,9/35,4.10%,ENSG00000165672;ENSG00000104687;ENSG00000136810;ENSG00000185624;ENSG00000197930;ENSG00000126432;ENSG00000167815;ENSG00000084207;ENSG00000117450
prerank,REACTOME_INTRINSIC_PATHWAY_OF_FIBRIN_CLOT_FORMATION,0.47472568035358353,1.6380567960372987,0.0218167393891313,0.055761514746077184,0.9729,4/21,3.35%,ENSG00000170949;ENSG00000135919;ENSG00000108561;ENSG00000164344
prerank,REACTOME_PKA_ACTIVATION_IN_GLUCAGON_SIGNALLING,0.5149890772624126,1.6387372666756357,0.022761194029850745,0.055790861963197616,0.9724,3/16,2.70%,ENSG00000108946;ENSG00000087460;ENSG00000072062
prerank,REACTOME_TRANSCRIPTION_OF_E2F_TARGETS_UNDER_NEGATIVE_CONTROL_BY_P107_RBL1_AND_P130_RBL2_IN_COMPLEX_WITH_HDAC1,-0.6003316987710524,-1.6329721711637692,0.009108473640629312,0.057117569284928504,0.99,9/16,9.56%,ENSG00000145386;ENSG00000170312;ENSG00000183814;ENSG00000189308;ENSG00000101412;ENSG00000101057;ENSG00000080839;ENSG00000114126;ENSG00000198176
prerank,REACTOME_DNA_DAMAGE_BYPASS,-0.46552521053006446,-1.631450777177197,0.0040680473372781065,0.05734334390980281,0.9906,22/48,15.29%,ENSG00000111445;ENSG00000100479;ENSG00000106399;ENSG00000143476;ENSG00000051341;ENSG00000162607;ENSG00000166803;ENSG00000132646;ENSG00000175482;ENSG00000115350;ENSG00000163918;ENSG00000070950;ENSG00000049541;ENSG00000133119;ENSG00000077514;ENSG00000182179;ENSG00000156587;ENSG00000143947;ENSG00000117748;ENSG00000221983;ENSG00000062822;ENSG00000116670
prerank,REACTOME_NUCLEAR_ENVELOPE_NE_REASSEMBLY,0.3503126257934598,1.616698603874406,0.005821474773609315,0.06302915713451777,0.9846,13/75,2.93%,ENSG00000100401;ENSG00000160789;ENSG00000213024;ENSG00000108424;ENSG00000132612;ENSG00000258947;ENSG00000127824;ENSG00000167553;ENSG00000105568;ENSG00000175334;ENSG00000130724;ENSG00000132341;ENSG00000102900
prerank,REACTOME_CELLULAR_RESPONSES_TO_STIMULI,0.2648734653563792,1.6167682642928158,0.0,0.06326806194193152,0.9846,98/843,3.55%,ENSG00000147416;ENSG00000182718;ENSG00000100804;ENSG00000100644;ENSG00000181019;ENSG00000082898;ENSG00000078369;ENSG00000077549;ENSG00000033050;ENSG00000138798;ENSG00000138107;ENSG00000142657;ENSG00000087274;ENSG00000094914;ENSG00000087191;ENSG00000165672;ENSG00000175203;ENSG00000169375;ENSG00000089154;ENSG00000171720;ENSG00000160789;ENSG00000160211;ENSG00000159720;ENSG00000179218;ENSG00000158941;ENSG00000162909;ENSG00000100764;ENSG00000115233;ENSG00000114573;ENSG00000213024;ENSG00000104687;ENSG00000108946;ENSG00000108846;ENSG00000107159;ENSG00000112715;ENSG00000041357;ENSG00000099991;ENSG00000197102;ENSG00000258947;ENSG00000103035;ENSG00000137076;ENSG00000136810;ENSG00000204843;ENSG00000196365;ENSG00000035403;ENSG00000127824;ENSG00000135766;ENSG00000204371;ENSG00000129521;ENSG00000198898;ENSG00000130706;ENSG00000150991;ENSG00000103222;ENSG00000131100;ENSG00000100902;ENSG00000108344;ENSG00000167553;ENSG00000080824;ENSG00000170606;ENSG00000168439;ENSG00000108671;ENSG00000204435;ENSG00000096384;ENSG00000143870;ENSG00000013275;ENSG00000109971;ENSG00000185624;ENSG00000108953;ENSG00000004478;ENSG00000165280;ENSG00000185883;ENSG00000185627;ENSG00000173692;ENSG00000166598;ENSG00000087460;ENSG00000254986;ENSG00000177156;ENSG00000175166;ENSG00000197930;ENSG00000072778;ENSG00000126432;ENSG00000105568;ENSG00000137309;ENSG00000126067;ENSG00000072062;ENSG00000101182;ENSG00000126247;ENSG00000070010;ENSG00000102900;ENSG00000167815;ENSG00000114738;ENSG00000084207;ENSG00000126267;ENSG00000165916;ENSG00000178741;ENSG00000230989;ENSG00000142507;ENSG00000099341
prerank,REACTOME_VLDLR_INTERNALISATION_AND_DEGRADATION,0.5018766056809668,1.6151249898612359,0.023429179978700747,0.06338557354778541,0.9853,4/16,3.06%,ENSG00000150991;ENSG00000141367;ENSG00000161203;ENSG00000042753
prerank,REACTOME_MRNA_SPLICING,0.2978989457714818,1.6141142282131058,0.0,0.06353012893755874,0.9856,27/208,3.12%,ENSG00000183258;ENSG00000145833;ENSG00000153187;ENSG00000144028;ENSG00000189091;ENSG00000174231;ENSG00000165119;ENSG00000104783;ENSG00000108883;ENSG00000109606;ENSG00000111786;ENSG00000135829;ENSG00000132792;ENSG00000136450;ENSG00000130520;ENSG00000122566;ENSG00000087365;ENSG00000087087;ENSG00000099783;ENSG00000089280;ENSG00000109971;ENSG00000092199;ENSG00000104824;ENSG00000077312;ENSG00000099817;ENSG00000177700;ENSG00000181222
prerank,REACTOME_BIOSYNTHESIS_OF_SPECIALIZED_PRORESOLVING_MEDIATORS_SPMS,0.48383778657000887,1.6071964422852727,0.02355140186915888,0.0658519626301062,0.9885,3/18,2.72%,ENSG00000111144;ENSG00000106853;ENSG00000167468
prerank,REACTOME_SIGNALING_BY_INSULIN_RECEPTOR,0.3451421218013536,1.607810632330354,0.0051579626047711154,0.06588238467834609,0.9884,17/77,7.10%,ENSG00000147416;ENSG00000159720;ENSG00000177885;ENSG00000114573;ENSG00000131100;ENSG00000117984;ENSG00000185883;ENSG00000071553;ENSG00000174775;ENSG00000147614;ENSG00000254647;ENSG00000116039;ENSG00000158815;ENSG00000066468;ENSG00000105929;ENSG00000075388;ENSG00000143882
prerank,REACTOME_CYTOSOLIC_TRNA_AMINOACYLATION,0.4493702428625977,1.6055655120022265,0.023187183811129847,0.06627694008005212,0.9889,4/24,2.06%,ENSG00000115866;ENSG00000065427;ENSG00000134440;ENSG00000179115
prerank,REACTOME_DOPAMINE_NEUROTRANSMITTER_RELEASE_CYCLE,0.4546878965592608,1.6009082851996272,0.0236734693877551,0.06799284990453094,0.9906,9/23,13.11%,ENSG00000143847;ENSG00000106089;ENSG00000185666;ENSG00000067715;ENSG00000107282;ENSG00000105649;ENSG00000165646;ENSG00000111052;ENSG00000008056
prerank,REACTOME_RECEPTOR_TYPE_TYROSINE_PROTEIN_PHOSPHATASES,0.478044537304441,1.599364769603849,0.028146989835809225,0.06840667268108047,0.9908,8/19,15.11%,ENSG00000143847;ENSG00000110841;ENSG00000185985;ENSG00000178235;ENSG00000153707;ENSG00000169306;ENSG00000166387;ENSG00000177380
prerank,REACTOME_MEIOSIS,-0.42361419445861714,-1.6112789941107715,0.002845287492590397,0.07082219596705978,0.9966,31/77,22.00%,ENSG00000000460;ENSG00000139618;ENSG00000051180;ENSG00000106399;ENSG00000146047;ENSG00000123374;ENSG00000121211;ENSG00000197299;ENSG00000164754;ENSG00000113368;ENSG00000105968;ENSG00000139351;ENSG00000126803;ENSG00000072501;ENSG00000100242;ENSG00000188486;ENSG00000012048;ENSG00000246705;ENSG00000196890;ENSG00000117748;ENSG00000197903;ENSG00000135446;ENSG00000054654;ENSG00000204410;ENSG00000113522;ENSG00000180573;ENSG00000180596;ENSG00000108055;ENSG00000101773;ENSG00000141756;ENSG00000147601
prerank,REACTOME_RESPIRATORY_ELECTRON_TRANSPORT,-0.38634043942764434,-1.609787977136238,0.00010992634934593822,0.0710519085798457,0.9968,71/156,21.26%,ENSG00000137038;ENSG00000090266;ENSG00000131174;ENSG00000131143;ENSG00000183978;ENSG00000004779;ENSG00000213619;ENSG00000136521;ENSG00000125356;ENSG00000165264;ENSG00000099795;ENSG00000267855;ENSG00000127184;ENSG00000112695;ENSG00000178449;ENSG00000184076;ENSG00000111775;ENSG00000140990;ENSG00000137288;ENSG00000147123;ENSG00000176340;ENSG00000170906;ENSG00000168569;ENSG00000164405;ENSG00000184983;ENSG00000109390;ENSG00000165060;ENSG00000131495;ENSG00000065518;ENSG00000147684;ENSG00000110717;ENSG00000250317;ENSG00000113845;ENSG00000138495;ENSG00000140740;ENSG00000229833;ENSG00000135940;ENSG00000168273;ENSG00000164919;ENSG00000156467;ENSG00000101084;ENSG00000183513;ENSG00000204922;ENSG00000148290;ENSG00000169021;ENSG00000172115;ENSG00000127540;ENSG00000117118;ENSG00000105341;ENSG00000128609;ENSG00000119013;ENSG00000189043;ENSG00000145494;ENSG00000203667;ENSG00000174886;ENSG00000146701;ENSG00000136463;ENSG00000119421;ENSG00000244005;ENSG00000163626;ENSG00000183648;ENSG00000135469;ENSG00000178057;ENSG00000232838;ENSG00000151366;ENSG00000115286;ENSG00000130159;ENSG00000115520;ENSG00000074582;ENSG00000003509;ENSG00000167792
prerank,REACTOME_GAP_JUNCTION_ASSEMBLY,0.42020380856979306,1.5873850087114718,0.022686832740213523,0.0721322420890266,0.9931,9/31,6.68%,ENSG00000258947;ENSG00000127824;ENSG00000167553;ENSG00000187513;ENSG00000121634;ENSG00000189433;ENSG00000123416;ENSG00000159248;ENSG00000188229
prerank,REACTOME_SIGNALING_BY_ERBB2_IN_CANCER,0.43922510052560554,1.587998968763578,0.020944558521560575,0.07215620947722706,0.993,7/26,5.71%,ENSG00000138798;ENSG00000177885;ENSG00000080824;ENSG00000174775;ENSG00000105401;ENSG00000185737;ENSG00000169752
prerank,REACTOME_LATE_ENDOSOMAL_MICROAUTOPHAGY,0.40684511915363564,1.5881297214617394,0.012927054478301015,0.07239247218189343,0.993,6/34,2.83%,ENSG00000026025;ENSG00000105355;ENSG00000150991;ENSG00000109971;ENSG00000116288;ENSG00000130724
prerank,REACTOME_RIBOSOME_ASSOCIATED_QUALITY_CONTROL,0.31018023440042264,1.5883611567495923,0.0,0.07255998592113397,0.9929,23/139,3.55%,ENSG00000100804;ENSG00000087191;ENSG00000163516;ENSG00000100764;ENSG00000115233;ENSG00000041357;ENSG00000103035;ENSG00000130706;ENSG00000150991;ENSG00000100902;ENSG00000108344;ENSG00000108671;ENSG00000013275;ENSG00000165280;ENSG00000185627;ENSG00000173692;ENSG00000175166;ENSG00000126067;ENSG00000101182;ENSG00000070010;ENSG00000165916;ENSG00000142507;ENSG00000099341
prerank,REACTOME_NEUROTOXICITY_OF_CLOSTRIDIUM_TOXINS,0.5830238446706787,1.5850715843453955,0.04442948502187816,0.0725940681788067,0.9935,4/10,9.21%,ENSG00000106089;ENSG00000185518;ENSG00000067715;ENSG00000099365
prerank,REACTOME_RHO_GTPASE_EFFECTORS,0.28082163223211426,1.5822354253991247,0.0,0.07265879043823997,0.9941,38/275,3.52%,ENSG00000100401;ENSG00000082898;ENSG00000140575;ENSG00000101367;ENSG00000138071;ENSG00000085733;ENSG00000177885;ENSG00000213639;ENSG00000213672;ENSG00000106683;ENSG00000134308;ENSG00000197102;ENSG00000258947;ENSG00000131504;ENSG00000126214;ENSG00000128245;ENSG00000127824;ENSG00000126777;ENSG00000115091;ENSG00000100345;ENSG00000044115;ENSG00000163466;ENSG00000241553;ENSG00000067560;ENSG00000167553;ENSG00000170027;ENSG00000108953;ENSG00000092841;ENSG00000196924;ENSG00000166913;ENSG00000184009;ENSG00000075624;ENSG00000172757;ENSG00000105568;ENSG00000254999;ENSG00000108518;ENSG00000164344;ENSG00000130429
prerank,REACTOME_SEMAPHORIN_INTERACTIONS,0.355117985045511,1.5855444640909129,0.004050925925925926,0.07267158276863368,0.9935,9/64,2.21%,ENSG00000106683;ENSG00000137076;ENSG00000100345;ENSG00000092964;ENSG00000067560;ENSG00000080824;ENSG00000096384;ENSG00000092841;ENSG00000172757
prerank,REACTOME_TRANSPORT_TO_THE_GOLGI_AND_SUBSEQUENT_MODIFICATION,0.29939435787539015,1.5887509608384565,0.0,0.07270687452703378,0.9929,23/182,3.32%,ENSG00000077549;ENSG00000138107;ENSG00000175203;ENSG00000161013;ENSG00000105063;ENSG00000197102;ENSG00000258947;ENSG00000103051;ENSG00000204843;ENSG00000127824;ENSG00000198898;ENSG00000197694;ENSG00000073969;ENSG00000167553;ENSG00000174903;ENSG00000134287;ENSG00000122218;ENSG00000105438;ENSG00000143761;ENSG00000166557;ENSG00000184840;ENSG00000105669;ENSG00000170043
prerank,REACTOME_SENSORY_PROCESSING_OF_SOUND_BY_OUTER_HAIR_CELLS_OF_THE_COCHLEA,0.37049754887154285,1.5832611276218047,0.009488666315234581,0.07276991956359047,0.9936,7/51,2.23%,ENSG00000157483;ENSG00000247596;ENSG00000197694;ENSG00000100345;ENSG00000184009;ENSG00000075624;ENSG00000147065
prerank,REACTOME_EGFR_DOWNREGULATION,0.422596642975579,1.5836945636142299,0.024814976055724858,0.07287277835693703,0.9936,4/30,1.47%,ENSG00000138798;ENSG00000185359;ENSG00000177885;ENSG00000150991
prerank,REACTOME_MUSCLE_CONTRACTION,0.2934118645819183,1.5823565103666515,0.0,0.07289634024111398,0.9941,46/197,11.05%,ENSG00000182718;ENSG00000026025;ENSG00000161958;ENSG00000137076;ENSG00000035403;ENSG00000198363;ENSG00000082781;ENSG00000138594;ENSG00000069849;ENSG00000174437;ENSG00000163399;ENSG00000092841;ENSG00000149575;ENSG00000072062;ENSG00000106631;ENSG00000159197;ENSG00000196465;ENSG00000111245;ENSG00000173338;ENSG00000151067;ENSG00000067842;ENSG00000196218;ENSG00000105711;ENSG00000007402;ENSG00000159251;ENSG00000153253;ENSG00000163017;ENSG00000129244;ENSG00000130595;ENSG00000061918;ENSG00000018625;ENSG00000069431;ENSG00000168135;ENSG00000100346;ENSG00000089356;ENSG00000100433;ENSG00000159173;ENSG00000132681;ENSG00000007314;ENSG00000135750;ENSG00000160808;ENSG00000133392;ENSG00000145244;ENSG00000136842;ENSG00000168356;ENSG00000105409
prerank,REACTOME_GOLGI_TO_ER_RETROGRADE_TRANSPORT,0.30873565923384133,1.5806968460485074,0.001851851851851852,0.07302571500145492,0.9942,19/131,2.63%,ENSG00000077549;ENSG00000138107;ENSG00000175203;ENSG00000197102;ENSG00000258947;ENSG00000204843;ENSG00000126214;ENSG00000127824;ENSG00000198898;ENSG00000073969;ENSG00000167553;ENSG00000174903;ENSG00000134287;ENSG00000122218;ENSG00000105438;ENSG00000143761;ENSG00000166557;ENSG00000184840;ENSG00000105669
prerank,REACTOME_BBSOME_MEDIATED_CARGO_TARGETING_TO_CILIUM,0.4555755298407338,1.575963461508149,0.03091128061019671,0.07488961862053,0.9954,4/22,2.91%,ENSG00000156261;ENSG00000088826;ENSG00000150753;ENSG00000163468
prerank,REACTOME_RHO_GTPASES_ACTIVATE_KTN1,0.55680798717582,1.573552855466882,0.04234640749739674,0.07568557030457326,0.9957,3/11,1.69%,ENSG00000126214;ENSG00000126777;ENSG00000067560
prerank,REACTOME_CELL_CYCLE_MITOTIC,-0.35097650327337127,-1.6005132486775442,0.0,0.07746553368382375,0.998,198/502,17.76%,ENSG00000143228;ENSG00000166851;ENSG00000152253;ENSG00000175063;ENSG00000000460;ENSG00000171320;ENSG00000121152;ENSG00000163535;ENSG00000111445;ENSG00000102384;ENSG00000157456;ENSG00000094804;ENSG00000112984;ENSG00000089685;ENSG00000146670;ENSG00000137807;ENSG00000115163;ENSG00000100479;ENSG00000131747;ENSG00000147536;ENSG00000106399;ENSG00000178999;ENSG00000065328;ENSG00000145386;ENSG00000170312;ENSG00000156970;ENSG00000183814;ENSG00000154839;ENSG00000137812;ENSG00000134057;ENSG00000152240;ENSG00000176890;ENSG00000198056;ENSG00000075218;ENSG00000146047;ENSG00000101003;ENSG00000123374;ENSG00000094880;ENSG00000159377;ENSG00000171848;ENSG00000131153;ENSG00000151849;ENSG00000101162;ENSG00000080986;ENSG00000112312;ENSG00000142945;ENSG00000129810;ENSG00000103995;ENSG00000175216;ENSG00000117399;ENSG00000181938;ENSG00000186871;ENSG00000134324;ENSG00000138778;ENSG00000136861;ENSG00000123485;ENSG00000120334;ENSG00000101224;ENSG00000109805;ENSG00000164754;ENSG00000169679;ENSG00000140534;ENSG00000020426;ENSG00000175305;ENSG00000113810;ENSG00000164109;ENSG00000058804;ENSG00000111206;ENSG00000161888;ENSG00000112576;ENSG00000135476;ENSG00000113368;ENSG00000127564;ENSG00000119335;ENSG00000189308;ENSG00000136811;ENSG00000132646;ENSG00000006634;ENSG00000117650;ENSG00000175482;ENSG00000115350;ENSG00000101412;ENSG00000154473;ENSG00000120802;ENSG00000158402;ENSG00000101057;ENSG00000166483;ENSG00000117724;ENSG00000088325;ENSG00000125885;ENSG00000153044;ENSG00000149636;ENSG00000197122;ENSG00000121621;ENSG00000126756;ENSG00000105968;ENSG00000119638;ENSG00000141552;ENSG00000129534;ENSG00000163918;ENSG00000151503;ENSG00000104695;ENSG00000092036;ENSG00000079335;ENSG00000138346;ENSG00000080839;ENSG00000136122;ENSG00000152082;ENSG00000014138;ENSG00000142731;ENSG00000072571;ENSG00000177954;ENSG00000119408;ENSG00000101639;ENSG00000166295;ENSG00000137267;ENSG00000167842;ENSG00000097046;ENSG00000184445;ENSG00000040275;ENSG00000093009;ENSG00000101624;ENSG00000166508;ENSG00000183955;ENSG00000114126;ENSG00000204899;ENSG00000072501;ENSG00000102882;ENSG00000157020;ENSG00000007968;ENSG00000049541;ENSG00000133119;ENSG00000176101;ENSG00000112029;ENSG00000188486;ENSG00000147457;ENSG00000004897;ENSG00000077514;ENSG00000198176;ENSG00000116030;ENSG00000138092;ENSG00000058272;ENSG00000114745;ENSG00000151725;ENSG00000134690;ENSG00000091651;ENSG00000148019;ENSG00000143947;ENSG00000137822;ENSG00000246705;ENSG00000166451;ENSG00000178462;ENSG00000137100;ENSG00000174442;ENSG00000138768;ENSG00000139496;ENSG00000072864;ENSG00000173207;ENSG00000254505;ENSG00000087586;ENSG00000196890;ENSG00000075188;ENSG00000182628;ENSG00000160783;ENSG00000120539;ENSG00000117748;ENSG00000197903;ENSG00000129355;ENSG00000183785;ENSG00000142856;ENSG00000090273;ENSG00000101868;ENSG00000076003;ENSG00000221983;ENSG00000167110;ENSG00000160551;ENSG00000062822;ENSG00000155034;ENSG00000089053;ENSG00000108106;ENSG00000131351;ENSG00000100297;ENSG00000164045;ENSG00000025770;ENSG00000186298;ENSG00000068903;ENSG00000075886;ENSG00000176014;ENSG00000135446;ENSG00000174799;ENSG00000213397;ENSG00000112640;ENSG00000121892;ENSG00000167513;ENSG00000164162;ENSG00000123080;ENSG00000100749;ENSG00000146918
prerank,REACTOME_NEURONAL_SYSTEM,0.2695802029869374,1.568938055088289,0.0,0.07748717751256273,0.9964,69/382,9.57%,ENSG00000149782;ENSG00000156642;ENSG00000078369;ENSG00000143847;ENSG00000104783;ENSG00000108946;ENSG00000106089;ENSG00000258947;ENSG00000137312;ENSG00000136279;ENSG00000127824;ENSG00000073969;ENSG00000132589;ENSG00000101152;ENSG00000110841;ENSG00000167553;ENSG00000109971;ENSG00000161203;ENSG00000174775;ENSG00000144746;ENSG00000072062;ENSG00000042753;ENSG00000111181;ENSG00000185985;ENSG00000080644;ENSG00000146006;ENSG00000151079;ENSG00000114353;ENSG00000144596;ENSG00000075043;ENSG00000173338;ENSG00000168243;ENSG00000162728;ENSG00000157542;ENSG00000126583;ENSG00000161681;ENSG00000110076;ENSG00000182481;ENSG00000162383;ENSG00000162188;ENSG00000123416;ENSG00000099822;ENSG00000159248;ENSG00000178084;ENSG00000185666;ENSG00000006071;ENSG00000188229;ENSG00000067715;ENSG00000152822;ENSG00000007402;ENSG00000178235;ENSG00000169684;ENSG00000153707;ENSG00000115665;ENSG00000155511;ENSG00000169760;ENSG00000145864;ENSG00000162951;ENSG00000149403;ENSG00000107282;ENSG00000156564;ENSG00000069431;ENSG00000168135;ENSG00000173227;ENSG00000141404;ENSG00000100433;ENSG00000160716;ENSG00000273079;ENSG00000152578
prerank,REACTOME_TP53_REGULATES_TRANSCRIPTION_OF_CELL_CYCLE_GENES,-0.45386728044288455,-1.5985024431325785,0.006217358865953743,0.07812566175495436,0.9981,19/49,16.70%,ENSG00000129173;ENSG00000145386;ENSG00000170312;ENSG00000165891;ENSG00000134057;ENSG00000123374;ENSG00000151849;ENSG00000175305;ENSG00000132646;ENSG00000101412;ENSG00000158402;ENSG00000087088;ENSG00000080839;ENSG00000114126;ENSG00000198176;ENSG00000087586;ENSG00000182973;ENSG00000159388;ENSG00000113300
prerank,REACTOME_CARNITINE_SHUTTLE,-0.6193327622665178,-1.5947153802264635,0.014386498824180385,0.07937339766312487,0.9985,8/13,20.58%,ENSG00000076555;ENSG00000178537;ENSG00000110090;ENSG00000157184;ENSG00000186350;ENSG00000165175;ENSG00000106617;ENSG00000151365
prerank,REACTOME_CALNEXIN_CALRETICULIN_CYCLE,0.4302931787843218,1.5632945551351312,0.02395704254440314,0.07988824546606388,0.9972,6/26,2.28%,ENSG00000179218;ENSG00000150991;ENSG00000127022;ENSG00000089597;ENSG00000167004;ENSG00000135506
prerank,REACTOME_APC_C_CDC20_MEDIATED_DEGRADATION_OF_CYCLIN_B,-0.5278534292971774,-1.5947365736546049,0.010951312838105291,0.08037146144763906,0.9985,15/24,21.57%,ENSG00000175063;ENSG00000170312;ENSG00000134057;ENSG00000094880;ENSG00000117399;ENSG00000141552;ENSG00000166295;ENSG00000004897;ENSG00000143947;ENSG00000221983;ENSG00000089053;ENSG00000108106;ENSG00000164162;ENSG00000053900;ENSG00000153107
prerank,REACTOME_GLYCOGEN_METABOLISM,0.4298819587047788,1.55838376530531,0.027636054421768707,0.08165840947872875,0.9976,5/26,1.92%,ENSG00000114480;ENSG00000104812;ENSG00000150991;ENSG00000100994;ENSG00000079739
prerank,REACTOME_ERBB2_REGULATES_CELL_MOTILITY,0.49891135036884304,1.5585272772038492,0.046181818181818185,0.08189851963298192,0.9976,5/15,5.71%,ENSG00000138798;ENSG00000131504;ENSG00000067560;ENSG00000185737;ENSG00000169752
prerank,REACTOME_BACTERIAL_INFECTION_PATHWAYS,0.3184979293339134,1.5571229167402538,0.004622496147919877,0.08192487202447234,0.9977,13/103,3.99%,ENSG00000184056;ENSG00000185359;ENSG00000177885;ENSG00000108424;ENSG00000106089;ENSG00000150991;ENSG00000169032;ENSG00000075785;ENSG00000080824;ENSG00000096384;ENSG00000074800;ENSG00000160014;ENSG00000102144
prerank,REACTOME_TRANSPORT_OF_SMALL_MOLECULES,0.25272434820483763,1.555950775533096,0.0,0.08220232017236531,0.9977,85/698,5.77%,ENSG00000147416;ENSG00000100804;ENSG00000078369;ENSG00000143570;ENSG00000141526;ENSG00000087274;ENSG00000087191;ENSG00000165637;ENSG00000164889;ENSG00000159720;ENSG00000177119;ENSG00000115657;ENSG00000100764;ENSG00000115233;ENSG00000114573;ENSG00000213585;ENSG00000117394;ENSG00000108946;ENSG00000108846;ENSG00000059804;ENSG00000041357;ENSG00000065923;ENSG00000225697;ENSG00000103035;ENSG00000131389;ENSG00000130706;ENSG00000198363;ENSG00000150991;ENSG00000103222;ENSG00000078668;ENSG00000131100;ENSG00000100902;ENSG00000144959;ENSG00000108344;ENSG00000069849;ENSG00000108671;ENSG00000013275;ENSG00000139641;ENSG00000185624;ENSG00000174437;ENSG00000165280;ENSG00000185883;ENSG00000115677;ENSG00000185627;ENSG00000173692;ENSG00000141367;ENSG00000163399;ENSG00000017260;ENSG00000087460;ENSG00000161203;ENSG00000071553;ENSG00000175166;ENSG00000143761;ENSG00000135506;ENSG00000108528;ENSG00000157765;ENSG00000126067;ENSG00000172270;ENSG00000072062;ENSG00000101182;ENSG00000129559;ENSG00000126545;ENSG00000042753;ENSG00000167085;ENSG00000165916;ENSG00000111181;ENSG00000179520;ENSG00000142507;ENSG00000099341;ENSG00000107745;ENSG00000147614;ENSG00000206190;ENSG00000091138;ENSG00000105675;ENSG00000168243;ENSG00000116039;ENSG00000067842;ENSG00000198125;ENSG00000196218;ENSG00000134343;ENSG00000162383;ENSG00000162188;ENSG00000072274;ENSG00000159763;ENSG00000007216
prerank,REACTOME_SIGNALING_BY_ERBB2,0.36642534020815315,1.551968709471349,0.012269938650306749,0.08365990127102488,0.998,10/50,5.71%,ENSG00000138798;ENSG00000177885;ENSG00000131504;ENSG00000150991;ENSG00000067560;ENSG00000080824;ENSG00000174775;ENSG00000105401;ENSG00000185737;ENSG00000169752
prerank,REACTOME_SARS_COV_2_MODULATES_AUTOPHAGY,0.555506920376253,1.552387352391037,0.052039381153305204,0.08376341437777766,0.998,3/11,2.82%,ENSG00000184056;ENSG00000104142;ENSG00000178952
prerank,REACTOME_ASPARAGINE_N_LINKED_GLYCOSYLATION,0.27431320141173116,1.5497066921320803,0.0,0.08449937308257346,0.998,36/306,2.63%,ENSG00000077549;ENSG00000138107;ENSG00000175203;ENSG00000161013;ENSG00000178802;ENSG00000179218;ENSG00000105063;ENSG00000100764;ENSG00000197102;ENSG00000258947;ENSG00000103051;ENSG00000204843;ENSG00000127824;ENSG00000198898;ENSG00000197694;ENSG00000073969;ENSG00000150991;ENSG00000167553;ENSG00000163902;ENSG00000165280;ENSG00000110917;ENSG00000174903;ENSG00000134287;ENSG00000064601;ENSG00000122218;ENSG00000127022;ENSG00000118705;ENSG00000105438;ENSG00000143761;ENSG00000089597;ENSG00000244038;ENSG00000166557;ENSG00000184840;ENSG00000167004;ENSG00000135506;ENSG00000105669
prerank,REACTOME_CYTOKINE_SIGNALING_IN_IMMUNE_SYSTEM,0.2517483066845435,1.5489656418499758,0.0,0.08454289052424077,0.998,74/722,3.55%,ENSG00000182718;ENSG00000100804;ENSG00000100644;ENSG00000026025;ENSG00000026508;ENSG00000151694;ENSG00000140464;ENSG00000068305;ENSG00000094914;ENSG00000087191;ENSG00000165458;ENSG00000166949;ENSG00000177885;ENSG00000100764;ENSG00000115233;ENSG00000213024;ENSG00000108861;ENSG00000108424;ENSG00000106089;ENSG00000112715;ENSG00000041357;ENSG00000135829;ENSG00000258947;ENSG00000103035;ENSG00000075618;ENSG00000102265;ENSG00000127824;ENSG00000130706;ENSG00000103653;ENSG00000150991;ENSG00000100902;ENSG00000169032;ENSG00000108344;ENSG00000167553;ENSG00000080824;ENSG00000122566;ENSG00000114867;ENSG00000108671;ENSG00000013275;ENSG00000109971;ENSG00000185624;ENSG00000185627;ENSG00000173692;ENSG00000110321;ENSG00000166598;ENSG00000105329;ENSG00000177156;ENSG00000175166;ENSG00000196924;ENSG00000127022;ENSG00000184009;ENSG00000143761;ENSG00000075624;ENSG00000142192;ENSG00000172757;ENSG00000147065;ENSG00000105568;ENSG00000174775;ENSG00000196262;ENSG00000129351;ENSG00000148834;ENSG00000136634;ENSG00000127616;ENSG00000126067;ENSG00000072062;ENSG00000101182;ENSG00000102900;ENSG00000114738;ENSG00000165916;ENSG00000114013;ENSG00000184216;ENSG00000211896;ENSG00000142507;ENSG00000099341
prerank,REACTOME_WNT5A_DEPENDENT_INTERNALIZATION_OF_FZD4,0.4966983736824707,1.54763643149981,0.039928057553956835,0.08490482252936686,0.998,4/15,5.13%,ENSG00000141367;ENSG00000161203;ENSG00000042753;ENSG00000126583
prerank,REACTOME_GOLGI_CISTERNAE_PERICENTRIOLAR_STACK_REORGANIZATION,-0.6016578866246935,-1.5866325887283552,0.01843191196698762,0.08541034220620011,0.9993,10/14,19.19%,ENSG00000166851;ENSG00000157456;ENSG00000170312;ENSG00000134057;ENSG00000102882;ENSG00000114745;ENSG00000138768;ENSG00000167110;ENSG00000100030;ENSG00000138069
prerank,REACTOME_SENSORY_PERCEPTION,0.2827873283364909,1.5443818013631871,0.0,0.08595611669509434,0.9983,39/226,8.36%,ENSG00000147650;ENSG00000157193;ENSG00000078369;ENSG00000077549;ENSG00000157483;ENSG00000247596;ENSG00000106089;ENSG00000198898;ENSG00000197694;ENSG00000100345;ENSG00000101152;ENSG00000124145;ENSG00000063660;ENSG00000184009;ENSG00000075624;ENSG00000147065;ENSG00000178586;ENSG00000149575;ENSG00000140522;ENSG00000181273;ENSG00000182083;ENSG00000179520;ENSG00000124493;ENSG00000169214;ENSG00000204657;ENSG00000137392;ENSG00000167332;ENSG00000132518;ENSG00000237521;ENSG00000179399;ENSG00000105711;ENSG00000163803;ENSG00000076716;ENSG00000152822;ENSG00000007402;ENSG00000153253;ENSG00000080511;ENSG00000102003;ENSG00000164330
prerank,REACTOME_CRISTAE_FORMATION,0.39917839625499446,1.5448504831967054,0.023578363384188627,0.0860335052401318,0.9982,9/33,3.10%,ENSG00000167863;ENSG00000132305;ENSG00000241468;ENSG00000173436;ENSG00000165629;ENSG00000110955;ENSG00000152234;ENSG00000154518;ENSG00000159199
prerank,REACTOME_MRNA_SPLICING_MINOR_PATHWAY,0.3631452216708663,1.5422293088169416,0.018575851393188854,0.08674757035887115,0.9985,10/49,4.63%,ENSG00000144028;ENSG00000189091;ENSG00000174231;ENSG00000108883;ENSG00000136450;ENSG00000087365;ENSG00000099817;ENSG00000177700;ENSG00000181222;ENSG00000065978
prerank,REACTOME_ANTIGEN_PROCESSING_UB_ATP_INDEPENDENT_PROTEASOMAL_DEGRADATION,0.4651137695448229,1.540954459170489,0.038272072754831375,0.08680211508222954,0.9986,6/18,3.54%,ENSG00000100804;ENSG00000041357;ENSG00000100902;ENSG00000126067;ENSG00000101182;ENSG00000142507
prerank,REACTOME_GRB2_EVENTS_IN_ERBB2_SIGNALING,0.48882142148292773,1.5415334647850802,0.046199701937406856,0.08680814670439525,0.9986,5/16,5.71%,ENSG00000138798;ENSG00000177885;ENSG00000174775;ENSG00000185737;ENSG00000169752
prerank,REACTOME_IRON_UPTAKE_AND_TRANSPORT,0.35101052556773343,1.5381694777705028,0.009518477043673012,0.0876450784038666,0.9988,14/58,7.31%,ENSG00000147416;ENSG00000159720;ENSG00000114573;ENSG00000150991;ENSG00000131100;ENSG00000185883;ENSG00000071553;ENSG00000129559;ENSG00000147614;ENSG00000116039;ENSG00000072274;ENSG00000105929;ENSG00000143882;ENSG00000148346
prerank,REACTOME_DNA_REPAIR,-0.35820667963549957,-1.5828139100362908,0.0,0.08778189189037205,0.9995,149/297,30.11%,ENSG00000163322;ENSG00000000460;ENSG00000181544;ENSG00000111445;ENSG00000139618;ENSG00000174371;ENSG00000021776;ENSG00000051180;ENSG00000100479;ENSG00000109674;ENSG00000106399;ENSG00000145386;ENSG00000140525;ENSG00000146047;ENSG00000123374;ENSG00000077152;ENSG00000143476;ENSG00000092853;ENSG00000051341;ENSG00000166200;ENSG00000145736;ENSG00000144554;ENSG00000100142;ENSG00000196584;ENSG00000111602;ENSG00000197299;ENSG00000172780;ENSG00000129484;ENSG00000005075;ENSG00000111247;ENSG00000185379;ENSG00000162607;ENSG00000168002;ENSG00000020426;ENSG00000147669;ENSG00000171792;ENSG00000166803;ENSG00000131944;ENSG00000132646;ENSG00000175643;ENSG00000175482;ENSG00000154920;ENSG00000115350;ENSG00000149554;ENSG00000123415;ENSG00000175792;ENSG00000121022;ENSG00000105968;ENSG00000163918;ENSG00000035499;ENSG00000138346;ENSG00000065057;ENSG00000134899;ENSG00000039650;ENSG00000169689;ENSG00000105258;ENSG00000166313;ENSG00000070950;ENSG00000113812;ENSG00000049541;ENSG00000133119;ENSG00000126215;ENSG00000141030;ENSG00000188486;ENSG00000077514;ENSG00000182179;ENSG00000116030;ENSG00000012048;ENSG00000164808;ENSG00000156587;ENSG00000132207;ENSG00000169139;ENSG00000138303;ENSG00000143947;ENSG00000221829;ENSG00000132781;ENSG00000246705;ENSG00000114026;ENSG00000143799;ENSG00000227345;ENSG00000196890;ENSG00000164053;ENSG00000117748;ENSG00000197903;ENSG00000172732;ENSG00000221983;ENSG00000115274;ENSG00000076248;ENSG00000062822;ENSG00000103152;ENSG00000149923;ENSG00000187741;ENSG00000105393;ENSG00000116670;ENSG00000178295;ENSG00000152422;ENSG00000113522;ENSG00000123552;ENSG00000111358;ENSG00000180573;ENSG00000153147;ENSG00000131788;ENSG00000180596;ENSG00000101773;ENSG00000134574;ENSG00000147601;ENSG00000188612;ENSG00000105619;ENSG00000147400;ENSG00000102978;ENSG00000122678;ENSG00000122512;ENSG00000136936;ENSG00000134058;ENSG00000163781;ENSG00000152942;ENSG00000154914;ENSG00000112130;ENSG00000095002;ENSG00000182185;ENSG00000138663;ENSG00000185504;ENSG00000136518;ENSG00000178966;ENSG00000113318;ENSG00000005156;ENSG00000162191;ENSG00000075131;ENSG00000112039;ENSG00000253729;ENSG00000151164;ENSG00000124635;ENSG00000175279;ENSG00000066135;ENSG00000110768;ENSG00000183765;ENSG00000158169;ENSG00000083093;ENSG00000100387;ENSG00000158290;ENSG00000009413;ENSG00000070501;ENSG00000140398;ENSG00000130997;ENSG00000047315;ENSG00000121481;ENSG00000154328;ENSG00000134480;ENSG00000139372
prerank,REACTOME_MEMBRANE_TRAFFICKING,0.256157203478318,1.5384336122482283,0.0,0.08780824362108658,0.9988,69/616,4.30%,ENSG00000077549;ENSG00000138798;ENSG00000138107;ENSG00000079805;ENSG00000185359;ENSG00000157483;ENSG00000138071;ENSG00000174791;ENSG00000175203;ENSG00000169221;ENSG00000085733;ENSG00000177885;ENSG00000105063;ENSG00000105355;ENSG00000110514;ENSG00000003056;ENSG00000134308;ENSG00000197102;ENSG00000132612;ENSG00000258947;ENSG00000103051;ENSG00000204843;ENSG00000126214;ENSG00000128245;ENSG00000203879;ENSG00000127824;ENSG00000198898;ENSG00000197694;ENSG00000073969;ENSG00000084733;ENSG00000115091;ENSG00000150991;ENSG00000100345;ENSG00000197535;ENSG00000163466;ENSG00000241553;ENSG00000075785;ENSG00000167553;ENSG00000170027;ENSG00000109971;ENSG00000100280;ENSG00000108953;ENSG00000174903;ENSG00000134287;ENSG00000141367;ENSG00000161203;ENSG00000122218;ENSG00000166913;ENSG00000105438;ENSG00000184009;ENSG00000143761;ENSG00000075624;ENSG00000143545;ENSG00000142192;ENSG00000166557;ENSG00000184840;ENSG00000105669;ENSG00000106367;ENSG00000130724;ENSG00000129559;ENSG00000042753;ENSG00000111652;ENSG00000168090;ENSG00000170043;ENSG00000187513;ENSG00000169727;ENSG00000241685;ENSG00000121634;ENSG00000254647
prerank,REACTOME_ABERRANT_REGULATION_OF_MITOTIC_G1_S_TRANSITION_IN_CANCER_DUE_TO_RB1_DEFECTS,-0.5689347963094827,-1.579806392441088,0.019951140065146578,0.0883871168617751,0.9995,11/17,28.53%,ENSG00000123374;ENSG00000175305;ENSG00000112576;ENSG00000101412;ENSG00000114126;ENSG00000007968;ENSG00000198176;ENSG00000135446;ENSG00000105173;ENSG00000111276;ENSG00000118971
prerank,REACTOME_SYNTHESIS_OF_SUBSTRATES_IN_N_GLYCAN_BIOSYTHESIS,-0.4286475661670293,-1.579899189852184,0.004199664026877849,0.08938395387260603,0.9995,35/63,30.66%,ENSG00000179085;ENSG00000169084;ENSG00000136840;ENSG00000013375;ENSG00000111726;ENSG00000124357;ENSG00000115525;ENSG00000104522;ENSG00000131459;ENSG00000159921;ENSG00000182255;ENSG00000117069;ENSG00000095380;ENSG00000144591;ENSG00000120697;ENSG00000204386;ENSG00000162139;ENSG00000157350;ENSG00000170266;ENSG00000157353;ENSG00000167508;ENSG00000140650;ENSG00000000419;ENSG00000173540;ENSG00000162066;ENSG00000128039;ENSG00000153989;ENSG00000100522;ENSG00000110080;ENSG00000070526;ENSG00000117682;ENSG00000064225;ENSG00000119899;ENSG00000117143;ENSG00000100417
prerank,REACTOME_RESPIRATORY_SYNCYTIAL_VIRUS_INFECTION_PATHWAY,0.31427245901822454,1.5320799554364952,0.0032232070910556,0.09065423401223544,0.999,13/106,2.99%,ENSG00000082898;ENSG00000213639;ENSG00000108424;ENSG00000150991;ENSG00000124145;ENSG00000063660;ENSG00000115053;ENSG00000080824;ENSG00000204435;ENSG00000096384;ENSG00000109971;ENSG00000185825;ENSG00000172531
prerank,REACTOME_FOXO_MEDIATED_TRANSCRIPTION,0.34227499451526266,1.528186928956477,0.0142602495543672,0.0921440708278332,0.9993,8/64,4.30%,ENSG00000169375;ENSG00000166949;ENSG00000116478;ENSG00000134308;ENSG00000136810;ENSG00000170027;ENSG00000166913;ENSG00000254647
prerank,REACTOME_CHK1_CHK2_CDS1_MEDIATED_INACTIVATION_OF_CYCLIN_B_CDK1_COMPLEX,0.4915240810622019,1.5285478309437044,0.047653958944281524,0.09228894380782687,0.9993,5/15,2.12%,ENSG00000134308;ENSG00000128245;ENSG00000170027;ENSG00000108953;ENSG00000166913
prerank,REACTOME_FANCONI_ANEMIA_PATHWAY,-0.472263536320626,-1.5742836998654055,0.013504905083450121,0.09241847526320135,0.9996,17/37,15.03%,ENSG00000181544;ENSG00000106399;ENSG00000140525;ENSG00000077152;ENSG00000144554;ENSG00000162607;ENSG00000131944;ENSG00000154920;ENSG00000169689;ENSG00000132207;ENSG00000143947;ENSG00000221829;ENSG00000164053;ENSG00000117748;ENSG00000172732;ENSG00000221983;ENSG00000187741
prerank,REACTOME_TRNA_AMINOACYLATION,0.37507129776219955,1.5259035386139126,0.01857429718875502,0.09274166356729845,0.9993,5/42,2.06%,ENSG00000115866;ENSG00000067704;ENSG00000065427;ENSG00000134440;ENSG00000179115
prerank,REACTOME_DISEASES_OF_BRANCHED_CHAIN_AMINO_ACID_CATABOLISM,0.5071314456918217,1.5250172939859972,0.050681579867179305,0.09288870673342431,0.9993,3/13,3.61%,ENSG00000248098;ENSG00000103507;ENSG00000127884
prerank,REACTOME_RECRUITMENT_OF_NUMA_TO_MITOTIC_CENTROSOMES,0.3198241466221346,1.5260038323310283,0.004344677769732078,0.09301364991426715,0.9993,14/92,2.70%,ENSG00000138107;ENSG00000101367;ENSG00000175203;ENSG00000197102;ENSG00000258947;ENSG00000204843;ENSG00000127824;ENSG00000130640;ENSG00000167553;ENSG00000080824;ENSG00000170027;ENSG00000108953;ENSG00000105568;ENSG00000072062
prerank,REACTOME_PENTOSE_PHOSPHATE_PATHWAY,0.49983175564112353,1.5219012763140256,0.04814406468210217,0.09363497342278716,0.9994,3/14,2.07%,ENSG00000142657;ENSG00000160211;ENSG00000177156
prerank,REACTOME_SHC1_EVENTS_IN_EGFR_SIGNALING,0.509060286563733,1.5212545636313508,0.05626510182947877,0.09365004861911207,0.9994,3/13,2.39%,ENSG00000138798;ENSG00000177885;ENSG00000174775
prerank,REACTOME_METABOLISM_OF_RNA,0.2508586206142722,1.5205855295781994,0.0,0.09369319994944322,0.9995,75/720,3.55%,ENSG00000183258;ENSG00000145833;ENSG00000100804;ENSG00000153187;ENSG00000082898;ENSG00000244509;ENSG00000144028;ENSG00000140350;ENSG00000189091;ENSG00000079785;ENSG00000141456;ENSG00000174231;ENSG00000094914;ENSG00000165733;ENSG00000087191;ENSG00000165119;ENSG00000167721;ENSG00000100029;ENSG00000100764;ENSG00000115233;ENSG00000213024;ENSG00000213639;ENSG00000104783;ENSG00000108883;ENSG00000108592;ENSG00000109606;ENSG00000111786;ENSG00000111605;ENSG00000041357;ENSG00000119392;ENSG00000135829;ENSG00000006744;ENSG00000132792;ENSG00000132463;ENSG00000103035;ENSG00000136450;ENSG00000130706;ENSG00000125755;ENSG00000150991;ENSG00000100902;ENSG00000130520;ENSG00000105771;ENSG00000108344;ENSG00000115053;ENSG00000122566;ENSG00000087365;ENSG00000114867;ENSG00000087087;ENSG00000099783;ENSG00000108671;ENSG00000089280;ENSG00000013275;ENSG00000196235;ENSG00000109971;ENSG00000185627;ENSG00000173692;ENSG00000092199;ENSG00000175166;ENSG00000166913;ENSG00000105568;ENSG00000104824;ENSG00000077312;ENSG00000126067;ENSG00000163634;ENSG00000099817;ENSG00000132341;ENSG00000101182;ENSG00000177700;ENSG00000102900;ENSG00000172531;ENSG00000181222;ENSG00000165916;ENSG00000111701;ENSG00000142507;ENSG00000099341
prerank,REACTOME_RHOU_GTPASE_CYCLE,0.3771567438732253,1.5221769924048063,0.023054755043227664,0.09376907639205694,0.9994,5/40,1.97%,ENSG00000140575;ENSG00000185359;ENSG00000177885;ENSG00000197694;ENSG00000141367
prerank,REACTOME_SIGNALING_BY_ROBO_RECEPTORS,0.28449734030480206,1.5224361557025317,0.0,0.09396387020250524,0.9994,28/195,4.07%,ENSG00000100804;ENSG00000087191;ENSG00000100764;ENSG00000115233;ENSG00000041357;ENSG00000103035;ENSG00000131236;ENSG00000130706;ENSG00000125753;ENSG00000150991;ENSG00000100902;ENSG00000063660;ENSG00000067560;ENSG00000108344;ENSG00000114867;ENSG00000108671;ENSG00000013275;ENSG00000185627;ENSG00000173692;ENSG00000175166;ENSG00000126067;ENSG00000108518;ENSG00000072062;ENSG00000101182;ENSG00000165916;ENSG00000142507;ENSG00000099341;ENSG00000185008
prerank,REACTOME_GLYCOGEN_STORAGE_DISEASES,0.47635713217927494,1.5170017722726168,0.05361131794489948,0.09535126816951704,0.9996,4/16,2.65%,ENSG00000114480;ENSG00000104812;ENSG00000150991;ENSG00000141349
prerank,REACTOME_SYNTHESIS_OF_DNA,0.31180429557337236,1.5155818524065776,0.0034129692832764505,0.09581316702462034,0.9996,24/106,4.92%,ENSG00000100804;ENSG00000087191;ENSG00000100764;ENSG00000115233;ENSG00000041357;ENSG00000103035;ENSG00000130706;ENSG00000150991;ENSG00000100902;ENSG00000108344;ENSG00000108671;ENSG00000013275;ENSG00000185627;ENSG00000173692;ENSG00000175166;ENSG00000126067;ENSG00000101182;ENSG00000165916;ENSG00000142507;ENSG00000099341;ENSG00000104738;ENSG00000106628;ENSG00000168496;ENSG00000112118
prerank,REACTOME_TRANSCRIPTION_OF_E2F_TARGETS_UNDER_NEGATIVE_CONTROL_BY_DREAM_COMPLEX,-0.5486064481878137,-1.569387441639039,0.019469026548672566,0.09602857242021134,0.9999,9/19,9.56%,ENSG00000094804;ENSG00000131747;ENSG00000183814;ENSG00000189308;ENSG00000132646;ENSG00000101412;ENSG00000080839;ENSG00000114126;ENSG00000198176
prerank,REACTOME_ANTIGEN_PROCESSING_UBIQUITINATION_PROTEASOME_DEGRADATION,0.27063329523397217,1.5134233120753484,0.0,0.0967198475141579,0.9998,31/292,3.55%,ENSG00000141279;ENSG00000100804;ENSG00000157450;ENSG00000087191;ENSG00000170633;ENSG00000159202;ENSG00000175931;ENSG00000099364;ENSG00000009335;ENSG00000100764;ENSG00000115233;ENSG00000041357;ENSG00000064726;ENSG00000103035;ENSG00000131653;ENSG00000130706;ENSG00000150991;ENSG00000100902;ENSG00000197548;ENSG00000108344;ENSG00000108671;ENSG00000130985;ENSG00000013275;ENSG00000185627;ENSG00000173692;ENSG00000175166;ENSG00000126067;ENSG00000101182;ENSG00000165916;ENSG00000142507;ENSG00000099341
prerank,REACTOME_SIGNALING_BY_NOTCH1_HD_DOMAIN_MUTANTS_IN_CANCER,0.47908374435478296,1.511514320182545,0.05607129595246937,0.0971506305136741,0.9998,3/15,1.47%,ENSG00000151694;ENSG00000137845;ENSG00000150991
prerank,REACTOME_DENGUE_VIRUS_ACTIVATES_MODULATES_INNATE_AND_ADAPTIVE_IMMUNE_RESPONSES,0.40198387506557437,1.512098455152035,0.03697183098591549,0.09715791894635306,0.9998,6/30,5.23%,ENSG00000140464;ENSG00000166477;ENSG00000080824;ENSG00000096384;ENSG00000006712;ENSG00000258227
prerank,REACTOME_SELENOAMINO_ACID_METABOLISM,-0.3896150433002589,-1.5662404543774875,0.002832219327064688,0.09793598987527495,0.9999,73/113,36.00%,ENSG00000174444;ENSG00000149806;ENSG00000131469;ENSG00000105372;ENSG00000115268;ENSG00000142676;ENSG00000198755;ENSG00000130255;ENSG00000136942;ENSG00000162244;ENSG00000142541;ENSG00000156482;ENSG00000105640;ENSG00000100316;ENSG00000177954;ENSG00000177600;ENSG00000109475;ENSG00000116251;ENSG00000172809;ENSG00000265681;ENSG00000198431;ENSG00000071082;ENSG00000143947;ENSG00000140988;ENSG00000167526;ENSG00000221983;ENSG00000037241;ENSG00000063177;ENSG00000122406;ENSG00000149273;ENSG00000118181;ENSG00000140986;ENSG00000161970;ENSG00000147604;ENSG00000110700;ENSG00000108298;ENSG00000198034;ENSG00000142937;ENSG00000122026;ENSG00000106305;ENSG00000137818;ENSG00000213741;ENSG00000145592;ENSG00000089157;ENSG00000112306;ENSG00000197728;ENSG00000174748;ENSG00000182899;ENSG00000168028;ENSG00000144713;ENSG00000197958;ENSG00000172053;ENSG00000145425;ENSG00000198918;ENSG00000161016;ENSG00000083845;ENSG00000166441;ENSG00000031698;ENSG00000125691;ENSG00000160200;ENSG00000105193;ENSG00000171863;ENSG00000124614;ENSG00000142534;ENSG00000108107;ENSG00000185088;ENSG00000089009;ENSG00000137876;ENSG00000134419;ENSG00000116761;ENSG00000137154;ENSG00000008988;ENSG00000179988
prerank,REACTOME_CELL_CYCLE,-0.3395322041983229,-1.5619616467837087,0.0,0.10097424006076297,1.0,233/637,17.61%,ENSG00000143228;ENSG00000166851;ENSG00000152253;ENSG00000175063;ENSG00000163322;ENSG00000000460;ENSG00000171320;ENSG00000121152;ENSG00000163535;ENSG00000111445;ENSG00000102384;ENSG00000157456;ENSG00000094804;ENSG00000139618;ENSG00000112984;ENSG00000089685;ENSG00000146670;ENSG00000174371;ENSG00000051180;ENSG00000137807;ENSG00000115163;ENSG00000100479;ENSG00000131747;ENSG00000147536;ENSG00000106399;ENSG00000178999;ENSG00000065328;ENSG00000145386;ENSG00000170312;ENSG00000156970;ENSG00000183814;ENSG00000154839;ENSG00000137812;ENSG00000134057;ENSG00000152240;ENSG00000176890;ENSG00000198056;ENSG00000075218;ENSG00000146047;ENSG00000101003;ENSG00000123374;ENSG00000092853;ENSG00000094880;ENSG00000159377;ENSG00000171848;ENSG00000131153;ENSG00000100142;ENSG00000151849;ENSG00000101162;ENSG00000080986;ENSG00000112312;ENSG00000142945;ENSG00000121211;ENSG00000129810;ENSG00000197299;ENSG00000103995;ENSG00000175216;ENSG00000117399;ENSG00000181938;ENSG00000005075;ENSG00000186871;ENSG00000134324;ENSG00000138778;ENSG00000136861;ENSG00000123485;ENSG00000120334;ENSG00000101224;ENSG00000168002;ENSG00000109805;ENSG00000164754;ENSG00000169679;ENSG00000140534;ENSG00000020426;ENSG00000175305;ENSG00000113810;ENSG00000164109;ENSG00000147669;ENSG00000058804;ENSG00000111206;ENSG00000171792;ENSG00000161888;ENSG00000112576;ENSG00000135476;ENSG00000113368;ENSG00000127564;ENSG00000119335;ENSG00000189308;ENSG00000136811;ENSG00000132646;ENSG00000006634;ENSG00000117650;ENSG00000175643;ENSG00000175482;ENSG00000115350;ENSG00000101412;ENSG00000154473;ENSG00000149554;ENSG00000120802;ENSG00000158402;ENSG00000101057;ENSG00000175792;ENSG00000166483;ENSG00000117724;ENSG00000088325;ENSG00000125885;ENSG00000153044;ENSG00000149636;ENSG00000197122;ENSG00000121621;ENSG00000126756;ENSG00000105968;ENSG00000119638;ENSG00000139351;ENSG00000141552;ENSG00000129534;ENSG00000163918;ENSG00000104147;ENSG00000151503;ENSG00000035499;ENSG00000104695;ENSG00000092036;ENSG00000079335;ENSG00000138346;ENSG00000080839;ENSG00000136122;ENSG00000152082;ENSG00000126803;ENSG00000014138;ENSG00000142731;ENSG00000072571;ENSG00000177954;ENSG00000119408;ENSG00000101639;ENSG00000166295;ENSG00000145912;ENSG00000137267;ENSG00000167842;ENSG00000097046;ENSG00000203760;ENSG00000184445;ENSG00000040275;ENSG00000093009;ENSG00000169689;ENSG00000101624;ENSG00000166508;ENSG00000183955;ENSG00000114126;ENSG00000204899;ENSG00000072501;ENSG00000102882;ENSG00000157020;ENSG00000105258;ENSG00000007968;ENSG00000049541;ENSG00000127586;ENSG00000133119;ENSG00000100242;ENSG00000176101;ENSG00000112029;ENSG00000188486;ENSG00000147457;ENSG00000004897;ENSG00000077514;ENSG00000198176;ENSG00000116030;ENSG00000012048;ENSG00000138092;ENSG00000058272;ENSG00000114745;ENSG00000025293;ENSG00000151725;ENSG00000134690;ENSG00000169139;ENSG00000091651;ENSG00000148019;ENSG00000143947;ENSG00000137822;ENSG00000246705;ENSG00000166451;ENSG00000178462;ENSG00000137100;ENSG00000174442;ENSG00000138768;ENSG00000139496;ENSG00000072864;ENSG00000173207;ENSG00000254505;ENSG00000087586;ENSG00000140451;ENSG00000196890;ENSG00000075188;ENSG00000182628;ENSG00000164053;ENSG00000160783;ENSG00000136982;ENSG00000120539;ENSG00000117748;ENSG00000197903;ENSG00000129355;ENSG00000183785;ENSG00000142856;ENSG00000090273;ENSG00000101868;ENSG00000076003;ENSG00000221983;ENSG00000167110;ENSG00000160551;ENSG00000062822;ENSG00000155034;ENSG00000089053;ENSG00000108106;ENSG00000131351;ENSG00000085224;ENSG00000100297;ENSG00000105393;ENSG00000164045;ENSG00000025770;ENSG00000186298;ENSG00000068903;ENSG00000075886;ENSG00000176014;ENSG00000135446;ENSG00000185386;ENSG00000054654;ENSG00000174799;ENSG00000213397;ENSG00000112640;ENSG00000204410;ENSG00000121892;ENSG00000167513;ENSG00000164162;ENSG00000123080;ENSG00000100749
prerank,REACTOME_LDL_CLEARANCE,0.45516982131743866,1.5000349365080816,0.04964539007092199,0.10336256296790615,0.9999,4/18,3.06%,ENSG00000144959;ENSG00000141367;ENSG00000161203;ENSG00000042753
prerank,REACTOME_ATTENUATION_PHASE,0.4026093218914802,1.4970190033279185,0.03998261625380269,0.10471423247935206,0.9999,5/28,3.35%,ENSG00000080824;ENSG00000096384;ENSG00000109971;ENSG00000004478;ENSG00000230989
prerank,REACTOME_POSTMITOTIC_NUCLEAR_PORE_COMPLEX_NPC_REFORMATION,0.40759858828355555,1.4943515198526658,0.03954564577198149,0.10561394744218087,0.9999,5/27,2.93%,ENSG00000100401;ENSG00000213024;ENSG00000108424;ENSG00000132341;ENSG00000102900
prerank,REACTOME_RECRUITMENT_OF_MITOTIC_CENTROSOME_PROTEINS_AND_COMPLEXES,0.31872489510527524,1.4947601996242637,0.01010739102969046,0.10574103836733799,0.9999,12/80,2.70%,ENSG00000138107;ENSG00000101367;ENSG00000175203;ENSG00000197102;ENSG00000204843;ENSG00000127824;ENSG00000130640;ENSG00000080824;ENSG00000170027;ENSG00000108953;ENSG00000105568;ENSG00000072062
prerank,REACTOME_DEVELOPMENTAL_LINEAGE_OF_MAMMARY_GLAND_MYOEPITHELIAL_CELLS,0.4443139810786576,1.4862901108450517,0.05701926858041683,0.1090111974523785,0.9999,3/19,0.26%,ENSG00000026025;ENSG00000026508;ENSG00000138798
prerank,REACTOME_ION_TRANSPORT_BY_P_TYPE_ATPASES,0.3433806734839645,1.487481156552471,0.020191285866099893,0.10901565933036744,0.9999,18/54,13.05%,ENSG00000069849;ENSG00000174437;ENSG00000163399;ENSG00000017260;ENSG00000206190;ENSG00000105675;ENSG00000067842;ENSG00000129244;ENSG00000018625;ENSG00000064270;ENSG00000089356;ENSG00000132932;ENSG00000187527;ENSG00000132681;ENSG00000105409;ENSG00000054793;ENSG00000150201;ENSG00000186009
prerank,REACTOME_THE_ROLE_OF_NEF_IN_HIV_1_REPLICATION_AND_DISEASE_PATHOGENESIS,0.4004444873282133,1.4877236000838372,0.03673292999135696,0.1092333402366672,0.9999,6/28,4.78%,ENSG00000100280;ENSG00000161203;ENSG00000143761;ENSG00000106367;ENSG00000042753;ENSG00000178562
prerank,REACTOME_HSF1_ACTIVATION,0.390088140979859,1.4864508647872645,0.03539426523297491,0.10926923249412115,0.9999,7/31,6.15%,ENSG00000080824;ENSG00000096384;ENSG00000108953;ENSG00000004478;ENSG00000165280;ENSG00000230989;ENSG00000132383
prerank,REACTOME_TP53_REGULATES_TRANSCRIPTION_OF_GENES_INVOLVED_IN_G1_CELL_CYCLE_ARREST,-0.5877909087680259,-1.5528448536375712,0.022459448218494386,0.10943759627508183,1.0,6/14,4.24%,ENSG00000129173;ENSG00000145386;ENSG00000165891;ENSG00000123374;ENSG00000175305;ENSG00000101412
prerank,REACTOME_GLUCAGON_LIKE_PEPTIDE_1_GLP1_REGULATES_INSULIN_SECRETION,0.3695152364763852,1.4849858194230419,0.030153237765694514,0.10944637336293392,0.9999,8/41,7.06%,ENSG00000078369;ENSG00000140575;ENSG00000108946;ENSG00000087460;ENSG00000072062;ENSG00000168243;ENSG00000162188;ENSG00000115263
prerank,REACTOME_HDL_REMODELING,-0.6473461752593668,-1.5507035384574894,0.01854714064914992,0.11050589877437061,1.0,4/10,15.42%,ENSG00000188878;ENSG00000213398;ENSG00000100979;ENSG00000118137
prerank,REACTOME_MITOTIC_TELOPHASE_CYTOKINESIS,-0.5998255972633386,-1.5485386973167479,0.0239380102393801,0.11169003056435509,1.0,7/13,20.09%,ENSG00000166851;ENSG00000112984;ENSG00000137807;ENSG00000164754;ENSG00000072501;ENSG00000121892;ENSG00000108055
prerank,REACTOME_INSULIN_PROCESSING,0.40705654240987965,1.4802932432509615,0.04277848369335027,0.11196262178646098,0.9999,4/25,4.30%,ENSG00000106089;ENSG00000197535;ENSG00000185624;ENSG00000254647
prerank,REACTOME_SIGNALING_BY_RHO_GTPASES_MIRO_GTPASES_AND_RHOBTB3,0.24273679511101878,1.4788597688399483,0.0,0.11214300445048725,0.9999,66/661,2.68%,ENSG00000146376;ENSG00000026025;ENSG00000100401;ENSG00000082898;ENSG00000077549;ENSG00000140575;ENSG00000142634;ENSG00000101367;ENSG00000185359;ENSG00000138071;ENSG00000094914;ENSG00000100092;ENSG00000160410;ENSG00000085733;ENSG00000177885;ENSG00000116688;ENSG00000213639;ENSG00000213672;ENSG00000106683;ENSG00000105355;ENSG00000134308;ENSG00000197102;ENSG00000258947;ENSG00000131504;ENSG00000137312;ENSG00000126214;ENSG00000128245;ENSG00000127824;ENSG00000072110;ENSG00000126777;ENSG00000197694;ENSG00000115091;ENSG00000103653;ENSG00000132589;ENSG00000100345;ENSG00000044115;ENSG00000163466;ENSG00000241553;ENSG00000067560;ENSG00000075785;ENSG00000167553;ENSG00000138594;ENSG00000080824;ENSG00000168439;ENSG00000170027;ENSG00000096384;ENSG00000139641;ENSG00000108953;ENSG00000165280;ENSG00000141522;ENSG00000141367;ENSG00000185825;ENSG00000092199;ENSG00000092841;ENSG00000071553;ENSG00000196924;ENSG00000166913;ENSG00000184009;ENSG00000075624;ENSG00000172757;ENSG00000105568;ENSG00000254999;ENSG00000146731;ENSG00000105401;ENSG00000108518;ENSG00000135624
prerank,REACTOME_ESTROGEN_DEPENDENT_NUCLEAR_EVENTS_DOWNSTREAM_OF_ESR_MEMBRANE_SIGNALING,0.4224787746450015,1.4789220283609728,0.05063812268423219,0.1124589004611337,0.9999,3/23,0.26%,ENSG00000082898;ENSG00000152332;ENSG00000138798
prerank,REACTOME_HIV_LIFE_CYCLE,0.28715432836024046,1.4776362581402591,0.003236245954692557,0.11252693807613184,0.9999,20/145,3.12%,ENSG00000149136;ENSG00000100401;ENSG00000082898;ENSG00000092201;ENSG00000094914;ENSG00000213024;ENSG00000132612;ENSG00000150991;ENSG00000196235;ENSG00000196262;ENSG00000196419;ENSG00000137309;ENSG00000175334;ENSG00000099817;ENSG00000130724;ENSG00000132341;ENSG00000079246;ENSG00000177700;ENSG00000102900;ENSG00000181222
prerank,REACTOME_SIGNALING_BY_NTRKS,0.28993392535144247,1.476974068302359,0.006944444444444444,0.11256703572690338,0.9999,15/134,3.06%,ENSG00000068305;ENSG00000140939;ENSG00000079805;ENSG00000177885;ENSG00000108861;ENSG00000111642;ENSG00000169032;ENSG00000067560;ENSG00000141367;ENSG00000161203;ENSG00000166913;ENSG00000105568;ENSG00000174775;ENSG00000114738;ENSG00000042753
prerank,REACTOME_HEMOSTASIS,0.2449544299188264,1.4760789146994464,0.0,0.11277060351053203,1.0,89/626,7.57%,ENSG00000182718;ENSG00000157193;ENSG00000026508;ENSG00000078369;ENSG00000077549;ENSG00000138798;ENSG00000143369;ENSG00000141526;ENSG00000169375;ENSG00000170949;ENSG00000158710;ENSG00000177885;ENSG00000116688;ENSG00000116478;ENSG00000162433;ENSG00000108946;ENSG00000112715;ENSG00000258947;ENSG00000241244;ENSG00000137076;ENSG00000102265;ENSG00000035403;ENSG00000126214;ENSG00000127824;ENSG00000072110;ENSG00000071127;ENSG00000198898;ENSG00000131236;ENSG00000197747;ENSG00000103653;ENSG00000198910;ENSG00000124145;ENSG00000135919;ENSG00000063660;ENSG00000067560;ENSG00000167553;ENSG00000069849;ENSG00000116260;ENSG00000197746;ENSG00000174437;ENSG00000135404;ENSG00000005884;ENSG00000164111;ENSG00000087460;ENSG00000105329;ENSG00000196924;ENSG00000084234;ENSG00000075624;ENSG00000130402;ENSG00000142192;ENSG00000172757;ENSG00000090863;ENSG00000156535;ENSG00000105568;ENSG00000174775;ENSG00000196262;ENSG00000172270;ENSG00000108518;ENSG00000072062;ENSG00000138430;ENSG00000108561;ENSG00000164344;ENSG00000094916;ENSG00000114353;ENSG00000168243;ENSG00000067842;ENSG00000086548;ENSG00000126583;ENSG00000125337;ENSG00000211890;ENSG00000186642;ENSG00000162188;ENSG00000123416;ENSG00000105388;ENSG00000196415;ENSG00000057593;ENSG00000021488;ENSG00000188229;ENSG00000138669;ENSG00000197632;ENSG00000169851;ENSG00000154001;ENSG00000160191;ENSG00000204936;ENSG00000100234;ENSG00000129244;ENSG00000132465;ENSG00000074416;ENSG00000141448
prerank,REACTOME_PHOSPHORYLATION_AND_NUCLEAR_TRANSLOCATION_OF_THE_CRY_PER_KINASE_COMPLEX,0.49580076070186085,1.4749517742455682,0.0704830053667263,0.11277783273186033,1.0,3/13,2.99%,ENSG00000213639;ENSG00000204435;ENSG00000172531
prerank,REACTOME_REGULATION_OF_PLK1_ACTIVITY_AT_G2_M_TRANSITION,0.3129800154187815,1.47542046269477,0.0069881201956673656,0.1128391123305285,1.0,13/87,2.70%,ENSG00000138107;ENSG00000101367;ENSG00000175203;ENSG00000213639;ENSG00000197102;ENSG00000204843;ENSG00000127824;ENSG00000150991;ENSG00000080824;ENSG00000170027;ENSG00000108953;ENSG00000105568;ENSG00000072062
prerank,REACTOME_GLUCAGON_SIGNALING_IN_METABOLIC_REGULATION,0.3864497717132862,1.474105469788758,0.04192685102586976,0.11294317242670074,1.0,7/32,7.06%,ENSG00000078369;ENSG00000108946;ENSG00000087460;ENSG00000072062;ENSG00000168243;ENSG00000162188;ENSG00000115263
prerank,REACTOME_SEMA4D_INDUCED_CELL_MIGRATION_AND_GROWTH_CONE_COLLAPSE,0.43705631293099856,1.4734465296441004,0.05422905706191825,0.11301599259575618,1.0,4/20,2.03%,ENSG00000106683;ENSG00000100345;ENSG00000067560;ENSG00000092841
prerank,REACTOME_PEPTIDE_HORMONE_BIOSYNTHESIS,-0.6213790035449435,-1.5440710949185195,0.02470163752428532,0.11540447670046469,1.0,7/11,21.45%,ENSG00000163083;ENSG00000139269;ENSG00000175426;ENSG00000104826;ENSG00000122641;ENSG00000175189;ENSG00000123999
prerank,REACTOME_MUCOPOLYSACCHARIDOSES,-0.622768752345864,-1.5415256507771584,0.02446183953033268,0.11693513378990221,1.0,7/11,21.87%,ENSG00000181523;ENSG00000108784;ENSG00000010404;ENSG00000114378;ENSG00000113273;ENSG00000170266;ENSG00000169919
prerank,REACTOME_VESICLE_MEDIATED_TRANSPORT,0.23938153543204152,1.466417846019195,0.0,0.11724216569962047,1.0,74/711,4.30%,ENSG00000077549;ENSG00000138798;ENSG00000138107;ENSG00000079805;ENSG00000185359;ENSG00000157483;ENSG00000138071;ENSG00000174791;ENSG00000175203;ENSG00000169221;ENSG00000179218;ENSG00000085733;ENSG00000177885;ENSG00000105063;ENSG00000105355;ENSG00000110514;ENSG00000003056;ENSG00000134308;ENSG00000197102;ENSG00000132612;ENSG00000258947;ENSG00000103051;ENSG00000241244;ENSG00000204843;ENSG00000126214;ENSG00000128245;ENSG00000203879;ENSG00000127824;ENSG00000198898;ENSG00000197694;ENSG00000073969;ENSG00000084733;ENSG00000115091;ENSG00000150991;ENSG00000100345;ENSG00000197535;ENSG00000163466;ENSG00000241553;ENSG00000075785;ENSG00000167553;ENSG00000080824;ENSG00000170027;ENSG00000109971;ENSG00000100280;ENSG00000108953;ENSG00000174903;ENSG00000134287;ENSG00000141367;ENSG00000166598;ENSG00000161203;ENSG00000122218;ENSG00000166913;ENSG00000105438;ENSG00000184009;ENSG00000143761;ENSG00000075624;ENSG00000143545;ENSG00000142192;ENSG00000166557;ENSG00000184840;ENSG00000105669;ENSG00000106367;ENSG00000130724;ENSG00000129559;ENSG00000042753;ENSG00000111652;ENSG00000168090;ENSG00000170043;ENSG00000187513;ENSG00000169727;ENSG00000241685;ENSG00000117450;ENSG00000121634;ENSG00000254647
prerank,REACTOME_GLUCAGON_TYPE_LIGAND_RECEPTORS,0.38603672808147615,1.4655094313980495,0.04826341903473162,0.11745991998837671,1.0,9/32,7.87%,ENSG00000078369;ENSG00000087460;ENSG00000118702;ENSG00000078549;ENSG00000168243;ENSG00000173918;ENSG00000162188;ENSG00000115263;ENSG00000141433
prerank,REACTOME_METABOLISM_OF_FAT_SOLUBLE_VITAMINS,0.34970672237362294,1.4593776254119302,0.03428863868986694,0.12077185062845869,1.0,9/47,6.86%,ENSG00000147650;ENSG00000157193;ENSG00000124145;ENSG00000063660;ENSG00000167397;ENSG00000137392;ENSG00000179399;ENSG00000163803;ENSG00000076716
prerank,REACTOME_PHASE_0_RAPID_DEPOLARISATION,0.38313531741193935,1.4594614485055022,0.046532045654082525,0.12108765596557988,1.0,9/31,11.64%,ENSG00000161958;ENSG00000149575;ENSG00000151067;ENSG00000105711;ENSG00000007402;ENSG00000153253;ENSG00000007314;ENSG00000168356;ENSG00000144285
prerank,REACTOME_NF_KB_IS_ACTIVATED_AND_SIGNALS_SURVIVAL,0.48669565680903015,1.451176242722916,0.0695091365102114,0.12476245973089548,1.0,3/13,4.53%,ENSG00000150991;ENSG00000184216;ENSG00000064300
prerank,REACTOME_RHOH_GTPASE_CYCLE,0.3671439008816629,1.4516276234911591,0.04223369310183012,0.12485233526188597,1.0,7/36,5.64%,ENSG00000103653;ENSG00000075785;ENSG00000165280;ENSG00000141522;ENSG00000116209;ENSG00000072274;ENSG00000123416
prerank,REACTOME_SMOOTH_MUSCLE_CONTRACTION,0.3593369670992198,1.4520051752494094,0.036893203883495145,0.125007760393633,1.0,7/42,2.98%,ENSG00000182718;ENSG00000137076;ENSG00000035403;ENSG00000082781;ENSG00000092841;ENSG00000106631;ENSG00000196465
prerank,REACTOME_PLASMA_LIPOPROTEIN_CLEARANCE,0.36557301297722944,1.4522211564420762,0.041573535985695124,0.12524409898355643,1.0,6/36,3.06%,ENSG00000150991;ENSG00000144959;ENSG00000115677;ENSG00000141367;ENSG00000161203;ENSG00000042753
prerank,REACTOME_TRANSMISSION_ACROSS_CHEMICAL_SYNAPSES,0.26122466266872346,1.4487128732038173,0.0,0.12607648747005493,1.0,45/252,9.57%,ENSG00000149782;ENSG00000156642;ENSG00000078369;ENSG00000143847;ENSG00000108946;ENSG00000106089;ENSG00000258947;ENSG00000127824;ENSG00000073969;ENSG00000101152;ENSG00000167553;ENSG00000109971;ENSG00000161203;ENSG00000174775;ENSG00000144746;ENSG00000072062;ENSG00000042753;ENSG00000111181;ENSG00000080644;ENSG00000114353;ENSG00000144596;ENSG00000168243;ENSG00000162728;ENSG00000157542;ENSG00000126583;ENSG00000182481;ENSG00000162383;ENSG00000162188;ENSG00000123416;ENSG00000178084;ENSG00000185666;ENSG00000188229;ENSG00000067715;ENSG00000007402;ENSG00000169684;ENSG00000115665;ENSG00000155511;ENSG00000145864;ENSG00000149403;ENSG00000107282;ENSG00000168135;ENSG00000141404;ENSG00000160716;ENSG00000273079;ENSG00000152578
prerank,REACTOME_UPTAKE_AND_ACTIONS_OF_BACTERIAL_TOXINS,0.3876185689801408,1.4463639840843376,0.043852106620808254,0.1272983318267174,1.0,6/29,6.81%,ENSG00000106089;ENSG00000169032;ENSG00000080824;ENSG00000096384;ENSG00000185518;ENSG00000067715
prerank,REACTOME_PLATELET_ADHESION_TO_EXPOSED_COLLAGEN,-0.5837511859873109,-1.5316490755650731,0.025456088247772592,0.12735254805837537,1.0,11/14,34.66%,ENSG00000158869;ENSG00000185245;ENSG00000143127;ENSG00000150093;ENSG00000088053;ENSG00000164692;ENSG00000108821;ENSG00000164171;ENSG00000010810;ENSG00000213949;ENSG00000254087
prerank,REACTOME_RHOF_GTPASE_CYCLE,0.35715679424738295,1.4441204392175628,0.040448343079922025,0.12845931456291856,1.0,6/41,2.17%,ENSG00000077549;ENSG00000131504;ENSG00000072110;ENSG00000075785;ENSG00000139641;ENSG00000075624
prerank,REACTOME_RAC3_GTPASE_CYCLE,-0.3908576321602413,-1.5276809421751059,0.006127167630057804,0.12950851451676415,1.0,35/92,24.28%,ENSG00000161800;ENSG00000158517;ENSG00000149357;ENSG00000165168;ENSG00000147799;ENSG00000120318;ENSG00000120802;ENSG00000106636;ENSG00000150093;ENSG00000105137;ENSG00000008517;ENSG00000035499;ENSG00000142627;ENSG00000007952;ENSG00000159259;ENSG00000111348;ENSG00000079482;ENSG00000118804;ENSG00000051523;ENSG00000123338;ENSG00000164040;ENSG00000073712;ENSG00000123143;ENSG00000074695;ENSG00000046604;ENSG00000100365;ENSG00000049245;ENSG00000076706;ENSG00000139734;ENSG00000075884;ENSG00000136754;ENSG00000160007;ENSG00000092531;ENSG00000173218;ENSG00000047648
prerank,REACTOME_SIGNALING_BY_ALK,0.38382049005042745,1.4412470204633467,0.0519369944657301,0.1297704710828936,1.0,4/30,0.82%,ENSG00000100644;ENSG00000169375;ENSG00000171720;ENSG00000116478
prerank,REACTOME_FOXO_MEDIATED_TRANSCRIPTION_OF_OXIDATIVE_STRESS_METABOLIC_AND_NEURONAL_GENES,0.3893817259562966,1.4417067394058882,0.04632034632034632,0.12981210552820804,1.0,4/29,4.30%,ENSG00000169375;ENSG00000166949;ENSG00000116478;ENSG00000254647
prerank,REACTOME_DNA_METHYLATION,-0.5303743636809751,-1.5281043621798724,0.024808904385141477,0.13035304115154808,1.0,18/20,42.81%,ENSG00000146047;ENSG00000105968;ENSG00000130816;ENSG00000188486;ENSG00000246705;ENSG00000196890;ENSG00000197903;ENSG00000180573;ENSG00000180596;ENSG00000124635;ENSG00000197409;ENSG00000184678;ENSG00000119772;ENSG00000158406;ENSG00000184260;ENSG00000158373;ENSG00000132475;ENSG00000197837
prerank,REACTOME_CELL_CYCLE_CHECKPOINTS,-0.34782649269379795,-1.52355935093403,0.0005229031583350763,0.13191943456105312,1.0,101/263,15.71%,ENSG00000143228;ENSG00000166851;ENSG00000152253;ENSG00000175063;ENSG00000163322;ENSG00000163535;ENSG00000111445;ENSG00000102384;ENSG00000157456;ENSG00000094804;ENSG00000089685;ENSG00000174371;ENSG00000115163;ENSG00000106399;ENSG00000178999;ENSG00000065328;ENSG00000145386;ENSG00000170312;ENSG00000156970;ENSG00000154839;ENSG00000137812;ENSG00000134057;ENSG00000075218;ENSG00000146047;ENSG00000123374;ENSG00000092853;ENSG00000094880;ENSG00000159377;ENSG00000080986;ENSG00000142945;ENSG00000129810;ENSG00000197299;ENSG00000175216;ENSG00000117399;ENSG00000186871;ENSG00000138778;ENSG00000120334;ENSG00000169679;ENSG00000175305;ENSG00000164109;ENSG00000171792;ENSG00000161888;ENSG00000127564;ENSG00000006634;ENSG00000175643;ENSG00000154473;ENSG00000149554;ENSG00000158402;ENSG00000166483;ENSG00000117724;ENSG00000125885;ENSG00000153044;ENSG00000149636;ENSG00000121621;ENSG00000141552;ENSG00000163918;ENSG00000035499;ENSG00000104695;ENSG00000138346;ENSG00000177954;ENSG00000166295;ENSG00000167842;ENSG00000097046;ENSG00000184445;ENSG00000040275;ENSG00000093009;ENSG00000166508;ENSG00000157020;ENSG00000049541;ENSG00000133119;ENSG00000188486;ENSG00000004897;ENSG00000012048;ENSG00000138092;ENSG00000025293;ENSG00000151725;ENSG00000134690;ENSG00000169139;ENSG00000091651;ENSG00000143947;ENSG00000166451;ENSG00000174442;ENSG00000072864;ENSG00000196890;ENSG00000075188;ENSG00000182628;ENSG00000164053;ENSG00000160783;ENSG00000117748;ENSG00000197903;ENSG00000142856;ENSG00000090273;ENSG00000076003;ENSG00000221983;ENSG00000160551;ENSG00000089053;ENSG00000108106;ENSG00000100297;ENSG00000105393;ENSG00000164045;ENSG00000186298
prerank,REACTOME_TRANS_GOLGI_NETWORK_VESICLE_BUDDING,0.3132830652199916,1.4371820960349009,0.023646546359676415,0.13225965799670278,1.0,10/72,2.83%,ENSG00000079805;ENSG00000185359;ENSG00000003056;ENSG00000109971;ENSG00000100280;ENSG00000141367;ENSG00000143761;ENSG00000142192;ENSG00000106367;ENSG00000130724
prerank,REACTOME_POST_CHAPERONIN_TUBULIN_FOLDING_PATHWAY,0.4119631266375167,1.436237178745505,0.06315366049879324,0.13254413575337426,1.0,6/22,6.68%,ENSG00000258947;ENSG00000127824;ENSG00000167553;ENSG00000105254;ENSG00000123416;ENSG00000188229
prerank,REACTOME_ASSOCIATION_OF_TRIC_CCT_WITH_TARGET_PROTEINS_DURING_BIOSYNTHESIS,0.3584197404374454,1.435281760781876,0.04534718941898914,0.13283138493739974,1.0,8/39,4.80%,ENSG00000156261;ENSG00000171720;ENSG00000136485;ENSG00000150753;ENSG00000146731;ENSG00000135624;ENSG00000163468;ENSG00000171931
prerank,REACTOME_TRANSLESION_SYNTHESIS_BY_POLK,-0.5491091438005454,-1.5236073523210711,0.02881883371668245,0.13324341643139312,1.0,10/17,15.29%,ENSG00000111445;ENSG00000106399;ENSG00000132646;ENSG00000163918;ENSG00000049541;ENSG00000133119;ENSG00000143947;ENSG00000117748;ENSG00000221983;ENSG00000116670
prerank,REACTOME_CLASS_I_MHC_MEDIATED_ANTIGEN_PROCESSING_PRESENTATION,0.24964649991243557,1.434109123238159,0.0,0.13328815226820578,1.0,38/367,3.55%,ENSG00000141279;ENSG00000100804;ENSG00000157450;ENSG00000087191;ENSG00000170633;ENSG00000179218;ENSG00000159202;ENSG00000175931;ENSG00000099364;ENSG00000009335;ENSG00000100764;ENSG00000115233;ENSG00000041357;ENSG00000064726;ENSG00000103035;ENSG00000131653;ENSG00000130706;ENSG00000150991;ENSG00000100902;ENSG00000197548;ENSG00000082781;ENSG00000108344;ENSG00000108671;ENSG00000130985;ENSG00000013275;ENSG00000185627;ENSG00000173692;ENSG00000185825;ENSG00000132432;ENSG00000175166;ENSG00000127022;ENSG00000167004;ENSG00000126067;ENSG00000101182;ENSG00000165916;ENSG00000116031;ENSG00000142507;ENSG00000099341
prerank,REACTOME_IMMUNOREGULATORY_INTERACTIONS_BETWEEN_A_LYMPHOID_AND_A_NON_LYMPHOID_CELL,-0.3603803642499865,-1.5175566246156829,0.001519262072707542,0.13415340357129152,1.0,59/173,25.31%,ENSG00000242534;ENSG00000076662;ENSG00000211677;ENSG00000162739;ENSG00000110651;ENSG00000204475;ENSG00000026751;ENSG00000121716;ENSG00000241351;ENSG00000244116;ENSG00000204592;ENSG00000211653;ENSG00000243238;ENSG00000150093;ENSG00000240382;ENSG00000168542;ENSG00000139626;ENSG00000204642;ENSG00000186818;ENSG00000239571;ENSG00000125730;ENSG00000126264;ENSG00000251546;ENSG00000198821;ENSG00000166710;ENSG00000104974;ENSG00000213809;ENSG00000164520;ENSG00000002586;ENSG00000240864;ENSG00000158473;ENSG00000164692;ENSG00000203747;ENSG00000112195;ENSG00000198574;ENSG00000131019;ENSG00000085514;ENSG00000163606;ENSG00000150637;ENSG00000108821;ENSG00000189430;ENSG00000091972;ENSG00000139219;ENSG00000251039;ENSG00000242371;ENSG00000239951;ENSG00000160654;ENSG00000204516;ENSG00000150045;ENSG00000134545;ENSG00000142512;ENSG00000088827;ENSG00000224373;ENSG00000105383;ENSG00000211644;ENSG00000167286;ENSG00000105366;ENSG00000198851;ENSG00000154639
prerank,REACTOME_GAMMA_CARBOXYLATION_TRANSPORT_AND_AMINO_TERMINAL_CLEAVAGE_OF_PROTEINS,-0.6135052135388017,-1.5136571012213822,0.029075511644318985,0.13510370044298098,1.0,5/11,16.31%,ENSG00000140564;ENSG00000183087;ENSG00000242252;ENSG00000115486;ENSG00000126231
prerank,REACTOME_DUAL_INCISION_IN_GG_NER,-0.4486349350623724,-1.5198787626536254,0.0201527099762173,0.135238050643174,1.0,18/41,14.26%,ENSG00000111445;ENSG00000100479;ENSG00000106399;ENSG00000145736;ENSG00000129484;ENSG00000132646;ENSG00000175482;ENSG00000115350;ENSG00000163918;ENSG00000134899;ENSG00000049541;ENSG00000133119;ENSG00000077514;ENSG00000143947;ENSG00000143799;ENSG00000117748;ENSG00000221983;ENSG00000062822
prerank,REACTOME_TP53_REGULATES_TRANSCRIPTION_OF_GENES_INVOLVED_IN_G2_CELL_CYCLE_ARREST,-0.5377082644341675,-1.5176763786157237,0.024645969498910677,0.13533883674597216,1.0,9/18,12.48%,ENSG00000170312;ENSG00000134057;ENSG00000132646;ENSG00000158402;ENSG00000087088;ENSG00000080839;ENSG00000114126;ENSG00000198176;ENSG00000087586
prerank,REACTOME_INHIBITION_OF_REPLICATION_INITIATION_OF_DAMAGED_DNA_BY_RB1_E2F1,-0.5850320234551314,-1.5153577166098284,0.029424186963254963,0.13559468863975502,1.0,7/13,13.83%,ENSG00000198056;ENSG00000101412;ENSG00000104695;ENSG00000014138;ENSG00000114126;ENSG00000198176;ENSG00000101868
prerank,REACTOME_DUAL_INCISION_IN_TC_NER,-0.4137338320670591,-1.5137986222162878,0.014256619144602852,0.13624015227197248,1.0,24/62,14.26%,ENSG00000111445;ENSG00000021776;ENSG00000100479;ENSG00000106399;ENSG00000145736;ENSG00000100142;ENSG00000172780;ENSG00000005075;ENSG00000168002;ENSG00000020426;ENSG00000147669;ENSG00000132646;ENSG00000175482;ENSG00000115350;ENSG00000163918;ENSG00000134899;ENSG00000105258;ENSG00000049541;ENSG00000133119;ENSG00000077514;ENSG00000143947;ENSG00000117748;ENSG00000221983;ENSG00000062822
prerank,REACTOME_DISEASES_ASSOCIATED_WITH_N_GLYCOSYLATION_OF_PROTEINS,-0.5240489937530721,-1.5176926197005391,0.030543435144783818,0.1366861859983264,1.0,14/20,28.78%,ENSG00000086848;ENSG00000129255;ENSG00000172269;ENSG00000182858;ENSG00000159063;ENSG00000088035;ENSG00000033011;ENSG00000204386;ENSG00000119523;ENSG00000170266;ENSG00000101901;ENSG00000172339;ENSG00000177239;ENSG00000214160
prerank,REACTOME_ALPHA_LINOLENIC_OMEGA3_AND_LINOLEIC_OMEGA6_ACID_METABOLISM,-0.5852333731323648,-1.5106036114397945,0.03161236885698509,0.13779385380315515,1.0,9/13,29.39%,ENSG00000151726;ENSG00000101473;ENSG00000134824;ENSG00000119915;ENSG00000197977;ENSG00000066322;ENSG00000149485;ENSG00000175215;ENSG00000133835
prerank,REACTOME_ROS_AND_RNS_PRODUCTION_IN_PHAGOCYTES,0.3624252836265599,1.423724964314122,0.055248618784530384,0.14057033456132687,1.0,9/36,7.10%,ENSG00000147416;ENSG00000159720;ENSG00000114573;ENSG00000131100;ENSG00000185883;ENSG00000147614;ENSG00000116039;ENSG00000105929;ENSG00000143882
prerank,REACTOME_THE_NLRP3_INFLAMMASOME,0.45510114507029514,1.4203314543515033,0.09154155986818015,0.14226588198718718,1.0,3/15,2.20%,ENSG00000136810;ENSG00000096384;ENSG00000142192
prerank,REACTOME_WNT5A_DEPENDENT_INTERNALIZATION_OF_FZD2_FZD5_AND_ROR2,0.49047441556333576,1.4191100100646408,0.0888030888030888,0.14234034782182367,1.0,3/12,3.06%,ENSG00000141367;ENSG00000161203;ENSG00000042753
prerank,REACTOME_AURKA_ACTIVATION_BY_TPX2,0.3107841916692039,1.4207843066585684,0.024788391777509067,0.14236583255549062,1.0,11/72,2.70%,ENSG00000138107;ENSG00000101367;ENSG00000175203;ENSG00000197102;ENSG00000204843;ENSG00000127824;ENSG00000080824;ENSG00000170027;ENSG00000108953;ENSG00000105568;ENSG00000072062
prerank,REACTOME_METABOLISM_OF_AMINO_ACIDS_AND_DERIVATIVES,0.24790723403579448,1.419461661685191,0.0,0.14251233501150617,1.0,38/344,3.61%,ENSG00000105953;ENSG00000100804;ENSG00000180304;ENSG00000181019;ENSG00000087191;ENSG00000088826;ENSG00000248098;ENSG00000104951;ENSG00000115866;ENSG00000100764;ENSG00000115233;ENSG00000104687;ENSG00000125166;ENSG00000041357;ENSG00000065427;ENSG00000103035;ENSG00000103507;ENSG00000130821;ENSG00000130706;ENSG00000100902;ENSG00000108344;ENSG00000177181;ENSG00000108671;ENSG00000013275;ENSG00000185627;ENSG00000173692;ENSG00000175166;ENSG00000138801;ENSG00000126067;ENSG00000101182;ENSG00000101444;ENSG00000104904;ENSG00000165916;ENSG00000111181;ENSG00000102172;ENSG00000142507;ENSG00000099341;ENSG00000127884
prerank,REACTOME_CHOLESTEROL_BIOSYNTHESIS_VIA_DESMOSTEROL_BLOCH_PATHWAY,-0.6231732403483917,-1.5050783604292783,0.03141141979617479,0.14366560044508092,1.0,7/10,26.35%,ENSG00000147155;ENSG00000149809;ENSG00000172893;ENSG00000052802;ENSG00000099251;ENSG00000116133;ENSG00000147383
prerank,REACTOME_ENERGY_DEPENDENT_REGULATION_OF_MTOR_BY_LKB1_AMPK,-0.48038796958363306,-1.5038317895800155,0.026737967914438502,0.1439704473058608,1.0,14/28,32.18%,ENSG00000167965;ENSG00000149357;ENSG00000188186;ENSG00000082146;ENSG00000118046;ENSG00000134248;ENSG00000165699;ENSG00000106617;ENSG00000103197;ENSG00000109270;ENSG00000116954;ENSG00000181929;ENSG00000115592;ENSG00000116586
prerank,REACTOME_ONCOGENE_INDUCED_SENESCENCE,-0.4615034229726479,-1.5004026572756368,0.02552862300154719,0.14722815765000946,1.0,14/33,20.05%,ENSG00000134954;ENSG00000155363;ENSG00000101412;ENSG00000114126;ENSG00000102882;ENSG00000007968;ENSG00000198176;ENSG00000143947;ENSG00000129355;ENSG00000221983;ENSG00000135446;ENSG00000123080;ENSG00000100030;ENSG00000134698
prerank,REACTOME_SIGNALING_BY_TGF_BETA_RECEPTOR_COMPLEX,0.29525734445082513,1.411883931390534,0.01684981684981685,0.14750774158759244,1.0,12/93,2.99%,ENSG00000157450;ENSG00000082898;ENSG00000166949;ENSG00000116478;ENSG00000213639;ENSG00000150991;ENSG00000088832;ENSG00000067560;ENSG00000082781;ENSG00000105329;ENSG00000129559;ENSG00000172531
prerank,REACTOME_AMYLOID_FIBER_FORMATION,-0.40270479572429585,-1.4977107882376324,0.01331893448524118,0.1481688751639598,1.0,28/67,20.51%,ENSG00000101439;ENSG00000140564;ENSG00000196470;ENSG00000146047;ENSG00000205155;ENSG00000164032;ENSG00000171560;ENSG00000148180;ENSG00000186318;ENSG00000188486;ENSG00000156587;ENSG00000166710;ENSG00000136156;ENSG00000138613;ENSG00000143947;ENSG00000120708;ENSG00000196890;ENSG00000197903;ENSG00000221983;ENSG00000144035;ENSG00000118137;ENSG00000103365;ENSG00000181788;ENSG00000175206;ENSG00000180573;ENSG00000162736;ENSG00000180596;ENSG00000117362
prerank,REACTOME_EXPORT_OF_VIRAL_RIBONUCLEOPROTEINS_FROM_NUCLEUS,0.36832865394975045,1.4084886279155466,0.05844155844155844,0.1484652982887828,1.0,5/32,2.93%,ENSG00000082898;ENSG00000094914;ENSG00000213024;ENSG00000132341;ENSG00000102900
prerank,REACTOME_SHC1_EVENTS_IN_ERBB4_SIGNALING,0.4624813082720302,1.408989514981861,0.08659719726913402,0.14850066417489288,1.0,4/14,5.71%,ENSG00000177885;ENSG00000174775;ENSG00000185737;ENSG00000169752
prerank,REACTOME_RIPK1_MEDIATED_REGULATED_NECROSIS,0.3675181123597102,1.4091945134428077,0.05548037889039242,0.14876477796087642,1.0,5/32,2.64%,ENSG00000137312;ENSG00000150991;ENSG00000132589;ENSG00000080824;ENSG00000105401
prerank,REACTOME_NUCLEAR_IMPORT_OF_REV_PROTEIN,0.3640037803470504,1.407550190393088,0.06411359724612736,0.14880720405683107,1.0,5/33,2.93%,ENSG00000094914;ENSG00000213024;ENSG00000108424;ENSG00000132341;ENSG00000102900
prerank,REACTOME_INTERLEUKIN_4_AND_INTERLEUKIN_13_SIGNALING,0.2908026635855119,1.4096420984524713,0.019184652278177457,0.1488298029558221,1.0,11/105,3.43%,ENSG00000100644;ENSG00000026025;ENSG00000112715;ENSG00000075618;ENSG00000102265;ENSG00000080824;ENSG00000109971;ENSG00000166598;ENSG00000105329;ENSG00000136634;ENSG00000211896
prerank,REACTOME_DIGESTION_AND_ABSORPTION,0.40332701895311673,1.4069763423375001,0.08211974110032362,0.14884475345963347,1.0,10/23,12.99%,ENSG00000174876;ENSG00000090402;ENSG00000137392;ENSG00000187021;ENSG00000044012;ENSG00000133063;ENSG00000142583;ENSG00000182333;ENSG00000163295;ENSG00000257335
prerank,REACTOME_NEGATIVE_REGULATION_OF_MET_ACTIVITY,0.41393708046266287,1.4057815821051747,0.08242862887012464,0.14896798190146418,1.0,3/21,1.47%,ENSG00000185359;ENSG00000177885;ENSG00000150991
prerank,REACTOME_CROSSLINKING_OF_COLLAGEN_FIBRILS,-0.5303190958219923,-1.498032070155553,0.033778262053936255,0.14910250319282375,1.0,10/18,30.56%,ENSG00000106333;ENSG00000134013;ENSG00000168487;ENSG00000138131;ENSG00000164692;ENSG00000108821;ENSG00000038295;ENSG00000134871;ENSG00000197565;ENSG00000113083
prerank,REACTOME_CD28_DEPENDENT_VAV1_PATHWAY,0.4811245647247846,1.4041183457527908,0.10546601261387527,0.14932088624596682,1.0,3/12,4.78%,ENSG00000177885;ENSG00000114013;ENSG00000178562
prerank,REACTOME_TRANSLATION_OF_SARS_COV_2_STRUCTURAL_PROTEINS,0.3182831972832247,1.4058694567764838,0.03348467650397276,0.14935048604300274,1.0,9/61,2.85%,ENSG00000161013;ENSG00000137817;ENSG00000150991;ENSG00000163902;ENSG00000127022;ENSG00000118705;ENSG00000089597;ENSG00000244038;ENSG00000126457
prerank,REACTOME_ACTIVATION_OF_BH3_ONLY_PROTEINS,0.37209194151727887,1.4042132828965344,0.07010752688172044,0.14967930498304094,1.0,5/30,2.12%,ENSG00000134308;ENSG00000128245;ENSG00000170027;ENSG00000108953;ENSG00000166913
prerank,REACTOME_ACETYLCHOLINE_NEUROTRANSMITTER_RELEASE_CYCLE,0.440416505032159,1.4030826473202325,0.08673091178650852,0.14974545028445077,1.0,5/16,10.57%,ENSG00000143847;ENSG00000106089;ENSG00000067715;ENSG00000115665;ENSG00000105649
prerank,REACTOME_HIGH_LAMINAR_FLOW_SHEAR_STRESS_ACTIVATES_SIGNALING_BY_PIEZO1_AND_PECAM1_CDH5_KDR_IN_ENDOTHELIAL_CELLS,0.312488061232115,1.400480397689177,0.031231585150265175,0.15013563116744078,1.0,11/66,6.62%,ENSG00000078369;ENSG00000162909;ENSG00000108946;ENSG00000137076;ENSG00000035403;ENSG00000087460;ENSG00000072062;ENSG00000126247;ENSG00000168243;ENSG00000162188;ENSG00000111199
prerank,REACTOME_INTRA_GOLGI_AND_RETROGRADE_GOLGI_TO_ER_TRAFFIC,0.2602062223587912,1.4018397757145697,0.0030303030303030303,0.15034770447149426,1.0,22/199,2.63%,ENSG00000077549;ENSG00000138107;ENSG00000175203;ENSG00000105355;ENSG00000003056;ENSG00000197102;ENSG00000258947;ENSG00000103051;ENSG00000204843;ENSG00000126214;ENSG00000127824;ENSG00000198898;ENSG00000073969;ENSG00000167553;ENSG00000174903;ENSG00000134287;ENSG00000122218;ENSG00000105438;ENSG00000143761;ENSG00000166557;ENSG00000184840;ENSG00000105669
prerank,REACTOME_LATE_SARS_COV_2_INFECTION_EVENTS,0.30477036363118326,1.4007495255105205,0.03063178047223995,0.15036081000525134,1.0,10/74,2.85%,ENSG00000161013;ENSG00000177119;ENSG00000137817;ENSG00000150991;ENSG00000163902;ENSG00000127022;ENSG00000118705;ENSG00000089597;ENSG00000244038;ENSG00000126457
prerank,REACTOME_REGULATION_OF_TP53_ACTIVITY_THROUGH_ACETYLATION,0.3767517629657908,1.4008647269210102,0.06790123456790123,0.150699714826343,1.0,3/28,1.04%,ENSG00000140464;ENSG00000116478;ENSG00000111642
prerank,REACTOME_ATTACHMENT_AND_ENTRY,0.4144453359141196,1.3990678611937015,0.0784849668098399,0.15083930704568294,1.0,5/19,6.86%,ENSG00000124145;ENSG00000063660;ENSG00000165280;ENSG00000179399;ENSG00000076716
prerank,REACTOME_MITOCHONDRIAL_CALCIUM_ION_TRANSPORT,0.3982435939841557,1.3981757371192947,0.08065190137902215,0.1511230143674276,1.0,5/23,3.65%,ENSG00000165637;ENSG00000213585;ENSG00000078668;ENSG00000167085;ENSG00000107745
prerank,REACTOME_TRANSCRIPTIONAL_REGULATION_OF_GRANULOPOIESIS,-0.4301096657215837,-1.4945351563140243,0.021099664887675312,0.1511996367848901,1.0,20/47,20.04%,ENSG00000146047;ENSG00000123374;ENSG00000102554;ENSG00000101412;ENSG00000105968;ENSG00000124795;ENSG00000114126;ENSG00000188486;ENSG00000198176;ENSG00000118260;ENSG00000246705;ENSG00000066336;ENSG00000196890;ENSG00000159216;ENSG00000197903;ENSG00000186350;ENSG00000135446;ENSG00000151702;ENSG00000180573;ENSG00000180596
prerank,REACTOME_ALK_MUTANTS_BIND_TKIS,0.47915266837037285,1.3965994105835668,0.09843806756265892,0.15196632779931926,1.0,2/12,1.97%,ENSG00000108946;ENSG00000141367
prerank,REACTOME_PHASE_4_RESTING_MEMBRANE_POTENTIAL,0.4263188844872845,1.395087703810496,0.09492947007243614,0.15278959598535902,1.0,8/18,13.95%,ENSG00000173338;ENSG00000168135;ENSG00000100433;ENSG00000135750;ENSG00000124780;ENSG00000182450;ENSG00000169427;ENSG00000123700
prerank,REACTOME_RRNA_PROCESSING,-0.34861013819388903,-1.4901393512726078,0.0019384018953262977,0.1545467595396721,1.0,111/201,34.55%,ENSG00000100138;ENSG00000174444;ENSG00000149806;ENSG00000197223;ENSG00000131469;ENSG00000007520;ENSG00000105372;ENSG00000105202;ENSG00000115268;ENSG00000142676;ENSG00000198755;ENSG00000130255;ENSG00000136942;ENSG00000162244;ENSG00000142541;ENSG00000156482;ENSG00000072506;ENSG00000105640;ENSG00000120699;ENSG00000100316;ENSG00000171824;ENSG00000177954;ENSG00000177600;ENSG00000145912;ENSG00000183520;ENSG00000109475;ENSG00000116251;ENSG00000172809;ENSG00000265681;ENSG00000075914;ENSG00000071082;ENSG00000143947;ENSG00000140988;ENSG00000182768;ENSG00000189306;ENSG00000071462;ENSG00000167526;ENSG00000221983;ENSG00000037241;ENSG00000063177;ENSG00000171311;ENSG00000122406;ENSG00000077348;ENSG00000149273;ENSG00000118181;ENSG00000140986;ENSG00000161970;ENSG00000124541;ENSG00000147604;ENSG00000227057;ENSG00000110700;ENSG00000108298;ENSG00000117395;ENSG00000148688;ENSG00000198034;ENSG00000142937;ENSG00000107371;ENSG00000122026;ENSG00000241370;ENSG00000111615;ENSG00000124383;ENSG00000156990;ENSG00000137818;ENSG00000213741;ENSG00000066654;ENSG00000145592;ENSG00000089157;ENSG00000241945;ENSG00000112306;ENSG00000119616;ENSG00000135521;ENSG00000197728;ENSG00000174748;ENSG00000167112;ENSG00000182899;ENSG00000168028;ENSG00000144713;ENSG00000197958;ENSG00000083520;ENSG00000145425;ENSG00000108651;ENSG00000198918;ENSG00000124784;ENSG00000161016;ENSG00000171861;ENSG00000083845;ENSG00000166441;ENSG00000174173;ENSG00000125691;ENSG00000055044;ENSG00000118246;ENSG00000105193;ENSG00000178718;ENSG00000122085;ENSG00000171863;ENSG00000124614;ENSG00000135372;ENSG00000142534;ENSG00000156469;ENSG00000117597;ENSG00000108107;ENSG00000132603;ENSG00000185088;ENSG00000100890;ENSG00000173113;ENSG00000124787;ENSG00000089009;ENSG00000137876;ENSG00000134419;ENSG00000065268;ENSG00000011260
prerank,REACTOME_TRIGLYCERIDE_METABOLISM,0.3553322775229639,1.392284243684985,0.06516750803120698,0.154639776338829,1.0,9/35,8.64%,ENSG00000115159;ENSG00000213639;ENSG00000105355;ENSG00000072062;ENSG00000172531;ENSG00000164434;ENSG00000100341;ENSG00000074416;ENSG00000196475
prerank,REACTOME_MITF_M_DEPENDENT_GENE_EXPRESSION,0.28197417127260993,1.39034219237638,0.017050298380221655,0.1549142075960242,1.0,12/108,2.75%,ENSG00000147416;ENSG00000169375;ENSG00000159720;ENSG00000114573;ENSG00000116478;ENSG00000131504;ENSG00000197535;ENSG00000131100;ENSG00000185883;ENSG00000075624;ENSG00000127616;ENSG00000099956
prerank,REACTOME_NOTCH1_INTRACELLULAR_DOMAIN_REGULATES_TRANSCRIPTION,0.3310745323905592,1.390987617449572,0.04928861788617886,0.15524078987325152,1.0,5/48,1.47%,ENSG00000100644;ENSG00000168214;ENSG00000171720;ENSG00000116478;ENSG00000150991
prerank,REACTOME_GLYCOSPHINGOLIPID_CATABOLISM,0.35130609950754127,1.3894184401802203,0.05918271488961954,0.15526745659989796,1.0,8/36,6.62%,ENSG00000003056;ENSG00000197746;ENSG00000196743;ENSG00000064601;ENSG00000213614;ENSG00000103056;ENSG00000182156;ENSG00000062096
prerank,REACTOME_NFE2L2_REGULATING_TUMORIGENIC_GENES,0.5053545576109406,1.3904116551204346,0.09818056985925164,0.15528971158634672,1.0,3/10,12.14%,ENSG00000138798;ENSG00000171791;ENSG00000197461
prerank,REACTOME_COLLAGEN_CHAIN_TRIMERIZATION,-0.4321124345144961,-1.4905252326043237,0.02560562319568219,0.1554175931032756,1.0,15/44,22.55%,ENSG00000204262;ENSG00000171812;ENSG00000130635;ENSG00000168542;ENSG00000187955;ENSG00000172752;ENSG00000215018;ENSG00000164692;ENSG00000108821;ENSG00000196739;ENSG00000139219;ENSG00000206384;ENSG00000092758;ENSG00000204291;ENSG00000163359
prerank,REACTOME_REGULATION_OF_EXPRESSION_OF_SLITS_AND_ROBOS,0.2691588724477606,1.3870309603724469,0.007616974972796518,0.15677546029575257,1.0,22/152,4.07%,ENSG00000100804;ENSG00000087191;ENSG00000100764;ENSG00000115233;ENSG00000041357;ENSG00000103035;ENSG00000130706;ENSG00000150991;ENSG00000100902;ENSG00000108344;ENSG00000114867;ENSG00000108671;ENSG00000013275;ENSG00000185627;ENSG00000173692;ENSG00000175166;ENSG00000126067;ENSG00000101182;ENSG00000165916;ENSG00000142507;ENSG00000099341;ENSG00000185008
prerank,REACTOME_DEFECTIVE_EXT2_CAUSES_EXOSTOSES_2,0.4543339559729691,1.3854386478076468,0.09876543209876543,0.15766087817162866,1.0,4/14,6.86%,ENSG00000124145;ENSG00000063660;ENSG00000179399;ENSG00000076716
prerank,REACTOME_RESPIRATORY_SYNCYTIAL_VIRUS_RSV_ATTACHMENT_AND_ENTRY,0.3938897741222286,1.3848005152298954,0.08164111065064235,0.15774325127388159,1.0,5/23,6.86%,ENSG00000124145;ENSG00000063660;ENSG00000115053;ENSG00000179399;ENSG00000076716
prerank,REACTOME_REGULATION_OF_MECP2_EXPRESSION_AND_ACTIVITY,0.36465949377810053,1.3810469601887716,0.07463349622390049,0.16042191723549393,1.0,4/31,2.70%,ENSG00000169375;ENSG00000171720;ENSG00000116478;ENSG00000072062
prerank,REACTOME_SARS_COV_2_INFECTION,0.24552534476805585,1.3760434666414603,0.0,0.1641961338380638,1.0,29/281,3.30%,ENSG00000184056;ENSG00000094914;ENSG00000161013;ENSG00000177119;ENSG00000137817;ENSG00000213024;ENSG00000134308;ENSG00000104142;ENSG00000128245;ENSG00000150991;ENSG00000124145;ENSG00000063660;ENSG00000080824;ENSG00000170027;ENSG00000145907;ENSG00000096384;ENSG00000163902;ENSG00000108953;ENSG00000165280;ENSG00000166913;ENSG00000127022;ENSG00000118705;ENSG00000089597;ENSG00000244038;ENSG00000178952;ENSG00000130724;ENSG00000126457;ENSG00000102900;ENSG00000184216
prerank,REACTOME_MATURATION_OF_TCA_ENZYMES_AND_REGULATION_OF_TCA_CYCLE,0.40262522110212784,1.3709178662155732,0.09285992976980101,0.16592306729045894,1.0,4/20,2.43%,ENSG00000143252;ENSG00000062485;ENSG00000073578;ENSG00000100412
prerank,REACTOME_OVARIAN_TUMOR_DOMAIN_PROTEASES,0.3485593095697302,1.3733196327431445,0.07172995780590717,0.16608327359569153,1.0,5/36,1.92%,ENSG00000167770;ENSG00000150991;ENSG00000145901;ENSG00000067560;ENSG00000165280
prerank,REACTOME_HCMV_INFECTION,0.27406258148987334,1.3709793001585304,0.021684737281067557,0.1663148124342219,1.0,13/114,2.93%,ENSG00000140464;ENSG00000094914;ENSG00000165119;ENSG00000171720;ENSG00000213024;ENSG00000197102;ENSG00000132612;ENSG00000258947;ENSG00000127824;ENSG00000167553;ENSG00000130726;ENSG00000130724;ENSG00000102900
prerank,REACTOME_CELLULAR_RESPONSE_TO_HEAT_STRESS,0.28311604677985514,1.3723907107175686,0.02562170308967596,0.16643700917184356,1.0,12/99,3.35%,ENSG00000094914;ENSG00000158941;ENSG00000213024;ENSG00000080824;ENSG00000170606;ENSG00000096384;ENSG00000109971;ENSG00000108953;ENSG00000004478;ENSG00000165280;ENSG00000102900;ENSG00000230989
prerank,REACTOME_ADORA2B_MEDIATED_ANTI_INFLAMMATORY_CYTOKINES_PRODUCTION,0.3381672482203766,1.3711891840374055,0.06253006253006253,0.1665956512219144,1.0,7/40,5.55%,ENSG00000078369;ENSG00000108946;ENSG00000087460;ENSG00000072062;ENSG00000114353;ENSG00000168243;ENSG00000162188
prerank,REACTOME_SARS_COV_INFECTIONS,0.23519093807453575,1.3716663766644788,0.0,0.1666318944204088,1.0,43/449,3.30%,ENSG00000184056;ENSG00000094914;ENSG00000166949;ENSG00000161013;ENSG00000177119;ENSG00000177885;ENSG00000116478;ENSG00000137817;ENSG00000213024;ENSG00000108424;ENSG00000112715;ENSG00000111642;ENSG00000134308;ENSG00000241244;ENSG00000104142;ENSG00000128245;ENSG00000150991;ENSG00000088832;ENSG00000124145;ENSG00000063660;ENSG00000080824;ENSG00000069849;ENSG00000170027;ENSG00000145907;ENSG00000096384;ENSG00000163902;ENSG00000108953;ENSG00000004478;ENSG00000165280;ENSG00000163399;ENSG00000161203;ENSG00000166913;ENSG00000127022;ENSG00000118705;ENSG00000089597;ENSG00000244038;ENSG00000196262;ENSG00000178952;ENSG00000130724;ENSG00000126457;ENSG00000102900;ENSG00000042753;ENSG00000184216
prerank,REACTOME_METABOLISM_OF_FOLATE_AND_PTERINES,-0.5336618316489459,-1.4800562553413983,0.03927492447129909,0.16747519220635473,1.0,10/17,32.53%,ENSG00000136010;ENSG00000076351;ENSG00000176974;ENSG00000136877;ENSG00000136371;ENSG00000182199;ENSG00000228716;ENSG00000144908;ENSG00000164933;ENSG00000100714
prerank,REACTOME_EXTRACELLULAR_MATRIX_ORGANIZATION,0.2405435043712933,1.368134214714731,0.002976190476190476,0.16792705036746158,1.0,30/306,3.51%,ENSG00000026508;ENSG00000151694;ENSG00000178209;ENSG00000162909;ENSG00000137845;ENSG00000102265;ENSG00000072110;ENSG00000124145;ENSG00000014216;ENSG00000152952;ENSG00000082781;ENSG00000177697;ENSG00000164733;ENSG00000117984;ENSG00000072682;ENSG00000185624;ENSG00000005884;ENSG00000083444;ENSG00000105329;ENSG00000122884;ENSG00000168615;ENSG00000184009;ENSG00000075624;ENSG00000142192;ENSG00000172270;ENSG00000126247;ENSG00000116147;ENSG00000162949;ENSG00000164344;ENSG00000130309
prerank,REACTOME_OLFACTORY_SIGNALING_PATHWAY,0.33458660350502506,1.3673437435472628,0.05789213260761999,0.16817752282602397,1.0,16/42,12.00%,ENSG00000078369;ENSG00000178586;ENSG00000181273;ENSG00000182083;ENSG00000169214;ENSG00000204657;ENSG00000167332;ENSG00000237521;ENSG00000164330;ENSG00000141404;ENSG00000204688;ENSG00000175077;ENSG00000047617;ENSG00000132259;ENSG00000180785;ENSG00000198471
prerank,REACTOME_CLASS_I_PEROXISOMAL_MEMBRANE_PROTEIN_IMPORT,-0.5142626256627015,-1.4774262282739499,0.03978494623655914,0.16989489601782715,1.0,15/20,37.77%,ENSG00000101417;ENSG00000162735;ENSG00000214253;ENSG00000162928;ENSG00000138138;ENSG00000107897;ENSG00000100372;ENSG00000176894;ENSG00000215193;ENSG00000121680;ENSG00000108733;ENSG00000034693;ENSG00000101986;ENSG00000072210;ENSG00000131779
prerank,REACTOME_IRF3_MEDIATED_INDUCTION_OF_TYPE_I_IFN,0.4571937174233069,1.3645780828187088,0.11263430900333457,0.17012054996599643,1.0,3/13,2.87%,ENSG00000183258;ENSG00000196419;ENSG00000079246
prerank,REACTOME_GAB1_SIGNALOSOME,0.42874737526062756,1.362728171276388,0.10651313422094279,0.1713332382530376,1.0,3/16,1.45%,ENSG00000138798;ENSG00000177885;ENSG00000103653
prerank,REACTOME_SEALING_OF_THE_NUCLEAR_ENVELOPE_NE_BY_ESCRT_III,0.35896809797439144,1.3591677681283862,0.08820840950639854,0.17409768202694484,1.0,7/31,6.68%,ENSG00000132612;ENSG00000258947;ENSG00000127824;ENSG00000167553;ENSG00000130724;ENSG00000123416;ENSG00000188229
prerank,REACTOME_TRAFFICKING_OF_AMPA_RECEPTORS,0.35824203031352697,1.356501453628556,0.08178603006189213,0.17602721886820857,1.0,7/31,9.57%,ENSG00000073969;ENSG00000161203;ENSG00000042753;ENSG00000144596;ENSG00000126583;ENSG00000155511;ENSG00000152578
prerank,REACTOME_SEMA4D_IN_SEMAPHORIN_SIGNALING,0.38231782921169555,1.353323923866593,0.09117647058823529,0.17799340646941406,1.0,4/24,2.03%,ENSG00000106683;ENSG00000100345;ENSG00000067560;ENSG00000092841
prerank,REACTOME_SIGNALING_BY_NOTCH1_PEST_DOMAIN_MUTANTS_IN_CANCER,0.30737302599415933,1.3535322454293912,0.05484051482932289,0.17827103297974223,1.0,6/58,1.47%,ENSG00000151694;ENSG00000168214;ENSG00000171720;ENSG00000137845;ENSG00000116478;ENSG00000150991
prerank,REACTOME_MITOCHONDRIAL_FATTY_ACID_BETA_OXIDATION_OF_SATURATED_FATTY_ACIDS,0.49584789553144804,1.3499160571067867,0.12542837559972583,0.17969208794378397,1.0,3/10,3.61%,ENSG00000084754;ENSG00000072778;ENSG00000127884
prerank,REACTOME_SIGNALING_BY_PDGFRA_TRANSMEMBRANE_JUXTAMEMBRANE_AND_KINASE_DOMAIN_MUTANTS,0.46450557677246246,1.3508987775024728,0.1232784682566342,0.17971106492156622,1.0,3/12,6.63%,ENSG00000177885;ENSG00000174775;ENSG00000134853
prerank,REACTOME_NEUROTRANSMITTER_RECEPTORS_AND_POSTSYNAPTIC_SIGNAL_TRANSMISSION,0.25184411008676694,1.35020736033319,0.005594405594405594,0.1798767677393602,1.0,34/191,9.57%,ENSG00000149782;ENSG00000156642;ENSG00000078369;ENSG00000108946;ENSG00000258947;ENSG00000127824;ENSG00000073969;ENSG00000167553;ENSG00000161203;ENSG00000174775;ENSG00000072062;ENSG00000042753;ENSG00000080644;ENSG00000114353;ENSG00000144596;ENSG00000168243;ENSG00000162728;ENSG00000157542;ENSG00000126583;ENSG00000182481;ENSG00000162188;ENSG00000123416;ENSG00000178084;ENSG00000188229;ENSG00000169684;ENSG00000155511;ENSG00000145864;ENSG00000149403;ENSG00000107282;ENSG00000168135;ENSG00000141404;ENSG00000160716;ENSG00000273079;ENSG00000152578
prerank,REACTOME_PERK_REGULATES_GENE_EXPRESSION,-0.45347076113764706,-1.4697959425819536,0.03528955532574974,0.18011104061370534,1.0,24/32,43.41%,ENSG00000162772;ENSG00000120699;ENSG00000153879;ENSG00000066136;ENSG00000075914;ENSG00000125977;ENSG00000140694;ENSG00000051108;ENSG00000171311;ENSG00000077348;ENSG00000107371;ENSG00000088247;ENSG00000044574;ENSG00000083520;ENSG00000146678;ENSG00000175197;ENSG00000120837;ENSG00000172795;ENSG00000172071;ENSG00000130741;ENSG00000130713;ENSG00000123737;ENSG00000128272;ENSG00000001167
prerank,REACTOME_RAF_ACTIVATION,0.3511120455352009,1.3484094073399937,0.08838043965903992,0.18062892655496407,1.0,6/34,3.19%,ENSG00000213639;ENSG00000169032;ENSG00000166913;ENSG00000105568;ENSG00000174775;ENSG00000167085
prerank,REACTOME_PRC2_METHYLATES_HISTONES_AND_DNA,-0.4600789482912502,-1.4678759240532355,0.038576438498506296,0.1815678367745738,1.0,26/31,44.18%,ENSG00000146047;ENSG00000105968;ENSG00000178691;ENSG00000130816;ENSG00000188486;ENSG00000246705;ENSG00000196890;ENSG00000197903;ENSG00000106462;ENSG00000180573;ENSG00000180596;ENSG00000143033;ENSG00000139154;ENSG00000124635;ENSG00000197409;ENSG00000184678;ENSG00000074266;ENSG00000119772;ENSG00000162521;ENSG00000158406;ENSG00000184260;ENSG00000158373;ENSG00000132475;ENSG00000197837;ENSG00000102054;ENSG00000112511
prerank,REACTOME_ION_HOMEOSTASIS,0.31339819530017465,1.3451714123654221,0.062401678028316726,0.1822754559009201,1.0,13/52,11.05%,ENSG00000198363;ENSG00000069849;ENSG00000174437;ENSG00000163399;ENSG00000072062;ENSG00000067842;ENSG00000196218;ENSG00000129244;ENSG00000018625;ENSG00000069431;ENSG00000089356;ENSG00000132681;ENSG00000105409
prerank,REACTOME_MITOCHONDRIAL_PROTEIN_IMPORT,0.3032830584875821,1.3452761193561804,0.052412150089338895,0.18265146367505783,1.0,11/62,3.65%,ENSG00000067829;ENSG00000213585;ENSG00000109519;ENSG00000062485;ENSG00000107959;ENSG00000100412;ENSG00000110955;ENSG00000152234;ENSG00000179091;ENSG00000159199;ENSG00000166136
prerank,REACTOME_ANTIMICROBIAL_MECHANISM_OF_IFN_STIMULATED_GENES,0.2573491021794411,1.3457141936939512,0.01264367816091954,0.182710013464049,1.0,17/161,2.93%,ENSG00000094914;ENSG00000213024;ENSG00000108424;ENSG00000135829;ENSG00000258947;ENSG00000127824;ENSG00000150991;ENSG00000167553;ENSG00000114867;ENSG00000109971;ENSG00000110321;ENSG00000196924;ENSG00000184009;ENSG00000075624;ENSG00000105568;ENSG00000129351;ENSG00000102900
prerank,REACTOME_ESTABLISHMENT_OF_SISTER_CHROMATID_COHESION,-0.5936819142810155,-1.466048628729305,0.04633635729239358,0.1829126101538675,1.0,10/11,39.57%,ENSG00000171320;ENSG00000146670;ENSG00000164754;ENSG00000072501;ENSG00000121892;ENSG00000108055;ENSG00000141446;ENSG00000101972;ENSG00000083642;ENSG00000062650
prerank,REACTOME_DIGESTION,0.4022539058844314,1.3437203290364321,0.11055469953775038,0.1831219620713176,1.0,9/19,12.99%,ENSG00000174876;ENSG00000090402;ENSG00000137392;ENSG00000187021;ENSG00000044012;ENSG00000133063;ENSG00000182333;ENSG00000163295;ENSG00000257335
prerank,REACTOME_CARDIAC_CONDUCTION,0.2664689845723766,1.3415574981390261,0.015496809480401094,0.1846580497511792,1.0,37/126,14.83%,ENSG00000161958;ENSG00000198363;ENSG00000069849;ENSG00000174437;ENSG00000163399;ENSG00000149575;ENSG00000072062;ENSG00000159197;ENSG00000173338;ENSG00000151067;ENSG00000067842;ENSG00000196218;ENSG00000105711;ENSG00000007402;ENSG00000153253;ENSG00000129244;ENSG00000018625;ENSG00000069431;ENSG00000168135;ENSG00000089356;ENSG00000100433;ENSG00000132681;ENSG00000007314;ENSG00000135750;ENSG00000145244;ENSG00000168356;ENSG00000105409;ENSG00000144285;ENSG00000124780;ENSG00000150201;ENSG00000182450;ENSG00000169427;ENSG00000055118;ENSG00000123700;ENSG00000118160;ENSG00000182132;ENSG00000184408
prerank,REACTOME_LISTERIA_MONOCYTOGENES_ENTRY_INTO_HOST_CELLS,0.3960636723129087,1.3381043540154602,0.11842105263157894,0.18503425691410974,1.0,3/20,1.47%,ENSG00000185359;ENSG00000177885;ENSG00000150991
prerank,REACTOME_ADAPTIVE_IMMUNE_SYSTEM,0.21456347864067843,1.3386659831739898,0.0,0.18546205958862674,1.0,79/897,3.55%,ENSG00000141279;ENSG00000100804;ENSG00000100644;ENSG00000157450;ENSG00000077549;ENSG00000138107;ENSG00000079805;ENSG00000087191;ENSG00000175203;ENSG00000170633;ENSG00000179218;ENSG00000159202;ENSG00000175931;ENSG00000099364;ENSG00000177885;ENSG00000009335;ENSG00000100764;ENSG00000115233;ENSG00000041357;ENSG00000064726;ENSG00000197102;ENSG00000258947;ENSG00000103035;ENSG00000131653;ENSG00000241244;ENSG00000204843;ENSG00000126214;ENSG00000127824;ENSG00000198898;ENSG00000130706;ENSG00000125753;ENSG00000103653;ENSG00000150991;ENSG00000100902;ENSG00000088832;ENSG00000197548;ENSG00000075785;ENSG00000082781;ENSG00000108344;ENSG00000167553;ENSG00000164733;ENSG00000117984;ENSG00000170027;ENSG00000108671;ENSG00000204435;ENSG00000130985;ENSG00000163902;ENSG00000013275;ENSG00000100280;ENSG00000165280;ENSG00000185627;ENSG00000173692;ENSG00000141367;ENSG00000185825;ENSG00000064601;ENSG00000132432;ENSG00000161203;ENSG00000175166;ENSG00000166913;ENSG00000115073;ENSG00000127022;ENSG00000118705;ENSG00000143761;ENSG00000244038;ENSG00000167004;ENSG00000135506;ENSG00000105568;ENSG00000174775;ENSG00000196262;ENSG00000126067;ENSG00000106367;ENSG00000072062;ENSG00000101182;ENSG00000042753;ENSG00000165916;ENSG00000114013;ENSG00000116031;ENSG00000142507;ENSG00000099341
prerank,REACTOME_INTERCONVERSION_OF_NUCLEOTIDE_DI_AND_TRIPHOSPHATES,0.35900113624523744,1.338108465362313,0.09477841158402808,0.18549943025824436,1.0,6/28,3.83%,ENSG00000104687;ENSG00000162433;ENSG00000136810;ENSG00000004455;ENSG00000143774;ENSG00000167325
prerank,REACTOME_SIGNALING_BY_RECEPTOR_TYROSINE_KINASES,0.22655301952806972,1.3386977033556167,0.0,0.18590040968074162,1.0,46/519,3.12%,ENSG00000147416;ENSG00000100644;ENSG00000151694;ENSG00000068305;ENSG00000138798;ENSG00000140939;ENSG00000079805;ENSG00000185359;ENSG00000169375;ENSG00000171720;ENSG00000159720;ENSG00000177885;ENSG00000137845;ENSG00000114573;ENSG00000116478;ENSG00000108861;ENSG00000112715;ENSG00000111642;ENSG00000131504;ENSG00000103653;ENSG00000150991;ENSG00000044115;ENSG00000131100;ENSG00000169032;ENSG00000067560;ENSG00000080824;ENSG00000117984;ENSG00000099783;ENSG00000185883;ENSG00000005884;ENSG00000141367;ENSG00000161203;ENSG00000071553;ENSG00000166913;ENSG00000184009;ENSG00000075624;ENSG00000105568;ENSG00000174775;ENSG00000254999;ENSG00000105401;ENSG00000072062;ENSG00000099817;ENSG00000177700;ENSG00000114738;ENSG00000042753;ENSG00000181222
prerank,REACTOME_DISEASES_OF_CARBOHYDRATE_METABOLISM,0.34636762222536555,1.3389914236601803,0.08615948670944087,0.18609231679925411,1.0,6/33,3.60%,ENSG00000114480;ENSG00000104812;ENSG00000150991;ENSG00000177156;ENSG00000141349;ENSG00000090402
prerank,REACTOME_REGULATION_OF_CDH1_POSTTRANSLATIONAL_PROCESSING_AND_TRAFFICKING_TO_PLASMA_MEMBRANE,0.36105593042396755,1.3392023418098302,0.09377700950734659,0.18636895509185117,1.0,6/30,2.19%,ENSG00000204435;ENSG00000163902;ENSG00000127022;ENSG00000118705;ENSG00000089597;ENSG00000244038
prerank,REACTOME_POST_TRANSLATIONAL_PROTEIN_MODIFICATION,0.21661137674029354,1.3352232267926651,0.0,0.18733738946218864,1.0,125/1381,3.67%,ENSG00000100804;ENSG00000100644;ENSG00000100401;ENSG00000158019;ENSG00000140464;ENSG00000077549;ENSG00000138107;ENSG00000185359;ENSG00000087263;ENSG00000094914;ENSG00000087191;ENSG00000165637;ENSG00000175203;ENSG00000165119;ENSG00000166477;ENSG00000172534;ENSG00000169375;ENSG00000167770;ENSG00000166949;ENSG00000161013;ENSG00000159352;ENSG00000178802;ENSG00000179218;ENSG00000159202;ENSG00000099364;ENSG00000105063;ENSG00000168894;ENSG00000137845;ENSG00000100764;ENSG00000115233;ENSG00000116478;ENSG00000213024;ENSG00000213585;ENSG00000041357;ENSG00000064726;ENSG00000124422;ENSG00000196968;ENSG00000197102;ENSG00000258947;ENSG00000103035;ENSG00000103051;ENSG00000136485;ENSG00000102265;ENSG00000204843;ENSG00000127824;ENSG00000126777;ENSG00000198898;ENSG00000197694;ENSG00000130706;ENSG00000073969;ENSG00000198363;ENSG00000084733;ENSG00000150991;ENSG00000078668;ENSG00000100902;ENSG00000176871;ENSG00000145901;ENSG00000067560;ENSG00000075785;ENSG00000108344;ENSG00000167553;ENSG00000116260;ENSG00000108671;ENSG00000143870;ENSG00000130985;ENSG00000163902;ENSG00000013275;ENSG00000109971;ENSG00000185624;ENSG00000165280;ENSG00000110917;ENSG00000185627;ENSG00000006712;ENSG00000174903;ENSG00000173692;ENSG00000134287;ENSG00000064601;ENSG00000166598;ENSG00000092199;ENSG00000254986;ENSG00000105329;ENSG00000175166;ENSG00000122218;ENSG00000127022;ENSG00000084234;ENSG00000118705;ENSG00000105438;ENSG00000143761;ENSG00000075624;ENSG00000104805;ENSG00000089597;ENSG00000124155;ENSG00000143545;ENSG00000244038;ENSG00000142192;ENSG00000166557;ENSG00000184840;ENSG00000167986;ENSG00000167004;ENSG00000135506;ENSG00000142230;ENSG00000171148;ENSG00000156535;ENSG00000116288;ENSG00000130726;ENSG00000179262;ENSG00000111667;ENSG00000126067;ENSG00000105669;ENSG00000101182;ENSG00000070010;ENSG00000102900;ENSG00000129559;ENSG00000140835;ENSG00000111652;ENSG00000165916;ENSG00000100097;ENSG00000168090;ENSG00000170043;ENSG00000184900;ENSG00000142507;ENSG00000099341;ENSG00000138892;ENSG00000155918;ENSG00000105701
prerank,REACTOME_ION_CHANNEL_TRANSPORT,0.25116709034550244,1.3343260719079464,0.0024813895781637717,0.18772185692786855,1.0,32/176,9.55%,ENSG00000147416;ENSG00000159720;ENSG00000177119;ENSG00000114573;ENSG00000198363;ENSG00000150991;ENSG00000131100;ENSG00000069849;ENSG00000174437;ENSG00000185883;ENSG00000163399;ENSG00000017260;ENSG00000071553;ENSG00000147614;ENSG00000206190;ENSG00000105675;ENSG00000116039;ENSG00000067842;ENSG00000196218;ENSG00000134343;ENSG00000105929;ENSG00000111199;ENSG00000143882;ENSG00000129244;ENSG00000016490;ENSG00000018625;ENSG00000064270;ENSG00000167723;ENSG00000089356;ENSG00000132932;ENSG00000184908;ENSG00000187527
prerank,REACTOME_DENGUE_VIRUS_ATTACHMENT_AND_ENTRY,0.3275723781912022,1.3324713357040965,0.08706467661691543,0.1885860691852852,1.0,9/43,7.75%,ENSG00000124145;ENSG00000063660;ENSG00000197548;ENSG00000130985;ENSG00000161203;ENSG00000042753;ENSG00000179399;ENSG00000076716;ENSG00000090659
prerank,REACTOME_NOREPINEPHRINE_NEUROTRANSMITTER_RELEASE_CYCLE,0.4047782177402472,1.3329193979736704,0.12247191011235956,0.18861413530157414,1.0,6/18,12.92%,ENSG00000143847;ENSG00000106089;ENSG00000067715;ENSG00000105649;ENSG00000165646;ENSG00000112499
prerank,REACTOME_TRANSPORT_OF_VITAMINS_NUCLEOSIDES_AND_RELATED_MOLECULES,-0.45842690228176347,-1.4594110191880765,0.039921976592977894,0.18888829072130014,1.0,17/30,38.11%,ENSG00000157593;ENSG00000130958;ENSG00000102100;ENSG00000156222;ENSG00000169359;ENSG00000005022;ENSG00000102931;ENSG00000151729;ENSG00000113396;ENSG00000120509;ENSG00000213465;ENSG00000117620;ENSG00000169100;ENSG00000205060;ENSG00000124786;ENSG00000167114;ENSG00000164414
prerank,REACTOME_REPRODUCTION,-0.3628052300066683,-1.460231750090388,0.010001136492783272,0.18917015769604467,1.0,45/113,28.34%,ENSG00000000460;ENSG00000139618;ENSG00000051180;ENSG00000106399;ENSG00000146047;ENSG00000123374;ENSG00000121211;ENSG00000197299;ENSG00000164754;ENSG00000113368;ENSG00000105968;ENSG00000139351;ENSG00000182264;ENSG00000126803;ENSG00000166762;ENSG00000057657;ENSG00000072501;ENSG00000100242;ENSG00000188486;ENSG00000012048;ENSG00000246705;ENSG00000122986;ENSG00000196890;ENSG00000117748;ENSG00000134007;ENSG00000197903;ENSG00000135446;ENSG00000054654;ENSG00000204410;ENSG00000113522;ENSG00000204531;ENSG00000180573;ENSG00000180596;ENSG00000108055;ENSG00000101773;ENSG00000141756;ENSG00000147601;ENSG00000087510;ENSG00000106304;ENSG00000188782;ENSG00000164736;ENSG00000139985;ENSG00000124635;ENSG00000100206;ENSG00000197409
prerank,REACTOME_ORGANELLE_BIOGENESIS_AND_MAINTENANCE,0.23795474092497013,1.330757457353959,0.0025380710659898475,0.18976179849210678,1.0,29/289,3.10%,ENSG00000156261;ENSG00000138107;ENSG00000101367;ENSG00000175203;ENSG00000172534;ENSG00000171720;ENSG00000088826;ENSG00000197102;ENSG00000258947;ENSG00000204843;ENSG00000127824;ENSG00000023330;ENSG00000167553;ENSG00000080824;ENSG00000170027;ENSG00000108953;ENSG00000105568;ENSG00000150753;ENSG00000167863;ENSG00000132305;ENSG00000241468;ENSG00000072062;ENSG00000173436;ENSG00000165629;ENSG00000110955;ENSG00000152234;ENSG00000163468;ENSG00000154518;ENSG00000159199
prerank,REACTOME_PRE_NOTCH_EXPRESSION_AND_PROCESSING,-0.39210045195424414,-1.4576071080943191,0.021584468829133004,0.19033189257162197,1.0,44/68,42.81%,ENSG00000140564;ENSG00000013619;ENSG00000146047;ENSG00000155363;ENSG00000196296;ENSG00000101412;ENSG00000105968;ENSG00000134250;ENSG00000114126;ENSG00000188486;ENSG00000198176;ENSG00000246705;ENSG00000196890;ENSG00000159216;ENSG00000197903;ENSG00000184384;ENSG00000100603;ENSG00000086598;ENSG00000180573;ENSG00000180596;ENSG00000134698;ENSG00000101346;ENSG00000106003;ENSG00000207613;ENSG00000163435;ENSG00000110080;ENSG00000071537;ENSG00000124635;ENSG00000064225;ENSG00000197409;ENSG00000163558;ENSG00000184678;ENSG00000077463;ENSG00000163389;ENSG00000141510;ENSG00000158406;ENSG00000184260;ENSG00000100354;ENSG00000158373;ENSG00000110092;ENSG00000114166;ENSG00000090905;ENSG00000132475;ENSG00000197837
prerank,REACTOME_CHROMATIN_MODIFICATIONS_DURING_THE_MATERNAL_TO_ZYGOTIC_TRANSITION_MZT,-0.47505709532578005,-1.460317875911718,0.04118032786885246,0.1906122485433549,1.0,20/26,42.81%,ENSG00000146047;ENSG00000105968;ENSG00000188486;ENSG00000246705;ENSG00000196890;ENSG00000197903;ENSG00000076248;ENSG00000073614;ENSG00000180573;ENSG00000180596;ENSG00000124635;ENSG00000197409;ENSG00000184678;ENSG00000239605;ENSG00000181038;ENSG00000158406;ENSG00000184260;ENSG00000158373;ENSG00000132475;ENSG00000197837
prerank,REACTOME_SIGNALING_BY_NOTCH1,0.2882198381506993,1.3284732486135522,0.05696594427244582,0.19144250966631415,1.0,7/74,1.47%,ENSG00000100644;ENSG00000151694;ENSG00000168214;ENSG00000171720;ENSG00000137845;ENSG00000116478;ENSG00000150991
prerank,REACTOME_SHC_MEDIATED_CASCADE_FGFR3,0.4250567108348607,1.3268937457233139,0.12892622352081812,0.19248831758244486,1.0,6/15,11.44%,ENSG00000177885;ENSG00000174775;ENSG00000158815;ENSG00000075388;ENSG00000138675;ENSG00000078579
prerank,REACTOME_CARGO_TRAFFICKING_TO_THE_PERICILIARY_MEMBRANE,0.2949396511440512,1.3233435132862563,0.06220379146919431,0.19548975656628959,1.0,7/66,2.91%,ENSG00000156261;ENSG00000088826;ENSG00000258947;ENSG00000127824;ENSG00000167553;ENSG00000150753;ENSG00000163468
prerank,REACTOME_DEGRADATION_OF_THE_EXTRACELLULAR_MATRIX,0.2572348704515835,1.3225238814879214,0.025793650793650792,0.1957873026766185,1.0,14/134,4.36%,ENSG00000026508;ENSG00000151694;ENSG00000162909;ENSG00000137845;ENSG00000102265;ENSG00000014216;ENSG00000164733;ENSG00000117984;ENSG00000168615;ENSG00000172270;ENSG00000126247;ENSG00000162949;ENSG00000164344;ENSG00000167751
prerank,REACTOME_CELLULAR_RESPONSES_TO_MECHANICAL_STIMULI,0.2736887787570915,1.3171382377564398,0.05141579731743666,0.2006410960408098,1.0,10/98,2.89%,ENSG00000182718;ENSG00000078369;ENSG00000162909;ENSG00000108946;ENSG00000137076;ENSG00000035403;ENSG00000087460;ENSG00000105568;ENSG00000072062;ENSG00000126247
prerank,REACTOME_EPH_EPHRIN_MEDIATED_REPULSION_OF_CELLS,0.3077081793767732,1.3120026017878603,0.07796257796257797,0.2053100478946502,1.0,7/51,3.39%,ENSG00000137845;ENSG00000141367;ENSG00000161203;ENSG00000184009;ENSG00000075624;ENSG00000042753;ENSG00000070886
prerank,REACTOME_SYNTHESIS_OF_BILE_ACIDS_AND_BILE_SALTS,-0.44509434339701137,-1.4465995728400638,0.04304678437943034,0.20552411279020802,1.0,15/33,29.54%,ENSG00000117859;ENSG00000006025;ENSG00000168306;ENSG00000101473;ENSG00000099377;ENSG00000186350;ENSG00000196139;ENSG00000136881;ENSG00000172817;ENSG00000012504;ENSG00000110048;ENSG00000130703;ENSG00000175215;ENSG00000133835;ENSG00000146233
prerank,REACTOME_GLYCOSPHINGOLIPID_BIOSYNTHESIS,-0.504772505895277,-1.4475005538771448,0.05100133511348465,0.20561856461522196,1.0,6/19,16.04%,ENSG00000174951;ENSG00000176597;ENSG00000115525;ENSG00000117069;ENSG00000157350;ENSG00000148154
prerank,REACTOME_TRANSCRIPTION_COUPLED_NUCLEOTIDE_EXCISION_REPAIR_TC_NER,-0.3809138852388771,-1.4383802617652306,0.026938007293259618,0.20829243171480594,1.0,27/75,14.26%,ENSG00000111445;ENSG00000021776;ENSG00000100479;ENSG00000106399;ENSG00000166200;ENSG00000145736;ENSG00000100142;ENSG00000172780;ENSG00000005075;ENSG00000168002;ENSG00000020426;ENSG00000147669;ENSG00000132646;ENSG00000175482;ENSG00000115350;ENSG00000121022;ENSG00000163918;ENSG00000134899;ENSG00000105258;ENSG00000049541;ENSG00000133119;ENSG00000141030;ENSG00000077514;ENSG00000143947;ENSG00000117748;ENSG00000221983;ENSG00000062822
prerank,REACTOME_ATF4_ACTIVATES_GENES_IN_RESPONSE_TO_ENDOPLASMIC_RETICULUM_STRESS,-0.46029677426485727,-1.436323016615939,0.04899249308573686,0.20868724689790422,1.0,20/27,43.41%,ENSG00000162772;ENSG00000120699;ENSG00000153879;ENSG00000066136;ENSG00000075914;ENSG00000140694;ENSG00000051108;ENSG00000171311;ENSG00000077348;ENSG00000107371;ENSG00000088247;ENSG00000083520;ENSG00000146678;ENSG00000175197;ENSG00000120837;ENSG00000172795;ENSG00000130713;ENSG00000123737;ENSG00000128272;ENSG00000001167
prerank,REACTOME_PHYSIOLOGICAL_FACTORS,-0.5458009611739427,-1.441408781652588,0.059076411038690886,0.20949837936037674,1.0,8/14,30.59%,ENSG00000018408;ENSG00000196549;ENSG00000136574;ENSG00000089225;ENSG00000175206;ENSG00000114388;ENSG00000183072;ENSG00000198848
prerank,REACTOME_SCAVENGING_OF_HEME_FROM_PLASMA,-0.39158490926680933,-1.4404365812248583,0.02929570728207581,0.2095433018099656,1.0,19/65,18.53%,ENSG00000242534;ENSG00000211677;ENSG00000197223;ENSG00000241351;ENSG00000188878;ENSG00000211895;ENSG00000244116;ENSG00000211653;ENSG00000243238;ENSG00000240382;ENSG00000239571;ENSG00000251546;ENSG00000206172;ENSG00000240864;ENSG00000100342;ENSG00000118137;ENSG00000251039;ENSG00000242371;ENSG00000239951
prerank,REACTOME_KINESINS,-0.3947140618147889,-1.4366753424668124,0.029497098646034815,0.20964643129986096,1.0,21/60,16.29%,ENSG00000161800;ENSG00000104892;ENSG00000186185;ENSG00000112984;ENSG00000137807;ENSG00000138182;ENSG00000101162;ENSG00000142945;ENSG00000237649;ENSG00000138778;ENSG00000163808;ENSG00000121621;ENSG00000079616;ENSG00000137267;ENSG00000090889;ENSG00000138160;ENSG00000178462;ENSG00000183785;ENSG00000075945;ENSG00000075886;ENSG00000176014
prerank,REACTOME_SIGNALING_BY_CYTOSOLIC_FGFR1_FUSION_MUTANTS,0.39809382673871274,1.3072870982613098,0.13257142857142856,0.20969279515649822,1.0,2/18,1.04%,ENSG00000177885;ENSG00000111605
prerank,REACTOME_CARGO_CONCENTRATION_IN_THE_ER,-0.4496179205246442,-1.4421953089869926,0.046754250386398764,0.20979440806699717,1.0,14/31,20.12%,ENSG00000150961;ENSG00000108433;ENSG00000138073;ENSG00000154305;ENSG00000169223;ENSG00000162236;ENSG00000101160;ENSG00000074695;ENSG00000100934;ENSG00000114988;ENSG00000170348;ENSG00000152700;ENSG00000086598;ENSG00000085063
prerank,REACTOME_YAP1_AND_WWTR1_TAZ_STIMULATED_GENE_EXPRESSION,-0.5344765088022057,-1.4384011212631913,0.057162629757785466,0.20985434262568678,1.0,8/15,25.73%,ENSG00000018408;ENSG00000136574;ENSG00000089225;ENSG00000175206;ENSG00000187079;ENSG00000118523;ENSG00000007866;ENSG00000183072
prerank,REACTOME_CYCLIN_D_ASSOCIATED_EVENTS_IN_G1,-0.4114736910331433,-1.4347001505640093,0.035808188305997246,0.2099056934354453,1.0,31/47,38.68%,ENSG00000123374;ENSG00000020426;ENSG00000175305;ENSG00000112576;ENSG00000101412;ENSG00000197122;ENSG00000126756;ENSG00000104695;ENSG00000080839;ENSG00000114126;ENSG00000007968;ENSG00000198176;ENSG00000143947;ENSG00000173207;ENSG00000129355;ENSG00000221983;ENSG00000135446;ENSG00000123080;ENSG00000133740;ENSG00000134058;ENSG00000105173;ENSG00000111276;ENSG00000118971;ENSG00000096968;ENSG00000134480;ENSG00000129757;ENSG00000101213;ENSG00000254087;ENSG00000170315;ENSG00000113558;ENSG00000113575
prerank,REACTOME_VITAMIN_D_CALCIFEROL_METABOLISM,-0.5686675615976968,-1.44283920795685,0.053611422172452405,0.2103420077194308,1.0,5/12,11.38%,ENSG00000111012;ENSG00000019186;ENSG00000100600;ENSG00000111424;ENSG00000157978
prerank,REACTOME_MET_ACTIVATES_PTK2_SIGNALING,-0.45828883943610876,-1.438766040691717,0.051087241288970395,0.21084818971931438,1.0,12/28,22.27%,ENSG00000204262;ENSG00000130635;ENSG00000197122;ENSG00000150093;ENSG00000168542;ENSG00000164692;ENSG00000108821;ENSG00000196739;ENSG00000139219;ENSG00000105976;ENSG00000164171;ENSG00000091136
prerank,REACTOME_RHOD_GTPASE_CYCLE,0.30560055212210674,1.305635680516144,0.08843159065628477,0.21093302008714943,1.0,6/52,1.89%,ENSG00000077549;ENSG00000142634;ENSG00000131504;ENSG00000072110;ENSG00000075785;ENSG00000139641
prerank,REACTOME_SIGNALLING_TO_ERKS,0.33409772450216707,1.299453637864146,0.11116111611161116,0.2169439314666177,1.0,6/34,5.09%,ENSG00000177885;ENSG00000169032;ENSG00000166913;ENSG00000174775;ENSG00000114738;ENSG00000152214
prerank,REACTOME_JOSEPHIN_DOMAIN_DUBS,0.4465083790614532,1.2971766474433581,0.15220483641536273,0.21830543893649682,1.0,3/12,2.57%,ENSG00000150991;ENSG00000165280;ENSG00000179262
prerank,REACTOME_DARPP_32_EVENTS,0.3631556424194439,1.297224614173126,0.1378737541528239,0.2187879036671529,1.0,4/24,2.99%,ENSG00000108946;ENSG00000105568;ENSG00000072062;ENSG00000172531
prerank,REACTOME_RHO_GTPASES_ACTIVATE_CIT,0.3890161972745626,1.295978145724962,0.14037854889589904,0.2190586840916812,1.0,4/19,2.03%,ENSG00000213639;ENSG00000100345;ENSG00000067560;ENSG00000092841
prerank,REACTOME_SARS_COV_1_INFECTION,0.25230928303503214,1.2949168702217961,0.031914893617021274,0.21968667349048898,1.0,15/139,2.83%,ENSG00000166949;ENSG00000137817;ENSG00000108424;ENSG00000134308;ENSG00000128245;ENSG00000150991;ENSG00000088832;ENSG00000170027;ENSG00000108953;ENSG00000165280;ENSG00000166913;ENSG00000127022;ENSG00000089597;ENSG00000196262;ENSG00000130724
prerank,REACTOME_P75NTR_SIGNALS_VIA_NF_KB,0.407026509291244,1.2944036824515541,0.1452157598499062,0.21972720753291453,1.0,3/16,4.53%,ENSG00000150991;ENSG00000184216;ENSG00000064300
prerank,REACTOME_GLUTATHIONE_CONJUGATION,-0.43613484799390817,-1.4276182368868575,0.04800724637681159,0.22081270784714968,1.0,19/34,32.48%,ENSG00000178814;ENSG00000008394;ENSG00000131067;ENSG00000197448;ENSG00000006625;ENSG00000001084;ENSG00000117448;ENSG00000134184;ENSG00000163106;ENSG00000213366;ENSG00000085871;ENSG00000168765;ENSG00000143198;ENSG00000065621;ENSG00000171867;ENSG00000133433;ENSG00000139684;ENSG00000143942;ENSG00000133313
prerank,REACTOME_MAP3K8_TPL2_DEPENDENT_MAPK1_3_ACTIVATION,0.41379781284455686,1.2907629417222521,0.15334855403348555,0.22313322344266065,1.0,2/15,1.56%,ENSG00000150991;ENSG00000169032
prerank,REACTOME_MEIOTIC_SYNAPSIS,-0.406890801582198,-1.4252368976174143,0.03839463220675944,0.22348885308270394,1.0,19/47,22.00%,ENSG00000146047;ENSG00000164754;ENSG00000113368;ENSG00000105968;ENSG00000139351;ENSG00000126803;ENSG00000072501;ENSG00000100242;ENSG00000188486;ENSG00000012048;ENSG00000246705;ENSG00000196890;ENSG00000197903;ENSG00000054654;ENSG00000180573;ENSG00000180596;ENSG00000108055;ENSG00000141756;ENSG00000147601
prerank,REACTOME_SYNTHESIS_SECRETION_AND_INACTIVATION_OF_GLUCOSE_DEPENDENT_INSULINOTROPIC_POLYPEPTIDE_GIP,-0.5640409090926373,-1.4228900013948969,0.06408995080815179,0.224453313463185,1.0,8/12,25.93%,ENSG00000114902;ENSG00000166562;ENSG00000136574;ENSG00000175426;ENSG00000118363;ENSG00000140612;ENSG00000129128;ENSG00000016082
prerank,REACTOME_TRANSCRIPTIONAL_REGULATION_BY_MECP2,0.292052298135745,1.2881281953546135,0.08515535097813579,0.2254506153928421,1.0,10/61,7.04%,ENSG00000169375;ENSG00000171720;ENSG00000116478;ENSG00000059804;ENSG00000072062;ENSG00000184216;ENSG00000100362;ENSG00000132170;ENSG00000078328;ENSG00000181449
prerank,REACTOME_G2_M_DNA_DAMAGE_CHECKPOINT,-0.3781491830996788,-1.4232146001109935,0.03054433087710958,0.2255054794317248,1.0,26/72,13.53%,ENSG00000163322;ENSG00000111445;ENSG00000174371;ENSG00000106399;ENSG00000145386;ENSG00000170312;ENSG00000134057;ENSG00000146047;ENSG00000197299;ENSG00000171792;ENSG00000175643;ENSG00000149554;ENSG00000158402;ENSG00000166483;ENSG00000163918;ENSG00000035499;ENSG00000138346;ENSG00000049541;ENSG00000133119;ENSG00000188486;ENSG00000012048;ENSG00000169139;ENSG00000196890;ENSG00000164053;ENSG00000117748;ENSG00000197903
prerank,REACTOME_SHC1_EVENTS_IN_ERBB2_SIGNALING,0.37322905083972385,1.2856441385281034,0.13237063778580024,0.22771771145326086,1.0,5/22,5.71%,ENSG00000138798;ENSG00000177885;ENSG00000174775;ENSG00000185737;ENSG00000169752
prerank,REACTOME_P75NTR_RECRUITS_SIGNALLING_COMPLEXES,0.4317692888567629,1.2845817647646558,0.1655320673593694,0.22833871177849852,1.0,3/13,4.53%,ENSG00000150991;ENSG00000184216;ENSG00000064300
prerank,REACTOME_MATURATION_OF_SARS_COV_2_SPIKE_PROTEIN,0.3180401630679877,1.2819151978875116,0.11269614835948645,0.23083720533754865,1.0,6/41,2.19%,ENSG00000161013;ENSG00000163902;ENSG00000127022;ENSG00000118705;ENSG00000089597;ENSG00000244038
prerank,REACTOME_HIV_ELONGATION_ARREST_AND_RECOVERY,0.3353087980532097,1.2803102929831283,0.12403452975920036,0.2321086584350082,1.0,6/32,3.12%,ENSG00000149136;ENSG00000092201;ENSG00000196235;ENSG00000099817;ENSG00000177700;ENSG00000181222
prerank,REACTOME_ATF6_ATF6_ALPHA_ACTIVATES_CHAPERONES,0.4528773932182186,1.2791952800465183,0.15621788283658788,0.23228744971584184,1.0,2/11,2.01%,ENSG00000179218;ENSG00000166598
prerank,REACTOME_ACYL_CHAIN_REMODELLING_OF_PI,0.39985761758377325,1.2796251794132338,0.15742463714179383,0.23234869283841,1.0,6/16,9.37%,ENSG00000125505;ENSG00000170890;ENSG00000188257;ENSG00000159337;ENSG00000188089;ENSG00000117215
prerank,REACTOME_TRP_CHANNELS,-0.46506522618963236,-1.4149848384896653,0.06452465952664287,0.23568921604699322,1.0,13/25,32.38%,ENSG00000196689;ENSG00000187688;ENSG00000134160;ENSG00000130529;ENSG00000090674;ENSG00000129465;ENSG00000137275;ENSG00000165125;ENSG00000168404;ENSG00000144935;ENSG00000138741;ENSG00000055732;ENSG00000119121
prerank,REACTOME_GLUTATHIONE_SYNTHESIS_AND_RECYCLING,-0.5608550457366622,-1.4151733046249222,0.06492778011499088,0.2370294889102019,1.0,4/12,7.57%,ENSG00000178814;ENSG00000131067;ENSG00000006625;ENSG00000001084
prerank,REACTOME_TRANSPORT_OF_CONNEXONS_TO_THE_PLASMA_MEMBRANE,0.37550907871426176,1.2722729962064434,0.15250198570293885,0.23910811155571562,1.0,5/20,6.68%,ENSG00000258947;ENSG00000127824;ENSG00000167553;ENSG00000123416;ENSG00000188229
prerank,REACTOME_FORMATION_OF_RNA_POL_II_ELONGATION_COMPLEX,0.29134822902731855,1.2726489715396214,0.09786989061600461,0.23923142762752578,1.0,8/57,3.12%,ENSG00000149136;ENSG00000092201;ENSG00000166477;ENSG00000196235;ENSG00000006712;ENSG00000099817;ENSG00000177700;ENSG00000181222
prerank,REACTOME_ENDOSOMAL_VACUOLAR_PATHWAY,-0.5749252658245326,-1.4116361835255986,0.0639763779527559,0.24036963784930196,1.0,4/11,10.78%,ENSG00000136943;ENSG00000204592;ENSG00000204642;ENSG00000166710
prerank,REACTOME_PD_L1_CD274_GLYCOSYLATION_AND_TRANSLOCATION_TO_PLASMA_MEMBRANE,0.36916539264409787,1.2689860958122416,0.1587554846429996,0.2417823403260909,1.0,4/21,2.19%,ENSG00000150991;ENSG00000163902;ENSG00000118705;ENSG00000244038
prerank,REACTOME_ANCHORING_OF_THE_BASAL_BODY_TO_THE_PLASMA_MEMBRANE,0.2632660021739798,1.2678232443966466,0.06710914454277286,0.2420011605328981,1.0,11/97,2.70%,ENSG00000138107;ENSG00000101367;ENSG00000175203;ENSG00000197102;ENSG00000204843;ENSG00000127824;ENSG00000080824;ENSG00000170027;ENSG00000108953;ENSG00000105568;ENSG00000072062
prerank,REACTOME_CARGO_RECOGNITION_FOR_CLATHRIN_MEDIATED_ENDOCYTOSIS,0.2585478189959851,1.2692262904606433,0.055205047318611984,0.24206795541720397,1.0,14/104,5.80%,ENSG00000138798;ENSG00000185359;ENSG00000177885;ENSG00000003056;ENSG00000150991;ENSG00000141367;ENSG00000161203;ENSG00000129559;ENSG00000042753;ENSG00000111652;ENSG00000168090;ENSG00000169727;ENSG00000072274;ENSG00000130475
prerank,REACTOME_HCMV_EARLY_EVENTS,0.264587352117906,1.2681054518182535,0.06396588486140725,0.24222627787891257,1.0,10/90,2.93%,ENSG00000140464;ENSG00000094914;ENSG00000171720;ENSG00000213024;ENSG00000197102;ENSG00000258947;ENSG00000127824;ENSG00000167553;ENSG00000130726;ENSG00000102900
prerank,REACTOME_SYNDECAN_INTERACTIONS,0.34354075888718694,1.264127493542915,0.14659468438538206,0.24575979590196967,1.0,4/27,2.05%,ENSG00000072110;ENSG00000124145;ENSG00000082781;ENSG00000105329
prerank,REACTOME_P75_NTR_RECEPTOR_MEDIATED_SIGNALLING,0.26316885948380686,1.2633964206116828,0.07270029673590504,0.24604408741039122,1.0,11/95,4.53%,ENSG00000151694;ENSG00000171720;ENSG00000115310;ENSG00000116478;ENSG00000150991;ENSG00000067560;ENSG00000108953;ENSG00000141522;ENSG00000184216;ENSG00000136002;ENSG00000064300
prerank,REACTOME_MITOCHONDRIAL_BIOGENESIS,0.2619161534138452,1.2602198588479245,0.08275328692962104,0.2493258727042155,1.0,12/94,3.10%,ENSG00000172534;ENSG00000171720;ENSG00000023330;ENSG00000167863;ENSG00000132305;ENSG00000241468;ENSG00000173436;ENSG00000165629;ENSG00000110955;ENSG00000152234;ENSG00000154518;ENSG00000159199
prerank,REACTOME_DISSOLUTION_OF_FIBRIN_CLOT,0.42267824885469996,1.2577939703657652,0.18581202736766295,0.2515600234690665,1.0,3/13,1.62%,ENSG00000182718;ENSG00000197747;ENSG00000135919
prerank,REACTOME_NEF_MEDIATED_DOWNREGULATION_OF_MHC_CLASS_I_COMPLEX_CELL_SURFACE_EXPRESSION,0.4620861794579664,1.2568826756242284,0.18291862811028917,0.2521042707459375,1.0,2/10,2.66%,ENSG00000100280;ENSG00000106367
prerank,REACTOME_SARS_COV_1_HOST_INTERACTIONS,0.2597756711251405,1.2538840781479175,0.08564988730277986,0.2540368720722119,1.0,10/94,2.40%,ENSG00000166949;ENSG00000108424;ENSG00000134308;ENSG00000128245;ENSG00000150991;ENSG00000088832;ENSG00000170027;ENSG00000108953;ENSG00000166913;ENSG00000196262
prerank,REACTOME_PI3K_EVENTS_IN_ERBB2_SIGNALING,0.3945183217705215,1.25419174743392,0.17582417582417584,0.2542542962943487,1.0,5/16,8.83%,ENSG00000138798;ENSG00000177885;ENSG00000185737;ENSG00000169752;ENSG00000101464
prerank,REACTOME_SHC_MEDIATED_CASCADE_FGFR4,0.4024165801693236,1.2542540995207978,0.17775314116777532,0.2547628342359184,1.0,4/15,6.68%,ENSG00000177885;ENSG00000174775;ENSG00000158815;ENSG00000075388
prerank,REACTOME_SHC_MEDIATED_CASCADE_FGFR1,0.38160687078963285,1.2522737552961865,0.1729812476081133,0.2548288060846352,1.0,7/18,11.44%,ENSG00000177885;ENSG00000174775;ENSG00000158815;ENSG00000075388;ENSG00000138675;ENSG00000077782;ENSG00000078579
prerank,REACTOME_MET_ACTIVATES_RAS_SIGNALING,0.4559015784000969,1.2526696446439023,0.17291735811483572,0.25495195494532574,1.0,2/10,2.39%,ENSG00000177885;ENSG00000174775
prerank,REACTOME_NEGATIVE_REGULATION_OF_FLT3,0.40072692727750353,1.2509368927357025,0.1771026306039274,0.25583988746492825,1.0,2/15,1.47%,ENSG00000103653;ENSG00000150991
prerank,REACTOME_FLT3_SIGNALING,0.31186942134871326,1.249794382678066,0.1305350553505535,0.25665016531031826,1.0,4/38,2.39%,ENSG00000177885;ENSG00000103653;ENSG00000150991;ENSG00000174775
prerank,REACTOME_RHO_GTPASE_CYCLE,0.21217224626652353,1.2482140943080402,0.0,0.2574622379934677,1.0,36/438,2.68%,ENSG00000146376;ENSG00000026025;ENSG00000077549;ENSG00000140575;ENSG00000142634;ENSG00000185359;ENSG00000094914;ENSG00000100092;ENSG00000160410;ENSG00000177885;ENSG00000131504;ENSG00000137312;ENSG00000072110;ENSG00000126777;ENSG00000197694;ENSG00000103653;ENSG00000132589;ENSG00000067560;ENSG00000075785;ENSG00000138594;ENSG00000080824;ENSG00000168439;ENSG00000096384;ENSG00000139641;ENSG00000165280;ENSG00000141522;ENSG00000141367;ENSG00000185825;ENSG00000092199;ENSG00000071553;ENSG00000184009;ENSG00000075624;ENSG00000254999;ENSG00000146731;ENSG00000105401;ENSG00000135624
prerank,REACTOME_CELLULAR_HEXOSE_TRANSPORT,0.36892471384595504,1.2486564360406462,0.17510630073444144,0.2575061185783532,1.0,2/20,0.95%,ENSG00000117394;ENSG00000059804
prerank,REACTOME_OPIOID_SIGNALLING,0.2634209799822874,1.2476612481704648,0.07654494382022473,0.2575782452401367,1.0,12/87,5.55%,ENSG00000149782;ENSG00000078369;ENSG00000108946;ENSG00000105568;ENSG00000072062;ENSG00000172531;ENSG00000101327;ENSG00000114353;ENSG00000168243;ENSG00000126583;ENSG00000182481;ENSG00000162188
prerank,REACTOME_FORMATION_OF_FIBRIN_CLOT_CLOTTING_CASCADE,0.31370558424152956,1.2454914082343813,0.14495499763145428,0.25909823856261993,1.0,8/37,8.40%,ENSG00000170949;ENSG00000135919;ENSG00000108561;ENSG00000164344;ENSG00000196415;ENSG00000057593;ENSG00000204936;ENSG00000198734
prerank,REACTOME_EXTRA_NUCLEAR_ESTROGEN_SIGNALING,0.2736557392917474,1.2456124063471061,0.10253317249698432,0.2595471795648207,1.0,10/72,5.55%,ENSG00000082898;ENSG00000152332;ENSG00000078369;ENSG00000138798;ENSG00000080824;ENSG00000174775;ENSG00000126457;ENSG00000114353;ENSG00000168243;ENSG00000162188
prerank,REACTOME_FIBRONECTIN_MATRIX_FORMATION,-0.4832124383439404,-1.40084355075209,0.06907188841201717,0.25975643608411136,1.0,11/20,30.41%,ENSG00000204262;ENSG00000130635;ENSG00000150093;ENSG00000168542;ENSG00000161638;ENSG00000164692;ENSG00000108821;ENSG00000139219;ENSG00000124469;ENSG00000134871;ENSG00000197565
prerank,REACTOME_FRS_MEDIATED_FGFR2_SIGNALING,0.3609380711495722,1.2421963540282526,0.16480891719745222,0.26144216688667415,1.0,6/21,8.20%,ENSG00000177885;ENSG00000174775;ENSG00000158815;ENSG00000066468;ENSG00000075388;ENSG00000138675
prerank,REACTOME_REGULATION_OF_PYRUVATE_METABOLISM,0.3263143783758427,1.2422511317590106,0.14957833999112294,0.2619614051649515,1.0,4/32,2.14%,ENSG00000067992;ENSG00000131828;ENSG00000150991;ENSG00000134333
prerank,REACTOME_NUCLEAR_EVENTS_KINASE_AND_TRANSCRIPTION_FACTOR_ACTIVATION,0.2802243882372492,1.2424267852866129,0.10887573964497041,0.2623393383065699,1.0,6/61,2.38%,ENSG00000068305;ENSG00000140939;ENSG00000079805;ENSG00000108861;ENSG00000111642;ENSG00000105568
prerank,REACTOME_NOTCH_HLH_TRANSCRIPTION_PATHWAY,0.3367227854922979,1.239749133297583,0.159755565255347,0.26271941110974556,1.0,3/28,0.82%,ENSG00000168214;ENSG00000171720;ENSG00000116478
prerank,REACTOME_VASOPRESSIN_REGULATES_RENAL_WATER_HOMEOSTASIS_VIA_AQUAPORINS,0.304048891545989,1.240118116580429,0.14133591481122942,0.2628670114797754,1.0,6/41,5.55%,ENSG00000078369;ENSG00000108946;ENSG00000087460;ENSG00000072062;ENSG00000168243;ENSG00000162188
prerank,REACTOME_TRANSPORT_OF_MATURE_TRANSCRIPT_TO_CYTOPLASM,0.2651030157968748,1.2401836462892737,0.09987357774968394,0.2633661788927001,1.0,8/80,2.93%,ENSG00000094914;ENSG00000213024;ENSG00000111786;ENSG00000119392;ENSG00000136450;ENSG00000125755;ENSG00000163634;ENSG00000102900
prerank,REACTOME_REMOVAL_OF_AMINOTERMINAL_PROPEPTIDES_FROM_GAMMA_CARBOXYLATED_PROTEINS,-0.5806050081730837,-1.3971788816858282,0.07519863791146425,0.26532370562426405,1.0,4/10,16.31%,ENSG00000140564;ENSG00000183087;ENSG00000242252;ENSG00000126231
prerank,REACTOME_TRANSCRIPTIONAL_REGULATION_BY_E2F6,-0.4285361675088947,-1.3938472263142923,0.06457422176485722,0.26837699407216703,1.0,11/33,9.95%,ENSG00000051180;ENSG00000171848;ENSG00000101412;ENSG00000149554;ENSG00000126756;ENSG00000178691;ENSG00000097046;ENSG00000114126;ENSG00000198176;ENSG00000012048;ENSG00000156374
prerank,REACTOME_SYNAPTIC_ADHESION_LIKE_MOLECULES,0.355625320475942,1.234115555471698,0.18297533810660302,0.26911547669992514,1.0,7/21,9.57%,ENSG00000137312;ENSG00000132589;ENSG00000153707;ENSG00000155511;ENSG00000156564;ENSG00000273079;ENSG00000152578
prerank,REACTOME_REGULATION_OF_MITF_M_DEPENDENT_GENES_INVOLVED_IN_APOPTOSIS,0.37224802702899096,1.233373692083263,0.1939838025453143,0.26942645038247215,1.0,2/18,0.82%,ENSG00000169375;ENSG00000116478
prerank,REACTOME_DISEASES_OF_IMMUNE_SYSTEM,-0.43680024544196483,-1.3940266666189487,0.06948368867197534,0.26986469898815035,1.0,11/31,24.19%,ENSG00000110057;ENSG00000171560;ENSG00000187554;ENSG00000189403;ENSG00000196664;ENSG00000174130;ENSG00000171564;ENSG00000164342;ENSG00000135218;ENSG00000170458;ENSG00000213341
prerank,REACTOME_SIGNAL_ATTENUATION,0.45181162241898953,1.2322410136325928,0.19312714776632303,0.2702209194168262,1.0,2/10,4.30%,ENSG00000177885;ENSG00000254647
prerank,REACTOME_TRANSCRIPTIONAL_REGULATION_OF_BROWN_AND_BEIGE_ADIPOCYTE_DIFFERENTIATION,0.3311776849179626,1.229673119875797,0.15986099044309296,0.27294274106949673,1.0,3/29,1.04%,ENSG00000153187;ENSG00000116478;ENSG00000111642
prerank,REACTOME_ERYTHROPOIETIN_ACTIVATES_RAS,0.4017451628455606,1.2289684126198388,0.19564441270974653,0.2732519312243154,1.0,2/14,2.39%,ENSG00000177885;ENSG00000174775
prerank,REACTOME_SLBP_DEPENDENT_PROCESSING_OF_REPLICATION_DEPENDENT_HISTONE_PRE_MRNAS,-0.5633399321325199,-1.389486110744529,0.07794408359220559,0.27556630006100297,1.0,6/11,19.15%,ENSG00000163950;ENSG00000181817;ENSG00000143977;ENSG00000125835;ENSG00000139343;ENSG00000100028
prerank,REACTOME_BUDDING_AND_MATURATION_OF_HIV_VIRION,0.33044918741809126,1.225806209998922,0.17713787085514834,0.27677564498968527,1.0,4/28,2.83%,ENSG00000132612;ENSG00000150991;ENSG00000196262;ENSG00000130724
prerank,REACTOME_PROTEIN_UBIQUITINATION,0.26928038512572616,1.2206616438821767,0.11665586519766688,0.2804719351638741,1.0,8/69,2.58%,ENSG00000166477;ENSG00000159202;ENSG00000168894;ENSG00000150991;ENSG00000130985;ENSG00000165280;ENSG00000006712;ENSG00000111667
prerank,REACTOME_ISG15_ANTIVIRAL_MECHANISM,0.26712612421209353,1.2199984664515096,0.1213235294117647,0.28071527229540827,1.0,7/72,2.93%,ENSG00000094914;ENSG00000213024;ENSG00000108424;ENSG00000150991;ENSG00000114867;ENSG00000110321;ENSG00000102900
prerank,REACTOME_DOWNREGULATION_OF_ERBB2_SIGNALING,0.3288804042480053,1.2208193061524648,0.18045774647887325,0.2808815402196366,1.0,7/29,7.46%,ENSG00000138798;ENSG00000150991;ENSG00000080824;ENSG00000105401;ENSG00000185737;ENSG00000169752;ENSG00000007264
prerank,REACTOME_FRS_MEDIATED_FGFR3_SIGNALING,0.37630616345018114,1.2208574114455362,0.19939001143728555,0.28144724258042675,1.0,5/17,8.20%,ENSG00000177885;ENSG00000174775;ENSG00000158815;ENSG00000075388;ENSG00000138675
prerank,REACTOME_SLC_MEDIATED_TRANSPORT_OF_INORGANIC_ANIONS,0.31242977342374834,1.2211840124972744,0.16674652611403928,0.28159457473933325,1.0,13/35,14.42%,ENSG00000164889;ENSG00000225697;ENSG00000157765;ENSG00000091138;ENSG00000164707;ENSG00000113073;ENSG00000091137;ENSG00000070915;ENSG00000050438;ENSG00000081800;ENSG00000105641;ENSG00000198569;ENSG00000188687
prerank,REACTOME_PROSTACYCLIN_SIGNALLING_THROUGH_PROSTACYCLIN_RECEPTOR,0.37035206589493325,1.2214973471754738,0.19356089992242048,0.2818208556499774,1.0,4/18,5.55%,ENSG00000078369;ENSG00000087460;ENSG00000168243;ENSG00000162188
prerank,REACTOME_POTASSIUM_CHANNELS,0.25409041631796664,1.2158061215270028,0.10450038138825324,0.28381192621987567,1.0,25/95,13.95%,ENSG00000078369;ENSG00000104783;ENSG00000151079;ENSG00000075043;ENSG00000173338;ENSG00000168243;ENSG00000162728;ENSG00000157542;ENSG00000162188;ENSG00000099822;ENSG00000006071;ENSG00000069431;ENSG00000168135;ENSG00000100433;ENSG00000135750;ENSG00000170745;ENSG00000184156;ENSG00000136928;ENSG00000124780;ENSG00000177301;ENSG00000182450;ENSG00000145936;ENSG00000169427;ENSG00000055118;ENSG00000123700
prerank,REACTOME_INFLAMMASOMES,0.3568208770971584,1.2159979149120903,0.20371835443037975,0.2841728282465057,1.0,3/20,2.20%,ENSG00000136810;ENSG00000096384;ENSG00000142192
prerank,REACTOME_PYRUVATE_METABOLISM,0.28729272855063803,1.2146391329773911,0.14669318746892093,0.2841884407481432,1.0,5/47,2.14%,ENSG00000067992;ENSG00000213585;ENSG00000131828;ENSG00000150991;ENSG00000134333
prerank,REACTOME_REGULATION_OF_PYRUVATE_DEHYDROGENASE_PDH_COMPLEX,0.38814571772288087,1.2150223106402636,0.20689655172413793,0.2842843715779297,1.0,2/15,1.17%,ENSG00000067992;ENSG00000131828
prerank,REACTOME_SUMOYLATION_OF_RNA_BINDING_PROTEINS,0.29323195010444875,1.2140531897377262,0.15933806146572105,0.2843533929854495,1.0,5/45,2.93%,ENSG00000094914;ENSG00000165119;ENSG00000213024;ENSG00000092199;ENSG00000102900
prerank,REACTOME_TRANSLATION_OF_SARS_COV_1_STRUCTURAL_PROTEINS,0.325309737623072,1.21615408400218,0.1745362563237774,0.2845852826455941,1.0,4/29,2.17%,ENSG00000137817;ENSG00000150991;ENSG00000127022;ENSG00000089597
prerank,REACTOME_ENDOSOMAL_SORTING_COMPLEX_REQUIRED_FOR_TRANSPORT_ESCRT,0.32039359029375447,1.2165217488917706,0.1752808988764045,0.28469835720812753,1.0,4/31,2.83%,ENSG00000185359;ENSG00000132612;ENSG00000150991;ENSG00000130724
prerank,REACTOME_COHESIN_LOADING_ONTO_CHROMATIN,-0.5767894159328508,-1.384243613917627,0.08392201186775926,0.2848371979854273,1.0,8/10,39.57%,ENSG00000164754;ENSG00000072501;ENSG00000121892;ENSG00000108055;ENSG00000101972;ENSG00000164190;ENSG00000083642;ENSG00000062650
prerank,REACTOME_REGULATION_OF_INSULIN_LIKE_GROWTH_FACTOR_IGF_TRANSPORT_AND_UPTAKE_BY_INSULIN_LIKE_GROWTH_FACTOR_BINDING_PROTEINS_IGFBPS,0.24128416118903628,1.2123016024575912,0.08355321020228672,0.28545458417838004,1.0,13/118,4.36%,ENSG00000137845;ENSG00000102265;ENSG00000126777;ENSG00000116260;ENSG00000143870;ENSG00000185624;ENSG00000166598;ENSG00000084234;ENSG00000104805;ENSG00000142192;ENSG00000100097;ENSG00000164344;ENSG00000167751
prerank,REACTOME_CILIUM_ASSEMBLY,0.22762706897861126,1.2123190413865734,0.06428571428571428,0.28603725510560285,1.0,17/195,2.91%,ENSG00000156261;ENSG00000138107;ENSG00000101367;ENSG00000175203;ENSG00000088826;ENSG00000197102;ENSG00000258947;ENSG00000204843;ENSG00000127824;ENSG00000167553;ENSG00000080824;ENSG00000170027;ENSG00000108953;ENSG00000105568;ENSG00000150753;ENSG00000072062;ENSG00000163468
prerank,REACTOME_PRESYNAPTIC_FUNCTION_OF_KAINATE_RECEPTORS,0.35551621620279017,1.2094002037630678,0.2016706443914081,0.2887294695710322,1.0,4/20,5.55%,ENSG00000149782;ENSG00000078369;ENSG00000168243;ENSG00000162188
prerank,REACTOME_NEUREXINS_AND_NEUROLIGINS,0.2773377127244236,1.2086569031498913,0.14704343275771847,0.28908639105155587,1.0,12/55,9.44%,ENSG00000106089;ENSG00000136279;ENSG00000146006;ENSG00000161681;ENSG00000110076;ENSG00000067715;ENSG00000152822;ENSG00000169760;ENSG00000162951;ENSG00000107282;ENSG00000173227;ENSG00000273079
prerank,REACTOME_NEGATIVE_REGULATION_OF_MAPK_PATHWAY,0.2980921759913003,1.208182683618163,0.16319772942289498,0.2891231630289829,1.0,6/43,2.86%,ENSG00000150991;ENSG00000169032;ENSG00000166913;ENSG00000105568;ENSG00000174775;ENSG00000011485
prerank,REACTOME_DOWNREGULATION_OF_SMAD2_3_SMAD4_TRANSCRIPTIONAL_ACTIVITY,0.3193353743304015,1.2074487373571705,0.18393898609241813,0.2894839876122574,1.0,4/31,1.47%,ENSG00000157450;ENSG00000166949;ENSG00000116478;ENSG00000150991
prerank,REACTOME_G_PROTEIN_BETA_GAMMA_SIGNALLING,0.31889700099185725,1.2061205985182544,0.18711656441717792,0.2900795126919759,1.0,5/30,5.55%,ENSG00000149782;ENSG00000078369;ENSG00000067560;ENSG00000168243;ENSG00000162188
prerank,REACTOME_INTEGRIN_SIGNALING,0.3300508778434128,1.2062081318981117,0.18132328308207704,0.2905613794000993,1.0,3/27,1.45%,ENSG00000177885;ENSG00000137076;ENSG00000103653
prerank,REACTOME_DEVELOPMENTAL_LINEAGE_OF_PANCREATIC_DUCTAL_CELLS,-0.3981487530422648,-1.380359806367548,0.06363295411926491,0.29128582174998524,1.0,14/45,17.45%,ENSG00000204262;ENSG00000080493;ENSG00000130635;ENSG00000136574;ENSG00000135046;ENSG00000168542;ENSG00000019582;ENSG00000169856;ENSG00000164692;ENSG00000134873;ENSG00000108821;ENSG00000001626;ENSG00000196739;ENSG00000139219
prerank,REACTOME_CREB1_PHOSPHORYLATION_THROUGH_NMDA_RECEPTOR_MEDIATED_ACTIVATION_OF_RAS_SIGNALING,-0.44405831384492533,-1.375804484940495,0.07419058854371477,0.2914966773025831,1.0,13/27,26.53%,ENSG00000126787;ENSG00000117676;ENSG00000102882;ENSG00000113319;ENSG00000071242;ENSG00000118260;ENSG00000100030;ENSG00000082458;ENSG00000105464;ENSG00000132535;ENSG00000198668;ENSG00000133703;ENSG00000213281
prerank,REACTOME_PROCESSIVE_SYNTHESIS_ON_THE_C_STRAND_OF_THE_TELOMERE,-0.4837549599261442,-1.3763457263659145,0.08670597694987939,0.2922398109703262,1.0,8/19,14.26%,ENSG00000106399;ENSG00000197299;ENSG00000132646;ENSG00000175482;ENSG00000138346;ENSG00000077514;ENSG00000117748;ENSG00000062822
prerank,REACTOME_INITIATION_OF_NUCLEAR_ENVELOPE_NE_REFORMATION,0.3620008559313862,1.2034390486477449,0.2104224240031583,0.29302223037831726,1.0,4/19,2.68%,ENSG00000160789;ENSG00000108424;ENSG00000105568;ENSG00000175334
prerank,REACTOME_MISMATCH_REPAIR,-0.5157429575408289,-1.376587465653316,0.08293677770224338,0.2936526302012562,1.0,10/15,26.64%,ENSG00000174371;ENSG00000106399;ENSG00000132646;ENSG00000175482;ENSG00000077514;ENSG00000117748;ENSG00000062822;ENSG00000122512;ENSG00000095002;ENSG00000113318
prerank,REACTOME_APOPTOSIS_INDUCED_DNA_FRAGMENTATION,-0.5577460762186748,-1.377235760357908,0.08595709111173029,0.2941712595899569,1.0,6/11,12.24%,ENSG00000164104;ENSG00000124575;ENSG00000189060;ENSG00000168298;ENSG00000187837;ENSG00000189403
prerank,REACTOME_CYTOSOLIC_SENSORS_OF_PATHOGEN_ASSOCIATED_DNA,0.2679677436196237,1.2011871956774496,0.14669051878354203,0.2942074673414563,1.0,7/63,2.88%,ENSG00000183258;ENSG00000135829;ENSG00000150991;ENSG00000196419;ENSG00000099817;ENSG00000079246;ENSG00000177700
prerank,REACTOME_RAB_GEFS_EXCHANGE_GTP_FOR_GDP_ON_RABS,0.2514601952383933,1.2014692674010388,0.12474012474012475,0.29445021078688144,1.0,9/89,3.32%,ENSG00000174791;ENSG00000110514;ENSG00000203879;ENSG00000084733;ENSG00000075785;ENSG00000108953;ENSG00000174903;ENSG00000143545;ENSG00000170043
prerank,REACTOME_POSITIVE_EPIGENETIC_REGULATION_OF_RRNA_EXPRESSION,0.26899663967645193,1.2018968550367,0.13813116656993615,0.29446057109216794,1.0,7/63,2.88%,ENSG00000157483;ENSG00000116478;ENSG00000111642;ENSG00000204371;ENSG00000075624;ENSG00000099817;ENSG00000177700
prerank,REACTOME_DNA_DAMAGE_TELOMERE_STRESS_INDUCED_SENESCENCE,-0.3943992779514314,-1.3776426851776753,0.060591010677924016,0.2952386854406879,1.0,32/47,39.48%,ENSG00000145386;ENSG00000146047;ENSG00000123374;ENSG00000175305;ENSG00000113368;ENSG00000105968;ENSG00000124575;ENSG00000189060;ENSG00000168298;ENSG00000187837;ENSG00000188486;ENSG00000246705;ENSG00000196890;ENSG00000149948;ENSG00000197903;ENSG00000118900;ENSG00000113522;ENSG00000180573;ENSG00000180596;ENSG00000147601;ENSG00000105173;ENSG00000111276;ENSG00000124635;ENSG00000184678;ENSG00000141510;ENSG00000168148;ENSG00000158406;ENSG00000092330;ENSG00000172977;ENSG00000184260;ENSG00000166848;ENSG00000158373
prerank,REACTOME_POTENTIAL_THERAPEUTICS_FOR_SARS,0.2308423078067756,1.1994794890122915,0.07921928817451206,0.2959175425030098,1.0,13/150,3.06%,ENSG00000177885;ENSG00000116478;ENSG00000112715;ENSG00000111642;ENSG00000241244;ENSG00000088832;ENSG00000080824;ENSG00000069849;ENSG00000096384;ENSG00000004478;ENSG00000163399;ENSG00000161203;ENSG00000042753
prerank,REACTOME_CELLULAR_SENESCENCE,-0.32918602029329985,-1.3716664592332628,0.026408064869603332,0.29866207884463913,1.0,84/150,39.48%,ENSG00000175063;ENSG00000145386;ENSG00000146047;ENSG00000123374;ENSG00000134954;ENSG00000094880;ENSG00000155363;ENSG00000175305;ENSG00000113368;ENSG00000101412;ENSG00000105968;ENSG00000141552;ENSG00000124575;ENSG00000178691;ENSG00000117676;ENSG00000166295;ENSG00000114126;ENSG00000102882;ENSG00000189060;ENSG00000168298;ENSG00000007968;ENSG00000187837;ENSG00000071242;ENSG00000188486;ENSG00000004897;ENSG00000198176;ENSG00000143947;ENSG00000246705;ENSG00000196890;ENSG00000149948;ENSG00000197903;ENSG00000129355;ENSG00000221983;ENSG00000118900;ENSG00000089053;ENSG00000108106;ENSG00000135446;ENSG00000185386;ENSG00000106462;ENSG00000164162;ENSG00000123080;ENSG00000113522;ENSG00000100030;ENSG00000180573;ENSG00000151650;ENSG00000180596;ENSG00000134698;ENSG00000053900;ENSG00000153107;ENSG00000147601;ENSG00000105325;ENSG00000112062;ENSG00000204227;ENSG00000115008;ENSG00000072401;ENSG00000105173;ENSG00000136244;ENSG00000111276;ENSG00000124635;ENSG00000197409;ENSG00000170142;ENSG00000105722;ENSG00000121481;ENSG00000050748;ENSG00000065559;ENSG00000177189;ENSG00000184678;ENSG00000074266;ENSG00000176386;ENSG00000134686;ENSG00000141510;ENSG00000162521;ENSG00000141503;ENSG00000168148;ENSG00000158406;ENSG00000092330;ENSG00000170315;ENSG00000172977;ENSG00000184260;ENSG00000166848;ENSG00000100354;ENSG00000071054;ENSG00000197442;ENSG00000158373
prerank,REACTOME_RHOBTB3_ATPASE_CYCLE,0.4383394714531628,1.1961271543713028,0.22156107805390268,0.2998472898107654,1.0,2/10,1.03%,ENSG00000185359;ENSG00000105355
prerank,REACTOME_BILE_ACID_AND_BILE_SALT_METABOLISM,-0.39754479121764486,-1.370153364302869,0.06591760299625468,0.3000684993932379,1.0,21/44,29.54%,ENSG00000188878;ENSG00000117859;ENSG00000006025;ENSG00000168306;ENSG00000101473;ENSG00000084453;ENSG00000099377;ENSG00000186350;ENSG00000196139;ENSG00000100652;ENSG00000136881;ENSG00000172817;ENSG00000172345;ENSG00000012504;ENSG00000110048;ENSG00000130703;ENSG00000134538;ENSG00000175215;ENSG00000111700;ENSG00000133835;ENSG00000146233
prerank,REACTOME_RHOG_GTPASE_CYCLE,-0.36314064749593494,-1.368244183794938,0.05375073833431778,0.30039861406596735,1.0,29/73,23.42%,ENSG00000050327;ENSG00000149357;ENSG00000213619;ENSG00000147799;ENSG00000120802;ENSG00000106636;ENSG00000150093;ENSG00000035499;ENSG00000142627;ENSG00000159259;ENSG00000111348;ENSG00000079482;ENSG00000118804;ENSG00000162236;ENSG00000130175;ENSG00000164040;ENSG00000128609;ENSG00000242247;ENSG00000134516;ENSG00000074695;ENSG00000046604;ENSG00000182199;ENSG00000062598;ENSG00000049245;ENSG00000076706;ENSG00000139734;ENSG00000115541;ENSG00000160007;ENSG00000173218
prerank,REACTOME_S_PHASE,-0.33028114742405246,-1.367050535751725,0.023649763502364977,0.30116567523380783,1.0,60/148,17.47%,ENSG00000175063;ENSG00000171320;ENSG00000111445;ENSG00000094804;ENSG00000146670;ENSG00000100479;ENSG00000147536;ENSG00000106399;ENSG00000145386;ENSG00000183814;ENSG00000198056;ENSG00000101003;ENSG00000123374;ENSG00000094880;ENSG00000159377;ENSG00000131153;ENSG00000112312;ENSG00000181938;ENSG00000101224;ENSG00000164754;ENSG00000020426;ENSG00000175305;ENSG00000189308;ENSG00000132646;ENSG00000175482;ENSG00000115350;ENSG00000101412;ENSG00000166483;ENSG00000125885;ENSG00000126756;ENSG00000141552;ENSG00000163918;ENSG00000138346;ENSG00000014138;ENSG00000166295;ENSG00000093009;ENSG00000166508;ENSG00000114126;ENSG00000072501;ENSG00000049541;ENSG00000133119;ENSG00000004897;ENSG00000077514;ENSG00000198176;ENSG00000091651;ENSG00000143947;ENSG00000173207;ENSG00000117748;ENSG00000101868;ENSG00000076003;ENSG00000221983;ENSG00000062822;ENSG00000089053;ENSG00000108106;ENSG00000100297;ENSG00000164045;ENSG00000135446;ENSG00000121892;ENSG00000167513;ENSG00000164162
prerank,REACTOME_GPER1_SIGNALING,0.29310073422028277,1.1944841622086588,0.16725087631447172,0.30150907171016417,1.0,7/42,5.55%,ENSG00000078369;ENSG00000108946;ENSG00000087460;ENSG00000072062;ENSG00000114353;ENSG00000168243;ENSG00000162188
prerank,REACTOME_COMPLEX_III_ASSEMBLY,-0.44780572519709927,-1.3684154892096279,0.08694499668654739,0.301941186201878,1.0,11/25,15.11%,ENSG00000184076;ENSG00000137288;ENSG00000164405;ENSG00000165060;ENSG00000140740;ENSG00000168273;ENSG00000156467;ENSG00000204922;ENSG00000169021;ENSG00000127540;ENSG00000244005
prerank,REACTOME_SCAVENGING_BY_CLASS_A_RECEPTORS,0.35558267619745093,1.1933275762156315,0.2220502901353965,0.3024577163314271,1.0,3/19,5.23%,ENSG00000179218;ENSG00000166598;ENSG00000158270
prerank,REACTOME_FORMATION_OF_THE_NEPHRIC_DUCT,0.36546296623676683,1.1891239313091149,0.21638972809667673,0.3078081605491568,1.0,5/17,11.99%,ENSG00000172939;ENSG00000165731;ENSG00000075891;ENSG00000182742;ENSG00000085276
prerank,REACTOME_INTERACTIONS_OF_VPR_WITH_HOST_CELLULAR_PROTEINS,0.3019023852417812,1.1877652010390212,0.19802424786708578,0.3091215657219112,1.0,5/36,2.93%,ENSG00000094914;ENSG00000213024;ENSG00000137309;ENSG00000175334;ENSG00000102900
prerank,REACTOME_HSF1_DEPENDENT_TRANSACTIVATION,0.2992064181523867,1.1873049068810324,0.19833087874324987,0.3091339273628704,1.0,5/38,3.35%,ENSG00000080824;ENSG00000096384;ENSG00000109971;ENSG00000004478;ENSG00000230989
prerank,REACTOME_SIGNALING_BY_FGFR4_IN_DISEASE,0.4234603440182432,1.1857032958875087,0.23183507941872253,0.3108177656888808,1.0,2/11,2.39%,ENSG00000177885;ENSG00000174775
prerank,REACTOME_PHOSPHORYLATION_OF_CD3_AND_TCR_ZETA_CHAINS,-0.45330188108229075,-1.35905980982147,0.09396951623591783,0.31132734344717244,1.0,11/23,25.22%,ENSG00000196126;ENSG00000010610;ENSG00000223865;ENSG00000134242;ENSG00000081237;ENSG00000198821;ENSG00000179344;ENSG00000076641;ENSG00000160654;ENSG00000167286;ENSG00000198851
prerank,REACTOME_METABOLISM_OF_STEROIDS,-0.3266612439607953,-1.36165807844861,0.025598769501208526,0.3113453609631705,1.0,68/152,29.83%,ENSG00000150961;ENSG00000111012;ENSG00000119927;ENSG00000076555;ENSG00000188878;ENSG00000147155;ENSG00000149809;ENSG00000101846;ENSG00000117859;ENSG00000082014;ENSG00000019186;ENSG00000100600;ENSG00000111424;ENSG00000006025;ENSG00000267673;ENSG00000168306;ENSG00000117594;ENSG00000172893;ENSG00000101473;ENSG00000112972;ENSG00000052802;ENSG00000148795;ENSG00000066136;ENSG00000079459;ENSG00000084453;ENSG00000101849;ENSG00000186480;ENSG00000157978;ENSG00000104826;ENSG00000099377;ENSG00000113161;ENSG00000145545;ENSG00000100934;ENSG00000186350;ENSG00000196139;ENSG00000163344;ENSG00000104549;ENSG00000100300;ENSG00000100652;ENSG00000152700;ENSG00000010270;ENSG00000167508;ENSG00000136881;ENSG00000170522;ENSG00000188612;ENSG00000128039;ENSG00000172817;ENSG00000131748;ENSG00000172345;ENSG00000099251;ENSG00000116133;ENSG00000130589;ENSG00000152904;ENSG00000012504;ENSG00000147383;ENSG00000205808;ENSG00000138802;ENSG00000110048;ENSG00000161513;ENSG00000130703;ENSG00000227471;ENSG00000134538;ENSG00000175215;ENSG00000231852;ENSG00000111700;ENSG00000133835;ENSG00000146233;ENSG00000176986
prerank,REACTOME_TRANSLESION_SYNTHESIS_BY_POLH,-0.47637132559705264,-1.3597207484346692,0.09061575692390428,0.3117650365715595,1.0,10/19,13.88%,ENSG00000111445;ENSG00000106399;ENSG00000051341;ENSG00000132646;ENSG00000163918;ENSG00000049541;ENSG00000133119;ENSG00000143947;ENSG00000117748;ENSG00000221983
prerank,REACTOME_SIGNALING_BY_FGFR1_IN_DISEASE,0.30096831465924767,1.1842817955290235,0.18850987432675045,0.31217238995634994,1.0,9/35,11.44%,ENSG00000177885;ENSG00000111605;ENSG00000174775;ENSG00000158815;ENSG00000075388;ENSG00000138675;ENSG00000101464;ENSG00000077782;ENSG00000078579
prerank,REACTOME_MATRIGLYCAN_BIOSYNTHESIS_ON_DAG1,-0.5469330884722208,-1.3602149404703843,0.10257839721254355,0.3125900686889914,1.0,2/11,2.06%,ENSG00000085998;ENSG00000173402
prerank,REACTOME_FORMATION_OF_THE_CANONICAL_BAF_CBAF_COMPLEX,0.3600875640188589,1.1823641494367114,0.23420647149460708,0.31364720763507703,1.0,3/18,2.75%,ENSG00000075624;ENSG00000127616;ENSG00000099956
prerank,REACTOME_GLYOXYLATE_METABOLISM_AND_GLYCINE_DEGRADATION,0.35511474938620896,1.1823822554709653,0.23325545171339565,0.3142658950218042,1.0,3/19,5.68%,ENSG00000105953;ENSG00000125166;ENSG00000203797
prerank,REACTOME_DEVELOPMENTAL_LINEAGES_OF_THE_MAMMARY_GLAND,0.29771576451079795,1.180771040465047,0.20224194301728166,0.31529170967975545,1.0,3/37,0.26%,ENSG00000026025;ENSG00000026508;ENSG00000138798
prerank,REACTOME_MITOCHONDRIAL_TRNA_AMINOACYLATION,0.34411596783666787,1.1790784281909192,0.23165231652316523,0.317178344660211,1.0,2/21,1.06%,ENSG00000067704;ENSG00000065427
prerank,REACTOME_LYSOSPHINGOLIPID_AND_LPA_RECEPTORS,-0.5109595170448721,-1.3525819120144678,0.10628085573230937,0.32013315359734557,1.0,5/14,21.83%,ENSG00000184574;ENSG00000105520;ENSG00000125910;ENSG00000267534;ENSG00000213694
prerank,REACTOME_PURINERGIC_SIGNALING_IN_LEISHMANIASIS_INFECTION,0.3268961505746991,1.175350086735502,0.2285835453774385,0.3206078135804636,1.0,3/25,2.20%,ENSG00000136810;ENSG00000096384;ENSG00000142192
prerank,REACTOME_CHONDROITIN_SULFATE_DERMATAN_SULFATE_METABOLISM,-0.4071792811520263,-1.3538491978488252,0.08093365469998731,0.32108489654224065,1.0,16/37,24.41%,ENSG00000173546;ENSG00000033100;ENSG00000198108;ENSG00000171310;ENSG00000010404;ENSG00000114378;ENSG00000113273;ENSG00000171451;ENSG00000170266;ENSG00000123989;ENSG00000132692;ENSG00000131873;ENSG00000169919;ENSG00000169105;ENSG00000049860;ENSG00000186792
prerank,REACTOME_CREB1_PHOSPHORYLATION_THROUGH_THE_ACTIVATION_OF_ADENYLATE_CYCLASE,0.40015018893388327,1.1754044439653175,0.24761904761904763,0.32118105816376313,1.0,2/12,2.70%,ENSG00000108946;ENSG00000072062
prerank,REACTOME_METHYLATION,0.38422799883593517,1.1757092937871672,0.23947750362844702,0.32137920083278704,1.0,2/14,3.03%,ENSG00000148834;ENSG00000101444
prerank,REACTOME_INTERFERON_GAMMA_SIGNALING,-0.34615766109749224,-1.3527178463852967,0.04880294659300184,0.32178067233787483,1.0,27/93,18.45%,ENSG00000204613;ENSG00000196126;ENSG00000132256;ENSG00000132274;ENSG00000121236;ENSG00000204592;ENSG00000198019;ENSG00000223865;ENSG00000175354;ENSG00000204642;ENSG00000159128;ENSG00000102882;ENSG00000110171;ENSG00000167333;ENSG00000116030;ENSG00000166710;ENSG00000163932;ENSG00000179344;ENSG00000169403;ENSG00000179295;ENSG00000117228;ENSG00000216490;ENSG00000067066;ENSG00000154451;ENSG00000132109;ENSG00000162654;ENSG00000100030
prerank,REACTOME_ANTIMICROBIAL_PEPTIDES,0.26443399054676303,1.174034799311184,0.16430903155603918,0.3218204179215309,1.0,19/59,14.07%,ENSG00000115523;ENSG00000124102;ENSG00000188257;ENSG00000198183;ENSG00000205882;ENSG00000180483;ENSG00000131050;ENSG00000196415;ENSG00000148346;ENSG00000018280;ENSG00000100604;ENSG00000161634;ENSG00000100448;ENSG00000164816;ENSG00000137462;ENSG00000120885;ENSG00000101448;ENSG00000186191;ENSG00000125999
prerank,REACTOME_ORGANIC_ANION_TRANSPORT_BY_SLCO_TRANSPORTERS,-0.5485776953124778,-1.3507862980584275,0.10477397549640896,0.32231947930346866,1.0,7/11,29.34%,ENSG00000137491;ENSG00000101187;ENSG00000084453;ENSG00000147100;ENSG00000139155;ENSG00000134538;ENSG00000111700
prerank,REACTOME_HS_GAG_DEGRADATION,0.34769889416277716,1.172871704037161,0.22984356197352587,0.3229307310103213,1.0,4/20,6.86%,ENSG00000124145;ENSG00000063660;ENSG00000179399;ENSG00000076716
prerank,REACTOME_SIGNALLING_TO_RAS,0.3477620452357621,1.172431116604232,0.2412974683544304,0.3229373889680129,1.0,3/20,3.03%,ENSG00000177885;ENSG00000174775;ENSG00000114738
prerank,REACTOME_KIDNEY_DEVELOPMENT,0.2811646799954955,1.1711947060305505,0.18969667790081848,0.3240976891674584,1.0,13/43,12.07%,ENSG00000172939;ENSG00000165731;ENSG00000166923;ENSG00000185008;ENSG00000075891;ENSG00000162552;ENSG00000170561;ENSG00000168621;ENSG00000054598;ENSG00000182742;ENSG00000145147;ENSG00000085276;ENSG00000151892
prerank,REACTOME_DOWNSTREAM_SIGNALING_OF_ACTIVATED_FGFR2,0.3209386156372545,1.1686632465419422,0.23551479783243018,0.3259242874843399,1.0,7/26,8.83%,ENSG00000177885;ENSG00000174775;ENSG00000158815;ENSG00000066468;ENSG00000075388;ENSG00000138675;ENSG00000101464
prerank,REACTOME_INTERLEUKIN_17_SIGNALING,0.2573538951929737,1.1688871756292558,0.16515973477998794,0.32623027138469657,1.0,7/67,3.30%,ENSG00000068305;ENSG00000108861;ENSG00000150991;ENSG00000169032;ENSG00000105568;ENSG00000114738;ENSG00000184216
prerank,REACTOME_AMINE_LIGAND_BINDING_RECEPTORS,0.30293644761703514,1.1690028161777597,0.227921498661909,0.32670020008888623,1.0,13/32,16.04%,ENSG00000109606;ENSG00000133019;ENSG00000101850;ENSG00000184984;ENSG00000184845;ENSG00000043591;ENSG00000169252;ENSG00000149295;ENSG00000171873;ENSG00000157219;ENSG00000101180;ENSG00000168539;ENSG00000150594
prerank,REACTOME_SIGNALING_BY_PTK6,0.27210639552210836,1.1669166796907442,0.18736383442265794,0.32784015937257055,1.0,8/53,5.71%,ENSG00000100644;ENSG00000138798;ENSG00000141456;ENSG00000150991;ENSG00000067560;ENSG00000174775;ENSG00000185737;ENSG00000169752
prerank,REACTOME_GLYCOSAMINOGLYCAN_PROTEIN_LINKAGE_REGION_BIOSYNTHESIS,0.31377239180289984,1.1662737156313108,0.22613737734165923,0.32814040541442496,1.0,10/29,13.78%,ENSG00000124145;ENSG00000063660;ENSG00000115652;ENSG00000179399;ENSG00000076716;ENSG00000109956;ENSG00000182492;ENSG00000130287;ENSG00000169439;ENSG00000183098
prerank,REACTOME_METABOLISM_OF_NITRIC_OXIDE_NOS3_ACTIVATION_AND_REGULATION,0.3560622974652516,1.165820726846151,0.24661144578313254,0.3281483784418272,1.0,3/17,3.34%,ENSG00000079805;ENSG00000080824;ENSG00000103018
prerank,REACTOME_NS1_MEDIATED_EFFECTS_ON_HOST_PATHWAYS,0.2873091184099885,1.1641901141508637,0.220616570327553,0.32864488696430977,1.0,5/41,5.50%,ENSG00000094914;ENSG00000213024;ENSG00000108424;ENSG00000102900;ENSG00000182481
prerank,REACTOME_BRANCHED_CHAIN_AMINO_ACID_CATABOLISM,0.3372778294094006,1.164525537510518,0.24864446165762974,0.3287940605354515,1.0,3/21,3.61%,ENSG00000248098;ENSG00000103507;ENSG00000127884
prerank,REACTOME_ACTIVATION_OF_AMPK_DOWNSTREAM_OF_NMDARS,0.3152099952909506,1.16456046565307,0.23885918003565063,0.32938688198905314,1.0,5/28,6.68%,ENSG00000258947;ENSG00000127824;ENSG00000167553;ENSG00000123416;ENSG00000188229
prerank,REACTOME_DNA_DAMAGE_RECOGNITION_IN_GG_NER,0.28936570999854505,1.1629536230919628,0.21678657074340527,0.3298852899708912,1.0,7/38,3.94%,ENSG00000150991;ENSG00000075624;ENSG00000167986;ENSG00000179262;ENSG00000111652;ENSG00000168090;ENSG00000169727
prerank,REACTOME_FRS_MEDIATED_FGFR4_SIGNALING,0.3569883916907043,1.1617600332335074,0.24666412504765536,0.33102637239212435,1.0,4/17,6.68%,ENSG00000177885;ENSG00000174775;ENSG00000158815;ENSG00000075388
prerank,REACTOME_DEVELOPMENTAL_LINEAGE_OF_MAMMARY_GLAND_LUMINAL_EPITHELIAL_CELLS,0.3329788215956505,1.1597292827895176,0.24385328496573963,0.33342198474876134,1.0,2/22,0.26%,ENSG00000026508;ENSG00000138798
prerank,REACTOME_FORMATION_OF_THE_URETERIC_BUD,0.3381577642594598,1.1589122439088522,0.2434029145332808,0.3340135082727235,1.0,13/21,19.35%,ENSG00000165731;ENSG00000166923;ENSG00000185008;ENSG00000075891;ENSG00000168621;ENSG00000054598;ENSG00000145147;ENSG00000151892;ENSG00000126778;ENSG00000125378;ENSG00000168743;ENSG00000103449;ENSG00000085741
prerank,REACTOME_SENSORY_PERCEPTION_OF_TASTE,0.31216009058683325,1.1559167249709532,0.24103419516263552,0.3365820336986242,1.0,6/27,7.35%,ENSG00000078369;ENSG00000149575;ENSG00000124493;ENSG00000105711;ENSG00000152822;ENSG00000153253
prerank,REACTOME_ARACHIDONATE_METABOLISM,0.2648975883931378,1.1562447132741192,0.20022246941045607,0.33672639102174634,1.0,5/57,2.72%,ENSG00000111144;ENSG00000103222;ENSG00000159228;ENSG00000106853;ENSG00000167468
prerank,REACTOME_PLASMA_LIPOPROTEIN_ASSEMBLY_REMODELING_AND_CLEARANCE,0.2529454716730495,1.1566054961255827,0.17606516290726817,0.33683345146265653,1.0,8/73,3.06%,ENSG00000150991;ENSG00000144959;ENSG00000185624;ENSG00000115677;ENSG00000141367;ENSG00000161203;ENSG00000072062;ENSG00000042753
prerank,REACTOME_REGULATION_OF_HSF1_MEDIATED_HEAT_SHOCK_RESPONSE,0.24856184929170716,1.1552047995149022,0.17580213903743316,0.3369713627523082,1.0,8/80,2.93%,ENSG00000094914;ENSG00000158941;ENSG00000213024;ENSG00000170606;ENSG00000109971;ENSG00000108953;ENSG00000004478;ENSG00000102900
prerank,REACTOME_NUCLEOTIDE_BIOSYNTHESIS,0.3786746410169444,1.1545284692005953,0.2653436236677692,0.3373182971726121,1.0,2/14,2.55%,ENSG00000068120;ENSG00000128050
prerank,REACTOME_FRS_MEDIATED_FGFR1_SIGNALING,0.3404888785718311,1.1532798680663452,0.25068439577630036,0.33790869569561854,1.0,7/20,11.44%,ENSG00000177885;ENSG00000174775;ENSG00000158815;ENSG00000075388;ENSG00000138675;ENSG00000077782;ENSG00000078579
prerank,REACTOME_GRB2_SOS_PROVIDES_LINKAGE_TO_MAPK_SIGNALING_FOR_INTEGRINS,0.3698952954229121,1.1536819209087155,0.2578321930140439,0.33795530224234627,1.0,2/15,1.22%,ENSG00000177885;ENSG00000137076
prerank,REACTOME_SPRY_REGULATION_OF_FGF_SIGNALING,0.36447968111642276,1.1527790682347152,0.2597498160412068,0.33804476180282,1.0,3/16,2.38%,ENSG00000177885;ENSG00000150991;ENSG00000105568
prerank,REACTOME_SYNTHESIS_OF_BILE_ACIDS_AND_BILE_SALTS_VIA_7ALPHA_HYDROXYCHOLESTEROL,-0.4491760609149871,-1.3426677995998013,0.10467735524049292,0.33926998818281867,1.0,11/23,33.69%,ENSG00000168306;ENSG00000101473;ENSG00000099377;ENSG00000186350;ENSG00000196139;ENSG00000136881;ENSG00000172817;ENSG00000012504;ENSG00000175215;ENSG00000133835;ENSG00000083807
prerank,REACTOME_NGF_STIMULATED_TRANSCRIPTION,0.2860244835377661,1.1486850429604538,0.22826086956521738,0.34358095839849845,1.0,3/39,1.04%,ENSG00000140939;ENSG00000079805;ENSG00000111642
prerank,REACTOME_KSRP_KHSRP_BINDS_AND_DESTABILIZES_MRNA,-0.48497777139027287,-1.3399994408156795,0.10804820612273168,0.34359103257368634,1.0,13/17,41.11%,ENSG00000120699;ENSG00000075914;ENSG00000140694;ENSG00000171311;ENSG00000077348;ENSG00000185386;ENSG00000107371;ENSG00000112062;ENSG00000088247;ENSG00000083520;ENSG00000172795;ENSG00000130713;ENSG00000123737
prerank,REACTOME_AMINO_ACIDS_REGULATE_MTORC1,0.2657200801782787,1.1475126978980763,0.2203913491246138,0.34475643235785586,1.0,7/53,4.73%,ENSG00000147416;ENSG00000159720;ENSG00000114573;ENSG00000131100;ENSG00000185883;ENSG00000147614;ENSG00000116039
prerank,REACTOME_NPAS4_REGULATES_EXPRESSION_OF_TARGET_GENES,0.32765667091248557,1.1443029344916615,0.2562423250102333,0.34901915098053043,1.0,4/22,5.03%,ENSG00000082898;ENSG00000165731;ENSG00000254647;ENSG00000120645
prerank,REACTOME_EPHA_MEDIATED_GROWTH_CONE_COLLAPSE,0.30690993294248897,1.1431158388786813,0.2458943630714603,0.3495120607784605,1.0,5/29,6.16%,ENSG00000100345;ENSG00000067560;ENSG00000092841;ENSG00000070886;ENSG00000146904
prerank,REACTOME_DOWNSTREAM_SIGNALING_OF_ACTIVATED_FGFR3,0.3292263309664077,1.1434045009279081,0.26317891373801916,0.34972517419612403,1.0,6/22,8.83%,ENSG00000177885;ENSG00000174775;ENSG00000158815;ENSG00000075388;ENSG00000138675;ENSG00000101464
prerank,REACTOME_TRNA_PROCESSING_IN_THE_NUCLEUS,0.26173423216276026,1.1419129968214556,0.21915584415584416,0.35071553972118774,1.0,6/57,2.93%,ENSG00000079785;ENSG00000094914;ENSG00000213024;ENSG00000006744;ENSG00000132341;ENSG00000102900
prerank,REACTOME_ADVANCED_GLYCOSYLATION_ENDPRODUCT_RECEPTOR_SIGNALING,0.38525446601066177,1.1403940401779504,0.275222816399287,0.3524547063366695,1.0,3/13,2.20%,ENSG00000198898;ENSG00000244038;ENSG00000142192
prerank,REACTOME_RHOBTB1_GTPASE_CYCLE,0.325066063477923,1.139317130387923,0.2660178426601784,0.3534865124351175,1.0,4/23,3.94%,ENSG00000026025;ENSG00000092199;ENSG00000135624;ENSG00000169727
prerank,REACTOME_PI_3K_CASCADE_FGFR2,0.3394517610147128,1.1380194261773129,0.26682224815246985,0.35417602601488607,1.0,7/19,11.44%,ENSG00000177885;ENSG00000158815;ENSG00000066468;ENSG00000075388;ENSG00000138675;ENSG00000101464;ENSG00000078579
prerank,REACTOME_SARS_COV_2_HOST_INTERACTIONS,0.21502737927243734,1.1373981725465454,0.11787564766839378,0.35448480997080867,1.0,16/182,3.30%,ENSG00000184056;ENSG00000094914;ENSG00000213024;ENSG00000134308;ENSG00000104142;ENSG00000128245;ENSG00000150991;ENSG00000080824;ENSG00000170027;ENSG00000145907;ENSG00000096384;ENSG00000108953;ENSG00000166913;ENSG00000178952;ENSG00000102900;ENSG00000184216
prerank,REACTOME_HYALURONAN_DEGRADATION,0.35513393039400754,1.138109273829886,0.2809278350515464,0.35469336845360677,1.0,3/16,2.09%,ENSG00000026508;ENSG00000103888;ENSG00000213614
prerank,REACTOME_EGR2_AND_SOX10_MEDIATED_INITIATION_OF_SCHWANN_CELL_MYELINATION,-0.4226462765654921,-1.3333216989954884,0.10542635658914729,0.35565995786828253,1.0,13/29,22.27%,ENSG00000102385;ENSG00000018408;ENSG00000105227;ENSG00000173402;ENSG00000138386;ENSG00000113161;ENSG00000158887;ENSG00000186652;ENSG00000122877;ENSG00000185668;ENSG00000187079;ENSG00000112414;ENSG00000091136
prerank,REACTOME_HDR_THROUGH_MMEJ_ALT_NHEJ,-0.5258976129750755,-1.3337475848268598,0.11165183537263626,0.3567094460674424,1.0,7/12,26.92%,ENSG00000139618;ENSG00000051341;ENSG00000129484;ENSG00000143799;ENSG00000113522;ENSG00000101773;ENSG00000005156
prerank,REACTOME_G_BETA_GAMMA_SIGNALLING_THROUGH_PI3KGAMMA,0.3208110854177253,1.1346533851773226,0.2591549295774648,0.3581158175873917,1.0,4/23,5.55%,ENSG00000078369;ENSG00000067560;ENSG00000168243;ENSG00000162188
prerank,REACTOME_ACTIVATED_NTRK2_SIGNALS_THROUGH_FRS2_AND_FRS3,0.40439343587577414,1.134075289112819,0.2777777777777778,0.35833351141181913,1.0,3/11,7.43%,ENSG00000177885;ENSG00000174775;ENSG00000148053
prerank,REACTOME_STING_MEDIATED_INDUCTION_OF_HOST_IMMUNE_RESPONSES,0.3555237715838529,1.132409605181391,0.27546737886302936,0.359607031935799,1.0,3/16,2.87%,ENSG00000183258;ENSG00000196419;ENSG00000079246
prerank,REACTOME_REGULATION_OF_TP53_ACTIVITY_THROUGH_METHYLATION,0.3418242220261394,1.1328115946326278,0.2822706065318818,0.3596324123846339,1.0,2/19,1.47%,ENSG00000204371;ENSG00000150991
prerank,REACTOME_MITOCHONDRIAL_IRON_SULFUR_CLUSTER_BIOGENESIS,-0.5151654275693027,-1.3305533326418255,0.11794298490776971,0.3603563558261888,1.0,6/13,27.58%,ENSG00000267673;ENSG00000165060;ENSG00000135070;ENSG00000244005;ENSG00000182512;ENSG00000161513
prerank,REACTOME_GABA_RECEPTOR_ACTIVATION,0.2613236185551601,1.1309533193538572,0.22875816993464052,0.36125791658845074,1.0,10/55,9.10%,ENSG00000156642;ENSG00000078369;ENSG00000114353;ENSG00000168243;ENSG00000162728;ENSG00000157542;ENSG00000162188;ENSG00000145864;ENSG00000168135;ENSG00000141404
prerank,REACTOME_SIGNAL_TRANSDUCTION_BY_L1,0.33274884442929487,1.1287349809208735,0.2852664576802508,0.3634193508167643,1.0,3/20,1.84%,ENSG00000169032;ENSG00000198910;ENSG00000204435
prerank,REACTOME_METABOLISM_OF_VITAMINS_AND_COFACTORS,0.2114911514386014,1.1289812763913403,0.14825174825174825,0.36370074482360054,1.0,23/192,7.17%,ENSG00000147650;ENSG00000157193;ENSG00000084090;ENSG00000137817;ENSG00000068120;ENSG00000117394;ENSG00000059804;ENSG00000103222;ENSG00000100243;ENSG00000124145;ENSG00000063660;ENSG00000080824;ENSG00000167397;ENSG00000148834;ENSG00000137392;ENSG00000157064;ENSG00000179399;ENSG00000077009;ENSG00000163803;ENSG00000138669;ENSG00000076716;ENSG00000112299;ENSG00000163738
prerank,REACTOME_PI_3K_CASCADE_FGFR3,0.3594013375159434,1.1276324529786386,0.2736919136480059,0.36450616377270634,1.0,6/15,11.44%,ENSG00000177885;ENSG00000158815;ENSG00000075388;ENSG00000138675;ENSG00000101464;ENSG00000078579
prerank,REACTOME_REGULATION_OF_TLR_BY_ENDOGENOUS_LIGAND,-0.44694363275775745,-1.3234236640634502,0.11960575386254661,0.3653990710203567,1.0,9/22,23.88%,ENSG00000171560;ENSG00000189403;ENSG00000105928;ENSG00000196664;ENSG00000129988;ENSG00000174130;ENSG00000171564;ENSG00000135218;ENSG00000170458
prerank,REACTOME_DISEASES_OF_PROGRAMMED_CELL_DEATH,0.252799145596523,1.1263961038424877,0.21866372170071782,0.3658598917153184,1.0,9/61,4.10%,ENSG00000160789;ENSG00000162909;ENSG00000014216;ENSG00000108953;ENSG00000142192;ENSG00000126247;ENSG00000167815;ENSG00000108561;ENSG00000117450
prerank,REACTOME_ROLE_OF_PHOSPHOLIPIDS_IN_PHAGOCYTOSIS,-0.34813653923429194,-1.3239713630708707,0.07303304715982595,0.36612262362232356,1.0,23/78,20.18%,ENSG00000242534;ENSG00000211677;ENSG00000241351;ENSG00000244116;ENSG00000211653;ENSG00000243238;ENSG00000240382;ENSG00000129219;ENSG00000239571;ENSG00000251546;ENSG00000198821;ENSG00000130175;ENSG00000163932;ENSG00000240864;ENSG00000203747;ENSG00000096433;ENSG00000105223;ENSG00000147535;ENSG00000251039;ENSG00000184381;ENSG00000242371;ENSG00000239951;ENSG00000160654
prerank,REACTOME_TRIGLYCERIDE_BIOSYNTHESIS,-0.5152008934889272,-1.3270664112821506,0.11478814732761008,0.3668526221673509,1.0,4/13,10.05%,ENSG00000062282;ENSG00000119927;ENSG00000134324;ENSG00000198814
prerank,REACTOME_SYNTHESIS_OF_PIPS_AT_THE_GOLGI_MEMBRANE,0.34576222457187034,1.1248182693186268,0.29227323628219487,0.3670240270794043,1.0,2/17,2.16%,ENSG00000134287;ENSG00000143761
prerank,REACTOME_PURINE_RIBONUCLEOSIDE_MONOPHOSPHATE_BIOSYNTHESIS,0.3975730338169713,1.1249474550817358,0.28718861209964414,0.3674872409436402,1.0,2/11,2.55%,ENSG00000068120;ENSG00000128050
prerank,REACTOME_REGULATION_OF_PD_L1_CD274_TRANSCRIPTION,-0.3639830636673894,-1.3240559794951727,0.0819373634377276,0.3679966298220266,1.0,43/59,51.74%,ENSG00000018408;ENSG00000146047;ENSG00000162772;ENSG00000105968;ENSG00000178691;ENSG00000188486;ENSG00000246705;ENSG00000129691;ENSG00000116016;ENSG00000196890;ENSG00000197903;ENSG00000106462;ENSG00000180573;ENSG00000187079;ENSG00000180596;ENSG00000168036;ENSG00000007866;ENSG00000125347;ENSG00000124635;ENSG00000197409;ENSG00000152284;ENSG00000134323;ENSG00000184678;ENSG00000074266;ENSG00000162521;ENSG00000158406;ENSG00000074219;ENSG00000184260;ENSG00000115415;ENSG00000148737;ENSG00000158373;ENSG00000132475;ENSG00000197837;ENSG00000102054;ENSG00000120217;ENSG00000173039;ENSG00000197905;ENSG00000196363;ENSG00000130522;ENSG00000117222;ENSG00000118058;ENSG00000168610;ENSG00000163041
prerank,REACTOME_DEFECTIVE_B4GALT7_CAUSES_EDS_PROGEROID_TYPE,0.33224302120527544,1.1237384577652072,0.29775280898876405,0.36808990971727357,1.0,8/20,13.78%,ENSG00000124145;ENSG00000063660;ENSG00000179399;ENSG00000076716;ENSG00000182492;ENSG00000130287;ENSG00000169439;ENSG00000183098
prerank,REACTOME_REGULATION_OF_TP53_ACTIVITY_THROUGH_PHOSPHORYLATION,-0.342291291064402,-1.3255849341001569,0.06443719412724307,0.36845449734937125,1.0,45/88,31.31%,ENSG00000111445;ENSG00000174371;ENSG00000106399;ENSG00000178999;ENSG00000145386;ENSG00000123374;ENSG00000197299;ENSG00000171792;ENSG00000175643;ENSG00000149554;ENSG00000088325;ENSG00000163918;ENSG00000138346;ENSG00000166337;ENSG00000049541;ENSG00000133119;ENSG00000118046;ENSG00000012048;ENSG00000143947;ENSG00000087586;ENSG00000164053;ENSG00000117748;ENSG00000221983;ENSG00000185386;ENSG00000113522;ENSG00000106617;ENSG00000101773;ENSG00000064995;ENSG00000127334;ENSG00000163781;ENSG00000178913;ENSG00000112062;ENSG00000152942;ENSG00000178966;ENSG00000148835;ENSG00000151164;ENSG00000183765;ENSG00000181929;ENSG00000074590;ENSG00000127445;ENSG00000137413;ENSG00000120656;ENSG00000197780;ENSG00000115592;ENSG00000164885
prerank,REACTOME_M_PHASE,-0.2954188156136217,-1.3209670751875975,0.013578849912560436,0.36935797285594923,1.0,146/355,21.60%,ENSG00000143228;ENSG00000166851;ENSG00000152253;ENSG00000175063;ENSG00000000460;ENSG00000121152;ENSG00000163535;ENSG00000102384;ENSG00000157456;ENSG00000112984;ENSG00000089685;ENSG00000146670;ENSG00000137807;ENSG00000115163;ENSG00000178999;ENSG00000170312;ENSG00000156970;ENSG00000154839;ENSG00000137812;ENSG00000134057;ENSG00000152240;ENSG00000146047;ENSG00000094880;ENSG00000159377;ENSG00000151849;ENSG00000101162;ENSG00000080986;ENSG00000142945;ENSG00000129810;ENSG00000103995;ENSG00000175216;ENSG00000117399;ENSG00000186871;ENSG00000134324;ENSG00000138778;ENSG00000136861;ENSG00000120334;ENSG00000109805;ENSG00000164754;ENSG00000169679;ENSG00000113810;ENSG00000164109;ENSG00000058804;ENSG00000161888;ENSG00000135476;ENSG00000113368;ENSG00000119335;ENSG00000136811;ENSG00000117650;ENSG00000154473;ENSG00000120802;ENSG00000117724;ENSG00000153044;ENSG00000149636;ENSG00000121621;ENSG00000105968;ENSG00000119638;ENSG00000141552;ENSG00000151503;ENSG00000104695;ENSG00000092036;ENSG00000152082;ENSG00000142731;ENSG00000177954;ENSG00000119408;ENSG00000101639;ENSG00000166295;ENSG00000137267;ENSG00000167842;ENSG00000184445;ENSG00000040275;ENSG00000101624;ENSG00000183955;ENSG00000204899;ENSG00000072501;ENSG00000102882;ENSG00000157020;ENSG00000176101;ENSG00000112029;ENSG00000188486;ENSG00000147457;ENSG00000004897;ENSG00000116030;ENSG00000138092;ENSG00000114745;ENSG00000151725;ENSG00000134690;ENSG00000148019;ENSG00000143947;ENSG00000137822;ENSG00000246705;ENSG00000166451;ENSG00000178462;ENSG00000137100;ENSG00000174442;ENSG00000138768;ENSG00000139496;ENSG00000072864;ENSG00000254505;ENSG00000196890;ENSG00000075188;ENSG00000182628;ENSG00000160783;ENSG00000120539;ENSG00000197903;ENSG00000183785;ENSG00000142856;ENSG00000090273;ENSG00000221983;ENSG00000167110;ENSG00000160551;ENSG00000089053;ENSG00000108106;ENSG00000131351;ENSG00000025770;ENSG00000186298;ENSG00000068903;ENSG00000075886;ENSG00000176014;ENSG00000174799;ENSG00000213397;ENSG00000112640;ENSG00000121892;ENSG00000164162;ENSG00000100749;ENSG00000146918;ENSG00000068796;ENSG00000100030;ENSG00000180573;ENSG00000161057;ENSG00000138069;ENSG00000173272;ENSG00000110274;ENSG00000123219;ENSG00000100567;ENSG00000180596;ENSG00000108055;ENSG00000021574;ENSG00000155561;ENSG00000106588;ENSG00000154222;ENSG00000053900;ENSG00000088986;ENSG00000147874;ENSG00000153107;ENSG00000149503
prerank,REACTOME_GAMMA_CARBOXYLATION_HYPUSINYLATION_HYDROXYLATION_AND_ARYLSULFATASE_ACTIVATION,-0.36511082322537336,-1.3243407804845262,0.08433734939759036,0.3694267894167809,1.0,22/59,18.41%,ENSG00000140564;ENSG00000101846;ENSG00000128294;ENSG00000132507;ENSG00000166965;ENSG00000183087;ENSG00000185721;ENSG00000169902;ENSG00000006756;ENSG00000129932;ENSG00000242252;ENSG00000116237;ENSG00000113273;ENSG00000115486;ENSG00000095059;ENSG00000180801;ENSG00000126231;ENSG00000111832;ENSG00000063244;ENSG00000243789;ENSG00000163577;ENSG00000148399
prerank,REACTOME_NOTCH4_INTRACELLULAR_DOMAIN_REGULATES_TRANSCRIPTION,0.3326248147972576,1.1222695890000924,0.286350749291211,0.36972095721942094,1.0,2/20,0.54%,ENSG00000168214;ENSG00000166949
prerank,REACTOME_DISEASES_ASSOCIATED_WITH_GLYCOSYLATION_PRECURSOR_BIOSYNTHESIS,0.3538203959036955,1.1213739439733754,0.2934065934065934,0.37048339523170803,1.0,3/16,2.95%,ENSG00000178802;ENSG00000079739;ENSG00000117308
prerank,REACTOME_GLUTAMATE_AND_GLUTAMINE_METABOLISM,0.3766305765065645,1.1206869564229744,0.2987012987012987,0.37091879767910113,1.0,2/13,1.75%,ENSG00000125166;ENSG00000177181
prerank,REACTOME_KILLING_MECHANISMS,-0.5196059318101438,-1.3190262105789778,0.12784757697086843,0.37222819885066566,1.0,4/12,15.04%,ENSG00000007952;ENSG00000114251;ENSG00000051523;ENSG00000004975
prerank,REACTOME_CONSTITUTIVE_SIGNALING_BY_AKT1_E17K_IN_CANCER,-0.42856536018384284,-1.3167688380316602,0.12152959664745941,0.37376278633389515,1.0,12/26,31.01%,ENSG00000167965;ENSG00000119487;ENSG00000175634;ENSG00000123358;ENSG00000118260;ENSG00000103197;ENSG00000186654;ENSG00000213341;ENSG00000111276;ENSG00000204673;ENSG00000184481;ENSG00000105221
prerank,REACTOME_INHIBITION_OF_DNA_RECOMBINATION_AT_TELOMERE,-0.3967151299309358,-1.317335819504813,0.10628818737270876,0.3744174682333362,1.0,29/37,42.81%,ENSG00000146047;ENSG00000100142;ENSG00000005075;ENSG00000168002;ENSG00000147669;ENSG00000105968;ENSG00000105258;ENSG00000188486;ENSG00000246705;ENSG00000196890;ENSG00000197903;ENSG00000085224;ENSG00000180573;ENSG00000180596;ENSG00000147601;ENSG00000102978;ENSG00000124635;ENSG00000047315;ENSG00000184678;ENSG00000163882;ENSG00000168148;ENSG00000158406;ENSG00000092330;ENSG00000184260;ENSG00000166848;ENSG00000158373;ENSG00000102977;ENSG00000132475;ENSG00000197837
prerank,REACTOME_REGULATION_OF_SIGNALING_BY_CBL,0.31812496903109333,1.1166230947890217,0.29705994654448264,0.37689443212448176,1.0,2/22,1.47%,ENSG00000177885;ENSG00000150991
prerank,REACTOME_FORMATION_OF_THE_POLYBROMO_BAF_PBAF_COMPLEX,0.33816008763945654,1.1156157777748066,0.30670802636680883,0.37721631834805824,1.0,3/18,2.75%,ENSG00000075624;ENSG00000127616;ENSG00000099956
prerank,REACTOME_SUMOYLATION_OF_UBIQUITINYLATION_PROTEINS,0.2798097217781237,1.1157472762820486,0.2654292343387471,0.37766704023623254,1.0,4/38,2.93%,ENSG00000140464;ENSG00000094914;ENSG00000213024;ENSG00000102900
prerank,REACTOME_G_ALPHA_Z_SIGNALLING_EVENTS,0.2682084966662879,1.1141095588846892,0.2696078431372549,0.3789973039373482,1.0,6/44,5.55%,ENSG00000078369;ENSG00000087460;ENSG00000114353;ENSG00000168243;ENSG00000126583;ENSG00000162188
prerank,REACTOME_TRANSCRIPTIONAL_REGULATION_BY_VENTX,-0.38999915620198733,-1.3098885831290135,0.10875903156293573,0.38701171355753144,1.0,17/39,25.75%,ENSG00000175063;ENSG00000094880;ENSG00000155363;ENSG00000141552;ENSG00000166295;ENSG00000004897;ENSG00000089053;ENSG00000108106;ENSG00000164162;ENSG00000151650;ENSG00000134698;ENSG00000053900;ENSG00000153107;ENSG00000168036;ENSG00000105325;ENSG00000072401;ENSG00000136244
prerank,REACTOME_FORMATION_OF_AXIAL_MESODERM,0.38894258327990633,1.1059724152461388,0.30604490500863557,0.38841294619073635,1.0,1/11,0.54%,ENSG00000166949
prerank,REACTOME_ACTIVATION_OF_THE_AP_1_FAMILY_OF_TRANSCRIPTION_FACTORS,-0.5467378249723944,-1.3101183326784385,0.1289455060155697,0.38854513445099,1.0,6/10,30.32%,ENSG00000102882;ENSG00000115966;ENSG00000185386;ENSG00000100030;ENSG00000112062;ENSG00000050748
prerank,REACTOME_SIGNALING_BY_ERBB4,0.2550190336453499,1.1079037645666934,0.26209896682979883,0.38862636612652063,1.0,8/56,6.17%,ENSG00000151694;ENSG00000138798;ENSG00000177885;ENSG00000150991;ENSG00000174775;ENSG00000185737;ENSG00000169752;ENSG00000186153
prerank,REACTOME_ESR_MEDIATED_SIGNALING,0.21024053164177986,1.1066272337911907,0.16625615763546797,0.3886991048558807,1.0,19/175,5.55%,ENSG00000082898;ENSG00000152332;ENSG00000078369;ENSG00000138798;ENSG00000116478;ENSG00000080824;ENSG00000117984;ENSG00000096384;ENSG00000004478;ENSG00000174775;ENSG00000099817;ENSG00000126457;ENSG00000011485;ENSG00000177700;ENSG00000181222;ENSG00000114353;ENSG00000168243;ENSG00000182481;ENSG00000162188
prerank,REACTOME_SIGNALING_BY_FGFR2_IN_DISEASE,0.2770412980714489,1.1062078531126744,0.2809917355371901,0.3887190416163892,1.0,10/39,8.83%,ENSG00000177885;ENSG00000174775;ENSG00000099817;ENSG00000177700;ENSG00000181222;ENSG00000158815;ENSG00000066468;ENSG00000075388;ENSG00000138675;ENSG00000101464
prerank,REACTOME_PHASE_2_PLATEAU_PHASE,0.3538675470452718,1.1068560637435618,0.3107569721115538,0.3890201590654624,1.0,3/15,7.09%,ENSG00000159197;ENSG00000151067;ENSG00000007402
prerank,REACTOME_FGFR1_MUTANT_RECEPTOR_ACTIVATION,0.29755902095027265,1.1070562608008494,0.29325890940317734,0.3893691007471511,1.0,7/28,11.44%,ENSG00000177885;ENSG00000111605;ENSG00000158815;ENSG00000075388;ENSG00000138675;ENSG00000077782;ENSG00000078579
prerank,REACTOME_SYNTHESIS_SECRETION_AND_DEACYLATION_OF_GHRELIN,-0.46629935118654814,-1.3074743926170564,0.1263758662861802,0.39108959075111643,1.0,9/18,24.46%,ENSG00000114902;ENSG00000163794;ENSG00000166562;ENSG00000175426;ENSG00000087085;ENSG00000118363;ENSG00000136826;ENSG00000140612;ENSG00000129128
prerank,REACTOME_SEPARATION_OF_SISTER_CHROMATIDS,-0.3095284927434534,-1.3055790837421457,0.042484014305841554,0.3938636330162882,1.0,79/175,21.60%,ENSG00000143228;ENSG00000166851;ENSG00000152253;ENSG00000175063;ENSG00000163535;ENSG00000102384;ENSG00000089685;ENSG00000146670;ENSG00000115163;ENSG00000178999;ENSG00000156970;ENSG00000154839;ENSG00000137812;ENSG00000094880;ENSG00000159377;ENSG00000101162;ENSG00000080986;ENSG00000142945;ENSG00000129810;ENSG00000175216;ENSG00000117399;ENSG00000186871;ENSG00000138778;ENSG00000120334;ENSG00000164754;ENSG00000169679;ENSG00000164109;ENSG00000161888;ENSG00000135476;ENSG00000154473;ENSG00000117724;ENSG00000153044;ENSG00000149636;ENSG00000121621;ENSG00000141552;ENSG00000104695;ENSG00000177954;ENSG00000166295;ENSG00000137267;ENSG00000167842;ENSG00000184445;ENSG00000040275;ENSG00000072501;ENSG00000157020;ENSG00000004897;ENSG00000138092;ENSG00000151725;ENSG00000134690;ENSG00000143947;ENSG00000166451;ENSG00000178462;ENSG00000174442;ENSG00000072864;ENSG00000075188;ENSG00000182628;ENSG00000160783;ENSG00000183785;ENSG00000142856;ENSG00000090273;ENSG00000221983;ENSG00000160551;ENSG00000089053;ENSG00000108106;ENSG00000186298;ENSG00000075886;ENSG00000176014;ENSG00000112640;ENSG00000121892;ENSG00000164162;ENSG00000068796;ENSG00000161057;ENSG00000123219;ENSG00000100567;ENSG00000108055;ENSG00000106588;ENSG00000053900;ENSG00000088986;ENSG00000153107;ENSG00000149503
prerank,REACTOME_INTRINSIC_PATHWAY_FOR_APOPTOSIS,0.25317398606217645,1.100418280136318,0.26680455015511895,0.39706797126586346,1.0,7/55,5.10%,ENSG00000134308;ENSG00000128245;ENSG00000170027;ENSG00000108953;ENSG00000166913;ENSG00000108561;ENSG00000100453
prerank,REACTOME_DEVELOPMENTAL_LINEAGE_OF_MULTIPOTENT_PANCREATIC_PROGENITOR_CELLS,0.34774750707160956,1.099466362404186,0.32398054620276845,0.39798070072644415,1.0,4/16,7.57%,ENSG00000138798;ENSG00000163623;ENSG00000075388;ENSG00000141448
prerank,REACTOME_HYALURONAN_METABOLISM,0.3240272001130487,1.098967334045201,0.31680867544539115,0.3981119659719058,1.0,5/20,8.50%,ENSG00000026508;ENSG00000103888;ENSG00000213614;ENSG00000133800;ENSG00000241388
prerank,REACTOME_SYNTHESIS_OF_ACTIVE_UBIQUITIN_ROLES_OF_E1_AND_E2_ENZYMES,0.2933556209026083,1.098331176439912,0.300531914893617,0.39848560440670294,1.0,4/30,2.58%,ENSG00000159202;ENSG00000150991;ENSG00000130985;ENSG00000111667
prerank,REACTOME_DEFECTIVE_GALNT3_CAUSES_HFTC,0.34441455466054577,1.094756615671848,0.3260789376613796,0.402497631721839,1.0,7/16,16.21%,ENSG00000169894;ENSG00000215182;ENSG00000145113;ENSG00000204544;ENSG00000173702;ENSG00000169876;ENSG00000205277
prerank,REACTOME_NOTCH3_ACTIVATION_AND_TRANSMISSION_OF_SIGNAL_TO_THE_NUCLEUS,0.3040678918994653,1.0951006045634384,0.32527565733672603,0.4026126768743228,1.0,4/25,4.63%,ENSG00000138798;ENSG00000137845;ENSG00000150991;ENSG00000065978
prerank,REACTOME_ASPARTATE_AND_ASPARAGINE_METABOLISM,0.3998284254702907,1.095328544508138,0.3151872399445215,0.4029438001965321,1.0,1/10,0.92%,ENSG00000125166
prerank,REACTOME_DIFFERENTIATION_OF_KERATINOCYTES_IN_INTERFOLLICULAR_EPIDERMIS_IN_MAMMALIAN_SKIN,0.27246861472692563,1.0920571457054271,0.3053288526164186,0.4050030341210363,1.0,9/39,9.33%,ENSG00000138798;ENSG00000203782;ENSG00000189001;ENSG00000167754;ENSG00000072274;ENSG00000161249;ENSG00000169035;ENSG00000203786;ENSG00000170423
prerank,REACTOME_RNA_POLYMERASE_I_TRANSCRIPTION_INITIATION,0.26055550897365304,1.0927616374686677,0.28754484879548947,0.4051626791447389,1.0,5/47,2.88%,ENSG00000116478;ENSG00000111642;ENSG00000204371;ENSG00000099817;ENSG00000177700
prerank,REACTOME_GLUCURONIDATION,0.32441065476596015,1.0922611829733346,0.3253012048192771,0.4053569297622233,1.0,5/20,8.39%,ENSG00000115652;ENSG00000244122;ENSG00000241635;ENSG00000167165;ENSG00000244474
prerank,REACTOME_FOXO_MEDIATED_TRANSCRIPTION_OF_CELL_DEATH_GENES,-0.4776806723020276,-1.2987965534855894,0.13896157554055916,0.40957133886387054,1.0,9/16,33.91%,ENSG00000105327;ENSG00000158828;ENSG00000118046;ENSG00000066136;ENSG00000117560;ENSG00000164442;ENSG00000184481;ENSG00000175197;ENSG00000120837
prerank,REACTOME_RHOV_GTPASE_CYCLE,0.27667564139011913,1.0884208639216597,0.30477993374349266,0.4105404393526301,1.0,3/37,1.97%,ENSG00000140575;ENSG00000197694;ENSG00000141367
prerank,REACTOME_MODULATION_OF_HOST_RESPONSES_BY_IFN_STIMULATED_GENES,-0.4614510442887876,-1.2955156465394282,0.14151967435549526,0.4138414551114059,1.0,17/18,51.98%,ENSG00000165949;ENSG00000107201;ENSG00000182179;ENSG00000156587;ENSG00000137959;ENSG00000213341;ENSG00000044574;ENSG00000137965;ENSG00000126709;ENSG00000172071;ENSG00000138646;ENSG00000121060;ENSG00000187608;ENSG00000115267;ENSG00000104365;ENSG00000166233;ENSG00000096060
prerank,REACTOME_PKA_MEDIATED_PHOSPHORYLATION_OF_CREB,0.3238335055106736,1.0858500065713996,0.3372502937720329,0.414340392785857,1.0,2/19,2.70%,ENSG00000108946;ENSG00000072062
prerank,REACTOME_HIV_TRANSCRIPTION_INITIATION,-0.37553982701276833,-1.295910783409861,0.11380994115437586,0.4150182298204732,1.0,28/45,36.79%,ENSG00000145736;ENSG00000100142;ENSG00000005075;ENSG00000168002;ENSG00000020426;ENSG00000147669;ENSG00000140307;ENSG00000166337;ENSG00000105258;ENSG00000137947;ENSG00000111358;ENSG00000064995;ENSG00000102978;ENSG00000134058;ENSG00000178913;ENSG00000148835;ENSG00000110768;ENSG00000047315;ENSG00000134480;ENSG00000137413;ENSG00000120656;ENSG00000197780;ENSG00000272047;ENSG00000064313;ENSG00000188342;ENSG00000106290;ENSG00000163882;ENSG00000187325
prerank,REACTOME_P2Y_RECEPTORS,-0.5257610502002392,-1.2929961902296374,0.14239663629992994,0.4184602595617994,1.0,6/11,31.82%,ENSG00000078589;ENSG00000171631;ENSG00000139679;ENSG00000169313;ENSG00000181631;ENSG00000244165
prerank,REACTOME_VIRAL_MESSENGER_RNA_SYNTHESIS,0.2631734786972586,1.0829674137447522,0.31478770131771594,0.4187074958616136,1.0,6/43,3.12%,ENSG00000094914;ENSG00000213024;ENSG00000099817;ENSG00000177700;ENSG00000102900;ENSG00000181222
prerank,REACTOME_DEVELOPMENTAL_CELL_LINEAGES_OF_THE_INTEGUMENTARY_SYSTEM,0.2399434674195456,1.0806219398867776,0.31203931203931207,0.4213764753792176,1.0,12/69,9.33%,ENSG00000026025;ENSG00000026508;ENSG00000138798;ENSG00000203782;ENSG00000189001;ENSG00000167754;ENSG00000072274;ENSG00000157404;ENSG00000161249;ENSG00000169035;ENSG00000203786;ENSG00000170423
prerank,REACTOME_REGULATION_OF_INNATE_IMMUNE_RESPONSES_TO_CYTOSOLIC_DNA,0.3446430700472196,1.079987444099518,0.33816240945482273,0.42179249195137064,1.0,2/15,1.47%,ENSG00000183258;ENSG00000150991
prerank,REACTOME_GOLGI_ASSOCIATED_VESICLE_BIOGENESIS,0.24743096270484746,1.0807449240884988,0.31366120218579235,0.4219008714563656,1.0,6/56,2.66%,ENSG00000079805;ENSG00000109971;ENSG00000100280;ENSG00000141367;ENSG00000143761;ENSG00000106367
prerank,REACTOME_NUCLEAR_RECEPTOR_TRANSCRIPTION_PATHWAY,-0.3637506242686718,-1.2907303515812,0.1112618724559023,0.42238184337294077,1.0,20/51,31.64%,ENSG00000115216;ENSG00000126351;ENSG00000111424;ENSG00000172819;ENSG00000123358;ENSG00000141027;ENSG00000101076;ENSG00000184162;ENSG00000196482;ENSG00000186350;ENSG00000025434;ENSG00000143365;ENSG00000131910;ENSG00000131408;ENSG00000012504;ENSG00000160113;ENSG00000120798;ENSG00000136931;ENSG00000153234;ENSG00000112033
prerank,REACTOME_E3_UBIQUITIN_LIGASES_UBIQUITINATE_TARGET_PROTEINS,0.25341935375236496,1.0791493358148223,0.3139472267097469,0.4225517126269214,1.0,5/49,1.95%,ENSG00000166477;ENSG00000168894;ENSG00000150991;ENSG00000165280;ENSG00000006712
prerank,REACTOME_METALLOPROTEASE_DUBS,0.299925209472159,1.0762208725664022,0.32792485055508114,0.42472353126951606,1.0,3/25,1.47%,ENSG00000158019;ENSG00000115233;ENSG00000150991
prerank,REACTOME_CARBOXYTERMINAL_POST_TRANSLATIONAL_MODIFICATIONS_OF_TUBULIN,0.2596330541338377,1.0770348869629998,0.3201754385964912,0.4247898051919375,1.0,7/43,6.68%,ENSG00000258947;ENSG00000127824;ENSG00000167553;ENSG00000138892;ENSG00000186094;ENSG00000123416;ENSG00000188229
prerank,REACTOME_FORMATION_OF_THE_EMBRYONIC_STEM_CELL_BAF_ESBAF_COMPLEX,0.32420713932334033,1.0773689017721788,0.34200157604412923,0.42496729127373933,1.0,3/19,2.75%,ENSG00000075624;ENSG00000127616;ENSG00000099956
prerank,REACTOME_INWARDLY_RECTIFYING_K_CHANNELS,0.27764745637957083,1.0763241988586563,0.3368134362233318,0.42527005035338783,1.0,8/34,8.62%,ENSG00000078369;ENSG00000168243;ENSG00000162728;ENSG00000157542;ENSG00000162188;ENSG00000006071;ENSG00000069431;ENSG00000168135
prerank,REACTOME_SIGNALING_BY_FGFR2,0.23619147712480662,1.0741029328025329,0.3102409638554217,0.4263285636826277,1.0,11/69,6.68%,ENSG00000177885;ENSG00000150991;ENSG00000099783;ENSG00000105568;ENSG00000174775;ENSG00000099817;ENSG00000177700;ENSG00000181222;ENSG00000158815;ENSG00000066468;ENSG00000075388
prerank,REACTOME_STRIATED_MUSCLE_CONTRACTION,0.27191501357961745,1.0736142607690171,0.32534562211981566,0.426469748618422,1.0,11/35,13.07%,ENSG00000026025;ENSG00000138594;ENSG00000111245;ENSG00000159251;ENSG00000130595;ENSG00000159173;ENSG00000160808;ENSG00000136842;ENSG00000143549;ENSG00000077522;ENSG00000143632
prerank,REACTOME_RET_SIGNALING,0.2663455189445535,1.0743403339461137,0.3351724137931035,0.4266337528602722,1.0,4/39,3.91%,ENSG00000177885;ENSG00000196923;ENSG00000072062;ENSG00000165731
prerank,REACTOME_VISUAL_PHOTOTRANSDUCTION,0.22452812253654933,1.074482843357454,0.2930298719772404,0.42710636661241136,1.0,11/90,6.86%,ENSG00000147650;ENSG00000157193;ENSG00000078369;ENSG00000124145;ENSG00000063660;ENSG00000140522;ENSG00000137392;ENSG00000132518;ENSG00000179399;ENSG00000163803;ENSG00000076716
prerank,REACTOME_INFLUENZA_INFECTION,-0.30868521413815725,-1.287830858830627,0.05879757308328737,0.42800866524186476,1.0,94/152,35.98%,ENSG00000174444;ENSG00000149806;ENSG00000100142;ENSG00000131469;ENSG00000005075;ENSG00000105372;ENSG00000168002;ENSG00000147669;ENSG00000058804;ENSG00000115268;ENSG00000142676;ENSG00000198755;ENSG00000130255;ENSG00000136942;ENSG00000162244;ENSG00000142541;ENSG00000156482;ENSG00000105640;ENSG00000100316;ENSG00000177954;ENSG00000177600;ENSG00000109475;ENSG00000157020;ENSG00000105258;ENSG00000116251;ENSG00000172809;ENSG00000265681;ENSG00000065150;ENSG00000071082;ENSG00000143947;ENSG00000143799;ENSG00000140988;ENSG00000139496;ENSG00000075188;ENSG00000167526;ENSG00000221983;ENSG00000037241;ENSG00000117228;ENSG00000102580;ENSG00000063177;ENSG00000122406;ENSG00000149273;ENSG00000118181;ENSG00000140986;ENSG00000161970;ENSG00000147604;ENSG00000110700;ENSG00000108298;ENSG00000198034;ENSG00000142937;ENSG00000122026;ENSG00000155561;ENSG00000137818;ENSG00000213741;ENSG00000102978;ENSG00000153201;ENSG00000145592;ENSG00000204389;ENSG00000089157;ENSG00000112306;ENSG00000138750;ENSG00000069248;ENSG00000197728;ENSG00000174748;ENSG00000182899;ENSG00000168028;ENSG00000144713;ENSG00000197958;ENSG00000047410;ENSG00000145425;ENSG00000198918;ENSG00000161016;ENSG00000083845;ENSG00000166441;ENSG00000168404;ENSG00000047315;ENSG00000136243;ENSG00000125691;ENSG00000105193;ENSG00000171863;ENSG00000124614;ENSG00000142534;ENSG00000169100;ENSG00000108107;ENSG00000185088;ENSG00000089009;ENSG00000137876;ENSG00000134419;ENSG00000188342;ENSG00000137154;ENSG00000008988;ENSG00000124789;ENSG00000163882;ENSG00000030066
prerank,REACTOME_G_PROTEIN_MEDIATED_EVENTS,0.24904720482757686,1.0718919457359022,0.326271186440678,0.42874030328861706,1.0,6/52,5.50%,ENSG00000149782;ENSG00000108946;ENSG00000072062;ENSG00000114353;ENSG00000126583;ENSG00000182481
prerank,REACTOME_MECHANICAL_LOAD_ACTIVATES_SIGNALING_BY_PIEZO1_AND_INTEGRINS_IN_OSTEOCYTES,-0.4631718632144937,-1.2867509953494876,0.14726873455942904,0.4287463606779489,1.0,11/17,43.02%,ENSG00000167535;ENSG00000150093;ENSG00000161638;ENSG00000138448;ENSG00000165995;ENSG00000067191;ENSG00000153956;ENSG00000142798;ENSG00000110218;ENSG00000154832;ENSG00000089041
prerank,REACTOME_PLASMA_LIPOPROTEIN_REMODELING,-0.39599353600286924,-1.2855383890356498,0.1365389560298277,0.42984385270719166,1.0,9/33,17.39%,ENSG00000140564;ENSG00000188878;ENSG00000213398;ENSG00000130173;ENSG00000100979;ENSG00000175445;ENSG00000138823;ENSG00000118137;ENSG00000158874
prerank,REACTOME_SIGNALING_BY_NUCLEAR_RECEPTORS,0.1945346421803509,1.0687875719994744,0.2274436090225564,0.42992427994025917,1.0,18/245,3.12%,ENSG00000082898;ENSG00000152332;ENSG00000078369;ENSG00000138798;ENSG00000171720;ENSG00000067992;ENSG00000116478;ENSG00000131828;ENSG00000080824;ENSG00000117984;ENSG00000096384;ENSG00000004478;ENSG00000174775;ENSG00000099817;ENSG00000126457;ENSG00000011485;ENSG00000177700;ENSG00000181222
prerank,REACTOME_SIGNALING_BY_FGFR3,0.2699930861882231,1.0683374384309845,0.3407688656858092,0.4300073594648856,1.0,8/37,8.83%,ENSG00000177885;ENSG00000150991;ENSG00000105568;ENSG00000174775;ENSG00000158815;ENSG00000075388;ENSG00000138675;ENSG00000101464
prerank,REACTOME_SIGNALING_BY_CSF1_M_CSF_IN_MYELOID_CELLS,0.28381212815134926,1.0691371953728415,0.3521066208082545,0.4300223464285223,1.0,3/31,1.47%,ENSG00000165458;ENSG00000177885;ENSG00000150991
prerank,REACTOME_REGULATED_NECROSIS,0.2420397302622752,1.0691644286211601,0.3271783035199077,0.43070457027499964,1.0,6/59,2.83%,ENSG00000137312;ENSG00000150991;ENSG00000132589;ENSG00000080824;ENSG00000105401;ENSG00000130724
prerank,REACTOME_RAB_REGULATION_OF_TRAFFICKING,0.2138744412938488,1.0703603766809648,0.2830357142857143,0.43074575617110356,1.0,10/120,3.32%,ENSG00000174791;ENSG00000169221;ENSG00000110514;ENSG00000203879;ENSG00000084733;ENSG00000075785;ENSG00000108953;ENSG00000174903;ENSG00000143545;ENSG00000170043
prerank,REACTOME_NEGATIVE_REGULATION_OF_FGFR2_SIGNALING,0.28367970403541826,1.069814278758405,0.35066079295154184,0.43100965736295854,1.0,7/30,8.20%,ENSG00000177885;ENSG00000150991;ENSG00000105568;ENSG00000158815;ENSG00000066468;ENSG00000075388;ENSG00000138675
prerank,REACTOME_HIV_TRANSCRIPTION_ELONGATION,0.26101802180291406,1.0692886778720525,0.3245227606461087,0.4312238895010406,1.0,6/42,3.12%,ENSG00000149136;ENSG00000092201;ENSG00000196235;ENSG00000099817;ENSG00000177700;ENSG00000181222
prerank,REACTOME_PI_3K_CASCADE_FGFR1,0.3235223545011025,1.0667471015351537,0.35860500379075055,0.43148654634670164,1.0,7/18,11.44%,ENSG00000177885;ENSG00000158815;ENSG00000075388;ENSG00000138675;ENSG00000101464;ENSG00000077782;ENSG00000078579
prerank,REACTOME_PROCESSING_OF_INTRONLESS_PRE_MRNAS,0.3145055818300173,1.0668441343506883,0.3546300040436717,0.4320532427259799,1.0,2/20,1.42%,ENSG00000111605;ENSG00000125755
prerank,REACTOME_EPIGENETIC_REGULATION_OF_GENE_EXPRESSION_BY_MLL3_AND_MLL4_COMPLEXES,-0.33037540876177124,-1.28295515676758,0.08808773772021934,0.43458267235174136,1.0,46/91,39.62%,ENSG00000062282;ENSG00000146047;ENSG00000119927;ENSG00000147872;ENSG00000134324;ENSG00000105968;ENSG00000136146;ENSG00000151726;ENSG00000155868;ENSG00000166821;ENSG00000108590;ENSG00000188486;ENSG00000101849;ENSG00000079435;ENSG00000175445;ENSG00000246705;ENSG00000129691;ENSG00000141027;ENSG00000196890;ENSG00000197903;ENSG00000186350;ENSG00000180573;ENSG00000111058;ENSG00000112237;ENSG00000180596;ENSG00000151365;ENSG00000135218;ENSG00000124635;ENSG00000124641;ENSG00000197409;ENSG00000133398;ENSG00000132522;ENSG00000169692;ENSG00000164885;ENSG00000245848;ENSG00000184678;ENSG00000164758;ENSG00000197375;ENSG00000175221;ENSG00000167676;ENSG00000008838;ENSG00000158406;ENSG00000133997;ENSG00000184260;ENSG00000158373;ENSG00000187288
prerank,REACTOME_ECM_PROTEOGLYCANS,-0.3406900590280309,-1.2813799319687438,0.10695506692160611,0.4367143605829377,1.0,24/71,22.55%,ENSG00000106366;ENSG00000173402;ENSG00000204262;ENSG00000113140;ENSG00000130635;ENSG00000150093;ENSG00000168542;ENSG00000005961;ENSG00000168477;ENSG00000140678;ENSG00000134569;ENSG00000172752;ENSG00000115221;ENSG00000164692;ENSG00000138448;ENSG00000108821;ENSG00000119699;ENSG00000139219;ENSG00000132692;ENSG00000206384;ENSG00000092758;ENSG00000164171;ENSG00000091136;ENSG00000163359
prerank,REACTOME_PLATELET_AGGREGATION_PLUG_FORMATION,0.27113716934421594,1.0623380969812797,0.3431018935978359,0.4388394769431246,1.0,3/35,1.45%,ENSG00000177885;ENSG00000137076;ENSG00000103653
prerank,REACTOME_DISEASES_ASSOCIATED_WITH_GLYCOSAMINOGLYCAN_METABOLISM,0.26371371272243005,1.0613728518069088,0.35311871227364183,0.4397842685050026,1.0,6/40,6.86%,ENSG00000124145;ENSG00000063660;ENSG00000213614;ENSG00000188783;ENSG00000179399;ENSG00000076716
prerank,REACTOME_GABA_B_RECEPTOR_ACTIVATION,0.26222731783613895,1.0603879435294723,0.34205607476635513,0.4408074636626528,1.0,8/40,9.10%,ENSG00000078369;ENSG00000114353;ENSG00000168243;ENSG00000162728;ENSG00000157542;ENSG00000162188;ENSG00000168135;ENSG00000141404
prerank,REACTOME_DRUG_ADME,0.220318760115245,1.0590566723864223,0.3080357142857143,0.442501053150842,1.0,11/96,5.55%,ENSG00000165704;ENSG00000108846;ENSG00000103222;ENSG00000110321;ENSG00000143774;ENSG00000244122;ENSG00000172270;ENSG00000084207;ENSG00000241635;ENSG00000167165;ENSG00000109193
prerank,REACTOME_SIRT1_NEGATIVELY_REGULATES_RRNA_EXPRESSION,-0.42146200755533253,-1.2783684847750274,0.15007233986584242,0.44279028417106847,1.0,22/25,53.75%,ENSG00000146047;ENSG00000105968;ENSG00000188486;ENSG00000246705;ENSG00000196890;ENSG00000197903;ENSG00000180573;ENSG00000180596;ENSG00000124635;ENSG00000197409;ENSG00000184678;ENSG00000158406;ENSG00000184260;ENSG00000158373;ENSG00000132475;ENSG00000197837;ENSG00000112592;ENSG00000166012;ENSG00000143498;ENSG00000163041;ENSG00000115750;ENSG00000132275
prerank,REACTOME_NUCLEOTIDE_EXCISION_REPAIR,-0.32058884475213034,-1.2767336146006127,0.08729619565217392,0.4449827883827391,1.0,34/107,14.26%,ENSG00000111445;ENSG00000021776;ENSG00000100479;ENSG00000106399;ENSG00000166200;ENSG00000145736;ENSG00000100142;ENSG00000172780;ENSG00000129484;ENSG00000005075;ENSG00000168002;ENSG00000020426;ENSG00000147669;ENSG00000132646;ENSG00000175482;ENSG00000115350;ENSG00000175792;ENSG00000121022;ENSG00000163918;ENSG00000134899;ENSG00000105258;ENSG00000113812;ENSG00000049541;ENSG00000133119;ENSG00000141030;ENSG00000077514;ENSG00000116030;ENSG00000169139;ENSG00000143947;ENSG00000143799;ENSG00000117748;ENSG00000221983;ENSG00000115274;ENSG00000062822
prerank,REACTOME_ACTIVATED_TAK1_MEDIATES_P38_MAPK_ACTIVATION,0.301697834661457,1.0510211540549133,0.3721973094170404,0.4564283191459407,1.0,3/22,3.30%,ENSG00000150991;ENSG00000114738;ENSG00000184216
prerank,REACTOME_MTORC1_MEDIATED_SIGNALLING,0.2977843691744162,1.0501432947240237,0.3742926434923201,0.45731148143046507,1.0,3/23,2.12%,ENSG00000088832;ENSG00000114867;ENSG00000166913
prerank,REACTOME_DNA_REPLICATION,-0.3092710555975445,-1.2714150965711348,0.07561353084236126,0.4576374771181986,1.0,53/139,15.17%,ENSG00000175063;ENSG00000111445;ENSG00000094804;ENSG00000100479;ENSG00000147536;ENSG00000106399;ENSG00000065328;ENSG00000145386;ENSG00000198056;ENSG00000146047;ENSG00000101003;ENSG00000123374;ENSG00000094880;ENSG00000159377;ENSG00000131153;ENSG00000112312;ENSG00000181938;ENSG00000175305;ENSG00000132646;ENSG00000006634;ENSG00000175482;ENSG00000115350;ENSG00000125885;ENSG00000126756;ENSG00000105968;ENSG00000141552;ENSG00000163918;ENSG00000138346;ENSG00000014138;ENSG00000166295;ENSG00000125871;ENSG00000097046;ENSG00000093009;ENSG00000166508;ENSG00000049541;ENSG00000133119;ENSG00000188486;ENSG00000004897;ENSG00000077514;ENSG00000106028;ENSG00000091651;ENSG00000143947;ENSG00000246705;ENSG00000196890;ENSG00000117748;ENSG00000197903;ENSG00000101868;ENSG00000076003;ENSG00000221983;ENSG00000062822;ENSG00000089053;ENSG00000108106;ENSG00000100297
prerank,REACTOME_SIGNALING_BY_FGFR4,0.26541581678135434,1.0485258948064824,0.37100509495136635,0.4587803116327501,1.0,6/36,6.68%,ENSG00000177885;ENSG00000150991;ENSG00000105568;ENSG00000174775;ENSG00000158815;ENSG00000075388
prerank,REACTOME_INTERLEUKIN_3_INTERLEUKIN_5_AND_GM_CSF_SIGNALING,0.25339212193138627,1.0487000444695118,0.3631578947368421,0.4592158887937356,1.0,4/44,2.70%,ENSG00000165458;ENSG00000177885;ENSG00000150991;ENSG00000072062
prerank,REACTOME_ANTIGEN_PRESENTATION_FOLDING_ASSEMBLY_AND_PEPTIDE_LOADING_OF_CLASS_I_MHC,0.2791192252717467,1.0464473905037897,0.3661848445028471,0.4603975727782435,1.0,4/29,2.27%,ENSG00000179218;ENSG00000185825;ENSG00000127022;ENSG00000167004
prerank,REACTOME_MET_ACTIVATES_RAP1_AND_RAC1,0.3701721907646725,1.0465447467179925,0.37762001352265046,0.46098509647591085,1.0,1/11,0.69%,ENSG00000177885
prerank,REACTOME_RAC1_GTPASE_CYCLE,-0.29958021354493086,-1.2692288358639991,0.06293327556325823,0.46156417614998385,1.0,72/177,32.39%,ENSG00000161800;ENSG00000050327;ENSG00000196155;ENSG00000137962;ENSG00000122966;ENSG00000158517;ENSG00000129675;ENSG00000149357;ENSG00000183856;ENSG00000137135;ENSG00000165168;ENSG00000147799;ENSG00000240771;ENSG00000120318;ENSG00000120802;ENSG00000198844;ENSG00000106636;ENSG00000150093;ENSG00000129219;ENSG00000035499;ENSG00000142627;ENSG00000007952;ENSG00000159259;ENSG00000008323;ENSG00000111348;ENSG00000113319;ENSG00000079482;ENSG00000051523;ENSG00000031003;ENSG00000130175;ENSG00000031081;ENSG00000123338;ENSG00000073712;ENSG00000123143;ENSG00000134516;ENSG00000055163;ENSG00000100365;ENSG00000097096;ENSG00000164691;ENSG00000065243;ENSG00000049245;ENSG00000076706;ENSG00000107099;ENSG00000139734;ENSG00000075884;ENSG00000100485;ENSG00000088986;ENSG00000136754;ENSG00000128656;ENSG00000104728;ENSG00000160007;ENSG00000092531;ENSG00000173218;ENSG00000196935;ENSG00000146426;ENSG00000130158;ENSG00000006607;ENSG00000186635;ENSG00000066248;ENSG00000006453;ENSG00000138639;ENSG00000100852;ENSG00000186517;ENSG00000105647;ENSG00000143776;ENSG00000106069;ENSG00000121879;ENSG00000090924;ENSG00000099331;ENSG00000138443;ENSG00000139211;ENSG00000163219
prerank,REACTOME_DEATH_RECEPTOR_SIGNALING,0.20223829098894627,1.0466060462607267,0.3090128755364807,0.4616364751864261,1.0,13/149,4.53%,ENSG00000151694;ENSG00000171720;ENSG00000115310;ENSG00000116478;ENSG00000110514;ENSG00000150991;ENSG00000067560;ENSG00000108953;ENSG00000141522;ENSG00000103056;ENSG00000184216;ENSG00000136002;ENSG00000064300
prerank,REACTOME_REGULATION_OF_MITF_M_DEPENDENT_GENES_INVOLVED_IN_PIGMENTATION,0.25381790480752486,1.0444626536290322,0.3632374451487079,0.46336090852019923,1.0,5/42,5.03%,ENSG00000197535;ENSG00000075624;ENSG00000127616;ENSG00000099956;ENSG00000077498
prerank,REACTOME_EARLY_SARS_COV_2_INFECTION_EVENTS,0.2612325491299568,1.0437476237608105,0.37998056365403304,0.463927988764361,1.0,6/37,6.86%,ENSG00000124145;ENSG00000063660;ENSG00000165280;ENSG00000130724;ENSG00000179399;ENSG00000076716
prerank,REACTOME_KERATAN_SULFATE_DEGRADATION,0.34165390405838925,1.0430727347532216,0.38323572474377743,0.46438220489300175,1.0,2/14,5.07%,ENSG00000213614;ENSG00000188783
prerank,REACTOME_TRANSPORT_OF_MATURE_MRNAS_DERIVED_FROM_INTRONLESS_TRANSCRIPTS,0.25548747222453355,1.0424009526939733,0.3794726930320151,0.46486780549823087,1.0,4/42,2.93%,ENSG00000094914;ENSG00000213024;ENSG00000125755;ENSG00000102900
prerank,REACTOME_MITOTIC_METAPHASE_AND_ANAPHASE,-0.2934457735850035,-1.2664331202695835,0.05486125820800678,0.4649767634848546,1.0,95/220,21.60%,ENSG00000143228;ENSG00000166851;ENSG00000152253;ENSG00000175063;ENSG00000163535;ENSG00000102384;ENSG00000157456;ENSG00000089685;ENSG00000146670;ENSG00000115163;ENSG00000178999;ENSG00000170312;ENSG00000156970;ENSG00000154839;ENSG00000137812;ENSG00000134057;ENSG00000094880;ENSG00000159377;ENSG00000101162;ENSG00000080986;ENSG00000142945;ENSG00000129810;ENSG00000175216;ENSG00000117399;ENSG00000186871;ENSG00000138778;ENSG00000120334;ENSG00000164754;ENSG00000169679;ENSG00000164109;ENSG00000058804;ENSG00000161888;ENSG00000135476;ENSG00000113368;ENSG00000154473;ENSG00000120802;ENSG00000117724;ENSG00000153044;ENSG00000149636;ENSG00000121621;ENSG00000141552;ENSG00000104695;ENSG00000177954;ENSG00000166295;ENSG00000137267;ENSG00000167842;ENSG00000184445;ENSG00000040275;ENSG00000072501;ENSG00000157020;ENSG00000112029;ENSG00000147457;ENSG00000004897;ENSG00000116030;ENSG00000138092;ENSG00000151725;ENSG00000134690;ENSG00000143947;ENSG00000166451;ENSG00000178462;ENSG00000174442;ENSG00000139496;ENSG00000072864;ENSG00000254505;ENSG00000075188;ENSG00000182628;ENSG00000160783;ENSG00000183785;ENSG00000142856;ENSG00000090273;ENSG00000221983;ENSG00000160551;ENSG00000089053;ENSG00000108106;ENSG00000186298;ENSG00000068903;ENSG00000075886;ENSG00000176014;ENSG00000112640;ENSG00000121892;ENSG00000164162;ENSG00000100749;ENSG00000068796;ENSG00000161057;ENSG00000123219;ENSG00000100567;ENSG00000108055;ENSG00000021574;ENSG00000155561;ENSG00000106588;ENSG00000154222;ENSG00000053900;ENSG00000088986;ENSG00000153107;ENSG00000149503
prerank,REACTOME_METABOLIC_DISORDERS_OF_BIOLOGICAL_OXIDATION_ENZYMES,-0.38822553347035166,-1.264792074665876,0.1538659462241091,0.4650771154132436,1.0,16/33,28.89%,ENSG00000178814;ENSG00000111012;ENSG00000019186;ENSG00000189221;ENSG00000267673;ENSG00000155016;ENSG00000001084;ENSG00000148795;ENSG00000243989;ENSG00000003137;ENSG00000007933;ENSG00000138061;ENSG00000172817;ENSG00000171867;ENSG00000161513;ENSG00000231852
prerank,REACTOME_MRNA_DECAY_BY_3_TO_5_EXORIBONUCLEASE,-0.4625882380705287,-1.2670923811722279,0.16533919252952486,0.4653741675299237,1.0,11/16,41.22%,ENSG00000120699;ENSG00000075914;ENSG00000171311;ENSG00000077348;ENSG00000107371;ENSG00000083520;ENSG00000140395;ENSG00000130713;ENSG00000110063;ENSG00000123737;ENSG00000204351
prerank,REACTOME_CHOLESTEROL_BIOSYNTHESIS,-0.4069356112726653,-1.265150944118616,0.15784035133040558,0.466369434283997,1.0,15/27,27.20%,ENSG00000147155;ENSG00000149809;ENSG00000172893;ENSG00000112972;ENSG00000052802;ENSG00000079459;ENSG00000113161;ENSG00000163344;ENSG00000104549;ENSG00000167508;ENSG00000099251;ENSG00000116133;ENSG00000152904;ENSG00000147383;ENSG00000205808
prerank,REACTOME_ACTIVATION_OF_ANTERIOR_HOX_GENES_IN_HINDBRAIN_DEVELOPMENT_DURING_EARLY_EMBRYOGENESIS,-0.3328140603924223,-1.2631731128276913,0.1095713446858485,0.4673702941384934,1.0,27/77,22.66%,ENSG00000146047;ENSG00000078043;ENSG00000100142;ENSG00000005075;ENSG00000105991;ENSG00000168002;ENSG00000147669;ENSG00000105968;ENSG00000178691;ENSG00000172819;ENSG00000105258;ENSG00000188486;ENSG00000246705;ENSG00000129691;ENSG00000141027;ENSG00000196890;ENSG00000197903;ENSG00000186350;ENSG00000185630;ENSG00000122877;ENSG00000113300;ENSG00000106462;ENSG00000180573;ENSG00000105996;ENSG00000180596;ENSG00000160199;ENSG00000102978
prerank,REACTOME_NEGATIVE_REGULATION_OF_FGFR3_SIGNALING,0.28527361662101647,1.0397129288245637,0.3945923109421208,0.469163114540441,1.0,6/26,8.20%,ENSG00000177885;ENSG00000150991;ENSG00000105568;ENSG00000158815;ENSG00000075388;ENSG00000138675
prerank,REACTOME_DOWNSTREAM_SIGNALING_OF_ACTIVATED_FGFR4,0.2996477056591706,1.038187850427565,0.39195775792038995,0.47128146715052105,1.0,5/22,8.83%,ENSG00000177885;ENSG00000174775;ENSG00000158815;ENSG00000075388;ENSG00000101464
prerank,REACTOME_AQUAPORIN_MEDIATED_TRANSPORT,0.2439720503247294,1.035840609403179,0.3905203503348789,0.47493463209946635,1.0,6/50,5.55%,ENSG00000078369;ENSG00000108946;ENSG00000087460;ENSG00000072062;ENSG00000168243;ENSG00000162188
prerank,REACTOME_FLT3_SIGNALING_IN_DISEASE,0.2779878969174613,1.0345131009254418,0.3955629970699037,0.4759287036648685,1.0,3/28,2.39%,ENSG00000177885;ENSG00000150991;ENSG00000174775
prerank,REACTOME_MRNA_EDITING,0.37975152457874395,1.0346932288165325,0.3706510506372718,0.4763349663999148,1.0,2/10,3.33%,ENSG00000244509;ENSG00000111701
prerank,REACTOME_RHOJ_GTPASE_CYCLE,-0.3494217406480016,-1.2582814222944867,0.13457784285017083,0.47925284433539506,1.0,29/55,38.43%,ENSG00000149357;ENSG00000183856;ENSG00000120802;ENSG00000105137;ENSG00000035499;ENSG00000159259;ENSG00000161791;ENSG00000146729;ENSG00000079482;ENSG00000123143;ENSG00000049245;ENSG00000107099;ENSG00000139734;ENSG00000160007;ENSG00000092531;ENSG00000173218;ENSG00000198373;ENSG00000137942;ENSG00000100852;ENSG00000139117;ENSG00000105647;ENSG00000198752;ENSG00000143776;ENSG00000122126;ENSG00000115107;ENSG00000126785;ENSG00000134909;ENSG00000105281;ENSG00000145819
prerank,REACTOME_ERK_MAPK_TARGETS,0.29507387334878465,1.0307141934475408,0.39653085921742637,0.4823185973725199,1.0,3/22,2.38%,ENSG00000068305;ENSG00000108861;ENSG00000105568
prerank,REACTOME_SIGNALING_BY_PDGFR_IN_DISEASE,0.3033877658514582,1.0292956508318436,0.397678916827853,0.483449717570295,1.0,4/20,9.89%,ENSG00000177885;ENSG00000174775;ENSG00000134853;ENSG00000128052
prerank,REACTOME_PROLONGED_ERK_ACTIVATION_EVENTS,0.3371335301861269,1.0295537433308704,0.4032490974729242,0.48374824896415836,1.0,2/14,2.12%,ENSG00000169032;ENSG00000166913
prerank,REACTOME_RRNA_MODIFICATION_IN_THE_MITOCHONDRION,-0.4853135571296032,-1.2525356035857338,0.1786507495835647,0.48903619449343255,1.0,10/13,50.12%,ENSG00000182768;ENSG00000156990;ENSG00000167112;ENSG00000171861;ENSG00000118246;ENSG00000122085;ENSG00000156469;ENSG00000165526;ENSG00000029639;ENSG00000117481
prerank,REACTOME_TRNA_MODIFICATION_IN_THE_NUCLEUS_AND_CYTOSOL,-0.36181757756493904,-1.253816717201733,0.1467935871743487,0.49002693532839164,1.0,36/45,57.62%,ENSG00000144034;ENSG00000165118;ENSG00000068438;ENSG00000196976;ENSG00000162623;ENSG00000137760;ENSG00000167118;ENSG00000092094;ENSG00000113272;ENSG00000160193;ENSG00000145331;ENSG00000089195;ENSG00000173113;ENSG00000066651;ENSG00000126814;ENSG00000122435;ENSG00000167264;ENSG00000037897;ENSG00000136628;ENSG00000145996;ENSG00000104907;ENSG00000037474;ENSG00000189007;ENSG00000213339;ENSG00000151576;ENSG00000107614;ENSG00000110060;ENSG00000177192;ENSG00000162971;ENSG00000198874;ENSG00000213638;ENSG00000043514;ENSG00000166166;ENSG00000174177;ENSG00000170270;ENSG00000168806
prerank,REACTOME_NEGATIVE_REGULATION_OF_FGFR4_SIGNALING,0.27987460176977874,1.024738373395213,0.41610455311973016,0.4913847043040955,1.0,5/26,6.68%,ENSG00000177885;ENSG00000150991;ENSG00000105568;ENSG00000158815;ENSG00000075388
prerank,REACTOME_RAC2_GTPASE_CYCLE,-0.3239766900992557,-1.2525406426067616,0.11271206135254473,0.4913851377646729,1.0,27/87,19.18%,ENSG00000161800;ENSG00000158517;ENSG00000149357;ENSG00000165168;ENSG00000102401;ENSG00000147799;ENSG00000120802;ENSG00000150093;ENSG00000105137;ENSG00000129219;ENSG00000035499;ENSG00000142627;ENSG00000159259;ENSG00000079482;ENSG00000118804;ENSG00000051523;ENSG00000123338;ENSG00000128340;ENSG00000164040;ENSG00000123143;ENSG00000134516;ENSG00000074695;ENSG00000046604;ENSG00000100365;ENSG00000049245;ENSG00000076706;ENSG00000139734
prerank,REACTOME_REGULATION_OF_CDH1_GENE_TRANSCRIPTION,-0.34176281759466975,-1.2498675216269879,0.1356570318192859,0.4945594107908626,1.0,40/62,43.57%,ENSG00000146047;ENSG00000105968;ENSG00000140262;ENSG00000159692;ENSG00000178691;ENSG00000067225;ENSG00000183955;ENSG00000102882;ENSG00000188486;ENSG00000246705;ENSG00000196890;ENSG00000197903;ENSG00000169554;ENSG00000106462;ENSG00000136826;ENSG00000100030;ENSG00000180573;ENSG00000101457;ENSG00000180596;ENSG00000225663;ENSG00000184937;ENSG00000124635;ENSG00000197409;ENSG00000152284;ENSG00000184678;ENSG00000074266;ENSG00000118707;ENSG00000162521;ENSG00000196591;ENSG00000023734;ENSG00000137203;ENSG00000065970;ENSG00000158406;ENSG00000184260;ENSG00000158373;ENSG00000132475;ENSG00000197837;ENSG00000124216;ENSG00000148516;ENSG00000102054
prerank,REACTOME_PROTEIN_HYDROXYLATION,0.3073406641186083,1.0225002866679285,0.4131690412013862,0.4949144426120576,1.0,2/19,1.42%,ENSG00000087263;ENSG00000198363
prerank,REACTOME_ADRENALINE_NORADRENALINE_INHIBITS_INSULIN_SECRETION,0.27989009004871634,1.021527616178814,0.42394957983193277,0.49599674672535793,1.0,6/27,7.09%,ENSG00000078369;ENSG00000114353;ENSG00000168243;ENSG00000151067;ENSG00000162188;ENSG00000007402
prerank,REACTOME_RNA_POLYMERASE_I_PROMOTER_ESCAPE,-0.358100425272455,-1.2480127324576997,0.1533704390847248,0.49766963831081124,1.0,36/48,48.30%,ENSG00000146047;ENSG00000145736;ENSG00000100142;ENSG00000020426;ENSG00000147669;ENSG00000105968;ENSG00000188486;ENSG00000246705;ENSG00000196890;ENSG00000197903;ENSG00000111358;ENSG00000180573;ENSG00000108312;ENSG00000180596;ENSG00000134058;ENSG00000066379;ENSG00000124635;ENSG00000110768;ENSG00000197409;ENSG00000134480;ENSG00000272047;ENSG00000184678;ENSG00000085721;ENSG00000163882;ENSG00000158406;ENSG00000184260;ENSG00000158373;ENSG00000186184;ENSG00000132475;ENSG00000197837;ENSG00000112592;ENSG00000105849;ENSG00000125630;ENSG00000166012;ENSG00000143498;ENSG00000213780
prerank,REACTOME_ANCHORING_FIBRIL_FORMATION,-0.46615365413245735,-1.246899814387333,0.1840877914951989,0.4986164825318036,1.0,11/15,45.31%,ENSG00000168487;ENSG00000164692;ENSG00000108821;ENSG00000038295;ENSG00000134871;ENSG00000197565;ENSG00000196878;ENSG00000058085;ENSG00000187498;ENSG00000095587;ENSG00000114270
prerank,REACTOME_FREE_FATTY_ACIDS_REGULATE_INSULIN_SECRETION,0.35836386632005957,1.0193992284389308,0.4002818886539817,0.4992847506307939,1.0,1/11,0.09%,ENSG00000149782
prerank,REACTOME_ACTIVATION_OF_GENE_EXPRESSION_BY_SREBF_SREBP,-0.36764162447992754,-1.2445157865084753,0.16244672850338432,0.5031943124433023,1.0,17/41,25.37%,ENSG00000119927;ENSG00000076555;ENSG00000149809;ENSG00000082014;ENSG00000172893;ENSG00000112972;ENSG00000066136;ENSG00000079459;ENSG00000101849;ENSG00000113161;ENSG00000186350;ENSG00000163344;ENSG00000104549;ENSG00000167508;ENSG00000170522;ENSG00000130589;ENSG00000152904
prerank,REACTOME_METABOLISM_OF_NUCLEOTIDES,-0.3179839196036569,-1.2432741064392063,0.12629638165475915,0.5045331669628722,1.0,31/94,17.09%,ENSG00000116337;ENSG00000156136;ENSG00000176890;ENSG00000171848;ENSG00000136159;ENSG00000165609;ENSG00000128951;ENSG00000173221;ENSG00000168393;ENSG00000178035;ENSG00000166548;ENSG00000103202;ENSG00000106992;ENSG00000163655;ENSG00000198431;ENSG00000185013;ENSG00000116748;ENSG00000179958;ENSG00000198018;ENSG00000112667;ENSG00000047230;ENSG00000196839;ENSG00000122912;ENSG00000054179;ENSG00000125458;ENSG00000103024;ENSG00000198585;ENSG00000197217;ENSG00000116981;ENSG00000158125;ENSG00000205309
prerank,REACTOME_GLUCOCORTICOID_BIOSYNTHESIS,0.36888267209459025,1.0141343852778881,0.4151391717583164,0.5071661527155438,1.0,4/10,9.66%,ENSG00000179142;ENSG00000160882;ENSG00000203859;ENSG00000115138
prerank,REACTOME_MET_RECEPTOR_RECYCLING,0.3718482120845344,1.0143667796617537,0.41705069124423966,0.5075054053363689,1.0,1/10,0.69%,ENSG00000177885
prerank,REACTOME_G_PROTEIN_ACTIVATION,0.28899868208451746,1.0146198444198324,0.4233305853256389,0.507809983526517,1.0,4/23,5.55%,ENSG00000078369;ENSG00000101327;ENSG00000168243;ENSG00000162188
prerank,REACTOME_N_GLYCAN_ANTENNAE_ELONGATION,0.33403274093253293,1.0132750051140942,0.40653548840477866,0.5079765218572865,1.0,1/14,0.56%,ENSG00000161013
prerank,REACTOME_INTEGRIN_CELL_SURFACE_INTERACTIONS,-0.3232249877935163,-1.2404254919101643,0.13280510879848628,0.5082075673790161,1.0,25/82,19.88%,ENSG00000076662;ENSG00000204262;ENSG00000171560;ENSG00000143127;ENSG00000171812;ENSG00000130635;ENSG00000150093;ENSG00000168542;ENSG00000005961;ENSG00000139626;ENSG00000161638;ENSG00000158769;ENSG00000140678;ENSG00000172752;ENSG00000115221;ENSG00000164692;ENSG00000138448;ENSG00000169896;ENSG00000108821;ENSG00000139219;ENSG00000166147;ENSG00000206384;ENSG00000171564;ENSG00000092758;ENSG00000164171
prerank,REACTOME_DISEASES_ASSOCIATED_WITH_SURFACTANT_METABOLISM,0.3678422370140427,1.0123220332096323,0.4139194139194139,0.5090725514797364,1.0,4/10,17.17%,ENSG00000157765;ENSG00000122852;ENSG00000185303;ENSG00000133661
prerank,REACTOME_MITOTIC_G1_PHASE_AND_G1_S_TRANSITION,-0.3011044950094064,-1.2405010814448492,0.10130391173520562,0.5103621114190868,1.0,46/137,13.88%,ENSG00000094804;ENSG00000100479;ENSG00000131747;ENSG00000106399;ENSG00000065328;ENSG00000145386;ENSG00000170312;ENSG00000183814;ENSG00000134057;ENSG00000176890;ENSG00000198056;ENSG00000123374;ENSG00000159377;ENSG00000171848;ENSG00000112312;ENSG00000020426;ENSG00000175305;ENSG00000112576;ENSG00000189308;ENSG00000132646;ENSG00000006634;ENSG00000115350;ENSG00000101412;ENSG00000101057;ENSG00000166483;ENSG00000125885;ENSG00000197122;ENSG00000126756;ENSG00000104695;ENSG00000080839;ENSG00000014138;ENSG00000097046;ENSG00000093009;ENSG00000166508;ENSG00000114126;ENSG00000007968;ENSG00000112029;ENSG00000198176;ENSG00000091651;ENSG00000143947;ENSG00000173207;ENSG00000117748;ENSG00000129355;ENSG00000101868;ENSG00000076003;ENSG00000221983
prerank,REACTOME_PYROPTOSIS,-0.39758664512926045,-1.234951413867354,0.1819241227502266,0.5174896824597818,1.0,16/27,35.26%,ENSG00000087088;ENSG00000147457;ENSG00000189403;ENSG00000254505;ENSG00000105928;ENSG00000172115;ENSG00000073282;ENSG00000176108;ENSG00000030110;ENSG00000115008;ENSG00000125347;ENSG00000196954;ENSG00000164695;ENSG00000137757;ENSG00000101421;ENSG00000141510
prerank,REACTOME_SIGNALING_BY_FGFR_IN_DISEASE,0.22683002024915241,1.0067044978452502,0.4328523862375139,0.5177172589327801,1.0,11/59,8.83%,ENSG00000177885;ENSG00000111605;ENSG00000174775;ENSG00000099817;ENSG00000177700;ENSG00000181222;ENSG00000158815;ENSG00000066468;ENSG00000075388;ENSG00000138675;ENSG00000101464
prerank,REACTOME_SIGNALING_BY_PDGF,-0.33921137915324673,-1.235647197260232,0.15332761367814682,0.5177680550346653,1.0,24/58,30.10%,ENSG00000050820;ENSG00000140564;ENSG00000166888;ENSG00000204262;ENSG00000130635;ENSG00000197122;ENSG00000168542;ENSG00000113296;ENSG00000172752;ENSG00000179295;ENSG00000104368;ENSG00000173757;ENSG00000139219;ENSG00000206384;ENSG00000126561;ENSG00000092758;ENSG00000163359;ENSG00000113721;ENSG00000133703;ENSG00000213281;ENSG00000141738;ENSG00000105647;ENSG00000134871;ENSG00000121879
prerank,REACTOME_ERKS_ARE_INACTIVATED,0.34164312353383797,1.0070472687478647,0.423172024019781,0.517890755033702,1.0,2/13,2.38%,ENSG00000108861;ENSG00000105568
prerank,REACTOME_PLATELET_HOMEOSTASIS,0.21652146340813389,1.006025863787191,0.4399237126509854,0.5182713519090312,1.0,12/81,6.98%,ENSG00000157193;ENSG00000078369;ENSG00000174437;ENSG00000087460;ENSG00000105568;ENSG00000168243;ENSG00000067842;ENSG00000186642;ENSG00000162188;ENSG00000138669;ENSG00000154001;ENSG00000160191
prerank,REACTOME_ASSEMBLY_AND_CELL_SURFACE_PRESENTATION_OF_NMDA_RECEPTORS,0.24282130068809846,1.0072774766538748,0.43990267639902675,0.5182733569407708,1.0,7/42,9.44%,ENSG00000258947;ENSG00000127824;ENSG00000167553;ENSG00000123416;ENSG00000188229;ENSG00000107282;ENSG00000273079
prerank,REACTOME_PEROXISOMAL_PROTEIN_IMPORT,-0.3362211116173073,-1.2356922223259832,0.15,0.5200330127493746,1.0,44/63,50.99%,ENSG00000115204;ENSG00000117305;ENSG00000086666;ENSG00000104823;ENSG00000197448;ENSG00000115425;ENSG00000168306;ENSG00000113790;ENSG00000101473;ENSG00000143947;ENSG00000221983;ENSG00000242612;ENSG00000162928;ENSG00000119912;ENSG00000138413;ENSG00000136881;ENSG00000072401;ENSG00000215193;ENSG00000175215;ENSG00000133835;ENSG00000213965;ENSG00000116906;ENSG00000101323;ENSG00000108733;ENSG00000005469;ENSG00000120915;ENSG00000170315;ENSG00000157911;ENSG00000127980;ENSG00000112357;ENSG00000140284;ENSG00000131508;ENSG00000156521;ENSG00000121691;ENSG00000109332;ENSG00000164751;ENSG00000116882;ENSG00000157326;ENSG00000124587;ENSG00000087008;ENSG00000103150;ENSG00000140876;ENSG00000142655;ENSG00000107537
prerank,REACTOME_SYNTHESIS_OF_IP3_AND_IP4_IN_THE_CYTOSOL,0.2751256882569116,1.0023924971190683,0.44232400339270567,0.5246233100518055,1.0,2/26,0.43%,ENSG00000149782;ENSG00000165458
prerank,REACTOME_ACTIVATED_NOTCH1_TRANSMITS_SIGNAL_TO_THE_NUCLEUS,0.26378849136351795,1.0014573269683344,0.44176706827309237,0.5256438160208631,1.0,3/31,1.47%,ENSG00000151694;ENSG00000137845;ENSG00000150991
prerank,REACTOME_FORMATION_OF_WDR5_CONTAINING_HISTONE_MODIFYING_COMPLEXES,0.25158649518034554,1.0009841685958525,0.4437469821342347,0.525794975757894,1.0,3/38,2.35%,ENSG00000172534;ENSG00000163872;ENSG00000171148
prerank,REACTOME_NUCLEOTIDE_BINDING_DOMAIN_LEUCINE_RICH_REPEAT_CONTAINING_RECEPTOR_NLR_SIGNALING_PATHWAYS,0.2300875343274127,0.9981681199948509,0.4562780269058296,0.5264444170625426,1.0,5/54,3.30%,ENSG00000136810;ENSG00000150991;ENSG00000096384;ENSG00000142192;ENSG00000184216
prerank,REACTOME_GLYCOGEN_BREAKDOWN_GLYCOGENOLYSIS,0.3208004792521352,0.9984364073547213,0.4305755395683453,0.5267253598421179,1.0,2/15,1.92%,ENSG00000100994;ENSG00000079739
prerank,REACTOME_INFECTIOUS_DISEASE,0.3010231175812305,1.0,1.0,0.5269542712400537,1.0,159/1239,3.55%,ENSG00000149136;ENSG00000145833;ENSG00000184056;ENSG00000100804;ENSG00000026025;ENSG00000100401;ENSG00000153187;ENSG00000082898;ENSG00000151694;ENSG00000144028;ENSG00000140464;ENSG00000078369;ENSG00000189091;ENSG00000185359;ENSG00000157483;ENSG00000138071;ENSG00000174231;ENSG00000092201;ENSG00000094914;ENSG00000087191;ENSG00000165119;ENSG00000166477;ENSG00000171720;ENSG00000166949;ENSG00000161013;ENSG00000179218;ENSG00000177119;ENSG00000177885;ENSG00000100764;ENSG00000115233;ENSG00000116478;ENSG00000137817;ENSG00000213024;ENSG00000213639;ENSG00000213672;ENSG00000108946;ENSG00000108883;ENSG00000108424;ENSG00000106089;ENSG00000109519;ENSG00000112715;ENSG00000109606;ENSG00000111786;ENSG00000111642;ENSG00000111605;ENSG00000041357;ENSG00000135829;ENSG00000134308;ENSG00000197102;ENSG00000132792;ENSG00000132612;ENSG00000132463;ENSG00000258947;ENSG00000103035;ENSG00000241244;ENSG00000136450;ENSG00000136810;ENSG00000104142;ENSG00000128245;ENSG00000127824;ENSG00000130706;ENSG00000125755;ENSG00000115091;ENSG00000150991;ENSG00000100345;ENSG00000197535;ENSG00000100902;ENSG00000088832;ENSG00000169032;ENSG00000163466;ENSG00000241553;ENSG00000124145;ENSG00000063660;ENSG00000197548;ENSG00000075785;ENSG00000108344;ENSG00000167553;ENSG00000115053;ENSG00000080824;ENSG00000069849;ENSG00000170027;ENSG00000122566;ENSG00000087365;ENSG00000114867;ENSG00000072682;ENSG00000087087;ENSG00000099783;ENSG00000108671;ENSG00000204435;ENSG00000145907;ENSG00000096384;ENSG00000089280;ENSG00000130985;ENSG00000163902;ENSG00000013275;ENSG00000196235;ENSG00000109971;ENSG00000185624;ENSG00000100280;ENSG00000108953;ENSG00000004478;ENSG00000165280;ENSG00000115677;ENSG00000185627;ENSG00000006712;ENSG00000173692;ENSG00000141367;ENSG00000185825;ENSG00000163399;ENSG00000110321;ENSG00000087460;ENSG00000092199;ENSG00000161203;ENSG00000105329;ENSG00000175166;ENSG00000122884;ENSG00000166913;ENSG00000127022;ENSG00000118705;ENSG00000105438;ENSG00000184009;ENSG00000143761;ENSG00000075624;ENSG00000089597;ENSG00000244038;ENSG00000142192;ENSG00000167004;ENSG00000196262;ENSG00000196419;ENSG00000137309;ENSG00000254999;ENSG00000104824;ENSG00000136634;ENSG00000074800;ENSG00000130726;ENSG00000126067;ENSG00000106367;ENSG00000175334;ENSG00000072062;ENSG00000099817;ENSG00000178952;ENSG00000130724;ENSG00000132341;ENSG00000126457;ENSG00000079246;ENSG00000101182;ENSG00000177700;ENSG00000070010;ENSG00000160014;ENSG00000102900;ENSG00000172531;ENSG00000042753;ENSG00000181222;ENSG00000165916;ENSG00000184216;ENSG00000211896;ENSG00000130429;ENSG00000142507;ENSG00000099341
prerank,REACTOME_PI_3K_CASCADE_FGFR4,0.31940881274866434,0.9994811607126272,0.43199700262270513,0.5271262429272973,1.0,5/15,11.44%,ENSG00000177885;ENSG00000158815;ENSG00000075388;ENSG00000101464;ENSG00000078579
prerank,REACTOME_RUNX1_INTERACTS_WITH_CO_FACTORS_WHOSE_PRECISE_EFFECT_ON_RUNX1_TARGETS_IS_NOT_KNOWN,0.25465956349859786,0.99857862515262,0.4574712643678161,0.5272702762275215,1.0,6/36,7.68%,ENSG00000204435;ENSG00000127616;ENSG00000099956;ENSG00000111752;ENSG00000158321;ENSG00000077080
prerank,REACTOME_OXIDATIVE_STRESS_INDUCED_SENESCENCE,-0.32041117684090165,-1.2260572541189914,0.14585050029429075,0.5276802611372092,1.0,50/80,43.94%,ENSG00000146047;ENSG00000155363;ENSG00000101412;ENSG00000105968;ENSG00000178691;ENSG00000114126;ENSG00000102882;ENSG00000007968;ENSG00000188486;ENSG00000198176;ENSG00000143947;ENSG00000246705;ENSG00000196890;ENSG00000197903;ENSG00000129355;ENSG00000221983;ENSG00000135446;ENSG00000185386;ENSG00000106462;ENSG00000123080;ENSG00000100030;ENSG00000180573;ENSG00000180596;ENSG00000134698;ENSG00000112062;ENSG00000204227;ENSG00000124635;ENSG00000197409;ENSG00000121481;ENSG00000050748;ENSG00000065559;ENSG00000184678;ENSG00000074266;ENSG00000134686;ENSG00000141510;ENSG00000162521;ENSG00000141503;ENSG00000158406;ENSG00000170315;ENSG00000184260;ENSG00000100354;ENSG00000071054;ENSG00000197442;ENSG00000158373;ENSG00000173889;ENSG00000090905;ENSG00000132475;ENSG00000197837;ENSG00000102054;ENSG00000168283
prerank,REACTOME_INITIAL_TRIGGERING_OF_COMPLEMENT,-0.3234535610523959,-1.2252046083008417,0.14837039651723732,0.527903454574252,1.0,18/75,18.53%,ENSG00000242534;ENSG00000211677;ENSG00000241351;ENSG00000224389;ENSG00000244116;ENSG00000009724;ENSG00000211653;ENSG00000243238;ENSG00000240382;ENSG00000182326;ENSG00000239571;ENSG00000125730;ENSG00000251546;ENSG00000240864;ENSG00000126759;ENSG00000251039;ENSG00000242371;ENSG00000239951
prerank,REACTOME_DOWNSTREAM_SIGNALING_OF_ACTIVATED_FGFR1,0.2694281122231064,0.9985984243024107,0.44887568943572337,0.5280535965132735,1.0,9/28,12.88%,ENSG00000177885;ENSG00000174775;ENSG00000158815;ENSG00000075388;ENSG00000138675;ENSG00000101464;ENSG00000077782;ENSG00000078579;ENSG00000126500
prerank,REACTOME_ASSEMBLY_OF_THE_ORC_COMPLEX_AT_THE_ORIGIN_OF_REPLICATION,-0.3994999741909817,-1.2267015032615962,0.19420289855072465,0.5281105765641592,1.0,21/26,42.81%,ENSG00000146047;ENSG00000105968;ENSG00000188486;ENSG00000091651;ENSG00000246705;ENSG00000196890;ENSG00000197903;ENSG00000180573;ENSG00000180596;ENSG00000135336;ENSG00000025800;ENSG00000124635;ENSG00000197409;ENSG00000115947;ENSG00000184678;ENSG00000158406;ENSG00000184260;ENSG00000164815;ENSG00000158373;ENSG00000132475;ENSG00000197837
prerank,REACTOME_REGULATION_OF_ENDOGENOUS_RETROELEMENTS_BY_KRAB_ZFP_PROTEINS,-0.3302255067808267,-1.2204781151728816,0.16377971568510333,0.5282005587920359,1.0,46/65,45.70%,ENSG00000146047;ENSG00000130844;ENSG00000198633;ENSG00000105968;ENSG00000188486;ENSG00000267680;ENSG00000246705;ENSG00000196890;ENSG00000170004;ENSG00000197903;ENSG00000189180;ENSG00000169131;ENSG00000168661;ENSG00000180573;ENSG00000180596;ENSG00000143379;ENSG00000188612;ENSG00000071655;ENSG00000175322;ENSG00000198538;ENSG00000149480;ENSG00000083844;ENSG00000124635;ENSG00000196417;ENSG00000167491;ENSG00000197409;ENSG00000182141;ENSG00000057935;ENSG00000204947;ENSG00000184678;ENSG00000188295;ENSG00000162521;ENSG00000167554;ENSG00000196591;ENSG00000158406;ENSG00000184260;ENSG00000158373;ENSG00000196724;ENSG00000196646;ENSG00000132475;ENSG00000197837;ENSG00000102054;ENSG00000152433;ENSG00000103275;ENSG00000178187;ENSG00000182979
prerank,REACTOME_ASSEMBLY_OF_COLLAGEN_FIBRILS_AND_OTHER_MULTIMERIC_STRUCTURES,-0.3354950156694521,-1.2273328414405962,0.161530028018029,0.5285789311983242,1.0,20/60,22.55%,ENSG00000136943;ENSG00000106333;ENSG00000134013;ENSG00000204262;ENSG00000171812;ENSG00000130635;ENSG00000168542;ENSG00000187955;ENSG00000168487;ENSG00000172752;ENSG00000138131;ENSG00000164692;ENSG00000108821;ENSG00000100985;ENSG00000196739;ENSG00000139219;ENSG00000206384;ENSG00000092758;ENSG00000204291;ENSG00000163359
prerank,REACTOME_AEROBIC_RESPIRATION_AND_RESPIRATORY_ELECTRON_TRANSPORT,-0.2815941301369806,-1.2294730248469075,0.07539640869473906,0.5292894599754641,1.0,101/255,22.24%,ENSG00000137038;ENSG00000090266;ENSG00000131174;ENSG00000131143;ENSG00000183978;ENSG00000004779;ENSG00000213619;ENSG00000136521;ENSG00000125356;ENSG00000165264;ENSG00000099795;ENSG00000267855;ENSG00000127184;ENSG00000112695;ENSG00000178449;ENSG00000154079;ENSG00000184076;ENSG00000111775;ENSG00000140990;ENSG00000137288;ENSG00000196636;ENSG00000090857;ENSG00000167283;ENSG00000147123;ENSG00000176340;ENSG00000091483;ENSG00000170906;ENSG00000116459;ENSG00000168569;ENSG00000067225;ENSG00000172269;ENSG00000164405;ENSG00000184983;ENSG00000109390;ENSG00000165060;ENSG00000111716;ENSG00000131495;ENSG00000065518;ENSG00000147684;ENSG00000110717;ENSG00000250317;ENSG00000169020;ENSG00000113845;ENSG00000138495;ENSG00000140740;ENSG00000229833;ENSG00000010017;ENSG00000135940;ENSG00000124172;ENSG00000168273;ENSG00000005882;ENSG00000164919;ENSG00000134056;ENSG00000156467;ENSG00000143947;ENSG00000089163;ENSG00000101084;ENSG00000135070;ENSG00000183513;ENSG00000204922;ENSG00000148290;ENSG00000169021;ENSG00000182054;ENSG00000172115;ENSG00000127540;ENSG00000117118;ENSG00000105341;ENSG00000128609;ENSG00000221983;ENSG00000119013;ENSG00000189043;ENSG00000145494;ENSG00000143627;ENSG00000203667;ENSG00000174886;ENSG00000146701;ENSG00000136463;ENSG00000119421;ENSG00000244005;ENSG00000145916;ENSG00000163626;ENSG00000183648;ENSG00000135469;ENSG00000178057;ENSG00000153291;ENSG00000232838;ENSG00000151366;ENSG00000153561;ENSG00000115286;ENSG00000130159;ENSG00000115520;ENSG00000175564;ENSG00000173915;ENSG00000074582;ENSG00000003509;ENSG00000167792;ENSG00000154723;ENSG00000091140;ENSG00000063854;ENSG00000151729;ENSG00000099624
prerank,REACTOME_SYNTHESIS_OF_BILE_ACIDS_AND_BILE_SALTS_VIA_27_HYDROXYCHOLESTEROL,-0.4649004502379636,-1.2207090412385813,0.21484752311301228,0.5297913183307713,1.0,5/14,25.79%,ENSG00000099377;ENSG00000186350;ENSG00000196139;ENSG00000172817;ENSG00000012504
prerank,REACTOME_BLOOD_GROUP_SYSTEMS_BIOSYNTHESIS,-0.43649108012690163,-1.227679836344009,0.19647218453188603,0.5299079285345332,1.0,8/18,32.34%,ENSG00000174951;ENSG00000162630;ENSG00000187010;ENSG00000172318;ENSG00000188672;ENSG00000110080;ENSG00000064225;ENSG00000167080
prerank,REACTOME_REGULATION_BY_C_FLIP,-0.4958995782490442,-1.22296128299699,0.20743421968536824,0.5299403324507852,1.0,7/11,32.67%,ENSG00000003402;ENSG00000104689;ENSG00000117560;ENSG00000120889;ENSG00000127191;ENSG00000137275;ENSG00000064012
prerank,REACTOME_IL_6_TYPE_CYTOKINE_RECEPTOR_LIGAND_INTERACTIONS,-0.4514829454699711,-1.2210958509832617,0.20815828703076297,0.5309422954571633,1.0,8/15,35.56%,ENSG00000137070;ENSG00000150281;ENSG00000175505;ENSG00000096968;ENSG00000136280;ENSG00000134352;ENSG00000105397;ENSG00000128342
prerank,REACTOME_RESPONSE_OF_EIF2AK1_HRI_TO_HEME_DEFICIENCY,-0.45592024604916453,-1.228090672789539,0.20319666435024322,0.5310707128301143,1.0,9/15,35.68%,ENSG00000162772;ENSG00000153879;ENSG00000101255;ENSG00000125977;ENSG00000087074;ENSG00000169136;ENSG00000086232;ENSG00000175197;ENSG00000130741
prerank,REACTOME_RESPONSE_TO_METAL_IONS,-0.4719866046183847,-1.2295247258344892,0.20714583622966773,0.531551219460949,1.0,3/13,3.47%,ENSG00000205358;ENSG00000159176;ENSG00000125144
prerank,REACTOME_RRNA_MODIFICATION_IN_THE_NUCLEUS_AND_CYTOSOL,-0.33667852736336046,-1.2231216519927157,0.16460653530779587,0.5318136496188084,1.0,43/58,51.00%,ENSG00000100138;ENSG00000007520;ENSG00000105202;ENSG00000145912;ENSG00000183520;ENSG00000140988;ENSG00000189306;ENSG00000071462;ENSG00000124541;ENSG00000227057;ENSG00000111615;ENSG00000124383;ENSG00000066654;ENSG00000241945;ENSG00000119616;ENSG00000108651;ENSG00000055044;ENSG00000171863;ENSG00000135372;ENSG00000117597;ENSG00000173113;ENSG00000011260;ENSG00000137154;ENSG00000170889;ENSG00000183751;ENSG00000132467;ENSG00000114767;ENSG00000120800;ENSG00000134987;ENSG00000101361;ENSG00000150990;ENSG00000156697;ENSG00000087269;ENSG00000105671;ENSG00000120158;ENSG00000119285;ENSG00000115946;ENSG00000165271;ENSG00000126749;ENSG00000130826;ENSG00000164587;ENSG00000182117;ENSG00000111641
prerank,REACTOME_GLOBAL_GENOME_NUCLEOTIDE_EXCISION_REPAIR_GG_NER,-0.31744230799903067,-1.2212316501194744,0.15145155648828262,0.5328670005317123,1.0,42/84,28.56%,ENSG00000111445;ENSG00000100479;ENSG00000106399;ENSG00000166200;ENSG00000145736;ENSG00000129484;ENSG00000020426;ENSG00000132646;ENSG00000175482;ENSG00000115350;ENSG00000175792;ENSG00000121022;ENSG00000163918;ENSG00000134899;ENSG00000113812;ENSG00000049541;ENSG00000133119;ENSG00000141030;ENSG00000077514;ENSG00000116030;ENSG00000169139;ENSG00000143947;ENSG00000143799;ENSG00000117748;ENSG00000221983;ENSG00000115274;ENSG00000062822;ENSG00000123552;ENSG00000111358;ENSG00000131788;ENSG00000134574;ENSG00000188612;ENSG00000105619;ENSG00000147400;ENSG00000136936;ENSG00000134058;ENSG00000138663;ENSG00000136518;ENSG00000005156;ENSG00000110768;ENSG00000100387;ENSG00000158290
prerank,REACTOME_TRAF6_MEDIATED_IRF7_ACTIVATION_IN_TLR7_8_OR_9_SIGNALING,0.3302001723083313,0.9932548897113155,0.4421985815602837,0.5354687019136652,1.0,2/13,3.30%,ENSG00000150991;ENSG00000184216
prerank,REACTOME_FORMATION_OF_NEURONAL_PROGENITOR_AND_NEURONAL_BAF_NPBAF_AND_NBAF,0.2766714194603337,0.9925555837840918,0.45012468827930174,0.5360441480104448,1.0,5/25,9.10%,ENSG00000075624;ENSG00000127616;ENSG00000099956;ENSG00000077080;ENSG00000127152
prerank,REACTOME_SIGNALING_BY_FLT3_ITD_AND_TKD_MUTANTS,0.3110072065570613,0.9911392530599051,0.4514721919302072,0.5380261715511929,1.0,2/16,2.39%,ENSG00000177885;ENSG00000174775
prerank,REACTOME_METABOLISM_OF_COFACTORS,-0.3992113373553998,-1.214952040383899,0.20365260806727106,0.5401445750877452,1.0,14/25,25.30%,ENSG00000088682;ENSG00000186603;ENSG00000173085;ENSG00000123815;ENSG00000137880;ENSG00000150787;ENSG00000164867;ENSG00000132423;ENSG00000138413;ENSG00000228716;ENSG00000164494;ENSG00000167186;ENSG00000122729;ENSG00000198668
prerank,REACTOME_BICARBONATE_TRANSPORTERS,-0.502835032253596,-1.2150818080933905,0.21353656831212417,0.5420668348608857,1.0,4/10,5.97%,ENSG00000080493;ENSG00000004939;ENSG00000144290;ENSG00000114923
prerank,REACTOME_SIGNALING_BY_ACTIVIN,-0.4445172282753822,-1.2125875526985461,0.21922127776254455,0.5449871310788421,1.0,11/16,31.07%,ENSG00000163083;ENSG00000070404;ENSG00000102882;ENSG00000122641;ENSG00000069702;ENSG00000100030;ENSG00000123999;ENSG00000141646;ENSG00000175550;ENSG00000134363;ENSG00000135503
prerank,REACTOME_RUNX2_REGULATES_BONE_DEVELOPMENT,-0.386478165547082,-1.2100302196234436,0.20716046179789857,0.5503898910174821,1.0,14/28,32.87%,ENSG00000018408;ENSG00000197122;ENSG00000102882;ENSG00000242252;ENSG00000108821;ENSG00000198795;ENSG00000068024;ENSG00000100030;ENSG00000178573;ENSG00000119042;ENSG00000141646;ENSG00000106571;ENSG00000170365;ENSG00000067955
prerank,REACTOME_ACTIVATION_OF_PPARGC1A_PGC_1ALPHA_BY_PHOSPHORYLATION,-0.5049101060337168,-1.2080152163710363,0.2228482884913368,0.5517850817188449,1.0,5/10,30.66%,ENSG00000185386;ENSG00000106617;ENSG00000112062;ENSG00000181929;ENSG00000115592
prerank,REACTOME_RIBAVIRIN_ADME,-0.5034299547942254,-1.2084761827694697,0.22457086111505178,0.5527324322067803,1.0,2/10,12.37%,ENSG00000106992;ENSG00000196839
prerank,REACTOME_SERINE_METABOLISM,-0.5018765355938256,-1.206412454405381,0.22508542141230067,0.5543534889009386,1.0,5/10,30.40%,ENSG00000168528;ENSG00000139410;ENSG00000146733;ENSG00000092621;ENSG00000135094
prerank,REACTOME_TP53_REGULATES_TRANSCRIPTION_OF_ADDITIONAL_CELL_CYCLE_GENES_WHOSE_EXACT_ROLE_IN_THE_P53_PATHWAY_REMAIN_UNCERTAIN,-0.41163597384281,-1.205153693204825,0.221152560502741,0.5558882761690923,1.0,14/21,41.06%,ENSG00000151849;ENSG00000158402;ENSG00000182973;ENSG00000159388;ENSG00000113300;ENSG00000102760;ENSG00000149115;ENSG00000181163;ENSG00000118495;ENSG00000198791;ENSG00000141510;ENSG00000111596;ENSG00000144580;ENSG00000088038
prerank,REACTOME_ANTI_INFLAMMATORY_RESPONSE_FAVOURING_LEISHMANIA_PARASITE_INFECTION,0.19483435978944422,0.9806354471618254,0.5069252077562327,0.5585037712334587,1.0,11/126,4.51%,ENSG00000151694;ENSG00000078369;ENSG00000108946;ENSG00000241244;ENSG00000100345;ENSG00000087460;ENSG00000136634;ENSG00000072062;ENSG00000211896;ENSG00000114353;ENSG00000168243
prerank,REACTOME_ACTIVATION_OF_THE_MRNA_UPON_BINDING_OF_THE_CAP_BINDING_COMPLEX_AND_EIFS_AND_SUBSEQUENT_BINDING_TO_43S,-0.33326792530634264,-1.2027784275474502,0.1843799344103,0.5607577306452395,1.0,40/57,37.93%,ENSG00000149806;ENSG00000100129;ENSG00000105372;ENSG00000184110;ENSG00000115268;ENSG00000104131;ENSG00000175390;ENSG00000177954;ENSG00000151247;ENSG00000143947;ENSG00000125977;ENSG00000140988;ENSG00000178982;ENSG00000187840;ENSG00000130811;ENSG00000149273;ENSG00000118181;ENSG00000149100;ENSG00000110700;ENSG00000198034;ENSG00000142937;ENSG00000213741;ENSG00000112306;ENSG00000197728;ENSG00000147677;ENSG00000168028;ENSG00000145425;ENSG00000083845;ENSG00000105193;ENSG00000171863;ENSG00000124614;ENSG00000142534;ENSG00000185088;ENSG00000134419;ENSG00000137154;ENSG00000008988;ENSG00000130741;ENSG00000173674;ENSG00000170889;ENSG00000231500
prerank,REACTOME_PROCESSING_OF_SMDT1,-0.439797842310527,-1.1999732496979427,0.23294149439264963,0.5670957419862873,1.0,11/16,31.57%,ENSG00000165283;ENSG00000215021;ENSG00000105819;ENSG00000005059;ENSG00000156026;ENSG00000165487;ENSG00000136758;ENSG00000175193;ENSG00000155970;ENSG00000141385;ENSG00000162972
prerank,REACTOME_MITOTIC_PROPHASE,-0.3031528287320952,-1.1992133677900956,0.16045548654244307,0.5671130128638694,1.0,37/99,20.87%,ENSG00000166851;ENSG00000157456;ENSG00000170312;ENSG00000134057;ENSG00000146047;ENSG00000134324;ENSG00000113810;ENSG00000058804;ENSG00000113368;ENSG00000119335;ENSG00000120802;ENSG00000105968;ENSG00000119638;ENSG00000151503;ENSG00000104695;ENSG00000119408;ENSG00000183955;ENSG00000102882;ENSG00000157020;ENSG00000188486;ENSG00000114745;ENSG00000246705;ENSG00000138768;ENSG00000139496;ENSG00000196890;ENSG00000075188;ENSG00000120539;ENSG00000197903;ENSG00000167110;ENSG00000025770;ENSG00000100749;ENSG00000146918;ENSG00000100030;ENSG00000180573;ENSG00000138069;ENSG00000180596;ENSG00000155561
prerank,REACTOME_NON_INTEGRIN_MEMBRANE_ECM_INTERACTIONS,0.21204855729702496,0.9743610063841802,0.5186355022109918,0.5704231015137209,1.0,6/77,2.17%,ENSG00000072110;ENSG00000124145;ENSG00000082781;ENSG00000105329;ENSG00000184009;ENSG00000075624
prerank,REACTOME_CS_DS_DEGRADATION,-0.4149299845120912,-1.1971725622159575,0.22477309129738388,0.5710236671110551,1.0,9/20,24.41%,ENSG00000173546;ENSG00000010404;ENSG00000114378;ENSG00000113273;ENSG00000170266;ENSG00000132692;ENSG00000169919;ENSG00000049860;ENSG00000186792
prerank,REACTOME_BMAL1_CLOCK_NPAS2_ACTIVATES_CIRCADIAN_EXPRESSION,0.2680474972375545,0.9709981895734695,0.4993914807302231,0.5747178871440651,1.0,2/26,1.13%,ENSG00000029153;ENSG00000134107
prerank,REACTOME_BETA_DEFENSINS,0.3352315159284906,0.9716673205300148,0.4632302405498282,0.5750871172835588,1.0,4/12,16.58%,ENSG00000205882;ENSG00000180483;ENSG00000137462;ENSG00000112486
prerank,REACTOME_ALPHA_PROTEIN_KINASE_1_SIGNALING_PATHWAY,0.34095250885507955,0.9712098240306027,0.47054747054747054,0.5751643134701058,1.0,1/11,1.47%,ENSG00000150991
prerank,REACTOME_GERM_LAYER_FORMATION_AT_GASTRULATION,0.32098051746130984,0.9697757781262945,0.4679785330948122,0.5763280465119298,1.0,2/13,7.04%,ENSG00000166949;ENSG00000181449
prerank,REACTOME_NEGATIVE_REGULATION_OF_FGFR1_SIGNALING,0.2560835928980745,0.9691439700320703,0.5102040816326531,0.5767259333437793,1.0,8/30,11.44%,ENSG00000177885;ENSG00000150991;ENSG00000105568;ENSG00000158815;ENSG00000075388;ENSG00000138675;ENSG00000077782;ENSG00000078579
prerank,REACTOME_SIGNALING_BY_FLT3_FUSION_PROTEINS,0.28870836520011034,0.9677787339412978,0.49129951869677896,0.5777409068344718,1.0,2/19,2.39%,ENSG00000177885;ENSG00000174775
prerank,REACTOME_SIALIC_ACID_METABOLISM,-0.37316973137343457,-1.1940001355417798,0.2210144927536232,0.5784676795925224,1.0,21/31,43.53%,ENSG00000136840;ENSG00000111726;ENSG00000115525;ENSG00000159921;ENSG00000117069;ENSG00000095380;ENSG00000204386;ENSG00000162139;ENSG00000157350;ENSG00000170266;ENSG00000110080;ENSG00000070526;ENSG00000064225;ENSG00000119899;ENSG00000170191;ENSG00000204099;ENSG00000135838;ENSG00000164414;ENSG00000111728;ENSG00000008513;ENSG00000184005
prerank,REACTOME_MATURATION_OF_SARS_COV_2_NUCLEOPROTEIN,0.3120668350448962,0.9678299825131434,0.47242380261248185,0.578530718362778,1.0,2/15,2.85%,ENSG00000137817;ENSG00000126457
prerank,REACTOME_INTERLEUKIN_RECEPTOR_SHC_SIGNALING,0.27674665740084964,0.9667885160553312,0.5145748987854251,0.5788910894484899,1.0,2/23,0.69%,ENSG00000165458;ENSG00000177885
prerank,REACTOME_PRE_NOTCH_PROCESSING_IN_GOLGI,-0.42165727141206477,-1.190688902746226,0.2391716296697347,0.5793008646198113,1.0,8/18,27.64%,ENSG00000140564;ENSG00000196296;ENSG00000134250;ENSG00000086598;ENSG00000106003;ENSG00000110080;ENSG00000071537;ENSG00000064225
prerank,REACTOME_DIFFERENTIATION_OF_NAIVE_CD_T_CELLS_TO_T_HELPER_1_CELLS_TH1_CELLS,-0.49720923082641283,-1.1912413348436335,0.24333144154370034,0.5799291561608234,1.0,4/10,24.09%,ENSG00000128294;ENSG00000020633;ENSG00000159216;ENSG00000138378
prerank,REACTOME_RHOB_GTPASE_CYCLE,-0.3184585739911923,-1.1917999748417856,0.187992360945333,0.5805368605990119,1.0,38/69,38.43%,ENSG00000161800;ENSG00000050327;ENSG00000122966;ENSG00000011426;ENSG00000183856;ENSG00000147799;ENSG00000240771;ENSG00000114993;ENSG00000035499;ENSG00000177469;ENSG00000110237;ENSG00000079482;ENSG00000123143;ENSG00000065243;ENSG00000049245;ENSG00000076706;ENSG00000139734;ENSG00000088986;ENSG00000067900;ENSG00000130052;ENSG00000104728;ENSG00000160007;ENSG00000092531;ENSG00000214944;ENSG00000173218;ENSG00000100852;ENSG00000105647;ENSG00000099331;ENSG00000143878;ENSG00000160447;ENSG00000076928;ENSG00000074964;ENSG00000100592;ENSG00000134909;ENSG00000066933;ENSG00000163947;ENSG00000134318;ENSG00000145819
prerank,REACTOME_TGFBR3_PTM_REGULATION,-0.48185267225135975,-1.1923054593620181,0.24197879858657242,0.5813351630295097,1.0,7/11,20.51%,ENSG00000157227;ENSG00000205155;ENSG00000138613;ENSG00000035862;ENSG00000069702;ENSG00000162736;ENSG00000117362
prerank,REACTOME_DEACTIVATION_OF_THE_BETA_CATENIN_TRANSACTIVATING_COMPLEX,0.23671462816295097,0.9651479542319639,0.5147492625368731,0.5813829902321306,1.0,3/42,1.47%,ENSG00000082898;ENSG00000116478;ENSG00000150991
prerank,REACTOME_ENTEROBACTERIAL_FACTORS_ANTAGONIZE_HOST_DEFENSE,0.3167183388966123,0.9636029711374687,0.494949494949495,0.5828016652264834,1.0,2/14,2.90%,ENSG00000150991;ENSG00000160014
prerank,REACTOME_ASPIRIN_ADME,0.24621536657309948,0.9638879802033179,0.511921458625526,0.5831197005046573,1.0,5/35,4.72%,ENSG00000108846;ENSG00000244122;ENSG00000172270;ENSG00000241635;ENSG00000167165
prerank,REACTOME_TELOMERE_C_STRAND_SYNTHESIS_INITIATION,-0.45881898167123913,-1.187793766496714,0.2437866517732477,0.5835911927439552,1.0,9/13,41.17%,ENSG00000198056;ENSG00000014138;ENSG00000101868;ENSG00000009694;ENSG00000147601;ENSG00000107960;ENSG00000092330;ENSG00000166848;ENSG00000102977
prerank,REACTOME_DEPOLYMERIZATION_OF_THE_NUCLEAR_LAMINA,-0.4432839820539509,-1.1869171056825405,0.24159231297185998,0.5840045548442749,1.0,5/15,4.41%,ENSG00000170312;ENSG00000134057;ENSG00000134324;ENSG00000113368;ENSG00000120802
prerank,REACTOME_PECAM1_INTERACTIONS,-0.48111077364554466,-1.1880510564926243,0.24350282485875707,0.5851321261072155,1.0,4/11,13.97%,ENSG00000197122;ENSG00000168918;ENSG00000179295;ENSG00000138448
prerank,REACTOME_SUMOYLATION_OF_INTRACELLULAR_RECEPTORS,-0.3757520312993464,-1.1857723662129611,0.23644166991806476,0.5852181946384062,1.0,14/29,30.55%,ENSG00000078043;ENSG00000126351;ENSG00000111424;ENSG00000116030;ENSG00000186350;ENSG00000068024;ENSG00000025434;ENSG00000131788;ENSG00000188612;ENSG00000131408;ENSG00000012504;ENSG00000120798;ENSG00000136931;ENSG00000153234
prerank,REACTOME_SUMOYLATION_OF_CHROMATIN_ORGANIZATION_PROTEINS,0.22130474403401293,0.9620071986799721,0.531638723634397,0.5852204185736178,1.0,6/57,4.18%,ENSG00000094914;ENSG00000116478;ENSG00000213024;ENSG00000102900;ENSG00000184900;ENSG00000094916
prerank,REACTOME_NUCLEAR_EVENTS_STIMULATED_BY_ALK_SIGNALING_IN_CANCER,-0.3626783053575229,-1.1831969907480382,0.22915868760372782,0.586235001937851,1.0,14/34,29.76%,ENSG00000134057;ENSG00000180644;ENSG00000155363;ENSG00000111206;ENSG00000102882;ENSG00000130816;ENSG00000091732;ENSG00000100030;ENSG00000126561;ENSG00000134698;ENSG00000171223;ENSG00000100387;ENSG00000110324;ENSG00000181163
prerank,REACTOME_CYTOPROTECTION_BY_HMOX1,-0.32732671576167643,-1.1844063999864942,0.20768015554745411,0.5871211118850456,1.0,18/58,16.80%,ENSG00000131174;ENSG00000131143;ENSG00000188878;ENSG00000127184;ENSG00000112695;ENSG00000082014;ENSG00000111775;ENSG00000101294;ENSG00000176340;ENSG00000135940;ENSG00000206172;ENSG00000101849;ENSG00000164919;ENSG00000141027;ENSG00000172115;ENSG00000189043;ENSG00000186350;ENSG00000100292
prerank,REACTOME_BINDING_AND_UPTAKE_OF_LIGANDS_BY_SCAVENGER_RECEPTORS,-0.30216301002553747,-1.1832033996925897,0.18611047444418977,0.5885141153470044,1.0,26/98,18.53%,ENSG00000242534;ENSG00000211677;ENSG00000197223;ENSG00000241351;ENSG00000188878;ENSG00000211895;ENSG00000244116;ENSG00000211653;ENSG00000113140;ENSG00000243238;ENSG00000240382;ENSG00000168542;ENSG00000239571;ENSG00000251546;ENSG00000206172;ENSG00000240864;ENSG00000189403;ENSG00000164692;ENSG00000100342;ENSG00000108821;ENSG00000118137;ENSG00000136011;ENSG00000149428;ENSG00000251039;ENSG00000242371;ENSG00000239951
prerank,REACTOME_ADP_SIGNALLING_THROUGH_P2Y_PURINOCEPTOR_12,0.28145789327653153,0.9585024372420023,0.5080486847271299,0.5915338281681901,1.0,4/20,5.55%,ENSG00000078369;ENSG00000114353;ENSG00000168243;ENSG00000162188
prerank,REACTOME_INCRETIN_SYNTHESIS_SECRETION_AND_INACTIVATION,-0.40458143090231546,-1.180602453771408,0.24780058651026393,0.5919098749728288,1.0,12/21,25.93%,ENSG00000114902;ENSG00000166562;ENSG00000136574;ENSG00000175426;ENSG00000111664;ENSG00000127588;ENSG00000186188;ENSG00000118363;ENSG00000168036;ENSG00000140612;ENSG00000129128;ENSG00000016082
prerank,REACTOME_FCGR_ACTIVATION,-0.3184712966336515,-1.1776682647591088,0.21593216290457423,0.5941232542708323,1.0,17/65,20.18%,ENSG00000242534;ENSG00000211677;ENSG00000241351;ENSG00000244116;ENSG00000211653;ENSG00000243238;ENSG00000197122;ENSG00000240382;ENSG00000239571;ENSG00000251546;ENSG00000198821;ENSG00000240864;ENSG00000203747;ENSG00000251039;ENSG00000242371;ENSG00000239951;ENSG00000160654
prerank,REACTOME_COPI_DEPENDENT_GOLGI_TO_ER_RETROGRADE_TRAFFIC,-0.2996108598533785,-1.178953991400032,0.18948218198593011,0.5946951681314023,1.0,36/97,19.19%,ENSG00000161800;ENSG00000104892;ENSG00000186185;ENSG00000112984;ENSG00000137807;ENSG00000138182;ENSG00000134970;ENSG00000101162;ENSG00000142945;ENSG00000237649;ENSG00000138778;ENSG00000163808;ENSG00000121621;ENSG00000181789;ENSG00000079616;ENSG00000137267;ENSG00000090889;ENSG00000138160;ENSG00000129083;ENSG00000111481;ENSG00000158623;ENSG00000005243;ENSG00000053501;ENSG00000178462;ENSG00000136240;ENSG00000100196;ENSG00000183785;ENSG00000075945;ENSG00000242247;ENSG00000075886;ENSG00000176014;ENSG00000170348;ENSG00000004059;ENSG00000068796;ENSG00000086598;ENSG00000138069
prerank,REACTOME_GPVI_MEDIATED_ACTIVATION_CASCADE,-0.359510663096423,-1.1758424739405242,0.23838693210821849,0.5952134302759371,1.0,18/34,36.54%,ENSG00000158869;ENSG00000204420;ENSG00000105851;ENSG00000088053;ENSG00000179295;ENSG00000128340;ENSG00000164692;ENSG00000108821;ENSG00000105647;ENSG00000177105;ENSG00000121879;ENSG00000010810;ENSG00000143878;ENSG00000129538;ENSG00000169682;ENSG00000141968;ENSG00000254087;ENSG00000117461
prerank,REACTOME_NEGATIVE_REGULATION_OF_NMDA_RECEPTOR_MEDIATED_NEURONAL_TRANSMISSION,-0.40640714284472546,-1.1776733358202809,0.24963600264725347,0.5963990381822614,1.0,6/20,25.30%,ENSG00000126787;ENSG00000134072;ENSG00000082458;ENSG00000105464;ENSG00000132535;ENSG00000198668
prerank,REACTOME_TP53_REGULATES_TRANSCRIPTION_OF_CELL_DEATH_GENES,-0.3407663451349045,-1.176044621994226,0.22627554218377835,0.5968594079503606,1.0,30/44,41.93%,ENSG00000149932;ENSG00000089685;ENSG00000115129;ENSG00000105327;ENSG00000087088;ENSG00000015475;ENSG00000003400;ENSG00000042286;ENSG00000169230;ENSG00000170855;ENSG00000197050;ENSG00000073282;ENSG00000100949;ENSG00000104689;ENSG00000173530;ENSG00000120889;ENSG00000169372;ENSG00000088808;ENSG00000091106;ENSG00000120471;ENSG00000112378;ENSG00000141682;ENSG00000115107;ENSG00000177595;ENSG00000141510;ENSG00000120868;ENSG00000106144;ENSG00000164938;ENSG00000141391;ENSG00000138794
prerank,REACTOME_GBP_MEDIATED_HOST_DEFENSE,0.31701651112047385,0.9545909286450656,0.5023870730811605,0.5977438576706265,1.0,2/14,2.17%,ENSG00000184009;ENSG00000075624
prerank,REACTOME_SIGNALING_BY_NTRK2_TRKB,0.2646284969048413,0.9547161710454425,0.529650690495532,0.5984012386219747,1.0,6/25,9.44%,ENSG00000177885;ENSG00000174775;ENSG00000148053;ENSG00000101464;ENSG00000185652;ENSG00000273079
prerank,REACTOME_TNF_RECEPTOR_SUPERFAMILY_TNFSF_MEMBERS_MEDIATING_NON_CANONICAL_NF_KB_PATHWAY,-0.42595415282756693,-1.1740593373141401,0.258235054900366,0.5984465288829417,1.0,10/17,43.14%,ENSG00000239697;ENSG00000125735;ENSG00000006327;ENSG00000102524;ENSG00000227507;ENSG00000127191;ENSG00000102245;ENSG00000111321;ENSG00000110330;ENSG00000159958
prerank,REACTOME_ASSEMBLY_OF_THE_HIV_VIRION,0.29931337527563806,0.9529474586674014,0.498134328358209,0.600160083701245,1.0,2/16,2.40%,ENSG00000150991;ENSG00000196262
prerank,REACTOME_CRMPS_IN_SEMA3A_SIGNALING,0.2974736415726087,0.949322425245526,0.5016562384983437,0.6067229546399074,1.0,2/16,6.42%,ENSG00000092964;ENSG00000072832
prerank,REACTOME_NEGATIVE_REGULATORS_OF_DDX58_IFIH1_SIGNALING,-0.35765040919948177,-1.1691182369120392,0.2475802343352012,0.6068760242592185,1.0,27/34,49.39%,ENSG00000160703;ENSG00000181481;ENSG00000107201;ENSG00000182179;ENSG00000156587;ENSG00000143947;ENSG00000118503;ENSG00000221983;ENSG00000101695;ENSG00000106052;ENSG00000078747;ENSG00000072401;ENSG00000127445;ENSG00000126456;ENSG00000078140;ENSG00000145782;ENSG00000057663;ENSG00000083799;ENSG00000138646;ENSG00000170315;ENSG00000131508;ENSG00000121060;ENSG00000109332;ENSG00000197111;ENSG00000068308;ENSG00000187608;ENSG00000115267
prerank,REACTOME_TRANSCRIPTIONAL_ACTIVITY_OF_SMAD2_SMAD3_SMAD4_HETEROTRIMER,-0.3309452249007211,-1.1695274876720307,0.22924901185770752,0.6078980330695883,1.0,22/51,25.38%,ENSG00000140564;ENSG00000177426;ENSG00000018408;ENSG00000106366;ENSG00000101892;ENSG00000080839;ENSG00000114126;ENSG00000102882;ENSG00000198176;ENSG00000143947;ENSG00000143799;ENSG00000141027;ENSG00000164692;ENSG00000221983;ENSG00000100603;ENSG00000100030;ENSG00000112237;ENSG00000108854;ENSG00000133740;ENSG00000171223;ENSG00000141646;ENSG00000072401
prerank,REACTOME_TRANSCRIPTIONAL_REGULATION_BY_TP53,-0.2619711233935325,-1.1702016919075227,0.11450931932859644,0.6081524076686415,1.0,153/349,31.01%,ENSG00000149932;ENSG00000111445;ENSG00000089685;ENSG00000129173;ENSG00000174371;ENSG00000106399;ENSG00000178999;ENSG00000145386;ENSG00000170312;ENSG00000167965;ENSG00000140525;ENSG00000165891;ENSG00000134057;ENSG00000123374;ENSG00000131174;ENSG00000131143;ENSG00000145736;ENSG00000144554;ENSG00000100142;ENSG00000151849;ENSG00000155363;ENSG00000197299;ENSG00000115129;ENSG00000149357;ENSG00000118515;ENSG00000005075;ENSG00000188186;ENSG00000185379;ENSG00000168002;ENSG00000105327;ENSG00000020426;ENSG00000175305;ENSG00000147669;ENSG00000127184;ENSG00000171792;ENSG00000151615;ENSG00000112695;ENSG00000132646;ENSG00000175643;ENSG00000101412;ENSG00000149554;ENSG00000158402;ENSG00000111775;ENSG00000088325;ENSG00000087088;ENSG00000163918;ENSG00000119487;ENSG00000015475;ENSG00000176340;ENSG00000104695;ENSG00000138346;ENSG00000172530;ENSG00000080839;ENSG00000204356;ENSG00000166337;ENSG00000003400;ENSG00000183955;ENSG00000114126;ENSG00000057657;ENSG00000105258;ENSG00000049541;ENSG00000133119;ENSG00000118046;ENSG00000198176;ENSG00000135940;ENSG00000198431;ENSG00000012048;ENSG00000042286;ENSG00000025293;ENSG00000164919;ENSG00000143947;ENSG00000136319;ENSG00000087586;ENSG00000172115;ENSG00000182973;ENSG00000164053;ENSG00000170004;ENSG00000169230;ENSG00000117748;ENSG00000101158;ENSG00000221983;ENSG00000189043;ENSG00000163875;ENSG00000134248;ENSG00000170855;ENSG00000159388;ENSG00000115966;ENSG00000185386;ENSG00000113300;ENSG00000165699;ENSG00000113522;ENSG00000197050;ENSG00000166908;ENSG00000213246;ENSG00000111358;ENSG00000106617;ENSG00000149212;ENSG00000103197;ENSG00000073282;ENSG00000134698;ENSG00000100949;ENSG00000101773;ENSG00000103363;ENSG00000134574;ENSG00000104689;ENSG00000173530;ENSG00000036672;ENSG00000064995;ENSG00000109270;ENSG00000127334;ENSG00000102978;ENSG00000122512;ENSG00000113328;ENSG00000188986;ENSG00000134058;ENSG00000163781;ENSG00000120889;ENSG00000186654;ENSG00000071655;ENSG00000178913;ENSG00000112062;ENSG00000152942;ENSG00000116717;ENSG00000105173;ENSG00000169372;ENSG00000095002;ENSG00000088808;ENSG00000178966;ENSG00000111276;ENSG00000149480;ENSG00000148835;ENSG00000116954;ENSG00000151164;ENSG00000091106;ENSG00000110768;ENSG00000183765;ENSG00000181929;ENSG00000158169;ENSG00000167491;ENSG00000074590;ENSG00000102760;ENSG00000127445;ENSG00000149115;ENSG00000047315;ENSG00000181163;ENSG00000134480;ENSG00000137413;ENSG00000120471;ENSG00000120656;ENSG00000197780;ENSG00000115592;ENSG00000105221;ENSG00000118495
prerank,REACTOME_MITOCHONDRIAL_MRNA_MODIFICATION,-0.48528005988325557,-1.1645864421380403,0.26873494829295935,0.6095714322552621,1.0,8/10,45.92%,ENSG00000119705;ENSG00000182768;ENSG00000156990;ENSG00000167112;ENSG00000118246;ENSG00000156469;ENSG00000171103;ENSG00000165526
prerank,REACTOME_TIE2_SIGNALING,0.2868858122507036,0.9473418900183826,0.5086705202312138,0.6098762113273146,1.0,2/18,2.39%,ENSG00000177885;ENSG00000174775
prerank,REACTOME_CS_GAG_BIOSYNTHESIS,-0.39669956943039164,-1.1650422099150826,0.2621307311856704,0.610434991646786,1.0,7/21,18.80%,ENSG00000173546;ENSG00000033100;ENSG00000198108;ENSG00000171310;ENSG00000123989;ENSG00000132692;ENSG00000131873
prerank,REACTOME_RUNX1_REGULATES_GENES_INVOLVED_IN_MEGAKARYOCYTE_DIFFERENTIATION_AND_PLATELET_FUNCTION,-0.3285851840426177,-1.1670010078117223,0.22851127074560318,0.6112093678116768,1.0,17/52,20.05%,ENSG00000146047;ENSG00000155363;ENSG00000185245;ENSG00000163737;ENSG00000105968;ENSG00000123405;ENSG00000005961;ENSG00000188486;ENSG00000102145;ENSG00000246705;ENSG00000129691;ENSG00000196890;ENSG00000159216;ENSG00000197903;ENSG00000180573;ENSG00000180596;ENSG00000134698
prerank,REACTOME_PRESYNAPTIC_DEPOLARIZATION_AND_CALCIUM_CHANNEL_OPENING,-0.4732548450715101,-1.165387480064484,0.2683101619607281,0.6116386443984461,1.0,4/11,24.93%,ENSG00000167535;ENSG00000198216;ENSG00000165995;ENSG00000067191
prerank,REACTOME_AFLATOXIN_ACTIVATION_AND_DETOXIFICATION,-0.4165926636403683,-1.1657500222808188,0.2681267854713644,0.6127802916018413,1.0,6/17,19.13%,ENSG00000008394;ENSG00000131067;ENSG00000106258;ENSG00000243989;ENSG00000085871;ENSG00000143198
prerank,REACTOME_SYNTHESIS_SECRETION_AND_INACTIVATION_OF_GLUCAGON_LIKE_PEPTIDE_1_GLP_1,-0.41204249025218453,-1.157600231432912,0.2800432082095598,0.6155350341508405,1.0,10/18,24.46%,ENSG00000114902;ENSG00000166562;ENSG00000175426;ENSG00000111664;ENSG00000127588;ENSG00000186188;ENSG00000118363;ENSG00000168036;ENSG00000140612;ENSG00000129128
prerank,REACTOME_CDC42_GTPASE_CYCLE,-0.2785643638981934,-1.161143461283718,0.1888876615486579,0.6157409273973518,1.0,57/151,31.39%,ENSG00000161800;ENSG00000050327;ENSG00000196155;ENSG00000137962;ENSG00000129675;ENSG00000149357;ENSG00000183856;ENSG00000167617;ENSG00000147799;ENSG00000240771;ENSG00000120318;ENSG00000120802;ENSG00000198844;ENSG00000106636;ENSG00000105137;ENSG00000035499;ENSG00000107957;ENSG00000111348;ENSG00000113319;ENSG00000161791;ENSG00000079482;ENSG00000031003;ENSG00000130175;ENSG00000031081;ENSG00000149798;ENSG00000131089;ENSG00000242247;ENSG00000123143;ENSG00000164691;ENSG00000049245;ENSG00000107099;ENSG00000139734;ENSG00000088986;ENSG00000130052;ENSG00000128656;ENSG00000104728;ENSG00000160007;ENSG00000092531;ENSG00000163171;ENSG00000173218;ENSG00000196935;ENSG00000130158;ENSG00000186635;ENSG00000066248;ENSG00000137942;ENSG00000138639;ENSG00000100852;ENSG00000139117;ENSG00000186517;ENSG00000102302;ENSG00000105647;ENSG00000105875;ENSG00000198752;ENSG00000143776;ENSG00000090924;ENSG00000099331;ENSG00000136636
prerank,REACTOME_SYNTHESIS_OF_GLYCOSYLPHOSPHATIDYLINOSITOL_GPI,-0.4242980731164119,-1.1603977357259239,0.27710191943768586,0.6158128227821029,1.0,9/16,39.00%,ENSG00000143315;ENSG00000165282;ENSG00000165195;ENSG00000151665;ENSG00000007541;ENSG00000060642;ENSG00000135845;ENSG00000163964;ENSG00000100564
prerank,REACTOME_DAG1_GLYCOSYLATIONS,-0.4152335668361708,-1.1580151257591886,0.2708333333333333,0.6164566352909122,1.0,10/17,49.99%,ENSG00000085998;ENSG00000173402;ENSG00000144647;ENSG00000130714;ENSG00000174684;ENSG00000164414;ENSG00000118600;ENSG00000162885;ENSG00000176087;ENSG00000009830
prerank,REACTOME_TRANSPORT_OF_NUCLEOSIDES_AND_FREE_PURINE_AND_PYRIMIDINE_BASES_ACROSS_THE_PLASMA_MEMBRANE,-0.4589854630048691,-1.1592862843011216,0.27203389830508473,0.6169930879135194,1.0,6/12,31.74%,ENSG00000156222;ENSG00000005022;ENSG00000102931;ENSG00000151729;ENSG00000213465;ENSG00000169100
prerank,REACTOME_SIGNALING_BY_NTRK3_TRKC,0.29318917372548425,0.9433039699728369,0.5195861049519586,0.6172303263137761,1.0,2/17,2.39%,ENSG00000177885;ENSG00000174775
prerank,REACTOME_TNFS_BIND_THEIR_PHYSIOLOGICAL_RECEPTORS,-0.37147146234569783,-1.161359777337782,0.25525800130633575,0.6173052399084338,1.0,8/28,21.70%,ENSG00000125726;ENSG00000125735;ENSG00000102524;ENSG00000215788;ENSG00000067182;ENSG00000125657;ENSG00000117560;ENSG00000139193
prerank,REACTOME_ACTIVATED_PKN1_STIMULATES_TRANSCRIPTION_OF_AR_ANDROGEN_RECEPTOR_REGULATED_GENES_KLK2_AND_KLK3,-0.3883154660665574,-1.1581441229342344,0.26902607770090475,0.6182894053662522,1.0,17/23,42.81%,ENSG00000146047;ENSG00000105968;ENSG00000188486;ENSG00000246705;ENSG00000196890;ENSG00000197903;ENSG00000123143;ENSG00000180573;ENSG00000180596;ENSG00000124635;ENSG00000197409;ENSG00000184678;ENSG00000158406;ENSG00000184260;ENSG00000158373;ENSG00000132475;ENSG00000197837
prerank,REACTOME_IRAK1_RECRUITS_IKK_COMPLEX,0.3167918893395558,0.9423046648377604,0.5100742311770944,0.6184021221092484,1.0,2/13,3.30%,ENSG00000150991;ENSG00000184216
prerank,REACTOME_RUNX2_REGULATES_OSTEOBLAST_DIFFERENTIATION,-0.3942636607855208,-1.1558819291198466,0.2785248302489682,0.6186145727326041,1.0,10/21,26.38%,ENSG00000018408;ENSG00000197122;ENSG00000102882;ENSG00000242252;ENSG00000108821;ENSG00000198795;ENSG00000100030;ENSG00000178573;ENSG00000119042;ENSG00000106571
prerank,REACTOME_REGULATION_OF_GLUCOKINASE_BY_GLUCOKINASE_REGULATORY_PROTEIN,0.24760900610876804,0.9416104303427634,0.5561268209083119,0.6189069476672927,1.0,3/31,2.93%,ENSG00000094914;ENSG00000213024;ENSG00000102900
prerank,REACTOME_FORMATION_OF_SENESCENCE_ASSOCIATED_HETEROCHROMATIN_FOCI_SAHF,-0.43022605484728166,-1.1540276781697765,0.2829382579933848,0.6221242147601885,1.0,7/15,14.09%,ENSG00000113368;ENSG00000124575;ENSG00000189060;ENSG00000168298;ENSG00000187837;ENSG00000149948;ENSG00000118900
prerank,REACTOME_NCAM1_INTERACTIONS,-0.3410918621313384,-1.1527547990171068,0.2567756712049879,0.6238550860387126,1.0,15/40,29.29%,ENSG00000167535;ENSG00000204262;ENSG00000130635;ENSG00000168542;ENSG00000172752;ENSG00000139219;ENSG00000206384;ENSG00000092758;ENSG00000165995;ENSG00000163359;ENSG00000067191;ENSG00000157388;ENSG00000171867;ENSG00000134871;ENSG00000117407
prerank,REACTOME_REGULATION_OF_IFNG_SIGNALING,-0.4445539444966078,-1.1519665410722721,0.29041666666666666,0.6240639628127582,1.0,4/13,12.22%,ENSG00000175354;ENSG00000159128;ENSG00000116030;ENSG00000179295
prerank,REACTOME_RNA_POLYMERASE_II_TRANSCRIPTION,-0.24615792119147065,-1.151020891157854,0.029811924769907964,0.6247856809436402,1.0,492/1274,31.79%,ENSG00000149932;ENSG00000081189;ENSG00000175063;ENSG00000136943;ENSG00000111445;ENSG00000089685;ENSG00000062370;ENSG00000171817;ENSG00000140564;ENSG00000198521;ENSG00000167562;ENSG00000129173;ENSG00000174371;ENSG00000051180;ENSG00000106399;ENSG00000178999;ENSG00000013619;ENSG00000145386;ENSG00000170312;ENSG00000197123;ENSG00000167965;ENSG00000198542;ENSG00000177426;ENSG00000140525;ENSG00000018408;ENSG00000165891;ENSG00000134057;ENSG00000146047;ENSG00000123374;ENSG00000119927;ENSG00000106366;ENSG00000094880;ENSG00000131174;ENSG00000131143;ENSG00000159377;ENSG00000145736;ENSG00000144554;ENSG00000187187;ENSG00000083838;ENSG00000171848;ENSG00000100142;ENSG00000151849;ENSG00000197013;ENSG00000155363;ENSG00000197299;ENSG00000115129;ENSG00000149357;ENSG00000118515;ENSG00000005075;ENSG00000188186;ENSG00000204604;ENSG00000185245;ENSG00000196967;ENSG00000185379;ENSG00000242852;ENSG00000168002;ENSG00000179222;ENSG00000101892;ENSG00000105327;ENSG00000156802;ENSG00000020426;ENSG00000175305;ENSG00000176697;ENSG00000147669;ENSG00000127184;ENSG00000171792;ENSG00000151615;ENSG00000140307;ENSG00000112695;ENSG00000112576;ENSG00000130844;ENSG00000198185;ENSG00000132646;ENSG00000082014;ENSG00000175643;ENSG00000186777;ENSG00000130005;ENSG00000178150;ENSG00000101412;ENSG00000163737;ENSG00000149554;ENSG00000158402;ENSG00000127081;ENSG00000101057;ENSG00000111775;ENSG00000115216;ENSG00000141736;ENSG00000088325;ENSG00000120784;ENSG00000087088;ENSG00000197122;ENSG00000126756;ENSG00000105968;ENSG00000140262;ENSG00000123405;ENSG00000136146;ENSG00000141552;ENSG00000198028;ENSG00000136574;ENSG00000163918;ENSG00000119487;ENSG00000015475;ENSG00000126351;ENSG00000176340;ENSG00000111424;ENSG00000104695;ENSG00000005961;ENSG00000137815;ENSG00000138346;ENSG00000172530;ENSG00000080839;ENSG00000178691;ENSG00000134250;ENSG00000172819;ENSG00000204356;ENSG00000161638;ENSG00000187792;ENSG00000155868;ENSG00000196466;ENSG00000085644;ENSG00000158828;ENSG00000166295;ENSG00000167005;ENSG00000166337;ENSG00000205323;ENSG00000097046;ENSG00000198440;ENSG00000204611;ENSG00000003400;ENSG00000124795;ENSG00000183955;ENSG00000114126;ENSG00000057657;ENSG00000102882;ENSG00000131115;ENSG00000146757;ENSG00000105258;ENSG00000090060;ENSG00000049541;ENSG00000133119;ENSG00000168301;ENSG00000121417;ENSG00000108590;ENSG00000167384;ENSG00000131981;ENSG00000136866;ENSG00000118046;ENSG00000119203;ENSG00000188486;ENSG00000066136;ENSG00000163950;ENSG00000004897;ENSG00000123358;ENSG00000073584;ENSG00000198176;ENSG00000135940;ENSG00000137947;ENSG00000198431;ENSG00000116030;ENSG00000012048;ENSG00000042286;ENSG00000156374;ENSG00000025293;ENSG00000181817;ENSG00000102145;ENSG00000118260;ENSG00000184113;ENSG00000242252;ENSG00000197044;ENSG00000101849;ENSG00000267680;ENSG00000164919;ENSG00000088179;ENSG00000143947;ENSG00000066427;ENSG00000160201;ENSG00000246705;ENSG00000020633;ENSG00000143977;ENSG00000121406;ENSG00000108506;ENSG00000129691;ENSG00000143799;ENSG00000179295;ENSG00000136319;ENSG00000066336;ENSG00000141027;ENSG00000167555;ENSG00000087586;ENSG00000196890;ENSG00000197497;ENSG00000084093;ENSG00000172115;ENSG00000164692;ENSG00000182973;ENSG00000089225;ENSG00000164053;ENSG00000168067;ENSG00000159216;ENSG00000170004;ENSG00000169230;ENSG00000196110;ENSG00000117748;ENSG00000176293;ENSG00000198146;ENSG00000197903;ENSG00000101076;ENSG00000184162;ENSG00000101158;ENSG00000196482;ENSG00000184384;ENSG00000221983;ENSG00000189180;ENSG00000189043;ENSG00000136750;ENSG00000089053;ENSG00000159915;ENSG00000196757;ENSG00000108106;ENSG00000163875;ENSG00000125835;ENSG00000134248;ENSG00000170855;ENSG00000108821;ENSG00000160075;ENSG00000164093;ENSG00000169131;ENSG00000105708;ENSG00000164631;ENSG00000100603;ENSG00000186350;ENSG00000183684;ENSG00000198795;ENSG00000159388;ENSG00000115966;ENSG00000143387;ENSG00000171649;ENSG00000138764;ENSG00000196391;ENSG00000023608;ENSG00000158022;ENSG00000111196;ENSG00000135446;ENSG00000146648;ENSG00000185386;ENSG00000113300;ENSG00000134371;ENSG00000141425;ENSG00000117010;ENSG00000068024;ENSG00000106462;ENSG00000136826;ENSG00000063244;ENSG00000168661;ENSG00000164162;ENSG00000176102;ENSG00000164609;ENSG00000165699;ENSG00000113522;ENSG00000164975;ENSG00000160352;ENSG00000197050;ENSG00000166908;ENSG00000164011;ENSG00000175206;ENSG00000213246;ENSG00000111358;ENSG00000152454;ENSG00000100030;ENSG00000164941;ENSG00000197128;ENSG00000180573;ENSG00000161057;ENSG00000123136;ENSG00000196150;ENSG00000139343;ENSG00000196437;ENSG00000100650;ENSG00000100028;ENSG00000172748;ENSG00000112237;ENSG00000108854;ENSG00000106617;ENSG00000197343;ENSG00000151650;ENSG00000025434;ENSG00000143365;ENSG00000100567;ENSG00000197566;ENSG00000187079;ENSG00000149212;ENSG00000105976;ENSG00000118523;ENSG00000103197;ENSG00000078747;ENSG00000108576;ENSG00000073282;ENSG00000180596;ENSG00000134698;ENSG00000205937;ENSG00000164684;ENSG00000177873;ENSG00000178386;ENSG00000178573;ENSG00000100949;ENSG00000188868;ENSG00000101773;ENSG00000106588;ENSG00000103363;ENSG00000134574;ENSG00000180628;ENSG00000053900;ENSG00000185947;ENSG00000104689;ENSG00000186272;ENSG00000153107;ENSG00000117560;ENSG00000163517;ENSG00000172888;ENSG00000196378;ENSG00000122484;ENSG00000173530;ENSG00000036672;ENSG00000105136;ENSG00000064995;ENSG00000075407;ENSG00000109270;ENSG00000133740;ENSG00000179965;ENSG00000127334;ENSG00000088876;ENSG00000119042;ENSG00000144381;ENSG00000104976;ENSG00000102978;ENSG00000168036;ENSG00000122512;ENSG00000130165;ENSG00000256683;ENSG00000113328;ENSG00000087510;ENSG00000171223;ENSG00000105325;ENSG00000184517;ENSG00000197302;ENSG00000171295;ENSG00000188986;ENSG00000103266;ENSG00000134058;ENSG00000163781;ENSG00000130818;ENSG00000120889;ENSG00000186654;ENSG00000106261;ENSG00000196705;ENSG00000101335;ENSG00000131910;ENSG00000071655;ENSG00000007866;ENSG00000178913;ENSG00000112062;ENSG00000152942;ENSG00000102021;ENSG00000196172;ENSG00000143106;ENSG00000130544;ENSG00000204227;ENSG00000112038;ENSG00000164442;ENSG00000116717;ENSG00000171469;ENSG00000175322;ENSG00000131408;ENSG00000141646;ENSG00000198668;ENSG00000072401;ENSG00000196418;ENSG00000105173;ENSG00000136930;ENSG00000149054;ENSG00000083817;ENSG00000133703;ENSG00000105497;ENSG00000196387;ENSG00000169372;ENSG00000095002;ENSG00000196092;ENSG00000171843;ENSG00000171827;ENSG00000183072;ENSG00000136244;ENSG00000012504;ENSG00000182903;ENSG00000197385;ENSG00000198538;ENSG00000088808;ENSG00000136518;ENSG00000256294;ENSG00000106571;ENSG00000178966;ENSG00000100519;ENSG00000159885;ENSG00000058673;ENSG00000111276;ENSG00000131652;ENSG00000141543;ENSG00000149480;ENSG00000196152;ENSG00000010539;ENSG00000115232;ENSG00000148835;ENSG00000213096;ENSG00000083844;ENSG00000081386;ENSG00000006377;ENSG00000116954;ENSG00000188033;ENSG00000151164;ENSG00000124635;ENSG00000196357;ENSG00000164902;ENSG00000091106;ENSG00000124641;ENSG00000110768;ENSG00000183765;ENSG00000181929;ENSG00000197714;ENSG00000158169;ENSG00000167491;ENSG00000080503;ENSG00000100387;ENSG00000197409;ENSG00000152284;ENSG00000118971;ENSG00000133398;ENSG00000170142;ENSG00000160113;ENSG00000074590;ENSG00000102760;ENSG00000049768;ENSG00000178229;ENSG00000127445;ENSG00000116754;ENSG00000120798;ENSG00000149115;ENSG00000182141;ENSG00000047315;ENSG00000199568;ENSG00000197937;ENSG00000121481;ENSG00000181163;ENSG00000138741;ENSG00000134480;ENSG00000197362;ENSG00000167377;ENSG00000008018;ENSG00000132522;ENSG00000137413;ENSG00000184481;ENSG00000136931;ENSG00000120471;ENSG00000120656;ENSG00000197780;ENSG00000153234;ENSG00000005801;ENSG00000115592;ENSG00000197016;ENSG00000146678;ENSG00000171466;ENSG00000204947;ENSG00000196652;ENSG00000204920;ENSG00000179195;ENSG00000105221;ENSG00000118495;ENSG00000140836;ENSG00000122386;ENSG00000166704;ENSG00000163636;ENSG00000197951;ENSG00000164885;ENSG00000175197;ENSG00000115875;ENSG00000101811;ENSG00000112081;ENSG00000112378;ENSG00000142082;ENSG00000112033;ENSG00000060069;ENSG00000198466;ENSG00000159905;ENSG00000170365
prerank,REACTOME_RHOC_GTPASE_CYCLE,-0.303971844045105,-1.1474566116551048,0.24364457115704444,0.6336517502581023,1.0,30/73,23.42%,ENSG00000161800;ENSG00000050327;ENSG00000122966;ENSG00000011426;ENSG00000183856;ENSG00000155366;ENSG00000147799;ENSG00000240771;ENSG00000120802;ENSG00000114993;ENSG00000035499;ENSG00000177469;ENSG00000110237;ENSG00000161791;ENSG00000079482;ENSG00000162236;ENSG00000123143;ENSG00000074695;ENSG00000065243;ENSG00000049245;ENSG00000204178;ENSG00000076706;ENSG00000139734;ENSG00000107897;ENSG00000088986;ENSG00000067900;ENSG00000104728;ENSG00000160007;ENSG00000214944;ENSG00000173218
prerank,REACTOME_CREATINE_METABOLISM,0.33138644281635643,0.9331501138474083,0.5243691669547182,0.6353619584652562,1.0,2/11,3.32%,ENSG00000130821;ENSG00000111181
prerank,REACTOME_CASPASE_ACTIVATION_VIA_DEATH_RECEPTORS_IN_THE_PRESENCE_OF_LIGAND,-0.41947164364641504,-1.1455197275711697,0.29681167252094026,0.637412918985175,1.0,10/16,43.37%,ENSG00000003402;ENSG00000104689;ENSG00000117560;ENSG00000120889;ENSG00000170458;ENSG00000127191;ENSG00000137275;ENSG00000064012;ENSG00000154589;ENSG00000121858
prerank,REACTOME_PEROXISOMAL_LIPID_METABOLISM,-0.36504495117720825,-1.1433092551455037,0.2804080565001308,0.6420946334125888,1.0,19/28,50.99%,ENSG00000115425;ENSG00000168306;ENSG00000113790;ENSG00000101473;ENSG00000242612;ENSG00000107897;ENSG00000100372;ENSG00000175215;ENSG00000133835;ENSG00000213965;ENSG00000005469;ENSG00000101986;ENSG00000072210;ENSG00000140284;ENSG00000116882;ENSG00000087008;ENSG00000103150;ENSG00000140876;ENSG00000107537
prerank,REACTOME_G_ALPHA_S_SIGNALLING_EVENTS,0.18271913862345412,0.9271681797062742,0.6868884540117417,0.645760930734084,1.0,25/137,12.12%,ENSG00000078369;ENSG00000108946;ENSG00000109606;ENSG00000087460;ENSG00000072062;ENSG00000118702;ENSG00000166603;ENSG00000078549;ENSG00000114353;ENSG00000168243;ENSG00000173918;ENSG00000186642;ENSG00000162188;ENSG00000115263;ENSG00000106113;ENSG00000141433;ENSG00000184845;ENSG00000171509;ENSG00000115138;ENSG00000043591;ENSG00000170128;ENSG00000169252;ENSG00000141480;ENSG00000170820;ENSG00000166073
prerank,REACTOME_ATP_DEPENDENT_CHROMATIN_REMODELERS,0.24393284517080438,0.926490264368872,0.5716186252771619,0.6461685763017622,1.0,3/31,2.75%,ENSG00000075624;ENSG00000127616;ENSG00000099956
prerank,REACTOME_VEGFR2_MEDIATED_CELL_PROLIFERATION,0.2762643485960425,0.9273632460158502,0.5548872180451128,0.6463384899620745,1.0,2/19,2.39%,ENSG00000112715;ENSG00000174775
prerank,REACTOME_CONSTITUTIVE_SIGNALING_BY_ABERRANT_PI3K_IN_CANCER,0.19703024497643998,0.9251160217633873,0.6317523056653491,0.6479701740592364,1.0,19/79,12.14%,ENSG00000138798;ENSG00000177885;ENSG00000114013;ENSG00000185737;ENSG00000178562;ENSG00000158815;ENSG00000169752;ENSG00000066468;ENSG00000134853;ENSG00000075388;ENSG00000148053;ENSG00000157404;ENSG00000138675;ENSG00000101464;ENSG00000185652;ENSG00000077782;ENSG00000078579;ENSG00000157168;ENSG00000197461
prerank,REACTOME_PROCESSING_AND_ACTIVATION_OF_SUMO,0.34124301106782207,0.924622519870393,0.5438834293459844,0.6480237440525808,1.0,2/10,3.40%,ENSG00000142230;ENSG00000184900
prerank,REACTOME_RAP1_SIGNALLING,0.2885949427594867,0.9235426652405242,0.53397341211226,0.6492397641382446,1.0,2/16,2.70%,ENSG00000166913;ENSG00000072062
prerank,REACTOME_ADIPOGENESIS,0.18877510217600493,0.9229632032124045,0.6683006535947712,0.6494760125644635,1.0,6/108,2.05%,ENSG00000153187;ENSG00000171720;ENSG00000116478;ENSG00000111642;ENSG00000198911;ENSG00000105329
prerank,REACTOME_TRANSLATION,-0.25470789255433807,-1.1386931994356446,0.15203536184210525,0.6497711000031171,1.0,183/360,31.68%,ENSG00000174444;ENSG00000204822;ENSG00000149806;ENSG00000159377;ENSG00000166902;ENSG00000131469;ENSG00000004779;ENSG00000100129;ENSG00000105372;ENSG00000114902;ENSG00000048544;ENSG00000180879;ENSG00000114942;ENSG00000184110;ENSG00000254772;ENSG00000115268;ENSG00000114686;ENSG00000142676;ENSG00000198755;ENSG00000130255;ENSG00000136942;ENSG00000132591;ENSG00000166562;ENSG00000163479;ENSG00000162244;ENSG00000143436;ENSG00000142541;ENSG00000175110;ENSG00000156482;ENSG00000172586;ENSG00000104131;ENSG00000181991;ENSG00000105640;ENSG00000100316;ENSG00000172590;ENSG00000182934;ENSG00000175390;ENSG00000177954;ENSG00000177600;ENSG00000143314;ENSG00000143742;ENSG00000130312;ENSG00000109475;ENSG00000114850;ENSG00000104529;ENSG00000144867;ENSG00000167862;ENSG00000116251;ENSG00000151247;ENSG00000243147;ENSG00000172809;ENSG00000265681;ENSG00000082515;ENSG00000071082;ENSG00000061794;ENSG00000179271;ENSG00000136522;ENSG00000134056;ENSG00000182154;ENSG00000143947;ENSG00000116898;ENSG00000182180;ENSG00000090263;ENSG00000128626;ENSG00000125977;ENSG00000090861;ENSG00000173141;ENSG00000140988;ENSG00000178982;ENSG00000189369;ENSG00000187840;ENSG00000174547;ENSG00000167526;ENSG00000221983;ENSG00000135900;ENSG00000037241;ENSG00000116221;ENSG00000063177;ENSG00000118363;ENSG00000130921;ENSG00000169288;ENSG00000122406;ENSG00000100883;ENSG00000130811;ENSG00000149273;ENSG00000242485;ENSG00000120662;ENSG00000175756;ENSG00000185608;ENSG00000125901;ENSG00000115364;ENSG00000096080;ENSG00000118181;ENSG00000149100;ENSG00000140986;ENSG00000161970;ENSG00000147604;ENSG00000110700;ENSG00000162396;ENSG00000152684;ENSG00000108298;ENSG00000161057;ENSG00000156928;ENSG00000102738;ENSG00000085760;ENSG00000140105;ENSG00000198034;ENSG00000180992;ENSG00000198015;ENSG00000153037;ENSG00000100567;ENSG00000142937;ENSG00000122026;ENSG00000106305;ENSG00000062582;ENSG00000174780;ENSG00000106588;ENSG00000103363;ENSG00000137818;ENSG00000111639;ENSG00000213741;ENSG00000122140;ENSG00000137547;ENSG00000113407;ENSG00000172172;ENSG00000164347;ENSG00000145592;ENSG00000070785;ENSG00000105364;ENSG00000183617;ENSG00000175581;ENSG00000259494;ENSG00000106105;ENSG00000140612;ENSG00000089157;ENSG00000113048;ENSG00000112306;ENSG00000156508;ENSG00000129128;ENSG00000148187;ENSG00000143106;ENSG00000262814;ENSG00000197728;ENSG00000174748;ENSG00000143374;ENSG00000147677;ENSG00000072401;ENSG00000136930;ENSG00000149792;ENSG00000112651;ENSG00000182899;ENSG00000168028;ENSG00000100519;ENSG00000055950;ENSG00000067167;ENSG00000144713;ENSG00000111361;ENSG00000197958;ENSG00000172053;ENSG00000145982;ENSG00000100664;ENSG00000145425;ENSG00000100387;ENSG00000198918;ENSG00000161016;ENSG00000083845;ENSG00000166441;ENSG00000031698;ENSG00000141002;ENSG00000101210;ENSG00000125691;ENSG00000125821;ENSG00000008018;ENSG00000112996;ENSG00000123297;ENSG00000105193;ENSG00000171863;ENSG00000163636;ENSG00000124614;ENSG00000106591;ENSG00000142534;ENSG00000132313;ENSG00000115211
prerank,REACTOME_P130CAS_LINKAGE_TO_MAPK_SIGNALING_FOR_INTEGRINS,-0.42386563334903415,-1.1398763022767684,0.2948416539897663,0.6505890916144396,1.0,4/15,5.80%,ENSG00000050820;ENSG00000171560;ENSG00000197122;ENSG00000005961
prerank,REACTOME_INTERFERON_ALPHA_BETA_SIGNALING,-0.3102514859601688,-1.1389984302196998,0.25633904853900025,0.6510772380409808,1.0,31/64,34.83%,ENSG00000185201;ENSG00000204592;ENSG00000204642;ENSG00000204264;ENSG00000165949;ENSG00000119922;ENSG00000143947;ENSG00000179295;ENSG00000135828;ENSG00000221983;ENSG00000130303;ENSG00000068079;ENSG00000172183;ENSG00000184979;ENSG00000152778;ENSG00000068745;ENSG00000142089;ENSG00000125347;ENSG00000159110;ENSG00000119917;ENSG00000213928;ENSG00000117595;ENSG00000185885;ENSG00000185745;ENSG00000126709;ENSG00000126456;ENSG00000142166;ENSG00000134321;ENSG00000164163;ENSG00000204632;ENSG00000105397
prerank,REACTOME_FGFR1C_LIGAND_BINDING_AND_ACTIVATION,0.32426864160150204,0.9213791162532786,0.5524305555555555,0.651758139966286,1.0,5/11,11.44%,ENSG00000158815;ENSG00000075388;ENSG00000138675;ENSG00000077782;ENSG00000078579
prerank,REACTOME_THYROXINE_BIOSYNTHESIS,-0.43208107287969133,-1.1366990318808747,0.3068432671081678,0.6538365726690791,1.0,9/14,43.56%,ENSG00000140274;ENSG00000137857;ENSG00000211452;ENSG00000153066;ENSG00000140254;ENSG00000211448;ENSG00000197406;ENSG00000009765;ENSG00000135346
prerank,REACTOME_PIWI_INTERACTING_RNA_PIRNA_BIOGENESIS,-0.35955736363876517,-1.1329253171758613,0.2979745520643989,0.6544718764020915,1.0,9/29,10.78%,ENSG00000100142;ENSG00000005075;ENSG00000162639;ENSG00000168002;ENSG00000147669;ENSG00000182134;ENSG00000105258;ENSG00000185697;ENSG00000154438
prerank,REACTOME_SIGNALING_BY_TGFB_FAMILY_MEMBERS,-0.27242480555734044,-1.1330738623704915,0.22369866022402812,0.6562420963094051,1.0,55/154,23.48%,ENSG00000140564;ENSG00000157227;ENSG00000177426;ENSG00000018408;ENSG00000106366;ENSG00000205155;ENSG00000163083;ENSG00000155363;ENSG00000129152;ENSG00000090006;ENSG00000101892;ENSG00000150093;ENSG00000140262;ENSG00000070404;ENSG00000080839;ENSG00000158769;ENSG00000114126;ENSG00000102882;ENSG00000130725;ENSG00000119969;ENSG00000116750;ENSG00000198176;ENSG00000138613;ENSG00000143947;ENSG00000143799;ENSG00000141027;ENSG00000122641;ENSG00000115221;ENSG00000164692;ENSG00000143375;ENSG00000163430;ENSG00000035862;ENSG00000221983;ENSG00000138448;ENSG00000186298;ENSG00000100603;ENSG00000186350;ENSG00000119699;ENSG00000087074;ENSG00000069702;ENSG00000166147;ENSG00000100030;ENSG00000162736;ENSG00000112237;ENSG00000108854;ENSG00000108389;ENSG00000134698;ENSG00000163513;ENSG00000157077;ENSG00000117362;ENSG00000123999;ENSG00000133740;ENSG00000104899;ENSG00000171223;ENSG00000103266
prerank,REACTOME_TIGHT_JUNCTION_INTERACTIONS,-0.36199685418809446,-1.1337894287009143,0.2968220890856994,0.6562700130856173,1.0,8/28,18.74%,ENSG00000157224;ENSG00000164007;ENSG00000158769;ENSG00000184113;ENSG00000106404;ENSG00000178184;ENSG00000134873;ENSG00000130545
prerank,REACTOME_HEME_BIOSYNTHESIS,-0.43057081099691663,-1.1342442592402648,0.3085588679763704,0.657075785357841,1.0,8/14,26.44%,ENSG00000158578;ENSG00000188878;ENSG00000256269;ENSG00000126088;ENSG00000143224;ENSG00000066926;ENSG00000006695;ENSG00000014919
prerank,REACTOME_DEFECTIVE_C1GALT1C1_CAUSES_TNPS,0.2849018647558452,0.9180332065062756,0.5535512965050733,0.6576584894472408,1.0,7/17,16.21%,ENSG00000169894;ENSG00000215182;ENSG00000145113;ENSG00000204544;ENSG00000173702;ENSG00000169876;ENSG00000205277
prerank,REACTOME_REGULATION_OF_TP53_EXPRESSION_AND_DEGRADATION,-0.3398990622752419,-1.1345842357762514,0.28565926306329437,0.6582621768516085,1.0,11/37,13.88%,ENSG00000145386;ENSG00000170312;ENSG00000167965;ENSG00000123374;ENSG00000118515;ENSG00000119487;ENSG00000104695;ENSG00000057657;ENSG00000025293;ENSG00000143947;ENSG00000221983
prerank,REACTOME_CREATION_OF_C4_AND_C2_ACTIVATORS,-0.30374673754727205,-1.1292119021210627,0.2707714251753239,0.6638592057336059,1.0,18/67,24.22%,ENSG00000242534;ENSG00000211677;ENSG00000241351;ENSG00000244116;ENSG00000009724;ENSG00000211653;ENSG00000243238;ENSG00000240382;ENSG00000182326;ENSG00000239571;ENSG00000251546;ENSG00000240864;ENSG00000251039;ENSG00000242371;ENSG00000239951;ENSG00000184374;ENSG00000224373;ENSG00000211644
prerank,REACTOME_NOTCH3_INTRACELLULAR_DOMAIN_REGULATES_TRANSCRIPTION,-0.369696949564168,-1.1284786826314757,0.3096179183135705,0.6639175011249059,1.0,8/25,16.83%,ENSG00000126787;ENSG00000171611;ENSG00000013619;ENSG00000163909;ENSG00000184384;ENSG00000100603;ENSG00000185630;ENSG00000113645
prerank,REACTOME_PLATELET_SENSITIZATION_BY_LDL,0.28955914999403193,0.9142901935841311,0.5528425655976676,0.6644027537064702,1.0,3/16,6.87%,ENSG00000157193;ENSG00000105568;ENSG00000154001
prerank,REACTOME_CA_DEPENDENT_EVENTS,0.23012275701584073,0.9118825878571596,0.619291705498602,0.6683415217423608,1.0,4/36,5.50%,ENSG00000108946;ENSG00000072062;ENSG00000126583;ENSG00000182481
prerank,REACTOME_CLASS_A_1_RHODOPSIN_LIKE_RECEPTORS,-0.25663356127745957,-1.126086579777097,0.2,0.6691717420037145,1.0,59/274,20.12%,ENSG00000163736;ENSG00000109255;ENSG00000169508;ENSG00000184574;ENSG00000213906;ENSG00000255398;ENSG00000197696;ENSG00000169248;ENSG00000128617;ENSG00000078589;ENSG00000173585;ENSG00000105520;ENSG00000197993;ENSG00000163737;ENSG00000165409;ENSG00000135046;ENSG00000166148;ENSG00000125245;ENSG00000136160;ENSG00000163735;ENSG00000204174;ENSG00000171136;ENSG00000102468;ENSG00000125730;ENSG00000179921;ENSG00000132911;ENSG00000105819;ENSG00000163823;ENSG00000171631;ENSG00000171051;ENSG00000148680;ENSG00000140030;ENSG00000144891;ENSG00000117298;ENSG00000168229;ENSG00000047597;ENSG00000165621;ENSG00000104826;ENSG00000169403;ENSG00000126262;ENSG00000164850;ENSG00000134830;ENSG00000125910;ENSG00000131142;ENSG00000186188;ENSG00000163606;ENSG00000139679;ENSG00000267534;ENSG00000069696;ENSG00000169313;ENSG00000116014;ENSG00000113300;ENSG00000213903;ENSG00000164251;ENSG00000151577;ENSG00000143185;ENSG00000139574;ENSG00000185231;ENSG00000162009
prerank,REACTOME_REGULATED_PROTEOLYSIS_OF_P75NTR,0.3183727323829613,0.9109631345412977,0.5595854922279793,0.6692251224583861,1.0,2/11,4.53%,ENSG00000151694;ENSG00000064300
prerank,REACTOME_LANOSTEROL_BIOSYNTHESIS,-0.4236468881178126,-1.1176687577120208,0.32304103197474954,0.6778632463848571,1.0,8/14,27.20%,ENSG00000112972;ENSG00000079459;ENSG00000113161;ENSG00000163344;ENSG00000104549;ENSG00000167508;ENSG00000152904;ENSG00000205808
prerank,REACTOME_PROTEIN_METHYLATION,0.2812339595723692,0.9062402626981552,0.5703616352201258,0.6779201211090551,1.0,2/17,1.92%,ENSG00000109971;ENSG00000165280
prerank,REACTOME_ROLE_OF_LAT2_NTAL_LAB_ON_CALCIUM_MOBILIZATION,-0.30114216698261037,-1.1194064903008392,0.28699497967965576,0.6791154194125912,1.0,26/67,32.67%,ENSG00000242534;ENSG00000211677;ENSG00000241351;ENSG00000158869;ENSG00000244116;ENSG00000211653;ENSG00000243238;ENSG00000240382;ENSG00000239571;ENSG00000179639;ENSG00000251546;ENSG00000092068;ENSG00000240864;ENSG00000251039;ENSG00000242371;ENSG00000239951;ENSG00000224373;ENSG00000211644;ENSG00000160691;ENSG00000105647;ENSG00000033327;ENSG00000121879;ENSG00000239975;ENSG00000010810;ENSG00000211662;ENSG00000211934
prerank,REACTOME_REGULATION_OF_GENE_EXPRESSION_IN_LATE_STAGE_BRANCHING_MORPHOGENESIS_PANCREATIC_BUD_PRECURSOR_CELLS,-0.42483625510120865,-1.117922843563544,0.3282821325251412,0.6792958480867101,1.0,5/14,15.72%,ENSG00000013619;ENSG00000169856;ENSG00000184384;ENSG00000205922;ENSG00000100603
prerank,REACTOME_SIGNALING_BY_HIPPO,-0.38784013676347895,-1.1205667551011458,0.3204990609068956,0.6799452957305265,1.0,8/20,16.83%,ENSG00000166025;ENSG00000018408;ENSG00000114019;ENSG00000126016;ENSG00000114978;ENSG00000004975;ENSG00000173542;ENSG00000113645
prerank,REACTOME_PURINE_SALVAGE,-0.4333117894162171,-1.1197780348816586,0.32519315673289184,0.6801892301578178,1.0,5/13,12.37%,ENSG00000116337;ENSG00000156136;ENSG00000106992;ENSG00000116748;ENSG00000196839
prerank,REACTOME_ERBB2_ACTIVATES_PTK6_SIGNALING,0.30437030222093614,0.9043271755198065,0.5658223332144131,0.6808307741556021,1.0,3/13,5.71%,ENSG00000138798;ENSG00000185737;ENSG00000169752
prerank,REACTOME_TRANSCRIPTIONAL_REGULATION_OF_TESTIS_DIFFERENTIATION,-0.4414780669106835,-1.1159629309027523,0.3303785000703532,0.6809915952277523,1.0,6/12,30.34%,ENSG00000136574;ENSG00000183770;ENSG00000104899;ENSG00000184937;ENSG00000107317;ENSG00000136931
prerank,REACTOME_IRAK4_DEFICIENCY_TLR2_4,-0.3989492140780135,-1.1179873677032737,0.3254011422355181,0.6813217687225401,1.0,10/18,42.67%,ENSG00000171560;ENSG00000189403;ENSG00000174130;ENSG00000171564;ENSG00000135218;ENSG00000170458;ENSG00000154589;ENSG00000160678;ENSG00000010671;ENSG00000171557
prerank,REACTOME_UBIQUINOL_BIOSYNTHESIS,-0.4350530387817544,-1.120746007667266,0.3275527192008879,0.6816140031846598,1.0,7/13,22.63%,ENSG00000088682;ENSG00000186603;ENSG00000173085;ENSG00000123815;ENSG00000132423;ENSG00000164494;ENSG00000167186
prerank,REACTOME_PROLACTIN_RECEPTOR_SIGNALING,-0.4156330876898222,-1.1212125655491516,0.31963721313728183,0.6823861529069141,1.0,9/15,43.00%,ENSG00000179295;ENSG00000173757;ENSG00000126561;ENSG00000100387;ENSG00000096968;ENSG00000166167;ENSG00000112964;ENSG00000113558;ENSG00000172179
prerank,REACTOME_FORMATION_OF_THE_EARLY_ELONGATION_COMPLEX,-0.34267392256351475,-1.112324043709718,0.3176229508196721,0.6857452208643977,1.0,21/33,35.88%,ENSG00000145736;ENSG00000100142;ENSG00000005075;ENSG00000168002;ENSG00000020426;ENSG00000147669;ENSG00000204356;ENSG00000105258;ENSG00000101158;ENSG00000213246;ENSG00000111358;ENSG00000102978;ENSG00000188986;ENSG00000134058;ENSG00000110768;ENSG00000047315;ENSG00000134480;ENSG00000060069;ENSG00000272047;ENSG00000188342;ENSG00000163882
prerank,REACTOME_REGULATION_OF_ENDOGENOUS_RETROELEMENTS_BY_THE_HUMAN_SILENCING_HUB_HUSH_COMPLEX,-0.3532054163616729,-1.103911080752621,0.32916177812540737,0.6858638026676731,1.0,19/28,42.81%,ENSG00000146047;ENSG00000105968;ENSG00000188486;ENSG00000246705;ENSG00000196890;ENSG00000197903;ENSG00000180573;ENSG00000180596;ENSG00000143379;ENSG00000124635;ENSG00000163946;ENSG00000197409;ENSG00000076053;ENSG00000184678;ENSG00000158406;ENSG00000184260;ENSG00000158373;ENSG00000132475;ENSG00000197837
prerank,REACTOME_COPII_MEDIATED_VESICLE_TRANSPORT,-0.2979220282490489,-1.106645163503909,0.29667427062072277,0.6859989325158229,1.0,31/67,32.22%,ENSG00000150961;ENSG00000181029;ENSG00000106636;ENSG00000108433;ENSG00000138073;ENSG00000167515;ENSG00000157020;ENSG00000114745;ENSG00000169223;ENSG00000162236;ENSG00000138768;ENSG00000101160;ENSG00000167110;ENSG00000074695;ENSG00000100934;ENSG00000136874;ENSG00000114988;ENSG00000170348;ENSG00000152700;ENSG00000086598;ENSG00000138069;ENSG00000085063;ENSG00000197249;ENSG00000092108;ENSG00000138802;ENSG00000093183;ENSG00000176986;ENSG00000007255;ENSG00000138674;ENSG00000134265;ENSG00000109861
prerank,REACTOME_TRANSCRIPTIONAL_REGULATION_OF_PLURIPOTENT_STEM_CELLS,-0.3554057048920452,-1.1129241847411007,0.3222600052314936,0.6860889774154726,1.0,10/28,25.21%,ENSG00000107984;ENSG00000131914;ENSG00000133937;ENSG00000116016;ENSG00000185630;ENSG00000136826;ENSG00000204531;ENSG00000121570;ENSG00000156925;ENSG00000141646
prerank,REACTOME_CD22_MEDIATED_BCR_REGULATION,-0.3091541249225005,-1.1136103920598883,0.29647571757296837,0.6861570065221638,1.0,16/57,24.22%,ENSG00000242534;ENSG00000211677;ENSG00000241351;ENSG00000244116;ENSG00000211653;ENSG00000243238;ENSG00000240382;ENSG00000239571;ENSG00000251546;ENSG00000240864;ENSG00000251039;ENSG00000242371;ENSG00000239951;ENSG00000105369;ENSG00000224373;ENSG00000211644
prerank,REACTOME_GENERATION_OF_SECOND_MESSENGER_MOLECULES,-0.3354114236335431,-1.1049798261214947,0.3245229499742135,0.686853125629534,1.0,12/35,26.31%,ENSG00000196126;ENSG00000010610;ENSG00000223865;ENSG00000198821;ENSG00000179344;ENSG00000123143;ENSG00000160654;ENSG00000100351;ENSG00000113263;ENSG00000167286;ENSG00000198851;ENSG00000082074
prerank,REACTOME_GP1B_IX_V_ACTIVATION_SIGNALLING,-0.4610358216456003,-1.1110200200966807,0.33418007338413774,0.6876441348475835,1.0,4/10,15.18%,ENSG00000185245;ENSG00000197122;ENSG00000164692;ENSG00000108821
prerank,REACTOME_TNFR1_INDUCED_PROAPOPTOTIC_SIGNALING,-0.36943427943959745,-1.1040172535557669,0.33767087276551,0.6876628925537408,1.0,15/23,49.74%,ENSG00000179526;ENSG00000118503;ENSG00000067182;ENSG00000036672;ENSG00000127191;ENSG00000114316;ENSG00000197530;ENSG00000137275;ENSG00000064012;ENSG00000083799;ENSG00000110330;ENSG00000158480;ENSG00000092098;ENSG00000023445;ENSG00000125826
prerank,REACTOME_NF_KB_ACTIVATION_THROUGH_FADD_RIP_1_PATHWAY_MEDIATED_BY_CASPASE_8_AND_10,-0.4411013567438148,-1.109508022495156,0.33819444444444446,0.6879444897510048,1.0,12/12,55.91%,ENSG00000181481;ENSG00000003400;ENSG00000107201;ENSG00000213341;ENSG00000137275;ENSG00000064012;ENSG00000121060;ENSG00000115267;ENSG00000104365;ENSG00000088888;ENSG00000168040;ENSG00000146833
prerank,REACTOME_SEROTONIN_RECEPTORS,-0.4484194253943392,-1.1066708106267125,0.3379966424174594,0.688088140461775,1.0,4/11,29.75%,ENSG00000102468;ENSG00000148680;ENSG00000179546;ENSG00000147246
prerank,REACTOME_PROTEIN_LIPOYLATION,-0.4601496210719079,-1.110026799954101,0.3385009244773147,0.6885292525662656,1.0,6/10,42.36%,ENSG00000004779;ENSG00000121897;ENSG00000137992;ENSG00000150768;ENSG00000175536;ENSG00000140905
prerank,REACTOME_TP53_REGULATES_TRANSCRIPTION_OF_GENES_INVOLVED_IN_CYTOCHROME_C_RELEASE,-0.38070012506950474,-1.1071951869601213,0.3361696380334954,0.6886445367063979,1.0,15/20,40.76%,ENSG00000105327;ENSG00000087088;ENSG00000015475;ENSG00000042286;ENSG00000169230;ENSG00000170855;ENSG00000197050;ENSG00000073282;ENSG00000088808;ENSG00000120471;ENSG00000141682;ENSG00000115107;ENSG00000141510;ENSG00000164938;ENSG00000141391
prerank,REACTOME_DEADENYLATION_DEPENDENT_MRNA_DECAY,-0.3062613741857,-1.1050687595535154,0.3098868666994589,0.688713237039273,1.0,32/55,41.22%,ENSG00000204392;ENSG00000120699;ENSG00000151247;ENSG00000170860;ENSG00000075914;ENSG00000164167;ENSG00000083223;ENSG00000182973;ENSG00000140694;ENSG00000171311;ENSG00000077348;ENSG00000172239;ENSG00000113300;ENSG00000106355;ENSG00000107371;ENSG00000152520;ENSG00000130332;ENSG00000141543;ENSG00000083520;ENSG00000149115;ENSG00000175324;ENSG00000140395;ENSG00000172795;ENSG00000198791;ENSG00000130713;ENSG00000110063;ENSG00000166889;ENSG00000111596;ENSG00000144580;ENSG00000088038;ENSG00000123737;ENSG00000204351
prerank,REACTOME_MITOCHONDRIAL_RNA_DEGRADATION,0.30893945025945746,0.8996313707053667,0.5754310344827587,0.689237791347876,1.0,1/12,1.16%,ENSG00000132463
prerank,REACTOME_DNA_DOUBLE_STRAND_BREAK_RESPONSE,-0.3078687597375056,-1.1071974278240888,0.3008240068872217,0.6908231603179903,1.0,34/55,39.48%,ENSG00000163322;ENSG00000146047;ENSG00000035499;ENSG00000166313;ENSG00000188486;ENSG00000116030;ENSG00000012048;ENSG00000169139;ENSG00000143947;ENSG00000196890;ENSG00000197903;ENSG00000221983;ENSG00000105393;ENSG00000113522;ENSG00000153147;ENSG00000180596;ENSG00000112130;ENSG00000162191;ENSG00000124635;ENSG00000066135;ENSG00000183765;ENSG00000121481;ENSG00000163961;ENSG00000184678;ENSG00000141510;ENSG00000168148;ENSG00000158406;ENSG00000177889;ENSG00000128731;ENSG00000170315;ENSG00000172977;ENSG00000009954;ENSG00000104313;ENSG00000158373
prerank,REACTOME_INTERLEUKIN_2_SIGNALING,-0.4509195330778798,-1.107825376845768,0.3481564874753729,0.6910521655316357,1.0,8/11,43.30%,ENSG00000100385;ENSG00000173757;ENSG00000126561;ENSG00000147168;ENSG00000160691;ENSG00000120899;ENSG00000165025;ENSG00000105639
prerank,REACTOME_CARDIOGENESIS,-0.3565212624597972,-1.1010005194207126,0.33676839741049014,0.69268567750359,1.0,13/26,40.45%,ENSG00000081189;ENSG00000136574;ENSG00000089225;ENSG00000113196;ENSG00000168036;ENSG00000141646;ENSG00000183072;ENSG00000016082;ENSG00000184481;ENSG00000170365;ENSG00000172977;ENSG00000184058;ENSG00000164532
prerank,REACTOME_COMPLEMENT_CASCADE,-0.2733578828849165,-1.0933149552505472,0.3099660249150623,0.6971723936117993,1.0,30/110,26.01%,ENSG00000242534;ENSG00000211677;ENSG00000110651;ENSG00000241351;ENSG00000224389;ENSG00000244116;ENSG00000009724;ENSG00000211653;ENSG00000243238;ENSG00000240382;ENSG00000182326;ENSG00000239571;ENSG00000125730;ENSG00000251546;ENSG00000134389;ENSG00000240864;ENSG00000134830;ENSG00000126759;ENSG00000251039;ENSG00000242371;ENSG00000239951;ENSG00000205403;ENSG00000085063;ENSG00000184374;ENSG00000080618;ENSG00000224373;ENSG00000149131;ENSG00000211644;ENSG00000080910;ENSG00000000971
prerank,REACTOME_TP53_REGULATES_TRANSCRIPTION_OF_DNA_REPAIR_GENES,-0.3015258472354405,-1.0971671714681457,0.3202083838139084,0.698041840627164,1.0,31/60,32.38%,ENSG00000140525;ENSG00000145736;ENSG00000144554;ENSG00000100142;ENSG00000005075;ENSG00000185379;ENSG00000168002;ENSG00000020426;ENSG00000147669;ENSG00000149554;ENSG00000204356;ENSG00000105258;ENSG00000012048;ENSG00000101158;ENSG00000115966;ENSG00000213246;ENSG00000111358;ENSG00000103363;ENSG00000134574;ENSG00000102978;ENSG00000122512;ENSG00000188986;ENSG00000134058;ENSG00000095002;ENSG00000110768;ENSG00000158169;ENSG00000047315;ENSG00000134480;ENSG00000060069;ENSG00000154582;ENSG00000272047
prerank,REACTOME_TRANSCRIPTIONAL_REGULATION_BY_SMALL_RNAS,-0.3354906034051738,-1.0950398673138118,0.33909726636999366,0.6982157021655168,1.0,11/34,13.53%,ENSG00000146047;ENSG00000100142;ENSG00000005075;ENSG00000168002;ENSG00000147669;ENSG00000105968;ENSG00000105258;ENSG00000188486;ENSG00000246705;ENSG00000196890;ENSG00000197903
prerank,REACTOME_WNT_LIGAND_BIOGENESIS_AND_TRAFFICKING,-0.3636607570723363,-1.098514368417692,0.33993138031142783,0.6982387524126066,1.0,11/24,25.35%,ENSG00000108379;ENSG00000115596;ENSG00000105989;ENSG00000114251;ENSG00000102312;ENSG00000117500;ENSG00000154342;ENSG00000154764;ENSG00000122958;ENSG00000134245;ENSG00000135925
prerank,REACTOME_G_ALPHA_Q_SIGNALLING_EVENTS,-0.25742500563438375,-1.0977228802922738,0.27627337201805285,0.6985091383431974,1.0,73/195,32.96%,ENSG00000109255;ENSG00000184574;ENSG00000213906;ENSG00000197696;ENSG00000078589;ENSG00000172354;ENSG00000240771;ENSG00000168959;ENSG00000135046;ENSG00000166148;ENSG00000127920;ENSG00000117676;ENSG00000136160;ENSG00000102468;ENSG00000102882;ENSG00000132911;ENSG00000071242;ENSG00000171631;ENSG00000111664;ENSG00000118260;ENSG00000140030;ENSG00000144891;ENSG00000163932;ENSG00000113070;ENSG00000169403;ENSG00000126262;ENSG00000127588;ENSG00000186188;ENSG00000173020;ENSG00000163606;ENSG00000096433;ENSG00000139679;ENSG00000116014;ENSG00000101333;ENSG00000146648;ENSG00000213903;ENSG00000164251;ENSG00000150681;ENSG00000100030;ENSG00000143185;ENSG00000139574;ENSG00000124205;ENSG00000180914;ENSG00000134780;ENSG00000172575;ENSG00000027075;ENSG00000121853;ENSG00000173198;ENSG00000181104;ENSG00000133703;ENSG00000213281;ENSG00000149091;ENSG00000088256;ENSG00000069966;ENSG00000215644;ENSG00000105647;ENSG00000143248;ENSG00000114450;ENSG00000147246;ENSG00000138741;ENSG00000121879;ENSG00000138835;ENSG00000068831;ENSG00000077044;ENSG00000122375;ENSG00000102780;ENSG00000171049;ENSG00000126010;ENSG00000244165;ENSG00000177189;ENSG00000164535;ENSG00000119714;ENSG00000122420
prerank,REACTOME_REGULATION_OF_TP53_ACTIVITY,-0.26239007324364344,-1.0934965693997074,0.2959251101321586,0.698715861792021,1.0,68/154,31.31%,ENSG00000111445;ENSG00000174371;ENSG00000106399;ENSG00000178999;ENSG00000145386;ENSG00000170312;ENSG00000167965;ENSG00000123374;ENSG00000197299;ENSG00000118515;ENSG00000171792;ENSG00000151615;ENSG00000175643;ENSG00000149554;ENSG00000088325;ENSG00000163918;ENSG00000119487;ENSG00000104695;ENSG00000138346;ENSG00000172530;ENSG00000166337;ENSG00000183955;ENSG00000057657;ENSG00000049541;ENSG00000133119;ENSG00000118046;ENSG00000012048;ENSG00000025293;ENSG00000143947;ENSG00000136319;ENSG00000087586;ENSG00000164053;ENSG00000170004;ENSG00000117748;ENSG00000221983;ENSG00000163875;ENSG00000185386;ENSG00000113522;ENSG00000166908;ENSG00000106617;ENSG00000073282;ENSG00000101773;ENSG00000036672;ENSG00000064995;ENSG00000127334;ENSG00000113328;ENSG00000163781;ENSG00000186654;ENSG00000071655;ENSG00000178913;ENSG00000112062;ENSG00000152942;ENSG00000088808;ENSG00000178966;ENSG00000149480;ENSG00000148835;ENSG00000151164;ENSG00000183765;ENSG00000181929;ENSG00000167491;ENSG00000074590;ENSG00000127445;ENSG00000137413;ENSG00000120656;ENSG00000197780;ENSG00000115592;ENSG00000105221;ENSG00000164885
prerank,REACTOME_RHOA_GTPASE_CYCLE,-0.26444069358714156,-1.0953712700196423,0.29259094942324754,0.6993494440544497,1.0,54/145,25.34%,ENSG00000161800;ENSG00000050327;ENSG00000196155;ENSG00000137962;ENSG00000122966;ENSG00000011426;ENSG00000183856;ENSG00000171680;ENSG00000147799;ENSG00000240771;ENSG00000213390;ENSG00000120318;ENSG00000120802;ENSG00000198844;ENSG00000106636;ENSG00000114993;ENSG00000198826;ENSG00000035499;ENSG00000177469;ENSG00000110237;ENSG00000008323;ENSG00000111348;ENSG00000113319;ENSG00000161791;ENSG00000079482;ENSG00000118804;ENSG00000162236;ENSG00000130175;ENSG00000031081;ENSG00000164040;ENSG00000123143;ENSG00000134516;ENSG00000074695;ENSG00000164691;ENSG00000065243;ENSG00000049245;ENSG00000204178;ENSG00000076706;ENSG00000139734;ENSG00000107897;ENSG00000198171;ENSG00000088986;ENSG00000067900;ENSG00000130052;ENSG00000104728;ENSG00000160007;ENSG00000092531;ENSG00000214944;ENSG00000173218;ENSG00000196935;ENSG00000047648;ENSG00000186635;ENSG00000113194;ENSG00000066248
prerank,REACTOME_MATERNAL_TO_ZYGOTIC_TRANSITION_MZT,-0.2882267412082386,-1.0911765062594379,0.3272985445509407,0.6994977730103068,1.0,41/74,42.81%,ENSG00000146047;ENSG00000105968;ENSG00000151247;ENSG00000188486;ENSG00000100697;ENSG00000246705;ENSG00000140988;ENSG00000196890;ENSG00000083223;ENSG00000182973;ENSG00000197903;ENSG00000076248;ENSG00000172239;ENSG00000113300;ENSG00000120727;ENSG00000073614;ENSG00000096063;ENSG00000180573;ENSG00000205022;ENSG00000180596;ENSG00000121570;ENSG00000144535;ENSG00000141543;ENSG00000124635;ENSG00000197409;ENSG00000149115;ENSG00000154582;ENSG00000184678;ENSG00000158806;ENSG00000239605;ENSG00000181038;ENSG00000198791;ENSG00000141510;ENSG00000158406;ENSG00000184260;ENSG00000111596;ENSG00000158373;ENSG00000144580;ENSG00000088038;ENSG00000132475;ENSG00000197837
prerank,REACTOME_SIGNALING_BY_NOTCH3,-0.3120524437149378,-1.0959083114893162,0.3309041501976285,0.6998134070989936,1.0,25/49,29.06%,ENSG00000126787;ENSG00000171611;ENSG00000013619;ENSG00000205155;ENSG00000214357;ENSG00000163909;ENSG00000138613;ENSG00000143947;ENSG00000184384;ENSG00000221983;ENSG00000100603;ENSG00000185630;ENSG00000146648;ENSG00000113645;ENSG00000162736;ENSG00000013810;ENSG00000117362;ENSG00000185811;ENSG00000128917;ENSG00000198373;ENSG00000197530;ENSG00000184916;ENSG00000197921;ENSG00000143801;ENSG00000004399
prerank,REACTOME_FACTORS_INVOLVED_IN_MEGAKARYOCYTE_DEVELOPMENT_AND_PLATELET_PRODUCTION,-0.26491115900751583,-1.0938219934538074,0.2902834454615639,0.6998289115392715,1.0,27/144,7.45%,ENSG00000161800;ENSG00000104892;ENSG00000185022;ENSG00000186185;ENSG00000112984;ENSG00000024422;ENSG00000137807;ENSG00000213934;ENSG00000138182;ENSG00000123374;ENSG00000135596;ENSG00000101162;ENSG00000142945;ENSG00000237649;ENSG00000138778;ENSG00000163808;ENSG00000013016;ENSG00000223609;ENSG00000064961;ENSG00000166483;ENSG00000121621;ENSG00000123405;ENSG00000136574;ENSG00000196565;ENSG00000079616;ENSG00000137267;ENSG00000090889
prerank,REACTOME_EPIGENETIC_REGULATION_BY_WDR5_CONTAINING_HISTONE_MODIFYING_COMPLEXES,-0.2706257389512379,-1.0912056169045217,0.30856366107838695,0.7015117540909634,1.0,65/120,43.79%,ENSG00000062282;ENSG00000164985;ENSG00000146047;ENSG00000119927;ENSG00000147872;ENSG00000134324;ENSG00000145919;ENSG00000105968;ENSG00000136146;ENSG00000151726;ENSG00000155868;ENSG00000166821;ENSG00000108590;ENSG00000188486;ENSG00000025293;ENSG00000101849;ENSG00000079435;ENSG00000175445;ENSG00000246705;ENSG00000129691;ENSG00000141027;ENSG00000196890;ENSG00000103510;ENSG00000197903;ENSG00000186350;ENSG00000180573;ENSG00000111058;ENSG00000112237;ENSG00000089123;ENSG00000180596;ENSG00000151332;ENSG00000151365;ENSG00000135218;ENSG00000124635;ENSG00000038219;ENSG00000124641;ENSG00000197409;ENSG00000133398;ENSG00000132522;ENSG00000169692;ENSG00000164885;ENSG00000245848;ENSG00000184678;ENSG00000117505;ENSG00000164758;ENSG00000197375;ENSG00000139620;ENSG00000175221;ENSG00000176476;ENSG00000167676;ENSG00000008838;ENSG00000158406;ENSG00000133997;ENSG00000184260;ENSG00000187778;ENSG00000158373;ENSG00000187288;ENSG00000198646;ENSG00000114166;ENSG00000132475;ENSG00000197837;ENSG00000154832;ENSG00000180182;ENSG00000011243;ENSG00000111727
prerank,REACTOME_ERYTHROPOIETIN_ACTIVATES_PHOSPHOINOSITIDE_3_KINASE_PI3K,-0.4278192485649035,-1.0883617756259742,0.3632922041503085,0.7039398235966355,1.0,6/12,34.66%,ENSG00000105851;ENSG00000171608;ENSG00000187266;ENSG00000096968;ENSG00000121879;ENSG00000254087
prerank,REACTOME_GENE_SILENCING_BY_RNA,-0.2943957038345755,-1.0889047547825639,0.3327353187417773,0.7043862052662976,1.0,18/66,13.53%,ENSG00000146047;ENSG00000100142;ENSG00000005075;ENSG00000162639;ENSG00000168002;ENSG00000147669;ENSG00000105968;ENSG00000116918;ENSG00000182134;ENSG00000105258;ENSG00000185697;ENSG00000186666;ENSG00000188486;ENSG00000100697;ENSG00000154438;ENSG00000246705;ENSG00000196890;ENSG00000197903
prerank,REACTOME_SIGNALING_BY_FGFR2_IIIA_TM,-0.38160464316139786,-1.0866850058924096,0.3568358850389471,0.706987697061302,1.0,6/19,8.04%,ENSG00000100142;ENSG00000005075;ENSG00000168002;ENSG00000147669;ENSG00000113578;ENSG00000105258
prerank,REACTOME_IRAK2_MEDIATED_ACTIVATION_OF_TAK1_COMPLEX,0.3257804532536442,0.8882087480209786,0.6092579986385296,0.7090710401223954,1.0,1/10,1.47%,ENSG00000150991
prerank,REACTOME_FORMATION_OF_THE_NON_CANONICAL_BAF_NCBAF_COMPLEX,0.27396552864681345,0.8887027496602382,0.6179564237415477,0.7091250111178589,1.0,2/17,2.55%,ENSG00000075624;ENSG00000127616
prerank,REACTOME_DECTIN_2_FAMILY,0.2511293838131997,0.8888297350129589,0.6301763017630176,0.7099202429693293,1.0,9/24,13.60%,ENSG00000166523;ENSG00000169894;ENSG00000215182;ENSG00000145113;ENSG00000204544;ENSG00000132514;ENSG00000166527;ENSG00000173702;ENSG00000169876
prerank,REACTOME_FORMATION_OF_THE_ANTERIOR_NEURAL_PLATE,-0.45438123517507045,-1.083991292804872,0.3702290076335878,0.7131100387301057,1.0,4/10,18.77%,ENSG00000169554;ENSG00000198795;ENSG00000185668;ENSG00000204531
prerank,REACTOME_EICOSANOID_LIGAND_BINDING_RECEPTORS,-0.4019670404346066,-1.0813257464712258,0.3687311592217046,0.7150117182664948,1.0,6/15,32.96%,ENSG00000213906;ENSG00000168229;ENSG00000213903;ENSG00000173198;ENSG00000125384;ENSG00000122420
prerank,REACTOME_SUMOYLATION_OF_TRANSCRIPTION_COFACTORS,0.2163844571708756,0.8845752815595674,0.6730679156908665,0.7152923957775077,1.0,4/42,3.40%,ENSG00000169375;ENSG00000116288;ENSG00000130726;ENSG00000184900
prerank,REACTOME_SUMOYLATION_OF_SUMOYLATION_PROTEINS,0.22801527711726716,0.8838346133014701,0.6599910992434357,0.7156903783424516,1.0,3/34,2.93%,ENSG00000094914;ENSG00000213024;ENSG00000102900
prerank,REACTOME_HEME_SIGNALING,-0.31053138358767374,-1.0817039624410976,0.35093129394350564,0.7159817789967585,1.0,12/47,16.80%,ENSG00000081189;ENSG00000082014;ENSG00000076351;ENSG00000206172;ENSG00000118260;ENSG00000101849;ENSG00000141027;ENSG00000164040;ENSG00000118137;ENSG00000186350;ENSG00000115966;ENSG00000100292
prerank,REACTOME_NUCLEOTIDE_LIKE_PURINERGIC_RECEPTORS,-0.41051181564989675,-1.0800347136534583,0.374828060522696,0.7168595778487318,1.0,6/14,31.82%,ENSG00000078589;ENSG00000171631;ENSG00000139679;ENSG00000169313;ENSG00000181631;ENSG00000244165
prerank,REACTOME_UNFOLDED_PROTEIN_RESPONSE_UPR,-0.2771030402651458,-1.0820032181445147,0.3292725374173338,0.7171773674315765,1.0,50/90,31.33%,ENSG00000157613;ENSG00000162772;ENSG00000012232;ENSG00000090520;ENSG00000108433;ENSG00000120699;ENSG00000153879;ENSG00000182934;ENSG00000144867;ENSG00000138073;ENSG00000158008;ENSG00000066136;ENSG00000184205;ENSG00000174851;ENSG00000124702;ENSG00000075914;ENSG00000074842;ENSG00000125977;ENSG00000166340;ENSG00000140694;ENSG00000106080;ENSG00000051108;ENSG00000100196;ENSG00000120742;ENSG00000065485;ENSG00000242247;ENSG00000102580;ENSG00000171311;ENSG00000077348;ENSG00000128590;ENSG00000109501;ENSG00000149428;ENSG00000107371;ENSG00000213676;ENSG00000243708;ENSG00000070540;ENSG00000164935;ENSG00000044090;ENSG00000160691;ENSG00000088247;ENSG00000044574;ENSG00000083520;ENSG00000162298;ENSG00000175215;ENSG00000178607;ENSG00000134109;ENSG00000068971;ENSG00000138674;ENSG00000146678;ENSG00000175197
prerank,REACTOME_DOWNREGULATION_OF_ERBB2_ERBB3_SIGNALING,-0.41539447562128173,-1.076089222794362,0.3802914642609299,0.7183885265470775,1.0,5/13,13.88%,ENSG00000138592;ENSG00000065361;ENSG00000141736;ENSG00000143947;ENSG00000221983
prerank,REACTOME_ANTIGEN_ACTIVATES_B_CELL_RECEPTOR_BCR_LEADING_TO_GENERATION_OF_SECOND_MESSENGERS,-0.2810455458998378,-1.0753980626494128,0.3459377195036291,0.7183979319241836,1.0,37/81,39.30%,ENSG00000242534;ENSG00000211677;ENSG00000241351;ENSG00000244116;ENSG00000211653;ENSG00000243238;ENSG00000240382;ENSG00000239571;ENSG00000251546;ENSG00000240864;ENSG00000070190;ENSG00000096433;ENSG00000160991;ENSG00000251039;ENSG00000242371;ENSG00000239951;ENSG00000171608;ENSG00000167323;ENSG00000105369;ENSG00000224373;ENSG00000211644;ENSG00000198668;ENSG00000144935;ENSG00000168710;ENSG00000239975;ENSG00000010810;ENSG00000211662;ENSG00000211934;ENSG00000141968;ENSG00000254087;ENSG00000095585;ENSG00000007312;ENSG00000155629;ENSG00000147010;ENSG00000211941;ENSG00000165025;ENSG00000211648
prerank,REACTOME_BETA_OXIDATION_OF_VERY_LONG_CHAIN_FATTY_ACIDS,-0.435562802989649,-1.077308552091582,0.3802618611854146,0.7188540092637636,1.0,6/11,39.01%,ENSG00000113790;ENSG00000101473;ENSG00000242612;ENSG00000133835;ENSG00000101986;ENSG00000140284
prerank,REACTOME_RMTS_METHYLATE_HISTONE_ARGININES,-0.3177058242603507,-1.0765370940623564,0.3541090726313144,0.7191010967300764,1.0,30/41,47.70%,ENSG00000164508;ENSG00000082014;ENSG00000105968;ENSG00000188486;ENSG00000073584;ENSG00000172301;ENSG00000246705;ENSG00000140988;ENSG00000135446;ENSG00000180573;ENSG00000136518;ENSG00000080503;ENSG00000197409;ENSG00000181218;ENSG00000116455;ENSG00000096968;ENSG00000132600;ENSG00000119772;ENSG00000108604;ENSG00000100462;ENSG00000158406;ENSG00000184260;ENSG00000196787;ENSG00000110092;ENSG00000197837;ENSG00000102054;ENSG00000173473;ENSG00000066117;ENSG00000185238;ENSG00000196363
prerank,REACTOME_CASPASE_ACTIVATION_VIA_EXTRINSIC_APOPTOTIC_SIGNALLING_PATHWAY,-0.3516066836719403,-1.0778934695924927,0.3708084221471276,0.7191689897814103,1.0,14/26,43.37%,ENSG00000179222;ENSG00000107731;ENSG00000003402;ENSG00000104689;ENSG00000117560;ENSG00000120889;ENSG00000170458;ENSG00000127191;ENSG00000137275;ENSG00000167657;ENSG00000064012;ENSG00000154589;ENSG00000164305;ENSG00000121858
prerank,REACTOME_FCERI_MEDIATED_CA_2_MOBILIZATION,-0.28120919589000204,-1.0783055801432404,0.3396336483490841,0.7200111326813007,1.0,32/82,34.66%,ENSG00000242534;ENSG00000211677;ENSG00000241351;ENSG00000158869;ENSG00000244116;ENSG00000211653;ENSG00000243238;ENSG00000240382;ENSG00000239571;ENSG00000179639;ENSG00000251546;ENSG00000074966;ENSG00000240864;ENSG00000096433;ENSG00000251039;ENSG00000242371;ENSG00000239951;ENSG00000138814;ENSG00000224373;ENSG00000100351;ENSG00000113263;ENSG00000211644;ENSG00000198668;ENSG00000160691;ENSG00000221823;ENSG00000168710;ENSG00000239975;ENSG00000211662;ENSG00000211934;ENSG00000169682;ENSG00000141968;ENSG00000254087
prerank,REACTOME_REGULATION_OF_KIT_SIGNALING,0.27501059835446046,0.8801005549891023,0.6099630996309963,0.7220857697898637,1.0,1/16,0.69%,ENSG00000177885
prerank,REACTOME_CELL_DEATH_SIGNALLING_VIA_NRAGE_NRIF_AND_NADE,-0.2831241227534155,-1.0715090425763127,0.35501483679525225,0.7280812946111972,1.0,16/74,13.88%,ENSG00000050327;ENSG00000205155;ENSG00000129675;ENSG00000137135;ENSG00000171680;ENSG00000179222;ENSG00000166681;ENSG00000198844;ENSG00000110237;ENSG00000113319;ENSG00000138613;ENSG00000143947;ENSG00000214694;ENSG00000142856;ENSG00000131089;ENSG00000221983
prerank,REACTOME_ACYL_CHAIN_REMODELLING_OF_PG,0.27179348094739236,0.8757804147238567,0.6155295891443648,0.7296041828411441,1.0,5/17,9.37%,ENSG00000170890;ENSG00000188257;ENSG00000159337;ENSG00000100078;ENSG00000117215
prerank,REACTOME_TRANSCRIPTIONAL_REGULATION_BY_NPAS4,0.2234033640198298,0.8737539061112112,0.666358595194085,0.7324891635554771,1.0,4/34,5.03%,ENSG00000082898;ENSG00000165731;ENSG00000254647;ENSG00000120645
prerank,REACTOME_DAG_AND_IP3_SIGNALING,0.21445002129591925,0.8724855298721454,0.7097549255165786,0.7339054315548839,1.0,4/40,5.50%,ENSG00000108946;ENSG00000072062;ENSG00000126583;ENSG00000182481
prerank,REACTOME_DENGUE_VIRUS_MODULATES_APOPTOSIS,-0.39241927243790464,-1.0684770045432117,0.3948051948051948,0.7352256475975039,1.0,6/16,26.54%,ENSG00000167965;ENSG00000119487;ENSG00000160551;ENSG00000078142;ENSG00000186654;ENSG00000137275
prerank,REACTOME_THE_ACTIVATION_OF_ARYLSULFATASES,-0.4223680498661502,-1.06727628177774,0.3965974062194952,0.7367689284836181,1.0,8/12,40.37%,ENSG00000101846;ENSG00000006756;ENSG00000113273;ENSG00000180801;ENSG00000141337;ENSG00000129103;ENSG00000144455;ENSG00000164291
prerank,REACTOME_NRAGE_SIGNALS_DEATH_THROUGH_JNK,-0.29538932524922623,-1.065756637115349,0.3661851126346719,0.7371936058144061,1.0,23/57,38.04%,ENSG00000050327;ENSG00000129675;ENSG00000137135;ENSG00000171680;ENSG00000179222;ENSG00000198844;ENSG00000110237;ENSG00000113319;ENSG00000214694;ENSG00000131089;ENSG00000100485;ENSG00000104728;ENSG00000146426;ENSG00000066248;ENSG00000102302;ENSG00000090924;ENSG00000129538;ENSG00000076928;ENSG00000141968;ENSG00000074964;ENSG00000104880;ENSG00000163947;ENSG00000165801
prerank,REACTOME_TELOMERE_EXTENSION_BY_TELOMERASE,-0.3546416483638627,-1.0660357981183044,0.3805791710945802,0.7384314575699341,1.0,5/23,12.58%,ENSG00000145386;ENSG00000123374;ENSG00000175792;ENSG00000145912;ENSG00000140451
prerank,REACTOME_HS_GAG_BIOSYNTHESIS,0.2286497136789948,0.8687593141553357,0.6901893287435457,0.7400924931629962,1.0,9/31,14.05%,ENSG00000124145;ENSG00000063660;ENSG00000179399;ENSG00000076716;ENSG00000136720;ENSG00000153976;ENSG00000169439;ENSG00000183098;ENSG00000002587
prerank,REACTOME_REGULATION_OF_MITF_M_DEPENDENT_GENES_INVOLVED_IN_CELL_CYCLE_AND_PROLIFERATION,-0.3775276331867035,-1.0639065622465333,0.39464117409452,0.7407418550810445,1.0,4/18,2.74%,ENSG00000166851;ENSG00000134057;ENSG00000123374;ENSG00000101224
prerank,REACTOME_REGULATION_OF_LIPID_METABOLISM_BY_PPARALPHA,-0.2645287015861797,-1.0609249697812246,0.36129766647694933,0.7413646304729604,1.0,61/116,43.41%,ENSG00000147872;ENSG00000139278;ENSG00000115641;ENSG00000082014;ENSG00000106546;ENSG00000110090;ENSG00000136146;ENSG00000151726;ENSG00000155868;ENSG00000166821;ENSG00000157184;ENSG00000112972;ENSG00000108590;ENSG00000148677;ENSG00000066136;ENSG00000198431;ENSG00000079459;ENSG00000101849;ENSG00000101255;ENSG00000141027;ENSG00000113161;ENSG00000005471;ENSG00000118137;ENSG00000186350;ENSG00000158874;ENSG00000112237;ENSG00000025434;ENSG00000163586;ENSG00000054118;ENSG00000135218;ENSG00000146426;ENSG00000131408;ENSG00000130589;ENSG00000012504;ENSG00000149485;ENSG00000124641;ENSG00000133398;ENSG00000132522;ENSG00000063322;ENSG00000165029;ENSG00000120837;ENSG00000164758;ENSG00000148297;ENSG00000175221;ENSG00000137574;ENSG00000130772;ENSG00000152944;ENSG00000170485;ENSG00000008838;ENSG00000133997;ENSG00000106459;ENSG00000187048;ENSG00000104973;ENSG00000134317;ENSG00000105085;ENSG00000143437;ENSG00000198646;ENSG00000126368;ENSG00000133794;ENSG00000180182;ENSG00000001167
prerank,REACTOME_CYTOSOLIC_SULFONATION_OF_SMALL_MOLECULES,-0.40402626398826846,-1.061508350513704,0.4042435168492581,0.7416895199854604,1.0,6/14,27.25%,ENSG00000128294;ENSG00000169902;ENSG00000162813;ENSG00000104331;ENSG00000114631;ENSG00000196502
prerank,REACTOME_FCERI_MEDIATED_MAPK_ACTIVATION,-0.2756445121187923,-1.0601372996185259,0.3650110503664069,0.7417041439170138,1.0,33/83,34.66%,ENSG00000242534;ENSG00000211677;ENSG00000241351;ENSG00000158869;ENSG00000244116;ENSG00000211653;ENSG00000243238;ENSG00000240382;ENSG00000239571;ENSG00000102882;ENSG00000179639;ENSG00000251546;ENSG00000240864;ENSG00000123143;ENSG00000251039;ENSG00000100030;ENSG00000242371;ENSG00000239951;ENSG00000224373;ENSG00000100351;ENSG00000211644;ENSG00000133703;ENSG00000160691;ENSG00000213281;ENSG00000050748;ENSG00000239975;ENSG00000065559;ENSG00000211662;ENSG00000211934;ENSG00000129538;ENSG00000169682;ENSG00000141968;ENSG00000254087
prerank,REACTOME_SIGNALING_BY_FGFR1,0.20569572846521955,0.8662259942323365,0.7199787460148778,0.7428044683861429,1.0,8/49,8.83%,ENSG00000177885;ENSG00000150991;ENSG00000105568;ENSG00000174775;ENSG00000158815;ENSG00000075388;ENSG00000138675;ENSG00000101464
prerank,REACTOME_SPHINGOLIPID_CATABOLISM,-0.41624865051046744,-1.0569107360444836,0.40171782596451705,0.7432062647623611,1.0,7/12,46.90%,ENSG00000163082;ENSG00000141934;ENSG00000126821;ENSG00000072210;ENSG00000162407;ENSG00000078124;ENSG00000166224
prerank,REACTOME_SYNTHESIS_OF_VERY_LONG_CHAIN_FATTY_ACYL_COAS,-0.3513780267617859,-1.0616717862877307,0.39151067756393354,0.7432667749964467,1.0,9/24,22.20%,ENSG00000197142;ENSG00000074696;ENSG00000151726;ENSG00000119915;ENSG00000164181;ENSG00000197977;ENSG00000066322;ENSG00000170522;ENSG00000188921
prerank,REACTOME_TRANSPORT_OF_THE_SLBP_DEPENDANT_MATURE_MRNA,0.2225025603298797,0.8664282304297503,0.6974037600716204,0.7434829991712603,1.0,3/35,2.93%,ENSG00000094914;ENSG00000213024;ENSG00000102900
prerank,REACTOME_MICRORNA_MIRNA_BIOGENESIS,-0.3511650061374485,-1.061899887269189,0.39243995274970467,0.7446787453161583,1.0,7/24,9.59%,ENSG00000100142;ENSG00000005075;ENSG00000168002;ENSG00000147669;ENSG00000105258;ENSG00000186666;ENSG00000100697
prerank,REACTOME_TP53_REGULATES_TRANSCRIPTION_OF_DEATH_RECEPTORS_AND_LIGANDS,-0.4182425190265066,-1.0570358327613572,0.41262204612989956,0.7448789731247366,1.0,6/12,26.19%,ENSG00000149932;ENSG00000073282;ENSG00000104689;ENSG00000173530;ENSG00000120889;ENSG00000088808
prerank,REACTOME_TRAF6_MEDIATED_IRF7_ACTIVATION,-0.38618168277422915,-1.057670129566404,0.4016537888030365,0.745001223683316,1.0,6/16,30.45%,ENSG00000181481;ENSG00000136560;ENSG00000107201;ENSG00000052723;ENSG00000127191;ENSG00000126456
prerank,REACTOME_SIGNALING_BY_TGFBR3,-0.30508501676234584,-1.0577977170283033,0.381230577998757,0.746680080613751,1.0,16/46,21.45%,ENSG00000157227;ENSG00000205155;ENSG00000155363;ENSG00000129152;ENSG00000140262;ENSG00000119969;ENSG00000138613;ENSG00000122641;ENSG00000035862;ENSG00000186350;ENSG00000069702;ENSG00000162736;ENSG00000134698;ENSG00000163513;ENSG00000117362;ENSG00000123999
prerank,REACTOME_FATTY_ACID_METABOLISM,-0.2511019501805361,-1.0542794330967689,0.36530679208137373,0.7490246460968203,1.0,54/168,23.39%,ENSG00000197142;ENSG00000123130;ENSG00000176244;ENSG00000076555;ENSG00000004779;ENSG00000074696;ENSG00000178537;ENSG00000110090;ENSG00000167107;ENSG00000151611;ENSG00000151726;ENSG00000105854;ENSG00000115425;ENSG00000155016;ENSG00000168306;ENSG00000113790;ENSG00000221988;ENSG00000101473;ENSG00000165591;ENSG00000148334;ENSG00000157184;ENSG00000233276;ENSG00000134824;ENSG00000005187;ENSG00000119915;ENSG00000138109;ENSG00000164181;ENSG00000186526;ENSG00000122971;ENSG00000100294;ENSG00000163106;ENSG00000242612;ENSG00000186350;ENSG00000117480;ENSG00000204228;ENSG00000196139;ENSG00000197977;ENSG00000138796;ENSG00000186115;ENSG00000167315;ENSG00000165175;ENSG00000066322;ENSG00000105852;ENSG00000111271;ENSG00000106617;ENSG00000107897;ENSG00000151365;ENSG00000170522;ENSG00000138061;ENSG00000138115;ENSG00000188921;ENSG00000167969;ENSG00000138029;ENSG00000100372
prerank,REACTOME_STIMULI_SENSING_CHANNELS,-0.265396439673709,-1.0526696912693185,0.3789739469757833,0.7518164283866556,1.0,37/100,32.38%,ENSG00000196689;ENSG00000137975;ENSG00000118515;ENSG00000157514;ENSG00000187688;ENSG00000110881;ENSG00000162572;ENSG00000167614;ENSG00000134160;ENSG00000167995;ENSG00000130529;ENSG00000155962;ENSG00000172139;ENSG00000143947;ENSG00000164038;ENSG00000090674;ENSG00000221983;ENSG00000198838;ENSG00000075142;ENSG00000188037;ENSG00000102452;ENSG00000103249;ENSG00000074855;ENSG00000126562;ENSG00000129465;ENSG00000186439;ENSG00000198668;ENSG00000137275;ENSG00000165125;ENSG00000146205;ENSG00000168404;ENSG00000144935;ENSG00000138741;ENSG00000055732;ENSG00000136295;ENSG00000118729;ENSG00000119121
prerank,REACTOME_TP53_REGULATES_TRANSCRIPTION_OF_CASPASE_ACTIVATORS_AND_CASPASES,-0.4150293135196155,-1.0509703920626106,0.4149430139299282,0.7548583544887141,1.0,9/12,41.93%,ENSG00000003400;ENSG00000073282;ENSG00000169372;ENSG00000091106;ENSG00000177595;ENSG00000141510;ENSG00000120868;ENSG00000106144;ENSG00000138794
prerank,REACTOME_METALLOTHIONEINS_BIND_METALS,-0.4344361280175182,-1.048824599925458,0.41646592036276037,0.7550458715235779,1.0,2/10,3.47%,ENSG00000205358;ENSG00000125144
prerank,REACTOME_INTERLEUKIN_6_FAMILY_SIGNALING,-0.3541672653330701,-1.0493452481974643,0.4070138150903294,0.7555538174611449,1.0,11/22,38.63%,ENSG00000137070;ENSG00000150281;ENSG00000179295;ENSG00000175505;ENSG00000136244;ENSG00000096968;ENSG00000136280;ENSG00000134352;ENSG00000105397;ENSG00000128342;ENSG00000115415
prerank,REACTOME_REVERSIBLE_HYDRATION_OF_CARBON_DIOXIDE,-0.4140136659510677,-1.047185776948991,0.41845070422535213,0.7558359445949275,1.0,4/12,10.61%,ENSG00000133742;ENSG00000167434;ENSG00000169239;ENSG00000074410
prerank,REACTOME_INDUCTION_OF_CELL_CELL_FUSION,0.28934932455243584,0.8585109894963826,0.6568451311534316,0.7562712795141397,1.0,2/13,5.46%,ENSG00000177119;ENSG00000134343
prerank,REACTOME_RAS_ACTIVATION_UPON_CA2_INFLUX_THROUGH_NMDA_RECEPTOR,-0.3672224304301467,-1.0463233245125532,0.4160475482912333,0.756393514827164,1.0,8/19,26.53%,ENSG00000126787;ENSG00000113319;ENSG00000082458;ENSG00000105464;ENSG00000132535;ENSG00000198668;ENSG00000133703;ENSG00000213281
prerank,REACTOME_TICAM1_TRAF6_DEPENDENT_INDUCTION_OF_TAK1_COMPLEX,0.3029977953007977,0.8577879850971005,0.6603513606613848,0.7565609580457227,1.0,1/11,1.47%,ENSG00000150991
prerank,REACTOME_AKT_PHOSPHORYLATES_TARGETS_IN_THE_NUCLEUS,-0.43830967630458895,-1.0496887795856022,0.4101579172001707,0.756582585912228,1.0,3/10,10.52%,ENSG00000175634;ENSG00000123358;ENSG00000118260
prerank,REACTOME_DEFECTS_IN_COBALAMIN_B12_METABOLISM,-0.3992464199126765,-1.0473554919907773,0.41474269819193327,0.7573812059111298,1.0,4/14,16.15%,ENSG00000151611;ENSG00000168288;ENSG00000167775;ENSG00000168216
prerank,REACTOME_SIGNALING_BY_KIT_IN_DISEASE,0.253803823577629,0.8555528051659215,0.6662904439428141,0.7597399386686228,1.0,2/20,2.39%,ENSG00000177885;ENSG00000174775
prerank,REACTOME_SIGNALING_BY_RETINOIC_ACID,0.21226012289283722,0.8545281155207055,0.7266322217003288,0.7605638370133057,1.0,2/39,1.17%,ENSG00000067992;ENSG00000131828
prerank,REACTOME_IRE1ALPHA_ACTIVATES_CHAPERONES,-0.29729326027631897,-1.0435760509621825,0.40697963238946844,0.7624598839356722,1.0,32/48,30.59%,ENSG00000012232;ENSG00000090520;ENSG00000108433;ENSG00000182934;ENSG00000144867;ENSG00000138073;ENSG00000158008;ENSG00000184205;ENSG00000174851;ENSG00000124702;ENSG00000074842;ENSG00000166340;ENSG00000106080;ENSG00000100196;ENSG00000120742;ENSG00000065485;ENSG00000242247;ENSG00000102580;ENSG00000128590;ENSG00000109501;ENSG00000149428;ENSG00000243708;ENSG00000070540;ENSG00000044090;ENSG00000160691;ENSG00000044574;ENSG00000162298;ENSG00000175215;ENSG00000178607;ENSG00000134109;ENSG00000068971;ENSG00000138674
prerank,REACTOME_INTERFERON_SIGNALING,-0.2373948720680212,-1.0399282381018546,0.3913771452490582,0.7631036275841298,1.0,103/267,29.76%,ENSG00000204613;ENSG00000181544;ENSG00000185201;ENSG00000196126;ENSG00000132256;ENSG00000140564;ENSG00000170312;ENSG00000132274;ENSG00000101162;ENSG00000121236;ENSG00000058804;ENSG00000204592;ENSG00000131944;ENSG00000198019;ENSG00000223865;ENSG00000104695;ENSG00000175354;ENSG00000204642;ENSG00000126803;ENSG00000159128;ENSG00000204264;ENSG00000137267;ENSG00000165949;ENSG00000169689;ENSG00000119922;ENSG00000102882;ENSG00000157020;ENSG00000151247;ENSG00000110171;ENSG00000176170;ENSG00000167333;ENSG00000107201;ENSG00000182179;ENSG00000116030;ENSG00000156587;ENSG00000166710;ENSG00000143947;ENSG00000221829;ENSG00000178462;ENSG00000163932;ENSG00000125977;ENSG00000179344;ENSG00000135930;ENSG00000139496;ENSG00000169403;ENSG00000179295;ENSG00000075188;ENSG00000135828;ENSG00000183785;ENSG00000221983;ENSG00000117228;ENSG00000102580;ENSG00000187741;ENSG00000137959;ENSG00000075886;ENSG00000176014;ENSG00000216490;ENSG00000067066;ENSG00000154451;ENSG00000132109;ENSG00000130303;ENSG00000162654;ENSG00000100030;ENSG00000068079;ENSG00000172183;ENSG00000155561;ENSG00000184979;ENSG00000152778;ENSG00000106785;ENSG00000068745;ENSG00000153201;ENSG00000204389;ENSG00000213341;ENSG00000138750;ENSG00000069248;ENSG00000142089;ENSG00000125347;ENSG00000159110;ENSG00000185504;ENSG00000152086;ENSG00000119917;ENSG00000137193;ENSG00000044574;ENSG00000141543;ENSG00000213928;ENSG00000112039;ENSG00000137965;ENSG00000137285;ENSG00000112343;ENSG00000175279;ENSG00000180228;ENSG00000047410;ENSG00000158169;ENSG00000213512;ENSG00000117595;ENSG00000185885;ENSG00000185745;ENSG00000170142;ENSG00000126709;ENSG00000096968;ENSG00000127445;ENSG00000136243;ENSG00000181163
prerank,REACTOME_DISEASES_OF_GLYCOSYLATION,-0.2522017290785577,-1.0383357081992068,0.4045979564637939,0.76372827656598,1.0,58/141,32.46%,ENSG00000085998;ENSG00000173546;ENSG00000179085;ENSG00000173402;ENSG00000151348;ENSG00000086848;ENSG00000129255;ENSG00000027847;ENSG00000134250;ENSG00000172269;ENSG00000182858;ENSG00000159063;ENSG00000158859;ENSG00000108479;ENSG00000088035;ENSG00000159921;ENSG00000159674;ENSG00000033011;ENSG00000204386;ENSG00000149541;ENSG00000119523;ENSG00000187720;ENSG00000087116;ENSG00000170266;ENSG00000106392;ENSG00000143382;ENSG00000185761;ENSG00000126759;ENSG00000132692;ENSG00000131873;ENSG00000106003;ENSG00000140650;ENSG00000000419;ENSG00000169105;ENSG00000128039;ENSG00000049860;ENSG00000049192;ENSG00000101901;ENSG00000153989;ENSG00000172339;ENSG00000177239;ENSG00000162512;ENSG00000136378;ENSG00000117682;ENSG00000115339;ENSG00000140470;ENSG00000214160;ENSG00000171155;ENSG00000143891;ENSG00000142798;ENSG00000181143;ENSG00000138316;ENSG00000130714;ENSG00000213930;ENSG00000119514;ENSG00000114646;ENSG00000134917;ENSG00000145808
prerank,REACTOME_PHASE_II_CONJUGATION_OF_COMPOUNDS,-0.26674463736456333,-1.0401238427187374,0.3933146983461449,0.7645396796355867,1.0,37/90,33.23%,ENSG00000178814;ENSG00000130958;ENSG00000128294;ENSG00000008394;ENSG00000131067;ENSG00000197448;ENSG00000166743;ENSG00000135220;ENSG00000006625;ENSG00000001084;ENSG00000109181;ENSG00000117448;ENSG00000134184;ENSG00000169902;ENSG00000162813;ENSG00000163106;ENSG00000093010;ENSG00000213366;ENSG00000085871;ENSG00000168765;ENSG00000143198;ENSG00000109814;ENSG00000173610;ENSG00000111371;ENSG00000168671;ENSG00000104331;ENSG00000065621;ENSG00000066813;ENSG00000171867;ENSG00000114631;ENSG00000196502;ENSG00000133433;ENSG00000139684;ENSG00000171234;ENSG00000143942;ENSG00000133313;ENSG00000173113
prerank,REACTOME_ELEVATION_OF_CYTOSOLIC_CA2_LEVELS,-0.3882319558056066,-1.0414597486044601,0.4219006007646095,0.7646714501209259,1.0,10/15,45.17%,ENSG00000083454;ENSG00000096433;ENSG00000160991;ENSG00000167323;ENSG00000109991;ENSG00000135124;ENSG00000138741;ENSG00000089041;ENSG00000108405;ENSG00000137672
prerank,REACTOME_NOTCH2_ACTIVATION_AND_TRANSMISSION_OF_SIGNAL_TO_THE_NUCLEUS,-0.35178400221823514,-1.0406934875301552,0.41665552733591765,0.7649093011101308,1.0,13/22,28.86%,ENSG00000205155;ENSG00000214357;ENSG00000134250;ENSG00000138613;ENSG00000143947;ENSG00000221983;ENSG00000162736;ENSG00000110492;ENSG00000117362;ENSG00000128917;ENSG00000197530;ENSG00000184916;ENSG00000143801
prerank,REACTOME_ATTACHMENT_OF_BACTERIA_TO_EPITHELIAL_CELLS,-0.3554370474377995,-1.0383814901378596,0.42077015966724807,0.7656166102870341,1.0,11/21,45.47%,ENSG00000204262;ENSG00000130635;ENSG00000091136;ENSG00000134871;ENSG00000197565;ENSG00000196878;ENSG00000058085;ENSG00000187498;ENSG00000105668;ENSG00000196569;ENSG00000115414
prerank,REACTOME_REGULATION_OF_SIGNALING_BY_NODAL,0.31070944058734334,0.8510142802951056,0.6821808510638298,0.7660262744501654,1.0,10/10,68.94%,ENSG00000136698;ENSG00000156574;ENSG00000114739;ENSG00000241186;ENSG00000143768;ENSG00000179284;ENSG00000123612;ENSG00000243709;ENSG00000121989;ENSG00000135503
prerank,REACTOME_REGULATION_OF_NF_KAPPA_B_SIGNALING,-0.3760651208319117,-1.0416026618324485,0.42318682813988295,0.7663025571654736,1.0,12/17,37.59%,ENSG00000160703;ENSG00000102921;ENSG00000143947;ENSG00000221983;ENSG00000184979;ENSG00000213341;ENSG00000127191;ENSG00000101557;ENSG00000166130;ENSG00000064012;ENSG00000141510;ENSG00000170315
prerank,REACTOME_JNK_C_JUN_KINASES_PHOSPHORYLATION_AND_ACTIVATION_MEDIATED_BY_ACTIVATED_HUMAN_TAK1,0.2460932400628107,0.8492840604659166,0.6883830455259027,0.767061158971525,1.0,2/21,3.30%,ENSG00000150991;ENSG00000184216
prerank,REACTOME_HDACS_DEACETYLATE_HISTONES,-0.29683109783708134,-1.0358232929661035,0.4169453734671126,0.7671176411102555,1.0,38/48,46.76%,ENSG00000146047;ENSG00000164508;ENSG00000064961;ENSG00000203814;ENSG00000101849;ENSG00000141027;ENSG00000196890;ENSG00000084093;ENSG00000170004;ENSG00000197903;ENSG00000111707;ENSG00000032219;ENSG00000180573;ENSG00000180596;ENSG00000071655;ENSG00000149480;ENSG00000124635;ENSG00000167491;ENSG00000197409;ENSG00000181218;ENSG00000132522;ENSG00000057935;ENSG00000184678;ENSG00000162521;ENSG00000196591;ENSG00000158406;ENSG00000135365;ENSG00000184260;ENSG00000196787;ENSG00000054267;ENSG00000158373;ENSG00000150459;ENSG00000164105;ENSG00000197837;ENSG00000102054;ENSG00000147099;ENSG00000182979;ENSG00000164576
prerank,REACTOME_COMMON_PATHWAY_OF_FIBRIN_CLOT_FORMATION,0.243764133427762,0.8486274499489478,0.6892220421393841,0.76718980076985,1.0,7/22,14.08%,ENSG00000135919;ENSG00000196415;ENSG00000204936;ENSG00000198734;ENSG00000185010;ENSG00000178726;ENSG00000109272
prerank,REACTOME_CYTOSOLIC_IRON_SULFUR_CLUSTER_ASSEMBLY,0.28177294637608513,0.8497862078922527,0.6738592147152458,0.767220662462234,1.0,1/13,0.14%,ENSG00000155229
prerank,REACTOME_GPCR_LIGAND_BINDING,-0.2313507714968612,-1.0363507877923057,0.39358540834101857,0.7675682401231967,1.0,85/377,21.83%,ENSG00000163736;ENSG00000109255;ENSG00000169508;ENSG00000184574;ENSG00000255837;ENSG00000213906;ENSG00000255398;ENSG00000131477;ENSG00000108379;ENSG00000197696;ENSG00000169248;ENSG00000128617;ENSG00000078589;ENSG00000115596;ENSG00000173585;ENSG00000105520;ENSG00000172354;ENSG00000197993;ENSG00000163794;ENSG00000163737;ENSG00000165409;ENSG00000105989;ENSG00000168959;ENSG00000135046;ENSG00000166148;ENSG00000125245;ENSG00000127920;ENSG00000136160;ENSG00000163735;ENSG00000204174;ENSG00000114251;ENSG00000171136;ENSG00000102468;ENSG00000125730;ENSG00000179921;ENSG00000123146;ENSG00000132911;ENSG00000105819;ENSG00000163823;ENSG00000171631;ENSG00000111664;ENSG00000171051;ENSG00000148680;ENSG00000127507;ENSG00000140030;ENSG00000144891;ENSG00000117298;ENSG00000168229;ENSG00000047597;ENSG00000165621;ENSG00000104826;ENSG00000004948;ENSG00000169403;ENSG00000126262;ENSG00000164850;ENSG00000134830;ENSG00000127588;ENSG00000125910;ENSG00000131142;ENSG00000186188;ENSG00000163606;ENSG00000139679;ENSG00000267534;ENSG00000069696;ENSG00000169313;ENSG00000180340;ENSG00000116014;ENSG00000113300;ENSG00000087494;ENSG00000154342;ENSG00000213903;ENSG00000169962;ENSG00000164251;ENSG00000154764;ENSG00000151577;ENSG00000143185;ENSG00000139574;ENSG00000185231;ENSG00000162009;ENSG00000164690;ENSG00000124205;ENSG00000188763;ENSG00000180914;ENSG00000010310;ENSG00000213694
prerank,REACTOME_FORMATION_OF_APOPTOSOME,-0.4159847836611741,-1.030693825581134,0.4390552509489667,0.768083514646233,1.0,4/11,24.58%,ENSG00000102882;ENSG00000172115;ENSG00000100030;ENSG00000184047
prerank,REACTOME_REGULATION_OF_NPAS4_GENE_EXPRESSION,-0.39761672996059216,-1.0299530746700816,0.4457831325301205,0.7682645217026666,1.0,3/13,20.05%,ENSG00000155363;ENSG00000084093;ENSG00000134698
prerank,REACTOME_UREA_CYCLE,-0.4063604686302783,-1.0310733263504812,0.4429249232486743,0.7689512258713571,1.0,8/12,47.30%,ENSG00000153406;ENSG00000130707;ENSG00000126522;ENSG00000231852;ENSG00000141510;ENSG00000081181;ENSG00000120329;ENSG00000102743
prerank,REACTOME_EFFECTS_OF_PIP2_HYDROLYSIS,-0.3353196867320647,-1.031721937153496,0.4290014396021463,0.7690671187709379,1.0,17/26,48.95%,ENSG00000163932;ENSG00000096433;ENSG00000134780;ENSG00000172575;ENSG00000027075;ENSG00000149091;ENSG00000138741;ENSG00000068831;ENSG00000077044;ENSG00000102780;ENSG00000164535;ENSG00000058866;ENSG00000163686;ENSG00000136267;ENSG00000137672;ENSG00000065357;ENSG00000100997
prerank,REACTOME_DISEASES_OF_HEMOSTASIS,-0.3724347653638146,-1.0319704263836127,0.4313272653172123,0.7703236905946965,1.0,6/17,15.18%,ENSG00000185245;ENSG00000128294;ENSG00000169902;ENSG00000164692;ENSG00000115486;ENSG00000108821
prerank,REACTOME_NUCLEAR_SIGNALING_BY_ERBB4,-0.32255141764958933,-1.033930503269316,0.4215711693025668,0.7706368737347468,1.0,10/31,20.51%,ENSG00000205155;ENSG00000117632;ENSG00000113140;ENSG00000197122;ENSG00000138613;ENSG00000113070;ENSG00000141027;ENSG00000162736;ENSG00000126561;ENSG00000117362
prerank,REACTOME_COLLAGEN_BIOSYNTHESIS_AND_MODIFYING_ENZYMES,-0.2762527722659649,-1.0280810292397897,0.42452603791696664,0.7716425371312612,1.0,22/67,22.55%,ENSG00000106333;ENSG00000204262;ENSG00000171812;ENSG00000130635;ENSG00000168542;ENSG00000187955;ENSG00000166794;ENSG00000168487;ENSG00000149257;ENSG00000172752;ENSG00000215018;ENSG00000090530;ENSG00000164692;ENSG00000087116;ENSG00000108821;ENSG00000196739;ENSG00000139219;ENSG00000106397;ENSG00000206384;ENSG00000092758;ENSG00000204291;ENSG00000163359
prerank,REACTOME_TRAFFICKING_AND_PROCESSING_OF_ENDOSOMAL_TLR,-0.40127689026493063,-1.032044629726763,0.44195378441953787,0.7721091324341026,1.0,6/13,16.11%,ENSG00000136943;ENSG00000110057;ENSG00000100600;ENSG00000101916;ENSG00000196664;ENSG00000143387
prerank,REACTOME_NUCLEOTIDE_SALVAGE,-0.3450828765889685,-1.0322993837050836,0.4312508255184256,0.7733696904088696,1.0,6/23,12.37%,ENSG00000116337;ENSG00000156136;ENSG00000166548;ENSG00000106992;ENSG00000116748;ENSG00000196839
prerank,REACTOME_ELASTIC_FIBRE_FORMATION,-0.29874474960733255,-1.0266059570115185,0.43493064312736446,0.7739223778126585,1.0,11/43,18.16%,ENSG00000140564;ENSG00000134013;ENSG00000090006;ENSG00000138080;ENSG00000150093;ENSG00000161638;ENSG00000138131;ENSG00000115221;ENSG00000138448;ENSG00000119699;ENSG00000166147
prerank,REACTOME_SIGNALING_BY_LTK,0.2919185354740538,0.8421331860733423,0.6786211699164345,0.7746428046305758,1.0,1/12,0.69%,ENSG00000177885
prerank,REACTOME_FORMATION_OF_TC_NER_PRE_INCISION_COMPLEX,-0.29053398362587474,-1.0254736296369154,0.42754242461237946,0.775206452207263,1.0,12/50,8.79%,ENSG00000021776;ENSG00000166200;ENSG00000145736;ENSG00000100142;ENSG00000172780;ENSG00000005075;ENSG00000168002;ENSG00000020426;ENSG00000147669;ENSG00000121022;ENSG00000105258;ENSG00000141030
prerank,REACTOME_MOLECULES_ASSOCIATED_WITH_ELASTIC_FIBRES,0.21259842198350987,0.8422534450253738,0.7390310786106032,0.7755154750286595,1.0,4/36,5.27%,ENSG00000082781;ENSG00000105329;ENSG00000163520;ENSG00000163217
prerank,REACTOME_SIGNALING_BY_ERYTHROPOIETIN,0.23499102784421388,0.842537218111439,0.7171510437986083,0.7761181755388867,1.0,2/25,2.39%,ENSG00000177885;ENSG00000174775
prerank,REACTOME_SIGNALING_BY_MET,-0.26944800571428434,-1.024293145964644,0.4318562874251497,0.7766166409508963,1.0,27/76,27.84%,ENSG00000167642;ENSG00000138592;ENSG00000204262;ENSG00000130635;ENSG00000197122;ENSG00000150093;ENSG00000168542;ENSG00000175354;ENSG00000010017;ENSG00000105707;ENSG00000168118;ENSG00000143947;ENSG00000179295;ENSG00000164692;ENSG00000221983;ENSG00000108821;ENSG00000166145;ENSG00000196739;ENSG00000139219;ENSG00000105976;ENSG00000164171;ENSG00000091136;ENSG00000167578;ENSG00000133703;ENSG00000160691;ENSG00000213281;ENSG00000116473
prerank,REACTOME_REGULATION_OF_TBK1_IKK_MEDIATED_ACTIVATION_OF_IRF3_IRF7_UPON_TLR3_LIGATION,0.30723351281686767,0.8426794279924822,0.6802999318336742,0.7769641072458594,1.0,1/10,1.47%,ENSG00000150991
prerank,REACTOME_DAP12_INTERACTIONS,0.21107128007482634,0.8388899253477611,0.7617098681218736,0.7792941111684617,1.0,4/37,5.23%,ENSG00000177885;ENSG00000174775;ENSG00000095970;ENSG00000258227
prerank,REACTOME_DEVELOPMENTAL_LINEAGE_OF_MAMMARY_STEM_CELLS,0.2689319372858613,0.8358602144179863,0.6813386686067661,0.7835571585197325,1.0,1/15,0.17%,ENSG00000026508
prerank,REACTOME_CYTOCHROME_P450_ARRANGED_BY_SUBSTRATE_TYPE,-0.27819311328800056,-1.0208765022739652,0.43737191078963233,0.7844289018681545,1.0,20/62,29.54%,ENSG00000111012;ENSG00000127948;ENSG00000106546;ENSG00000019186;ENSG00000267673;ENSG00000155016;ENSG00000138109;ENSG00000186526;ENSG00000167600;ENSG00000106258;ENSG00000186350;ENSG00000003137;ENSG00000186115;ENSG00000138061;ENSG00000138115;ENSG00000172817;ENSG00000012504;ENSG00000161513;ENSG00000231852;ENSG00000146233
prerank,REACTOME_RNA_POLYMERASE_III_TRANSCRIPTION,-0.3010063836265593,-1.018662979417371,0.44290045477513895,0.7848532756398741,1.0,27/41,49.52%,ENSG00000100142;ENSG00000147669;ENSG00000119041;ENSG00000122034;ENSG00000141905;ENSG00000162599;ENSG00000023608;ENSG00000121851;ENSG00000164975;ENSG00000161980;ENSG00000072135;ENSG00000104976;ENSG00000077235;ENSG00000138385;ENSG00000163882;ENSG00000155115;ENSG00000132664;ENSG00000185650;ENSG00000165684;ENSG00000186184;ENSG00000112592;ENSG00000174446;ENSG00000013503;ENSG00000148308;ENSG00000008441;ENSG00000058600;ENSG00000143190
prerank,REACTOME_RETINOID_CYCLE_DISEASE_EVENTS,-0.4225103265735155,-1.0191942092511628,0.46197422461407733,0.7852793953578717,1.0,3/10,12.64%,ENSG00000137868;ENSG00000128617;ENSG00000135437
prerank,REACTOME_REGULATION_OF_CHOLESTEROL_BIOSYNTHESIS_BY_SREBP_SREBF,-0.2851820557910264,-1.0177918846189664,0.4489645876730793,0.7853761912718841,1.0,19/54,21.43%,ENSG00000150961;ENSG00000119927;ENSG00000076555;ENSG00000149809;ENSG00000082014;ENSG00000172893;ENSG00000112972;ENSG00000066136;ENSG00000079459;ENSG00000101849;ENSG00000186480;ENSG00000113161;ENSG00000100934;ENSG00000186350;ENSG00000163344;ENSG00000104549;ENSG00000152700;ENSG00000167508;ENSG00000170522
prerank,REACTOME_KETONE_BODY_METABOLISM,0.30504544711954257,0.8327781567028334,0.6984501347708895,0.7856575440267561,1.0,1/10,0.04%,ENSG00000081760
prerank,REACTOME_PHOSPHOLIPASE_C_MEDIATED_CASCADE_FGFR2,0.2725030883423667,0.8314788233530511,0.6970253396988616,0.78570754543585,1.0,5/14,11.44%,ENSG00000158815;ENSG00000066468;ENSG00000075388;ENSG00000138675;ENSG00000078579
prerank,REACTOME_NEPHRON_DEVELOPMENT,0.3020682705268606,0.8331322631750396,0.6938349007314525,0.7861425798323122,1.0,6/10,18.14%,ENSG00000075891;ENSG00000162552;ENSG00000170561;ENSG00000198914;ENSG00000198719;ENSG00000101384
prerank,REACTOME_MRNA_CAPPING,-0.32298135169059305,-1.019560923374179,0.44404285529882537,0.7861937885836375,1.0,6/29,3.24%,ENSG00000145736;ENSG00000100142;ENSG00000005075;ENSG00000168002;ENSG00000020426;ENSG00000147669
prerank,REACTOME_MATURATION_OF_SARS_COV_1_NUCLEOPROTEIN,0.2954919344422588,0.8314917958716889,0.6878980891719745,0.7867905393149448,1.0,1/11,0.84%,ENSG00000137817
prerank,REACTOME_REGULATION_OF_TBK1_IKK_IKBKE_MEDIATED_ACTIVATION_OF_IRF3_IRF7,0.27837161634319096,0.833292061159129,0.6881379795846533,0.7869822466147264,1.0,1/13,1.47%,ENSG00000150991
prerank,REACTOME_NCAM_SIGNALING_FOR_NEURITE_OUT_GROWTH,-0.2774362076855322,-1.0148827990019509,0.4463524540250883,0.7916967673857107,1.0,24/61,29.29%,ENSG00000167535;ENSG00000132670;ENSG00000204262;ENSG00000130635;ENSG00000197122;ENSG00000168542;ENSG00000102882;ENSG00000118260;ENSG00000172752;ENSG00000163554;ENSG00000173898;ENSG00000139219;ENSG00000100030;ENSG00000206384;ENSG00000092758;ENSG00000165995;ENSG00000163359;ENSG00000067191;ENSG00000157388;ENSG00000133703;ENSG00000171867;ENSG00000213281;ENSG00000134871;ENSG00000117407
prerank,REACTOME_FGFR2_MUTANT_RECEPTOR_ACTIVATION,-0.3212061947942041,-1.012800122709282,0.4596024780588539,0.7917157326386709,1.0,7/29,8.15%,ENSG00000100142;ENSG00000005075;ENSG00000168002;ENSG00000147669;ENSG00000113578;ENSG00000105258;ENSG00000186895
prerank,REACTOME_NUCLEAR_ENVELOPE_BREAKDOWN,-0.28488034294962944,-1.0139968415763378,0.4454229719672538,0.7922492770132682,1.0,11/52,7.95%,ENSG00000166851;ENSG00000157456;ENSG00000170312;ENSG00000134057;ENSG00000134324;ENSG00000058804;ENSG00000113368;ENSG00000120802;ENSG00000119638;ENSG00000119408;ENSG00000157020
prerank,REACTOME_BIOLOGICAL_OXIDATIONS,-0.2367547478236252,-1.0129323210187808,0.4565520197149898,0.7933102123369405,1.0,70/198,30.94%,ENSG00000178814;ENSG00000111012;ENSG00000127948;ENSG00000130958;ENSG00000128294;ENSG00000008394;ENSG00000143819;ENSG00000131069;ENSG00000106546;ENSG00000019186;ENSG00000131067;ENSG00000117791;ENSG00000189221;ENSG00000197448;ENSG00000166743;ENSG00000135220;ENSG00000172955;ENSG00000267673;ENSG00000155016;ENSG00000159231;ENSG00000006625;ENSG00000001084;ENSG00000109181;ENSG00000117448;ENSG00000134184;ENSG00000169902;ENSG00000138109;ENSG00000131480;ENSG00000162813;ENSG00000186526;ENSG00000167600;ENSG00000106258;ENSG00000243989;ENSG00000114771;ENSG00000163106;ENSG00000093010;ENSG00000186350;ENSG00000175756;ENSG00000003137;ENSG00000186115;ENSG00000164237;ENSG00000213366;ENSG00000007933;ENSG00000085871;ENSG00000168765;ENSG00000143198;ENSG00000109814;ENSG00000138061;ENSG00000173610;ENSG00000111371;ENSG00000138115;ENSG00000172817;ENSG00000168671;ENSG00000104331;ENSG00000065621;ENSG00000066813;ENSG00000171867;ENSG00000012504;ENSG00000076258;ENSG00000114631;ENSG00000196502;ENSG00000161513;ENSG00000172831;ENSG00000231852;ENSG00000146233;ENSG00000133433;ENSG00000139684;ENSG00000198848;ENSG00000124588;ENSG00000171234
prerank,REACTOME_DEFECTS_IN_VITAMIN_AND_COFACTOR_METABOLISM,-0.34522333946807676,-1.0112643580398182,0.4600293607366876,0.7941263028695978,1.0,17/21,58.30%,ENSG00000151611;ENSG00000168288;ENSG00000167775;ENSG00000168216;ENSG00000139428;ENSG00000175198;ENSG00000132763;ENSG00000107611;ENSG00000169814;ENSG00000119688;ENSG00000159267;ENSG00000116984;ENSG00000078070;ENSG00000131844;ENSG00000166126;ENSG00000134812;ENSG00000124275
prerank,REACTOME_SURFACTANT_METABOLISM,0.22056207210483697,0.8236658979626151,0.7610467610467611,0.79812111328737,1.0,2/29,2.48%,ENSG00000229183;ENSG00000157765
prerank,REACTOME_SIGNALING_BY_NOTCH2,-0.31039872320449124,-1.008111859162503,0.4608371854134566,0.8011066678367226,1.0,17/33,28.86%,ENSG00000013619;ENSG00000205155;ENSG00000214357;ENSG00000134250;ENSG00000118260;ENSG00000138613;ENSG00000143947;ENSG00000184384;ENSG00000221983;ENSG00000162736;ENSG00000110492;ENSG00000117362;ENSG00000128917;ENSG00000197530;ENSG00000184916;ENSG00000197921;ENSG00000143801
prerank,REACTOME_INTERLEUKIN_10_SIGNALING,0.20356573260396474,0.8202861446218191,0.7818696883852692,0.8016118267781492,1.0,3/39,3.20%,ENSG00000102265;ENSG00000136634;ENSG00000114013
prerank,REACTOME_FATTY_ACIDS,0.2674958403929158,0.8206182548010754,0.7253623188405797,0.8021757184174731,1.0,5/14,14.49%,ENSG00000198077;ENSG00000142973;ENSG00000197408;ENSG00000134716;ENSG00000197446
prerank,REACTOME_EPHRIN_SIGNALING,-0.35043939550032976,-0.9999397395960932,0.4725897920604915,0.8044766015459756,1.0,8/19,33.41%,ENSG00000197122;ENSG00000090776;ENSG00000123143;ENSG00000137575;ENSG00000133216;ENSG00000106123;ENSG00000010810;ENSG00000129538
prerank,REACTOME_SYNTHESIS_OF_PIPS_AT_THE_EARLY_ENDOSOME_MEMBRANE,-0.36769056256908206,-1.0060120642087689,0.46494817239498093,0.8050782957728723,1.0,8/16,40.86%,ENSG00000038210;ENSG00000078142;ENSG00000108389;ENSG00000112367;ENSG00000198825;ENSG00000171100;ENSG00000166912;ENSG00000087053
prerank,REACTOME_TNFR1_INDUCED_NF_KAPPA_B_SIGNALING_PATHWAY,-0.31264004639629606,-1.0000311325445108,0.46900720164609055,0.806159525268909,1.0,12/31,26.54%,ENSG00000179526;ENSG00000143947;ENSG00000118503;ENSG00000221983;ENSG00000067182;ENSG00000204628;ENSG00000100324;ENSG00000036672;ENSG00000213341;ENSG00000127191;ENSG00000114316;ENSG00000137275
prerank,REACTOME_ASSEMBLY_OF_ACTIVE_LPL_AND_LIPC_LIPASE_COMPLEXES,-0.3549526304935864,-1.001357728147547,0.4746550075146878,0.8063443020602766,1.0,8/18,40.19%,ENSG00000140564;ENSG00000130173;ENSG00000175445;ENSG00000105550;ENSG00000166035;ENSG00000060566;ENSG00000187288;ENSG00000140943
prerank,REACTOME_FORMATION_OF_THE_BETA_CATENIN_TCF_TRANSACTIVATING_COMPLEX,-0.28552234705652535,-1.0041320731904169,0.46733606049336807,0.8064103705243665,1.0,27/49,39.48%,ENSG00000146047;ENSG00000065717;ENSG00000175792;ENSG00000105968;ENSG00000188486;ENSG00000246705;ENSG00000020633;ENSG00000129691;ENSG00000196890;ENSG00000197903;ENSG00000134371;ENSG00000180573;ENSG00000180596;ENSG00000163348;ENSG00000168036;ENSG00000124635;ENSG00000197409;ENSG00000152284;ENSG00000116128;ENSG00000184678;ENSG00000168148;ENSG00000168646;ENSG00000158406;ENSG00000172977;ENSG00000184260;ENSG00000148737;ENSG00000158373
prerank,REACTOME_SPHINGOLIPID_DE_NOVO_BIOSYNTHESIS,-0.30207123529230384,-1.0045410742254175,0.46949602122015915,0.8072605788395434,1.0,19/37,35.78%,ENSG00000156671;ENSG00000184304;ENSG00000123353;ENSG00000176170;ENSG00000164023;ENSG00000172057;ENSG00000143753;ENSG00000196542;ENSG00000100596;ENSG00000163590;ENSG00000101558;ENSG00000119537;ENSG00000110048;ENSG00000143418;ENSG00000223802;ENSG00000063176;ENSG00000105287;ENSG00000133275;ENSG00000115825
prerank,REACTOME_DAP12_SIGNALING,0.2201143097681328,0.8161829755023101,0.7683664649956785,0.807271790411162,1.0,3/29,4.65%,ENSG00000177885;ENSG00000174775;ENSG00000095970
prerank,REACTOME_REGULATION_OF_ENDOGENOUS_RETROELEMENTS,-0.25387944010769553,-1.002317731782419,0.46944157780071094,0.8075527651421324,1.0,63/99,45.70%,ENSG00000146047;ENSG00000130844;ENSG00000082014;ENSG00000198633;ENSG00000105968;ENSG00000262874;ENSG00000188486;ENSG00000073584;ENSG00000099385;ENSG00000267680;ENSG00000246705;ENSG00000196890;ENSG00000170004;ENSG00000197903;ENSG00000189180;ENSG00000169131;ENSG00000168661;ENSG00000180573;ENSG00000180596;ENSG00000143379;ENSG00000188612;ENSG00000106635;ENSG00000071655;ENSG00000175322;ENSG00000198538;ENSG00000136518;ENSG00000149480;ENSG00000083844;ENSG00000124635;ENSG00000011332;ENSG00000163946;ENSG00000196417;ENSG00000167491;ENSG00000080503;ENSG00000197409;ENSG00000182141;ENSG00000076053;ENSG00000057935;ENSG00000204947;ENSG00000134668;ENSG00000184678;ENSG00000188295;ENSG00000119772;ENSG00000108604;ENSG00000162521;ENSG00000167554;ENSG00000196591;ENSG00000158406;ENSG00000184260;ENSG00000158373;ENSG00000196724;ENSG00000196646;ENSG00000132475;ENSG00000197837;ENSG00000102054;ENSG00000173473;ENSG00000152433;ENSG00000066117;ENSG00000103275;ENSG00000133884;ENSG00000178187;ENSG00000134283;ENSG00000182979
prerank,REACTOME_POSITIVE_REGULATION_OF_CDH1_GENE_TRANSCRIPTION,-0.39697083923468185,-1.0000588884239803,0.48053747056379,0.8080292477691865,1.0,10/12,54.09%,ENSG00000169554;ENSG00000136826;ENSG00000023734;ENSG00000137203;ENSG00000065970;ENSG00000139687;ENSG00000119138;ENSG00000125798;ENSG00000185591;ENSG00000117713
prerank,REACTOME_ACTIVATION_OF_IRF3_IRF7_MEDIATED_BY_TBK1_IKK_IKBKE,-0.36080887426412234,-1.0028229276945146,0.47108450129269286,0.8081025390292232,1.0,5/17,13.88%,ENSG00000004139;ENSG00000136560;ENSG00000143947;ENSG00000179295;ENSG00000221983
prerank,REACTOME_NUCLEAR_RNA_DECAY,-0.3062636430857444,-1.001396905177622,0.4712244109694863,0.8082029501879339,1.0,22/34,49.54%,ENSG00000197223;ENSG00000120699;ENSG00000171824;ENSG00000075914;ENSG00000171311;ENSG00000115421;ENSG00000077348;ENSG00000107371;ENSG00000204348;ENSG00000083520;ENSG00000076053;ENSG00000112941;ENSG00000130713;ENSG00000091009;ENSG00000083896;ENSG00000123737;ENSG00000088930;ENSG00000135698;ENSG00000147905;ENSG00000136937;ENSG00000178896;ENSG00000114503
prerank,REACTOME_REGULATION_OF_EXPRESSION_AND_FUNCTION_OF_TYPE_II_CLASSICAL_CADHERINS,-0.30767756830183873,-0.9866045197997745,0.4919772256728778,0.8142899133751027,1.0,10/31,22.80%,ENSG00000198561;ENSG00000155363;ENSG00000126016;ENSG00000163909;ENSG00000169554;ENSG00000134698;ENSG00000139880;ENSG00000135074;ENSG00000037965;ENSG00000168036
prerank,REACTOME_RNA_POLYMERASE_I_TRANSCRIPTION,-0.2650569722463292,-0.9858163271641215,0.4979732951835956,0.8144985008447273,1.0,47/68,45.70%,ENSG00000146047;ENSG00000145736;ENSG00000100142;ENSG00000020426;ENSG00000147669;ENSG00000105968;ENSG00000177469;ENSG00000102882;ENSG00000188486;ENSG00000246705;ENSG00000196890;ENSG00000170004;ENSG00000197903;ENSG00000125482;ENSG00000111358;ENSG00000180573;ENSG00000108312;ENSG00000180596;ENSG00000134046;ENSG00000134058;ENSG00000066379;ENSG00000071655;ENSG00000149480;ENSG00000124635;ENSG00000110768;ENSG00000167491;ENSG00000197409;ENSG00000134480;ENSG00000057935;ENSG00000272047;ENSG00000184678;ENSG00000085721;ENSG00000163882;ENSG00000162521;ENSG00000196591;ENSG00000158406;ENSG00000184260;ENSG00000158373;ENSG00000186184;ENSG00000114166;ENSG00000132475;ENSG00000197837;ENSG00000112592;ENSG00000102054;ENSG00000105849;ENSG00000125630;ENSG00000182979
prerank,REACTOME_RHOQ_GTPASE_CYCLE,-0.27261169458163254,-0.9910545579091187,0.48561369430617946,0.8155417468311449,1.0,39/59,50.76%,ENSG00000149357;ENSG00000183856;ENSG00000105137;ENSG00000035499;ENSG00000159259;ENSG00000079482;ENSG00000149798;ENSG00000131089;ENSG00000123143;ENSG00000001626;ENSG00000049245;ENSG00000139734;ENSG00000088986;ENSG00000160007;ENSG00000092531;ENSG00000163171;ENSG00000173218;ENSG00000198373;ENSG00000100852;ENSG00000139117;ENSG00000198752;ENSG00000143776;ENSG00000115107;ENSG00000134909;ENSG00000105281;ENSG00000145819;ENSG00000070831;ENSG00000187239;ENSG00000119729;ENSG00000196220;ENSG00000128283;ENSG00000126822;ENSG00000108262;ENSG00000140750;ENSG00000205726;ENSG00000139436;ENSG00000106299;ENSG00000130669;ENSG00000180900
prerank,REACTOME_SIGNALING_BY_WNT_IN_CANCER,-0.30172793551266314,-0.9866805448725249,0.4929939580922998,0.8159773311230597,1.0,20/34,43.45%,ENSG00000159692;ENSG00000104695;ENSG00000107984;ENSG00000102312;ENSG00000183762;ENSG00000154342;ENSG00000112640;ENSG00000134982;ENSG00000108375;ENSG00000168036;ENSG00000113712;ENSG00000104371;ENSG00000068971;ENSG00000078304;ENSG00000163251;ENSG00000113575;ENSG00000148737;ENSG00000103126;ENSG00000177283;ENSG00000066027
prerank,REACTOME_SIGNALING_BY_SCF_KIT,-0.2885213505880452,-0.9929890996984683,0.4901270280467866,0.8160151263140497,1.0,23/43,40.46%,ENSG00000149554;ENSG00000197122;ENSG00000179295;ENSG00000160999;ENSG00000100985;ENSG00000173757;ENSG00000126561;ENSG00000100351;ENSG00000133703;ENSG00000213281;ENSG00000141738;ENSG00000105647;ENSG00000096968;ENSG00000033327;ENSG00000121879;ENSG00000010810;ENSG00000129538;ENSG00000141968;ENSG00000254087;ENSG00000117461;ENSG00000115415;ENSG00000111252;ENSG00000135605
prerank,REACTOME_DEVELOPMENTAL_CELL_LINEAGES_OF_THE_EXOCRINE_PANCREAS,-0.25854021738999217,-0.9872019116776298,0.4935693215339233,0.8164653955518046,1.0,24/79,26.09%,ENSG00000204262;ENSG00000080493;ENSG00000130635;ENSG00000136574;ENSG00000135046;ENSG00000168542;ENSG00000019582;ENSG00000169856;ENSG00000170835;ENSG00000180535;ENSG00000164692;ENSG00000134873;ENSG00000108821;ENSG00000001626;ENSG00000175535;ENSG00000196739;ENSG00000139219;ENSG00000141086;ENSG00000103375;ENSG00000164690;ENSG00000091136;ENSG00000167748;ENSG00000171345;ENSG00000164736
prerank,REACTOME_NUCLEAR_PORE_COMPLEX_NPC_DISASSEMBLY,-0.2988077376298258,-0.9878735045877123,0.4923910239876193,0.8165602603499407,1.0,9/35,12.85%,ENSG00000157456;ENSG00000170312;ENSG00000134057;ENSG00000058804;ENSG00000119638;ENSG00000119408;ENSG00000157020;ENSG00000139496;ENSG00000075188
prerank,REACTOME_ER_QUALITY_CONTROL_COMPARTMENT_ERQC,-0.33863628529370127,-0.991226811249855,0.4847096861107369,0.8169980376688645,1.0,17/21,40.57%,ENSG00000239305;ENSG00000072849;ENSG00000143947;ENSG00000221983;ENSG00000159461;ENSG00000136731;ENSG00000088298;ENSG00000138942;ENSG00000071537;ENSG00000177239;ENSG00000162298;ENSG00000134109;ENSG00000170881;ENSG00000204308;ENSG00000170315;ENSG00000145495;ENSG00000116406
prerank,REACTOME_DISEASES_ASSOCIATED_WITH_O_GLYCOSYLATION_OF_PROTEINS,-0.26652321845656324,-0.9918895272954635,0.48781073615948123,0.8171509858152457,1.0,26/66,36.35%,ENSG00000085998;ENSG00000173402;ENSG00000134250;ENSG00000158859;ENSG00000159674;ENSG00000187720;ENSG00000087116;ENSG00000106392;ENSG00000143382;ENSG00000185761;ENSG00000126759;ENSG00000106003;ENSG00000049192;ENSG00000136378;ENSG00000115339;ENSG00000140470;ENSG00000171155;ENSG00000181143;ENSG00000138316;ENSG00000130714;ENSG00000119514;ENSG00000134917;ENSG00000145808;ENSG00000185499;ENSG00000174684;ENSG00000156218
prerank,REACTOME_EXPRESSION_OF_BMAL_ARNTL_CLOCK_AND_NPAS2,-0.30219440250501567,-0.9882541050336194,0.4951036500063589,0.8174597492600731,1.0,8/34,19.54%,ENSG00000081189;ENSG00000082014;ENSG00000118260;ENSG00000101849;ENSG00000141027;ENSG00000186350;ENSG00000115966;ENSG00000143365
prerank,REACTOME_SMAD2_SMAD3_SMAD4_HETEROTRIMER_REGULATES_TRANSCRIPTION,-0.3002707623366166,-0.9931371511032375,0.4885710637211084,0.8175515640284469,1.0,16/36,25.21%,ENSG00000140564;ENSG00000177426;ENSG00000018408;ENSG00000106366;ENSG00000080839;ENSG00000114126;ENSG00000102882;ENSG00000198176;ENSG00000143947;ENSG00000164692;ENSG00000221983;ENSG00000100030;ENSG00000112237;ENSG00000133740;ENSG00000171223;ENSG00000141646
prerank,REACTOME_CLEC7A_DECTIN_1_INDUCES_NFAT_ACTIVATION,-0.4014470283346373,-0.9937018373207122,0.49061397318278055,0.8179588900345435,1.0,5/11,30.77%,ENSG00000096433;ENSG00000138814;ENSG00000198668;ENSG00000221823;ENSG00000168710
prerank,REACTOME_SIGNALING_BY_GPCR,-0.2159291676418608,-0.9887636907011768,0.5387792103142627,0.8180017902391581,1.0,194/605,32.96%,ENSG00000050327;ENSG00000163736;ENSG00000109255;ENSG00000121957;ENSG00000169508;ENSG00000184574;ENSG00000255837;ENSG00000213906;ENSG00000255398;ENSG00000131477;ENSG00000108379;ENSG00000197696;ENSG00000129675;ENSG00000169248;ENSG00000137135;ENSG00000171680;ENSG00000128617;ENSG00000078589;ENSG00000004660;ENSG00000115596;ENSG00000173585;ENSG00000105520;ENSG00000155366;ENSG00000172354;ENSG00000197993;ENSG00000163794;ENSG00000240771;ENSG00000163737;ENSG00000198844;ENSG00000165409;ENSG00000197122;ENSG00000105989;ENSG00000150093;ENSG00000168959;ENSG00000135046;ENSG00000166148;ENSG00000104695;ENSG00000125245;ENSG00000127920;ENSG00000117676;ENSG00000161638;ENSG00000136160;ENSG00000163735;ENSG00000204174;ENSG00000114251;ENSG00000110237;ENSG00000171136;ENSG00000102468;ENSG00000125730;ENSG00000102882;ENSG00000113319;ENSG00000179921;ENSG00000123146;ENSG00000132911;ENSG00000105819;ENSG00000163823;ENSG00000071242;ENSG00000171631;ENSG00000198055;ENSG00000111664;ENSG00000171051;ENSG00000105851;ENSG00000118260;ENSG00000148680;ENSG00000127507;ENSG00000140030;ENSG00000144891;ENSG00000117298;ENSG00000168229;ENSG00000214694;ENSG00000047597;ENSG00000163932;ENSG00000165621;ENSG00000104826;ENSG00000004948;ENSG00000113070;ENSG00000169403;ENSG00000126262;ENSG00000164850;ENSG00000134830;ENSG00000127588;ENSG00000125910;ENSG00000131142;ENSG00000131089;ENSG00000186188;ENSG00000173020;ENSG00000123143;ENSG00000163606;ENSG00000096433;ENSG00000139679;ENSG00000267534;ENSG00000069696;ENSG00000169313;ENSG00000180340;ENSG00000116014;ENSG00000101333;ENSG00000146648;ENSG00000113300;ENSG00000182732;ENSG00000087494;ENSG00000154342;ENSG00000065135;ENSG00000112640;ENSG00000213903;ENSG00000205268;ENSG00000169962;ENSG00000164251;ENSG00000154764;ENSG00000150681;ENSG00000100030;ENSG00000151577;ENSG00000143185;ENSG00000139574;ENSG00000185231;ENSG00000162009;ENSG00000164690;ENSG00000138814;ENSG00000124205;ENSG00000100485;ENSG00000188763;ENSG00000067900;ENSG00000184588;ENSG00000180914;ENSG00000010310;ENSG00000134780;ENSG00000172575;ENSG00000213694;ENSG00000134245;ENSG00000104728;ENSG00000128165;ENSG00000108688;ENSG00000146426;ENSG00000027075;ENSG00000121853;ENSG00000112038;ENSG00000173198;ENSG00000181104;ENSG00000198668;ENSG00000181631;ENSG00000066248;ENSG00000135925;ENSG00000179546;ENSG00000155897;ENSG00000133703;ENSG00000160691;ENSG00000174788;ENSG00000005249;ENSG00000213281;ENSG00000149091;ENSG00000145708;ENSG00000088256;ENSG00000069966;ENSG00000215644;ENSG00000165059;ENSG00000126895;ENSG00000178473;ENSG00000080293;ENSG00000102302;ENSG00000105647;ENSG00000164050;ENSG00000143248;ENSG00000221823;ENSG00000114450;ENSG00000147246;ENSG00000138741;ENSG00000258839;ENSG00000121879;ENSG00000127364;ENSG00000138835;ENSG00000064989;ENSG00000168710;ENSG00000068831;ENSG00000090924;ENSG00000077044;ENSG00000122375;ENSG00000105221;ENSG00000102780;ENSG00000125384;ENSG00000164885;ENSG00000171049;ENSG00000126010;ENSG00000179603;ENSG00000244165;ENSG00000185920;ENSG00000177189;ENSG00000164535;ENSG00000171860;ENSG00000116711;ENSG00000123360;ENSG00000129467;ENSG00000119714;ENSG00000178015;ENSG00000143878;ENSG00000122420
prerank,REACTOME_METABOLISM_OF_LIPIDS,-0.2157259580083188,-0.9943071159977372,0.5178535606820461,0.8182192499896546,1.0,203/731,22.69%,ENSG00000150961;ENSG00000109016;ENSG00000062282;ENSG00000111012;ENSG00000197142;ENSG00000117305;ENSG00000123130;ENSG00000119927;ENSG00000176244;ENSG00000174951;ENSG00000076555;ENSG00000105559;ENSG00000147872;ENSG00000004779;ENSG00000188878;ENSG00000134324;ENSG00000185361;ENSG00000147155;ENSG00000156671;ENSG00000149809;ENSG00000101846;ENSG00000102886;ENSG00000139278;ENSG00000117859;ENSG00000115641;ENSG00000110536;ENSG00000082014;ENSG00000074696;ENSG00000178537;ENSG00000106546;ENSG00000166311;ENSG00000110090;ENSG00000019186;ENSG00000136146;ENSG00000176597;ENSG00000167107;ENSG00000100600;ENSG00000151611;ENSG00000151726;ENSG00000184304;ENSG00000105854;ENSG00000168918;ENSG00000129219;ENSG00000111424;ENSG00000100344;ENSG00000130517;ENSG00000006025;ENSG00000021762;ENSG00000115425;ENSG00000267673;ENSG00000155868;ENSG00000123353;ENSG00000155016;ENSG00000168306;ENSG00000117594;ENSG00000172893;ENSG00000113790;ENSG00000153246;ENSG00000166821;ENSG00000221988;ENSG00000101473;ENSG00000180089;ENSG00000100439;ENSG00000165591;ENSG00000163082;ENSG00000148334;ENSG00000157184;ENSG00000143036;ENSG00000233276;ENSG00000103066;ENSG00000112972;ENSG00000134824;ENSG00000176170;ENSG00000115525;ENSG00000052802;ENSG00000186111;ENSG00000108590;ENSG00000121316;ENSG00000148677;ENSG00000038210;ENSG00000148795;ENSG00000133027;ENSG00000066136;ENSG00000005187;ENSG00000198431;ENSG00000180488;ENSG00000119915;ENSG00000197296;ENSG00000006756;ENSG00000163154;ENSG00000138109;ENSG00000198814;ENSG00000177628;ENSG00000079459;ENSG00000164181;ENSG00000084453;ENSG00000105851;ENSG00000101849;ENSG00000079435;ENSG00000185813;ENSG00000107242;ENSG00000101255;ENSG00000168118;ENSG00000186480;ENSG00000186526;ENSG00000087085;ENSG00000133321;ENSG00000157978;ENSG00000145384;ENSG00000130175;ENSG00000104826;ENSG00000113273;ENSG00000099377;ENSG00000141027;ENSG00000117069;ENSG00000113161;ENSG00000122971;ENSG00000123739;ENSG00000145545;ENSG00000153395;ENSG00000164023;ENSG00000204386;ENSG00000100294;ENSG00000176485;ENSG00000134255;ENSG00000163106;ENSG00000198754;ENSG00000144035;ENSG00000103502;ENSG00000005471;ENSG00000242612;ENSG00000141934;ENSG00000162139;ENSG00000157350;ENSG00000006757;ENSG00000105223;ENSG00000100934;ENSG00000170266;ENSG00000078142;ENSG00000118137;ENSG00000186298;ENSG00000186350;ENSG00000006530;ENSG00000180801;ENSG00000148154;ENSG00000117480;ENSG00000204228;ENSG00000196139;ENSG00000163344;ENSG00000104549;ENSG00000197977;ENSG00000101290;ENSG00000138796;ENSG00000100300;ENSG00000186115;ENSG00000158874;ENSG00000167315;ENSG00000165175;ENSG00000184381;ENSG00000166908;ENSG00000066322;ENSG00000167588;ENSG00000100652;ENSG00000172057;ENSG00000152700;ENSG00000168765;ENSG00000111058;ENSG00000110697;ENSG00000105852;ENSG00000112237;ENSG00000088766;ENSG00000111271;ENSG00000106617;ENSG00000010270;ENSG00000025434;ENSG00000171608;ENSG00000143753;ENSG00000167508;ENSG00000108389;ENSG00000132958;ENSG00000163586;ENSG00000141337;ENSG00000107897;ENSG00000151365;ENSG00000243708;ENSG00000126821;ENSG00000136881;ENSG00000139505;ENSG00000170522;ENSG00000124003;ENSG00000148343;ENSG00000138061;ENSG00000112367;ENSG00000138115;ENSG00000188612;ENSG00000128039;ENSG00000172817;ENSG00000188921;ENSG00000049860;ENSG00000167969;ENSG00000054118;ENSG00000196542;ENSG00000091039
prerank,REACTOME_MET_PROMOTES_CELL_MOTILITY,-0.2937747021111247,-0.988881868391661,0.4958423947806064,0.8196105346442487,1.0,12/39,22.27%,ENSG00000204262;ENSG00000130635;ENSG00000197122;ENSG00000150093;ENSG00000168542;ENSG00000164692;ENSG00000108821;ENSG00000196739;ENSG00000139219;ENSG00000105976;ENSG00000164171;ENSG00000091136
prerank,REACTOME_TRAF6_MEDIATED_NF_KB_ACTIVATION,-0.3257527548609356,-0.9823450969108504,0.5029757968522682,0.8200725253494973,1.0,5/24,12.24%,ENSG00000181481;ENSG00000163221;ENSG00000168256;ENSG00000107201;ENSG00000189403
prerank,REACTOME_G_ALPHA_12_13_SIGNALLING_EVENTS,-0.2586109340758446,-0.9826499547317351,0.5080340264650284,0.8211408102125758,1.0,34/77,38.27%,ENSG00000050327;ENSG00000129675;ENSG00000137135;ENSG00000171680;ENSG00000155366;ENSG00000172354;ENSG00000198844;ENSG00000127920;ENSG00000110237;ENSG00000113319;ENSG00000111664;ENSG00000214694;ENSG00000127588;ENSG00000131089;ENSG00000100485;ENSG00000067900;ENSG00000104728;ENSG00000146426;ENSG00000066248;ENSG00000069966;ENSG00000102302;ENSG00000164050;ENSG00000114450;ENSG00000090924;ENSG00000143878;ENSG00000076928;ENSG00000141968;ENSG00000074964;ENSG00000104880;ENSG00000176533;ENSG00000170214;ENSG00000163947;ENSG00000165801;ENSG00000134318
prerank,REACTOME_GASTRIN_CREB_SIGNALLING_PATHWAY_VIA_PKC_AND_MAPK,-0.35032009870494707,-0.9710746353086103,0.5160230073952342,0.8219838747010614,1.0,9/17,26.53%,ENSG00000117676;ENSG00000102882;ENSG00000071242;ENSG00000118260;ENSG00000113070;ENSG00000146648;ENSG00000100030;ENSG00000133703;ENSG00000213281
prerank,REACTOME_APOPTOTIC_FACTOR_MEDIATED_RESPONSE,-0.33536588833101266,-0.9730365368817512,0.5130679533574588,0.8223461312713933,1.0,7/20,24.58%,ENSG00000087088;ENSG00000102882;ENSG00000105928;ENSG00000172115;ENSG00000100030;ENSG00000030110;ENSG00000184047
prerank,REACTOME_SUMOYLATION_OF_TRANSCRIPTION_FACTORS,-0.3366193329429289,-0.9737402240894272,0.5164223669923995,0.822349185820558,1.0,7/20,23.00%,ENSG00000078043;ENSG00000116030;ENSG00000172845;ENSG00000183770;ENSG00000131788;ENSG00000188612;ENSG00000087510
prerank,REACTOME_TRNA_MODIFICATION_IN_THE_MITOCHONDRION,-0.39427519894230073,-0.97502409115833,0.5150365373805509,0.8226842798840506,1.0,8/11,49.47%,ENSG00000072506;ENSG00000128694;ENSG00000130299;ENSG00000174173;ENSG00000100890;ENSG00000171103;ENSG00000100416;ENSG00000177192
prerank,REACTOME_SYNTHESIS_OF_PIPS_AT_THE_LATE_ENDOSOME_MEMBRANE,-0.3945078268196518,-0.974294553781695,0.5221164613661814,0.8227433616758578,1.0,7/11,46.86%,ENSG00000078142;ENSG00000108389;ENSG00000112367;ENSG00000171100;ENSG00000087053;ENSG00000104643;ENSG00000196455
prerank,REACTOME_METABOLISM_OF_PORPHYRINS,-0.3135679743607782,-0.9700399166344886,0.5197948178350651,0.8228279895409768,1.0,15/27,31.11%,ENSG00000158578;ENSG00000188878;ENSG00000137491;ENSG00000256269;ENSG00000100292;ENSG00000163586;ENSG00000126088;ENSG00000106605;ENSG00000143224;ENSG00000066926;ENSG00000006695;ENSG00000014919;ENSG00000134538;ENSG00000111700;ENSG00000090013
prerank,REACTOME_MISCELLANEOUS_TRANSPORT_AND_BINDING_EVENTS,-0.306359135273913,-0.968592515430026,0.5213026129488995,0.8229217330539306,1.0,4/29,2.15%,ENSG00000171017;ENSG00000170113;ENSG00000112077;ENSG00000102158
prerank,REACTOME_SUMOYLATION_OF_DNA_REPLICATION_PROTEINS,-0.28068997926865774,-0.9784288174577744,0.5098457293365107,0.8230268812204811,1.0,19/45,24.79%,ENSG00000089685;ENSG00000131747;ENSG00000178999;ENSG00000058804;ENSG00000132646;ENSG00000157020;ENSG00000116030;ENSG00000134690;ENSG00000139496;ENSG00000087586;ENSG00000075188;ENSG00000131788;ENSG00000155561;ENSG00000149503;ENSG00000188612;ENSG00000153201;ENSG00000198900;ENSG00000138750;ENSG00000069248
prerank,REACTOME_TOLL_LIKE_RECEPTOR_CASCADES,-0.23190044007683824,-0.9713552481934828,0.5467618120877933,0.8230839540876098,1.0,49/168,24.70%,ENSG00000081189;ENSG00000004139;ENSG00000160703;ENSG00000136943;ENSG00000110057;ENSG00000163221;ENSG00000171560;ENSG00000168256;ENSG00000102921;ENSG00000100600;ENSG00000104695;ENSG00000117676;ENSG00000102882;ENSG00000101916;ENSG00000136560;ENSG00000187554;ENSG00000071242;ENSG00000118260;ENSG00000088179;ENSG00000143947;ENSG00000179295;ENSG00000189403;ENSG00000105928;ENSG00000221983;ENSG00000196664;ENSG00000129988;ENSG00000106100;ENSG00000174516;ENSG00000169896;ENSG00000078142;ENSG00000134061;ENSG00000115966;ENSG00000143387;ENSG00000185386;ENSG00000112640;ENSG00000100324;ENSG00000174130;ENSG00000100030;ENSG00000171564;ENSG00000197329;ENSG00000130159;ENSG00000129465;ENSG00000184979;ENSG00000164342;ENSG00000135218;ENSG00000170458;ENSG00000213341;ENSG00000112062;ENSG00000127191
prerank,REACTOME_SPECIFICATION_OF_PRIMORDIAL_GERM_CELLS,-0.3974876348748624,-0.9804866227941132,0.5134680134680135,0.8231739111008335,1.0,7/11,47.95%,ENSG00000057657;ENSG00000204531;ENSG00000087510;ENSG00000164736;ENSG00000187556;ENSG00000168769;ENSG00000078699
prerank,REACTOME_PEPTIDE_HORMONE_METABOLISM,-0.253861586222107,-0.9720027556291256,0.5249068901303539,0.8232186913125447,1.0,26/81,24.46%,ENSG00000182220;ENSG00000196549;ENSG00000163083;ENSG00000114902;ENSG00000163794;ENSG00000139269;ENSG00000166562;ENSG00000136574;ENSG00000090989;ENSG00000175426;ENSG00000111664;ENSG00000087085;ENSG00000101160;ENSG00000104826;ENSG00000122641;ENSG00000127588;ENSG00000164756;ENSG00000186188;ENSG00000118363;ENSG00000136826;ENSG00000175189;ENSG00000080618;ENSG00000123999;ENSG00000168036;ENSG00000140612;ENSG00000129128
prerank,REACTOME_ZYGOTIC_GENOME_ACTIVATION_ZGA,-0.4054091284690736,-0.975464105056685,0.5249325188236965,0.8233993361539214,1.0,6/10,52.82%,ENSG00000083223;ENSG00000121570;ENSG00000141510;ENSG00000197905;ENSG00000163530;ENSG00000178928
prerank,REACTOME_MTOR_SIGNALLING,-0.28979233026706286,-0.978803286885523,0.5030333670374115,0.8239110259987701,1.0,18/40,32.18%,ENSG00000167965;ENSG00000149357;ENSG00000188186;ENSG00000082146;ENSG00000151247;ENSG00000118046;ENSG00000187840;ENSG00000134248;ENSG00000165699;ENSG00000106617;ENSG00000103197;ENSG00000109270;ENSG00000116954;ENSG00000181929;ENSG00000204673;ENSG00000115592;ENSG00000105221;ENSG00000116586
prerank,REACTOME_INTERLEUKIN_20_FAMILY_SIGNALING,-0.3398533568897719,-0.9688877404458067,0.519945909398242,0.8240161435974872,1.0,10/19,38.63%,ENSG00000179295;ENSG00000174564;ENSG00000173757;ENSG00000126561;ENSG00000138378;ENSG00000243646;ENSG00000142224;ENSG00000096968;ENSG00000105397;ENSG00000115415
prerank,REACTOME_METABOLISM_OF_AMINE_DERIVED_HORMONES,-0.3379698993899816,-0.9794226725120393,0.503465742468675,0.8241508387526502,1.0,7/20,24.26%,ENSG00000140274;ENSG00000137857;ENSG00000141744;ENSG00000129167;ENSG00000211452;ENSG00000153066;ENSG00000140254
prerank,REACTOME_RORA_B_C_AND_NR1D1_REV_ERBA_REGULATE_GENE_EXPRESSION,-0.3197552643911789,-0.9754949339738054,0.5130344108446299,0.8251934270344098,1.0,7/25,19.54%,ENSG00000082014;ENSG00000110090;ENSG00000119915;ENSG00000101849;ENSG00000141027;ENSG00000186350;ENSG00000143365
prerank,REACTOME_PHASE_I_FUNCTIONALIZATION_OF_COMPOUNDS,-0.24427165494328204,-0.9669570250035222,0.5404601121666476,0.8253201625489107,1.0,24/102,17.93%,ENSG00000111012;ENSG00000127948;ENSG00000143819;ENSG00000131069;ENSG00000106546;ENSG00000019186;ENSG00000117791;ENSG00000189221;ENSG00000172955;ENSG00000267673;ENSG00000155016;ENSG00000159231;ENSG00000138109;ENSG00000131480;ENSG00000186526;ENSG00000167600;ENSG00000106258;ENSG00000114771;ENSG00000186350;ENSG00000175756;ENSG00000003137;ENSG00000186115;ENSG00000164237;ENSG00000007933
prerank,REACTOME_CAMK_IV_MEDIATED_PHOSPHORYLATION_OF_CREB,-0.40804129272345446,-0.9761375537644689,0.5173443275518909,0.8253649261083702,1.0,3/10,25.30%,ENSG00000004660;ENSG00000118260;ENSG00000198668
prerank,REACTOME_SUMOYLATION,-0.23027512931222388,-0.9762033206565464,0.5353403141361257,0.8270768418870366,1.0,83/171,36.95%,ENSG00000089685;ENSG00000131747;ENSG00000178999;ENSG00000078043;ENSG00000197299;ENSG00000164754;ENSG00000058804;ENSG00000132646;ENSG00000107672;ENSG00000159692;ENSG00000126351;ENSG00000111424;ENSG00000178691;ENSG00000072501;ENSG00000157020;ENSG00000130816;ENSG00000116030;ENSG00000012048;ENSG00000169189;ENSG00000134690;ENSG00000198887;ENSG00000143799;ENSG00000139496;ENSG00000087586;ENSG00000075188;ENSG00000170004;ENSG00000100201;ENSG00000163029;ENSG00000186350;ENSG00000172845;ENSG00000068024;ENSG00000067066;ENSG00000152422;ENSG00000214717;ENSG00000134086;ENSG00000183770;ENSG00000122481;ENSG00000025434;ENSG00000131788;ENSG00000108055;ENSG00000155561;ENSG00000149503;ENSG00000188612;ENSG00000147400;ENSG00000119042;ENSG00000153201;ENSG00000256683;ENSG00000108654;ENSG00000087510;ENSG00000198900;ENSG00000138750;ENSG00000204227;ENSG00000069248;ENSG00000131408;ENSG00000197579;ENSG00000012504;ENSG00000118412;ENSG00000047410;ENSG00000120798;ENSG00000136243;ENSG00000121481;ENSG00000181163;ENSG00000156831;ENSG00000139372;ENSG00000055044;ENSG00000136931;ENSG00000153234;ENSG00000163961;ENSG00000163904;ENSG00000180530;ENSG00000101972;ENSG00000077097;ENSG00000172262;ENSG00000185115;ENSG00000134686;ENSG00000119772;ENSG00000141510;ENSG00000124789;ENSG00000030066;ENSG00000196591;ENSG00000137203;ENSG00000079387;ENSG00000158406
prerank,REACTOME_SARS_COV_1_ACTIVATES_MODULATES_INNATE_IMMUNE_RESPONSES,-0.2843070531975395,-0.9614338625905471,0.5353699762113434,0.8286093409140841,1.0,16/40,22.60%,ENSG00000103490;ENSG00000171960;ENSG00000166794;ENSG00000123609;ENSG00000107201;ENSG00000184584;ENSG00000143947;ENSG00000159216;ENSG00000221983;ENSG00000117602;ENSG00000196664;ENSG00000138398;ENSG00000130303;ENSG00000078747;ENSG00000129465;ENSG00000052723
prerank,REACTOME_TAK1_DEPENDENT_IKK_AND_NF_KAPPA_B_ACTIVATION,-0.28171803523538586,-0.964812302284419,0.5281320330082521,0.8290257280812497,1.0,22/43,38.75%,ENSG00000160703;ENSG00000163221;ENSG00000168256;ENSG00000102921;ENSG00000143947;ENSG00000189403;ENSG00000221983;ENSG00000106100;ENSG00000100324;ENSG00000184979;ENSG00000213341;ENSG00000127191;ENSG00000101557;ENSG00000166130;ENSG00000064012;ENSG00000244687;ENSG00000141510;ENSG00000134070;ENSG00000104312;ENSG00000177889;ENSG00000170315;ENSG00000160307
prerank,REACTOME_AKT_PHOSPHORYLATES_TARGETS_IN_THE_CYTOSOL,-0.364343712681774,-0.9604190772604512,0.5344024122807017,0.8293858103714457,1.0,11/14,58.58%,ENSG00000103197;ENSG00000213341;ENSG00000111276;ENSG00000204673;ENSG00000105221;ENSG00000133606;ENSG00000105723;ENSG00000205643;ENSG00000142208;ENSG00000002330;ENSG00000132906
prerank,REACTOME_RETROGRADE_TRANSPORT_AT_THE_TRANS_GOLGI_NETWORK,-0.2730985924773358,-0.9617369197883883,0.5356922697571199,0.8296552961011447,1.0,17/49,20.59%,ENSG00000172780;ENSG00000187627;ENSG00000149823;ENSG00000164292;ENSG00000144747;ENSG00000183011;ENSG00000153130;ENSG00000144674;ENSG00000136152;ENSG00000143952;ENSG00000135040;ENSG00000123595;ENSG00000120805;ENSG00000049245;ENSG00000107036;ENSG00000213380;ENSG00000132254
prerank,REACTOME_REDUCTION_OF_CYTOSOLIC_CA_LEVELS,0.2827910629965804,0.8012871250256272,0.7534246575342466,0.8302644930512583,1.0,2/11,4.99%,ENSG00000174437;ENSG00000067842
prerank,REACTOME_SIGNALING_BY_VEGF,-0.24210444248715515,-0.9618555010390865,0.5555555555555556,0.8311786543859728,1.0,43/105,31.52%,ENSG00000198561;ENSG00000050820;ENSG00000167965;ENSG00000158517;ENSG00000165168;ENSG00000197122;ENSG00000119487;ENSG00000089159;ENSG00000027869;ENSG00000176170;ENSG00000106211;ENSG00000051523;ENSG00000101255;ENSG00000163932;ENSG00000123338;ENSG00000164867;ENSG00000138448;ENSG00000165197;ENSG00000123143;ENSG00000096433;ENSG00000055163;ENSG00000185386;ENSG00000100365;ENSG00000127837;ENSG00000062598;ENSG00000167601;ENSG00000150630;ENSG00000136754;ENSG00000067900;ENSG00000168036;ENSG00000186654;ENSG00000112062;ENSG00000198668;ENSG00000133703;ENSG00000213281;ENSG00000165059;ENSG00000105647;ENSG00000121879;ENSG00000168710;ENSG00000099250;ENSG00000105221;ENSG00000010810;ENSG00000138443
prerank,REACTOME_GLYCOSPHINGOLIPID_METABOLISM,-0.26759201793472187,-0.9624084973331183,0.5293260473588343,0.8315748755266518,1.0,16/55,16.04%,ENSG00000174951;ENSG00000101846;ENSG00000166311;ENSG00000176597;ENSG00000115525;ENSG00000006756;ENSG00000177628;ENSG00000113273;ENSG00000117069;ENSG00000204386;ENSG00000144035;ENSG00000162139;ENSG00000157350;ENSG00000170266;ENSG00000180801;ENSG00000148154
prerank,REACTOME_MITOCHONDRIAL_FATTY_ACID_BETA_OXIDATION,-0.291903321480023,-0.9587689544986445,0.5367552231106526,0.8317769763189278,1.0,20/35,34.68%,ENSG00000123130;ENSG00000176244;ENSG00000004779;ENSG00000167107;ENSG00000151611;ENSG00000005187;ENSG00000122971;ENSG00000100294;ENSG00000138796;ENSG00000167315;ENSG00000111271;ENSG00000167969;ENSG00000138029;ENSG00000184227;ENSG00000112304;ENSG00000230124;ENSG00000155368;ENSG00000172497;ENSG00000175198;ENSG00000124370
prerank,REACTOME_MISCELLANEOUS_SUBSTRATES,-0.37998208341467454,-0.9628724182555936,0.5335547253355473,0.8322259068485711,1.0,3/12,17.33%,ENSG00000155016;ENSG00000167600;ENSG00000186115
prerank,REACTOME_FORMATION_OF_INCISION_COMPLEX_IN_GG_NER,-0.2787120292259262,-0.9552156636733536,0.5449445206333375,0.8335410371961245,1.0,23/43,29.95%,ENSG00000106399;ENSG00000145736;ENSG00000129484;ENSG00000020426;ENSG00000134899;ENSG00000116030;ENSG00000169139;ENSG00000143947;ENSG00000143799;ENSG00000117748;ENSG00000221983;ENSG00000123552;ENSG00000111358;ENSG00000131788;ENSG00000134574;ENSG00000188612;ENSG00000147400;ENSG00000136936;ENSG00000134058;ENSG00000110768;ENSG00000100387;ENSG00000158290;ENSG00000134480
prerank,REACTOME_TGFBR3_EXPRESSION,-0.3146365097396122,-0.9563829790181082,0.5447175732217573,0.8342182072224833,1.0,10/25,30.36%,ENSG00000155363;ENSG00000129152;ENSG00000140262;ENSG00000119969;ENSG00000186350;ENSG00000069702;ENSG00000134698;ENSG00000141646;ENSG00000152284;ENSG00000134323
prerank,REACTOME_REGULATION_OF_RUNX1_EXPRESSION_AND_ACTIVITY,-0.34292470399783304,-0.9541626690962707,0.5369100443727309,0.8343967133993755,1.0,5/17,13.12%,ENSG00000155363;ENSG00000112576;ENSG00000197122;ENSG00000179295;ENSG00000159216
prerank,REACTOME_NRIF_SIGNALS_CELL_DEATH_FROM_THE_NUCLEUS,-0.3500575642203345,-0.9568368186812009,0.535989010989011,0.834872368635443,1.0,7/16,20.51%,ENSG00000205155;ENSG00000138613;ENSG00000143947;ENSG00000142856;ENSG00000221983;ENSG00000162736;ENSG00000117362
prerank,REACTOME_POST_TRANSLATIONAL_MODIFICATION_SYNTHESIS_OF_GPI_ANCHORED_PROTEINS,-0.2481201345313235,-0.9553379961450923,0.555126404494382,0.83504682132798,1.0,26/82,30.08%,ENSG00000179085;ENSG00000011422;ENSG00000150551;ENSG00000124466;ENSG00000204424;ENSG00000122707;ENSG00000169442;ENSG00000204421;ENSG00000143315;ENSG00000163975;ENSG00000165282;ENSG00000165195;ENSG00000151665;ENSG00000160886;ENSG00000197858;ENSG00000160932;ENSG00000197121;ENSG00000000419;ENSG00000185924;ENSG00000109743;ENSG00000007541;ENSG00000060642;ENSG00000087111;ENSG00000135678;ENSG00000135845;ENSG00000150556
prerank,REACTOME_SLC_MEDIATED_TRANSPORT_OF_AMINO_ACIDS,0.2038299912387389,0.7961189648469945,0.8178331735378715,0.8371973249256047,1.0,5/36,6.79%,ENSG00000131389;ENSG00000111181;ENSG00000162383;ENSG00000021488;ENSG00000186335
prerank,REACTOME_RNA_POLYMERASE_I_TRANSCRIPTION_TERMINATION,-0.29752039970030697,-0.9520806464087881,0.5511962953434525,0.8378275731299282,1.0,21/31,48.30%,ENSG00000145736;ENSG00000100142;ENSG00000020426;ENSG00000147669;ENSG00000177469;ENSG00000125482;ENSG00000111358;ENSG00000108312;ENSG00000134058;ENSG00000066379;ENSG00000110768;ENSG00000134480;ENSG00000272047;ENSG00000163882;ENSG00000186184;ENSG00000112592;ENSG00000105849;ENSG00000125630;ENSG00000166012;ENSG00000143498;ENSG00000213780
prerank,REACTOME_CD209_DC_SIGN_SIGNALING,0.23035835989282016,0.7941968788344327,0.7654814222932481,0.8390333813800481,1.0,2/21,2.70%,ENSG00000174775;ENSG00000072062
prerank,REACTOME_THROMBOXANE_SIGNALLING_THROUGH_TP_RECEPTOR,0.22598442128535373,0.7916678285505918,0.7716150081566069,0.8416706110107873,1.0,3/23,5.55%,ENSG00000078369;ENSG00000168243;ENSG00000162188
prerank,REACTOME_PROTEIN_LOCALIZATION,-0.2269932321581423,-0.947874435990229,0.5975357103914514,0.8465883464091677,1.0,90/161,39.28%,ENSG00000115204;ENSG00000117305;ENSG00000217930;ENSG00000103121;ENSG00000101417;ENSG00000166816;ENSG00000128654;ENSG00000086666;ENSG00000104823;ENSG00000181924;ENSG00000162735;ENSG00000175768;ENSG00000197448;ENSG00000115425;ENSG00000173085;ENSG00000168306;ENSG00000105197;ENSG00000113790;ENSG00000165060;ENSG00000101473;ENSG00000100216;ENSG00000138495;ENSG00000105819;ENSG00000250479;ENSG00000214253;ENSG00000162236;ENSG00000143947;ENSG00000106554;ENSG00000120742;ENSG00000221983;ENSG00000242612;ENSG00000130204;ENSG00000100292;ENSG00000162928;ENSG00000104980;ENSG00000126768;ENSG00000138138;ENSG00000119912;ENSG00000102178;ENSG00000138413;ENSG00000099800;ENSG00000107897;ENSG00000074582;ENSG00000136881;ENSG00000239857;ENSG00000196683;ENSG00000151729;ENSG00000144381;ENSG00000100372;ENSG00000072401;ENSG00000150779;ENSG00000171867;ENSG00000176894;ENSG00000134375;ENSG00000205981;ENSG00000101558;ENSG00000240230;ENSG00000113013;ENSG00000215193;ENSG00000170791;ENSG00000175215;ENSG00000133835;ENSG00000121680;ENSG00000213965;ENSG00000116906;ENSG00000075336;ENSG00000169100;ENSG00000127554;ENSG00000101323;ENSG00000125611;ENSG00000108733;ENSG00000034693;ENSG00000005469;ENSG00000106803;ENSG00000120915;ENSG00000168275;ENSG00000101986;ENSG00000173726;ENSG00000072210;ENSG00000154174;ENSG00000170315;ENSG00000131779;ENSG00000164284;ENSG00000163528;ENSG00000157911;ENSG00000127980;ENSG00000112357;ENSG00000140284;ENSG00000173171;ENSG00000131508
prerank,REACTOME_PYRIMIDINE_SALVAGE,-0.38019255279437414,-0.9434266378921539,0.558459808881394,0.8468130653768747,1.0,2/11,6.16%,ENSG00000156136;ENSG00000166548
prerank,REACTOME_RRNA_PROCESSING_IN_THE_MITOCHONDRION,-0.3412239181643053,-0.9435517767791701,0.5579621304999319,0.8483053087042928,1.0,10/17,33.18%,ENSG00000072506;ENSG00000182768;ENSG00000156990;ENSG00000167112;ENSG00000171861;ENSG00000174173;ENSG00000118246;ENSG00000122085;ENSG00000156469;ENSG00000100890
prerank,REACTOME_TRANSCRIPTION_OF_THE_HIV_GENOME,-0.2542365242681795,-0.9457182857968929,0.5712063188128291,0.8483460562372708,1.0,35/67,36.79%,ENSG00000145736;ENSG00000100142;ENSG00000005075;ENSG00000168002;ENSG00000020426;ENSG00000147669;ENSG00000140307;ENSG00000204356;ENSG00000166337;ENSG00000105258;ENSG00000137947;ENSG00000101158;ENSG00000213246;ENSG00000111358;ENSG00000103363;ENSG00000064995;ENSG00000102978;ENSG00000188986;ENSG00000134058;ENSG00000178913;ENSG00000148835;ENSG00000110768;ENSG00000047315;ENSG00000134480;ENSG00000137413;ENSG00000120656;ENSG00000197780;ENSG00000060069;ENSG00000154582;ENSG00000272047;ENSG00000064313;ENSG00000188342;ENSG00000106290;ENSG00000163882;ENSG00000187325
prerank,REACTOME_TICAM1_DEPENDENT_ACTIVATION_OF_IRF3_IRF7,0.2695681300357508,0.7860404188550693,0.7679083094555874,0.8489241042899396,1.0,1/12,1.47%,ENSG00000150991
prerank,REACTOME_DISEASES_OF_METABOLISM,-0.21602351935964204,-0.9447149628459468,0.6239100745876668,0.8490448097377051,1.0,99/263,31.01%,ENSG00000085998;ENSG00000178814;ENSG00000111012;ENSG00000173546;ENSG00000179085;ENSG00000173402;ENSG00000137700;ENSG00000151348;ENSG00000187566;ENSG00000086848;ENSG00000019186;ENSG00000129255;ENSG00000027847;ENSG00000151611;ENSG00000189221;ENSG00000134250;ENSG00000267673;ENSG00000172269;ENSG00000155016;ENSG00000182858;ENSG00000001084;ENSG00000159063;ENSG00000168288;ENSG00000181523;ENSG00000153406;ENSG00000130707;ENSG00000108784;ENSG00000158859;ENSG00000108479;ENSG00000148795;ENSG00000088035;ENSG00000010404;ENSG00000159921;ENSG00000083123;ENSG00000143947;ENSG00000114378;ENSG00000159674;ENSG00000167775;ENSG00000113273;ENSG00000196839;ENSG00000243989;ENSG00000033011;ENSG00000204386;ENSG00000149541;ENSG00000221983;ENSG00000119523;ENSG00000169738;ENSG00000119938;ENSG00000187720;ENSG00000087116;ENSG00000170266;ENSG00000106392;ENSG00000143382;ENSG00000185761;ENSG00000168216;ENSG00000003137;ENSG00000126759;ENSG00000007933;ENSG00000132692;ENSG00000131873;ENSG00000138413;ENSG00000137992;ENSG00000185231;ENSG00000056998;ENSG00000106003;ENSG00000140650;ENSG00000000419;ENSG00000091140;ENSG00000138061;ENSG00000169919;ENSG00000169105;ENSG00000128039;ENSG00000172817;ENSG00000049860;ENSG00000049192;ENSG00000101901;ENSG00000153989;ENSG00000126522;ENSG00000172339;ENSG00000171867;ENSG00000177239;ENSG00000162512;ENSG00000136378;ENSG00000198223;ENSG00000117682;ENSG00000161513;ENSG00000115339;ENSG00000136872;ENSG00000140470;ENSG00000214160;ENSG00000171155;ENSG00000231852;ENSG00000143891;ENSG00000142798;ENSG00000181143;ENSG00000138316;ENSG00000130714;ENSG00000213930;ENSG00000119514
prerank,REACTOME_PLATELET_CALCIUM_HOMEOSTASIS,-0.3070960726120481,-0.945855515283746,0.5539511682856393,0.8498289022818111,1.0,11/26,29.79%,ENSG00000196296;ENSG00000100678;ENSG00000083454;ENSG00000096433;ENSG00000160991;ENSG00000075142;ENSG00000167323;ENSG00000109991;ENSG00000198668;ENSG00000135124;ENSG00000138741
prerank,REACTOME_RUNX3_REGULATES_NOTCH_SIGNALING,-0.3596601472428017,-0.9436559008178236,0.568476164232571,0.8498516456177284,1.0,4/14,15.72%,ENSG00000013619;ENSG00000020633;ENSG00000184384;ENSG00000100603
prerank,REACTOME_SYNTHESIS_OF_PROSTAGLANDINS_PG_AND_THROMBOXANES_TX,0.24894567401498777,0.7838793507038239,0.7884047267355982,0.8509074025067593,1.0,1/15,1.59%,ENSG00000159228
prerank,REACTOME_G_BETA_GAMMA_SIGNALLING_THROUGH_CDC42,-0.32843088549874877,-0.9410195024061819,0.5538440932226092,0.8509417763028707,1.0,6/19,14.18%,ENSG00000129675;ENSG00000172354;ENSG00000127920;ENSG00000111664;ENSG00000127588;ENSG00000123143
prerank,REACTOME_CD28_DEPENDENT_PI3K_AKT_SIGNALING,-0.30420267194281303,-0.93910347788689,0.5662983425414365,0.8520639694475115,1.0,10/26,31.26%,ENSG00000167965;ENSG00000119487;ENSG00000105851;ENSG00000101255;ENSG00000171608;ENSG00000186654;ENSG00000105647;ENSG00000121879;ENSG00000105221;ENSG00000010810
prerank,REACTOME_TRAF3_DEPENDENT_IRF_ACTIVATION_PATHWAY,-0.3631491088298793,-0.9397360617571094,0.5618471687740517,0.8522822196213089,1.0,4/13,30.45%,ENSG00000181481;ENSG00000107201;ENSG00000052723;ENSG00000126456
prerank,REACTOME_SIGNALING_BY_NODAL,0.23367910657830154,0.7820004913800236,0.7858231707317073,0.8524972435140582,1.0,2/19,4.89%,ENSG00000166949;ENSG00000136698
prerank,REACTOME_PEPTIDE_LIGAND_BINDING_RECEPTORS,-0.2239861762084987,-0.9379080771897941,0.6129562643867149,0.8532201537479113,1.0,34/162,21.54%,ENSG00000163736;ENSG00000109255;ENSG00000197696;ENSG00000169248;ENSG00000173585;ENSG00000197993;ENSG00000163737;ENSG00000135046;ENSG00000166148;ENSG00000136160;ENSG00000163735;ENSG00000204174;ENSG00000171136;ENSG00000125730;ENSG00000132911;ENSG00000105819;ENSG00000163823;ENSG00000171051;ENSG00000144891;ENSG00000117298;ENSG00000047597;ENSG00000164850;ENSG00000134830;ENSG00000131142;ENSG00000163606;ENSG00000116014;ENSG00000113300;ENSG00000164251;ENSG00000143185;ENSG00000139574;ENSG00000185231;ENSG00000162009;ENSG00000124205;ENSG00000180914
prerank,REACTOME_RAS_PROCESSING,-0.3124399112108348,-0.9343394417666061,0.5720367167753093,0.8547853470473699,1.0,12/23,26.53%,ENSG00000143947;ENSG00000116237;ENSG00000129968;ENSG00000221983;ENSG00000156973;ENSG00000136379;ENSG00000120992;ENSG00000213465;ENSG00000171552;ENSG00000198668;ENSG00000133703;ENSG00000213281
prerank,REACTOME_ANDROGEN_BIOSYNTHESIS,-0.38799441712431326,-0.9357147147677825,0.5682011935208866,0.8550326181522853,1.0,4/10,22.13%,ENSG00000148795;ENSG00000104826;ENSG00000145545;ENSG00000128039
prerank,REACTOME_THE_CRY_PER_KINASE_COMPLEX_REPRESSES_TRANSACTIVATION_BY_THE_BMAL_CLOCK_ARNTL_CLOCK_COMPLEX,-0.3534361959471548,-0.9345509727635416,0.5712106503952296,0.8560599021419241,1.0,11/14,57.67%,ENSG00000049246;ENSG00000121671;ENSG00000170485;ENSG00000213923;ENSG00000161395;ENSG00000126368;ENSG00000133794;ENSG00000118058;ENSG00000141551;ENSG00000008405;ENSG00000134852
prerank,REACTOME_REPLACEMENT_OF_PROTAMINES_BY_NUCLEOSOMES_IN_THE_MALE_PRONUCLEUS,-0.3283717029959556,-0.9359555228411597,0.5661062542030935,0.8562268754511903,1.0,15/19,44.78%,ENSG00000146047;ENSG00000188486;ENSG00000196890;ENSG00000197903;ENSG00000096063;ENSG00000180596;ENSG00000124635;ENSG00000184678;ENSG00000158806;ENSG00000181038;ENSG00000158406;ENSG00000158373;ENSG00000132475;ENSG00000197837;ENSG00000122304
prerank,REACTOME_FGFR2_LIGAND_BINDING_AND_ACTIVATION,0.24248937292645165,0.7783325915304533,0.7970353477765109,0.8566257077344411,1.0,5/16,11.44%,ENSG00000158815;ENSG00000066468;ENSG00000075388;ENSG00000138675;ENSG00000078579
prerank,REACTOME_DEGRADATION_OF_CYSTEINE_AND_HOMOCYSTEINE,-0.3521155493644821,-0.9326969112971113,0.5711738891936369,0.8569940566719101,1.0,8/14,29.25%,ENSG00000137767;ENSG00000215845;ENSG00000105755;ENSG00000128311;ENSG00000139531;ENSG00000100348;ENSG00000139631;ENSG00000183048
prerank,REACTOME_PHENYLALANINE_AND_TYROSINE_METABOLISM,0.27231521717380514,0.7763471078893641,0.784641638225256,0.8571158642546187,1.0,2/11,5.60%,ENSG00000104951;ENSG00000198650
prerank,REACTOME_SEMA3A_PLEXIN_REPULSION_SIGNALING_BY_INHIBITING_INTEGRIN_ADHESION,0.2556586052617124,0.7766236024039059,0.7895506028498356,0.8579141978533614,1.0,1/14,1.22%,ENSG00000137076
prerank,REACTOME_LONG_TERM_POTENTIATION,-0.31303169554548815,-0.927356567618673,0.5778961384820239,0.8591509820680915,1.0,6/22,25.30%,ENSG00000126787;ENSG00000197122;ENSG00000082458;ENSG00000105464;ENSG00000132535;ENSG00000198668
prerank,REACTOME_COLLAGEN_DEGRADATION,-0.25382197751273083,-0.927784572178789,0.5982479620391775,0.8598907069095878,1.0,18/60,22.55%,ENSG00000140564;ENSG00000157227;ENSG00000204262;ENSG00000171812;ENSG00000130635;ENSG00000168542;ENSG00000187955;ENSG00000172752;ENSG00000164692;ENSG00000108821;ENSG00000100985;ENSG00000143387;ENSG00000139219;ENSG00000123342;ENSG00000206384;ENSG00000092758;ENSG00000204291;ENSG00000163359
prerank,REACTOME_DOWNSTREAM_SIGNAL_TRANSDUCTION,-0.2926210509447683,-0.9256930506192135,0.5918340380549683,0.8613625469352628,1.0,12/29,30.10%,ENSG00000050820;ENSG00000166888;ENSG00000197122;ENSG00000179295;ENSG00000173757;ENSG00000126561;ENSG00000113721;ENSG00000133703;ENSG00000213281;ENSG00000141738;ENSG00000105647;ENSG00000121879
prerank,REACTOME_REGULATION_OF_ENDOGENOUS_RETROELEMENTS_BY_PIWI_INTERACTING_RNAS_PIRNAS,-0.2589722085851907,-0.927892725330684,0.5904843865256946,0.861389092806168,1.0,39/54,45.70%,ENSG00000146047;ENSG00000082014;ENSG00000105968;ENSG00000262874;ENSG00000188486;ENSG00000073584;ENSG00000099385;ENSG00000246705;ENSG00000196890;ENSG00000170004;ENSG00000197903;ENSG00000180573;ENSG00000180596;ENSG00000106635;ENSG00000071655;ENSG00000136518;ENSG00000149480;ENSG00000124635;ENSG00000011332;ENSG00000167491;ENSG00000080503;ENSG00000197409;ENSG00000057935;ENSG00000134668;ENSG00000184678;ENSG00000119772;ENSG00000108604;ENSG00000162521;ENSG00000196591;ENSG00000158406;ENSG00000184260;ENSG00000158373;ENSG00000132475;ENSG00000197837;ENSG00000102054;ENSG00000173473;ENSG00000066117;ENSG00000133884;ENSG00000182979
prerank,REACTOME_N_GLYCAN_ANTENNAE_ELONGATION_IN_THE_MEDIAL_TRANS_GOLGI,0.2156763852604645,0.7723823987699702,0.806607574536664,0.8615020328822295,1.0,3/25,7.52%,ENSG00000161013;ENSG00000124302;ENSG00000171124
prerank,REACTOME_TRNA_PROCESSING,-0.2303396007014573,-0.9284111159371716,0.6233515234197362,0.8619358039298295,1.0,60/113,41.90%,ENSG00000105171;ENSG00000058804;ENSG00000167272;ENSG00000072506;ENSG00000157020;ENSG00000144034;ENSG00000165118;ENSG00000068438;ENSG00000198860;ENSG00000172336;ENSG00000196976;ENSG00000139496;ENSG00000075188;ENSG00000128694;ENSG00000100220;ENSG00000135974;ENSG00000162623;ENSG00000148688;ENSG00000137760;ENSG00000241370;ENSG00000167118;ENSG00000155561;ENSG00000130299;ENSG00000153201;ENSG00000092094;ENSG00000113272;ENSG00000138750;ENSG00000069248;ENSG00000160193;ENSG00000145331;ENSG00000170892;ENSG00000047410;ENSG00000171262;ENSG00000089195;ENSG00000174173;ENSG00000136243;ENSG00000178718;ENSG00000101811;ENSG00000100890;ENSG00000173113;ENSG00000124787;ENSG00000066651;ENSG00000124789;ENSG00000030066;ENSG00000087302;ENSG00000071894;ENSG00000126814;ENSG00000122435;ENSG00000167264;ENSG00000037897;ENSG00000136628;ENSG00000184575;ENSG00000145996;ENSG00000104907;ENSG00000037474;ENSG00000189007;ENSG00000213339;ENSG00000154743;ENSG00000171103;ENSG00000151576
prerank,REACTOME_SIGNALING_BY_LEPTIN,-0.37621888271981885,-0.9284719871932984,0.5868953880764904,0.8635747882767579,1.0,6/11,38.39%,ENSG00000179295;ENSG00000173757;ENSG00000126561;ENSG00000096968;ENSG00000116678;ENSG00000174697
prerank,REACTOME_RIP_MEDIATED_NFKB_ACTIVATION_VIA_ZBP1,0.24033060125107436,0.7700367331790049,0.8030018761726079,0.8636376895342763,1.0,1/16,1.11%,ENSG00000135829
prerank,REACTOME_SUMOYLATION_OF_DNA_DAMAGE_RESPONSE_AND_REPAIR_PROTEINS,-0.24250864009727266,-0.9239005347136509,0.6096459966737943,0.8638067295942932,1.0,36/75,35.98%,ENSG00000078043;ENSG00000197299;ENSG00000164754;ENSG00000058804;ENSG00000107672;ENSG00000072501;ENSG00000157020;ENSG00000116030;ENSG00000012048;ENSG00000169189;ENSG00000198887;ENSG00000143799;ENSG00000139496;ENSG00000075188;ENSG00000163029;ENSG00000067066;ENSG00000152422;ENSG00000108055;ENSG00000155561;ENSG00000188612;ENSG00000147400;ENSG00000153201;ENSG00000138750;ENSG00000204227;ENSG00000069248;ENSG00000047410;ENSG00000136243;ENSG00000121481;ENSG00000156831;ENSG00000139372;ENSG00000163961;ENSG00000101972;ENSG00000185115;ENSG00000134686;ENSG00000124789;ENSG00000030066
prerank,REACTOME_DDX58_IFIH1_MEDIATED_INDUCTION_OF_INTERFERON_ALPHA_BETA,-0.2510560540161462,-0.9286461911249084,0.6013835877862596,0.8649575630718276,1.0,33/67,39.28%,ENSG00000160703;ENSG00000181481;ENSG00000163221;ENSG00000168256;ENSG00000003400;ENSG00000136560;ENSG00000107201;ENSG00000182179;ENSG00000156587;ENSG00000143947;ENSG00000189403;ENSG00000118503;ENSG00000221983;ENSG00000101695;ENSG00000106052;ENSG00000078747;ENSG00000052723;ENSG00000213341;ENSG00000127191;ENSG00000072401;ENSG00000137275;ENSG00000127445;ENSG00000126456;ENSG00000078140;ENSG00000064012;ENSG00000145782;ENSG00000057663;ENSG00000083799;ENSG00000154174;ENSG00000138646;ENSG00000170315;ENSG00000160307;ENSG00000131508
prerank,REACTOME_ACETYLCHOLINE_BINDING_AND_DOWNSTREAM_EVENTS,0.27060805255411235,0.7662199474256671,0.8091897579796563,0.865289730401625,1.0,4/11,13.81%,ENSG00000080644;ENSG00000169684;ENSG00000160716;ENSG00000101204
prerank,REACTOME_PRESYNAPTIC_NICOTINIC_ACETYLCHOLINE_RECEPTORS,0.27060805255411235,0.7662199474256671,0.8091897579796563,0.865289730401625,1.0,4/11,13.81%,ENSG00000080644;ENSG00000169684;ENSG00000160716;ENSG00000101204
prerank,REACTOME_FOXO_MEDIATED_TRANSCRIPTION_OF_CELL_CYCLE_GENES,0.23556254341698815,0.7668261045170779,0.8014564967420468,0.8668255002218681,1.0,1/17,0.54%,ENSG00000166949
prerank,REACTOME_NOD1_2_SIGNALING_PATHWAY,-0.2810273020046003,-0.9197617913026944,0.6006630116027031,0.8699530691384719,1.0,21/35,42.33%,ENSG00000143947;ENSG00000118503;ENSG00000221983;ENSG00000106100;ENSG00000185386;ENSG00000100324;ENSG00000127837;ENSG00000078747;ENSG00000213341;ENSG00000112062;ENSG00000196954;ENSG00000064012;ENSG00000244687;ENSG00000134070;ENSG00000083799;ENSG00000104312;ENSG00000177889;ENSG00000170315;ENSG00000106144;ENSG00000110330;ENSG00000187796
prerank,REACTOME_COLLAGEN_FORMATION,-0.23648173731069766,-0.920444987203907,0.620126079850572,0.8701423375395222,1.0,24/89,19.32%,ENSG00000136943;ENSG00000106333;ENSG00000134013;ENSG00000204262;ENSG00000171812;ENSG00000130635;ENSG00000168542;ENSG00000187955;ENSG00000166794;ENSG00000168487;ENSG00000149257;ENSG00000172752;ENSG00000138131;ENSG00000215018;ENSG00000090530;ENSG00000164692;ENSG00000087116;ENSG00000108821;ENSG00000100985;ENSG00000196739;ENSG00000139219;ENSG00000106397;ENSG00000206384;ENSG00000092758
prerank,REACTOME_CELL_SURFACE_INTERACTIONS_AT_THE_VASCULAR_WALL,-0.21701247340197216,-0.9184751000318908,0.6611489776046738,0.8711669148577162,1.0,59/179,27.25%,ENSG00000242534;ENSG00000211677;ENSG00000250361;ENSG00000241351;ENSG00000158869;ENSG00000211895;ENSG00000244116;ENSG00000155380;ENSG00000211653;ENSG00000163737;ENSG00000243238;ENSG00000197122;ENSG00000100151;ENSG00000150093;ENSG00000240382;ENSG00000168918;ENSG00000019582;ENSG00000161638;ENSG00000183087;ENSG00000158769;ENSG00000239571;ENSG00000120156;ENSG00000251546;ENSG00000140678;ENSG00000088053;ENSG00000092068;ENSG00000116824;ENSG00000002586;ENSG00000198053;ENSG00000240864;ENSG00000179295;ENSG00000164692;ENSG00000110876;ENSG00000138448;ENSG00000169896;ENSG00000108821;ENSG00000089012;ENSG00000128218;ENSG00000251039;ENSG00000242371;ENSG00000239951;ENSG00000174175;ENSG00000102181;ENSG00000151012;ENSG00000100156;ENSG00000104689;ENSG00000173530;ENSG00000224373;ENSG00000120889;ENSG00000211644;ENSG00000124469;ENSG00000154639;ENSG00000133703;ENSG00000160691;ENSG00000116815;ENSG00000213281;ENSG00000141738;ENSG00000115232;ENSG00000162512
prerank,REACTOME_RAB_GERANYLGERANYLATION,-0.2507063424570318,-0.9174583239308538,0.618133203694701,0.8717567908606596,1.0,23/60,28.84%,ENSG00000167964;ENSG00000172780;ENSG00000112210;ENSG00000105514;ENSG00000155961;ENSG00000169213;ENSG00000099246;ENSG00000123892;ENSG00000118508;ENSG00000168118;ENSG00000169228;ENSG00000184007;ENSG00000123595;ENSG00000138069;ENSG00000167461;ENSG00000139998;ENSG00000100949;ENSG00000167578;ENSG00000166128;ENSG00000109113;ENSG00000206418;ENSG00000172007;ENSG00000132698
prerank,REACTOME_RND2_GTPASE_CYCLE,-0.2682970020986662,-0.9158190200518114,0.6113207547169811,0.8737761249092437,1.0,14/42,29.06%,ENSG00000118193;ENSG00000136026;ENSG00000035499;ENSG00000142627;ENSG00000090615;ENSG00000134313;ENSG00000090273;ENSG00000166225;ENSG00000160007;ENSG00000173218;ENSG00000111647;ENSG00000100852;ENSG00000105647;ENSG00000004399
prerank,REACTOME_FCGR3A_MEDIATED_IL10_SYNTHESIS,-0.23441696343894097,-0.9116316263222152,0.64322191272052,0.8745452247587375,1.0,31/90,32.67%,ENSG00000242534;ENSG00000211677;ENSG00000241351;ENSG00000244116;ENSG00000211653;ENSG00000243238;ENSG00000197122;ENSG00000240382;ENSG00000239571;ENSG00000251546;ENSG00000198821;ENSG00000118260;ENSG00000240864;ENSG00000203747;ENSG00000096433;ENSG00000251039;ENSG00000242371;ENSG00000239951;ENSG00000160654;ENSG00000224373;ENSG00000211644;ENSG00000198668;ENSG00000155897;ENSG00000005249;ENSG00000165059;ENSG00000168710;ENSG00000239975;ENSG00000010810;ENSG00000129467;ENSG00000211662;ENSG00000211934
prerank,REACTOME_NOTCH2_INTRACELLULAR_DOMAIN_REGULATES_TRANSCRIPTION,-0.3598541952450428,-0.9120244687685272,0.6054611312343271,0.8754039507289284,1.0,4/12,13.81%,ENSG00000013619;ENSG00000134250;ENSG00000118260;ENSG00000184384
prerank,REACTOME_EPIGENETIC_REGULATION_OF_GENE_EXPRESSION,-0.20866014123178697,-0.91278016799568,0.7059809364198177,0.8754268104757209,1.0,150/270,45.88%,ENSG00000062282;ENSG00000164985;ENSG00000146047;ENSG00000119927;ENSG00000145736;ENSG00000100142;ENSG00000147872;ENSG00000134324;ENSG00000020426;ENSG00000147669;ENSG00000130844;ENSG00000082014;ENSG00000145919;ENSG00000198633;ENSG00000105968;ENSG00000136146;ENSG00000151726;ENSG00000178691;ENSG00000155868;ENSG00000166821;ENSG00000124795;ENSG00000262874;ENSG00000108590;ENSG00000130816;ENSG00000188486;ENSG00000073584;ENSG00000099385;ENSG00000025293;ENSG00000101849;ENSG00000079435;ENSG00000267680;ENSG00000175445;ENSG00000246705;ENSG00000129691;ENSG00000141027;ENSG00000196890;ENSG00000170004;ENSG00000103510;ENSG00000197903;ENSG00000189180;ENSG00000111707;ENSG00000169131;ENSG00000186350;ENSG00000106462;ENSG00000125482;ENSG00000168661;ENSG00000111358;ENSG00000180573;ENSG00000111058;ENSG00000112237;ENSG00000089123;ENSG00000153147;ENSG00000108312;ENSG00000180596;ENSG00000151332;ENSG00000151365;ENSG00000143379;ENSG00000188612;ENSG00000106635;ENSG00000143033;ENSG00000134046;ENSG00000134058;ENSG00000066379;ENSG00000135218;ENSG00000071655;ENSG00000175322;ENSG00000139154;ENSG00000198538;ENSG00000136518;ENSG00000149480;ENSG00000083844;ENSG00000124635;ENSG00000011332;ENSG00000038219;ENSG00000163946;ENSG00000161526;ENSG00000124641;ENSG00000110768;ENSG00000196417;ENSG00000167491;ENSG00000080503;ENSG00000197409;ENSG00000133398;ENSG00000182141;ENSG00000134480;ENSG00000132522;ENSG00000139372;ENSG00000076053;ENSG00000057935;ENSG00000169692;ENSG00000204947;ENSG00000164885;ENSG00000245848;ENSG00000134668;ENSG00000272047;ENSG00000184678;ENSG00000074266;ENSG00000117505;ENSG00000188295;ENSG00000164758;ENSG00000197375;ENSG00000119772;ENSG00000139620;ENSG00000108604;ENSG00000163882;ENSG00000162521;ENSG00000167554;ENSG00000175221;ENSG00000176476;ENSG00000196591;ENSG00000115524;ENSG00000167676;ENSG00000008838;ENSG00000158406;ENSG00000133997;ENSG00000184260;ENSG00000187778;ENSG00000054267;ENSG00000009954;ENSG00000158373;ENSG00000187288;ENSG00000196724;ENSG00000186184;ENSG00000150459;ENSG00000196646;ENSG00000198646;ENSG00000164105;ENSG00000114166;ENSG00000132475;ENSG00000197837;ENSG00000154832;ENSG00000168769;ENSG00000180182;ENSG00000112592;ENSG00000102054;ENSG00000011243;ENSG00000111727;ENSG00000173473;ENSG00000112511;ENSG00000152433;ENSG00000066117;ENSG00000103275;ENSG00000132382;ENSG00000133884;ENSG00000105849;ENSG00000178187;ENSG00000125630;ENSG00000134283;ENSG00000182979;ENSG00000139687
prerank,REACTOME_MYD88_INDEPENDENT_TLR4_CASCADE,-0.23020607246467137,-0.9140789849762219,0.6423548094373865,0.8759807015095101,1.0,51/107,39.28%,ENSG00000081189;ENSG00000004139;ENSG00000160703;ENSG00000163221;ENSG00000168256;ENSG00000102921;ENSG00000104695;ENSG00000117676;ENSG00000102882;ENSG00000136560;ENSG00000071242;ENSG00000118260;ENSG00000143947;ENSG00000179295;ENSG00000189403;ENSG00000221983;ENSG00000106100;ENSG00000115966;ENSG00000185386;ENSG00000112640;ENSG00000100324;ENSG00000100030;ENSG00000129465;ENSG00000184979;ENSG00000170458;ENSG00000213341;ENSG00000112062;ENSG00000127191;ENSG00000072401;ENSG00000137275;ENSG00000101557;ENSG00000050748;ENSG00000126456;ENSG00000166130;ENSG00000065559;ENSG00000177189;ENSG00000064012;ENSG00000244687;ENSG00000105053;ENSG00000141510;ENSG00000134070;ENSG00000139318;ENSG00000104312;ENSG00000166167;ENSG00000177889;ENSG00000170315;ENSG00000113558;ENSG00000154589;ENSG00000113575;ENSG00000160307;ENSG00000131508
prerank,REACTOME_SYNTHESIS_OF_PYROPHOSPHATES_IN_THE_CYTOSOL,0.27759734951170834,0.7564249512822189,0.8101051203797898,0.8768666484628481,1.0,2/10,7.08%,ENSG00000161896;ENSG00000122824
prerank,REACTOME_FGFR2B_LIGAND_BINDING_AND_ACTIVATION,-0.37882529487770433,-0.9128655856511713,0.5991245410900875,0.8770033210090936,1.0,7/10,45.86%,ENSG00000113578;ENSG00000186895;ENSG00000174721;ENSG00000070388;ENSG00000137441;ENSG00000070193;ENSG00000129682
prerank,REACTOME_NR1H3_NR1H2_REGULATE_GENE_EXPRESSION_LINKED_TO_CHOLESTEROL_TRANSPORT_AND_EFFLUX,-0.27235536042071934,-0.9084892540819909,0.6186028659160696,0.8799557978635023,1.0,13/37,30.06%,ENSG00000155363;ENSG00000100979;ENSG00000101849;ENSG00000141027;ENSG00000186350;ENSG00000025434;ENSG00000134698;ENSG00000130208;ENSG00000267467;ENSG00000131408;ENSG00000066135;ENSG00000115548;ENSG00000132522
prerank,REACTOME_INTERLEUKIN_35_SIGNALLING,0.25860127367182256,0.7475588152398098,0.8303414290742697,0.8866331414348346,1.0,1/12,2.13%,ENSG00000127022
prerank,REACTOME_CHEMOKINE_RECEPTORS_BIND_CHEMOKINES,-0.2552239295564287,-0.904626189327351,0.6368214197985753,0.8870179244256601,1.0,9/51,19.62%,ENSG00000163736;ENSG00000169248;ENSG00000173585;ENSG00000163737;ENSG00000163735;ENSG00000163823;ENSG00000131142;ENSG00000113300;ENSG00000143185
prerank,REACTOME_FGFR3_LIGAND_BINDING_AND_ACTIVATION,0.2699071575118935,0.743640206471159,0.8321193201526188,0.8901243883735488,1.0,4/10,11.44%,ENSG00000158815;ENSG00000075388;ENSG00000138675;ENSG00000078579
prerank,REACTOME_IKK_COMPLEX_RECRUITMENT_MEDIATED_BY_RIP1,-0.305115809394626,-0.9019756792382713,0.612182471073281,0.8912597318109731,1.0,14/22,41.05%,ENSG00000004139;ENSG00000143947;ENSG00000221983;ENSG00000129465;ENSG00000170458;ENSG00000213341;ENSG00000072401;ENSG00000137275;ENSG00000244687;ENSG00000177889;ENSG00000170315;ENSG00000154589;ENSG00000131508;ENSG00000110330
prerank,REACTOME_INTERLEUKIN_27_SIGNALING,0.26321479835106887,0.7415612468275384,0.8198606271777004,0.8913520392088222,1.0,1/11,2.13%,ENSG00000127022
prerank,REACTOME_RECYCLING_OF_BILE_ACIDS_AND_SALTS,-0.32242293562338026,-0.9004800845422076,0.6181497558328811,0.8928272683925923,1.0,10/18,33.69%,ENSG00000188878;ENSG00000084453;ENSG00000186350;ENSG00000100652;ENSG00000136881;ENSG00000172345;ENSG00000012504;ENSG00000134538;ENSG00000111700;ENSG00000083807
prerank,REACTOME_REGULATION_OF_CDH11_FUNCTION,-0.36242539849329397,-0.8983783528633283,0.6254907459338194,0.8957320121400133,1.0,5/11,22.80%,ENSG00000198561;ENSG00000126016;ENSG00000139880;ENSG00000135074;ENSG00000168036
prerank,REACTOME_NEGATIVE_EPIGENETIC_REGULATION_OF_RRNA_EXPRESSION,-0.23696602285983065,-0.8723105283865207,0.6938262742282842,0.8960059278526746,1.0,46/66,48.30%,ENSG00000146047;ENSG00000145736;ENSG00000100142;ENSG00000020426;ENSG00000147669;ENSG00000105968;ENSG00000130816;ENSG00000188486;ENSG00000246705;ENSG00000196890;ENSG00000197903;ENSG00000111707;ENSG00000125482;ENSG00000111358;ENSG00000180573;ENSG00000153147;ENSG00000108312;ENSG00000180596;ENSG00000134046;ENSG00000134058;ENSG00000066379;ENSG00000124635;ENSG00000161526;ENSG00000110768;ENSG00000197409;ENSG00000134480;ENSG00000272047;ENSG00000184678;ENSG00000163882;ENSG00000196591;ENSG00000158406;ENSG00000184260;ENSG00000054267;ENSG00000158373;ENSG00000186184;ENSG00000150459;ENSG00000164105;ENSG00000132475;ENSG00000197837;ENSG00000112592;ENSG00000105849;ENSG00000125630;ENSG00000164576;ENSG00000166012;ENSG00000143498;ENSG00000213780
prerank,REACTOME_DEVELOPMENTAL_CELL_LINEAGES,-0.21672108493889622,-0.8966095667088443,0.6978878690699989,0.8960899936681109,1.0,35/144,23.50%,ENSG00000186395;ENSG00000196549;ENSG00000173546;ENSG00000204262;ENSG00000080493;ENSG00000167768;ENSG00000130635;ENSG00000148513;ENSG00000141736;ENSG00000150093;ENSG00000136574;ENSG00000135046;ENSG00000168542;ENSG00000019582;ENSG00000169856;ENSG00000170835;ENSG00000180535;ENSG00000107796;ENSG00000164692;ENSG00000134873;ENSG00000165272;ENSG00000108821;ENSG00000001626;ENSG00000146648;ENSG00000175535;ENSG00000196739;ENSG00000139219;ENSG00000141086;ENSG00000073282;ENSG00000103375;ENSG00000164690;ENSG00000091136;ENSG00000087510;ENSG00000241794;ENSG00000133710
prerank,REACTOME_INACTIVATION_OF_CSF3_G_CSF_SIGNALING,-0.2944252304487841,-0.89705148151797,0.6311453974895398,0.8968848142886521,1.0,18/25,44.84%,ENSG00000143947;ENSG00000221983;ENSG00000173757;ENSG00000126561;ENSG00000103363;ENSG00000072401;ENSG00000096968;ENSG00000154582;ENSG00000254087;ENSG00000105397;ENSG00000166266;ENSG00000170315;ENSG00000115415;ENSG00000165025;ENSG00000131508;ENSG00000114125;ENSG00000108342;ENSG00000109332
prerank,REACTOME_OTHER_SEMAPHORIN_INTERACTIONS,-0.3045041817005466,-0.8723590463753883,0.6518289402904788,0.8975849658579577,1.0,3/19,7.35%,ENSG00000198753;ENSG00000150093;ENSG00000081237
prerank,REACTOME_HCMV_LATE_EVENTS,-0.23317653840446595,-0.8702089192339736,0.7038811691423096,0.8986037269502368,1.0,38/69,38.31%,ENSG00000146047;ENSG00000164508;ENSG00000058804;ENSG00000159210;ENSG00000203814;ENSG00000157020;ENSG00000147457;ENSG00000139496;ENSG00000254505;ENSG00000196890;ENSG00000075188;ENSG00000197903;ENSG00000131165;ENSG00000141971;ENSG00000180573;ENSG00000180596;ENSG00000155561;ENSG00000136100;ENSG00000153201;ENSG00000176108;ENSG00000138750;ENSG00000069248;ENSG00000124635;ENSG00000221869;ENSG00000047410;ENSG00000131475;ENSG00000197409;ENSG00000181218;ENSG00000136243;ENSG00000164695;ENSG00000184678;ENSG00000155975;ENSG00000101421;ENSG00000124789;ENSG00000030066;ENSG00000158406;ENSG00000184260;ENSG00000196787
prerank,REACTOME_NICOTINATE_METABOLISM,0.20068359880738382,0.7338601238961319,0.8737416107382551,0.898907668864311,1.0,3/28,5.93%,ENSG00000137817;ENSG00000157064;ENSG00000077009
prerank,REACTOME_REGULATION_OF_CDH1_MRNA_TRANSLATION_BY_MICRORNAS,-0.3530685431875107,-0.87245431129923,0.6554856743535988,0.8990688606432718,1.0,5/11,42.55%,ENSG00000155363;ENSG00000134698;ENSG00000134323;ENSG00000100354;ENSG00000090905
prerank,REACTOME_SUMOYLATION_OF_DNA_METHYLATION_PROTEINS,-0.32378428971395734,-0.873170816993678,0.6532572383073497,0.8992951979229015,1.0,10/15,46.85%,ENSG00000130816;ENSG00000116030;ENSG00000204227;ENSG00000121481;ENSG00000134686;ENSG00000119772;ENSG00000173889;ENSG00000168283;ENSG00000103275;ENSG00000141570
prerank,REACTOME_INOSITOL_PHOSPHATE_METABOLISM,0.17357980892361108,0.7309359325858459,0.92806484295846,0.8997047304063622,1.0,2/48,0.43%,ENSG00000149782;ENSG00000165458
prerank,REACTOME_RND1_GTPASE_CYCLE,-0.2618975349796343,-0.8941591547459591,0.6419334588826114,0.8997203964357683,1.0,16/42,28.94%,ENSG00000118193;ENSG00000171680;ENSG00000035499;ENSG00000142627;ENSG00000133818;ENSG00000133106;ENSG00000134313;ENSG00000075391;ENSG00000166225;ENSG00000108582;ENSG00000082269;ENSG00000160007;ENSG00000173218;ENSG00000141738;ENSG00000100852;ENSG00000105647
prerank,REACTOME_SPHINGOLIPID_METABOLISM,-0.22021903782632318,-0.8736299707271191,0.7140735663696596,0.9000559339594162,1.0,53/104,41.65%,ENSG00000174951;ENSG00000156671;ENSG00000101846;ENSG00000166311;ENSG00000176597;ENSG00000184304;ENSG00000123353;ENSG00000163082;ENSG00000176170;ENSG00000115525;ENSG00000006756;ENSG00000177628;ENSG00000113273;ENSG00000117069;ENSG00000164023;ENSG00000204386;ENSG00000144035;ENSG00000141934;ENSG00000162139;ENSG00000157350;ENSG00000170266;ENSG00000180801;ENSG00000148154;ENSG00000172057;ENSG00000143753;ENSG00000141337;ENSG00000126821;ENSG00000049860;ENSG00000196542;ENSG00000100596;ENSG00000163590;ENSG00000101558;ENSG00000119537;ENSG00000110048;ENSG00000143418;ENSG00000223802;ENSG00000063176;ENSG00000129103;ENSG00000174607;ENSG00000105287;ENSG00000133275;ENSG00000204099;ENSG00000115825;ENSG00000070610;ENSG00000072210;ENSG00000144455;ENSG00000162407;ENSG00000158470;ENSG00000164291;ENSG00000172296;ENSG00000104763;ENSG00000078124;ENSG00000135587
prerank,REACTOME_PHOSPHOLIPASE_C_MEDIATED_CASCADE_FGFR1,0.24445821618871827,0.7309698298204088,0.8499115044247788,0.9008875880329761,1.0,5/13,11.44%,ENSG00000158815;ENSG00000075388;ENSG00000138675;ENSG00000077782;ENSG00000078579
prerank,REACTOME_REPRESSION_OF_WNT_TARGET_GENES,-0.33232645328855415,-0.8736871237677857,0.6597010794353723,0.901633019945951,1.0,3/14,7.57%,ENSG00000065717;ENSG00000159692;ENSG00000104964
prerank,REACTOME_ETHANOL_OXIDATION,-0.35375618743436127,-0.8922307834926182,0.6297688666109719,0.9021791455338243,1.0,2/12,6.70%,ENSG00000131069;ENSG00000172955
prerank,REACTOME_RNA_POLYMERASE_II_TRANSCRIBES_SNRNA_GENES,-0.23098677848941648,-0.8741799763956212,0.7058893657606103,0.9023092271689206,1.0,51/75,50.38%,ENSG00000100142;ENSG00000005075;ENSG00000168002;ENSG00000147669;ENSG00000140307;ENSG00000105258;ENSG00000137947;ENSG00000108506;ENSG00000160075;ENSG00000023608;ENSG00000141425;ENSG00000164975;ENSG00000213246;ENSG00000164941;ENSG00000122484;ENSG00000064995;ENSG00000104976;ENSG00000102978;ENSG00000134058;ENSG00000148835;ENSG00000164902;ENSG00000047315;ENSG00000199568;ENSG00000137413;ENSG00000197780;ENSG00000128886;ENSG00000102786;ENSG00000188342;ENSG00000106290;ENSG00000163882;ENSG00000164151;ENSG00000028277;ENSG00000165684;ENSG00000125651;ENSG00000200795;ENSG00000165417;ENSG00000173559;ENSG00000105656;ENSG00000112592;ENSG00000127054;ENSG00000174446;ENSG00000136937;ENSG00000101413;ENSG00000144231;ENSG00000064102;ENSG00000149262;ENSG00000143190;ENSG00000114503;ENSG00000185591;ENSG00000144161;ENSG00000129315
prerank,REACTOME_SLC_MEDIATED_TRANSPORT_OF_ORGANIC_ANIONS,-0.26600487578421034,-0.8879582158470649,0.6467542308663804,0.9026566046381405,1.0,16/38,29.56%,ENSG00000137491;ENSG00000155380;ENSG00000101187;ENSG00000143036;ENSG00000084453;ENSG00000147100;ENSG00000158296;ENSG00000139155;ENSG00000100156;ENSG00000145283;ENSG00000118596;ENSG00000134538;ENSG00000137204;ENSG00000183048;ENSG00000111700;ENSG00000119899
prerank,REACTOME_THE_CANONICAL_RETINOID_CYCLE_IN_RODS_TWILIGHT_VISION,-0.2988439000120604,-0.8672380923878235,0.6604052059573327,0.9029358307769202,1.0,10/20,38.49%,ENSG00000137868;ENSG00000101412;ENSG00000135437;ENSG00000072042;ENSG00000138207;ENSG00000073737;ENSG00000116745;ENSG00000025423;ENSG00000145476;ENSG00000114115
prerank,REACTOME_PROCESSING_OF_CAPPED_INTRONLESS_PRE_MRNA,-0.27758571908765867,-0.8745280506071251,0.6600207146556188,0.9033008289436856,1.0,10/29,19.15%,ENSG00000167005;ENSG00000090060;ENSG00000119203;ENSG00000163950;ENSG00000181817;ENSG00000143977;ENSG00000125835;ENSG00000176102;ENSG00000139343;ENSG00000100028
prerank,REACTOME_PKR_MEDIATED_SIGNALING,-0.23520699678715867,-0.8882620194489329,0.6730769230769231,0.9037437388250879,1.0,20/74,16.29%,ENSG00000181544;ENSG00000170312;ENSG00000101162;ENSG00000131944;ENSG00000104695;ENSG00000175354;ENSG00000126803;ENSG00000137267;ENSG00000169689;ENSG00000176170;ENSG00000116030;ENSG00000156587;ENSG00000221829;ENSG00000178462;ENSG00000125977;ENSG00000183785;ENSG00000102580;ENSG00000187741;ENSG00000075886;ENSG00000176014
prerank,REACTOME_PLASMA_LIPOPROTEIN_ASSEMBLY,-0.3063787458170604,-0.8756958842385273,0.6526442307692307,0.9042949306777917,1.0,8/19,21.77%,ENSG00000168487;ENSG00000099904;ENSG00000138823;ENSG00000118137;ENSG00000158874;ENSG00000152700;ENSG00000130208;ENSG00000267467
prerank,REACTOME_MAPK_TARGETS_NUCLEAR_EVENTS_MEDIATED_BY_MAP_KINASES,-0.27705204206426437,-0.8887026587579625,0.6411015313344486,0.9045674739597342,1.0,10/31,18.45%,ENSG00000081189;ENSG00000104695;ENSG00000117676;ENSG00000102882;ENSG00000071242;ENSG00000118260;ENSG00000115966;ENSG00000185386;ENSG00000112640;ENSG00000100030
prerank,REACTOME_ACTIVATION_OF_NMDA_RECEPTORS_AND_POSTSYNAPTIC_EVENTS,-0.22402391796372056,-0.8746159095838008,0.7101332720588235,0.9048320443816522,1.0,30/92,28.00%,ENSG00000126787;ENSG00000134072;ENSG00000101162;ENSG00000004660;ENSG00000197122;ENSG00000117676;ENSG00000137267;ENSG00000102882;ENSG00000113319;ENSG00000071242;ENSG00000118260;ENSG00000178462;ENSG00000183785;ENSG00000075886;ENSG00000176014;ENSG00000147044;ENSG00000100030;ENSG00000106617;ENSG00000082458;ENSG00000105464;ENSG00000132535;ENSG00000198668;ENSG00000155897;ENSG00000133703;ENSG00000005249;ENSG00000152086;ENSG00000213281;ENSG00000137285;ENSG00000165059;ENSG00000181929
prerank,REACTOME_APOPTOTIC_CLEAVAGE_OF_CELL_ADHESION_PROTEINS,-0.35510674309800827,-0.8761807245836924,0.6558387006440773,0.9049961793126917,1.0,5/11,41.48%,ENSG00000046604;ENSG00000168036;ENSG00000104067;ENSG00000096696;ENSG00000164305
prerank,REACTOME_INFECTION_WITH_ENTEROBACTERIA,-0.26573997179916614,-0.8892829703230073,0.6506649778340722,0.905068392363264,1.0,20/38,41.36%,ENSG00000204262;ENSG00000130635;ENSG00000206172;ENSG00000143947;ENSG00000221983;ENSG00000117228;ENSG00000162654;ENSG00000091136;ENSG00000198668;ENSG00000134871;ENSG00000197565;ENSG00000196954;ENSG00000196878;ENSG00000058085;ENSG00000170315;ENSG00000131508;ENSG00000187498;ENSG00000162645;ENSG00000105668;ENSG00000196569
prerank,REACTOME_METABOLISM_OF_ANGIOTENSINOGEN_TO_ANGIOTENSINS,-0.3167610212188716,-0.8766374212514765,0.648336727766463,0.9057820987815943,1.0,2/17,1.26%,ENSG00000182220;ENSG00000196549
prerank,REACTOME_G_ALPHA_I_SIGNALLING_EVENTS,-0.19696287628524334,-0.8599433843861793,0.8130723081780865,0.9057969516779323,1.0,47/257,18.47%,ENSG00000163736;ENSG00000109255;ENSG00000121957;ENSG00000169508;ENSG00000184574;ENSG00000255837;ENSG00000255398;ENSG00000169248;ENSG00000128617;ENSG00000004660;ENSG00000173585;ENSG00000172354;ENSG00000163737;ENSG00000197122;ENSG00000135046;ENSG00000104695;ENSG00000125245;ENSG00000127920;ENSG00000163735;ENSG00000204174;ENSG00000171136;ENSG00000125730;ENSG00000132911;ENSG00000163823;ENSG00000111664;ENSG00000171051;ENSG00000118260;ENSG00000163932;ENSG00000165621;ENSG00000164850;ENSG00000127588;ENSG00000125910;ENSG00000131142;ENSG00000173020;ENSG00000096433;ENSG00000267534;ENSG00000069696;ENSG00000169313;ENSG00000101333;ENSG00000113300;ENSG00000182732;ENSG00000065135;ENSG00000112640;ENSG00000169962;ENSG00000150681;ENSG00000100030;ENSG00000151577
prerank,REACTOME_RAF_INDEPENDENT_MAPK1_3_ACTIVATION,-0.2871854726167959,-0.858885661241103,0.683293429103485,0.9062199084480986,1.0,14/23,36.20%,ENSG00000170312;ENSG00000126934;ENSG00000102882;ENSG00000179295;ENSG00000130829;ENSG00000100030;ENSG00000184545;ENSG00000136244;ENSG00000081721;ENSG00000096968;ENSG00000158050;ENSG00000134352;ENSG00000105397;ENSG00000139318
prerank,REACTOME_HORMONE_LIGAND_BINDING_RECEPTORS,-0.3603920457949137,-0.8895471249737232,0.639420371412493,0.9062788027144568,1.0,2/11,12.03%,ENSG00000165409;ENSG00000104826
prerank,REACTOME_HEPARAN_SULFATE_HEPARIN_HS_GAG_METABOLISM,-0.26019231997329856,-0.8769824744207921,0.6631565592489216,0.9067982848962483,1.0,8/39,12.32%,ENSG00000151348;ENSG00000130958;ENSG00000012232;ENSG00000171004;ENSG00000181523;ENSG00000108784;ENSG00000010404;ENSG00000138604
prerank,REACTOME_INTERLEUKIN_7_SIGNALING,-0.2936076752653017,-0.8602824459216392,0.6748,0.9068085355592496,1.0,10/21,36.54%,ENSG00000114737;ENSG00000173757;ENSG00000126561;ENSG00000147168;ENSG00000145777;ENSG00000197409;ENSG00000105647;ENSG00000120833;ENSG00000104432;ENSG00000117461
prerank,REACTOME_LYSINE_CATABOLISM,-0.34544484987607216,-0.8777297110773549,0.6477670446591068,0.9069596670190618,1.0,8/12,47.23%,ENSG00000091140;ENSG00000008311;ENSG00000164904;ENSG00000183032;ENSG00000105607;ENSG00000181192;ENSG00000109576;ENSG00000175309
prerank,REACTOME_PYRIMIDINE_CATABOLISM,-0.34752028432665,-0.8784604955415657,0.6436797752808989,0.9071644213817629,1.0,3/12,17.09%,ENSG00000125458;ENSG00000116981;ENSG00000205309
prerank,REACTOME_TRISTETRAPROLIN_TTP_ZFP36_BINDS_AND_DESTABILIZES_MRNA,-0.31195909075144646,-0.8574575444860323,0.6722481471314851,0.9073391531034617,1.0,6/16,19.64%,ENSG00000120699;ENSG00000075914;ENSG00000128016;ENSG00000171311;ENSG00000077348;ENSG00000107371
prerank,REACTOME_CYTOCHROME_C_MEDIATED_APOPTOTIC_RESPONSE,-0.33402576658467187,-0.8633368333644305,0.669865109164233,0.9074352857504766,1.0,4/13,24.58%,ENSG00000102882;ENSG00000172115;ENSG00000100030;ENSG00000184047
prerank,REACTOME_NONHOMOLOGOUS_END_JOINING_NHEJ,-0.254306106607692,-0.8790127209917349,0.6717538153615211,0.907761805621708,1.0,23/45,37.60%,ENSG00000163322;ENSG00000146047;ENSG00000035499;ENSG00000188486;ENSG00000012048;ENSG00000169139;ENSG00000196890;ENSG00000197903;ENSG00000105393;ENSG00000152422;ENSG00000113522;ENSG00000180596;ENSG00000122678;ENSG00000112130;ENSG00000253729;ENSG00000124635;ENSG00000163961;ENSG00000184678;ENSG00000168148;ENSG00000158406;ENSG00000177889;ENSG00000128731;ENSG00000172977
prerank,REACTOME_ZINC_TRANSPORTERS,-0.32185602121977597,-0.8639872081614195,0.6685267857142857,0.9078130963614801,1.0,9/15,32.72%,ENSG00000138821;ENSG00000164756;ENSG00000112473;ENSG00000165794;ENSG00000141424;ENSG00000147804;ENSG00000145740;ENSG00000141873;ENSG00000104635
prerank,REACTOME_XENOBIOTICS,-0.29134360519781666,-0.8605579401425506,0.6765491452991453,0.9079411949968302,1.0,4/22,11.45%,ENSG00000106546;ENSG00000138109;ENSG00000167600;ENSG00000106258
prerank,REACTOME_TRANSCRIPTIONAL_REGULATION_OF_WHITE_ADIPOCYTE_DIFFERENTIATION,-0.22276680546274888,-0.8545062713438941,0.7368297822523999,0.9080918139601328,1.0,33/84,37.08%,ENSG00000102554;ENSG00000112576;ENSG00000082014;ENSG00000136146;ENSG00000185551;ENSG00000155868;ENSG00000108590;ENSG00000101849;ENSG00000175445;ENSG00000141027;ENSG00000186350;ENSG00000135446;ENSG00000122877;ENSG00000136826;ENSG00000112237;ENSG00000181444;ENSG00000181856;ENSG00000054118;ENSG00000135218;ENSG00000130589;ENSG00000221869;ENSG00000124641;ENSG00000133398;ENSG00000245848;ENSG00000063322;ENSG00000164758;ENSG00000148297;ENSG00000175221;ENSG00000137574;ENSG00000130772;ENSG00000152944;ENSG00000008838;ENSG00000133997
prerank,REACTOME_REGULATION_OF_IFNA_IFNB_SIGNALING,-0.3307530890624949,-0.8553237871024981,0.6799341202305792,0.9081780469472448,1.0,7/13,42.04%,ENSG00000179295;ENSG00000184979;ENSG00000159110;ENSG00000142166;ENSG00000105397;ENSG00000115415;ENSG00000188379
prerank,REACTOME_O_GLYCOSYLATION_OF_TSR_DOMAIN_CONTAINING_PROTEINS,-0.2581296225472227,-0.8620726070816108,0.6863171355498722,0.9082998250053851,1.0,13/37,32.46%,ENSG00000158859;ENSG00000159674;ENSG00000187720;ENSG00000087116;ENSG00000143382;ENSG00000185761;ENSG00000126759;ENSG00000049192;ENSG00000136378;ENSG00000140470;ENSG00000138316;ENSG00000134917;ENSG00000145808
prerank,REACTOME_FGFR2_ALTERNATIVE_SPLICING,-0.2754497422384149,-0.8561106380790676,0.6920672137553732,0.9083000903298029,1.0,6/27,8.39%,ENSG00000100142;ENSG00000005075;ENSG00000168002;ENSG00000147669;ENSG00000105258;ENSG00000103067
prerank,REACTOME_REGULATION_OF_BETA_CELL_DEVELOPMENT,-0.25688187101402893,-0.8607412041133973,0.6933926302414232,0.9092583771054754,1.0,8/38,15.72%,ENSG00000013619;ENSG00000169856;ENSG00000168067;ENSG00000101076;ENSG00000184384;ENSG00000143627;ENSG00000205922;ENSG00000100603
prerank,REACTOME_SYNTHESIS_OF_IP2_IP_AND_INS_IN_THE_CYTOSOL,-0.32236841294339097,-0.8529639969967971,0.6876460079703174,0.9093823561703986,1.0,9/14,57.49%,ENSG00000151689;ENSG00000100253;ENSG00000122126;ENSG00000133731;ENSG00000104643;ENSG00000185133;ENSG00000204084;ENSG00000068383;ENSG00000141401
prerank,REACTOME_HATS_ACETYLATE_HISTONES,-0.22447005463271985,-0.8790182022554985,0.7050632911392405,0.9094982376036566,1.0,45/94,38.31%,ENSG00000112983;ENSG00000146047;ENSG00000164508;ENSG00000175792;ENSG00000166337;ENSG00000135903;ENSG00000203814;ENSG00000170291;ENSG00000025293;ENSG00000120533;ENSG00000196890;ENSG00000103510;ENSG00000197903;ENSG00000163875;ENSG00000115966;ENSG00000163832;ENSG00000173011;ENSG00000180573;ENSG00000102710;ENSG00000123562;ENSG00000180596;ENSG00000151332;ENSG00000111653;ENSG00000163159;ENSG00000109911;ENSG00000005302;ENSG00000162227;ENSG00000077684;ENSG00000136518;ENSG00000128708;ENSG00000124635;ENSG00000197409;ENSG00000119760;ENSG00000181218;ENSG00000120656;ENSG00000184678;ENSG00000185787;ENSG00000117505;ENSG00000139620;ENSG00000176476;ENSG00000158406;ENSG00000172977;ENSG00000184260;ENSG00000187778;ENSG00000196787
prerank,REACTOME_DS_GAG_BIOSYNTHESIS,-0.35021146198867026,-0.8839134885070381,0.6395576707726763,0.9095984502441031,1.0,4/12,22.06%,ENSG00000173546;ENSG00000171451;ENSG00000132692;ENSG00000169105
prerank,REACTOME_ABORTIVE_ELONGATION_OF_HIV_1_TRANSCRIPT_IN_THE_ABSENCE_OF_TAT,-0.2938644148799586,-0.8795087895379871,0.6502248082517852,0.9102350659736459,1.0,10/23,23.36%,ENSG00000100142;ENSG00000005075;ENSG00000168002;ENSG00000147669;ENSG00000204356;ENSG00000105258;ENSG00000101158;ENSG00000213246;ENSG00000102978;ENSG00000188986
prerank,REACTOME_TBC_RABGAPS,-0.25774780466817887,-0.8810822663577829,0.6636271529888551,0.9104068013349025,1.0,22/42,39.78%,ENSG00000172780;ENSG00000177169;ENSG00000034713;ENSG00000168118;ENSG00000175463;ENSG00000099992;ENSG00000103365;ENSG00000165699;ENSG00000167461;ENSG00000103197;ENSG00000121749;ENSG00000107021;ENSG00000170296;ENSG00000166128;ENSG00000172007;ENSG00000029725;ENSG00000132405;ENSG00000154710;ENSG00000144566;ENSG00000068354;ENSG00000142765;ENSG00000108774
prerank,REACTOME_DEFECTS_OF_CONTACT_ACTIVATION_SYSTEM_CAS_AND_KALLIKREIN_KININ_SYSTEM_KKS,-0.3220832371750592,-0.8489262073878535,0.6859617764333837,0.9104575028925936,1.0,4/14,13.99%,ENSG00000185245;ENSG00000128294;ENSG00000169902;ENSG00000115486
prerank,REACTOME_BIOTIN_TRANSPORT_AND_METABOLISM,-0.3536629263437832,-0.8505849382207229,0.6969311271390185,0.9106190833797639,1.0,8/10,54.41%,ENSG00000076555;ENSG00000120509;ENSG00000175198;ENSG00000169814;ENSG00000159267;ENSG00000138074;ENSG00000078070;ENSG00000131844
prerank,REACTOME_SYNTHESIS_OF_BILE_ACIDS_AND_BILE_SALTS_VIA_24_HYDROXYCHOLESTEROL,-0.34210937374493977,-0.8825255623531896,0.6473565804274466,0.910814424420525,1.0,5/13,39.01%,ENSG00000099377;ENSG00000196139;ENSG00000146233;ENSG00000083807;ENSG00000140284
prerank,REACTOME_GLYCEROPHOSPHOLIPID_BIOSYNTHESIS,-0.20898354221870152,-0.8494500855091529,0.7693180528764325,0.9111232063411323,1.0,32/124,19.30%,ENSG00000062282;ENSG00000119927;ENSG00000134324;ENSG00000110536;ENSG00000129219;ENSG00000100344;ENSG00000130517;ENSG00000021762;ENSG00000153246;ENSG00000180089;ENSG00000100439;ENSG00000143036;ENSG00000103066;ENSG00000121316;ENSG00000133027;ENSG00000180488;ENSG00000185813;ENSG00000087085;ENSG00000133321;ENSG00000130175;ENSG00000123739;ENSG00000153395;ENSG00000176485;ENSG00000134255;ENSG00000103502;ENSG00000105223;ENSG00000006530;ENSG00000101290;ENSG00000184381;ENSG00000167588;ENSG00000110697;ENSG00000088766
prerank,REACTOME_PI_METABOLISM,-0.21940580136095011,-0.8378966033868513,0.7647402901263454,0.911348147538758,1.0,41/80,44.91%,ENSG00000105559;ENSG00000185361;ENSG00000102886;ENSG00000168918;ENSG00000186111;ENSG00000038210;ENSG00000163154;ENSG00000105851;ENSG00000107242;ENSG00000168118;ENSG00000078142;ENSG00000166908;ENSG00000171608;ENSG00000108389;ENSG00000132958;ENSG00000139505;ENSG00000112367;ENSG00000153982;ENSG00000106086;ENSG00000169499;ENSG00000105647;ENSG00000116095;ENSG00000121879;ENSG00000198825;ENSG00000122126;ENSG00000165782;ENSG00000102010;ENSG00000171100;ENSG00000117461;ENSG00000144566;ENSG00000006007;ENSG00000132376;ENSG00000166912;ENSG00000087053;ENSG00000107679;ENSG00000078269;ENSG00000104643;ENSG00000164303;ENSG00000119396;ENSG00000163719;ENSG00000165688
prerank,REACTOME_SARS_COV_2_ACTIVATES_MODULATES_INNATE_AND_ADAPTIVE_IMMUNE_RESPONSES,-0.2129643319635379,-0.8509221298122186,0.7631010571785836,0.9116283877290394,1.0,49/108,37.59%,ENSG00000150961;ENSG00000181481;ENSG00000058804;ENSG00000009724;ENSG00000204592;ENSG00000204642;ENSG00000169714;ENSG00000101916;ENSG00000157020;ENSG00000177663;ENSG00000107201;ENSG00000184584;ENSG00000166710;ENSG00000143947;ENSG00000139496;ENSG00000179295;ENSG00000075188;ENSG00000221983;ENSG00000142405;ENSG00000196664;ENSG00000106100;ENSG00000100934;ENSG00000078142;ENSG00000100324;ENSG00000152700;ENSG00000155561;ENSG00000052723;ENSG00000153201;ENSG00000213341;ENSG00000138750;ENSG00000069248;ENSG00000159110;ENSG00000138757;ENSG00000138802;ENSG00000047410;ENSG00000136243;ENSG00000176986;ENSG00000126456;ENSG00000142166;ENSG00000204632;ENSG00000244687;ENSG00000105397;ENSG00000134070;ENSG00000124789;ENSG00000030066;ENSG00000104312;ENSG00000154174;ENSG00000177889;ENSG00000170315
prerank,REACTOME_CA2_PATHWAY,-0.24072400696631296,-0.8813220519991426,0.6823971854907194,0.9116558062680236,1.0,22/61,29.96%,ENSG00000155363;ENSG00000172354;ENSG00000127920;ENSG00000114251;ENSG00000111664;ENSG00000127588;ENSG00000096433;ENSG00000180340;ENSG00000132915;ENSG00000185527;ENSG00000134698;ENSG00000138814;ENSG00000188763;ENSG00000168036;ENSG00000185532;ENSG00000198668;ENSG00000133703;ENSG00000069966;ENSG00000152284;ENSG00000221823;ENSG00000114450;ENSG00000087095
prerank,REACTOME_MASTL_FACILITATES_MITOTIC_PROGRESSION,-0.35041637318830565,-0.8421036798456465,0.7016402714932126,0.9117506784265242,1.0,4/10,13.37%,ENSG00000170312;ENSG00000134057;ENSG00000104695;ENSG00000120539
prerank,REACTOME_CO_STIMULATION_BY_ICOS,-0.3391083092553073,-0.8167815622005916,0.725,0.9118326292600611,1.0,5/10,36.54%,ENSG00000105851;ENSG00000171608;ENSG00000105647;ENSG00000121879;ENSG00000117461
prerank,REACTOME_TOLL_LIKE_RECEPTOR_9_TLR9_CASCADE,-0.21121119920407783,-0.8385081834333463,0.7773735076748153,0.9118526391195645,1.0,49/108,38.75%,ENSG00000081189;ENSG00000160703;ENSG00000163221;ENSG00000168256;ENSG00000102921;ENSG00000104695;ENSG00000117676;ENSG00000102882;ENSG00000071242;ENSG00000118260;ENSG00000143947;ENSG00000189403;ENSG00000221983;ENSG00000196664;ENSG00000106100;ENSG00000174516;ENSG00000078142;ENSG00000115966;ENSG00000185386;ENSG00000112640;ENSG00000100324;ENSG00000100030;ENSG00000197329;ENSG00000130159;ENSG00000184979;ENSG00000170458;ENSG00000213341;ENSG00000112062;ENSG00000127191;ENSG00000101557;ENSG00000050748;ENSG00000166130;ENSG00000065559;ENSG00000177189;ENSG00000064012;ENSG00000244687;ENSG00000105053;ENSG00000239732;ENSG00000141510;ENSG00000134070;ENSG00000139318;ENSG00000104312;ENSG00000166167;ENSG00000177889;ENSG00000170315;ENSG00000113558;ENSG00000154589;ENSG00000113575;ENSG00000160307
prerank,REACTOME_PI3K_AKT_SIGNALING_IN_CANCER,-0.22059456076438796,-0.8795531298797262,0.710318820706205,0.9118937482162018,1.0,41/106,34.54%,ENSG00000167965;ENSG00000065361;ENSG00000176697;ENSG00000141736;ENSG00000197122;ENSG00000119487;ENSG00000113578;ENSG00000175634;ENSG00000090554;ENSG00000186895;ENSG00000123358;ENSG00000105851;ENSG00000118260;ENSG00000113070;ENSG00000179295;ENSG00000068078;ENSG00000128340;ENSG00000146648;ENSG00000166225;ENSG00000115808;ENSG00000171608;ENSG00000105976;ENSG00000103197;ENSG00000113721;ENSG00000186654;ENSG00000213341;ENSG00000160867;ENSG00000111276;ENSG00000105647;ENSG00000177105;ENSG00000204673;ENSG00000033327;ENSG00000121879;ENSG00000184481;ENSG00000105221;ENSG00000010810;ENSG00000124882;ENSG00000070388;ENSG00000129538;ENSG00000141968;ENSG00000134962
prerank,REACTOME_INTERLEUKIN_2_FAMILY_SIGNALING,-0.2525611119159048,-0.8428351311883171,0.7192915392456677,0.9120190849331157,1.0,22/38,39.24%,ENSG00000100385;ENSG00000168918;ENSG00000173757;ENSG00000126561;ENSG00000171608;ENSG00000135077;ENSG00000100485;ENSG00000147168;ENSG00000138378;ENSG00000160691;ENSG00000198223;ENSG00000105647;ENSG00000096968;ENSG00000033327;ENSG00000121879;ENSG00000168961;ENSG00000113525;ENSG00000134470;ENSG00000117461;ENSG00000120899;ENSG00000115415;ENSG00000165025
prerank,REACTOME_RNA_POLYMERASE_III_TRANSCRIPTION_TERMINATION,-0.2835563420163194,-0.8472157253089456,0.6962326503635162,0.9120505586592457,1.0,6/23,19.04%,ENSG00000100142;ENSG00000147669;ENSG00000141905;ENSG00000162599;ENSG00000121851;ENSG00000161980
prerank,REACTOME_TRANSCRIPTIONAL_REGULATION_BY_THE_AP_2_TFAP2_FAMILY_OF_TRANSCRIPTION_FACTORS,-0.25689272363912513,-0.8400136713208802,0.7108230719377835,0.9123381984110618,1.0,10/34,24.80%,ENSG00000156802;ENSG00000101057;ENSG00000141736;ENSG00000124795;ENSG00000116030;ENSG00000164093;ENSG00000146648;ENSG00000144381;ENSG00000087510;ENSG00000164442
prerank,REACTOME_PTK6_REGULATES_RHO_GTPASES_RAS_GTPASE_AND_MAP_KINASES,-0.3171283426098225,-0.8364232151192602,0.7080160598089437,0.9124085021380266,1.0,10/14,36.43%,ENSG00000050820;ENSG00000089159;ENSG00000062598;ENSG00000160007;ENSG00000133703;ENSG00000213281;ENSG00000155849;ENSG00000129538;ENSG00000101213;ENSG00000150760
prerank,REACTOME_VXPX_CARGO_TARGETING_TO_CILIUM,-0.29473570697271245,-0.8407181342568192,0.7018039849219171,0.9126737370799156,1.0,7/19,34.35%,ENSG00000090989;ENSG00000167461;ENSG00000138190;ENSG00000127328;ENSG00000168374;ENSG00000105287;ENSG00000107862
prerank,REACTOME_VEGFR2_MEDIATED_VASCULAR_PERMEABILITY,-0.26968682585604786,-0.8387469341318095,0.7162778574221296,0.9130420736257221,1.0,12/27,34.38%,ENSG00000198561;ENSG00000167965;ENSG00000119487;ENSG00000101255;ENSG00000164867;ENSG00000123143;ENSG00000168036;ENSG00000186654;ENSG00000198668;ENSG00000105221;ENSG00000129538;ENSG00000141968
prerank,REACTOME_UNBLOCKING_OF_NMDA_RECEPTORS_GLUTAMATE_BINDING_AND_ACTIVATION,-0.281179878917163,-0.8140214153035774,0.7344227447854391,0.9132609020832599,1.0,5/20,25.30%,ENSG00000126787;ENSG00000082458;ENSG00000105464;ENSG00000132535;ENSG00000198668
prerank,REACTOME_ACTIVATION_OF_MATRIX_METALLOPROTEINASES,-0.2628127804840314,-0.8350294947805168,0.7196020157643106,0.9133079185654184,1.0,3/30,0.83%,ENSG00000136943;ENSG00000140564;ENSG00000157227
prerank,REACTOME_PHOSPHORYLATION_OF_CLOCK_ACETYLATION_OF_BMAL1_ARNTL_AT_TARGET_GENE_PROMOTERS,-0.3303242996821357,-0.8167868348634073,0.7327598364123536,0.9133726571567513,1.0,8/11,57.67%,ENSG00000049246;ENSG00000121671;ENSG00000161395;ENSG00000126368;ENSG00000133794;ENSG00000118058;ENSG00000008405;ENSG00000134852
prerank,REACTOME_B_WICH_COMPLEX_POSITIVELY_REGULATES_RRNA_EXPRESSION,-0.23460142164286024,-0.817706184170029,0.7724861196792103,0.9133783602500469,1.0,32/48,47.56%,ENSG00000146047;ENSG00000100142;ENSG00000147669;ENSG00000105968;ENSG00000124795;ENSG00000188486;ENSG00000246705;ENSG00000196890;ENSG00000197903;ENSG00000180573;ENSG00000153147;ENSG00000180596;ENSG00000066379;ENSG00000124635;ENSG00000197409;ENSG00000184678;ENSG00000163882;ENSG00000115524;ENSG00000158406;ENSG00000184260;ENSG00000009954;ENSG00000158373;ENSG00000186184;ENSG00000114166;ENSG00000132475;ENSG00000197837;ENSG00000112592;ENSG00000132382;ENSG00000105849;ENSG00000125630;ENSG00000166012;ENSG00000143498
prerank,REACTOME_TRANSCRIPTIONAL_ACTIVATION_OF_MITOCHONDRIAL_BIOGENESIS,-0.23727311294386755,-0.8429157059814311,0.7384615384615385,0.9135029791944975,1.0,12/53,16.01%,ENSG00000081189;ENSG00000082014;ENSG00000131069;ENSG00000106028;ENSG00000118260;ENSG00000101849;ENSG00000089163;ENSG00000141027;ENSG00000182054;ENSG00000172115;ENSG00000186350;ENSG00000115966
prerank,REACTOME_METAL_ION_SLC_TRANSPORTERS,-0.23564758145357334,-0.8146260167717572,0.7660138976626658,0.913820338011619,1.0,19/44,33.79%,ENSG00000100678;ENSG00000138821;ENSG00000066230;ENSG00000089472;ENSG00000138449;ENSG00000164756;ENSG00000112473;ENSG00000075142;ENSG00000165794;ENSG00000136868;ENSG00000110911;ENSG00000141424;ENSG00000198668;ENSG00000147804;ENSG00000145740;ENSG00000141873;ENSG00000104635;ENSG00000136052;ENSG00000198689
prerank,REACTOME_CASPASE_ACTIVATION_VIA_DEPENDENCE_RECEPTORS_IN_THE_ABSENCE_OF_LIGAND,-0.34132486222442215,-0.8182665427705086,0.7309523809523809,0.9139936440053255,1.0,2/10,11.99%,ENSG00000179222;ENSG00000107731
prerank,REACTOME_TOLL_LIKE_RECEPTOR_TLR1_TLR2_CASCADE,-0.21086900274117265,-0.8452524597085846,0.7696376322304749,0.9140690020670135,1.0,50/114,38.75%,ENSG00000081189;ENSG00000160703;ENSG00000163221;ENSG00000171560;ENSG00000168256;ENSG00000102921;ENSG00000104695;ENSG00000117676;ENSG00000102882;ENSG00000071242;ENSG00000118260;ENSG00000143947;ENSG00000189403;ENSG00000221983;ENSG00000106100;ENSG00000174516;ENSG00000115966;ENSG00000185386;ENSG00000112640;ENSG00000100324;ENSG00000174130;ENSG00000100030;ENSG00000171564;ENSG00000197329;ENSG00000130159;ENSG00000184979;ENSG00000135218;ENSG00000170458;ENSG00000213341;ENSG00000112062;ENSG00000127191;ENSG00000101557;ENSG00000050748;ENSG00000166130;ENSG00000065559;ENSG00000177189;ENSG00000064012;ENSG00000244687;ENSG00000105053;ENSG00000141510;ENSG00000134070;ENSG00000139318;ENSG00000104312;ENSG00000166167;ENSG00000177889;ENSG00000170315;ENSG00000113558;ENSG00000154589;ENSG00000113575;ENSG00000160307
prerank,REACTOME_SPECIFICATION_OF_THE_NEURAL_PLATE_BORDER,-0.30275610568495426,-0.8273638998772732,0.7157172271791352,0.9141025769372568,1.0,7/16,28.37%,ENSG00000135903;ENSG00000154342;ENSG00000204531;ENSG00000168036;ENSG00000087510;ENSG00000163132;ENSG00000152284
prerank,REACTOME_BUTYRATE_RESPONSE_FACTOR_1_BRF1_BINDS_AND_DESTABILIZES_MRNA,-0.29713315642328064,-0.8124002926377023,0.7346314325452017,0.9143764644565774,1.0,13/16,49.31%,ENSG00000120699;ENSG00000075914;ENSG00000171311;ENSG00000077348;ENSG00000107371;ENSG00000083520;ENSG00000172795;ENSG00000130713;ENSG00000185650;ENSG00000123737;ENSG00000162889;ENSG00000114127;ENSG00000178896
prerank,REACTOME_GLYCOSAMINOGLYCAN_METABOLISM,-0.205608537886222,-0.8430436947866451,0.7895090786819099,0.9148948813176984,1.0,52/133,35.56%,ENSG00000173546;ENSG00000157593;ENSG00000151348;ENSG00000068001;ENSG00000130958;ENSG00000012232;ENSG00000027847;ENSG00000171004;ENSG00000072571;ENSG00000187446;ENSG00000181523;ENSG00000033100;ENSG00000198108;ENSG00000108784;ENSG00000171310;ENSG00000010404;ENSG00000114378;ENSG00000113273;ENSG00000138604;ENSG00000171451;ENSG00000149541;ENSG00000157350;ENSG00000155893;ENSG00000170266;ENSG00000136011;ENSG00000103044;ENSG00000123989;ENSG00000132692;ENSG00000131873;ENSG00000122254;ENSG00000169919;ENSG00000169105;ENSG00000049860;ENSG00000106304;ENSG00000172987;ENSG00000186792;ENSG00000110080;ENSG00000015532;ENSG00000162512;ENSG00000064225;ENSG00000154080;ENSG00000119899;ENSG00000142798;ENSG00000175040;ENSG00000114646;ENSG00000162694;ENSG00000188157;ENSG00000106809;ENSG00000124786;ENSG00000141012;ENSG00000181045;ENSG00000174684
prerank,REACTOME_SYNTHESIS_OF_PIPS_AT_THE_PLASMA_MEMBRANE,-0.23585733728971534,-0.831363179233396,0.7463973395738391,0.9149891753633727,1.0,27/50,44.57%,ENSG00000105559;ENSG00000168918;ENSG00000186111;ENSG00000038210;ENSG00000105851;ENSG00000107242;ENSG00000168118;ENSG00000166908;ENSG00000171608;ENSG00000139505;ENSG00000106086;ENSG00000169499;ENSG00000105647;ENSG00000116095;ENSG00000121879;ENSG00000122126;ENSG00000102010;ENSG00000171100;ENSG00000117461;ENSG00000144566;ENSG00000132376;ENSG00000087053;ENSG00000107679;ENSG00000078269;ENSG00000104643;ENSG00000119396;ENSG00000163719
prerank,REACTOME_VITAMIN_B5_PANTOTHENATE_METABOLISM,-0.2799938975709175,-0.809121470263917,0.7496306245802552,0.9150895288236897,1.0,9/20,28.90%,ENSG00000149313;ENSG00000122912;ENSG00000125779;ENSG00000167799;ENSG00000197594;ENSG00000120509;ENSG00000120137;ENSG00000152782;ENSG00000138621
prerank,REACTOME_SLC_MEDIATED_TRANSMEMBRANE_TRANSPORT,-0.18646096565671688,-0.8100594240535366,0.8879401222854734,0.9151085035030283,1.0,91/235,36.37%,ENSG00000169241;ENSG00000080493;ENSG00000004939;ENSG00000131183;ENSG00000157593;ENSG00000017483;ENSG00000137491;ENSG00000155380;ENSG00000130958;ENSG00000102100;ENSG00000156222;ENSG00000100678;ENSG00000138821;ENSG00000144290;ENSG00000123643;ENSG00000114923;ENSG00000101187;ENSG00000169359;ENSG00000115902;ENSG00000066230;ENSG00000143036;ENSG00000124067;ENSG00000124140;ENSG00000103546;ENSG00000084453;ENSG00000092068;ENSG00000005022;ENSG00000089472;ENSG00000159216;ENSG00000138449;ENSG00000164756;ENSG00000147100;ENSG00000158296;ENSG00000151229;ENSG00000112473;ENSG00000139155;ENSG00000075142;ENSG00000133460;ENSG00000165794;ENSG00000102931;ENSG00000110446;ENSG00000108576;ENSG00000151012;ENSG00000163393;ENSG00000100156;ENSG00000180773;ENSG00000188338;ENSG00000111371;ENSG00000151729;ENSG00000181856;ENSG00000113396;ENSG00000136868;ENSG00000120509;ENSG00000011083;ENSG00000213465;ENSG00000110911;ENSG00000145283;ENSG00000141424;ENSG00000198668;ENSG00000118596;ENSG00000117620;ENSG00000147804;ENSG00000134538;ENSG00000145740;ENSG00000137204;ENSG00000183048;ENSG00000111700;ENSG00000119899;ENSG00000040531;ENSG00000197208;ENSG00000105550;ENSG00000141873;ENSG00000003989;ENSG00000149150;ENSG00000169100;ENSG00000205060;ENSG00000104635;ENSG00000136052;ENSG00000146477;ENSG00000142319;ENSG00000198689;ENSG00000139209;ENSG00000174358;ENSG00000124786;ENSG00000197375;ENSG00000103257;ENSG00000181045;ENSG00000110436;ENSG00000146411;ENSG00000167114;ENSG00000181804
prerank,REACTOME_ERCC6_CSB_AND_EHMT2_G9A_POSITIVELY_REGULATE_RRNA_EXPRESSION,-0.25295304674678043,-0.8194172394759068,0.7507133592736706,0.9151580794779975,1.0,25/33,43.57%,ENSG00000146047;ENSG00000105968;ENSG00000188486;ENSG00000246705;ENSG00000196890;ENSG00000170004;ENSG00000197903;ENSG00000125482;ENSG00000180573;ENSG00000180596;ENSG00000071655;ENSG00000149480;ENSG00000124635;ENSG00000167491;ENSG00000197409;ENSG00000057935;ENSG00000184678;ENSG00000162521;ENSG00000196591;ENSG00000158406;ENSG00000184260;ENSG00000158373;ENSG00000132475;ENSG00000197837;ENSG00000102054
prerank,REACTOME_METABOLISM_OF_WATER_SOLUBLE_VITAMINS_AND_COFACTORS,-0.20422318580314702,-0.827590499881778,0.8042962125494629,0.9152876000137136,1.0,50/122,36.42%,ENSG00000138356;ENSG00000076555;ENSG00000124615;ENSG00000136010;ENSG00000102575;ENSG00000151611;ENSG00000178685;ENSG00000076351;ENSG00000176974;ENSG00000185803;ENSG00000168288;ENSG00000163382;ENSG00000160209;ENSG00000149313;ENSG00000157978;ENSG00000167775;ENSG00000136877;ENSG00000122912;ENSG00000125779;ENSG00000108439;ENSG00000244005;ENSG00000136371;ENSG00000168216;ENSG00000182199;ENSG00000008130;ENSG00000075643;ENSG00000167799;ENSG00000163864;ENSG00000228716;ENSG00000197594;ENSG00000144908;ENSG00000120509;ENSG00000065621;ENSG00000109743;ENSG00000184719;ENSG00000120137;ENSG00000152782;ENSG00000138621;ENSG00000135002;ENSG00000102699;ENSG00000164933;ENSG00000138496;ENSG00000100714;ENSG00000139428;ENSG00000175198;ENSG00000089057;ENSG00000172890;ENSG00000136960;ENSG00000160688;ENSG00000132763
prerank,REACTOME_NETRIN_1_SIGNALING,-0.23991944881958494,-0.8183896922726795,0.7597016812033877,0.9153441032210876,1.0,14/42,33.41%,ENSG00000196470;ENSG00000197122;ENSG00000107731;ENSG00000179295;ENSG00000074527;ENSG00000181788;ENSG00000135439;ENSG00000145555;ENSG00000144935;ENSG00000138741;ENSG00000169855;ENSG00000010810;ENSG00000174238;ENSG00000129538
prerank,REACTOME_REGULATION_OF_MITF_M_DEPENDENT_GENES_INVOLVED_IN_EXTRACELLULAR_MATRIX_FOCAL_ADHESION_AND_EPITHELIAL_TO_MESENCHYMAL_TRANSITION,-0.3286713146958322,-0.831927966179581,0.7093120805369127,0.9156039106312981,1.0,2/12,7.10%,ENSG00000106366;ENSG00000089159
prerank,REACTOME_SYNTHESIS_OF_PE,-0.3267959099249228,-0.8434241331512383,0.6972477064220184,0.915830511602619,1.0,6/13,36.35%,ENSG00000134324;ENSG00000185813;ENSG00000134255;ENSG00000100288;ENSG00000139163;ENSG00000132793
prerank,REACTOME_EVASION_BY_RSV_OF_HOST_INTERFERON_RESPONSES,-0.28015765984895086,-0.8299438964765214,0.7187910643889619,0.9158980285653626,1.0,12/22,37.59%,ENSG00000107201;ENSG00000143947;ENSG00000221983;ENSG00000103363;ENSG00000159110;ENSG00000100387;ENSG00000126456;ENSG00000142166;ENSG00000154582;ENSG00000105397;ENSG00000166266;ENSG00000170315
prerank,REACTOME_THROMBIN_SIGNALLING_THROUGH_PROTEINASE_ACTIVATED_RECEPTORS_PARS,-0.2516492610595274,-0.8104932050876319,0.7582743077913715,0.9159405673880524,1.0,11/31,29.53%,ENSG00000172354;ENSG00000197122;ENSG00000127920;ENSG00000102882;ENSG00000111664;ENSG00000127588;ENSG00000100030;ENSG00000181104;ENSG00000088256;ENSG00000069966;ENSG00000114450
prerank,REACTOME_INTERLEUKIN_6_SIGNALING,-0.33445549768560945,-0.828105459756302,0.7224094355518113,0.9159647510528657,1.0,7/11,44.12%,ENSG00000179295;ENSG00000136244;ENSG00000096968;ENSG00000134352;ENSG00000105397;ENSG00000115415;ENSG00000160712
prerank,REACTOME_PHOSPHOLIPID_METABOLISM,-0.1912661088242178,-0.8198092197870479,0.8607594936708861,0.9160636778090284,1.0,51/203,21.74%,ENSG00000062282;ENSG00000119927;ENSG00000105559;ENSG00000134324;ENSG00000185361;ENSG00000102886;ENSG00000110536;ENSG00000168918;ENSG00000129219;ENSG00000100344;ENSG00000130517;ENSG00000021762;ENSG00000153246;ENSG00000180089;ENSG00000100439;ENSG00000143036;ENSG00000103066;ENSG00000186111;ENSG00000121316;ENSG00000038210;ENSG00000133027;ENSG00000180488;ENSG00000163154;ENSG00000105851;ENSG00000185813;ENSG00000107242;ENSG00000168118;ENSG00000087085;ENSG00000133321;ENSG00000130175;ENSG00000123739;ENSG00000153395;ENSG00000176485;ENSG00000134255;ENSG00000103502;ENSG00000105223;ENSG00000078142;ENSG00000006530;ENSG00000101290;ENSG00000184381;ENSG00000166908;ENSG00000167588;ENSG00000110697;ENSG00000088766;ENSG00000171608;ENSG00000108389;ENSG00000132958;ENSG00000243708;ENSG00000139505;ENSG00000148343;ENSG00000112367
prerank,REACTOME_O_LINKED_GLYCOSYLATION_OF_MUCINS,-0.23070058939776691,-0.8322360448757822,0.7531411677753141,0.9166758830890559,1.0,8/57,8.94%,ENSG00000237172;ENSG00000136840;ENSG00000136542;ENSG00000176597;ENSG00000118017;ENSG00000178234;ENSG00000187210;ENSG00000141429
prerank,REACTOME_Z_DECAY_DEGRADATION_OF_MATERNAL_MRNAS_BY_ZYGOTICALLY_EXPRESSED_FACTORS,-0.3239182682212491,-0.8198866581463226,0.7191310441485634,0.9174979555797449,1.0,5/12,27.01%,ENSG00000151247;ENSG00000083223;ENSG00000172239;ENSG00000144535;ENSG00000141543
prerank,REACTOME_CLASS_B_2_SECRETIN_FAMILY_RECEPTORS,-0.21450675592152624,-0.828121213642927,0.7848864163189615,0.9175314010193648,1.0,28/86,28.35%,ENSG00000131477;ENSG00000108379;ENSG00000115596;ENSG00000172354;ENSG00000163794;ENSG00000105989;ENSG00000127920;ENSG00000114251;ENSG00000123146;ENSG00000111664;ENSG00000127507;ENSG00000004948;ENSG00000127588;ENSG00000180340;ENSG00000087494;ENSG00000154342;ENSG00000154764;ENSG00000164690;ENSG00000188763;ENSG00000010310;ENSG00000134245;ENSG00000128165;ENSG00000135925;ENSG00000145708;ENSG00000069966;ENSG00000215644;ENSG00000178473;ENSG00000080293
prerank,REACTOME_ENDOGENOUS_STEROLS,-0.27068464008432624,-0.8243663128297908,0.7301192191798769,0.9177207894167105,1.0,13/25,42.97%,ENSG00000106546;ENSG00000267673;ENSG00000186350;ENSG00000138061;ENSG00000172817;ENSG00000012504;ENSG00000161513;ENSG00000231852;ENSG00000146233;ENSG00000001630;ENSG00000145476;ENSG00000143437;ENSG00000140459
prerank,REACTOME_METABOLISM_OF_STEROID_HORMONES,-0.2482781466123679,-0.8203312629776737,0.7482616533608035,0.9183317935464057,1.0,13/35,28.89%,ENSG00000101846;ENSG00000267673;ENSG00000117594;ENSG00000148795;ENSG00000104826;ENSG00000145545;ENSG00000100300;ENSG00000010270;ENSG00000128039;ENSG00000131748;ENSG00000161513;ENSG00000227471;ENSG00000231852
prerank,REACTOME_NEGATIVE_REGULATION_OF_THE_PI3K_AKT_NETWORK,-0.19990368489226654,-0.8054993836357303,0.8380361173814899,0.9193664759830454,1.0,27/113,19.82%,ENSG00000065361;ENSG00000176697;ENSG00000137033;ENSG00000141736;ENSG00000197122;ENSG00000113578;ENSG00000104695;ENSG00000090554;ENSG00000102882;ENSG00000186895;ENSG00000186111;ENSG00000105851;ENSG00000107242;ENSG00000101255;ENSG00000113070;ENSG00000179295;ENSG00000068078;ENSG00000128340;ENSG00000115602;ENSG00000146648;ENSG00000112640;ENSG00000166908;ENSG00000100030;ENSG00000166225;ENSG00000115808;ENSG00000171608;ENSG00000105976
prerank,REACTOME_NR1H2_AND_NR1H3_MEDIATED_SIGNALING,-0.23532935330194693,-0.8224461551960932,0.7585906374501992,0.9194473831898191,1.0,16/46,35.03%,ENSG00000155363;ENSG00000100979;ENSG00000101849;ENSG00000141027;ENSG00000186350;ENSG00000025434;ENSG00000134698;ENSG00000130208;ENSG00000267467;ENSG00000131408;ENSG00000066135;ENSG00000115548;ENSG00000132522;ENSG00000180530;ENSG00000165029;ENSG00000197375
prerank,REACTOME_SIGNAL_AMPLIFICATION,-0.2556657398072814,-0.8204495504561004,0.7443754848719938,0.9197043849062062,1.0,13/31,32.30%,ENSG00000172354;ENSG00000197122;ENSG00000127920;ENSG00000111664;ENSG00000127588;ENSG00000169313;ENSG00000065135;ENSG00000127837;ENSG00000112062;ENSG00000088256;ENSG00000069966;ENSG00000114450;ENSG00000116711
prerank,REACTOME_O_LINKED_GLYCOSYLATION,-0.20432216948444637,-0.8211865996098945,0.8179217212176699,0.9200265987245484,1.0,35/115,33.20%,ENSG00000085998;ENSG00000173402;ENSG00000237172;ENSG00000136840;ENSG00000136542;ENSG00000176597;ENSG00000118017;ENSG00000178234;ENSG00000187210;ENSG00000141429;ENSG00000158859;ENSG00000159674;ENSG00000187720;ENSG00000157350;ENSG00000087116;ENSG00000144647;ENSG00000106392;ENSG00000143382;ENSG00000185761;ENSG00000126759;ENSG00000049192;ENSG00000186998;ENSG00000110080;ENSG00000136378;ENSG00000115339;ENSG00000140470;ENSG00000171155;ENSG00000181143;ENSG00000138316;ENSG00000130714;ENSG00000176928;ENSG00000119514;ENSG00000134917;ENSG00000145808;ENSG00000185499
prerank,REACTOME_CHYLOMICRON_ASSEMBLY,-0.33225104218892726,-0.796504248567135,0.7599548150240045,0.9212438255222388,1.0,4/10,18.68%,ENSG00000138823;ENSG00000118137;ENSG00000158874;ENSG00000152700
prerank,REACTOME_TETRAHYDROBIOPTERIN_BH4_SYNTHESIS_RECYCLING_SALVAGE_AND_REGULATION,-0.3207408839682818,-0.7716319110785861,0.788967468175389,0.9215294277316252,1.0,5/10,25.30%,ENSG00000137880;ENSG00000150787;ENSG00000164867;ENSG00000228716;ENSG00000198668
prerank,REACTOME_ZINC_INFLUX_INTO_CELLS_BY_THE_SLC39_GENE_FAMILY,-0.33005811744990826,-0.7970710769696403,0.7501067311797353,0.9218977199123514,1.0,7/10,32.72%,ENSG00000138821;ENSG00000112473;ENSG00000165794;ENSG00000141424;ENSG00000147804;ENSG00000141873;ENSG00000104635
prerank,REACTOME_TNF_SIGNALING,-0.2253194565540445,-0.8029320060989503,0.793398533007335,0.921933186226285,1.0,21/54,27.49%,ENSG00000177169;ENSG00000179526;ENSG00000143947;ENSG00000118503;ENSG00000221983;ENSG00000003402;ENSG00000067182;ENSG00000204628;ENSG00000154124;ENSG00000100324;ENSG00000106052;ENSG00000036672;ENSG00000103266;ENSG00000213341;ENSG00000127191;ENSG00000114316;ENSG00000072401;ENSG00000185651;ENSG00000197530;ENSG00000137275;ENSG00000156735
prerank,REACTOME_CGMP_EFFECTS,0.22632455948727917,0.7072936817233133,0.8839381961911607,0.9223562735590879,1.0,3/15,6.98%,ENSG00000186642;ENSG00000138669;ENSG00000160191
prerank,REACTOME_HEME_DEGRADATION,-0.28672934783967924,-0.7720075417145177,0.7873918417799752,0.9224865866875546,1.0,8/15,31.11%,ENSG00000188878;ENSG00000137491;ENSG00000100292;ENSG00000163586;ENSG00000106605;ENSG00000134538;ENSG00000111700;ENSG00000090013
prerank,REACTOME_AZATHIOPRINE_ADME,-0.2675873662761184,-0.7916078978243875,0.7700720192051214,0.9226155236548685,1.0,4/22,8.52%,ENSG00000136159;ENSG00000178035;ENSG00000134184;ENSG00000163655
prerank,REACTOME_SNRNP_ASSEMBLY,-0.22320442499410442,-0.7975296234387044,0.801259103814344,0.922718006130818,1.0,37/52,50.23%,ENSG00000058804;ENSG00000092208;ENSG00000157020;ENSG00000143977;ENSG00000139496;ENSG00000075188;ENSG00000125835;ENSG00000125743;ENSG00000074201;ENSG00000139343;ENSG00000100028;ENSG00000155561;ENSG00000153201;ENSG00000138750;ENSG00000069248;ENSG00000164902;ENSG00000047410;ENSG00000205571;ENSG00000116455;ENSG00000136243;ENSG00000124789;ENSG00000030066;ENSG00000137574;ENSG00000100462;ENSG00000064703;ENSG00000182004;ENSG00000110713;ENSG00000136937;ENSG00000046647;ENSG00000126883;ENSG00000082516;ENSG00000146707;ENSG00000108559;ENSG00000163002;ENSG00000114503;ENSG00000152147;ENSG00000113569
prerank,REACTOME_NEGATIVE_REGULATION_OF_TCF_DEPENDENT_SIGNALING_BY_WNT_LIGAND_ANTAGONISTS,-0.29727708592518226,-0.798447112258443,0.747480250612912,0.9228163851036542,1.0,5/15,24.83%,ENSG00000114251;ENSG00000107984;ENSG00000183762;ENSG00000154342;ENSG00000104371
prerank,REACTOME_SIGNALING_BY_FGFR,-0.2016876198427606,-0.7801872617215475,0.8591779542269967,0.9228624484423524,1.0,39/84,35.88%,ENSG00000100142;ENSG00000005075;ENSG00000168002;ENSG00000147669;ENSG00000197122;ENSG00000113578;ENSG00000104695;ENSG00000102882;ENSG00000105258;ENSG00000186895;ENSG00000103067;ENSG00000125848;ENSG00000143947;ENSG00000179295;ENSG00000068078;ENSG00000221983;ENSG00000069702;ENSG00000100030;ENSG00000166225;ENSG00000127418;ENSG00000102978;ENSG00000160867;ENSG00000166068;ENSG00000169045;ENSG00000133703;ENSG00000160691;ENSG00000213281;ENSG00000115339;ENSG00000151923;ENSG00000047315;ENSG00000121879;ENSG00000011304;ENSG00000174721;ENSG00000123159;ENSG00000070388;ENSG00000134962;ENSG00000188342;ENSG00000157764;ENSG00000163882
prerank,REACTOME_NON_CANONICAL_INFLAMMASOME_ACTIVATION,-0.29636257224203677,-0.7788394633283467,0.7825847340865252,0.9232923675705919,1.0,8/14,41.48%,ENSG00000021355;ENSG00000117228;ENSG00000162654;ENSG00000198668;ENSG00000196954;ENSG00000137757;ENSG00000162645;ENSG00000164305
prerank,REACTOME_RND3_GTPASE_CYCLE,-0.23479239095981386,-0.7990212820406949,0.7859392717651505,0.9234576945472822,1.0,6/42,5.95%,ENSG00000115963;ENSG00000135622;ENSG00000171680;ENSG00000136026;ENSG00000035499;ENSG00000142627
prerank,REACTOME_UPTAKE_OF_DIETARY_COBALAMINS_INTO_ENTEROCYTES,-0.32175235395065527,-0.775450020975626,0.7836182336182336,0.923619529725154,1.0,8/10,57.97%,ENSG00000168216;ENSG00000107611;ENSG00000010438;ENSG00000119688;ENSG00000134827;ENSG00000166126;ENSG00000168925;ENSG00000134812
prerank,REACTOME_FATTY_ACYL_COA_BIOSYNTHESIS,-0.23479270355459514,-0.7732198011446927,0.8130590339892666,0.923767775658167,1.0,11/35,22.20%,ENSG00000197142;ENSG00000074696;ENSG00000151726;ENSG00000221988;ENSG00000119915;ENSG00000164181;ENSG00000204228;ENSG00000197977;ENSG00000066322;ENSG00000170522;ENSG00000188921
prerank,REACTOME_TICAM1_RIP1_MEDIATED_IKK_COMPLEX_RECRUITMENT,-0.27792557744797564,-0.7805588678813133,0.774180493727236,0.9238245461086939,1.0,15/18,49.41%,ENSG00000143947;ENSG00000221983;ENSG00000129465;ENSG00000164342;ENSG00000213341;ENSG00000072401;ENSG00000137275;ENSG00000244687;ENSG00000177889;ENSG00000170315;ENSG00000131508;ENSG00000110330;ENSG00000109332;ENSG00000023445;ENSG00000104365
prerank,REACTOME_TRAF6_MEDIATED_INDUCTION_OF_TAK1_COMPLEX_WITHIN_TLR4_COMPLEX,-0.28229501696379233,-0.7720529788620165,0.786569423420944,0.9238971720173966,1.0,8/16,38.30%,ENSG00000004139;ENSG00000143947;ENSG00000221983;ENSG00000100324;ENSG00000170458;ENSG00000134070;ENSG00000170315;ENSG00000154589
prerank,REACTOME_SIGNALING_BY_CSF3_G_CSF,-0.24909320361044426,-0.7917360173213667,0.7820413436692506,0.9239296936379355,1.0,21/30,42.66%,ENSG00000143947;ENSG00000179295;ENSG00000221983;ENSG00000173757;ENSG00000126561;ENSG00000103363;ENSG00000072401;ENSG00000133703;ENSG00000160691;ENSG00000096968;ENSG00000033327;ENSG00000154582;ENSG00000254087;ENSG00000105397;ENSG00000166266;ENSG00000170315;ENSG00000115415;ENSG00000165025;ENSG00000131508;ENSG00000114125;ENSG00000108342
prerank,REACTOME_RECEPTOR_MEDIATED_MITOPHAGY,-0.31927607187550694,-0.7664656995650874,0.7955769776013609,0.924101621528365,1.0,7/10,35.71%,ENSG00000197122;ENSG00000177169;ENSG00000101460;ENSG00000069509;ENSG00000247077;ENSG00000145782;ENSG00000057663
prerank,REACTOME_DISASSEMBLY_OF_THE_DESTRUCTION_COMPLEX_AND_RECRUITMENT_OF_AXIN_TO_THE_MEMBRANE,-0.24587010610834986,-0.7844719561779342,0.7909173243627895,0.9241720260945899,1.0,17/30,47.63%,ENSG00000104695;ENSG00000004975;ENSG00000180340;ENSG00000154342;ENSG00000112640;ENSG00000134982;ENSG00000168036;ENSG00000113712;ENSG00000068971;ENSG00000133275;ENSG00000078304;ENSG00000163251;ENSG00000113575;ENSG00000103126;ENSG00000066027;ENSG00000161202;ENSG00000162337
prerank,REACTOME_PEXOPHAGY,-0.31338206620482856,-0.7771773809673104,0.7843219744776329,0.9241747998875387,1.0,4/11,13.88%,ENSG00000143947;ENSG00000116016;ENSG00000135093;ENSG00000221983
prerank,REACTOME_RNA_POLYMERASE_III_TRANSCRIPTION_INITIATION_FROM_TYPE_1_PROMOTER,-0.24758924839516608,-0.7738377643814739,0.7988768447172522,0.9243891030612674,1.0,16/28,46.37%,ENSG00000100142;ENSG00000147669;ENSG00000119041;ENSG00000122034;ENSG00000121851;ENSG00000161980;ENSG00000072135;ENSG00000077235;ENSG00000163882;ENSG00000155115;ENSG00000132664;ENSG00000185650;ENSG00000186184;ENSG00000112592;ENSG00000013503;ENSG00000148308
prerank,REACTOME_ENOS_ACTIVATION,-0.3036202080670239,-0.7822416806106804,0.7720077756178839,0.9244262907075365,1.0,7/13,25.30%,ENSG00000153904;ENSG00000164867;ENSG00000152465;ENSG00000120992;ENSG00000136448;ENSG00000175893;ENSG00000198668
prerank,REACTOME_CO_STIMULATION_BY_CD28,-0.22641689469655776,-0.7933879231144928,0.7982741370685342,0.9244727757631006,1.0,20/47,34.66%,ENSG00000167965;ENSG00000197122;ENSG00000119487;ENSG00000104695;ENSG00000105851;ENSG00000101255;ENSG00000123143;ENSG00000112640;ENSG00000171608;ENSG00000100351;ENSG00000186654;ENSG00000105647;ENSG00000068971;ENSG00000121879;ENSG00000105221;ENSG00000010810;ENSG00000129538;ENSG00000078304;ENSG00000141968;ENSG00000254087
prerank,REACTOME_M_DECAY_DEGRADATION_OF_MATERNAL_MRNAS_BY_MATERNALLY_STORED_FACTORS,-0.241319194230673,-0.7682481523929013,0.8142579390797149,0.9246384014016428,1.0,15/30,41.06%,ENSG00000151247;ENSG00000100697;ENSG00000140988;ENSG00000182973;ENSG00000172239;ENSG00000113300;ENSG00000120727;ENSG00000205022;ENSG00000141543;ENSG00000149115;ENSG00000154582;ENSG00000198791;ENSG00000111596;ENSG00000144580;ENSG00000088038
prerank,REACTOME_P38MAPK_EVENTS,-0.3034583715342857,-0.7810312537659002,0.7735560194850383,0.9246464912478767,1.0,7/13,29.67%,ENSG00000197122;ENSG00000144118;ENSG00000185386;ENSG00000112062;ENSG00000133703;ENSG00000213281;ENSG00000160271
prerank,REACTOME_CHROMATIN_ORGANIZATION,-0.1843125759207953,-0.7990497399395327,0.9017970401691332,0.9249526840813662,1.0,97/234,39.48%,ENSG00000112983;ENSG00000146047;ENSG00000164508;ENSG00000064961;ENSG00000082014;ENSG00000175792;ENSG00000105968;ENSG00000178691;ENSG00000166337;ENSG00000135903;ENSG00000203814;ENSG00000183955;ENSG00000170291;ENSG00000188486;ENSG00000073584;ENSG00000099385;ENSG00000025293;ENSG00000172301;ENSG00000110066;ENSG00000101849;ENSG00000120533;ENSG00000246705;ENSG00000129691;ENSG00000140988;ENSG00000141027;ENSG00000196890;ENSG00000084093;ENSG00000170004;ENSG00000103510;ENSG00000197903;ENSG00000163875;ENSG00000111707;ENSG00000115966;ENSG00000163832;ENSG00000135446;ENSG00000106462;ENSG00000073614;ENSG00000173011;ENSG00000032219;ENSG00000180573;ENSG00000102710;ENSG00000123562;ENSG00000180596;ENSG00000151332;ENSG00000143379;ENSG00000028310;ENSG00000106635;ENSG00000111653;ENSG00000163159;ENSG00000071655;ENSG00000109911;ENSG00000005302;ENSG00000162227;ENSG00000139154;ENSG00000077684;ENSG00000136518;ENSG00000149480;ENSG00000128708;ENSG00000124635;ENSG00000011332;ENSG00000066135;ENSG00000115548;ENSG00000167491;ENSG00000080503;ENSG00000197409;ENSG00000119760;ENSG00000150347;ENSG00000181218;ENSG00000116455;ENSG00000096968;ENSG00000132522;ENSG00000120656;ENSG00000057935;ENSG00000147548;ENSG00000132600;ENSG00000184678;ENSG00000074266;ENSG00000164256;ENSG00000185787;ENSG00000117505;ENSG00000119772;ENSG00000139620;ENSG00000108604;ENSG00000162521;ENSG00000176476;ENSG00000196591;ENSG00000100462;ENSG00000158406;ENSG00000135365;ENSG00000172977;ENSG00000184260;ENSG00000187778;ENSG00000196787;ENSG00000166164;ENSG00000054267;ENSG00000165671;ENSG00000158373
prerank,REACTOME_COBALAMIN_CBL_VITAMIN_B12_TRANSPORT_AND_METABOLISM,-0.2621767509758338,-0.7754626891333702,0.784688995215311,0.9250848388672555,1.0,5/22,16.15%,ENSG00000151611;ENSG00000168288;ENSG00000157978;ENSG00000167775;ENSG00000168216
prerank,REACTOME_DEADENYLATION_OF_MRNA,-0.25897036644180593,-0.7918120693555649,0.7712435575525307,0.925338101947903,1.0,13/25,41.06%,ENSG00000151247;ENSG00000083223;ENSG00000182973;ENSG00000140694;ENSG00000172239;ENSG00000113300;ENSG00000152520;ENSG00000141543;ENSG00000149115;ENSG00000198791;ENSG00000111596;ENSG00000144580;ENSG00000088038
prerank,REACTOME_MYOGENESIS,-0.25115002329265684,-0.7825334768273459,0.7851335656213705,0.9254965808610235,1.0,9/28,24.22%,ENSG00000081189;ENSG00000129152;ENSG00000140262;ENSG00000144857;ENSG00000185386;ENSG00000213999;ENSG00000140299;ENSG00000168036;ENSG00000112062
prerank,REACTOME_INTERLEUKIN_37_SIGNALING,-0.27128142611909617,-0.7845796435446446,0.7759325161460393,0.925516904451863,1.0,6/20,20.95%,ENSG00000175354;ENSG00000137496;ENSG00000088179;ENSG00000179295;ENSG00000115604;ENSG00000072135
prerank,REACTOME_RA_BIOSYNTHESIS_PATHWAY,-0.2624923255110155,-0.766483546941976,0.8046938224979768,0.9255452516573329,1.0,10/21,49.77%,ENSG00000135437;ENSG00000196139;ENSG00000003137;ENSG00000160439;ENSG00000072042;ENSG00000073737;ENSG00000166426;ENSG00000240857;ENSG00000157326;ENSG00000118514
prerank,REACTOME_MAPK3_ERK1_ACTIVATION,-0.32549139621561796,-0.7854932296829329,0.7693496277567075,0.9256921912864547,1.0,7/10,34.83%,ENSG00000170312;ENSG00000102882;ENSG00000179295;ENSG00000136244;ENSG00000096968;ENSG00000134352;ENSG00000105397
prerank,REACTOME_RNA_POLYMERASE_III_TRANSCRIPTION_INITIATION_FROM_TYPE_3_PROMOTER,-0.25223699552394147,-0.7864840440355135,0.7856210855949896,0.9257217861049859,1.0,8/28,22.61%,ENSG00000100142;ENSG00000147669;ENSG00000023608;ENSG00000121851;ENSG00000164975;ENSG00000161980;ENSG00000072135;ENSG00000104976
prerank,REACTOME_ADP_SIGNALLING_THROUGH_P2Y_PURINOCEPTOR_1,-0.2517562563413907,-0.7641084979970025,0.8083399105498553,0.925791929465744,1.0,11/24,35.69%,ENSG00000172354;ENSG00000197122;ENSG00000127920;ENSG00000111664;ENSG00000127588;ENSG00000112062;ENSG00000088256;ENSG00000069966;ENSG00000114450;ENSG00000116711;ENSG00000176533
prerank,REACTOME_NOTCH4_ACTIVATION_AND_TRANSMISSION_OF_SIGNAL_TO_THE_NUCLEUS,-0.318273015213104,-0.7884704204876102,0.7698668535388928,0.9257970608550453,1.0,6/11,28.86%,ENSG00000205155;ENSG00000138613;ENSG00000162736;ENSG00000117362;ENSG00000128917;ENSG00000143801
prerank,REACTOME_ESTROGEN_DEPENDENT_GENE_EXPRESSION,-0.2009375259778584,-0.7991491210043011,0.8449612403100775,0.9263448613336402,1.0,53/107,42.81%,ENSG00000146047;ENSG00000119927;ENSG00000100142;ENSG00000155363;ENSG00000005075;ENSG00000168002;ENSG00000164754;ENSG00000147669;ENSG00000140307;ENSG00000105968;ENSG00000072501;ENSG00000105258;ENSG00000168301;ENSG00000188486;ENSG00000246705;ENSG00000196890;ENSG00000159216;ENSG00000197903;ENSG00000115966;ENSG00000105698;ENSG00000180573;ENSG00000180596;ENSG00000134698;ENSG00000108055;ENSG00000102978;ENSG00000108654;ENSG00000124635;ENSG00000197409;ENSG00000047315;ENSG00000184678;ENSG00000067955;ENSG00000180530;ENSG00000101972;ENSG00000188342;ENSG00000163882;ENSG00000158406;ENSG00000178568;ENSG00000172977;ENSG00000184260;ENSG00000100811;ENSG00000153922;ENSG00000100354;ENSG00000158373;ENSG00000103126;ENSG00000110958;ENSG00000125651;ENSG00000158773;ENSG00000110092;ENSG00000165417;ENSG00000114166;ENSG00000090905;ENSG00000132475;ENSG00000197837
prerank,REACTOME_RNA_POLYMERASE_II_TRANSCRIPTION_TERMINATION,-0.2135461723793571,-0.7869173384182893,0.8338561776061776,0.9265978690883376,1.0,42/66,44.12%,ENSG00000167005;ENSG00000205323;ENSG00000090060;ENSG00000119203;ENSG00000163950;ENSG00000181817;ENSG00000160201;ENSG00000143977;ENSG00000125835;ENSG00000183684;ENSG00000111196;ENSG00000063244;ENSG00000176102;ENSG00000164609;ENSG00000123136;ENSG00000139343;ENSG00000100650;ENSG00000100028;ENSG00000205937;ENSG00000102021;ENSG00000058673;ENSG00000131652;ENSG00000141543;ENSG00000116754;ENSG00000115875;ENSG00000101811;ENSG00000112081;ENSG00000149532;ENSG00000071894;ENSG00000145216;ENSG00000133226;ENSG00000116350;ENSG00000162385;ENSG00000125676;ENSG00000182004;ENSG00000160679;ENSG00000161547;ENSG00000155858;ENSG00000140829;ENSG00000122068;ENSG00000100227;ENSG00000051596
prerank,REACTOME_SIGNALING_BY_CTNNB1_PHOSPHO_SITE_MUTANTS,-0.28281744754111576,-0.760630654103474,0.8005260243632336,0.92889437765429,1.0,10/15,43.45%,ENSG00000104695;ENSG00000112640;ENSG00000134982;ENSG00000168036;ENSG00000113712;ENSG00000068971;ENSG00000078304;ENSG00000113575;ENSG00000103126;ENSG00000066027
prerank,REACTOME_TFAP2_AP_2_FAMILY_REGULATES_TRANSCRIPTION_OF_GROWTH_FACTORS_AND_THEIR_RECEPTORS,0.23993301173514975,0.6953331801829534,0.8764624913971094,0.9305798836395522,1.0,3/12,10.43%,ENSG00000112715;ENSG00000157404;ENSG00000008196
prerank,REACTOME_PI3K_EVENTS_IN_ERBB4_SIGNALING,0.2559872306112514,0.6963470548452346,0.8706365503080082,0.9310002315102005,1.0,3/10,11.69%,ENSG00000185737;ENSG00000169752;ENSG00000157168
prerank,REACTOME_INSULIN_RECEPTOR_SIGNALLING_CASCADE,-0.214076714197929,-0.755465250414803,0.8506445215666832,0.9340420238567169,1.0,21/49,34.84%,ENSG00000113578;ENSG00000090554;ENSG00000102882;ENSG00000186895;ENSG00000101255;ENSG00000179295;ENSG00000068078;ENSG00000078142;ENSG00000100030;ENSG00000166225;ENSG00000160867;ENSG00000133703;ENSG00000160691;ENSG00000213281;ENSG00000105647;ENSG00000033327;ENSG00000121879;ENSG00000105221;ENSG00000070388;ENSG00000134962;ENSG00000239732
prerank,REACTOME_ACTIVATION_OF_KAINATE_RECEPTORS_UPON_GLUTAMATE_BINDING,-0.2399724991002621,-0.7520796752236628,0.8338720103425986,0.935355091904706,1.0,12/28,29.53%,ENSG00000126787;ENSG00000172354;ENSG00000127920;ENSG00000104490;ENSG00000111664;ENSG00000127588;ENSG00000082458;ENSG00000132535;ENSG00000198668;ENSG00000069966;ENSG00000163873;ENSG00000114450
prerank,REACTOME_INTRA_GOLGI_TRAFFIC,-0.2173088225390345,-0.7496519558719614,0.85481444332999,0.93544526915843,1.0,22/44,39.06%,ENSG00000172780;ENSG00000187627;ENSG00000106636;ENSG00000108433;ENSG00000162236;ENSG00000066455;ENSG00000136152;ENSG00000107036;ENSG00000213380;ENSG00000196547;ENSG00000136631;ENSG00000151532;ENSG00000172007;ENSG00000137502;ENSG00000134265;ENSG00000008256;ENSG00000168434;ENSG00000100055;ENSG00000173905;ENSG00000135775;ENSG00000198162;ENSG00000124222
prerank,REACTOME_INTRAFLAGELLAR_TRANSPORT,-0.20851321933277445,-0.744544835856696,0.8729010908199534,0.9358637705556498,1.0,21/54,34.49%,ENSG00000119650;ENSG00000101162;ENSG00000128581;ENSG00000119333;ENSG00000137267;ENSG00000213123;ENSG00000075945;ENSG00000138002;ENSG00000103351;ENSG00000075886;ENSG00000176014;ENSG00000101052;ENSG00000088986;ENSG00000157796;ENSG00000137285;ENSG00000118096;ENSG00000123607;ENSG00000101350;ENSG00000204104;ENSG00000187240;ENSG00000109083
prerank,REACTOME_SIGNALING_BY_BMP,-0.23874600030052023,-0.7527438321903566,0.8290520276437606,0.9359865766473977,1.0,10/29,32.04%,ENSG00000122641;ENSG00000163430;ENSG00000069702;ENSG00000108854;ENSG00000123999;ENSG00000104899;ENSG00000141646;ENSG00000072401;ENSG00000170365;ENSG00000198742
prerank,REACTOME_SYNTHESIS_OF_PC,-0.24511099829112973,-0.7501718560217556,0.8244855157949927,0.9362639631702051,1.0,6/26,13.64%,ENSG00000134324;ENSG00000143036;ENSG00000133027;ENSG00000087085;ENSG00000153395;ENSG00000134255
prerank,REACTOME_STAT5_ACTIVATION_DOWNSTREAM_OF_FLT3_ITD_MUTANTS,-0.30716057950985065,-0.7428962996384804,0.8260869565217391,0.9363715792223184,1.0,6/10,30.07%,ENSG00000179295;ENSG00000173757;ENSG00000126561;ENSG00000171552;ENSG00000137193;ENSG00000033327
prerank,REACTOME_SYNTHESIS_OF_PA,-0.22460350027018533,-0.7476581919429617,0.8459847407215828,0.9364512948003303,1.0,17/37,34.03%,ENSG00000119927;ENSG00000129219;ENSG00000153246;ENSG00000180488;ENSG00000130175;ENSG00000123739;ENSG00000153395;ENSG00000167588;ENSG00000243708;ENSG00000148343;ENSG00000160216;ENSG00000169692;ENSG00000116906;ENSG00000116711;ENSG00000204310;ENSG00000127472;ENSG00000069764
prerank,REACTOME_REGULATION_OF_PTEN_GENE_TRANSCRIPTION,-0.20271134397736967,-0.7446568876227997,0.8818093385214008,0.9371808375079437,1.0,38/60,48.34%,ENSG00000167965;ENSG00000149357;ENSG00000188186;ENSG00000178691;ENSG00000102882;ENSG00000084093;ENSG00000170004;ENSG00000134248;ENSG00000115966;ENSG00000106462;ENSG00000100030;ENSG00000109270;ENSG00000071655;ENSG00000204227;ENSG00000149480;ENSG00000116954;ENSG00000167491;ENSG00000121481;ENSG00000057935;ENSG00000116586;ENSG00000074266;ENSG00000134686;ENSG00000141510;ENSG00000162521;ENSG00000196591;ENSG00000179632;ENSG00000155876;ENSG00000108840;ENSG00000173889;ENSG00000124216;ENSG00000102054;ENSG00000168283;ENSG00000182979;ENSG00000111676;ENSG00000141570;ENSG00000177058;ENSG00000171862;ENSG00000061273
prerank,REACTOME_BETA_CATENIN_PHOSPHORYLATION_CASCADE,-0.26873808528658816,-0.7455190573684569,0.8162844981463683,0.9375836504079693,1.0,10/17,43.45%,ENSG00000104695;ENSG00000112640;ENSG00000134982;ENSG00000168036;ENSG00000113712;ENSG00000068971;ENSG00000078304;ENSG00000113575;ENSG00000103126;ENSG00000066027
prerank,REACTOME_TRANSLATION_OF_REPLICASE_AND_ASSEMBLY_OF_THE_REPLICATION_TRANSCRIPTION_COMPLEX,-0.2801013727910428,-0.7391292688096758,0.8247478877078223,0.9393478976495716,1.0,9/14,47.30%,ENSG00000147457;ENSG00000254505;ENSG00000078142;ENSG00000176108;ENSG00000164695;ENSG00000101421;ENSG00000196455;ENSG00000140941;ENSG00000126581
prerank,REACTOME_INTERLEUKIN_15_SIGNALING,-0.27746782292913985,-0.7318438132202758,0.8294466675865876,0.9462431030867353,1.0,7/14,30.07%,ENSG00000100385;ENSG00000173757;ENSG00000126561;ENSG00000100485;ENSG00000147168;ENSG00000160691;ENSG00000033327
prerank,REACTOME_PREGNENOLONE_BIOSYNTHESIS,-0.285970770906413,-0.7260908828835612,0.8358628442945475,0.9497010844213742,1.0,8/12,44.07%,ENSG00000267673;ENSG00000100300;ENSG00000010270;ENSG00000131748;ENSG00000161513;ENSG00000147465;ENSG00000140459;ENSG00000005379
prerank,REACTOME_SLC_TRANSPORTER_DISORDERS,-0.18538531963376437,-0.7271074592675988,0.9223797350685569,0.9500643793672909,1.0,17/95,13.47%,ENSG00000112077;ENSG00000080493;ENSG00000004939;ENSG00000131183;ENSG00000155380;ENSG00000058804;ENSG00000102100;ENSG00000166148;ENSG00000169359;ENSG00000157020;ENSG00000103546;ENSG00000182255;ENSG00000139496;ENSG00000089472;ENSG00000075188;ENSG00000168067;ENSG00000138449
prerank,REACTOME_TP53_REGULATES_TRANSCRIPTION_OF_SEVERAL_ADDITIONAL_CELL_DEATH_GENES_WHOSE_SPECIFIC_ROLES_IN_P53_DEPENDENT_APOPTOSIS_REMAIN_UNCERTAIN,-0.2745972787562937,-0.7229800488279827,0.8413888888888889,0.9501191479464205,1.0,2/14,2.23%,ENSG00000089685;ENSG00000115129
prerank,REACTOME_REGULATION_OF_FZD_BY_UBIQUITINATION,-0.24678925244093455,-0.7243456334353596,0.846959056578773,0.950122495062859,1.0,5/21,18.46%,ENSG00000138592;ENSG00000143947;ENSG00000221983;ENSG00000154342;ENSG00000108375
prerank,REACTOME_SIGNALING_BY_TYPE_1_INSULIN_LIKE_GROWTH_FACTOR_1_RECEPTOR_IGF1R,-0.20401279375046888,-0.7206191802669184,0.8927417350236142,0.9511745236899353,1.0,20/49,34.84%,ENSG00000113578;ENSG00000090554;ENSG00000186895;ENSG00000101255;ENSG00000179295;ENSG00000068078;ENSG00000078142;ENSG00000166225;ENSG00000160867;ENSG00000133703;ENSG00000160691;ENSG00000213281;ENSG00000133124;ENSG00000105647;ENSG00000033327;ENSG00000121879;ENSG00000105221;ENSG00000070388;ENSG00000134962;ENSG00000239732
prerank,REACTOME_DEVELOPMENTAL_LINEAGE_OF_PANCREATIC_ACINAR_CELLS,-0.22640972767997047,-0.7182215651015735,0.8678827361563518,0.9522452731318891,1.0,7/30,20.07%,ENSG00000136574;ENSG00000169856;ENSG00000170835;ENSG00000180535;ENSG00000175535;ENSG00000141086;ENSG00000103375
prerank,REACTOME_REACTIONS_SPECIFIC_TO_THE_COMPLEX_N_GLYCAN_SYNTHESIS_PATHWAY,-0.2943511909876688,-0.7102231396803681,0.8568825343425848,0.9531030833687333,1.0,2/10,12.03%,ENSG00000033170;ENSG00000104826
prerank,REACTOME_FERTILIZATION,-0.23212823623106238,-0.7115441980885454,0.8673169428113309,0.9532391250722276,1.0,7/25,27.54%,ENSG00000182264;ENSG00000166762;ENSG00000122986;ENSG00000134007;ENSG00000106304;ENSG00000188782;ENSG00000139985
prerank,REACTOME_FGFRL1_MODULATION_OF_FGFR1_SIGNALING,0.23617091511348337,0.6631669300265416,0.9072422404566536,0.9535809805973675,1.0,3/11,8.20%,ENSG00000158815;ENSG00000075388;ENSG00000138675
prerank,REACTOME_ACTIVATION_OF_RAC1,-0.2817522376527572,-0.713800626162194,0.8541315345699831,0.9538723508029869,1.0,4/12,33.41%,ENSG00000123143;ENSG00000100485;ENSG00000169855;ENSG00000129538
prerank,REACTOME_SODIUM_CALCIUM_EXCHANGERS,-0.2866196944108054,-0.7120536713264488,0.8512096210320235,0.9541695851781944,1.0,3/11,25.30%,ENSG00000100678;ENSG00000075142;ENSG00000198668
prerank,REACTOME_ACYL_CHAIN_REMODELLING_OF_PC,-0.2310725548337742,-0.7146282799274577,0.8654073199527745,0.954481482553945,1.0,8/26,20.67%,ENSG00000153246;ENSG00000180089;ENSG00000121316;ENSG00000123739;ENSG00000153395;ENSG00000176485;ENSG00000184381;ENSG00000243708
prerank,REACTOME_THE_PHOTOTRANSDUCTION_CASCADE,-0.22365303971746656,-0.7069067173196739,0.8785817087531074,0.9548940656930592,1.0,12/29,34.90%,ENSG00000138472;ENSG00000132915;ENSG00000152465;ENSG00000185527;ENSG00000112599;ENSG00000136448;ENSG00000198668;ENSG00000069966;ENSG00000111142;ENSG00000048545;ENSG00000257365;ENSG00000198515
prerank,REACTOME_ACTIVATION_OF_SMO,-0.24944545604560397,-0.7019549197030543,0.8710863054723659,0.9552925100751334,1.0,13/18,47.89%,ENSG00000173040;ENSG00000144857;ENSG00000173020;ENSG00000164690;ENSG00000106012;ENSG00000113712;ENSG00000185920;ENSG00000072840;ENSG00000064309;ENSG00000141013;ENSG00000137486;ENSG00000131437;ENSG00000203965
prerank,REACTOME_OTHER_INTERLEUKIN_SIGNALING,-0.2348153728197663,-0.7049424097889386,0.8707393812270582,0.9553341420224054,1.0,17/23,51.90%,ENSG00000010610;ENSG00000008517;ENSG00000157368;ENSG00000076944;ENSG00000103496;ENSG00000243646;ENSG00000084652;ENSG00000166900;ENSG00000105397;ENSG00000172349;ENSG00000164305;ENSG00000115884;ENSG00000108342;ENSG00000182578;ENSG00000119535;ENSG00000185436;ENSG00000184371
prerank,REACTOME_ZBP1_DAI_MEDIATED_INDUCTION_OF_TYPE_I_IFNS,-0.24351812929201067,-0.7032127977394247,0.8749337572866984,0.9555486561000165,1.0,9/20,35.08%,ENSG00000168256;ENSG00000129465;ENSG00000164342;ENSG00000160505;ENSG00000213341;ENSG00000137275;ENSG00000126456;ENSG00000110042;ENSG00000124256
prerank,REACTOME_RSV_HOST_INTERACTIONS,-0.18212720512395836,-0.6997082378958909,0.9470051474029013,0.9559256321140983,1.0,56/84,52.67%,ENSG00000136146;ENSG00000155868;ENSG00000108590;ENSG00000107201;ENSG00000156587;ENSG00000143947;ENSG00000221983;ENSG00000196664;ENSG00000131711;ENSG00000174130;ENSG00000104938;ENSG00000112237;ENSG00000103363;ENSG00000164342;ENSG00000170458;ENSG00000159110;ENSG00000162512;ENSG00000124641;ENSG00000100387;ENSG00000133398;ENSG00000142798;ENSG00000126456;ENSG00000142166;ENSG00000063322;ENSG00000154582;ENSG00000188157;ENSG00000105397;ENSG00000164758;ENSG00000148297;ENSG00000175221;ENSG00000166266;ENSG00000130772;ENSG00000152944;ENSG00000008838;ENSG00000133997;ENSG00000138646;ENSG00000170315;ENSG00000154589;ENSG00000104973;ENSG00000105085;ENSG00000115884;ENSG00000188379;ENSG00000180182;ENSG00000121060;ENSG00000147257;ENSG00000159479;ENSG00000126581;ENSG00000187608;ENSG00000115267;ENSG00000213420;ENSG00000108510;ENSG00000166233;ENSG00000141026;ENSG00000042429;ENSG00000088888;ENSG00000132964
prerank,REACTOME_NITRIC_OXIDE_STIMULATES_GUANYLATE_CYCLASE,0.19287909831326688,0.65691675654748,0.937109375,0.9563589272672958,1.0,4/21,8.08%,ENSG00000186642;ENSG00000138669;ENSG00000160191;ENSG00000061918
prerank,REACTOME_MRNA_DECAY_BY_5_TO_3_EXORIBONUCLEASE,-0.26007946115724884,-0.690650649065483,0.8774031763722485,0.959744753121244,1.0,8/14,38.74%,ENSG00000204392;ENSG00000170860;ENSG00000164167;ENSG00000106355;ENSG00000130332;ENSG00000175324;ENSG00000172795;ENSG00000166889
prerank,REACTOME_UPTAKE_AND_FUNCTION_OF_ANTHRAX_TOXINS,-0.2813093228149223,-0.692060419523867,0.8795011909766008,0.9599632672546915,1.0,5/11,31.09%,ENSG00000140564;ENSG00000126934;ENSG00000198668;ENSG00000163297;ENSG00000065559
prerank,REACTOME_BUTYROPHILIN_BTN_FAMILY_INTERACTIONS,-0.2887669000490689,-0.692118305813621,0.8686652391149179,0.9613629827482996,1.0,3/10,23.42%,ENSG00000158125;ENSG00000026950;ENSG00000111801
prerank,REACTOME_IRS_MEDIATED_SIGNALLING,-0.19620629757587804,-0.6762126625168746,0.9243792325056434,0.9617017877775288,1.0,18/43,34.84%,ENSG00000113578;ENSG00000090554;ENSG00000186895;ENSG00000101255;ENSG00000179295;ENSG00000068078;ENSG00000078142;ENSG00000166225;ENSG00000160867;ENSG00000133703;ENSG00000213281;ENSG00000105647;ENSG00000033327;ENSG00000121879;ENSG00000105221;ENSG00000070388;ENSG00000134962;ENSG00000239732
prerank,REACTOME_FORMATION_OF_DEFINITIVE_ENDODERM,-0.2519394307706482,-0.6864262860462024,0.8840559824368825,0.9619331937679747,1.0,6/16,26.09%,ENSG00000136574;ENSG00000133937;ENSG00000168036;ENSG00000259974;ENSG00000141646;ENSG00000164736
prerank,REACTOME_ACTIVATION_OF_THE_TFAP2_AP_2_FAMILY_OF_TRANSCRIPTION_FACTORS,0.23003870555843742,0.6450501903977923,0.9187047881501894,0.9622347304176266,1.0,11/11,77.01%,ENSG00000186153;ENSG00000008196;ENSG00000179862;ENSG00000005339;ENSG00000100393;ENSG00000127337;ENSG00000125931;ENSG00000116819;ENSG00000137203;ENSG00000164442;ENSG00000087510
prerank,REACTOME_SULFUR_AMINO_ACID_METABOLISM,-0.21789509659498432,-0.6770192108225762,0.9074895615866388,0.9625038090121487,1.0,11/27,30.06%,ENSG00000137767;ENSG00000215845;ENSG00000105755;ENSG00000128311;ENSG00000139531;ENSG00000100348;ENSG00000120053;ENSG00000139631;ENSG00000183048;ENSG00000160200;ENSG00000145293
prerank,REACTOME_ACYL_CHAIN_REMODELLING_OF_PE,-0.2156748291113197,-0.677501872050241,0.9026606954689147,0.9635507667809173,1.0,8/28,20.67%,ENSG00000153246;ENSG00000100439;ENSG00000121316;ENSG00000133321;ENSG00000123739;ENSG00000176485;ENSG00000184381;ENSG00000243708
prerank,REACTOME_CLASS_C_3_METABOTROPIC_GLUTAMATE_PHEROMONE_RECEPTORS,-0.24567043054151877,-0.6788963368859078,0.8883574747198688,0.9638775171451084,1.0,2/17,5.21%,ENSG00000255837;ENSG00000168959
prerank,REACTOME_FORMATION_OF_THE_DYSTROPHIN_GLYCOPROTEIN_COMPLEX_DGC,-0.20949920603709377,-0.6793693427579778,0.9155802246030722,0.9649279315944047,1.0,13/33,34.54%,ENSG00000102385;ENSG00000173402;ENSG00000163069;ENSG00000107796;ENSG00000172164;ENSG00000101400;ENSG00000091136;ENSG00000102683;ENSG00000142798;ENSG00000127990;ENSG00000196878;ENSG00000058085;ENSG00000188157
prerank,REACTOME_RUNX3_REGULATES_P14_ARF,-0.28287442208991875,-0.6807120024097416,0.88353470075864,0.9652640343897231,1.0,5/10,32.87%,ENSG00000020633;ENSG00000159216;ENSG00000068024;ENSG00000133703;ENSG00000067955
prerank,REACTOME_PHOSPHORYLATED_BMAL1_CLOCK_ARNTL_CLOCK_ACTIVATES_EXPRESSION_OF_CORE_CLOCK_GENES,0.18272594609108456,0.6358602339675707,0.9519423307969563,0.9659983288298813,1.0,1/22,1.13%,ENSG00000134107
prerank,REACTOME_HDMS_DEMETHYLATE_HISTONES,0.17718912053335956,0.6277260000616417,0.9611133851821531,0.96884316338187,1.0,23/24,72.16%,ENSG00000089094;ENSG00000132510;ENSG00000117139;ENSG00000173120;ENSG00000172943;ENSG00000126012;ENSG00000147050;ENSG00000186280;ENSG00000127663;ENSG00000107077;ENSG00000170854;ENSG00000197724;ENSG00000165097;ENSG00000120733;ENSG00000004487;ENSG00000070495;ENSG00000197837;ENSG00000006459;ENSG00000158406;ENSG00000150347;ENSG00000197409;ENSG00000115548;ENSG00000066135
prerank,REACTOME_LAMININ_INTERACTIONS,-0.21302012148980387,-0.6647749229533776,0.9174827000913958,0.9689190265810874,1.0,16/28,47.77%,ENSG00000150093;ENSG00000138448;ENSG00000164171;ENSG00000116962;ENSG00000091136;ENSG00000134871;ENSG00000142798;ENSG00000197565;ENSG00000213949;ENSG00000196878;ENSG00000058085;ENSG00000187498;ENSG00000196569;ENSG00000114270;ENSG00000182871;ENSG00000135424
prerank,REACTOME_REGULATION_OF_TP53_ACTIVITY_THROUGH_ASSOCIATION_WITH_CO_FACTORS,-0.2414389387125933,-0.6389018349301367,0.9225225225225225,0.9715069860637755,1.0,7/14,35.26%,ENSG00000151615;ENSG00000172530;ENSG00000025293;ENSG00000073282;ENSG00000088808;ENSG00000105221;ENSG00000141510
prerank,REACTOME_REGULATION_OF_BACH1_ACTIVITY,-0.26590428365718716,-0.6567996422747567,0.9079532814238043,0.9716620952111534,1.0,7/11,38.22%,ENSG00000126756;ENSG00000143947;ENSG00000221983;ENSG00000100387;ENSG00000198517;ENSG00000170315;ENSG00000113558
prerank,REACTOME_PKMTS_METHYLATE_HISTONE_LYSINES,-0.18528504764255782,-0.6404458914057151,0.9540057492813399,0.9720304197874514,1.0,22/45,51.03%,ENSG00000178691;ENSG00000183955;ENSG00000110066;ENSG00000129691;ENSG00000106462;ENSG00000143379;ENSG00000139154;ENSG00000197409;ENSG00000147548;ENSG00000074266;ENSG00000164256;ENSG00000162521;ENSG00000158406;ENSG00000165671;ENSG00000197837;ENSG00000102054;ENSG00000133247;ENSG00000173039;ENSG00000196363;ENSG00000117222;ENSG00000118058;ENSG00000136169
prerank,REACTOME_SLC_MEDIATED_TRANSPORT_OF_ORGANIC_CATIONS,-0.2495279268719544,-0.6417134259548958,0.9196730552423901,0.9726931036401498,1.0,6/13,37.42%,ENSG00000159216;ENSG00000163393;ENSG00000197208;ENSG00000146477;ENSG00000197375;ENSG00000175003
prerank,REACTOME_DEFENSINS,-0.22943225635414036,-0.6572383496536749,0.9158764562449201,0.9727968555291704,1.0,2/19,6.71%,ENSG00000010610;ENSG00000129744
prerank,REACTOME_SCAVENGING_BY_CLASS_B_RECEPTORS,-0.2693852806382915,-0.6433185956808393,0.9190629821854398,0.9731664663788456,1.0,9/10,56.26%,ENSG00000189403;ENSG00000118137;ENSG00000135218;ENSG00000073060;ENSG00000084674;ENSG00000173432;ENSG00000179954;ENSG00000073754;ENSG00000163220
prerank,REACTOME_SIGNAL_REGULATORY_PROTEIN_FAMILY_INTERACTIONS,-0.2318694799592124,-0.6330492878643651,0.9328286304198211,0.9734030308411292,1.0,8/16,38.35%,ENSG00000197122;ENSG00000198053;ENSG00000179295;ENSG00000089012;ENSG00000082074;ENSG00000011600;ENSG00000101307;ENSG00000120899
prerank,REACTOME_MITOCHONDRIAL_UNFOLDED_PROTEIN_RESPONSE_UPRMT,-0.23330151320666043,-0.6463190992135758,0.9201147070872593,0.9741654069600915,1.0,13/17,47.44%,ENSG00000115317;ENSG00000115541;ENSG00000086061;ENSG00000169136;ENSG00000144381;ENSG00000204389;ENSG00000113013;ENSG00000142082;ENSG00000106459;ENSG00000121691;ENSG00000091831;ENSG00000204388;ENSG00000185122
prerank,REACTOME_KERATAN_SULFATE_BIOSYNTHESIS,-0.20859937596657857,-0.6505138870375188,0.9252683185371671,0.9743891948716081,1.0,11/28,42.16%,ENSG00000130958;ENSG00000157350;ENSG00000110080;ENSG00000064225;ENSG00000175040;ENSG00000106809;ENSG00000174684;ENSG00000158850;ENSG00000122863;ENSG00000158470;ENSG00000008513
prerank,REACTOME_RNA_POLYMERASE_III_CHAIN_ELONGATION,-0.22885778504969417,-0.6435523968697759,0.9201947788448532,0.9744571823257067,1.0,2/18,3.24%,ENSG00000100142;ENSG00000147669
prerank,REACTOME_ACYL_CHAIN_REMODELLING_OF_PS,-0.22026449181725757,-0.6468694949510687,0.92170532242928,0.9752638895735953,1.0,16/21,49.33%,ENSG00000021762;ENSG00000153246;ENSG00000123739;ENSG00000176485;ENSG00000243708;ENSG00000091039;ENSG00000116711;ENSG00000127472;ENSG00000069764;ENSG00000172197;ENSG00000111684;ENSG00000144837;ENSG00000144645;ENSG00000158786;ENSG00000168907;ENSG00000176454
prerank,REACTOME_ABC_TRANSPORTERS_IN_LIPID_HOMEOSTASIS,-0.2219630328836716,-0.6239286072539132,0.9346071044133477,0.975418828945379,1.0,7/18,47.48%,ENSG00000162735;ENSG00000118137;ENSG00000154262;ENSG00000034693;ENSG00000101986;ENSG00000138075;ENSG00000107331
prerank,REACTOME_DCC_MEDIATED_ATTRACTIVE_SIGNALING,-0.23676288606710388,-0.6259605958278336,0.9332137436180489,0.9758002265946095,1.0,8/14,50.09%,ENSG00000197122;ENSG00000010810;ENSG00000129538;ENSG00000150760;ENSG00000070831;ENSG00000099204;ENSG00000106299;ENSG00000173210
prerank,REACTOME_KERATAN_SULFATE_KERATIN_METABOLISM,-0.18690798143150816,-0.6169918756173361,0.9597332649397281,0.9760332898558197,1.0,15/36,42.16%,ENSG00000130958;ENSG00000157350;ENSG00000170266;ENSG00000049860;ENSG00000110080;ENSG00000064225;ENSG00000175040;ENSG00000106809;ENSG00000141012;ENSG00000174684;ENSG00000158850;ENSG00000122863;ENSG00000135677;ENSG00000158470;ENSG00000008513
prerank,REACTOME_CYP2E1_REACTIONS,-0.2549179319918114,-0.6133663898235728,0.9350776549601232,0.976314756427955,1.0,3/10,22.08%,ENSG00000138109;ENSG00000167600;ENSG00000138115
prerank,REACTOME_REGULATION_OF_GENE_EXPRESSION_IN_BETA_CELLS,-0.20879811785520808,-0.6066229078650573,0.9465875370919882,0.976497118210481,1.0,6/20,31.01%,ENSG00000168067;ENSG00000101076;ENSG00000143627;ENSG00000182759;ENSG00000135100;ENSG00000105221
prerank,REACTOME_GROWTH_HORMONE_RECEPTOR_SIGNALING,-0.20420800923057078,-0.6180603138776242,0.9450912939931199,0.9769366362117343,1.0,10/24,38.63%,ENSG00000114737;ENSG00000102882;ENSG00000173757;ENSG00000100030;ENSG00000126561;ENSG00000096968;ENSG00000120833;ENSG00000254087;ENSG00000112964;ENSG00000115415
prerank,REACTOME_TERMINATION_OF_O_GLYCAN_BIOSYNTHESIS,0.17356896563480165,0.6059167165305308,0.9669657422512234,0.9772150075457247,1.0,8/23,17.14%,ENSG00000169894;ENSG00000215182;ENSG00000145113;ENSG00000204544;ENSG00000173702;ENSG00000169876;ENSG00000205277;ENSG00000070731
prerank,REACTOME_CO_INHIBITION_BY_CTLA4,-0.20796268158176062,-0.6081880925379918,0.9468171926006529,0.9772395529747362,1.0,9/21,34.66%,ENSG00000197122;ENSG00000104695;ENSG00000179295;ENSG00000112640;ENSG00000068971;ENSG00000105221;ENSG00000010810;ENSG00000078304;ENSG00000254087
prerank,REACTOME_EICOSANOIDS,-0.23079401517807513,-0.584910784760145,0.949881993613772,0.983567247394309,1.0,2/12,17.33%,ENSG00000186526;ENSG00000186115
prerank,REACTOME_SUMOYLATION_OF_IMMUNE_RESPONSE_PROTEINS,-0.23706807541488087,-0.5714230421262152,0.9609097370291401,0.9865285282909774,1.0,6/10,46.56%,ENSG00000116030;ENSG00000131788;ENSG00000197579;ENSG00000105229;ENSG00000103275;ENSG00000173039
prerank,REACTOME_ADENYLATE_CYCLASE_INHIBITORY_PATHWAY,0.19600171134904504,0.5688629565981512,0.9701543739279588,0.9868246316686196,1.0,2/12,9.10%,ENSG00000114353;ENSG00000141404
prerank,REACTOME_INTERACTION_WITH_CUMULUS_CELLS_AND_THE_ZONA_PELLUCIDA,-0.2322249092287358,-0.5642098247838118,0.9652767895261135,0.9871776839778481,1.0,5/10,39.65%,ENSG00000134007;ENSG00000106304;ENSG00000139985;ENSG00000085465;ENSG00000188372
prerank,REACTOME_FGFR1_LIGAND_BINDING_AND_ACTIVATION,-0.20558332416256034,-0.551784674799814,0.9718174319494088,0.987536821834107,1.0,9/15,46.96%,ENSG00000113578;ENSG00000186895;ENSG00000069702;ENSG00000123159;ENSG00000070388;ENSG00000133116;ENSG00000070193;ENSG00000129682;ENSG00000102678
prerank,REACTOME_PHOSPHOLIPASE_C_MEDIATED_CASCADE_FGFR4,0.20756153472531777,0.5702632178343428,0.9609704641350211,0.9877700420271079,1.0,3/10,11.44%,ENSG00000158815;ENSG00000075388;ENSG00000078579
prerank,REACTOME_DEVELOPMENTAL_LINEAGE_OF_MAMMARY_GLAND_ALVEOLAR_CELLS,-0.20263649520139643,-0.5540591741619884,0.9717769557473627,0.9883971893379067,1.0,9/16,58.73%,ENSG00000148513;ENSG00000171345;ENSG00000185499;ENSG00000124107;ENSG00000172179;ENSG00000091831;ENSG00000170421;ENSG00000135374;ENSG00000091409
prerank,REACTOME_TRYPTOPHAN_CATABOLISM,0.17926410727113118,0.5470438336126334,0.9820659971305595,0.9893592893777564,1.0,14/14,82.08%,ENSG00000151790;ENSG00000183077;ENSG00000188676;ENSG00000131203;ENSG00000162882;ENSG00000117009;ENSG00000168003;ENSG00000153086;ENSG00000137944;ENSG00000109576;ENSG00000115919;ENSG00000103257;ENSG00000180773;ENSG00000171097
prerank,REACTOME_POU5F1_OCT4_SOX2_NANOG_ACTIVATE_GENES_RELATED_TO_PROLIFERATION,0.18774940143655247,0.5488808036429182,0.972080354102826,0.990293038482944,1.0,12/12,81.23%,ENSG00000146904;ENSG00000181449;ENSG00000103449;ENSG00000241186;ENSG00000101115;ENSG00000148200;ENSG00000168610;ENSG00000187140;ENSG00000129682;ENSG00000156925;ENSG00000121570;ENSG00000204531
prerank,REACTOME_REGULATION_OF_CDH11_GENE_TRANSCRIPTION,-0.21643418733958408,-0.519107419813192,0.9807993173090599,0.9925046227746549,1.0,6/10,42.86%,ENSG00000163909;ENSG00000169554;ENSG00000037965;ENSG00000140937;ENSG00000180828;ENSG00000124216
prerank,REACTOME_SLC_MEDIATED_TRANSPORT_OF_NEUROTRANSMITTERS,0.15262398406214855,0.5056795822945552,0.990874524714829,0.9945298158881803,1.0,6/19,17.09%,ENSG00000179520;ENSG00000182902;ENSG00000112499;ENSG00000104888;ENSG00000101438;ENSG00000163817
prerank,REACTOME_VOLTAGE_GATED_POTASSIUM_CHANNELS,-0.14305148803875406,-0.4800761582051639,0.9970970591947494,0.9957697931625153,1.0,2/38,4.27%,ENSG00000104848;ENSG00000168263
