Term,Name,NES,NOM p-val,FDR q-val,Lead_genes
REACTOME_REGULATION_OF_ORNITHINE_DECARBOXYLASE_ODC,prerank,3.395676087910734,0.0,0.0,ENSG00000130706;ENSG00000100902;ENSG00000100804;ENSG00000087191;ENSG00000181019;ENSG00000100764;ENSG00000180304;ENSG00000103035;ENSG00000175166;ENSG00000013275;ENSG00000108671;ENSG00000185627;ENSG00000173692;ENSG00000108344;ENSG00000115233;ENSG00000104904;ENSG00000041357;ENSG00000101182;ENSG00000099341;ENSG00000126067;ENSG00000165916;ENSG00000142507
REACTOME_REGULATION_OF_RUNX2_EXPRESSION_AND_ACTIVITY,prerank,2.954906095581544,0.0,0.0,ENSG00000130706;ENSG00000150991;ENSG00000100902;ENSG00000100804;ENSG00000087191;ENSG00000100764;ENSG00000103035;ENSG00000175166;ENSG00000013275;ENSG00000108671;ENSG00000185627;ENSG00000173692;ENSG00000108344;ENSG00000115233;ENSG00000041357;ENSG00000101182;ENSG00000099341;ENSG00000126067;ENSG00000165916;ENSG00000142507
REACTOME_THE_ROLE_OF_GTSE1_IN_G2_M_PROGRESSION_AFTER_G2_CHECKPOINT,prerank,2.9545939091108115,0.0,0.0,ENSG00000127824;ENSG00000130706;ENSG00000150991;ENSG00000101367;ENSG00000100902;ENSG00000100804;ENSG00000087191;ENSG00000100764;ENSG00000103035;ENSG00000175166;ENSG00000013275;ENSG00000108671;ENSG00000096384;ENSG00000185627;ENSG00000173692;ENSG00000108344;ENSG00000115233;ENSG00000080824;ENSG00000041357;ENSG00000167553;ENSG00000101182;ENSG00000099341;ENSG00000126067;ENSG00000165916;ENSG00000142507;ENSG00000123416;ENSG00000188229;ENSG00000258947
REACTOME_PROTEASOME_ASSEMBLY,prerank,2.9507025985749555,0.0,0.0,ENSG00000130706;ENSG00000159352;ENSG00000100902;ENSG00000100804;ENSG00000087191;ENSG00000100764;ENSG00000103035;ENSG00000175166;ENSG00000013275;ENSG00000108671;ENSG00000185627;ENSG00000173692;ENSG00000108344;ENSG00000115233;ENSG00000041357;ENSG00000101182;ENSG00000099341;ENSG00000126067;ENSG00000165916;ENSG00000142507
REACTOME_FORMATION_OF_PARAXIAL_MESODERM,prerank,2.9324516213150256,0.0,0.0,ENSG00000130706;ENSG00000168214;ENSG00000100902;ENSG00000100804;ENSG00000087191;ENSG00000100764;ENSG00000103035;ENSG00000175166;ENSG00000013275;ENSG00000108671;ENSG00000185627;ENSG00000173692;ENSG00000108344;ENSG00000115233;ENSG00000041357;ENSG00000101182;ENSG00000099341;ENSG00000126067;ENSG00000165916;ENSG00000142507;ENSG00000154342;ENSG00000179111;ENSG00000203877
REACTOME_REGULATION_OF_PTEN_STABILITY_AND_ACTIVITY,prerank,2.9216257638591907,0.0,0.0,ENSG00000130706;ENSG00000150991;ENSG00000100902;ENSG00000100804;ENSG00000087191;ENSG00000100764;ENSG00000103035;ENSG00000175166;ENSG00000013275;ENSG00000108671;ENSG00000185627;ENSG00000173692;ENSG00000108344;ENSG00000115233;ENSG00000204435;ENSG00000041357;ENSG00000101182;ENSG00000099341;ENSG00000126067;ENSG00000165916;ENSG00000142507
REACTOME_UCH_PROTEINASES,prerank,2.89085198927485,0.0,0.0,ENSG00000130706;ENSG00000150991;ENSG00000100902;ENSG00000100804;ENSG00000087191;ENSG00000100764;ENSG00000103035;ENSG00000175166;ENSG00000013275;ENSG00000108671;ENSG00000185627;ENSG00000173692;ENSG00000108344;ENSG00000115233;ENSG00000105329;ENSG00000075624;ENSG00000172534;ENSG00000041357;ENSG00000101182;ENSG00000099341;ENSG00000126067;ENSG00000165916;ENSG00000129559;ENSG00000142507
REACTOME_P53_DEPENDENT_G1_DNA_DAMAGE_RESPONSE,prerank,2.8737837118235197,0.0,0.0,ENSG00000130706;ENSG00000150991;ENSG00000161642;ENSG00000100902;ENSG00000100804;ENSG00000087191;ENSG00000100764;ENSG00000103035;ENSG00000175166;ENSG00000013275;ENSG00000108671;ENSG00000185627;ENSG00000173692;ENSG00000108344;ENSG00000115233;ENSG00000041357;ENSG00000101182;ENSG00000099341;ENSG00000126067;ENSG00000165916;ENSG00000142507
REACTOME_REGULATION_OF_MRNA_STABILITY_BY_PROTEINS_THAT_BIND_AU_RICH_ELEMENTS,prerank,2.860863000258816,0.0,0.0,ENSG00000130706;ENSG00000150991;ENSG00000100902;ENSG00000100804;ENSG00000082898;ENSG00000087191;ENSG00000100764;ENSG00000103035;ENSG00000175166;ENSG00000013275;ENSG00000109971;ENSG00000108671;ENSG00000185627;ENSG00000173692;ENSG00000108344;ENSG00000115233;ENSG00000166913;ENSG00000041357;ENSG00000101182;ENSG00000099341;ENSG00000114867;ENSG00000126067;ENSG00000165916;ENSG00000142507;ENSG00000140350
REACTOME_REGULATION_OF_RAS_BY_GAPS,prerank,2.8520443684866765,0.0,0.0,ENSG00000130706;ENSG00000150991;ENSG00000100902;ENSG00000100804;ENSG00000087191;ENSG00000100764;ENSG00000103035;ENSG00000175166;ENSG00000013275;ENSG00000108671;ENSG00000185627;ENSG00000174775;ENSG00000173692;ENSG00000108344;ENSG00000115233;ENSG00000041357;ENSG00000101182;ENSG00000099341;ENSG00000126067;ENSG00000165916;ENSG00000142507
REACTOME_ASYMMETRIC_LOCALIZATION_OF_PCP_PROTEINS,prerank,2.8247413806562465,0.0,0.0,ENSG00000130706;ENSG00000150991;ENSG00000100902;ENSG00000100804;ENSG00000087191;ENSG00000100764;ENSG00000103035;ENSG00000175166;ENSG00000013275;ENSG00000108671;ENSG00000185627;ENSG00000173692;ENSG00000108344;ENSG00000115233;ENSG00000041357;ENSG00000101182;ENSG00000099341;ENSG00000126067;ENSG00000165916;ENSG00000142507
REACTOME_ACTIVATION_OF_NF_KAPPAB_IN_B_CELLS,prerank,2.970949584331082,0.0,0.0,ENSG00000130706;ENSG00000150991;ENSG00000100902;ENSG00000100804;ENSG00000087191;ENSG00000100764;ENSG00000103035;ENSG00000175166;ENSG00000013275;ENSG00000108671;ENSG00000185627;ENSG00000173692;ENSG00000108344;ENSG00000115233;ENSG00000041357;ENSG00000101182;ENSG00000099341;ENSG00000126067;ENSG00000165916;ENSG00000142507
REACTOME_PCP_CE_PATHWAY,prerank,2.81620667972288,0.0,0.0,ENSG00000130706;ENSG00000067560;ENSG00000150991;ENSG00000100902;ENSG00000100804;ENSG00000087191;ENSG00000100764;ENSG00000103035;ENSG00000175166;ENSG00000013275;ENSG00000108671;ENSG00000161203;ENSG00000185627;ENSG00000173692;ENSG00000108344;ENSG00000141367;ENSG00000115233;ENSG00000041357;ENSG00000101182;ENSG00000108518;ENSG00000099341;ENSG00000126067;ENSG00000165916;ENSG00000142507;ENSG00000042753;ENSG00000111186
REACTOME_SCF_SKP2_MEDIATED_DEGRADATION_OF_P27_P21,prerank,2.8089979484048815,0.0,0.0,ENSG00000130706;ENSG00000150991;ENSG00000100902;ENSG00000100804;ENSG00000087191;ENSG00000100764;ENSG00000103035;ENSG00000175166;ENSG00000013275;ENSG00000108671;ENSG00000185627;ENSG00000173692;ENSG00000108344;ENSG00000115233;ENSG00000041357;ENSG00000101182;ENSG00000099341;ENSG00000126067;ENSG00000165916;ENSG00000142507
REACTOME_UBIQUITIN_MEDIATED_DEGRADATION_OF_PHOSPHORYLATED_CDC25A,prerank,2.780066839672528,0.0,0.0,ENSG00000130706;ENSG00000150991;ENSG00000100902;ENSG00000100804;ENSG00000087191;ENSG00000100764;ENSG00000103035;ENSG00000175166;ENSG00000013275;ENSG00000108671;ENSG00000185627;ENSG00000173692;ENSG00000108344;ENSG00000115233;ENSG00000041357;ENSG00000101182;ENSG00000099341;ENSG00000126067;ENSG00000165916;ENSG00000142507
REACTOME_GASTRULATION,prerank,2.7520177262397474,0.0,0.0,ENSG00000166949;ENSG00000130706;ENSG00000168214;ENSG00000100902;ENSG00000100804;ENSG00000087191;ENSG00000100764;ENSG00000172939;ENSG00000103035;ENSG00000175166;ENSG00000013275;ENSG00000108671;ENSG00000185627;ENSG00000173692;ENSG00000108344;ENSG00000115233;ENSG00000041357;ENSG00000101182;ENSG00000099341;ENSG00000126067;ENSG00000165916;ENSG00000142507;ENSG00000125798;ENSG00000154342;ENSG00000137203;ENSG00000164736;ENSG00000163501;ENSG00000075891;ENSG00000179111;ENSG00000164690;ENSG00000133937;ENSG00000054598;ENSG00000259974;ENSG00000163508;ENSG00000203877;ENSG00000103241;ENSG00000135903;ENSG00000075388;ENSG00000087510;ENSG00000163132;ENSG00000141448
REACTOME_SIGNALING_BY_NOTCH4,prerank,2.72878582117132,0.0,0.0,ENSG00000166949;ENSG00000130706;ENSG00000168214;ENSG00000150991;ENSG00000100902;ENSG00000100804;ENSG00000087191;ENSG00000100764;ENSG00000103035;ENSG00000175166;ENSG00000013275;ENSG00000108671;ENSG00000185627;ENSG00000173692;ENSG00000108344;ENSG00000115233;ENSG00000041357;ENSG00000137845;ENSG00000101182;ENSG00000099341;ENSG00000126067;ENSG00000165916;ENSG00000142507
REACTOME_ABC_TRANSPORTER_DISORDERS,prerank,2.713109682891945,0.0,0.0,ENSG00000130706;ENSG00000115657;ENSG00000150991;ENSG00000100902;ENSG00000100804;ENSG00000087191;ENSG00000100764;ENSG00000103035;ENSG00000175166;ENSG00000013275;ENSG00000108671;ENSG00000185627;ENSG00000173692;ENSG00000108344;ENSG00000115233;ENSG00000041357;ENSG00000101182;ENSG00000099341;ENSG00000126067;ENSG00000165916;ENSG00000142507;ENSG00000165280;ENSG00000135506
REACTOME_ORC1_REMOVAL_FROM_CHROMATIN,prerank,2.712144171842101,0.0,0.0,ENSG00000130706;ENSG00000150991;ENSG00000100902;ENSG00000100804;ENSG00000087191;ENSG00000100764;ENSG00000103035;ENSG00000175166;ENSG00000013275;ENSG00000108671;ENSG00000185627;ENSG00000173692;ENSG00000108344;ENSG00000115233;ENSG00000041357;ENSG00000101182;ENSG00000099341;ENSG00000126067;ENSG00000165916;ENSG00000142507;ENSG00000104738;ENSG00000112118
REACTOME_PROGRAMMED_CELL_DEATH,prerank,2.6831271287534593,0.0,0.0,ENSG00000128245;ENSG00000130706;ENSG00000150991;ENSG00000134308;ENSG00000136279;ENSG00000026025;ENSG00000178209;ENSG00000132589;ENSG00000100902;ENSG00000100804;ENSG00000087274;ENSG00000087191;ENSG00000100764;ENSG00000197694;ENSG00000103035;ENSG00000137312;ENSG00000185825;ENSG00000175166;ENSG00000013275;ENSG00000108671;ENSG00000170027;ENSG00000185627;ENSG00000173692;ENSG00000108344;ENSG00000115233;ENSG00000105401;ENSG00000080824;ENSG00000108953;ENSG00000166913;ENSG00000087470;ENSG00000041357;ENSG00000160789;ENSG00000101182;ENSG00000108424;ENSG00000108561;ENSG00000099341;ENSG00000130724;ENSG00000126067;ENSG00000165916;ENSG00000142507
REACTOME_CIRCADIAN_CLOCK,prerank,2.6463590576392613,0.0,0.0,ENSG00000130706;ENSG00000171720;ENSG00000150991;ENSG00000029153;ENSG00000134107;ENSG00000100902;ENSG00000100804;ENSG00000087191;ENSG00000100764;ENSG00000103035;ENSG00000213639;ENSG00000175166;ENSG00000013275;ENSG00000108671;ENSG00000185627;ENSG00000173692;ENSG00000108344;ENSG00000115233;ENSG00000204435;ENSG00000041357;ENSG00000101182;ENSG00000099341;ENSG00000126067;ENSG00000165916;ENSG00000172531;ENSG00000142507
REACTOME_HEDGEHOG_ON_STATE,prerank,2.6440272808283085,0.0,0.0,ENSG00000130706;ENSG00000150991;ENSG00000100902;ENSG00000100804;ENSG00000087191;ENSG00000088826;ENSG00000100764;ENSG00000103035;ENSG00000175166;ENSG00000013275;ENSG00000108671;ENSG00000185627;ENSG00000173692;ENSG00000108344;ENSG00000115233;ENSG00000041357;ENSG00000101182;ENSG00000099341;ENSG00000126067;ENSG00000165916;ENSG00000142507
REACTOME_EUKARYOTIC_TRANSLATION_ELONGATION,prerank,-2.168023859374404,0.0,0.0,ENSG00000105640;ENSG00000198755;ENSG00000149806;ENSG00000221983;ENSG00000115268;ENSG00000136942;ENSG00000105372;ENSG00000177600;ENSG00000089157;ENSG00000130255;ENSG00000162244;ENSG00000182899;ENSG00000109475;ENSG00000156508;ENSG00000142541;ENSG00000137818;ENSG00000172809;ENSG00000142676;ENSG00000131469;ENSG00000110700;ENSG00000167526;ENSG00000142534;ENSG00000177954;ENSG00000144713;ENSG00000114942;ENSG00000101210;ENSG00000163923;ENSG00000116251;ENSG00000063177;ENSG00000100316;ENSG00000185088;ENSG00000156482;ENSG00000140988;ENSG00000171858;ENSG00000071082;ENSG00000108298;ENSG00000143947;ENSG00000148303;ENSG00000125691;ENSG00000265681;ENSG00000165496;ENSG00000197728;ENSG00000118181;ENSG00000124614;ENSG00000161016;ENSG00000254772;ENSG00000037241;ENSG00000145592;ENSG00000149273;ENSG00000188846;ENSG00000108107;ENSG00000161970;ENSG00000105193;ENSG00000163584;ENSG00000197756;ENSG00000229117;ENSG00000198242;ENSG00000145425;ENSG00000138326;ENSG00000134419;ENSG00000170889;ENSG00000083845;ENSG00000140986;ENSG00000197958;ENSG00000171863;ENSG00000089009;ENSG00000137154
REACTOME_AMPK_INDUCED_ERAD_AND_LYSOSOME_MEDIATED_DEGRADATION_OF_PD_L1_CD274,prerank,2.8127766525034295,0.0,0.0,ENSG00000130706;ENSG00000150991;ENSG00000100902;ENSG00000100804;ENSG00000087191;ENSG00000100764;ENSG00000103035;ENSG00000175166;ENSG00000013275;ENSG00000108671;ENSG00000185627;ENSG00000173692;ENSG00000108344;ENSG00000115233;ENSG00000041357;ENSG00000101182;ENSG00000099341;ENSG00000126067;ENSG00000165916;ENSG00000142507;ENSG00000165280;ENSG00000135506
REACTOME_HOST_INTERACTIONS_OF_HIV_FACTORS,prerank,2.9872048060417873,0.0,0.0,ENSG00000213024;ENSG00000130706;ENSG00000150991;ENSG00000100902;ENSG00000100804;ENSG00000082898;ENSG00000087191;ENSG00000100401;ENSG00000094914;ENSG00000100764;ENSG00000103035;ENSG00000100280;ENSG00000175166;ENSG00000013275;ENSG00000108671;ENSG00000161203;ENSG00000185627;ENSG00000173692;ENSG00000108344;ENSG00000115233;ENSG00000137309;ENSG00000041357;ENSG00000101182;ENSG00000108424;ENSG00000196262;ENSG00000102900;ENSG00000132341;ENSG00000099341;ENSG00000126067;ENSG00000165916;ENSG00000106367;ENSG00000142507;ENSG00000175334;ENSG00000143761;ENSG00000042753
REACTOME_DEGRADATION_OF_CRY_AND_PER_PROTEINS,prerank,2.963095842549073,0.0,0.0,ENSG00000130706;ENSG00000150991;ENSG00000100902;ENSG00000100804;ENSG00000087191;ENSG00000100764;ENSG00000103035;ENSG00000175166;ENSG00000013275;ENSG00000108671;ENSG00000185627;ENSG00000173692;ENSG00000108344;ENSG00000115233;ENSG00000041357;ENSG00000101182;ENSG00000099341;ENSG00000126067;ENSG00000165916;ENSG00000142507
REACTOME_CELLULAR_RESPONSE_TO_HYPOXIA,prerank,2.993159484722364,0.0,0.0,ENSG00000130706;ENSG00000129521;ENSG00000150991;ENSG00000135766;ENSG00000100902;ENSG00000100804;ENSG00000087191;ENSG00000100764;ENSG00000107159;ENSG00000103035;ENSG00000175166;ENSG00000013275;ENSG00000108671;ENSG00000185627;ENSG00000173692;ENSG00000108344;ENSG00000115233;ENSG00000041357;ENSG00000100644;ENSG00000101182;ENSG00000099341;ENSG00000126067;ENSG00000165916;ENSG00000142507;ENSG00000112715
REACTOME_METABOLISM_OF_POLYAMINES,prerank,3.37786287010096,0.0,0.0,ENSG00000130706;ENSG00000100902;ENSG00000100804;ENSG00000087191;ENSG00000088826;ENSG00000181019;ENSG00000100764;ENSG00000180304;ENSG00000103035;ENSG00000175166;ENSG00000013275;ENSG00000108671;ENSG00000185627;ENSG00000173692;ENSG00000108344;ENSG00000115233;ENSG00000104904;ENSG00000041357;ENSG00000101182;ENSG00000099341;ENSG00000126067;ENSG00000165916;ENSG00000142507;ENSG00000102172
REACTOME_SPOP_MEDIATED_PROTEASOMAL_DEGRADATION_OF_PD_L1_CD274,prerank,3.207051640994152,0.0,0.0,ENSG00000130706;ENSG00000150991;ENSG00000100902;ENSG00000100804;ENSG00000087191;ENSG00000100764;ENSG00000103035;ENSG00000175166;ENSG00000013275;ENSG00000108671;ENSG00000170027;ENSG00000185627;ENSG00000173692;ENSG00000108344;ENSG00000115233;ENSG00000204435;ENSG00000041357;ENSG00000101182;ENSG00000099341;ENSG00000126067;ENSG00000165916;ENSG00000142507
REACTOME_AUF1_HNRNP_D0_BINDS_AND_DESTABILIZES_MRNA,prerank,3.181532805059332,0.0,0.0,ENSG00000130706;ENSG00000150991;ENSG00000100902;ENSG00000100804;ENSG00000087191;ENSG00000100764;ENSG00000103035;ENSG00000175166;ENSG00000013275;ENSG00000109971;ENSG00000108671;ENSG00000185627;ENSG00000173692;ENSG00000108344;ENSG00000115233;ENSG00000041357;ENSG00000101182;ENSG00000099341;ENSG00000114867;ENSG00000126067;ENSG00000165916;ENSG00000142507
REACTOME_REGULATION_OF_CDH1_FUNCTION,prerank,3.1662241965812576,0.0,0.0,ENSG00000130706;ENSG00000150991;ENSG00000035403;ENSG00000044115;ENSG00000100902;ENSG00000100804;ENSG00000079805;ENSG00000087191;ENSG00000100764;ENSG00000103035;ENSG00000175166;ENSG00000013275;ENSG00000108671;ENSG00000185627;ENSG00000184009;ENSG00000173692;ENSG00000108344;ENSG00000115233;ENSG00000164733;ENSG00000075624;ENSG00000041357;ENSG00000101182;ENSG00000099341;ENSG00000126067;ENSG00000165916;ENSG00000142507
REACTOME_NUCLEAR_EVENTS_MEDIATED_BY_NFE2L2,prerank,3.15644302322797,0.0,0.0,ENSG00000130706;ENSG00000150991;ENSG00000033050;ENSG00000136810;ENSG00000160211;ENSG00000138798;ENSG00000108846;ENSG00000103222;ENSG00000100902;ENSG00000100804;ENSG00000087191;ENSG00000181019;ENSG00000100764;ENSG00000103035;ENSG00000175166;ENSG00000013275;ENSG00000177156;ENSG00000108671;ENSG00000185627;ENSG00000173692;ENSG00000108344;ENSG00000115233;ENSG00000041357;ENSG00000101182;ENSG00000099341;ENSG00000104687;ENSG00000142657;ENSG00000126067;ENSG00000165916;ENSG00000142507;ENSG00000117450
REACTOME_UBIQUITIN_DEPENDENT_DEGRADATION_OF_CYCLIN_D,prerank,3.155345630399108,0.0,0.0,ENSG00000130706;ENSG00000150991;ENSG00000100902;ENSG00000100804;ENSG00000087191;ENSG00000100764;ENSG00000103035;ENSG00000175166;ENSG00000013275;ENSG00000108671;ENSG00000185627;ENSG00000173692;ENSG00000108344;ENSG00000115233;ENSG00000041357;ENSG00000101182;ENSG00000099341;ENSG00000126067;ENSG00000165916;ENSG00000142507
REACTOME_REGULATION_OF_APOPTOSIS,prerank,3.1545513409167407,0.0,0.0,ENSG00000130706;ENSG00000150991;ENSG00000100902;ENSG00000100804;ENSG00000087191;ENSG00000100764;ENSG00000103035;ENSG00000175166;ENSG00000013275;ENSG00000108671;ENSG00000185627;ENSG00000173692;ENSG00000108344;ENSG00000115233;ENSG00000041357;ENSG00000101182;ENSG00000099341;ENSG00000126067;ENSG00000165916;ENSG00000142507
REACTOME_SOMITOGENESIS,prerank,3.133123993726111,0.0,0.0,ENSG00000130706;ENSG00000168214;ENSG00000100902;ENSG00000100804;ENSG00000087191;ENSG00000100764;ENSG00000103035;ENSG00000175166;ENSG00000013275;ENSG00000108671;ENSG00000185627;ENSG00000173692;ENSG00000108344;ENSG00000115233;ENSG00000041357;ENSG00000101182;ENSG00000099341;ENSG00000126067;ENSG00000165916;ENSG00000142507
REACTOME_DEGRADATION_OF_GLI1_BY_THE_PROTEASOME,prerank,3.0768404263843925,0.0,0.0,ENSG00000130706;ENSG00000150991;ENSG00000100902;ENSG00000100804;ENSG00000087191;ENSG00000100764;ENSG00000103035;ENSG00000175166;ENSG00000013275;ENSG00000108671;ENSG00000185627;ENSG00000173692;ENSG00000108344;ENSG00000115233;ENSG00000041357;ENSG00000101182;ENSG00000099341;ENSG00000126067;ENSG00000165916;ENSG00000142507;ENSG00000072062
REACTOME_DEGRADATION_OF_DVL,prerank,2.9873557642198727,0.0,0.0,ENSG00000130706;ENSG00000150991;ENSG00000100902;ENSG00000100804;ENSG00000087191;ENSG00000100764;ENSG00000103035;ENSG00000175166;ENSG00000013275;ENSG00000108671;ENSG00000185627;ENSG00000173692;ENSG00000108344;ENSG00000115233;ENSG00000041357;ENSG00000101182;ENSG00000099341;ENSG00000126067;ENSG00000165916;ENSG00000142507
REACTOME_DEGRADATION_OF_AXIN,prerank,3.063981365637311,0.0,0.0,ENSG00000130706;ENSG00000150991;ENSG00000100902;ENSG00000100804;ENSG00000087191;ENSG00000100764;ENSG00000103035;ENSG00000175166;ENSG00000013275;ENSG00000108671;ENSG00000185627;ENSG00000173692;ENSG00000108344;ENSG00000115233;ENSG00000041357;ENSG00000101182;ENSG00000099341;ENSG00000126067;ENSG00000165916;ENSG00000142507
REACTOME_REGULATION_OF_RUNX3_EXPRESSION_AND_ACTIVITY,prerank,3.0544467970333034,0.0,0.0,ENSG00000130706;ENSG00000150991;ENSG00000100902;ENSG00000100804;ENSG00000087191;ENSG00000100764;ENSG00000103035;ENSG00000175166;ENSG00000013275;ENSG00000108671;ENSG00000185627;ENSG00000173692;ENSG00000108344;ENSG00000115233;ENSG00000105329;ENSG00000041357;ENSG00000101182;ENSG00000099341;ENSG00000126067;ENSG00000165916;ENSG00000142507
REACTOME_STABILIZATION_OF_P53,prerank,3.0658373837252944,0.0,0.0,ENSG00000130706;ENSG00000150991;ENSG00000100902;ENSG00000100804;ENSG00000087191;ENSG00000100764;ENSG00000103035;ENSG00000175166;ENSG00000013275;ENSG00000108671;ENSG00000185627;ENSG00000173692;ENSG00000108344;ENSG00000115233;ENSG00000041357;ENSG00000101182;ENSG00000099341;ENSG00000126067;ENSG00000165916;ENSG00000142507
REACTOME_NEGATIVE_REGULATION_OF_NOTCH4_SIGNALING,prerank,3.0414909012887477,0.0,0.0,ENSG00000130706;ENSG00000150991;ENSG00000100902;ENSG00000100804;ENSG00000087191;ENSG00000100764;ENSG00000103035;ENSG00000175166;ENSG00000013275;ENSG00000108671;ENSG00000185627;ENSG00000173692;ENSG00000108344;ENSG00000115233;ENSG00000041357;ENSG00000101182;ENSG00000099341;ENSG00000126067;ENSG00000165916;ENSG00000142507
REACTOME_GSK3B_MEDIATED_PROTEASOMAL_DEGRADATION_OF_PD_L1_CD274,prerank,3.002247253910592,0.0,0.0,ENSG00000130706;ENSG00000150991;ENSG00000100902;ENSG00000100804;ENSG00000087191;ENSG00000100764;ENSG00000103035;ENSG00000175166;ENSG00000013275;ENSG00000108671;ENSG00000185627;ENSG00000173692;ENSG00000108344;ENSG00000115233;ENSG00000041357;ENSG00000101182;ENSG00000099341;ENSG00000126067;ENSG00000165916;ENSG00000142507
REACTOME_HEDGEHOG_LIGAND_BIOGENESIS,prerank,3.0446843962309984,0.0,0.0,ENSG00000130706;ENSG00000150991;ENSG00000151694;ENSG00000100902;ENSG00000100804;ENSG00000087191;ENSG00000100764;ENSG00000103035;ENSG00000175166;ENSG00000013275;ENSG00000108671;ENSG00000185627;ENSG00000173692;ENSG00000108344;ENSG00000115233;ENSG00000041357;ENSG00000101182;ENSG00000099341;ENSG00000126067;ENSG00000165916;ENSG00000142507;ENSG00000165280;ENSG00000185624;ENSG00000135506;ENSG00000163501
REACTOME_DECTIN_1_MEDIATED_NONCANONICAL_NF_KB_SIGNALING,prerank,3.0125710904730925,0.0,0.0,ENSG00000130706;ENSG00000150991;ENSG00000100902;ENSG00000100804;ENSG00000087191;ENSG00000100764;ENSG00000103035;ENSG00000175166;ENSG00000013275;ENSG00000108671;ENSG00000185627;ENSG00000173692;ENSG00000108344;ENSG00000115233;ENSG00000041357;ENSG00000101182;ENSG00000099341;ENSG00000126067;ENSG00000165916;ENSG00000142507
REACTOME_VIF_MEDIATED_DEGRADATION_OF_APOBEC3G,prerank,3.015761014052573,0.0,0.0,ENSG00000130706;ENSG00000150991;ENSG00000100902;ENSG00000100804;ENSG00000087191;ENSG00000100764;ENSG00000103035;ENSG00000175166;ENSG00000013275;ENSG00000108671;ENSG00000185627;ENSG00000173692;ENSG00000108344;ENSG00000115233;ENSG00000041357;ENSG00000101182;ENSG00000099341;ENSG00000126067;ENSG00000165916;ENSG00000142507
REACTOME_DOWNSTREAM_SIGNALING_EVENTS_OF_B_CELL_RECEPTOR_BCR,prerank,3.0062178836975892,0.0,0.0,ENSG00000130706;ENSG00000150991;ENSG00000088832;ENSG00000100902;ENSG00000100804;ENSG00000087191;ENSG00000100764;ENSG00000103035;ENSG00000175166;ENSG00000013275;ENSG00000108671;ENSG00000185627;ENSG00000174775;ENSG00000173692;ENSG00000108344;ENSG00000115233;ENSG00000041357;ENSG00000101182;ENSG00000196262;ENSG00000099341;ENSG00000126067;ENSG00000165916;ENSG00000142507
REACTOME_KEAP1_NFE2L2_PATHWAY,prerank,3.018348436064588,0.0,0.0,ENSG00000130706;ENSG00000150991;ENSG00000033050;ENSG00000136810;ENSG00000160211;ENSG00000138798;ENSG00000108846;ENSG00000103222;ENSG00000100902;ENSG00000100804;ENSG00000087191;ENSG00000181019;ENSG00000100764;ENSG00000103035;ENSG00000070010;ENSG00000175166;ENSG00000013275;ENSG00000177156;ENSG00000108671;ENSG00000185627;ENSG00000173692;ENSG00000254986;ENSG00000108344;ENSG00000115233;ENSG00000204435;ENSG00000041357;ENSG00000101182;ENSG00000099341;ENSG00000104687;ENSG00000142657;ENSG00000126067;ENSG00000165916;ENSG00000142507;ENSG00000165280;ENSG00000117450
REACTOME_FBXL7_DOWN_REGULATES_AURKA_DURING_MITOTIC_ENTRY_AND_IN_EARLY_MITOSIS,prerank,3.0191664056055574,0.0,0.0,ENSG00000130706;ENSG00000150991;ENSG00000100902;ENSG00000100804;ENSG00000087191;ENSG00000100764;ENSG00000103035;ENSG00000175166;ENSG00000013275;ENSG00000108671;ENSG00000185627;ENSG00000173692;ENSG00000108344;ENSG00000115233;ENSG00000041357;ENSG00000101182;ENSG00000099341;ENSG00000126067;ENSG00000165916;ENSG00000142507
REACTOME_CROSS_PRESENTATION_OF_SOLUBLE_EXOGENOUS_ANTIGENS_ENDOSOMES,prerank,3.0219597920929613,0.0,0.0,ENSG00000130706;ENSG00000100902;ENSG00000100804;ENSG00000087191;ENSG00000100764;ENSG00000103035;ENSG00000175166;ENSG00000013275;ENSG00000108671;ENSG00000185627;ENSG00000173692;ENSG00000108344;ENSG00000115233;ENSG00000041357;ENSG00000101182;ENSG00000099341;ENSG00000126067;ENSG00000165916;ENSG00000142507
REACTOME_HH_MUTANTS_ABROGATE_LIGAND_SECRETION,prerank,3.0354783225900874,0.0,0.0,ENSG00000130706;ENSG00000150991;ENSG00000100902;ENSG00000100804;ENSG00000087191;ENSG00000100764;ENSG00000103035;ENSG00000175166;ENSG00000013275;ENSG00000108671;ENSG00000185627;ENSG00000173692;ENSG00000108344;ENSG00000115233;ENSG00000041357;ENSG00000101182;ENSG00000099341;ENSG00000126067;ENSG00000165916;ENSG00000142507;ENSG00000165280;ENSG00000135506;ENSG00000163501;ENSG00000164690
REACTOME_SCF_BETA_TRCP_MEDIATED_DEGRADATION_OF_EMI1,prerank,3.0169310719940494,0.0,0.0,ENSG00000130706;ENSG00000150991;ENSG00000100902;ENSG00000100804;ENSG00000087191;ENSG00000100764;ENSG00000103035;ENSG00000175166;ENSG00000013275;ENSG00000108671;ENSG00000185627;ENSG00000173692;ENSG00000108344;ENSG00000115233;ENSG00000041357;ENSG00000101182;ENSG00000099341;ENSG00000126067;ENSG00000165916;ENSG00000142507
REACTOME_SIGNALING_BY_THE_B_CELL_RECEPTOR_BCR,prerank,2.581481137993952,0.0,1.0882374954564334e-05,ENSG00000130706;ENSG00000150991;ENSG00000088832;ENSG00000100902;ENSG00000100804;ENSG00000087191;ENSG00000100764;ENSG00000177885;ENSG00000103035;ENSG00000241244;ENSG00000175166;ENSG00000013275;ENSG00000108671;ENSG00000185627;ENSG00000174775;ENSG00000173692;ENSG00000108344;ENSG00000115233;ENSG00000041357;ENSG00000101182;ENSG00000196262;ENSG00000099341;ENSG00000126067;ENSG00000165916;ENSG00000142507;ENSG00000242534;ENSG00000244116;ENSG00000239571;ENSG00000243290;ENSG00000240382;ENSG00000243238;ENSG00000241351;ENSG00000240864;ENSG00000131196
REACTOME_GLUCONEOGENESIS,prerank,2.582228407172301,0.0,1.1076703078752981e-05,ENSG00000109107;ENSG00000108515;ENSG00000141349;ENSG00000111669;ENSG00000074800;ENSG00000102144;ENSG00000111640;ENSG00000105220;ENSG00000111674;ENSG00000131482
REACTOME_FCERI_MEDIATED_NF_KB_ACTIVATION,prerank,2.593085495986767,0.0,1.1278097680184854e-05,ENSG00000130706;ENSG00000150991;ENSG00000100902;ENSG00000100804;ENSG00000087191;ENSG00000100764;ENSG00000103035;ENSG00000241244;ENSG00000175166;ENSG00000013275;ENSG00000108671;ENSG00000185627;ENSG00000173692;ENSG00000108344;ENSG00000115233;ENSG00000041357;ENSG00000101182;ENSG00000099341;ENSG00000126067;ENSG00000165916;ENSG00000142507;ENSG00000242534;ENSG00000244116;ENSG00000239571;ENSG00000243290;ENSG00000240382;ENSG00000243238;ENSG00000241351;ENSG00000240864
REACTOME_APOPTOSIS,prerank,2.5979639963327594,0.0,1.1486951340929018e-05,ENSG00000128245;ENSG00000130706;ENSG00000150991;ENSG00000134308;ENSG00000136279;ENSG00000026025;ENSG00000178209;ENSG00000100902;ENSG00000100804;ENSG00000087274;ENSG00000087191;ENSG00000100764;ENSG00000197694;ENSG00000103035;ENSG00000185825;ENSG00000175166;ENSG00000013275;ENSG00000108671;ENSG00000170027;ENSG00000185627;ENSG00000173692;ENSG00000108344;ENSG00000115233;ENSG00000108953;ENSG00000166913;ENSG00000087470;ENSG00000041357;ENSG00000160789;ENSG00000101182;ENSG00000108424;ENSG00000108561;ENSG00000099341;ENSG00000126067;ENSG00000165916;ENSG00000142507
REACTOME_DEGRADATION_OF_BETA_CATENIN_BY_THE_DESTRUCTION_COMPLEX,prerank,2.608127699420536,0.0,1.1703686271889944e-05,ENSG00000130706;ENSG00000116478;ENSG00000150991;ENSG00000100902;ENSG00000100804;ENSG00000087191;ENSG00000100764;ENSG00000103035;ENSG00000175166;ENSG00000013275;ENSG00000108671;ENSG00000185627;ENSG00000173692;ENSG00000108344;ENSG00000115233;ENSG00000041357;ENSG00000101182;ENSG00000099341;ENSG00000126067;ENSG00000165916;ENSG00000105568;ENSG00000142507
REACTOME_METALLOTHIONEINS_BIND_METALS,prerank,2.614941016359863,0.0,1.1928757161733981e-05,ENSG00000205358;ENSG00000125144;ENSG00000205362;ENSG00000169715;ENSG00000205364;ENSG00000125148;ENSG00000087250;ENSG00000198417
REACTOME_HEDGEHOG_OFF_STATE,prerank,2.6163403065535653,0.0,1.2162654360983667e-05,ENSG00000127824;ENSG00000130706;ENSG00000150991;ENSG00000100902;ENSG00000100804;ENSG00000087191;ENSG00000088826;ENSG00000100764;ENSG00000103035;ENSG00000175166;ENSG00000013275;ENSG00000108671;ENSG00000185627;ENSG00000087460;ENSG00000173692;ENSG00000108344;ENSG00000115233;ENSG00000041357;ENSG00000167553;ENSG00000101182;ENSG00000099341;ENSG00000126067;ENSG00000165916;ENSG00000142507;ENSG00000108946;ENSG00000123416;ENSG00000072062;ENSG00000188229;ENSG00000258947
REACTOME_DOWNSTREAM_TCR_SIGNALING,prerank,2.564261767435325,0.0,1.5007146106697586e-05,ENSG00000130706;ENSG00000150991;ENSG00000100902;ENSG00000100804;ENSG00000087191;ENSG00000100764;ENSG00000103035;ENSG00000175166;ENSG00000013275;ENSG00000108671;ENSG00000185627;ENSG00000173692;ENSG00000108344;ENSG00000115233;ENSG00000041357;ENSG00000101182;ENSG00000099341;ENSG00000126067;ENSG00000165916;ENSG00000142507
REACTOME_CDK_MEDIATED_PHOSPHORYLATION_AND_REMOVAL_OF_CDC6,prerank,2.5668619256312586,0.0,1.5253164895331975e-05,ENSG00000130706;ENSG00000150991;ENSG00000100902;ENSG00000100804;ENSG00000087191;ENSG00000100764;ENSG00000103035;ENSG00000175166;ENSG00000013275;ENSG00000108671;ENSG00000185627;ENSG00000173692;ENSG00000108344;ENSG00000115233;ENSG00000041357;ENSG00000101182;ENSG00000099341;ENSG00000126067;ENSG00000165916;ENSG00000142507
REACTOME_CELLULAR_RESPONSE_TO_CHEMICAL_STRESS,prerank,2.571283159699331,0.0,1.5507384310254175e-05,ENSG00000130706;ENSG00000171720;ENSG00000169375;ENSG00000150991;ENSG00000033050;ENSG00000136810;ENSG00000160211;ENSG00000138798;ENSG00000165672;ENSG00000108846;ENSG00000103222;ENSG00000100902;ENSG00000100804;ENSG00000087191;ENSG00000181019;ENSG00000100764;ENSG00000103035;ENSG00000070010;ENSG00000175166;ENSG00000013275;ENSG00000177156;ENSG00000108671;ENSG00000185627;ENSG00000173692;ENSG00000254986;ENSG00000108344;ENSG00000115233;ENSG00000204435;ENSG00000126432;ENSG00000041357;ENSG00000197930;ENSG00000101182;ENSG00000178741;ENSG00000084207;ENSG00000099341;ENSG00000104687;ENSG00000142657;ENSG00000126067;ENSG00000126267;ENSG00000165916;ENSG00000142507;ENSG00000165280;ENSG00000185624;ENSG00000117450;ENSG00000167815
REACTOME_G1_S_DNA_DAMAGE_CHECKPOINTS,prerank,2.5734161495571333,0.0,1.5770221332461873e-05,ENSG00000130706;ENSG00000150991;ENSG00000161642;ENSG00000100902;ENSG00000100804;ENSG00000087191;ENSG00000100764;ENSG00000103035;ENSG00000175166;ENSG00000013275;ENSG00000108671;ENSG00000185627;ENSG00000173692;ENSG00000108344;ENSG00000115233;ENSG00000041357;ENSG00000101182;ENSG00000099341;ENSG00000126067;ENSG00000165916;ENSG00000142507
REACTOME_REGULATION_OF_PD_L1_CD274_POST_TRANSLATIONAL_MODIFICATION,prerank,2.575502603618163,0.0,1.6042121700262938e-05,ENSG00000130706;ENSG00000150991;ENSG00000100902;ENSG00000100804;ENSG00000087191;ENSG00000100764;ENSG00000103035;ENSG00000175166;ENSG00000013275;ENSG00000108671;ENSG00000170027;ENSG00000185627;ENSG00000173692;ENSG00000108344;ENSG00000115233;ENSG00000204435;ENSG00000041357;ENSG00000101182;ENSG00000099341;ENSG00000126067;ENSG00000165916;ENSG00000142507;ENSG00000165280;ENSG00000118705;ENSG00000244038;ENSG00000135506;ENSG00000163902
REACTOME_HIV_INFECTION,prerank,2.5525916832868547,0.0,1.938423038781772e-05,ENSG00000213024;ENSG00000130706;ENSG00000150991;ENSG00000149136;ENSG00000100902;ENSG00000100804;ENSG00000082898;ENSG00000087191;ENSG00000100401;ENSG00000094914;ENSG00000100764;ENSG00000103035;ENSG00000100280;ENSG00000175166;ENSG00000013275;ENSG00000108671;ENSG00000132612;ENSG00000161203;ENSG00000185627;ENSG00000173692;ENSG00000108344;ENSG00000196235;ENSG00000115233;ENSG00000137309;ENSG00000041357;ENSG00000092201;ENSG00000101182;ENSG00000108424;ENSG00000099817;ENSG00000196262;ENSG00000102900;ENSG00000132341;ENSG00000196419;ENSG00000177700;ENSG00000099341;ENSG00000130724;ENSG00000181222;ENSG00000126067;ENSG00000168496;ENSG00000165916;ENSG00000106367;ENSG00000142507;ENSG00000175334;ENSG00000143761;ENSG00000042753;ENSG00000079246
REACTOME_TRANSCRIPTIONAL_REGULATION_BY_RUNX3,prerank,2.5591195869762715,0.0,1.9691916584449746e-05,ENSG00000166949;ENSG00000130706;ENSG00000168214;ENSG00000150991;ENSG00000100902;ENSG00000100804;ENSG00000087191;ENSG00000100764;ENSG00000103035;ENSG00000175166;ENSG00000013275;ENSG00000108671;ENSG00000185627;ENSG00000173692;ENSG00000108344;ENSG00000115233;ENSG00000105329;ENSG00000041357;ENSG00000101182;ENSG00000099341;ENSG00000126067;ENSG00000165916;ENSG00000142507
REACTOME_MAPK6_MAPK4_SIGNALING,prerank,2.5477788194717648,0.0,2.3857514323467966e-05,ENSG00000130706;ENSG00000069956;ENSG00000150991;ENSG00000100902;ENSG00000100804;ENSG00000082898;ENSG00000087191;ENSG00000100764;ENSG00000103035;ENSG00000175166;ENSG00000013275;ENSG00000108671;ENSG00000185627;ENSG00000173692;ENSG00000108344;ENSG00000115233;ENSG00000041357;ENSG00000101182;ENSG00000099341;ENSG00000126067;ENSG00000165916;ENSG00000142507;ENSG00000072062
REACTOME_ABC_FAMILY_PROTEINS_MEDIATED_TRANSPORT,prerank,2.5372218616027906,0.0,5.169128103418058e-05,ENSG00000130706;ENSG00000115657;ENSG00000150991;ENSG00000108846;ENSG00000103222;ENSG00000100902;ENSG00000100804;ENSG00000087191;ENSG00000100764;ENSG00000103035;ENSG00000175166;ENSG00000013275;ENSG00000108671;ENSG00000185627;ENSG00000173692;ENSG00000108344;ENSG00000115233;ENSG00000041357;ENSG00000101182;ENSG00000099341;ENSG00000126067;ENSG00000165916;ENSG00000142507;ENSG00000165280;ENSG00000135506
REACTOME_MRNA_POLYADENYLATION,prerank,2.5128266507174644,0.0,6.480697920703237e-05,ENSG00000165119;ENSG00000150991;ENSG00000125755;ENSG00000189091;ENSG00000153187;ENSG00000136450;ENSG00000213639;ENSG00000109606;ENSG00000111605;ENSG00000099783;ENSG00000087365;ENSG00000087087;ENSG00000089280;ENSG00000092199;ENSG00000135829;ENSG00000099817;ENSG00000077312;ENSG00000177700;ENSG00000104824;ENSG00000181222;ENSG00000172531;ENSG00000065978;ENSG00000122566;ENSG00000145833;ENSG00000111786
REACTOME_TNFR2_NON_CANONICAL_NF_KB_PATHWAY,prerank,2.50796132591986,0.0,7.2975926165902e-05,ENSG00000130706;ENSG00000150991;ENSG00000100902;ENSG00000100804;ENSG00000087191;ENSG00000100764;ENSG00000103035;ENSG00000175166;ENSG00000013275;ENSG00000108671;ENSG00000185627;ENSG00000173692;ENSG00000108344;ENSG00000115233;ENSG00000041357;ENSG00000101182;ENSG00000099341;ENSG00000126067;ENSG00000165916;ENSG00000142507
REACTOME_RUNX1_REGULATES_TRANSCRIPTION_OF_GENES_INVOLVED_IN_DIFFERENTIATION_OF_HSCS,prerank,2.4915226855318178,0.0,8.540298605647228e-05,ENSG00000130706;ENSG00000150991;ENSG00000100902;ENSG00000100804;ENSG00000087191;ENSG00000100764;ENSG00000103035;ENSG00000175166;ENSG00000013275;ENSG00000108671;ENSG00000185627;ENSG00000173692;ENSG00000108344;ENSG00000115233;ENSG00000041357;ENSG00000101182;ENSG00000099341;ENSG00000126067;ENSG00000165916;ENSG00000142507;ENSG00000162367
REACTOME_APC_C_CDH1_MEDIATED_DEGRADATION_OF_CDC20_AND_OTHER_APC_C_CDH1_TARGETED_PROTEINS_IN_LATE_MITOSIS_EARLY_G1,prerank,2.4709108566212254,0.0,0.000115197712019031,ENSG00000130706;ENSG00000150991;ENSG00000100902;ENSG00000100804;ENSG00000087191;ENSG00000100764;ENSG00000103035;ENSG00000175166;ENSG00000013275;ENSG00000108671;ENSG00000185627;ENSG00000173692;ENSG00000108344;ENSG00000115233;ENSG00000041357;ENSG00000101182;ENSG00000099341;ENSG00000126067;ENSG00000165916;ENSG00000142507;ENSG00000164611
REACTOME_TCR_SIGNALING,prerank,2.459529533577997,0.0,0.00013541659538531813,ENSG00000125753;ENSG00000130706;ENSG00000150991;ENSG00000103653;ENSG00000100902;ENSG00000100804;ENSG00000087191;ENSG00000100764;ENSG00000103035;ENSG00000175166;ENSG00000013275;ENSG00000108671;ENSG00000185627;ENSG00000173692;ENSG00000108344;ENSG00000115233;ENSG00000041357;ENSG00000101182;ENSG00000099341;ENSG00000126067;ENSG00000165916;ENSG00000142507
REACTOME_ANTIGEN_PROCESSING_CROSS_PRESENTATION,prerank,2.4339165569836614,0.0,0.00015926502805125908,ENSG00000130706;ENSG00000150991;ENSG00000100902;ENSG00000100804;ENSG00000087191;ENSG00000100764;ENSG00000103035;ENSG00000175166;ENSG00000013275;ENSG00000108671;ENSG00000185627;ENSG00000173692;ENSG00000108344;ENSG00000115233;ENSG00000082781;ENSG00000041357;ENSG00000101182;ENSG00000132432;ENSG00000099341;ENSG00000126067;ENSG00000165916;ENSG00000142507;ENSG00000179218;ENSG00000167004
REACTOME_SIGNALING_BY_HEDGEHOG,prerank,2.435610524014817,0.0,0.00015938144985539013,ENSG00000127824;ENSG00000130706;ENSG00000150991;ENSG00000151694;ENSG00000100902;ENSG00000100804;ENSG00000087191;ENSG00000088826;ENSG00000100764;ENSG00000103035;ENSG00000175166;ENSG00000013275;ENSG00000108671;ENSG00000185627;ENSG00000087460;ENSG00000173692;ENSG00000108344;ENSG00000115233;ENSG00000041357;ENSG00000167553;ENSG00000101182;ENSG00000099341;ENSG00000126067;ENSG00000165916;ENSG00000142507;ENSG00000108946;ENSG00000165280;ENSG00000123416;ENSG00000072062;ENSG00000188229;ENSG00000185624;ENSG00000258947;ENSG00000135506;ENSG00000129467;ENSG00000163501
REACTOME_UB_SPECIFIC_PROCESSING_PROTEASES,prerank,2.434164292321794,0.0,0.00016144674076429006,ENSG00000166949;ENSG00000130706;ENSG00000167770;ENSG00000150991;ENSG00000100902;ENSG00000100804;ENSG00000078668;ENSG00000185359;ENSG00000087191;ENSG00000100764;ENSG00000103035;ENSG00000070010;ENSG00000105701;ENSG00000175166;ENSG00000013275;ENSG00000108671;ENSG00000185627;ENSG00000173692;ENSG00000108344;ENSG00000171148;ENSG00000115233;ENSG00000041357;ENSG00000100644;ENSG00000101182;ENSG00000124422;ENSG00000099341;ENSG00000111667;ENSG00000213585;ENSG00000126067;ENSG00000165916;ENSG00000165637;ENSG00000142507
REACTOME_CLEC7A_DECTIN_1_SIGNALING,prerank,2.4200792347554296,0.0,0.0001860886117230501,ENSG00000130706;ENSG00000150991;ENSG00000100902;ENSG00000100804;ENSG00000087191;ENSG00000100764;ENSG00000103035;ENSG00000175166;ENSG00000013275;ENSG00000108671;ENSG00000185627;ENSG00000173692;ENSG00000108344;ENSG00000115233;ENSG00000041357;ENSG00000101182;ENSG00000099341;ENSG00000126067;ENSG00000165916;ENSG00000142507
REACTOME_RHOBTB2_GTPASE_CYCLE,prerank,2.4180446831856233,0.0,0.00018772096796623473,ENSG00000138594;ENSG00000096384;ENSG00000184009;ENSG00000105401;ENSG00000092199;ENSG00000080824;ENSG00000135624;ENSG00000072110;ENSG00000146731
REACTOME_INTERLEUKIN_1_SIGNALING,prerank,2.396853397470367,0.0,0.0002416735217182469,ENSG00000130706;ENSG00000150991;ENSG00000169032;ENSG00000100902;ENSG00000100804;ENSG00000087191;ENSG00000100764;ENSG00000103035;ENSG00000175166;ENSG00000013275;ENSG00000108671;ENSG00000185627;ENSG00000173692;ENSG00000108344;ENSG00000115233;ENSG00000041357;ENSG00000184216;ENSG00000101182;ENSG00000099341;ENSG00000126067;ENSG00000165916;ENSG00000142507;ENSG00000142192
REACTOME_INHIBITION_OF_THE_PROTEOLYTIC_ACTIVITY_OF_APC_C_REQUIRED_FOR_THE_ONSET_OF_ANAPHASE_BY_MITOTIC_SPINDLE_CHECKPOINT_COMPONENTS,prerank,-2.125197850998671,0.0,0.0002451734540894319,ENSG00000175063;ENSG00000156970;ENSG00000117399;ENSG00000164109;ENSG00000094880;ENSG00000141552;ENSG00000166295;ENSG00000170142;ENSG00000108106;ENSG00000154473;ENSG00000004897;ENSG00000164162;ENSG00000072401
REACTOME_RHOBTB_GTPASE_CYCLE,prerank,2.3895783173832847,0.0,0.0002505039003964136,ENSG00000026025;ENSG00000138594;ENSG00000096384;ENSG00000184009;ENSG00000105401;ENSG00000092199;ENSG00000080824;ENSG00000135624;ENSG00000169727;ENSG00000072110;ENSG00000146731
REACTOME_HSP90_CHAPERONE_CYCLE_FOR_STEROID_HORMONE_RECEPTORS_SHR_IN_THE_PRESENCE_OF_LIGAND,prerank,2.3872444451624912,0.0,0.00025518480510544844,ENSG00000077549;ENSG00000127824;ENSG00000197102;ENSG00000175203;ENSG00000004478;ENSG00000109971;ENSG00000096384;ENSG00000168439;ENSG00000080824;ENSG00000138107;ENSG00000198898;ENSG00000167553;ENSG00000204843;ENSG00000123416;ENSG00000188229;ENSG00000258947
REACTOME_POLO_LIKE_KINASE_MEDIATED_EVENTS,prerank,-2.0884181988501656,0.0,0.0002819494722028467,ENSG00000166851;ENSG00000134057;ENSG00000189308;ENSG00000101057;ENSG00000164045;ENSG00000166483;ENSG00000117724;ENSG00000158402;ENSG00000183814;ENSG00000127564;ENSG00000157456
REACTOME_RHO_GTPASES_ACTIVATE_WASPS_AND_WAVES,prerank,2.371332653531091,0.0,0.0003101476862050835,ENSG00000213672;ENSG00000115091;ENSG00000163466;ENSG00000138071;ENSG00000177885;ENSG00000184009;ENSG00000075624;ENSG00000254999;ENSG00000130429;ENSG00000241685;ENSG00000241553
REACTOME_TRANSLOCATION_OF_SLC2A4_GLUT4_TO_THE_PLASMA_MEMBRANE,prerank,2.363689494103483,0.0,0.00032546362132632216,ENSG00000128245;ENSG00000127824;ENSG00000157483;ENSG00000134308;ENSG00000100345;ENSG00000197535;ENSG00000084733;ENSG00000170027;ENSG00000184009;ENSG00000108953;ENSG00000166913;ENSG00000075624;ENSG00000167553;ENSG00000143545;ENSG00000123416;ENSG00000188229;ENSG00000258947;ENSG00000103769
REACTOME_PHOSPHORYLATION_OF_THE_APC_C,prerank,-2.0918158757325553,0.0,0.0003371134993729689,ENSG00000166851;ENSG00000175063;ENSG00000134057;ENSG00000170312;ENSG00000094880;ENSG00000141552;ENSG00000166295;ENSG00000170142;ENSG00000108106;ENSG00000004897;ENSG00000164162;ENSG00000072401
REACTOME_APC_CDC20_MEDIATED_DEGRADATION_OF_NEK2A,prerank,-2.076499656189632,0.0,0.00034732905996002854,ENSG00000175063;ENSG00000156970;ENSG00000117399;ENSG00000117650;ENSG00000221983;ENSG00000164109;ENSG00000170315;ENSG00000094880;ENSG00000141552;ENSG00000166295;ENSG00000170142;ENSG00000108106;ENSG00000154473;ENSG00000004897;ENSG00000164162;ENSG00000072401;ENSG00000143947
REACTOME_MRNA_3_END_PROCESSING,prerank,2.345068143795352,0.0,0.00039714032989675323,ENSG00000165119;ENSG00000150991;ENSG00000125755;ENSG00000189091;ENSG00000153187;ENSG00000136450;ENSG00000213639;ENSG00000109606;ENSG00000111605;ENSG00000099783;ENSG00000087365;ENSG00000087087;ENSG00000089280;ENSG00000092199;ENSG00000135829;ENSG00000099817;ENSG00000077312;ENSG00000177700;ENSG00000104824;ENSG00000181222;ENSG00000163634;ENSG00000172531;ENSG00000065978;ENSG00000122566;ENSG00000145833;ENSG00000111786
REACTOME_MITOTIC_SPINDLE_CHECKPOINT,prerank,-2.1001480513334387,0.0,0.00040862242348238656,ENSG00000166851;ENSG00000175063;ENSG00000143228;ENSG00000115163;ENSG00000178999;ENSG00000089685;ENSG00000156970;ENSG00000134690;ENSG00000152253;ENSG00000138778;ENSG00000142945;ENSG00000080986;ENSG00000117399;ENSG00000153044;ENSG00000102384;ENSG00000137812;ENSG00000121621;ENSG00000117724;ENSG00000174442;ENSG00000161888;ENSG00000129810;ENSG00000072864;ENSG00000120334;ENSG00000166451;ENSG00000175216;ENSG00000184445;ENSG00000157020;ENSG00000149636;ENSG00000164109;ENSG00000123219;ENSG00000068971;ENSG00000154839;ENSG00000186871;ENSG00000151725;ENSG00000075188;ENSG00000094880;ENSG00000175279;ENSG00000169679;ENSG00000141552;ENSG00000040275;ENSG00000163535;ENSG00000104695;ENSG00000166295;ENSG00000170142;ENSG00000108106;ENSG00000177954;ENSG00000088986;ENSG00000154473;ENSG00000004897;ENSG00000164162;ENSG00000072401;ENSG00000113575;ENSG00000117697
REACTOME_SWITCHING_OF_ORIGINS_TO_A_POST_REPLICATIVE_STATE,prerank,2.336880926234291,0.0,0.0004371961359758406,ENSG00000130706;ENSG00000150991;ENSG00000100902;ENSG00000100804;ENSG00000087191;ENSG00000100764;ENSG00000103035;ENSG00000175166;ENSG00000013275;ENSG00000108671;ENSG00000185627;ENSG00000173692;ENSG00000108344;ENSG00000115233;ENSG00000041357;ENSG00000101182;ENSG00000099341;ENSG00000126067;ENSG00000165916;ENSG00000142507;ENSG00000104738;ENSG00000112118
REACTOME_ACTIVATION_OF_APC_C_AND_APC_C_CDC20_MEDIATED_DEGRADATION_OF_MITOTIC_PROTEINS,prerank,2.32342946019407,0.0,0.0005427584508588961,ENSG00000130706;ENSG00000150991;ENSG00000100902;ENSG00000100804;ENSG00000087191;ENSG00000100764;ENSG00000103035;ENSG00000175166;ENSG00000013275;ENSG00000108671;ENSG00000185627;ENSG00000173692;ENSG00000108344;ENSG00000115233;ENSG00000041357;ENSG00000101182;ENSG00000099341;ENSG00000126067;ENSG00000165916;ENSG00000142507;ENSG00000164611
REACTOME_DEUBIQUITINATION,prerank,2.3218877660444917,0.0,0.0005473194462442651,ENSG00000166949;ENSG00000130706;ENSG00000167770;ENSG00000067560;ENSG00000158019;ENSG00000150991;ENSG00000145901;ENSG00000100902;ENSG00000100804;ENSG00000078668;ENSG00000185359;ENSG00000087191;ENSG00000100764;ENSG00000103035;ENSG00000070010;ENSG00000105701;ENSG00000175166;ENSG00000013275;ENSG00000108671;ENSG00000185627;ENSG00000173692;ENSG00000108344;ENSG00000171148;ENSG00000115233;ENSG00000105329;ENSG00000075624;ENSG00000172534;ENSG00000041357;ENSG00000100644;ENSG00000101182;ENSG00000124422;ENSG00000099341;ENSG00000179262;ENSG00000111667;ENSG00000213585;ENSG00000126067;ENSG00000165916;ENSG00000129559;ENSG00000165637;ENSG00000142507;ENSG00000165280
REACTOME_PARASITE_INFECTION,prerank,2.306958683172027,0.0,0.0006563590568526186,ENSG00000213672;ENSG00000157483;ENSG00000115091;ENSG00000163466;ENSG00000138071;ENSG00000100345;ENSG00000177885;ENSG00000197535;ENSG00000241244;ENSG00000184009;ENSG00000075624;ENSG00000254999;ENSG00000130429;ENSG00000241685;ENSG00000242534;ENSG00000244116;ENSG00000241553;ENSG00000239571;ENSG00000243290;ENSG00000240382;ENSG00000243238;ENSG00000203747;ENSG00000241351;ENSG00000240864;ENSG00000239951;ENSG00000000938;ENSG00000211653;ENSG00000211652;ENSG00000160654
REACTOME_EPHB_MEDIATED_FORWARD_SIGNALING,prerank,2.303300708044777,0.0,0.0006808989432778269,ENSG00000067560;ENSG00000115091;ENSG00000163466;ENSG00000138071;ENSG00000184009;ENSG00000174775;ENSG00000172757;ENSG00000075624;ENSG00000130429;ENSG00000106683;ENSG00000241685;ENSG00000241553
REACTOME_GLUCOSE_METABOLISM,prerank,2.2942013967490436,0.0,0.0007471739713122466,ENSG00000213024;ENSG00000067057;ENSG00000170525;ENSG00000109107;ENSG00000114268;ENSG00000094914;ENSG00000108515;ENSG00000152556;ENSG00000141349;ENSG00000111669;ENSG00000102900;ENSG00000141959;ENSG00000074800;ENSG00000102144;ENSG00000111640;ENSG00000105568;ENSG00000105220;ENSG00000072062;ENSG00000111674;ENSG00000131482
REACTOME_RESPONSE_OF_EIF2AK4_GCN2_TO_AMINO_ACID_DEFICIENCY,prerank,-2.0309061740942975,0.0,0.0008318385049462869,ENSG00000105640;ENSG00000198755;ENSG00000149806;ENSG00000221983;ENSG00000115268;ENSG00000136942;ENSG00000105372;ENSG00000177600;ENSG00000089157;ENSG00000130255;ENSG00000162244;ENSG00000182899;ENSG00000162772;ENSG00000154059;ENSG00000109475;ENSG00000142541;ENSG00000137818;ENSG00000172809;ENSG00000142676;ENSG00000131469;ENSG00000110700;ENSG00000167526;ENSG00000142534;ENSG00000177954;ENSG00000144713;ENSG00000163923;ENSG00000116251;ENSG00000063177;ENSG00000100316;ENSG00000185088;ENSG00000153879;ENSG00000156482;ENSG00000140988;ENSG00000171858;ENSG00000071082;ENSG00000108298;ENSG00000143947;ENSG00000148303;ENSG00000125691;ENSG00000265681;ENSG00000165496;ENSG00000197728;ENSG00000118181;ENSG00000124614;ENSG00000161016;ENSG00000037241;ENSG00000145592;ENSG00000149273;ENSG00000188846;ENSG00000108107;ENSG00000125977;ENSG00000161970;ENSG00000105193;ENSG00000163584;ENSG00000197756;ENSG00000229117;ENSG00000198242;ENSG00000145425;ENSG00000101255;ENSG00000138326;ENSG00000134419;ENSG00000170889;ENSG00000083845;ENSG00000140986;ENSG00000197958;ENSG00000171863;ENSG00000089009;ENSG00000137154
REACTOME_BETA_CATENIN_INDEPENDENT_WNT_SIGNALING,prerank,2.2814314948862138,0.0,0.0008468077275037672,ENSG00000130706;ENSG00000067560;ENSG00000150991;ENSG00000149782;ENSG00000100902;ENSG00000100804;ENSG00000078369;ENSG00000087191;ENSG00000100764;ENSG00000103035;ENSG00000175166;ENSG00000013275;ENSG00000108671;ENSG00000161203;ENSG00000185627;ENSG00000173692;ENSG00000108344;ENSG00000141367;ENSG00000115233;ENSG00000041357;ENSG00000101182;ENSG00000108518;ENSG00000099341;ENSG00000126067;ENSG00000165916;ENSG00000142507;ENSG00000042753
REACTOME_PTEN_REGULATION,prerank,2.2767379643679475,0.0,0.0008511830943628403,ENSG00000130706;ENSG00000111642;ENSG00000171720;ENSG00000116478;ENSG00000150991;ENSG00000140464;ENSG00000100902;ENSG00000100804;ENSG00000087191;ENSG00000100764;ENSG00000103035;ENSG00000175166;ENSG00000013275;ENSG00000108671;ENSG00000185627;ENSG00000173692;ENSG00000108344;ENSG00000115233;ENSG00000204435;ENSG00000041357;ENSG00000101182;ENSG00000099341;ENSG00000126067;ENSG00000165916;ENSG00000142507
REACTOME_CYCLIN_A_CDK2_ASSOCIATED_EVENTS_AT_S_PHASE_ENTRY,prerank,2.2658440755338107,0.0,0.0009236266259514025,ENSG00000130706;ENSG00000150991;ENSG00000100902;ENSG00000100804;ENSG00000087191;ENSG00000100764;ENSG00000103035;ENSG00000175166;ENSG00000013275;ENSG00000108671;ENSG00000185627;ENSG00000173692;ENSG00000108344;ENSG00000115233;ENSG00000041357;ENSG00000101182;ENSG00000099341;ENSG00000126067;ENSG00000165916;ENSG00000142507
REACTOME_STAT3_NUCLEAR_EVENTS_DOWNSTREAM_OF_ALK_SIGNALING,prerank,2.2567653846291393,0.0,0.0010383205146865836,ENSG00000171720;ENSG00000116478;ENSG00000169375;ENSG00000100644
REACTOME_INTERLEUKIN_1_FAMILY_SIGNALING,prerank,2.237281953579725,0.0,0.00123725582346329,ENSG00000166949;ENSG00000130706;ENSG00000150991;ENSG00000169032;ENSG00000100902;ENSG00000100804;ENSG00000087191;ENSG00000100764;ENSG00000103035;ENSG00000175166;ENSG00000013275;ENSG00000108671;ENSG00000185627;ENSG00000173692;ENSG00000108344;ENSG00000115233;ENSG00000041357;ENSG00000184216;ENSG00000101182;ENSG00000099341;ENSG00000126067;ENSG00000165916;ENSG00000142507;ENSG00000142192
REACTOME_FC_EPSILON_RECEPTOR_FCERI_SIGNALING,prerank,2.228205060419442,0.0,0.0013164779446364714,ENSG00000130706;ENSG00000150991;ENSG00000100902;ENSG00000100804;ENSG00000087191;ENSG00000100764;ENSG00000177885;ENSG00000103035;ENSG00000241244;ENSG00000175166;ENSG00000013275;ENSG00000108671;ENSG00000185627;ENSG00000174775;ENSG00000173692;ENSG00000108344;ENSG00000115233;ENSG00000041357;ENSG00000101182;ENSG00000099341;ENSG00000126067;ENSG00000165916;ENSG00000142507;ENSG00000242534;ENSG00000244116;ENSG00000239571;ENSG00000243290;ENSG00000240382;ENSG00000243238;ENSG00000241351;ENSG00000240864;ENSG00000131196
REACTOME_FCGAMMA_RECEPTOR_FCGR_DEPENDENT_PHAGOCYTOSIS,prerank,2.225010363378563,0.0,0.0013254732694659359,ENSG00000213672;ENSG00000157483;ENSG00000115091;ENSG00000163466;ENSG00000138071;ENSG00000100345;ENSG00000177885;ENSG00000197535;ENSG00000241244;ENSG00000096384;ENSG00000184009;ENSG00000080824;ENSG00000172757;ENSG00000075624;ENSG00000254999;ENSG00000130429;ENSG00000106683;ENSG00000241685;ENSG00000242534;ENSG00000244116;ENSG00000241553;ENSG00000239571;ENSG00000171132;ENSG00000243290;ENSG00000240382;ENSG00000243238;ENSG00000203747;ENSG00000241351;ENSG00000240864
REACTOME_SARS_COV_1_TARGETS_HOST_INTRACELLULAR_SIGNALLING_AND_REGULATORY_PATHWAYS,prerank,2.2212237015967937,0.0,0.0013827417676643306,ENSG00000128245;ENSG00000166949;ENSG00000134308;ENSG00000170027;ENSG00000108953;ENSG00000166913
REACTOME_FOLDING_OF_ACTIN_BY_CCT_TRIC,prerank,2.2150309105515036,0.0011811023622047244,0.0014835930556614302,ENSG00000156261;ENSG00000075624;ENSG00000150753;ENSG00000135624;ENSG00000163468;ENSG00000146731
REACTOME_CONSTITUTIVE_SIGNALING_BY_EGFRVIII,prerank,2.209955567469391,0.0,0.001534914569484342,ENSG00000138798;ENSG00000177885;ENSG00000174775;ENSG00000105401;ENSG00000080824
REACTOME_CONVERSION_FROM_APC_C_CDC20_TO_APC_C_CDH1_IN_LATE_ANAPHASE,prerank,-1.999225838172413,0.0,0.0015553190993798337,ENSG00000175063;ENSG00000117399;ENSG00000094880;ENSG00000141552;ENSG00000079335;ENSG00000166295;ENSG00000170142;ENSG00000108106;ENSG00000004897;ENSG00000164162;ENSG00000072401
REACTOME_DENGUE_VIRUS_INFECTION,prerank,2.1954455995216593,0.0,0.0017543707502509771,ENSG00000165119;ENSG00000109519;ENSG00000150991;ENSG00000144028;ENSG00000125755;ENSG00000132792;ENSG00000140464;ENSG00000026025;ENSG00000108883;ENSG00000189091;ENSG00000082898;ENSG00000197548;ENSG00000174231;ENSG00000153187;ENSG00000070010;ENSG00000136450;ENSG00000109606;ENSG00000111605;ENSG00000124145;ENSG00000109971;ENSG00000096384;ENSG00000161203;ENSG00000115053;ENSG00000130985;ENSG00000099783;ENSG00000006712;ENSG00000087365;ENSG00000087087;ENSG00000089280;ENSG00000092199;ENSG00000080824;ENSG00000110321;ENSG00000135829;ENSG00000115677;ENSG00000108424;ENSG00000099817;ENSG00000177700;ENSG00000104824;ENSG00000114867;ENSG00000127022;ENSG00000181222;ENSG00000065978;ENSG00000165280;ENSG00000063660;ENSG00000042753;ENSG00000122566;ENSG00000185624;ENSG00000145833;ENSG00000118705;ENSG00000105438;ENSG00000179218;ENSG00000182481;ENSG00000162367;ENSG00000167004;ENSG00000244038;ENSG00000122884;ENSG00000163902;ENSG00000072682
REACTOME_APC_C_CDC20_MEDIATED_DEGRADATION_OF_CYCLIN_B,prerank,-1.9881191140432661,0.0,0.001866042400569565,ENSG00000175063;ENSG00000134057;ENSG00000117399;ENSG00000170312;ENSG00000221983;ENSG00000170315;ENSG00000094880;ENSG00000141552;ENSG00000166295;ENSG00000170142;ENSG00000108106;ENSG00000004897;ENSG00000164162;ENSG00000072401;ENSG00000143947
REACTOME_NEUTROPHIL_DEGRANULATION,prerank,2.177312552319792,0.0,0.0020779894975740594,ENSG00000131236;ENSG00000131504;ENSG00000014216;ENSG00000214078;ENSG00000170515;ENSG00000109107;ENSG00000067560;ENSG00000156261;ENSG00000035403;ENSG00000140575;ENSG00000136279;ENSG00000026508;ENSG00000059804;ENSG00000138071;ENSG00000177119;ENSG00000197102;ENSG00000100994;ENSG00000197548;ENSG00000075785;ENSG00000182718;ENSG00000197694;ENSG00000103035;ENSG00000084733;ENSG00000197746;ENSG00000175166;ENSG00000013563;ENSG00000131473;ENSG00000109971;ENSG00000108671;ENSG00000096384;ENSG00000185627;ENSG00000030582;ENSG00000173692;ENSG00000108344;ENSG00000117984;ENSG00000111144;ENSG00000115233;ENSG00000080824;ENSG00000164733;ENSG00000204435;ENSG00000196743;ENSG00000160213;ENSG00000115073;ENSG00000185883;ENSG00000064601;ENSG00000116260;ENSG00000137845;ENSG00000100243;ENSG00000110917;ENSG00000108424;ENSG00000101152;ENSG00000196262;ENSG00000103187;ENSG00000106244;ENSG00000196419;ENSG00000141959;ENSG00000084207;ENSG00000165916;ENSG00000165280;ENSG00000105220;ENSG00000140319;ENSG00000188229;ENSG00000164062;ENSG00000013364;ENSG00000079246;ENSG00000170043;ENSG00000079739;ENSG00000244038;ENSG00000135404;ENSG00000163191;ENSG00000171049;ENSG00000167613;ENSG00000234745;ENSG00000134762;ENSG00000235568
REACTOME_RESPIRATORY_SYNCYTIAL_VIRUS_RSV_GENOME_REPLICATION_TRANSCRIPTION_AND_TRANSLATION,prerank,2.1659833146662053,0.0,0.002225765748060011,ENSG00000082898;ENSG00000213639;ENSG00000109971;ENSG00000096384;ENSG00000080824;ENSG00000204435;ENSG00000108424;ENSG00000172531
REACTOME_MITOTIC_G2_G2_M_PHASES,prerank,2.1665822120985236,0.0,0.002235519956012879,ENSG00000127824;ENSG00000214517;ENSG00000130706;ENSG00000130640;ENSG00000150991;ENSG00000139289;ENSG00000101367;ENSG00000197102;ENSG00000100902;ENSG00000100804;ENSG00000082898;ENSG00000087191;ENSG00000175203;ENSG00000100764;ENSG00000103035;ENSG00000213639;ENSG00000175166;ENSG00000013275;ENSG00000108671;ENSG00000096384;ENSG00000170027;ENSG00000185627;ENSG00000173692;ENSG00000108344;ENSG00000115233;ENSG00000080824;ENSG00000108953;ENSG00000138107;ENSG00000041357;ENSG00000167553;ENSG00000101182;ENSG00000099341;ENSG00000126067;ENSG00000165916;ENSG00000105568;ENSG00000204843;ENSG00000142507;ENSG00000123416;ENSG00000072062;ENSG00000188229;ENSG00000258947;ENSG00000131462
REACTOME_C_TYPE_LECTIN_RECEPTORS_CLRS,prerank,2.152121647892427,0.0,0.0025082817729013065,ENSG00000130706;ENSG00000150991;ENSG00000100902;ENSG00000100804;ENSG00000087191;ENSG00000100764;ENSG00000103035;ENSG00000175166;ENSG00000013275;ENSG00000108671;ENSG00000185627;ENSG00000174775;ENSG00000173692;ENSG00000108344;ENSG00000115233;ENSG00000041357;ENSG00000101182;ENSG00000099341;ENSG00000126067;ENSG00000165916;ENSG00000142507;ENSG00000072062
REACTOME_EARLY_PHASE_OF_HIV_LIFE_CYCLE,prerank,2.148116031582243,0.000894054537326777,0.0025885403040962736,ENSG00000137309;ENSG00000196262;ENSG00000196419;ENSG00000168496;ENSG00000175334;ENSG00000079246
REACTOME_REGULATION_OF_HOMOTYPIC_CELL_CELL_ADHESION,prerank,2.142597200355531,0.0,0.0027174844886540647,ENSG00000130706;ENSG00000116478;ENSG00000150991;ENSG00000035403;ENSG00000044115;ENSG00000100902;ENSG00000100804;ENSG00000079805;ENSG00000087191;ENSG00000100764;ENSG00000103035;ENSG00000175166;ENSG00000013275;ENSG00000108671;ENSG00000185627;ENSG00000184009;ENSG00000173692;ENSG00000108344;ENSG00000115233;ENSG00000164733;ENSG00000204435;ENSG00000075624;ENSG00000041357;ENSG00000101182;ENSG00000099341;ENSG00000129351;ENSG00000127022;ENSG00000127616;ENSG00000126067;ENSG00000089597;ENSG00000165916;ENSG00000142507;ENSG00000118705;ENSG00000244038;ENSG00000163902;ENSG00000125798
REACTOME_RECYCLING_PATHWAY_OF_L1,prerank,2.1385044194780773,0.0,0.002794255097413724,ENSG00000127824;ENSG00000079805;ENSG00000147065;ENSG00000161203;ENSG00000092964;ENSG00000184009;ENSG00000141367;ENSG00000075624;ENSG00000167553;ENSG00000123416;ENSG00000042753;ENSG00000188229;ENSG00000258947;ENSG00000198910
REACTOME_G2_M_CHECKPOINTS,prerank,2.1231065050768665,0.0,0.003153651239169447,ENSG00000128245;ENSG00000130706;ENSG00000158019;ENSG00000150991;ENSG00000134308;ENSG00000100902;ENSG00000100804;ENSG00000087191;ENSG00000100764;ENSG00000103035;ENSG00000175166;ENSG00000013275;ENSG00000108671;ENSG00000170027;ENSG00000185627;ENSG00000173692;ENSG00000108344;ENSG00000115233;ENSG00000108953;ENSG00000166913;ENSG00000041357;ENSG00000101182;ENSG00000099341;ENSG00000126067;ENSG00000165916;ENSG00000142507;ENSG00000104738;ENSG00000132383;ENSG00000112118
REACTOME_DEFECTIVE_INTRINSIC_PATHWAY_FOR_APOPTOSIS,prerank,2.113931683008246,0.0,0.0034374701887730083,ENSG00000014216;ENSG00000108953;ENSG00000160789;ENSG00000108561;ENSG00000126247;ENSG00000117450;ENSG00000167815;ENSG00000142192;ENSG00000162909
REACTOME_APC_C_MEDIATED_DEGRADATION_OF_CELL_CYCLE_PROTEINS,prerank,2.10293319884493,0.0,0.003713236059611321,ENSG00000130706;ENSG00000150991;ENSG00000100902;ENSG00000100804;ENSG00000087191;ENSG00000100764;ENSG00000103035;ENSG00000175166;ENSG00000013275;ENSG00000108671;ENSG00000185627;ENSG00000173692;ENSG00000108344;ENSG00000115233;ENSG00000041357;ENSG00000101182;ENSG00000099341;ENSG00000126067;ENSG00000165916;ENSG00000142507;ENSG00000164611
REACTOME_FORMATION_OF_TUBULIN_FOLDING_INTERMEDIATES_BY_CCT_TRIC,prerank,2.09944981659651,0.0,0.0037978993938022495,ENSG00000127824;ENSG00000156261;ENSG00000167553;ENSG00000150753;ENSG00000135624;ENSG00000163468;ENSG00000146731;ENSG00000123416;ENSG00000188229;ENSG00000258947
REACTOME_TRANSCRIPTIONAL_REGULATION_BY_RUNX2,prerank,2.0955280056773415,0.0,0.003889419632409696,ENSG00000130706;ENSG00000171720;ENSG00000150991;ENSG00000100902;ENSG00000100804;ENSG00000087191;ENSG00000100764;ENSG00000103035;ENSG00000175166;ENSG00000013275;ENSG00000108671;ENSG00000185627;ENSG00000173692;ENSG00000108344;ENSG00000115233;ENSG00000041357;ENSG00000101182;ENSG00000099341;ENSG00000126067;ENSG00000165916;ENSG00000142507;ENSG00000164107
REACTOME_DISORDERS_OF_TRANSMEMBRANE_TRANSPORTERS,prerank,2.0926365790754566,0.0,0.00396269052642388,ENSG00000213024;ENSG00000130706;ENSG00000117394;ENSG00000115657;ENSG00000150991;ENSG00000100902;ENSG00000100804;ENSG00000087191;ENSG00000094914;ENSG00000100764;ENSG00000103035;ENSG00000175166;ENSG00000013275;ENSG00000108671;ENSG00000185627;ENSG00000173692;ENSG00000172270;ENSG00000108344;ENSG00000115233;ENSG00000041357;ENSG00000101182;ENSG00000102900;ENSG00000099341;ENSG00000126067;ENSG00000165916;ENSG00000142507;ENSG00000165280;ENSG00000135506
REACTOME_DENGUE_VIRUS_HOST_INTERACTIONS,prerank,2.0914792462442473,0.0,0.003966047845719873,ENSG00000165119;ENSG00000109519;ENSG00000144028;ENSG00000125755;ENSG00000132792;ENSG00000140464;ENSG00000026025;ENSG00000108883;ENSG00000189091;ENSG00000174231;ENSG00000153187;ENSG00000136450;ENSG00000109606;ENSG00000111605;ENSG00000124145;ENSG00000109971;ENSG00000096384;ENSG00000099783;ENSG00000006712;ENSG00000087365;ENSG00000087087;ENSG00000089280;ENSG00000092199;ENSG00000080824;ENSG00000135829;ENSG00000099817;ENSG00000177700;ENSG00000104824;ENSG00000181222;ENSG00000065978;ENSG00000063660;ENSG00000122566;ENSG00000145833;ENSG00000162367
REACTOME_MRNA_SPLICING_MINOR_PATHWAY,prerank,2.080975773087526,0.0,0.004317582263223399,ENSG00000144028;ENSG00000108883;ENSG00000189091;ENSG00000174231;ENSG00000136450;ENSG00000087365;ENSG00000099817;ENSG00000177700;ENSG00000181222;ENSG00000065978
REACTOME_SRP_DEPENDENT_COTRANSLATIONAL_PROTEIN_TARGETING_TO_MEMBRANE,prerank,-1.9336492513807415,0.0,0.004633778282290263,ENSG00000163479;ENSG00000180879;ENSG00000105640;ENSG00000118363;ENSG00000198755;ENSG00000149806;ENSG00000221983;ENSG00000143742;ENSG00000115268;ENSG00000136942;ENSG00000105372;ENSG00000124783;ENSG00000114850;ENSG00000177600;ENSG00000089157;ENSG00000130255;ENSG00000166562;ENSG00000162244;ENSG00000182899;ENSG00000114902;ENSG00000109475;ENSG00000142541;ENSG00000137818;ENSG00000172809;ENSG00000142676;ENSG00000131469;ENSG00000110700;ENSG00000167526;ENSG00000142534;ENSG00000177954;ENSG00000144713;ENSG00000129128;ENSG00000106803;ENSG00000163923;ENSG00000116251;ENSG00000063177;ENSG00000100316;ENSG00000185088;ENSG00000156482;ENSG00000140988;ENSG00000171858;ENSG00000071082;ENSG00000108298;ENSG00000144867;ENSG00000143947;ENSG00000148303;ENSG00000125691;ENSG00000265681;ENSG00000165496;ENSG00000197728;ENSG00000118181;ENSG00000124614;ENSG00000161016;ENSG00000067167;ENSG00000182934;ENSG00000037241;ENSG00000145592;ENSG00000149273;ENSG00000058262;ENSG00000188846;ENSG00000108107;ENSG00000140612;ENSG00000161970;ENSG00000105193;ENSG00000163584;ENSG00000197756;ENSG00000229117;ENSG00000198242;ENSG00000145425;ENSG00000138326;ENSG00000134419;ENSG00000170889
REACTOME_CONSTITUTIVE_SIGNALING_BY_LIGAND_RESPONSIVE_EGFR_CANCER_VARIANTS,prerank,2.071088864945755,0.0009638554216867469,0.004638730611067335,ENSG00000150991;ENSG00000138798;ENSG00000177885;ENSG00000174775;ENSG00000105401;ENSG00000080824
REACTOME_SARS_COV_2_TARGETS_HOST_INTRACELLULAR_SIGNALLING_AND_REGULATORY_PATHWAYS,prerank,2.067394041586785,0.0037799244015119695,0.004697279486798358,ENSG00000128245;ENSG00000134308;ENSG00000170027;ENSG00000108953;ENSG00000166913
REACTOME_PROCESSING_OF_CAPPED_INTRON_CONTAINING_PRE_MRNA,prerank,2.06801853352696,0.0,0.004705689032077129,ENSG00000119392;ENSG00000213024;ENSG00000165119;ENSG00000130520;ENSG00000150991;ENSG00000144028;ENSG00000125755;ENSG00000132792;ENSG00000108883;ENSG00000189091;ENSG00000104783;ENSG00000183258;ENSG00000094914;ENSG00000174231;ENSG00000153187;ENSG00000136450;ENSG00000213639;ENSG00000109606;ENSG00000111605;ENSG00000109971;ENSG00000099783;ENSG00000087365;ENSG00000087087;ENSG00000089280;ENSG00000092199;ENSG00000135829;ENSG00000099817;ENSG00000102900;ENSG00000077312;ENSG00000177700;ENSG00000104824;ENSG00000181222;ENSG00000163634;ENSG00000172531;ENSG00000065978;ENSG00000122566;ENSG00000145833
REACTOME_RIBOSOME_QUALITY_CONTROL_RQC_COMPLEX_EXTRACTS_AND_DEGRADES_NASCENT_PEPTIDE,prerank,2.0643582069127495,0.0,0.004773120323291793,ENSG00000130706;ENSG00000150991;ENSG00000163516;ENSG00000100902;ENSG00000100804;ENSG00000087191;ENSG00000100764;ENSG00000103035;ENSG00000070010;ENSG00000175166;ENSG00000013275;ENSG00000108671;ENSG00000185627;ENSG00000173692;ENSG00000108344;ENSG00000115233;ENSG00000041357;ENSG00000101182;ENSG00000099341;ENSG00000126067;ENSG00000165916;ENSG00000142507;ENSG00000165280
REACTOME_CITRIC_ACID_CYCLE_TCA_CYCLE,prerank,2.062537570939194,0.0006305170239596469,0.004832048825413654,ENSG00000166411;ENSG00000073578;ENSG00000062485;ENSG00000143252;ENSG00000067829;ENSG00000101365;ENSG00000105953;ENSG00000136143;ENSG00000100412;ENSG00000126602
REACTOME_SIGNALING_BY_MODERATE_KINASE_ACTIVITY_BRAF_MUTANTS,prerank,2.0612262357542557,0.0,0.004840888468851012,ENSG00000137076;ENSG00000169032;ENSG00000035403;ENSG00000140575;ENSG00000103653;ENSG00000184009;ENSG00000174775;ENSG00000166913;ENSG00000075624;ENSG00000167085
REACTOME_ADHERENS_JUNCTIONS_INTERACTIONS,prerank,2.052413681240158,0.0,0.0050970992691901015,ENSG00000130706;ENSG00000116478;ENSG00000150991;ENSG00000035403;ENSG00000044115;ENSG00000100902;ENSG00000100804;ENSG00000079805;ENSG00000087191;ENSG00000100764;ENSG00000103035;ENSG00000175166;ENSG00000013275;ENSG00000108671;ENSG00000185627;ENSG00000184009;ENSG00000173692;ENSG00000108344;ENSG00000115233;ENSG00000164733;ENSG00000204435;ENSG00000075624;ENSG00000041357;ENSG00000101182;ENSG00000099341;ENSG00000129351;ENSG00000127022;ENSG00000127616;ENSG00000126067;ENSG00000089597;ENSG00000165916;ENSG00000142507;ENSG00000118705;ENSG00000244038;ENSG00000163902;ENSG00000125798
REACTOME_SELECTIVE_AUTOPHAGY,prerank,2.0524929603634283,0.0,0.005136660852520555,ENSG00000127824;ENSG00000116688;ENSG00000150991;ENSG00000026025;ENSG00000197102;ENSG00000078668;ENSG00000109971;ENSG00000080824;ENSG00000204435;ENSG00000167553;ENSG00000198925;ENSG00000213585;ENSG00000116288;ENSG00000165637;ENSG00000165280;ENSG00000123416;ENSG00000105355;ENSG00000188229;ENSG00000258947
REACTOME_CELL_CELL_COMMUNICATION,prerank,2.0442298353911523,0.0,0.005222021507266987,ENSG00000166333;ENSG00000125753;ENSG00000130706;ENSG00000116478;ENSG00000150991;ENSG00000035403;ENSG00000044115;ENSG00000140575;ENSG00000178209;ENSG00000188677;ENSG00000100902;ENSG00000100804;ENSG00000079805;ENSG00000087191;ENSG00000100764;ENSG00000177885;ENSG00000197694;ENSG00000103035;ENSG00000175166;ENSG00000013275;ENSG00000108671;ENSG00000185627;ENSG00000184009;ENSG00000173692;ENSG00000108344;ENSG00000196924;ENSG00000115233;ENSG00000130402;ENSG00000164733;ENSG00000204435;ENSG00000075624;ENSG00000041357;ENSG00000177697;ENSG00000101182;ENSG00000099341;ENSG00000072110;ENSG00000129351;ENSG00000127022;ENSG00000127616;ENSG00000126067;ENSG00000089597;ENSG00000165916;ENSG00000142507;ENSG00000118705;ENSG00000244038;ENSG00000163902;ENSG00000125798;ENSG00000116218;ENSG00000137203
REACTOME_MAP2K_AND_MAPK_ACTIVATION,prerank,2.0449543529463403,0.0,0.005231319175912306,ENSG00000137076;ENSG00000169032;ENSG00000035403;ENSG00000140575;ENSG00000103653;ENSG00000184009;ENSG00000174775;ENSG00000166913;ENSG00000075624
REACTOME_COOPERATION_OF_PREFOLDIN_AND_TRIC_CCT_IN_ACTIN_AND_TUBULIN_FOLDING,prerank,2.046781845749801,0.0006265664160401002,0.005235588321890576,ENSG00000127824;ENSG00000156261;ENSG00000075624;ENSG00000167553;ENSG00000150753;ENSG00000135624;ENSG00000163468;ENSG00000146731;ENSG00000123416;ENSG00000188229;ENSG00000258947
REACTOME_CASPASE_MEDIATED_CLEAVAGE_OF_CYTOSKELETAL_PROTEINS,prerank,2.0485703710016896,0.0016927634363097758,0.005259903035965887,ENSG00000136279;ENSG00000026025;ENSG00000178209;ENSG00000087274;ENSG00000197694
REACTOME_SIGNALING_BY_ERBB2_ECD_MUTANTS,prerank,2.0478254350470317,0.0004591368227731864,0.005260004710397504,ENSG00000138798;ENSG00000177885;ENSG00000174775;ENSG00000105401;ENSG00000080824
REACTOME_DNA_REPLICATION_PRE_INITIATION,prerank,2.045200842004518,0.0,0.0052603001266594476,ENSG00000130706;ENSG00000150991;ENSG00000100902;ENSG00000100804;ENSG00000087191;ENSG00000100764;ENSG00000103035;ENSG00000175166;ENSG00000013275;ENSG00000108671;ENSG00000185627;ENSG00000173692;ENSG00000108344;ENSG00000115233;ENSG00000041357;ENSG00000101182;ENSG00000108424;ENSG00000099341;ENSG00000126067;ENSG00000165916;ENSG00000142507;ENSG00000104738;ENSG00000132383;ENSG00000112118
REACTOME_COPI_MEDIATED_ANTEROGRADE_TRANSPORT,prerank,2.0469107150523356,0.0,0.00527499184697606,ENSG00000077549;ENSG00000127824;ENSG00000103051;ENSG00000073969;ENSG00000197102;ENSG00000175203;ENSG00000197694;ENSG00000134287;ENSG00000138107;ENSG00000105669;ENSG00000198898;ENSG00000174903;ENSG00000122218;ENSG00000167553;ENSG00000204843;ENSG00000143761;ENSG00000123416;ENSG00000188229;ENSG00000105438;ENSG00000258947;ENSG00000166557;ENSG00000184840
REACTOME_EPH_EPHRIN_SIGNALING,prerank,2.040793574404023,0.0,0.005348854711321517,ENSG00000067560;ENSG00000115091;ENSG00000163466;ENSG00000138071;ENSG00000100345;ENSG00000161203;ENSG00000184009;ENSG00000174775;ENSG00000141367;ENSG00000092841;ENSG00000172757;ENSG00000075624;ENSG00000137845;ENSG00000130429;ENSG00000106683;ENSG00000241685;ENSG00000042753;ENSG00000241553;ENSG00000133392;ENSG00000070886
REACTOME_CELL_JUNCTION_ORGANIZATION,prerank,2.036654766570697,0.0,0.0054870489145906875,ENSG00000166333;ENSG00000125753;ENSG00000130706;ENSG00000116478;ENSG00000150991;ENSG00000035403;ENSG00000044115;ENSG00000178209;ENSG00000188677;ENSG00000100902;ENSG00000100804;ENSG00000079805;ENSG00000087191;ENSG00000100764;ENSG00000103035;ENSG00000175166;ENSG00000013275;ENSG00000108671;ENSG00000185627;ENSG00000184009;ENSG00000173692;ENSG00000108344;ENSG00000196924;ENSG00000115233;ENSG00000164733;ENSG00000204435;ENSG00000075624;ENSG00000041357;ENSG00000177697;ENSG00000101182;ENSG00000099341;ENSG00000072110;ENSG00000129351;ENSG00000127022;ENSG00000127616;ENSG00000126067;ENSG00000089597;ENSG00000165916;ENSG00000142507;ENSG00000118705;ENSG00000244038;ENSG00000163902;ENSG00000125798
REACTOME_MRNA_SPLICING,prerank,2.0368541297967386,0.0,0.0055121702411903475,ENSG00000165119;ENSG00000130520;ENSG00000144028;ENSG00000132792;ENSG00000108883;ENSG00000189091;ENSG00000104783;ENSG00000183258;ENSG00000174231;ENSG00000153187;ENSG00000136450;ENSG00000109606;ENSG00000109971;ENSG00000099783;ENSG00000087365;ENSG00000087087;ENSG00000089280;ENSG00000092199;ENSG00000135829;ENSG00000099817;ENSG00000077312;ENSG00000177700;ENSG00000104824;ENSG00000181222;ENSG00000065978;ENSG00000122566;ENSG00000145833
REACTOME_SIGNALING_BY_BRAF_AND_RAF1_FUSIONS,prerank,2.03723070881023,0.0,0.005535307559904467,ENSG00000137076;ENSG00000169032;ENSG00000035403;ENSG00000140575;ENSG00000103653;ENSG00000197548;ENSG00000184009;ENSG00000174775;ENSG00000197157;ENSG00000166913;ENSG00000075624;ENSG00000160789;ENSG00000138801
REACTOME_SIGNALING_BY_EGFR_IN_CANCER,prerank,2.030835354123865,0.0010465724751439038,0.005744675799709084,ENSG00000150991;ENSG00000138798;ENSG00000177885;ENSG00000174775;ENSG00000105401;ENSG00000080824
REACTOME_ABERRANT_REGULATION_OF_MITOTIC_EXIT_IN_CANCER_DUE_TO_RB1_DEFECTS,prerank,-1.907593074438219,0.0004999375078115235,0.006308108662509342,ENSG00000175063;ENSG00000126756;ENSG00000094880;ENSG00000141552;ENSG00000166295;ENSG00000170142;ENSG00000108106;ENSG00000004897;ENSG00000164162;ENSG00000072401
REACTOME_RESOLUTION_OF_SISTER_CHROMATID_COHESION,prerank,-1.911618317278947,0.0,0.006352221310498918,ENSG00000166851;ENSG00000143228;ENSG00000115163;ENSG00000178999;ENSG00000134057;ENSG00000089685;ENSG00000198033;ENSG00000156970;ENSG00000134690;ENSG00000152253;ENSG00000138778;ENSG00000142945;ENSG00000080986;ENSG00000117399;ENSG00000153044;ENSG00000146670;ENSG00000170312;ENSG00000137267;ENSG00000167552;ENSG00000102384;ENSG00000137812;ENSG00000121621;ENSG00000117724;ENSG00000174442;ENSG00000161888;ENSG00000000460;ENSG00000104833;ENSG00000129810;ENSG00000072864;ENSG00000120334;ENSG00000166451;ENSG00000175216;ENSG00000184445;ENSG00000101162;ENSG00000157020;ENSG00000149636;ENSG00000164109;ENSG00000157456;ENSG00000123219;ENSG00000068971;ENSG00000154839;ENSG00000186871;ENSG00000151725;ENSG00000075188;ENSG00000175279;ENSG00000169679;ENSG00000040275;ENSG00000163535;ENSG00000104695
REACTOME_INTERLEUKIN_12_FAMILY_SIGNALING,prerank,2.012494047198864,0.0,0.006602699630765999,ENSG00000182718;ENSG00000177156;ENSG00000147065;ENSG00000172757;ENSG00000196262;ENSG00000127022;ENSG00000148834;ENSG00000143761;ENSG00000122566;ENSG00000185624;ENSG00000162594;ENSG00000136634;ENSG00000162434
REACTOME_TRANSCRIPTIONAL_REGULATION_BY_RUNX1,prerank,2.001782205780005,0.0,0.0071288357873315516,ENSG00000130706;ENSG00000116478;ENSG00000169375;ENSG00000150991;ENSG00000140464;ENSG00000100902;ENSG00000100804;ENSG00000087191;ENSG00000100764;ENSG00000103035;ENSG00000175166;ENSG00000013275;ENSG00000108671;ENSG00000185627;ENSG00000173692;ENSG00000108344;ENSG00000115233;ENSG00000204435;ENSG00000041357;ENSG00000101182;ENSG00000126457;ENSG00000099341;ENSG00000127616;ENSG00000126067;ENSG00000165916;ENSG00000099956;ENSG00000142507;ENSG00000162367;ENSG00000141570;ENSG00000179348;ENSG00000146374
REACTOME_RESPONSE_TO_ELEVATED_PLATELET_CYTOSOLIC_CA2,prerank,1.9965420587430933,0.0,0.007407322841336009,ENSG00000127824;ENSG00000131236;ENSG00000137076;ENSG00000143369;ENSG00000158710;ENSG00000035403;ENSG00000138798;ENSG00000071127;ENSG00000197746;ENSG00000196924;ENSG00000105329;ENSG00000130402;ENSG00000172757;ENSG00000156535;ENSG00000116260;ENSG00000196262;ENSG00000108518;ENSG00000164111;ENSG00000072110;ENSG00000138430;ENSG00000142192;ENSG00000112715;ENSG00000135404;ENSG00000084234;ENSG00000102265;ENSG00000100311;ENSG00000167244;ENSG00000124491;ENSG00000113889;ENSG00000162267
REACTOME_G0_AND_EARLY_G1,prerank,-1.8930447772006327,0.0,0.0074589308532592566,ENSG00000189308;ENSG00000101057;ENSG00000145386;ENSG00000170312;ENSG00000164045;ENSG00000094804;ENSG00000123374;ENSG00000175305;ENSG00000131747;ENSG00000183814;ENSG00000132646;ENSG00000198176;ENSG00000101412;ENSG00000133740;ENSG00000080839;ENSG00000205659
REACTOME_DENGUE_VIRUS_GENOME_TRANSLATION_AND_REPLICATION,prerank,1.9942273385390588,0.0,0.007470513832939838,ENSG00000150991;ENSG00000026025;ENSG00000082898;ENSG00000070010;ENSG00000109971;ENSG00000110321;ENSG00000115677;ENSG00000108424;ENSG00000114867;ENSG00000127022;ENSG00000065978;ENSG00000165280;ENSG00000185624;ENSG00000118705;ENSG00000179218;ENSG00000182481;ENSG00000167004;ENSG00000244038;ENSG00000122884;ENSG00000163902;ENSG00000072682
REACTOME_AGGREPHAGY,prerank,1.9924765380906935,0.0,0.007514945375098714,ENSG00000127824;ENSG00000150991;ENSG00000026025;ENSG00000197102;ENSG00000080824;ENSG00000167553;ENSG00000116288;ENSG00000165280;ENSG00000123416;ENSG00000188229;ENSG00000258947
REACTOME_RHO_GTPASES_ACTIVATE_ROCKS,prerank,1.9900637912254366,0.001455604075691412,0.00762077171818205,ENSG00000067560;ENSG00000100345;ENSG00000213639;ENSG00000092841;ENSG00000172757;ENSG00000106683;ENSG00000133392
REACTOME_MAPK1_MAPK3_SIGNALING,prerank,1.9884525541557767,0.0,0.00765690847999926,ENSG00000137076;ENSG00000130706;ENSG00000150991;ENSG00000169032;ENSG00000035403;ENSG00000140575;ENSG00000138798;ENSG00000103653;ENSG00000100902;ENSG00000100804;ENSG00000087191;ENSG00000100764;ENSG00000177885;ENSG00000197694;ENSG00000103035;ENSG00000213639;ENSG00000175166;ENSG00000013275;ENSG00000108671;ENSG00000185627;ENSG00000184009;ENSG00000174775;ENSG00000173692;ENSG00000108344;ENSG00000115233;ENSG00000166913;ENSG00000075624;ENSG00000011485;ENSG00000041357;ENSG00000101182;ENSG00000167085;ENSG00000099341;ENSG00000126067;ENSG00000165916;ENSG00000105568;ENSG00000142507;ENSG00000162734
REACTOME_LYSOSOME_VESICLE_BIOGENESIS,prerank,1.9872188614807835,0.0006451612903225806,0.007672879025622945,ENSG00000003056;ENSG00000079805;ENSG00000185359;ENSG00000100280;ENSG00000109971;ENSG00000141367;ENSG00000130724;ENSG00000106367;ENSG00000143761;ENSG00000142192
REACTOME_RHO_GTPASES_ACTIVATE_IQGAPS,prerank,1.98618764986797,0.0,0.007684288477095181,ENSG00000127824;ENSG00000044115;ENSG00000140575;ENSG00000184009;ENSG00000075624;ENSG00000167553;ENSG00000123416;ENSG00000188229;ENSG00000258947
REACTOME_GENE_AND_PROTEIN_EXPRESSION_BY_JAK_STAT_SIGNALING_AFTER_INTERLEUKIN_12_STIMULATION,prerank,1.9835529261223093,0.0,0.007796768222655572,ENSG00000182718;ENSG00000177156;ENSG00000147065;ENSG00000172757;ENSG00000196262;ENSG00000148834;ENSG00000143761;ENSG00000122566;ENSG00000136634
REACTOME_CO_INHIBITION_BY_PD_1,prerank,1.9824018324107362,0.0,0.00782641644016828,ENSG00000130706;ENSG00000150991;ENSG00000103653;ENSG00000100902;ENSG00000100804;ENSG00000087191;ENSG00000100764;ENSG00000103035;ENSG00000175166;ENSG00000013275;ENSG00000108671;ENSG00000170027;ENSG00000185627;ENSG00000173692;ENSG00000108344;ENSG00000115233;ENSG00000204435;ENSG00000041357;ENSG00000100644;ENSG00000101182;ENSG00000099341;ENSG00000126067;ENSG00000165916;ENSG00000142507;ENSG00000165280;ENSG00000118705;ENSG00000244038;ENSG00000135506;ENSG00000163902
REACTOME_REGULATION_OF_PD_L1_CD274_EXPRESSION,prerank,1.9800041449133743,0.0,0.007923636092773708,ENSG00000130706;ENSG00000150991;ENSG00000100902;ENSG00000100804;ENSG00000087191;ENSG00000100764;ENSG00000103035;ENSG00000175166;ENSG00000013275;ENSG00000108671;ENSG00000170027;ENSG00000185627;ENSG00000173692;ENSG00000108344;ENSG00000115233;ENSG00000204435;ENSG00000041357;ENSG00000100644;ENSG00000101182;ENSG00000099341;ENSG00000126067;ENSG00000165916;ENSG00000142507;ENSG00000165280;ENSG00000118705;ENSG00000244038;ENSG00000135506;ENSG00000163902
REACTOME_SYNTHESIS_OF_DNA,prerank,1.975876425066813,0.0,0.007968089548946709,ENSG00000130706;ENSG00000150991;ENSG00000100902;ENSG00000100804;ENSG00000087191;ENSG00000100764;ENSG00000103035;ENSG00000175166;ENSG00000013275;ENSG00000108671;ENSG00000185627;ENSG00000173692;ENSG00000108344;ENSG00000115233;ENSG00000041357;ENSG00000106628;ENSG00000101182;ENSG00000099341;ENSG00000126067;ENSG00000168496;ENSG00000165916;ENSG00000142507;ENSG00000104738;ENSG00000132383;ENSG00000112118
REACTOME_MHC_CLASS_II_ANTIGEN_PRESENTATION,prerank,1.9764543485512522,0.0,0.007990494104729616,ENSG00000077549;ENSG00000127824;ENSG00000126214;ENSG00000197102;ENSG00000079805;ENSG00000075785;ENSG00000175203;ENSG00000100280;ENSG00000161203;ENSG00000141367;ENSG00000117984;ENSG00000164733;ENSG00000115073;ENSG00000064601;ENSG00000138107;ENSG00000198898;ENSG00000167553;ENSG00000127022;ENSG00000106367;ENSG00000204843;ENSG00000143761;ENSG00000123416;ENSG00000042753;ENSG00000188229;ENSG00000258947
REACTOME_INTERLEUKIN_12_SIGNALING,prerank,1.9772199951627782,0.0,0.008006873939784298,ENSG00000182718;ENSG00000177156;ENSG00000147065;ENSG00000172757;ENSG00000196262;ENSG00000148834;ENSG00000143761;ENSG00000122566;ENSG00000185624;ENSG00000136634;ENSG00000162434
REACTOME_GAP_JUNCTION_DEGRADATION,prerank,1.974168191712454,0.002932551319648094,0.008014216211539358,ENSG00000079805;ENSG00000161203;ENSG00000184009;ENSG00000141367;ENSG00000075624
REACTOME_TRANSCRIPTIONAL_AND_POST_TRANSLATIONAL_REGULATION_OF_MITF_M_EXPRESSION_AND_ACTIVITY,prerank,1.9734977270163885,0.0,0.0080227606775964,ENSG00000128245;ENSG00000065427;ENSG00000116478;ENSG00000082898;ENSG00000170027;ENSG00000115866;ENSG00000108953;ENSG00000166913;ENSG00000154342;ENSG00000135903;ENSG00000187098;ENSG00000166986;ENSG00000187140
REACTOME_BIOSYNTHESIS_OF_SPECIALIZED_PRORESOLVING_MEDIATORS_SPMS,prerank,1.9588451525799344,0.0018814675446848542,0.008910624642484209,ENSG00000106853;ENSG00000111144;ENSG00000167468;ENSG00000164120;ENSG00000012779
REACTOME_APOPTOTIC_EXECUTION_PHASE,prerank,1.9548767905995417,0.0,0.009126044988858077,ENSG00000136279;ENSG00000026025;ENSG00000178209;ENSG00000087274;ENSG00000197694;ENSG00000185825;ENSG00000087470;ENSG00000160789;ENSG00000108424
REACTOME_APOPTOTIC_CLEAVAGE_OF_CELLULAR_PROTEINS,prerank,1.944807511151005,0.0013324450366422385,0.00983409838791833,ENSG00000136279;ENSG00000026025;ENSG00000178209;ENSG00000087274;ENSG00000197694;ENSG00000185825;ENSG00000160789
REACTOME_LEISHMANIA_INFECTION,prerank,1.942586872504998,0.0,0.009869058425141247,ENSG00000213672;ENSG00000157483;ENSG00000115091;ENSG00000151694;ENSG00000163466;ENSG00000136810;ENSG00000138071;ENSG00000078369;ENSG00000100345;ENSG00000177885;ENSG00000197535;ENSG00000241244;ENSG00000096384;ENSG00000184009;ENSG00000087460;ENSG00000075624;ENSG00000254999;ENSG00000130429;ENSG00000108946;ENSG00000241685;ENSG00000072062;ENSG00000142192;ENSG00000242534;ENSG00000244116;ENSG00000241553;ENSG00000114353;ENSG00000239571;ENSG00000243290;ENSG00000129467;ENSG00000240382;ENSG00000136634;ENSG00000243238;ENSG00000203747;ENSG00000241351;ENSG00000170425
REACTOME_ANTIGEN_PROCESSING_UB_ATP_INDEPENDENT_PROTEASOMAL_DEGRADATION,prerank,1.9414271080454708,0.0054753608760577405,0.00988521669917349,ENSG00000100902;ENSG00000100804;ENSG00000041357;ENSG00000101182;ENSG00000126067;ENSG00000142507
REACTOME_SIGNALING_BY_ERBB2_IN_CANCER,prerank,1.9431865038299376,0.0005549389567147614,0.009898713571977729,ENSG00000138798;ENSG00000177885;ENSG00000174775;ENSG00000105401;ENSG00000080824
REACTOME_SIGNALING_BY_NOTCH,prerank,1.924451323097181,0.0,0.011137835262833188,ENSG00000166949;ENSG00000130706;ENSG00000171720;ENSG00000168214;ENSG00000116478;ENSG00000150991;ENSG00000151694;ENSG00000138798;ENSG00000100902;ENSG00000100804;ENSG00000087191;ENSG00000100764;ENSG00000103035;ENSG00000175166;ENSG00000013275;ENSG00000108671;ENSG00000185627;ENSG00000173692;ENSG00000108344;ENSG00000115233;ENSG00000041357;ENSG00000137845;ENSG00000100644;ENSG00000101182;ENSG00000099341;ENSG00000126067;ENSG00000165916;ENSG00000065978;ENSG00000142507;ENSG00000174437
REACTOME_INNATE_IMMUNE_SYSTEM,prerank,1.9209171693004006,0.0,0.011368180598762432,ENSG00000131236;ENSG00000131100;ENSG00000131504;ENSG00000130706;ENSG00000213672;ENSG00000014216;ENSG00000214078;ENSG00000170515;ENSG00000109107;ENSG00000114573;ENSG00000067560;ENSG00000068305;ENSG00000150991;ENSG00000169032;ENSG00000108861;ENSG00000157483;ENSG00000115091;ENSG00000156261;ENSG00000035403;ENSG00000147416;ENSG00000140575;ENSG00000163466;ENSG00000136279;ENSG00000136810;ENSG00000026508;ENSG00000159720;ENSG00000059804;ENSG00000138071;ENSG00000177119;ENSG00000197102;ENSG00000100994;ENSG00000100902;ENSG00000183258;ENSG00000100804;ENSG00000079805;ENSG00000087191;ENSG00000100345;ENSG00000197548;ENSG00000075785;ENSG00000182718;ENSG00000100764;ENSG00000177885;ENSG00000197535;ENSG00000197694;ENSG00000103035;ENSG00000084733;ENSG00000197746;ENSG00000241244;ENSG00000175166;ENSG00000013275;ENSG00000013563;ENSG00000131473;ENSG00000109971;ENSG00000108671;ENSG00000096384;ENSG00000185627;ENSG00000184009;ENSG00000174775;ENSG00000030582;ENSG00000173692;ENSG00000114738;ENSG00000108344;ENSG00000117984;ENSG00000111144;ENSG00000115233;ENSG00000080824;ENSG00000164733;ENSG00000204435;ENSG00000196743;ENSG00000172757;ENSG00000160213;ENSG00000115073;ENSG00000185883;ENSG00000064601;ENSG00000075624;ENSG00000135829;ENSG00000116260;ENSG00000041357;ENSG00000137845;ENSG00000100243;ENSG00000166598;ENSG00000198898;ENSG00000184216;ENSG00000110917;ENSG00000254999;ENSG00000101182;ENSG00000108424;ENSG00000099817;ENSG00000101152;ENSG00000196262;ENSG00000103187;ENSG00000106244;ENSG00000196419;ENSG00000141959;ENSG00000084207;ENSG00000177700;ENSG00000099341;ENSG00000126067;ENSG00000165916;ENSG00000105568;ENSG00000130429;ENSG00000106683;ENSG00000142507;ENSG00000241685;ENSG00000165280;ENSG00000105220;ENSG00000072062;ENSG00000160014;ENSG00000140319;ENSG00000188229;ENSG00000164062;ENSG00000013364;ENSG00000079246;ENSG00000170043;ENSG00000079739;ENSG00000142192;ENSG00000242534;ENSG00000244116;ENSG00000244038;ENSG00000241553;ENSG00000135404;ENSG00000179142;ENSG00000239571;ENSG00000171132;ENSG00000163191;ENSG00000125999;ENSG00000171049;ENSG00000243290;ENSG00000240382;ENSG00000167613;ENSG00000243238;ENSG00000234745;ENSG00000203747;ENSG00000173369;ENSG00000134762;ENSG00000235568;ENSG00000157131;ENSG00000239839;ENSG00000241351
REACTOME_CHAPERONE_MEDIATED_AUTOPHAGY,prerank,1.9162836788400042,0.00215633423180593,0.01170613673120312,ENSG00000150991;ENSG00000026025;ENSG00000109971;ENSG00000096384;ENSG00000080824;ENSG00000116288;ENSG00000105355
REACTOME_SHC1_EVENTS_IN_EGFR_SIGNALING,prerank,1.9068291800788821,0.006611570247933884,0.01250800575484228,ENSG00000138798;ENSG00000177885;ENSG00000174775
REACTOME_CLATHRIN_MEDIATED_ENDOCYTOSIS,prerank,1.8967104930255885,0.0,0.013460792479678655,ENSG00000150991;ENSG00000115091;ENSG00000163466;ENSG00000138798;ENSG00000138071;ENSG00000085733;ENSG00000003056;ENSG00000079805;ENSG00000185359;ENSG00000177885;ENSG00000109971;ENSG00000161203;ENSG00000184009;ENSG00000141367;ENSG00000075624;ENSG00000169727;ENSG00000168090;ENSG00000129559;ENSG00000241685;ENSG00000042753;ENSG00000111652;ENSG00000072274;ENSG00000187714;ENSG00000241553
REACTOME_RESPONSE_OF_MTB_TO_PHAGOCYTOSIS,prerank,1.882757717010111,0.004235044997353097,0.014887088937844007,ENSG00000150991;ENSG00000184056;ENSG00000185359;ENSG00000075785;ENSG00000108424;ENSG00000074800;ENSG00000102144
REACTOME_CONSTITUTIVE_SIGNALING_BY_OVEREXPRESSED_ERBB2,prerank,1.8812958096924304,0.006462035541195477,0.014960843570539119,ENSG00000177885;ENSG00000174775;ENSG00000105401;ENSG00000080824
REACTOME_ACTIVATION_OF_BAD_AND_TRANSLOCATION_TO_MITOCHONDRIA,prerank,1.8775573144854802,0.006286484059272564,0.015082091974080737,ENSG00000128245;ENSG00000134308;ENSG00000170027;ENSG00000108953;ENSG00000166913
REACTOME_DISEASES_OF_SIGNAL_TRANSDUCTION_BY_GROWTH_FACTOR_RECEPTORS_AND_SECOND_MESSENGERS,prerank,1.8790802830819757,0.0,0.015093854061980732,ENSG00000126214;ENSG00000166949;ENSG00000137076;ENSG00000130706;ENSG00000110841;ENSG00000171720;ENSG00000168214;ENSG00000116478;ENSG00000150991;ENSG00000169032;ENSG00000151694;ENSG00000035403;ENSG00000140575;ENSG00000138798;ENSG00000103653;ENSG00000088832;ENSG00000100902;ENSG00000100804;ENSG00000087191;ENSG00000100345;ENSG00000197548;ENSG00000100764;ENSG00000177885;ENSG00000103035;ENSG00000213639;ENSG00000111605;ENSG00000175166;ENSG00000013275;ENSG00000147065;ENSG00000108671;ENSG00000185627;ENSG00000184009;ENSG00000174775;ENSG00000173692;ENSG00000108344;ENSG00000141367;ENSG00000197157;ENSG00000115233;ENSG00000105329;ENSG00000105401;ENSG00000080824;ENSG00000166913;ENSG00000075624;ENSG00000041357;ENSG00000137845;ENSG00000160789;ENSG00000101182;ENSG00000099817;ENSG00000167085;ENSG00000177700;ENSG00000099341;ENSG00000181222;ENSG00000126067;ENSG00000165916;ENSG00000105568;ENSG00000204843;ENSG00000142507;ENSG00000108946;ENSG00000165280;ENSG00000138801;ENSG00000135506
REACTOME_NUCLEAR_ENVELOPE_NE_REASSEMBLY,prerank,1.8778861663957125,0.0,0.015126238960941903,ENSG00000127824;ENSG00000213024;ENSG00000100401;ENSG00000132612;ENSG00000160789;ENSG00000167553;ENSG00000108424;ENSG00000102900;ENSG00000132341;ENSG00000130724;ENSG00000105568;ENSG00000175334;ENSG00000123416;ENSG00000188229;ENSG00000258947
REACTOME_ONCOGENIC_MAPK_SIGNALING,prerank,1.872541575884489,0.0,0.01542847099364578,ENSG00000137076;ENSG00000169032;ENSG00000035403;ENSG00000140575;ENSG00000103653;ENSG00000197548;ENSG00000213639;ENSG00000184009;ENSG00000174775;ENSG00000197157;ENSG00000166913;ENSG00000075624;ENSG00000160789;ENSG00000167085;ENSG00000138801
REACTOME_FORMATION_OF_DEFINITIVE_ENDODERM,prerank,1.8732807052589406,0.0036101083032490976,0.015442770208961449,ENSG00000166949;ENSG00000125798;ENSG00000164736;ENSG00000133937;ENSG00000259974;ENSG00000163508;ENSG00000141448
REACTOME_DISEASES_OF_MITOTIC_CELL_CYCLE,prerank,-1.844453343495863,0.0001169864295741694,0.0158574687627129,ENSG00000175063;ENSG00000123374;ENSG00000175305;ENSG00000126756;ENSG00000198176;ENSG00000111276;ENSG00000094880;ENSG00000141552;ENSG00000166295;ENSG00000170142;ENSG00000108106;ENSG00000101412;ENSG00000004897;ENSG00000164162;ENSG00000072401;ENSG00000007968;ENSG00000110092;ENSG00000105810
REACTOME_CRISTAE_FORMATION,prerank,1.8664251410804245,0.0017835909631391202,0.01603098658049452,ENSG00000154518;ENSG00000159199;ENSG00000241468;ENSG00000173436;ENSG00000132305;ENSG00000110955;ENSG00000167863;ENSG00000152234;ENSG00000165629
REACTOME_TCF_DEPENDENT_SIGNALING_IN_RESPONSE_TO_WNT,prerank,1.8625622062120673,0.0,0.01627914715732264,ENSG00000130706;ENSG00000116478;ENSG00000150991;ENSG00000100902;ENSG00000100804;ENSG00000082898;ENSG00000087191;ENSG00000100764;ENSG00000103035;ENSG00000175166;ENSG00000013275;ENSG00000108671;ENSG00000185627;ENSG00000173692;ENSG00000108344;ENSG00000115233;ENSG00000204435;ENSG00000041357;ENSG00000101182;ENSG00000099341;ENSG00000127616;ENSG00000126067;ENSG00000165916;ENSG00000105568;ENSG00000142507;ENSG00000171056;ENSG00000154342;ENSG00000164736;ENSG00000146374;ENSG00000169218;ENSG00000166477
REACTOME_CELL_EXTRACELLULAR_MATRIX_INTERACTIONS,prerank,1.8630772139871619,0.00386286817962337,0.01630179768193737,ENSG00000166333;ENSG00000125753;ENSG00000188677;ENSG00000184009;ENSG00000196924;ENSG00000075624;ENSG00000072110
REACTOME_DEVELOPMENTAL_LINEAGE_OF_MULTIPOTENT_PANCREATIC_PROGENITOR_CELLS,prerank,1.853306519562205,0.006126295947219604,0.017072300921220397,ENSG00000138798;ENSG00000125798;ENSG00000152804;ENSG00000139515;ENSG00000164736;ENSG00000164690;ENSG00000169856;ENSG00000075388;ENSG00000141448
REACTOME_DEPOSITION_OF_NEW_CENPA_CONTAINING_NUCLEOSOMES_AT_THE_CENTROMERE,prerank,-1.8348679932980934,0.0004643603436266543,0.017117193319677173,ENSG00000115163;ENSG00000104147;ENSG00000153044;ENSG00000123485;ENSG00000102384;ENSG00000137812;ENSG00000246705;ENSG00000120334;ENSG00000166451;ENSG00000169689;ENSG00000203760;ENSG00000123219;ENSG00000151725;ENSG00000175279;ENSG00000105968;ENSG00000159055;ENSG00000184260;ENSG00000175792;ENSG00000142856;ENSG00000129534;ENSG00000188486;ENSG00000197903;ENSG00000158373;ENSG00000138092;ENSG00000196890
REACTOME_SIGNALING_BY_INTERLEUKINS,prerank,1.854506861318032,0.0,0.017120869382997384,ENSG00000166949;ENSG00000130706;ENSG00000068305;ENSG00000150991;ENSG00000169032;ENSG00000108861;ENSG00000026025;ENSG00000100902;ENSG00000100804;ENSG00000087191;ENSG00000182718;ENSG00000100764;ENSG00000177885;ENSG00000106089;ENSG00000103035;ENSG00000165458;ENSG00000175166;ENSG00000013275;ENSG00000177156;ENSG00000147065;ENSG00000109971;ENSG00000108671;ENSG00000185627;ENSG00000173692;ENSG00000114738;ENSG00000108344;ENSG00000115233;ENSG00000105329;ENSG00000080824;ENSG00000172757;ENSG00000041357;ENSG00000166598;ENSG00000184216;ENSG00000100644;ENSG00000101182;ENSG00000196262;ENSG00000099341;ENSG00000127022;ENSG00000127616;ENSG00000126067;ENSG00000165916;ENSG00000105568;ENSG00000148834;ENSG00000142507;ENSG00000143761;ENSG00000072062;ENSG00000122566;ENSG00000185624;ENSG00000142192;ENSG00000075618;ENSG00000112715
REACTOME_MAPK_FAMILY_SIGNALING_CASCADES,prerank,1.8534395814659699,0.0,0.017159722845381257,ENSG00000137076;ENSG00000130706;ENSG00000069956;ENSG00000150991;ENSG00000169032;ENSG00000035403;ENSG00000140575;ENSG00000138798;ENSG00000103653;ENSG00000100902;ENSG00000100804;ENSG00000082898;ENSG00000087191;ENSG00000100764;ENSG00000177885;ENSG00000197694;ENSG00000103035;ENSG00000213639;ENSG00000175166;ENSG00000013275;ENSG00000108671;ENSG00000185627;ENSG00000184009;ENSG00000174775;ENSG00000173692;ENSG00000108344;ENSG00000115233;ENSG00000166913;ENSG00000075624;ENSG00000011485;ENSG00000041357;ENSG00000101182;ENSG00000167085;ENSG00000099341;ENSG00000126067;ENSG00000165916;ENSG00000105568;ENSG00000142507;ENSG00000072062;ENSG00000162734
REACTOME_GAP_JUNCTION_TRAFFICKING_AND_REGULATION,prerank,1.838233401777644,0.0007147962830593281,0.01892605766956021,ENSG00000127824;ENSG00000079805;ENSG00000161203;ENSG00000184009;ENSG00000141367;ENSG00000075624;ENSG00000167553;ENSG00000123416;ENSG00000188229;ENSG00000258947
REACTOME_INTERACTIONS_OF_REV_WITH_HOST_CELLULAR_PROTEINS,prerank,1.8359029026555085,0.00196078431372549,0.019185350374347227,ENSG00000213024;ENSG00000082898;ENSG00000100401;ENSG00000094914;ENSG00000108424;ENSG00000102900;ENSG00000132341
REACTOME_DETOXIFICATION_OF_REACTIVE_OXYGEN_SPECIES,prerank,1.8325637642455699,0.001969796454366382,0.019548016244577707,ENSG00000136810;ENSG00000165672;ENSG00000126432;ENSG00000197930;ENSG00000084207;ENSG00000104687;ENSG00000185624;ENSG00000117450;ENSG00000167815
REACTOME_RHO_GTPASES_ACTIVATE_PAKS,prerank,1.830457215514711,0.005078720162519045,0.019654748091896598,ENSG00000085733;ENSG00000100345;ENSG00000213639;ENSG00000196924;ENSG00000092841;ENSG00000106683;ENSG00000133392
REACTOME_FORMATION_OF_ATP_BY_CHEMIOSMOTIC_COUPLING,prerank,1.8305681566660101,0.0023934897079942556,0.01974722446748233,ENSG00000154518;ENSG00000159199;ENSG00000241468;ENSG00000110955;ENSG00000167863;ENSG00000152234;ENSG00000165629
REACTOME_COPI_INDEPENDENT_GOLGI_TO_ER_RETROGRADE_TRAFFIC,prerank,1.8283963924255338,0.0008216926869350862,0.019834030208971502,ENSG00000077549;ENSG00000127824;ENSG00000197102;ENSG00000175203;ENSG00000138107;ENSG00000198898;ENSG00000167553;ENSG00000204843;ENSG00000123416;ENSG00000188229;ENSG00000258947
REACTOME_NEF_MEDIATES_DOWN_MODULATION_OF_CELL_SURFACE_RECEPTORS_BY_RECRUITING_THEM_TO_CLATHRIN_ADAPTERS,prerank,1.8245311192524232,0.005667181865018032,0.02023798857896468,ENSG00000100280;ENSG00000161203;ENSG00000106367;ENSG00000143761;ENSG00000042753;ENSG00000172116;ENSG00000178562;ENSG00000129354
REACTOME_DNA_REPLICATION,prerank,1.8212480074259088,0.0,0.02063753210338416,ENSG00000130706;ENSG00000150991;ENSG00000140521;ENSG00000100902;ENSG00000100804;ENSG00000087191;ENSG00000100764;ENSG00000103035;ENSG00000175166;ENSG00000013275;ENSG00000108671;ENSG00000185627;ENSG00000173692;ENSG00000108344;ENSG00000115233;ENSG00000041357;ENSG00000106628;ENSG00000101182;ENSG00000108424;ENSG00000099341;ENSG00000126067;ENSG00000168496;ENSG00000165916;ENSG00000142507;ENSG00000104738;ENSG00000132383;ENSG00000112118
REACTOME_CARGO_CONCENTRATION_IN_THE_ER,prerank,-1.8180081460686688,0.00047778308647873863,0.02087422111458304,ENSG00000150961;ENSG00000174871;ENSG00000170348;ENSG00000185010;ENSG00000101160;ENSG00000138073;ENSG00000086598;ENSG00000100934;ENSG00000110195;ENSG00000162236;ENSG00000114988;ENSG00000155511;ENSG00000176986;ENSG00000114270;ENSG00000169223;ENSG00000143786;ENSG00000085063;ENSG00000074695;ENSG00000138802
REACTOME_MITOTIC_METAPHASE_AND_ANAPHASE,prerank,1.8097334900956414,0.0,0.02218061631941681,ENSG00000127824;ENSG00000213024;ENSG00000130706;ENSG00000150991;ENSG00000101367;ENSG00000197102;ENSG00000100902;ENSG00000100804;ENSG00000082898;ENSG00000087191;ENSG00000100401;ENSG00000100764;ENSG00000103035;ENSG00000175166;ENSG00000013275;ENSG00000108671;ENSG00000132612;ENSG00000185627;ENSG00000173692;ENSG00000108344;ENSG00000115233;ENSG00000041357;ENSG00000160789;ENSG00000167553;ENSG00000101182;ENSG00000108424;ENSG00000102900;ENSG00000132341;ENSG00000099341;ENSG00000130724;ENSG00000126067;ENSG00000165916;ENSG00000105568;ENSG00000142507;ENSG00000175334;ENSG00000123416;ENSG00000188229;ENSG00000258947
REACTOME_MITOCHONDRIAL_PROTEIN_DEGRADATION,prerank,1.8069442675518412,0.0,0.022503310226653167,ENSG00000166411;ENSG00000131828;ENSG00000062485;ENSG00000023330;ENSG00000196365;ENSG00000084090;ENSG00000105953;ENSG00000067704;ENSG00000186010;ENSG00000178741;ENSG00000100412;ENSG00000110955;ENSG00000167863;ENSG00000152234;ENSG00000072062;ENSG00000165629;ENSG00000142192
REACTOME_TP53_REGULATES_METABOLIC_GENES,prerank,1.7946031814519707,0.0011025358324145535,0.024199812242879003,ENSG00000128245;ENSG00000168209;ENSG00000134308;ENSG00000136810;ENSG00000160211;ENSG00000170027;ENSG00000108953;ENSG00000166913;ENSG00000126432;ENSG00000178741;ENSG00000104687;ENSG00000126267;ENSG00000105220;ENSG00000117450;ENSG00000167815
REACTOME_NEDDYLATION,prerank,1.795271641425123,0.0,0.024236540962316606,ENSG00000064726;ENSG00000130706;ENSG00000150991;ENSG00000136485;ENSG00000100902;ENSG00000100804;ENSG00000087191;ENSG00000099364;ENSG00000100764;ENSG00000103035;ENSG00000070010;ENSG00000167986;ENSG00000175166;ENSG00000013275;ENSG00000108671;ENSG00000185627;ENSG00000173692;ENSG00000254986;ENSG00000108344;ENSG00000115233;ENSG00000041357;ENSG00000100644;ENSG00000101182;ENSG00000169727;ENSG00000099341;ENSG00000126067;ENSG00000165916;ENSG00000168090;ENSG00000129559;ENSG00000142507;ENSG00000165280;ENSG00000176871;ENSG00000111652
REACTOME_SIGNALING_BY_WNT,prerank,1.7823722063466005,0.0,0.026253671692913292,ENSG00000130706;ENSG00000069329;ENSG00000116478;ENSG00000067560;ENSG00000150991;ENSG00000149782;ENSG00000100902;ENSG00000100804;ENSG00000082898;ENSG00000078369;ENSG00000087191;ENSG00000100764;ENSG00000103035;ENSG00000175166;ENSG00000013275;ENSG00000108671;ENSG00000161203;ENSG00000185627;ENSG00000173692;ENSG00000108344;ENSG00000141367;ENSG00000115233;ENSG00000204435;ENSG00000041357;ENSG00000101182;ENSG00000108518;ENSG00000099341;ENSG00000127616;ENSG00000126067;ENSG00000165916;ENSG00000105568;ENSG00000142507;ENSG00000042753;ENSG00000171056;ENSG00000115596;ENSG00000111186;ENSG00000154342;ENSG00000105989;ENSG00000164736;ENSG00000146374;ENSG00000169218;ENSG00000169884;ENSG00000166477;ENSG00000135925
REACTOME_GRB2_EVENTS_IN_ERBB2_SIGNALING,prerank,1.7806104321979275,0.013157894736842105,0.026423270070234147,ENSG00000138798;ENSG00000177885;ENSG00000174775
REACTOME_SYNTHESIS_OF_LEUKOTRIENES_LT_AND_EOXINS_EX,prerank,1.7782597006217589,0.010864197530864197,0.026671068657394,ENSG00000103222;ENSG00000106853;ENSG00000111144;ENSG00000142973;ENSG00000012779;ENSG00000187048
REACTOME_FCGR_ACTIVATION,prerank,1.7767486851806706,0.0009551098376313276,0.026825339141926596,ENSG00000241244;ENSG00000242534;ENSG00000244116;ENSG00000239571;ENSG00000243290;ENSG00000240382;ENSG00000243238;ENSG00000203747;ENSG00000241351;ENSG00000240864;ENSG00000239951;ENSG00000000938;ENSG00000211653;ENSG00000211652;ENSG00000160654;ENSG00000211893;ENSG00000101336;ENSG00000211959;ENSG00000211973;ENSG00000224373;ENSG00000211962;ENSG00000211967;ENSG00000211660;ENSG00000242371;ENSG00000211677;ENSG00000211892;ENSG00000211896
REACTOME_INFECTION_WITH_MYCOBACTERIUM_TUBERCULOSIS,prerank,1.775091269656455,0.0056022408963585435,0.02701192504542399,ENSG00000150991;ENSG00000184056;ENSG00000185359;ENSG00000075785;ENSG00000108424;ENSG00000074800;ENSG00000102144
REACTOME_CELLULAR_RESPONSE_TO_STARVATION,prerank,-1.7953825337672913,0.0,0.027243097339702167,ENSG00000213760;ENSG00000105640;ENSG00000171130;ENSG00000149357;ENSG00000167965;ENSG00000198755;ENSG00000149806;ENSG00000221983;ENSG00000116039;ENSG00000115268;ENSG00000136942;ENSG00000105372;ENSG00000157020;ENSG00000113732;ENSG00000177600;ENSG00000089157;ENSG00000130255;ENSG00000162244;ENSG00000182899;ENSG00000162772;ENSG00000154059;ENSG00000109475;ENSG00000118162;ENSG00000142541;ENSG00000147614;ENSG00000137818;ENSG00000172809;ENSG00000117410;ENSG00000142676;ENSG00000131469;ENSG00000110700;ENSG00000167526;ENSG00000052795;ENSG00000142534;ENSG00000177954;ENSG00000144713;ENSG00000217128;ENSG00000116586;ENSG00000163923;ENSG00000116251;ENSG00000063177;ENSG00000100316;ENSG00000185088;ENSG00000153879;ENSG00000083750;ENSG00000130147;ENSG00000156482;ENSG00000140988;ENSG00000171858;ENSG00000071082;ENSG00000108298;ENSG00000143947;ENSG00000148303;ENSG00000125691;ENSG00000265681;ENSG00000109270;ENSG00000165496;ENSG00000197728;ENSG00000118181;ENSG00000124614;ENSG00000128524;ENSG00000161016;ENSG00000037241;ENSG00000145592;ENSG00000116954;ENSG00000155097;ENSG00000149273;ENSG00000188846;ENSG00000108107;ENSG00000100150;ENSG00000188186;ENSG00000114388;ENSG00000125977;ENSG00000134248;ENSG00000161970;ENSG00000080546;ENSG00000025039;ENSG00000105193;ENSG00000163584;ENSG00000151418;ENSG00000197756;ENSG00000229117;ENSG00000239282;ENSG00000198242;ENSG00000145425;ENSG00000101255;ENSG00000138326;ENSG00000103091;ENSG00000134419;ENSG00000170889;ENSG00000083845;ENSG00000155876;ENSG00000140986;ENSG00000197958;ENSG00000171863;ENSG00000089009;ENSG00000130766;ENSG00000137154;ENSG00000103148
REACTOME_SUPPRESSION_OF_PHAGOSOMAL_MATURATION,prerank,1.7627585498975902,0.017226528854435832,0.029102724122048146,ENSG00000150991;ENSG00000184056;ENSG00000185359;ENSG00000075785;ENSG00000108424
REACTOME_ERBB2_REGULATES_CELL_MOTILITY,prerank,1.763279949315281,0.012340036563071298,0.029161917417428237,ENSG00000131504;ENSG00000067560;ENSG00000138798
REACTOME_SEALING_OF_THE_NUCLEAR_ENVELOPE_NE_BY_ESCRT_III,prerank,1.7577852540458305,0.005995203836930456,0.030003210013193313,ENSG00000127824;ENSG00000132612;ENSG00000167553;ENSG00000130724;ENSG00000123416;ENSG00000188229;ENSG00000258947
REACTOME_COOPERATION_OF_PDCL_PHLP1_AND_TRIC_CCT_IN_G_PROTEIN_BETA_FOLDING,prerank,1.7502750100307787,0.0013131976362442547,0.03138821175287774,ENSG00000156261;ENSG00000078369;ENSG00000204435;ENSG00000150753;ENSG00000135624;ENSG00000163468;ENSG00000146731
REACTOME_REGULATION_OF_T_CELL_ACTIVATION_BY_CD28_FAMILY,prerank,1.7478906714575615,0.0,0.03166025365271182,ENSG00000130706;ENSG00000150991;ENSG00000103653;ENSG00000100902;ENSG00000100804;ENSG00000087191;ENSG00000100764;ENSG00000177885;ENSG00000103035;ENSG00000175166;ENSG00000013275;ENSG00000108671;ENSG00000170027;ENSG00000185627;ENSG00000173692;ENSG00000108344;ENSG00000115233;ENSG00000204435;ENSG00000041357;ENSG00000100644;ENSG00000101182;ENSG00000099341;ENSG00000126067;ENSG00000165916;ENSG00000105568;ENSG00000142507;ENSG00000165280;ENSG00000118705;ENSG00000244038;ENSG00000135506;ENSG00000163902
REACTOME_SENSORY_PROCESSING_OF_SOUND,prerank,1.7460720210643759,0.0,0.031876289971078026,ENSG00000077549;ENSG00000157483;ENSG00000100345;ENSG00000106089;ENSG00000197694;ENSG00000147065;ENSG00000247596;ENSG00000184009;ENSG00000075624;ENSG00000198898;ENSG00000101152
REACTOME_L1CAM_INTERACTIONS,prerank,1.7438267376153949,0.0,0.0322179546192537,ENSG00000127824;ENSG00000169032;ENSG00000079805;ENSG00000197694;ENSG00000011009;ENSG00000147065;ENSG00000109971;ENSG00000161203;ENSG00000092964;ENSG00000184009;ENSG00000141367;ENSG00000204435;ENSG00000075624;ENSG00000167553;ENSG00000123416;ENSG00000042753;ENSG00000188229;ENSG00000258947;ENSG00000198910
REACTOME_RETROGRADE_NEUROTROPHIN_SIGNALLING,prerank,1.7417499337995501,0.013686534216335542,0.032520535637034026,ENSG00000079805;ENSG00000161203;ENSG00000141367;ENSG00000042753
REACTOME_SIGNALING_BY_EGFR,prerank,1.740552415251834,0.003987240829346092,0.032622598914168535,ENSG00000150991;ENSG00000151694;ENSG00000138798;ENSG00000103653;ENSG00000185359;ENSG00000177885;ENSG00000174775;ENSG00000137845
REACTOME_RHO_GTPASES_ACTIVATE_PKNS,prerank,1.7377040345186752,0.0008396305625524769,0.03273426388079242,ENSG00000128245;ENSG00000067560;ENSG00000134308;ENSG00000100345;ENSG00000213639;ENSG00000170027;ENSG00000092841;ENSG00000108953;ENSG00000166913
REACTOME_LOSS_OF_FUNCTION_OF_MECP2_IN_RETT_SYNDROME,prerank,1.7391268205334147,0.01406050276949297,0.03277892550887291,ENSG00000171720;ENSG00000116478;ENSG00000169375;ENSG00000072062
REACTOME_PROTEIN_FOLDING,prerank,1.738036055494212,0.0,0.03282829228319522,ENSG00000127824;ENSG00000171720;ENSG00000156261;ENSG00000136485;ENSG00000078369;ENSG00000204435;ENSG00000075624;ENSG00000167553;ENSG00000150753;ENSG00000135624;ENSG00000163468;ENSG00000146731;ENSG00000123416;ENSG00000188229;ENSG00000258947;ENSG00000105254
REACTOME_M_PHASE,prerank,1.7310227942301522,0.0,0.03383018693703023,ENSG00000127824;ENSG00000213024;ENSG00000130706;ENSG00000130640;ENSG00000150991;ENSG00000101367;ENSG00000197102;ENSG00000175826;ENSG00000100902;ENSG00000100804;ENSG00000082898;ENSG00000087191;ENSG00000100401;ENSG00000094914;ENSG00000175203;ENSG00000100764;ENSG00000128989;ENSG00000103035;ENSG00000175166;ENSG00000013275;ENSG00000108671;ENSG00000132612;ENSG00000170027;ENSG00000185627;ENSG00000173692;ENSG00000108344;ENSG00000115233;ENSG00000080824;ENSG00000108953;ENSG00000204435;ENSG00000138107;ENSG00000041357;ENSG00000174903;ENSG00000160789;ENSG00000167553;ENSG00000101182;ENSG00000108424;ENSG00000102900;ENSG00000132341;ENSG00000099341;ENSG00000130724;ENSG00000126067;ENSG00000165916;ENSG00000105568;ENSG00000204843;ENSG00000142507;ENSG00000175334;ENSG00000123416;ENSG00000072062;ENSG00000188229;ENSG00000258947;ENSG00000010292;ENSG00000131462
REACTOME_FORMATION_OF_THE_CORNIFIED_ENVELOPE,prerank,1.7316517363740918,0.0,0.03385602400925541,ENSG00000014216;ENSG00000126247;ENSG00000178172;ENSG00000186207;ENSG00000187223;ENSG00000169474;ENSG00000134762;ENSG00000186049;ENSG00000104055;ENSG00000205420;ENSG00000170486;ENSG00000163202;ENSG00000170523;ENSG00000186844;ENSG00000129437;ENSG00000171401;ENSG00000204889;ENSG00000171403;ENSG00000163216;ENSG00000187180;ENSG00000189337;ENSG00000172155;ENSG00000081277;ENSG00000244094;ENSG00000235942;ENSG00000185479;ENSG00000204021;ENSG00000204539;ENSG00000144283;ENSG00000108244;ENSG00000203782;ENSG00000167754;ENSG00000196734;ENSG00000159455;ENSG00000186832;ENSG00000196805;ENSG00000124102
REACTOME_HIV_LIFE_CYCLE,prerank,1.7263561697337872,0.0,0.03465713106091684,ENSG00000213024;ENSG00000150991;ENSG00000149136;ENSG00000082898;ENSG00000100401;ENSG00000094914;ENSG00000132612;ENSG00000196235;ENSG00000137309;ENSG00000092201;ENSG00000099817;ENSG00000196262;ENSG00000102900;ENSG00000132341;ENSG00000196419;ENSG00000177700;ENSG00000130724;ENSG00000181222;ENSG00000168496;ENSG00000175334;ENSG00000079246
REACTOME_CD22_MEDIATED_BCR_REGULATION,prerank,1.718820050794067,0.0008904719501335708,0.036266403960961736,ENSG00000241244;ENSG00000242534;ENSG00000244116;ENSG00000239571;ENSG00000243290;ENSG00000240382;ENSG00000243238;ENSG00000241351;ENSG00000240864;ENSG00000239951;ENSG00000211653;ENSG00000211652;ENSG00000211959;ENSG00000211973;ENSG00000224373;ENSG00000211962;ENSG00000211967;ENSG00000211660;ENSG00000242371;ENSG00000211677
REACTOME_MITOTIC_G1_PHASE_AND_G1_S_TRANSITION,prerank,1.7170605414068814,0.0,0.03631681716087144,ENSG00000130706;ENSG00000116478;ENSG00000150991;ENSG00000100902;ENSG00000100804;ENSG00000087191;ENSG00000100764;ENSG00000103035;ENSG00000175166;ENSG00000013275;ENSG00000108671;ENSG00000185627;ENSG00000173692;ENSG00000108344;ENSG00000115233;ENSG00000041357;ENSG00000101182;ENSG00000099341;ENSG00000126067;ENSG00000165916;ENSG00000105568;ENSG00000142507;ENSG00000104738;ENSG00000132383;ENSG00000112118;ENSG00000167900
REACTOME_RECRUITMENT_OF_NUMA_TO_MITOTIC_CENTROSOMES,prerank,1.7176552485783758,0.0,0.03636147729704861,ENSG00000127824;ENSG00000130640;ENSG00000101367;ENSG00000197102;ENSG00000175203;ENSG00000170027;ENSG00000080824;ENSG00000108953;ENSG00000138107;ENSG00000167553;ENSG00000105568;ENSG00000204843;ENSG00000123416;ENSG00000072062;ENSG00000188229;ENSG00000258947;ENSG00000131462
REACTOME_REGULATION_OF_GLYCOLYSIS_BY_FRUCTOSE_2_6_BISPHOSPHATE_METABOLISM,prerank,1.7120270734602898,0.018852115626309174,0.037397049442794955,ENSG00000170525;ENSG00000114268;ENSG00000105568;ENSG00000072062
REACTOME_SIGNALING_BY_ERBB2,prerank,1.7072725452228914,0.002390438247011952,0.03807859956706712,ENSG00000131504;ENSG00000067560;ENSG00000150991;ENSG00000138798;ENSG00000177885;ENSG00000174775;ENSG00000105401;ENSG00000080824;ENSG00000171132
REACTOME_ASSOCIATION_OF_TRIC_CCT_WITH_TARGET_PROTEINS_DURING_BIOSYNTHESIS,prerank,1.7080932504746529,0.0061770761839396015,0.03821399863850465,ENSG00000171720;ENSG00000156261;ENSG00000136485;ENSG00000150753;ENSG00000135624;ENSG00000163468;ENSG00000146731
REACTOME_RHOBTB3_ATPASE_CYCLE,prerank,1.707304224148397,0.020048115477145148,0.038248635780446634,ENSG00000185359;ENSG00000105355
REACTOME_ER_TO_GOLGI_ANTEROGRADE_TRANSPORT,prerank,1.7052690001880078,0.0,0.03838474317316775,ENSG00000077549;ENSG00000127824;ENSG00000103051;ENSG00000073969;ENSG00000105063;ENSG00000197102;ENSG00000175203;ENSG00000197694;ENSG00000134287;ENSG00000138107;ENSG00000105669;ENSG00000198898;ENSG00000174903;ENSG00000122218;ENSG00000167553;ENSG00000204843;ENSG00000143761;ENSG00000123416;ENSG00000188229;ENSG00000170043;ENSG00000105438;ENSG00000258947;ENSG00000166557;ENSG00000184840
REACTOME_FORMATION_OF_THE_NEPHRIC_DUCT,prerank,1.7037443910639192,0.014367816091954023,0.03860764345686243,ENSG00000172939;ENSG00000165194;ENSG00000075891;ENSG00000106006;ENSG00000168743;ENSG00000107485;ENSG00000182742
REACTOME_RIBOSOME_ASSOCIATED_QUALITY_CONTROL,prerank,1.69885178351555,0.0,0.039671748046057616,ENSG00000130706;ENSG00000150991;ENSG00000163516;ENSG00000100902;ENSG00000100804;ENSG00000087191;ENSG00000100764;ENSG00000103035;ENSG00000070010;ENSG00000175166;ENSG00000013275;ENSG00000108671;ENSG00000185627;ENSG00000173692;ENSG00000108344;ENSG00000115233;ENSG00000041357;ENSG00000101182;ENSG00000099341;ENSG00000126067;ENSG00000165916;ENSG00000142507;ENSG00000165280
REACTOME_RESPONSE_TO_METAL_IONS,prerank,1.6933611159436148,0.017420157610949814,0.040881164050931534,ENSG00000205358;ENSG00000125144;ENSG00000205362;ENSG00000169715;ENSG00000205364;ENSG00000125148;ENSG00000087250;ENSG00000198417
REACTOME_CYTOSOLIC_TRNA_AMINOACYLATION,prerank,1.69132680985406,0.013255567338282079,0.04123689646995261,ENSG00000065427;ENSG00000134440;ENSG00000179115;ENSG00000115866
REACTOME_BASIGIN_INTERACTIONS,prerank,1.6863316851406291,0.013281682346430549,0.042215169903778806,ENSG00000005884;ENSG00000069849;ENSG00000172270;ENSG00000196262;ENSG00000141526;ENSG00000198910
REACTOME_HIV_ELONGATION_ARREST_AND_RECOVERY,prerank,1.6868714158114781,0.006238303181534623,0.042261851532072695,ENSG00000149136;ENSG00000196235;ENSG00000092201;ENSG00000099817;ENSG00000177700;ENSG00000181222;ENSG00000185049
REACTOME_N_GLYCAN_TRIMMING_IN_THE_ER_AND_CALNEXIN_CALRETICULIN_CYCLE,prerank,1.683829517339366,0.005252790544977019,0.04271515993567761,ENSG00000150991;ENSG00000100764;ENSG00000110917;ENSG00000127022;ENSG00000089597;ENSG00000165280;ENSG00000179218;ENSG00000167004;ENSG00000135506
REACTOME_CREATION_OF_C4_AND_C2_ACTIVATORS,prerank,1.6794401331826414,0.000970873786407767,0.04328145421845963,ENSG00000241244;ENSG00000242534;ENSG00000244116;ENSG00000239571;ENSG00000243290;ENSG00000240382;ENSG00000243238;ENSG00000173369;ENSG00000241351;ENSG00000240864;ENSG00000239951;ENSG00000211653;ENSG00000211652;ENSG00000211893;ENSG00000211959;ENSG00000211973;ENSG00000224373;ENSG00000211962;ENSG00000211967;ENSG00000211660;ENSG00000242371;ENSG00000211677;ENSG00000211892;ENSG00000211896
REACTOME_TRIGLYCERIDE_CATABOLISM,prerank,1.67984846365495,0.013577023498694517,0.04338052302005121,ENSG00000213639;ENSG00000115159;ENSG00000172531;ENSG00000105355;ENSG00000072062
REACTOME_POTENTIAL_THERAPEUTICS_FOR_SARS,prerank,1.6802674134113451,0.0,0.04346657236308285,ENSG00000111642;ENSG00000116478;ENSG00000088832;ENSG00000177885;ENSG00000004478;ENSG00000241244;ENSG00000069849;ENSG00000096384;ENSG00000161203;ENSG00000080824;ENSG00000163399;ENSG00000042753;ENSG00000242534;ENSG00000244116;ENSG00000112715;ENSG00000239571;ENSG00000243290;ENSG00000240382;ENSG00000243238;ENSG00000241351;ENSG00000240864;ENSG00000162434
REACTOME_THE_ROLE_OF_NEF_IN_HIV_1_REPLICATION_AND_DISEASE_PATHOGENESIS,prerank,1.6770555597818049,0.010477299185098952,0.04371023873149608,ENSG00000100280;ENSG00000161203;ENSG00000106367;ENSG00000143761;ENSG00000042753;ENSG00000172116;ENSG00000178562;ENSG00000129354;ENSG00000101336
REACTOME_DOWNREGULATION_OF_TGF_BETA_RECEPTOR_SIGNALING,prerank,1.6745966086007857,0.01670378619153675,0.044241815978003564,ENSG00000166949;ENSG00000150991;ENSG00000082898;ENSG00000213639;ENSG00000105329;ENSG00000172531
REACTOME_GLUCOCORTICOID_BIOSYNTHESIS,prerank,1.6732212503761867,0.023064250411861616,0.04439872951775316,ENSG00000179142;ENSG00000160882;ENSG00000117594;ENSG00000115138;ENSG00000148795;ENSG00000203857;ENSG00000170099;ENSG00000176387;ENSG00000231852;ENSG00000203859
REACTOME_AEROBIC_RESPIRATION_AND_RESPIRATORY_ELECTRON_TRANSPORT,prerank,1.667855499094897,0.0,0.04450817263651164,ENSG00000166411;ENSG00000073578;ENSG00000125166;ENSG00000131828;ENSG00000062485;ENSG00000067992;ENSG00000150991;ENSG00000143252;ENSG00000067829;ENSG00000158864;ENSG00000101365;ENSG00000105953;ENSG00000136143;ENSG00000139180;ENSG00000134333;ENSG00000140374;ENSG00000173660;ENSG00000154518;ENSG00000179091;ENSG00000186010;ENSG00000159199;ENSG00000241468;ENSG00000014641;ENSG00000178741;ENSG00000108528;ENSG00000168653;ENSG00000100412;ENSG00000010256;ENSG00000213585;ENSG00000126267;ENSG00000110955;ENSG00000167863;ENSG00000101019;ENSG00000126602;ENSG00000152234;ENSG00000166136;ENSG00000165629
REACTOME_TYPE_I_HEMIDESMOSOME_ASSEMBLY,prerank,1.6717165120485191,0.025186934277843367,0.04461521868544917,ENSG00000178209;ENSG00000177697
REACTOME_LDL_CLEARANCE,prerank,1.6709214866311128,0.020066889632107024,0.044618115831103485,ENSG00000144959;ENSG00000161203;ENSG00000141367;ENSG00000042753
REACTOME_INSERTION_OF_TAIL_ANCHORED_PROTEINS_INTO_THE_ENDOPLASMIC_RETICULUM_MEMBRANE,prerank,1.670088006872266,0.013185654008438819,0.044669322597589295,ENSG00000204463;ENSG00000106089;ENSG00000198356;ENSG00000132432;ENSG00000142192
REACTOME_REGULATION_OF_MITF_M_DEPENDENT_GENES_INVOLVED_IN_LYSOSOME_BIOGENESIS_AND_AUTOPHAGY,prerank,1.6679372888973973,0.018770530267480056,0.04467452098815617,ENSG00000131100;ENSG00000114573;ENSG00000147416;ENSG00000159720;ENSG00000185883
REACTOME_SCAVENGING_OF_HEME_FROM_PLASMA,prerank,1.6685939526437648,0.003755868544600939,0.044675908978975186,ENSG00000241244;ENSG00000242534;ENSG00000244116;ENSG00000239571;ENSG00000243290;ENSG00000240382;ENSG00000243238;ENSG00000206172;ENSG00000241351;ENSG00000240864;ENSG00000188536;ENSG00000106927;ENSG00000239951;ENSG00000211653;ENSG00000211652;ENSG00000211959;ENSG00000211973;ENSG00000224373;ENSG00000211890;ENSG00000211962;ENSG00000177575;ENSG00000211967;ENSG00000211660
REACTOME_RIPK1_MEDIATED_REGULATED_NECROSIS,prerank,1.6663824946336345,0.011457670273711012,0.04472697606908395,ENSG00000150991;ENSG00000132589;ENSG00000137312;ENSG00000105401;ENSG00000080824
REACTOME_HEMOSTASIS,prerank,1.6686987485023248,0.0,0.044841740682659975,ENSG00000077549;ENSG00000127824;ENSG00000126214;ENSG00000131236;ENSG00000137076;ENSG00000170949;ENSG00000116688;ENSG00000116478;ENSG00000067560;ENSG00000169375;ENSG00000143369;ENSG00000158710;ENSG00000157193;ENSG00000035403;ENSG00000026508;ENSG00000138798;ENSG00000162433;ENSG00000103653;ENSG00000078369;ENSG00000182718;ENSG00000177885;ENSG00000197747;ENSG00000071127;ENSG00000005884;ENSG00000197746;ENSG00000241244;ENSG00000124145;ENSG00000069849;ENSG00000087460;ENSG00000174775;ENSG00000172270;ENSG00000196924;ENSG00000105329;ENSG00000130402;ENSG00000172757;ENSG00000156535;ENSG00000075624;ENSG00000116260;ENSG00000198898;ENSG00000167553;ENSG00000090863;ENSG00000196262;ENSG00000108561;ENSG00000108518;ENSG00000164111;ENSG00000072110;ENSG00000105568;ENSG00000138430;ENSG00000108946;ENSG00000063660;ENSG00000123416;ENSG00000141526;ENSG00000072062;ENSG00000188229;ENSG00000174437;ENSG00000258947;ENSG00000142192;ENSG00000242534;ENSG00000198910;ENSG00000244116;ENSG00000094916;ENSG00000112715;ENSG00000135404;ENSG00000135919;ENSG00000114353;ENSG00000239571;ENSG00000171132;ENSG00000084234;ENSG00000243290;ENSG00000102265;ENSG00000240382;ENSG00000243238;ENSG00000100311;ENSG00000179348;ENSG00000241351;ENSG00000058866;ENSG00000101981;ENSG00000090534;ENSG00000167244;ENSG00000164220;ENSG00000240864
REACTOME_G1_S_SPECIFIC_TRANSCRIPTION,prerank,-1.7553894932244194,0.0007222824124232575,0.04541838237006726,ENSG00000171848;ENSG00000189308;ENSG00000170312;ENSG00000164045;ENSG00000094804;ENSG00000176890;ENSG00000183814;ENSG00000132646;ENSG00000167513;ENSG00000169016;ENSG00000198176;ENSG00000093009;ENSG00000112029;ENSG00000101412;ENSG00000133740;ENSG00000080839;ENSG00000205659
REACTOME_AUTOPHAGY,prerank,1.6604891484789335,0.0,0.04618059788392907,ENSG00000127824;ENSG00000116688;ENSG00000150991;ENSG00000026025;ENSG00000197102;ENSG00000078668;ENSG00000197548;ENSG00000109971;ENSG00000096384;ENSG00000080824;ENSG00000204435;ENSG00000167553;ENSG00000198925;ENSG00000213585;ENSG00000130724;ENSG00000116288;ENSG00000165637;ENSG00000165280;ENSG00000123416;ENSG00000105355;ENSG00000188229;ENSG00000258947
REACTOME_MITF_M_REGULATED_MELANOCYTE_DEVELOPMENT,prerank,1.6530431884428933,0.0,0.047809265828513615,ENSG00000128245;ENSG00000065427;ENSG00000131100;ENSG00000131504;ENSG00000114573;ENSG00000116478;ENSG00000169375;ENSG00000147416;ENSG00000159720;ENSG00000082898;ENSG00000197535;ENSG00000170027;ENSG00000115866;ENSG00000108953;ENSG00000166913;ENSG00000185883;ENSG00000075624;ENSG00000127616;ENSG00000099956;ENSG00000154342;ENSG00000137203
REACTOME_CYTOKINE_SIGNALING_IN_IMMUNE_SYSTEM,prerank,1.6536490093368132,0.0,0.0478380096412728,ENSG00000127824;ENSG00000166949;ENSG00000213024;ENSG00000130706;ENSG00000068305;ENSG00000150991;ENSG00000169032;ENSG00000108861;ENSG00000151694;ENSG00000140464;ENSG00000026508;ENSG00000026025;ENSG00000103653;ENSG00000100902;ENSG00000100804;ENSG00000087191;ENSG00000094914;ENSG00000182718;ENSG00000100764;ENSG00000177885;ENSG00000106089;ENSG00000103035;ENSG00000165458;ENSG00000175166;ENSG00000013275;ENSG00000177156;ENSG00000147065;ENSG00000109971;ENSG00000108671;ENSG00000185627;ENSG00000184009;ENSG00000174775;ENSG00000173692;ENSG00000114738;ENSG00000108344;ENSG00000196924;ENSG00000115233;ENSG00000105329;ENSG00000080824;ENSG00000172757;ENSG00000075624;ENSG00000110321;ENSG00000135829;ENSG00000041357;ENSG00000166598;ENSG00000184216;ENSG00000100644;ENSG00000167553;ENSG00000101182;ENSG00000108424;ENSG00000196262;ENSG00000102900;ENSG00000099341;ENSG00000114867;ENSG00000129351;ENSG00000127022;ENSG00000127616;ENSG00000126067;ENSG00000165916;ENSG00000105568;ENSG00000148834;ENSG00000065978;ENSG00000142507;ENSG00000143761;ENSG00000123416;ENSG00000072062;ENSG00000122566;ENSG00000188229;ENSG00000185624;ENSG00000258947;ENSG00000182481;ENSG00000142192;ENSG00000075618;ENSG00000112715
REACTOME_DISORDERS_OF_DEVELOPMENTAL_BIOLOGY,prerank,1.6540847779478187,0.01753531417437896,0.04789045154637319,ENSG00000171720;ENSG00000116478;ENSG00000169375;ENSG00000072062
REACTOME_MITOCHONDRIAL_PROTEIN_IMPORT,prerank,1.6504568551855041,0.0037914691943127963,0.048368882929535534,ENSG00000062485;ENSG00000109519;ENSG00000067829;ENSG00000107959;ENSG00000179091;ENSG00000159199;ENSG00000100412;ENSG00000213585;ENSG00000110955;ENSG00000152234;ENSG00000166136
REACTOME_CYCLIN_A_B1_B2_ASSOCIATED_EVENTS_DURING_G2_M_TRANSITION,prerank,-1.7338139194560154,0.0022689276331502267,0.049956877332700045,ENSG00000166851;ENSG00000134057;ENSG00000140534;ENSG00000145386;ENSG00000170312;ENSG00000164045;ENSG00000123374;ENSG00000123485;ENSG00000166483;ENSG00000101224;ENSG00000129810;ENSG00000158402;ENSG00000136122;ENSG00000127564;ENSG00000157456;ENSG00000104695
REACTOME_ACTIVATION_OF_THE_PRE_REPLICATIVE_COMPLEX,prerank,-1.744095165481008,0.001078877966914409,0.050167005059799416,ENSG00000094804;ENSG00000065328;ENSG00000123374;ENSG00000106399;ENSG00000198056;ENSG00000100479;ENSG00000204086;ENSG00000006634;ENSG00000167513;ENSG00000125885;ENSG00000091651;ENSG00000093009;ENSG00000115350;ENSG00000135336;ENSG00000014138;ENSG00000112312;ENSG00000117748
REACTOME_MECP2_REGULATES_NEURONAL_RECEPTORS_AND_CHANNELS,prerank,1.6418471181583951,0.021621621621621623,0.05036849267853541,ENSG00000116478;ENSG00000169375;ENSG00000059804
REACTOME_MITOCHONDRIAL_CALCIUM_ION_TRANSPORT,prerank,1.6418828976619735,0.0136986301369863,0.050563007146916,ENSG00000078668;ENSG00000107745;ENSG00000167085;ENSG00000213585;ENSG00000165637
REACTOME_KERATINIZATION,prerank,1.6423691260056092,0.0,0.050645066594075555,ENSG00000014216;ENSG00000126247;ENSG00000178172;ENSG00000186207;ENSG00000187223;ENSG00000169474;ENSG00000134762;ENSG00000186049;ENSG00000104055;ENSG00000205420;ENSG00000170486;ENSG00000163202;ENSG00000170523;ENSG00000186844;ENSG00000129437;ENSG00000171401;ENSG00000204889;ENSG00000171403;ENSG00000163216;ENSG00000187180;ENSG00000189337;ENSG00000172155;ENSG00000081277;ENSG00000244094;ENSG00000235942;ENSG00000185479;ENSG00000204021;ENSG00000204539;ENSG00000144283;ENSG00000108244;ENSG00000203782;ENSG00000167754;ENSG00000196734;ENSG00000159455;ENSG00000186832;ENSG00000196805;ENSG00000124102;ENSG00000204572
REACTOME_NONSENSE_MEDIATED_DECAY_NMD,prerank,-1.729439429851295,0.0,0.05079620878694198,ENSG00000105640;ENSG00000198755;ENSG00000149806;ENSG00000221983;ENSG00000115268;ENSG00000136942;ENSG00000105372;ENSG00000177600;ENSG00000089157;ENSG00000130255;ENSG00000162244;ENSG00000182899;ENSG00000109475;ENSG00000142541;ENSG00000137818;ENSG00000172809;ENSG00000142676;ENSG00000131469;ENSG00000110700;ENSG00000167526;ENSG00000142534;ENSG00000177954;ENSG00000144713;ENSG00000163923;ENSG00000116251;ENSG00000063177;ENSG00000100316;ENSG00000185088;ENSG00000156482;ENSG00000140988;ENSG00000171858;ENSG00000071082;ENSG00000108298;ENSG00000113575;ENSG00000143947;ENSG00000148303;ENSG00000125691;ENSG00000265681;ENSG00000165496;ENSG00000111196;ENSG00000197728;ENSG00000118181;ENSG00000124614;ENSG00000161016;ENSG00000037241;ENSG00000145592;ENSG00000149273;ENSG00000188846;ENSG00000108107;ENSG00000161970;ENSG00000105193;ENSG00000163584;ENSG00000197756;ENSG00000136937;ENSG00000229117;ENSG00000198242;ENSG00000145425;ENSG00000138326;ENSG00000134419;ENSG00000170889;ENSG00000083845;ENSG00000140986;ENSG00000197958;ENSG00000171863;ENSG00000070756;ENSG00000089009;ENSG00000137154
REACTOME_E2F_MEDIATED_REGULATION_OF_DNA_REPLICATION,prerank,-1.7338913104961018,0.0013600395647873392,0.05226280796339723,ENSG00000134057;ENSG00000170312;ENSG00000198056;ENSG00000125885;ENSG00000091651;ENSG00000198176;ENSG00000104695;ENSG00000101412;ENSG00000135336;ENSG00000014138;ENSG00000167393;ENSG00000113575;ENSG00000115942
REACTOME_EUKARYOTIC_TRANSLATION_INITIATION,prerank,-1.735971302542006,0.0,0.053285385578161905,ENSG00000105640;ENSG00000198755;ENSG00000149806;ENSG00000221983;ENSG00000115268;ENSG00000136942;ENSG00000105372;ENSG00000177600;ENSG00000089157;ENSG00000130255;ENSG00000162244;ENSG00000182899;ENSG00000109475;ENSG00000142541;ENSG00000137818;ENSG00000172809;ENSG00000178982;ENSG00000142676;ENSG00000131469;ENSG00000175390;ENSG00000110700;ENSG00000158417;ENSG00000167526;ENSG00000142534;ENSG00000177954;ENSG00000144713;ENSG00000163923;ENSG00000116251;ENSG00000063177;ENSG00000100316;ENSG00000185088;ENSG00000156482;ENSG00000140988;ENSG00000171858;ENSG00000071082;ENSG00000187840;ENSG00000108298;ENSG00000184110;ENSG00000143947;ENSG00000148303;ENSG00000125691;ENSG00000265681;ENSG00000165496;ENSG00000197728;ENSG00000118181;ENSG00000124614;ENSG00000161016;ENSG00000037241;ENSG00000145592;ENSG00000104131;ENSG00000149273;ENSG00000100129;ENSG00000188846;ENSG00000108107;ENSG00000161960;ENSG00000125977;ENSG00000161970;ENSG00000105193;ENSG00000163584;ENSG00000197756;ENSG00000070785;ENSG00000229117;ENSG00000198242;ENSG00000145425;ENSG00000138326;ENSG00000134419;ENSG00000170889;ENSG00000083845;ENSG00000140986;ENSG00000151247;ENSG00000197958;ENSG00000171863;ENSG00000070756;ENSG00000089009;ENSG00000137154;ENSG00000156976
REACTOME_DENGUE_VIRUS_ACTIVATES_MODULATES_INNATE_AND_ADAPTIVE_IMMUNE_RESPONSES,prerank,1.6255089080180216,0.015651201788708775,0.05543794947746621,ENSG00000140464;ENSG00000096384;ENSG00000006712;ENSG00000080824;ENSG00000166477
REACTOME_TGF_BETA_RECEPTOR_SIGNALING_ACTIVATES_SMADS,prerank,1.6241679912194882,0.008289374529012811,0.055692942643997385,ENSG00000166949;ENSG00000150991;ENSG00000088832;ENSG00000082898;ENSG00000213639;ENSG00000105329;ENSG00000082781;ENSG00000129559;ENSG00000172531
REACTOME_TGF_BETA_RECEPTOR_SIGNALING_IN_EMT_EPITHELIAL_TO_MESENCHYMAL_TRANSITION,prerank,1.6223352467672938,0.029580152671755726,0.056130452909877095,ENSG00000067560;ENSG00000150991;ENSG00000088832;ENSG00000105329
REACTOME_INSULIN_RECEPTOR_RECYCLING,prerank,1.6205548865784938,0.016033254156769598,0.05651691223782312,ENSG00000131100;ENSG00000114573;ENSG00000147416;ENSG00000159720;ENSG00000117984;ENSG00000185883;ENSG00000071553
REACTOME_PLATELET_ACTIVATION_SIGNALING_AND_AGGREGATION,prerank,1.6166195906801553,0.0,0.057699925364515216,ENSG00000127824;ENSG00000131236;ENSG00000137076;ENSG00000067560;ENSG00000143369;ENSG00000158710;ENSG00000035403;ENSG00000138798;ENSG00000103653;ENSG00000078369;ENSG00000177885;ENSG00000071127;ENSG00000197746;ENSG00000196924;ENSG00000105329;ENSG00000130402;ENSG00000172757;ENSG00000156535;ENSG00000116260;ENSG00000196262;ENSG00000108518;ENSG00000164111;ENSG00000072110;ENSG00000138430;ENSG00000142192;ENSG00000112715;ENSG00000135404;ENSG00000114353;ENSG00000171132;ENSG00000084234;ENSG00000102265;ENSG00000100311;ENSG00000058866;ENSG00000090534;ENSG00000167244;ENSG00000164220
REACTOME_RECRUITMENT_OF_MITOTIC_CENTROSOME_PROTEINS_AND_COMPLEXES,prerank,1.6153478749092678,0.0011976047904191617,0.05788844533480643,ENSG00000127824;ENSG00000130640;ENSG00000101367;ENSG00000197102;ENSG00000175203;ENSG00000170027;ENSG00000080824;ENSG00000108953;ENSG00000138107;ENSG00000105568;ENSG00000204843;ENSG00000072062;ENSG00000188229;ENSG00000131462
REACTOME_INITIAL_TRIGGERING_OF_COMPLEMENT,prerank,1.6139693380892643,0.002152852529601722,0.05813724556155051,ENSG00000241244;ENSG00000242534;ENSG00000244116;ENSG00000239571;ENSG00000243290;ENSG00000240382;ENSG00000243238;ENSG00000173369;ENSG00000241351;ENSG00000240864;ENSG00000239951;ENSG00000125730;ENSG00000211653;ENSG00000243649;ENSG00000211652;ENSG00000211893;ENSG00000211959;ENSG00000211973;ENSG00000224373;ENSG00000211962;ENSG00000211967;ENSG00000211660;ENSG00000244731;ENSG00000242371;ENSG00000211677;ENSG00000211892;ENSG00000211896
REACTOME_LATE_ENDOSOMAL_MICROAUTOPHAGY,prerank,1.60665892367048,0.013924050632911392,0.06060310403343062,ENSG00000150991;ENSG00000026025;ENSG00000109971;ENSG00000130724;ENSG00000116288;ENSG00000105355
REACTOME_MATURATION_OF_DENV_PROTEINS,prerank,1.6056701665584567,0.004830917874396135,0.06073745952852595,ENSG00000150991;ENSG00000082898;ENSG00000108424;ENSG00000127022;ENSG00000185624;ENSG00000118705;ENSG00000179218;ENSG00000182481;ENSG00000167004;ENSG00000244038;ENSG00000122884;ENSG00000163902;ENSG00000072682
REACTOME_TANDEM_PORE_DOMAIN_POTASSIUM_CHANNELS,prerank,1.6034741874931822,0.03604325190228274,0.061263936456565575,ENSG00000171303;ENSG00000169427;ENSG00000124780;ENSG00000182450;ENSG00000135750;ENSG00000152315;ENSG00000099337;ENSG00000082482
REACTOME_FCGR3A_MEDIATED_IL10_SYNTHESIS,prerank,1.6006689445495872,0.001336898395721925,0.06211102702523529,ENSG00000241244;ENSG00000108946;ENSG00000072062;ENSG00000242534;ENSG00000244116;ENSG00000239571;ENSG00000243290;ENSG00000129467;ENSG00000240382;ENSG00000136634;ENSG00000243238;ENSG00000203747;ENSG00000241351;ENSG00000240864;ENSG00000239951;ENSG00000000938;ENSG00000211653;ENSG00000211652;ENSG00000160654;ENSG00000078295;ENSG00000211893;ENSG00000101336;ENSG00000211959;ENSG00000211973;ENSG00000224373;ENSG00000211962;ENSG00000211967;ENSG00000211660;ENSG00000173175;ENSG00000242371;ENSG00000211677;ENSG00000211892;ENSG00000211896
REACTOME_PHOSPHORYLATION_AND_NUCLEAR_TRANSLOCATION_OF_THE_CRY_PER_KINASE_COMPLEX,prerank,1.5984355119883065,0.03653355989804588,0.062497775771162896,ENSG00000213639;ENSG00000204435;ENSG00000172531
REACTOME_SHC1_EVENTS_IN_ERBB2_SIGNALING,prerank,1.5989737329597922,0.028616852146263912,0.06253837328869691,ENSG00000138798;ENSG00000177885;ENSG00000174775;ENSG00000171132
REACTOME_ANTIGEN_PROCESSING_UBIQUITINATION_PROTEASOME_DEGRADATION,prerank,1.5976108098355153,0.0,0.06257770524454195,ENSG00000064726;ENSG00000130706;ENSG00000170633;ENSG00000009335;ENSG00000150991;ENSG00000131653;ENSG00000157450;ENSG00000141279;ENSG00000159202;ENSG00000175931;ENSG00000100902;ENSG00000100804;ENSG00000087191;ENSG00000197548;ENSG00000099364;ENSG00000100764;ENSG00000103035;ENSG00000175166;ENSG00000013275;ENSG00000108671;ENSG00000185627;ENSG00000130985;ENSG00000173692;ENSG00000108344;ENSG00000115233;ENSG00000041357;ENSG00000101182;ENSG00000099341;ENSG00000126067;ENSG00000165916;ENSG00000142507
REACTOME_NERVOUS_SYSTEM_DEVELOPMENT,prerank,1.5965859489850769,0.0,0.0627444336451265,ENSG00000127824;ENSG00000125753;ENSG00000131236;ENSG00000137076;ENSG00000130706;ENSG00000198911;ENSG00000067560;ENSG00000150991;ENSG00000169032;ENSG00000115091;ENSG00000163466;ENSG00000138071;ENSG00000100902;ENSG00000100804;ENSG00000079805;ENSG00000087191;ENSG00000100345;ENSG00000100764;ENSG00000177885;ENSG00000197694;ENSG00000103035;ENSG00000011009;ENSG00000175166;ENSG00000013275;ENSG00000147065;ENSG00000109971;ENSG00000108671;ENSG00000096384;ENSG00000161203;ENSG00000092964;ENSG00000185627;ENSG00000184009;ENSG00000174775;ENSG00000173692;ENSG00000108344;ENSG00000141367;ENSG00000092841;ENSG00000115233;ENSG00000080824;ENSG00000204435;ENSG00000172757;ENSG00000075624;ENSG00000041357;ENSG00000137845;ENSG00000167553;ENSG00000101182;ENSG00000108518;ENSG00000099341;ENSG00000114867;ENSG00000127616;ENSG00000126067;ENSG00000165916;ENSG00000130429;ENSG00000106683;ENSG00000142507;ENSG00000241685;ENSG00000063660;ENSG00000123416;ENSG00000042753;ENSG00000072062;ENSG00000188229;ENSG00000258947;ENSG00000198910;ENSG00000196923;ENSG00000241553
REACTOME_TRANSLATION,prerank,1.595059328545041,0.0,0.06306376048693903,ENSG00000065427;ENSG00000243927;ENSG00000130706;ENSG00000150991;ENSG00000134440;ENSG00000163516;ENSG00000242372;ENSG00000100902;ENSG00000100804;ENSG00000087191;ENSG00000106682;ENSG00000100764;ENSG00000106263;ENSG00000103035;ENSG00000070010;ENSG00000179115;ENSG00000175166;ENSG00000013275;ENSG00000108671;ENSG00000067704;ENSG00000185627;ENSG00000115866;ENSG00000173692;ENSG00000108344;ENSG00000167881;ENSG00000115233;ENSG00000074071;ENSG00000041357;ENSG00000086504;ENSG00000158042;ENSG00000101182;ENSG00000178952;ENSG00000132432;ENSG00000099341;ENSG00000114867;ENSG00000126067;ENSG00000084623;ENSG00000165916;ENSG00000125445;ENSG00000142507;ENSG00000165280;ENSG00000140319;ENSG00000164062;ENSG00000118705;ENSG00000244038;ENSG00000163902
REACTOME_METABOLISM_OF_RNA,prerank,1.5903797002265636,0.0,0.06408382343633706,ENSG00000119392;ENSG00000213024;ENSG00000165119;ENSG00000130706;ENSG00000244509;ENSG00000130520;ENSG00000167721;ENSG00000150991;ENSG00000144028;ENSG00000141456;ENSG00000132463;ENSG00000125755;ENSG00000132792;ENSG00000108883;ENSG00000189091;ENSG00000100902;ENSG00000104783;ENSG00000183258;ENSG00000100804;ENSG00000082898;ENSG00000087191;ENSG00000100029;ENSG00000094914;ENSG00000100764;ENSG00000105771;ENSG00000174231;ENSG00000006744;ENSG00000108592;ENSG00000103035;ENSG00000153187;ENSG00000136450;ENSG00000079785;ENSG00000213639;ENSG00000109606;ENSG00000111605;ENSG00000175166;ENSG00000013275;ENSG00000109971;ENSG00000108671;ENSG00000115053;ENSG00000185627;ENSG00000173692;ENSG00000108344;ENSG00000099783;ENSG00000087365;ENSG00000087087;ENSG00000196235;ENSG00000115233;ENSG00000089280;ENSG00000092199;ENSG00000166913;ENSG00000135829;ENSG00000041357;ENSG00000101182;ENSG00000099817;ENSG00000102900;ENSG00000132341;ENSG00000077312;ENSG00000177700;ENSG00000099341;ENSG00000104824;ENSG00000114867;ENSG00000181222;ENSG00000126067;ENSG00000165916;ENSG00000105568;ENSG00000163634;ENSG00000172531;ENSG00000065978;ENSG00000142507;ENSG00000165733;ENSG00000122566;ENSG00000145833;ENSG00000140350
REACTOME_TRNA_AMINOACYLATION,prerank,1.5907801060463163,0.008106116433308769,0.0641804469579428,ENSG00000065427;ENSG00000134440;ENSG00000179115;ENSG00000067704;ENSG00000115866
REACTOME_RHO_GTPASE_EFFECTORS,prerank,1.591066452072136,0.0,0.0643336612392989,ENSG00000128245;ENSG00000127824;ENSG00000126214;ENSG00000131504;ENSG00000213672;ENSG00000067560;ENSG00000115091;ENSG00000044115;ENSG00000140575;ENSG00000163466;ENSG00000134308;ENSG00000138071;ENSG00000101367;ENSG00000085733;ENSG00000197102;ENSG00000082898;ENSG00000100401;ENSG00000100345;ENSG00000177885;ENSG00000213639;ENSG00000170027;ENSG00000184009;ENSG00000196924;ENSG00000092841;ENSG00000108953;ENSG00000166913;ENSG00000172757;ENSG00000075624;ENSG00000126777;ENSG00000167553;ENSG00000254999;ENSG00000108518;ENSG00000105568;ENSG00000130429;ENSG00000106683;ENSG00000241685;ENSG00000123416;ENSG00000188229;ENSG00000258947;ENSG00000241553;ENSG00000198901
REACTOME_HCMV_INFECTION,prerank,1.5869846134395886,0.0018181818181818182,0.06512983930122584,ENSG00000127824;ENSG00000213024;ENSG00000165119;ENSG00000171720;ENSG00000140464;ENSG00000197102;ENSG00000094914;ENSG00000132612;ENSG00000167553;ENSG00000130726;ENSG00000102900;ENSG00000130724;ENSG00000123416;ENSG00000188229;ENSG00000258947
REACTOME_DISEASES_OF_BRANCHED_CHAIN_AMINO_ACID_CATABOLISM,prerank,1.5843181499603591,0.04626026805015132,0.06587887965584131,ENSG00000248098;ENSG00000103507;ENSG00000127884
REACTOME_ACTIVATION_OF_ATR_IN_RESPONSE_TO_REPLICATION_STRESS,prerank,-1.702265767233566,0.0019000118750742193,0.06683673531932004,ENSG00000164045;ENSG00000094804;ENSG00000065328;ENSG00000123374;ENSG00000106399;ENSG00000149554;ENSG00000158402;ENSG00000006634;ENSG00000125885;ENSG00000091651;ENSG00000111445;ENSG00000093009;ENSG00000163918;ENSG00000049541;ENSG00000135336;ENSG00000117748;ENSG00000115942;ENSG00000092853;ENSG00000097046;ENSG00000133119
REACTOME_RHO_GTPASES_ACTIVATE_FORMINS,prerank,-1.7040871648673164,0.0,0.06795646291526763,ENSG00000166851;ENSG00000143228;ENSG00000115163;ENSG00000178999;ENSG00000089685;ENSG00000198033;ENSG00000156970;ENSG00000134690;ENSG00000152253;ENSG00000138778;ENSG00000142945;ENSG00000080986;ENSG00000117399;ENSG00000153044;ENSG00000155366;ENSG00000137267;ENSG00000197122;ENSG00000167552;ENSG00000102384;ENSG00000137812;ENSG00000121621;ENSG00000117724;ENSG00000174442;ENSG00000161888;ENSG00000070087;ENSG00000104833;ENSG00000129810;ENSG00000072864;ENSG00000150093;ENSG00000120334;ENSG00000166451;ENSG00000175216;ENSG00000184445;ENSG00000101162;ENSG00000157020;ENSG00000149636;ENSG00000164109;ENSG00000123219;ENSG00000173156;ENSG00000068971;ENSG00000154839;ENSG00000186871;ENSG00000151725;ENSG00000075188;ENSG00000175279;ENSG00000169679;ENSG00000040275;ENSG00000163535;ENSG00000104695;ENSG00000107404
REACTOME_TURBULENT_OSCILLATORY_DISTURBED_FLOW_SHEAR_STRESS_ACTIVATES_SIGNALING_BY_PIEZO1_AND_INTEGRINS_IN_ENDOTHELIAL_CELLS,prerank,1.5770522153258588,0.01840855106888361,0.06849483393277304,ENSG00000035403;ENSG00000182718;ENSG00000105568;ENSG00000126247;ENSG00000162909
REACTOME_TRANSFERRIN_ENDOCYTOSIS_AND_RECYCLING,prerank,1.573146283853525,0.022235576923076924,0.0698633799217923,ENSG00000131100;ENSG00000114573;ENSG00000147416;ENSG00000159720;ENSG00000185883;ENSG00000072274;ENSG00000071553
REACTOME_IRF3_MEDIATED_INDUCTION_OF_TYPE_I_IFN,prerank,1.5713281006358262,0.03781693167168027,0.07032598784700268,ENSG00000183258;ENSG00000196419;ENSG00000079246
REACTOME_TRANSPORT_TO_THE_GOLGI_AND_SUBSEQUENT_MODIFICATION,prerank,1.5697551854026122,0.0,0.07068946018185826,ENSG00000077549;ENSG00000127824;ENSG00000161013;ENSG00000103051;ENSG00000073969;ENSG00000105063;ENSG00000197102;ENSG00000175203;ENSG00000197694;ENSG00000134287;ENSG00000138107;ENSG00000105669;ENSG00000198898;ENSG00000174903;ENSG00000122218;ENSG00000167553;ENSG00000204843;ENSG00000143761;ENSG00000123416;ENSG00000188229;ENSG00000170043;ENSG00000105438;ENSG00000258947;ENSG00000166557;ENSG00000184840
REACTOME_VESICLE_MEDIATED_TRANSPORT,prerank,1.5684819331704332,0.0,0.07095489843291855,ENSG00000077549;ENSG00000128245;ENSG00000127824;ENSG00000126214;ENSG00000110514;ENSG00000150991;ENSG00000169221;ENSG00000157483;ENSG00000115091;ENSG00000163466;ENSG00000134308;ENSG00000138798;ENSG00000138071;ENSG00000103051;ENSG00000073969;ENSG00000085733;ENSG00000105063;ENSG00000197102;ENSG00000003056;ENSG00000079805;ENSG00000185359;ENSG00000100345;ENSG00000075785;ENSG00000175203;ENSG00000177885;ENSG00000197535;ENSG00000197694;ENSG00000084733;ENSG00000241244;ENSG00000100280;ENSG00000109971;ENSG00000132612;ENSG00000203879;ENSG00000161203;ENSG00000170027;ENSG00000184009;ENSG00000141367;ENSG00000080824;ENSG00000108953;ENSG00000166913;ENSG00000134287;ENSG00000075624;ENSG00000138107;ENSG00000105669;ENSG00000166598;ENSG00000198898;ENSG00000174903;ENSG00000122218;ENSG00000167553;ENSG00000169727;ENSG00000130724;ENSG00000168090;ENSG00000129559;ENSG00000106367;ENSG00000204843;ENSG00000241685;ENSG00000143761;ENSG00000143545;ENSG00000123416;ENSG00000105355;ENSG00000042753;ENSG00000174791;ENSG00000188229;ENSG00000111652;ENSG00000117450;ENSG00000072274;ENSG00000170043;ENSG00000105438;ENSG00000258947;ENSG00000179218;ENSG00000142192;ENSG00000242534;ENSG00000187714;ENSG00000244116;ENSG00000103769;ENSG00000241553;ENSG00000166557;ENSG00000239571;ENSG00000184840;ENSG00000100599;ENSG00000243290;ENSG00000240382;ENSG00000105186;ENSG00000243238
REACTOME_VLDLR_INTERNALISATION_AND_DEGRADATION,prerank,1.564444102622146,0.03114830311483031,0.07235825631113064,ENSG00000150991;ENSG00000161203;ENSG00000141367;ENSG00000042753
REACTOME_BIOSYNTHESIS_OF_THE_N_GLYCAN_PRECURSOR_DOLICHOL_LIPID_LINKED_OLIGOSACCHARIDE_LLO_AND_TRANSFER_TO_A_NASCENT_PROTEIN,prerank,-1.6928434213151282,0.00032865907099035934,0.07272457581927776,ENSG00000169084;ENSG00000179085;ENSG00000159921;ENSG00000104522;ENSG00000086848;ENSG00000204386;ENSG00000177511;ENSG00000173540;ENSG00000111726;ENSG00000129255;ENSG00000013375;ENSG00000102032;ENSG00000172269;ENSG00000157353;ENSG00000162066;ENSG00000136840;ENSG00000119899;ENSG00000167508;ENSG00000148803;ENSG00000119523;ENSG00000095380;ENSG00000124357;ENSG00000136908;ENSG00000182858;ENSG00000117143;ENSG00000172339;ENSG00000120697;ENSG00000100417;ENSG00000254685;ENSG00000159063;ENSG00000033011;ENSG00000214160;ENSG00000115525;ENSG00000157350;ENSG00000175283;ENSG00000073849;ENSG00000000419;ENSG00000110080;ENSG00000163933
REACTOME_PARACETAMOL_ADME,prerank,1.5620373449350713,0.027917364600781685,0.07288811447452655,ENSG00000108846;ENSG00000103222;ENSG00000110321;ENSG00000084207
REACTOME_INTRACELLULAR_SIGNALING_BY_SECOND_MESSENGERS,prerank,1.560706802554811,0.0,0.0729377133172915,ENSG00000130706;ENSG00000111642;ENSG00000171720;ENSG00000116478;ENSG00000150991;ENSG00000140464;ENSG00000138798;ENSG00000100902;ENSG00000100804;ENSG00000087191;ENSG00000100764;ENSG00000177885;ENSG00000103035;ENSG00000175166;ENSG00000013275;ENSG00000108671;ENSG00000185627;ENSG00000173692;ENSG00000108344;ENSG00000115233;ENSG00000204435;ENSG00000041357;ENSG00000184216;ENSG00000101182;ENSG00000099341;ENSG00000126067;ENSG00000165916;ENSG00000105568;ENSG00000142507;ENSG00000108946;ENSG00000072062;ENSG00000182481;ENSG00000171132;ENSG00000129467;ENSG00000141570;ENSG00000100311;ENSG00000186895
REACTOME_REGULATION_OF_LOCALIZATION_OF_FOXO_TRANSCRIPTION_FACTORS,prerank,1.5599962716119484,0.04530201342281879,0.07295550083874143,ENSG00000134308;ENSG00000170027;ENSG00000166913
REACTOME_COMPLEMENT_CASCADE,prerank,1.5623919366960382,0.0031201248049922,0.07300785313359957,ENSG00000241244;ENSG00000242534;ENSG00000244116;ENSG00000179142;ENSG00000239571;ENSG00000243290;ENSG00000240382;ENSG00000243238;ENSG00000173369;ENSG00000157131;ENSG00000241351;ENSG00000240864;ENSG00000134365;ENSG00000239951;ENSG00000125730;ENSG00000211653;ENSG00000243649;ENSG00000211652;ENSG00000080910;ENSG00000117322;ENSG00000160882;ENSG00000211893;ENSG00000211959;ENSG00000109072;ENSG00000211973;ENSG00000224373;ENSG00000211962;ENSG00000211967;ENSG00000244414;ENSG00000211660;ENSG00000244731;ENSG00000242371;ENSG00000196352;ENSG00000116785;ENSG00000211677;ENSG00000211892;ENSG00000211896
REACTOME_SIGNALING_BY_ROBO_RECEPTORS,prerank,1.5610326264253787,0.0,0.07305789091509016,ENSG00000125753;ENSG00000131236;ENSG00000130706;ENSG00000067560;ENSG00000150991;ENSG00000100902;ENSG00000100804;ENSG00000087191;ENSG00000100764;ENSG00000103035;ENSG00000175166;ENSG00000013275;ENSG00000108671;ENSG00000185627;ENSG00000173692;ENSG00000108344;ENSG00000115233;ENSG00000041357;ENSG00000101182;ENSG00000108518;ENSG00000099341;ENSG00000114867;ENSG00000126067;ENSG00000165916;ENSG00000142507;ENSG00000063660;ENSG00000072062
REACTOME_WNT_LIGAND_BIOGENESIS_AND_TRAFFICKING,prerank,1.556606833121543,0.022913256955810146,0.07409842500132209,ENSG00000069329;ENSG00000115596;ENSG00000111186;ENSG00000154342;ENSG00000105989;ENSG00000169884;ENSG00000135925;ENSG00000188064;ENSG00000143816
REACTOME_SEMA3A_PAK_DEPENDENT_AXON_REPULSION,prerank,1.5554437158609324,0.0372557928214448,0.07432276513415992,ENSG00000096384;ENSG00000080824;ENSG00000172757;ENSG00000106683
REACTOME_GLYCOGEN_STORAGE_DISEASES,prerank,1.5508316765501793,0.035398230088495575,0.07552813582567212,ENSG00000114480;ENSG00000150991;ENSG00000104812;ENSG00000141349;ENSG00000131482
REACTOME_SHC1_EVENTS_IN_ERBB4_SIGNALING,prerank,1.5511688572220401,0.03738719381177482,0.07566938941219312,ENSG00000177885;ENSG00000174775;ENSG00000158458;ENSG00000124882;ENSG00000213281
REACTOME_SENSORY_PROCESSING_OF_SOUND_BY_OUTER_HAIR_CELLS_OF_THE_COCHLEA,prerank,1.549762816422315,0.013964313421256789,0.07572882652956464,ENSG00000157483;ENSG00000100345;ENSG00000197694;ENSG00000147065;ENSG00000247596;ENSG00000184009;ENSG00000075624
REACTOME_RHO_GTPASES_ACTIVATE_CIT,prerank,1.5512885097904743,0.03434739941118744,0.07588280055817709,ENSG00000067560;ENSG00000100345;ENSG00000213639;ENSG00000092841;ENSG00000198901;ENSG00000133392
REACTOME_COLLAGEN_CHAIN_TRIMERIZATION,prerank,-1.6853766767113136,0.0026604973973395024,0.07686868823076162,ENSG00000168542;ENSG00000197565;ENSG00000204262;ENSG00000134871;ENSG00000108821;ENSG00000049089;ENSG00000182871;ENSG00000163359;ENSG00000130635;ENSG00000142173;ENSG00000160963;ENSG00000196739;ENSG00000164692;ENSG00000142156;ENSG00000060718;ENSG00000114270;ENSG00000171812;ENSG00000188153
REACTOME_REGULATION_OF_PLK1_ACTIVITY_AT_G2_M_TRANSITION,prerank,1.5439057938041358,0.0013175230566534915,0.07793912720793966,ENSG00000127824;ENSG00000150991;ENSG00000101367;ENSG00000197102;ENSG00000175203;ENSG00000213639;ENSG00000170027;ENSG00000080824;ENSG00000108953;ENSG00000138107;ENSG00000105568;ENSG00000204843;ENSG00000072062;ENSG00000188229;ENSG00000131462
REACTOME_SIGNALING_BY_ALK_IN_CANCER,prerank,1.536964548659184,0.0013869625520110957,0.08080439294960048,ENSG00000126214;ENSG00000110841;ENSG00000116478;ENSG00000150991;ENSG00000035403;ENSG00000100345;ENSG00000177885;ENSG00000147065;ENSG00000141367;ENSG00000204843;ENSG00000108946
REACTOME_CHK1_CHK2_CDS1_MEDIATED_INACTIVATION_OF_CYCLIN_B_CDK1_COMPLEX,prerank,1.535734439854377,0.04686795853988283,0.08111178172384526,ENSG00000128245;ENSG00000134308;ENSG00000170027;ENSG00000108953;ENSG00000166913
REACTOME_HCMV_EARLY_EVENTS,prerank,1.5324786806685842,0.0054869684499314125,0.0820994425657582,ENSG00000127824;ENSG00000213024;ENSG00000171720;ENSG00000140464;ENSG00000197102;ENSG00000094914;ENSG00000167553;ENSG00000130726;ENSG00000102900;ENSG00000123416;ENSG00000188229;ENSG00000258947
REACTOME_ANTI_INFLAMMATORY_RESPONSE_FAVOURING_LEISHMANIA_PARASITE_INFECTION,prerank,1.5324960216239238,0.004319654427645789,0.08237674366152713,ENSG00000151694;ENSG00000078369;ENSG00000100345;ENSG00000241244;ENSG00000087460;ENSG00000108946;ENSG00000072062;ENSG00000242534;ENSG00000244116;ENSG00000114353;ENSG00000239571;ENSG00000243290;ENSG00000129467;ENSG00000240382;ENSG00000136634;ENSG00000243238;ENSG00000203747;ENSG00000241351;ENSG00000170425;ENSG00000240864;ENSG00000239951;ENSG00000000938;ENSG00000211653;ENSG00000211652;ENSG00000160654;ENSG00000078295;ENSG00000211893;ENSG00000101336;ENSG00000211959
REACTOME_PKA_ACTIVATION_IN_GLUCAGON_SIGNALLING,prerank,1.5310854290756002,0.03563056727613689,0.08248743861198188,ENSG00000087460;ENSG00000108946;ENSG00000072062;ENSG00000129467
REACTOME_GAB1_SIGNALOSOME,prerank,1.5223843653311346,0.047556719022687606,0.08653657032814227,ENSG00000138798;ENSG00000103653;ENSG00000177885
REACTOME_FCERI_MEDIATED_MAPK_ACTIVATION,prerank,1.5145924465467007,0.001184834123222749,0.09004870700269595,ENSG00000177885;ENSG00000241244;ENSG00000174775;ENSG00000242534;ENSG00000244116;ENSG00000239571;ENSG00000243290;ENSG00000240382;ENSG00000243238;ENSG00000241351;ENSG00000240864;ENSG00000239951;ENSG00000211653;ENSG00000211652;ENSG00000211959;ENSG00000211973;ENSG00000224373;ENSG00000211962;ENSG00000211967;ENSG00000211660;ENSG00000141968;ENSG00000213281;ENSG00000242371;ENSG00000170345;ENSG00000211677
REACTOME_EPHRIN_SIGNALING,prerank,-1.6681760056891672,0.004639498432601881,0.09143656408317473,ENSG00000077264;ENSG00000197122;ENSG00000123143;ENSG00000108947;ENSG00000133216;ENSG00000125266;ENSG00000010810;ENSG00000090776;ENSG00000196411
REACTOME_AURKA_ACTIVATION_BY_TPX2,prerank,1.5101771888247182,0.003236245954692557,0.09202859883419363,ENSG00000127824;ENSG00000101367;ENSG00000197102;ENSG00000175203;ENSG00000170027;ENSG00000080824;ENSG00000108953;ENSG00000138107;ENSG00000105568;ENSG00000204843;ENSG00000072062;ENSG00000188229;ENSG00000131462
REACTOME_CELL_SURFACE_INTERACTIONS_AT_THE_VASCULAR_WALL,prerank,1.5067983094885309,0.0,0.09356263487134725,ENSG00000026508;ENSG00000177885;ENSG00000005884;ENSG00000241244;ENSG00000124145;ENSG00000069849;ENSG00000174775;ENSG00000172270;ENSG00000105329;ENSG00000090863;ENSG00000196262;ENSG00000063660;ENSG00000141526;ENSG00000242534;ENSG00000198910;ENSG00000244116;ENSG00000239571;ENSG00000243290;ENSG00000240382;ENSG00000243238;ENSG00000241351;ENSG00000240864;ENSG00000149564;ENSG00000101280;ENSG00000239951;ENSG00000211653;ENSG00000211652;ENSG00000007908;ENSG00000169896
REACTOME_EXPORT_OF_VIRAL_RIBONUCLEOPROTEINS_FROM_NUCLEUS,prerank,1.505196175173841,0.029805352798053526,0.0940880110444541,ENSG00000213024;ENSG00000082898;ENSG00000094914;ENSG00000102900;ENSG00000132341
REACTOME_SIGNALING_BY_PDGFRA_TRANSMEMBRANE_JUXTAMEMBRANE_AND_KINASE_DOMAIN_MUTANTS,prerank,1.503026792700425,0.057585385226370134,0.09431737828969793,ENSG00000177885;ENSG00000174775
REACTOME_KIDNEY_DEVELOPMENT,prerank,1.503156578262795,0.019622641509433963,0.09457401733077385,ENSG00000172939;ENSG00000165194;ENSG00000075891;ENSG00000106006;ENSG00000185008;ENSG00000168621;ENSG00000168743;ENSG00000005073;ENSG00000054598;ENSG00000145147;ENSG00000107485;ENSG00000123388;ENSG00000182742
REACTOME_PENTOSE_PHOSPHATE_PATHWAY,prerank,1.5037712925839155,0.05905511811023622,0.0945823852033176,ENSG00000160211;ENSG00000177156;ENSG00000142657;ENSG00000229937
REACTOME_INTERACTION_BETWEEN_L1_AND_ANKYRINS,prerank,1.5000035224565136,0.027712264150943397,0.0952944377325834,ENSG00000197694;ENSG00000184009;ENSG00000075624;ENSG00000198910
REACTOME_REGULATION_OF_EXPRESSION_OF_SLITS_AND_ROBOS,prerank,1.500188970572235,0.00267379679144385,0.095524443082862,ENSG00000130706;ENSG00000150991;ENSG00000100902;ENSG00000100804;ENSG00000087191;ENSG00000100764;ENSG00000103035;ENSG00000175166;ENSG00000013275;ENSG00000108671;ENSG00000185627;ENSG00000173692;ENSG00000108344;ENSG00000115233;ENSG00000041357;ENSG00000101182;ENSG00000099341;ENSG00000114867;ENSG00000126067;ENSG00000165916;ENSG00000142507
REACTOME_METABOLISM_OF_CARBOHYDRATES_AND_CARBOHYDRATE_DERIVATIVES,prerank,1.498490094192632,0.0,0.09577650989317785,ENSG00000213024;ENSG00000067057;ENSG00000114480;ENSG00000170525;ENSG00000109107;ENSG00000114268;ENSG00000117394;ENSG00000150991;ENSG00000026508;ENSG00000160211;ENSG00000100994;ENSG00000094914;ENSG00000104812;ENSG00000108515;ENSG00000177156;ENSG00000124145;ENSG00000152556;ENSG00000213614;ENSG00000117308;ENSG00000141349;ENSG00000111669;ENSG00000102900;ENSG00000141959;ENSG00000074800;ENSG00000102144;ENSG00000142657;ENSG00000111640;ENSG00000105568;ENSG00000115652;ENSG00000063660;ENSG00000105220;ENSG00000072062;ENSG00000085662;ENSG00000079739;ENSG00000138801;ENSG00000111674;ENSG00000131482;ENSG00000103888;ENSG00000162040;ENSG00000122254;ENSG00000182255;ENSG00000229937;ENSG00000112309;ENSG00000171124
REACTOME_NFE2L2_REGULATING_ANTI_OXIDANT_DETOXIFICATION_ENZYMES,prerank,1.4954076624151698,0.05009920634920635,0.09709793612022549,ENSG00000136810;ENSG00000181019;ENSG00000104687;ENSG00000117450
REACTOME_POSTMITOTIC_NUCLEAR_PORE_COMPLEX_NPC_REFORMATION,prerank,1.4923545667966367,0.03907539900935608,0.09775793653800825,ENSG00000213024;ENSG00000100401;ENSG00000108424;ENSG00000102900;ENSG00000132341
REACTOME_HSF1_ACTIVATION,prerank,1.4903991913406323,0.03726328649969456,0.09782828324351195,ENSG00000004478;ENSG00000096384;ENSG00000080824;ENSG00000108953;ENSG00000165280;ENSG00000132383;ENSG00000230989
REACTOME_SARS_COV_INFECTIONS,prerank,1.4934058462403939,0.0,0.09784695823827552,ENSG00000128245;ENSG00000166949;ENSG00000213024;ENSG00000111642;ENSG00000116478;ENSG00000150991;ENSG00000134308;ENSG00000161013;ENSG00000137817;ENSG00000177119;ENSG00000104142;ENSG00000088832;ENSG00000184056;ENSG00000094914;ENSG00000177885;ENSG00000004478;ENSG00000241244;ENSG00000124145;ENSG00000069849;ENSG00000096384;ENSG00000145907;ENSG00000161203;ENSG00000170027;ENSG00000080824;ENSG00000108953;ENSG00000166913;ENSG00000163399;ENSG00000184216;ENSG00000108424;ENSG00000178952;ENSG00000196262;ENSG00000126457;ENSG00000102900;ENSG00000127022;ENSG00000130724;ENSG00000089597;ENSG00000165280;ENSG00000063660;ENSG00000042753;ENSG00000118705;ENSG00000182481;ENSG00000242534;ENSG00000244116;ENSG00000244038;ENSG00000112715;ENSG00000163902;ENSG00000239571;ENSG00000243290;ENSG00000240382;ENSG00000243238;ENSG00000234745
REACTOME_SIGNALING_BY_TGF_BETA_RECEPTOR_COMPLEX,prerank,1.4926549444357562,0.009817671809256662,0.09792964540880182,ENSG00000166949;ENSG00000116478;ENSG00000067560;ENSG00000150991;ENSG00000157450;ENSG00000088832;ENSG00000082898;ENSG00000213639;ENSG00000105329;ENSG00000082781;ENSG00000129559;ENSG00000172531;ENSG00000065978
REACTOME_FOXO_MEDIATED_TRANSCRIPTION,prerank,1.49081168030785,0.009970089730807577,0.09793141989398942,ENSG00000166949;ENSG00000116478;ENSG00000169375;ENSG00000134308;ENSG00000136810;ENSG00000170027;ENSG00000166913;ENSG00000131482
REACTOME_POSITIVE_EPIGENETIC_REGULATION_OF_RRNA_EXPRESSION,prerank,1.4896039542296067,0.014450867052023121,0.0979531254291814,ENSG00000204371;ENSG00000111642;ENSG00000116478;ENSG00000157483;ENSG00000075624;ENSG00000099817;ENSG00000177700
REACTOME_SARS_COV_2_MODULATES_AUTOPHAGY,prerank,1.4912827830976692,0.06611570247933884,0.09800156772754642,ENSG00000104142;ENSG00000184056;ENSG00000178952
REACTOME_POST_CHAPERONIN_TUBULIN_FOLDING_PATHWAY,prerank,1.4881665625533684,0.04963427377220481,0.09836213031233365,ENSG00000127824;ENSG00000167553;ENSG00000123416;ENSG00000188229;ENSG00000258947;ENSG00000105254
REACTOME_RESPIRATORY_SYNCYTIAL_VIRUS_INFECTION_PATHWAY,prerank,1.4831916526240807,0.004966887417218543,0.1008411577270302,ENSG00000150991;ENSG00000082898;ENSG00000185825;ENSG00000213639;ENSG00000124145;ENSG00000109971;ENSG00000096384;ENSG00000115053;ENSG00000080824;ENSG00000204435;ENSG00000108424;ENSG00000172531;ENSG00000063660
REACTOME_NUCLEAR_IMPORT_OF_REV_PROTEIN,prerank,1.4817413110003925,0.03742331288343558,0.10134625908775015,ENSG00000213024;ENSG00000094914;ENSG00000108424;ENSG00000102900;ENSG00000132341
REACTOME_LYSOSPHINGOLIPID_AND_LPA_RECEPTORS,prerank,-1.656867350405639,0.005435485958327941,0.10147222009339332,ENSG00000064547;ENSG00000267534;ENSG00000129951;ENSG00000105520;ENSG00000213694;ENSG00000184574
REACTOME_PLASMA_LIPOPROTEIN_CLEARANCE,prerank,1.4804342463551858,0.038632045598480054,0.10171846848085564,ENSG00000150991;ENSG00000144959;ENSG00000161203;ENSG00000141367;ENSG00000115677;ENSG00000042753
REACTOME_CARGO_RECOGNITION_FOR_CLATHRIN_MEDIATED_ENDOCYTOSIS,prerank,1.479195540118908,0.004885993485342019,0.10208431566392578,ENSG00000150991;ENSG00000138798;ENSG00000003056;ENSG00000185359;ENSG00000177885;ENSG00000161203;ENSG00000141367;ENSG00000169727;ENSG00000168090;ENSG00000129559;ENSG00000042753;ENSG00000111652;ENSG00000072274;ENSG00000187714
REACTOME_TRANS_GOLGI_NETWORK_VESICLE_BUDDING,prerank,1.4774025296742905,0.009635974304068522,0.10244553413318105,ENSG00000003056;ENSG00000079805;ENSG00000185359;ENSG00000100280;ENSG00000109971;ENSG00000141367;ENSG00000130724;ENSG00000106367;ENSG00000143761;ENSG00000072274;ENSG00000142192
REACTOME_NEPHRIN_FAMILY_INTERACTIONS,prerank,1.4779963999477919,0.04922279792746114,0.10248646976519354,ENSG00000140575;ENSG00000197694;ENSG00000130402;ENSG00000072110;ENSG00000116218;ENSG00000187391
REACTOME_ROLE_OF_LAT2_NTAL_LAB_ON_CALCIUM_MOBILIZATION,prerank,1.4758585121681542,0.008832188420019628,0.10298084697003838,ENSG00000177885;ENSG00000241244;ENSG00000242534;ENSG00000244116;ENSG00000239571;ENSG00000243290;ENSG00000240382;ENSG00000243238;ENSG00000241351;ENSG00000240864;ENSG00000239951;ENSG00000211653;ENSG00000211652;ENSG00000211959;ENSG00000211973;ENSG00000224373;ENSG00000211962;ENSG00000211967;ENSG00000211660
REACTOME_EGFR_DOWNREGULATION,prerank,1.4746428554108877,0.0356065178032589,0.10339204970855098,ENSG00000150991;ENSG00000138798;ENSG00000185359;ENSG00000177885
REACTOME_REGULATION_OF_GENE_EXPRESSION_BY_HYPOXIA_INDUCIBLE_FACTOR,prerank,1.4721982077827953,0.06997084548104957,0.10413842514008739,ENSG00000107159;ENSG00000100644;ENSG00000112715
REACTOME_WNT5A_DEPENDENT_INTERNALIZATION_OF_FZD2_FZD5_AND_ROR2,prerank,1.4723213899655887,0.06941431670281996,0.10438964519664853,ENSG00000161203;ENSG00000141367;ENSG00000042753
REACTOME_FIBRONECTIN_MATRIX_FORMATION,prerank,-1.6514007158113342,0.00786222388618495,0.10472788402641825,ENSG00000168542;ENSG00000197565;ENSG00000204262;ENSG00000150093;ENSG00000134871;ENSG00000108821;ENSG00000130635;ENSG00000164692;ENSG00000161638;ENSG00000114270;ENSG00000188153
REACTOME_NCAM1_INTERACTIONS,prerank,-1.647722003051296,0.004311851765528493,0.10599204317235626,ENSG00000167535;ENSG00000168542;ENSG00000171119;ENSG00000067191;ENSG00000204262;ENSG00000125650;ENSG00000130287;ENSG00000134871;ENSG00000196557;ENSG00000049089;ENSG00000163359;ENSG00000130635;ENSG00000142173;ENSG00000142156;ENSG00000006283;ENSG00000188157;ENSG00000151067
REACTOME_TRANSPORT_OF_CONNEXONS_TO_THE_PLASMA_MEMBRANE,prerank,1.4674346366741888,0.051295073641442354,0.106647052813548,ENSG00000127824;ENSG00000167553;ENSG00000123416;ENSG00000188229;ENSG00000258947
REACTOME_MITOPHAGY,prerank,1.465597251190192,0.037524687294272545,0.10668887767140459,ENSG00000116688;ENSG00000150991;ENSG00000078668;ENSG00000204435;ENSG00000198925;ENSG00000213585;ENSG00000165637
REACTOME_SEMA4D_INDUCED_CELL_MIGRATION_AND_GROWTH_CONE_COLLAPSE,prerank,1.4656272977494333,0.05856299212598425,0.10700191793292267,ENSG00000067560;ENSG00000100345;ENSG00000092841;ENSG00000106683;ENSG00000133392
REACTOME_INTEGRATION_OF_ENERGY_METABOLISM,prerank,1.4660135934415044,0.006125574272588055,0.1071385797765073,ENSG00000117394;ENSG00000149782;ENSG00000140575;ENSG00000078369;ENSG00000106089;ENSG00000177156;ENSG00000131473;ENSG00000087460;ENSG00000105568;ENSG00000108946;ENSG00000072062;ENSG00000114353;ENSG00000215644;ENSG00000129467
REACTOME_GLYCOGEN_SYNTHESIS,prerank,1.4607944788954614,0.06378233719892953,0.10912205464733905,ENSG00000114480;ENSG00000150991;ENSG00000104812;ENSG00000079739
REACTOME_HIV_TRANSCRIPTION_ELONGATION,prerank,1.4590697630248148,0.02791696492483894,0.10982099829495189,ENSG00000149136;ENSG00000196235;ENSG00000092201;ENSG00000099817;ENSG00000177700;ENSG00000181222;ENSG00000185049
REACTOME_BINDING_AND_UPTAKE_OF_LIGANDS_BY_SCAVENGER_RECEPTORS,prerank,1.4562549102276918,0.008287292817679558,0.11087208957869395,ENSG00000241244;ENSG00000080824;ENSG00000166598;ENSG00000117450;ENSG00000179218;ENSG00000242534;ENSG00000244116;ENSG00000239571;ENSG00000243290;ENSG00000240382;ENSG00000243238;ENSG00000206172;ENSG00000241351;ENSG00000240864;ENSG00000188536;ENSG00000158270;ENSG00000106927;ENSG00000239951;ENSG00000211653;ENSG00000211652
REACTOME_ANTIMICROBIAL_MECHANISM_OF_IFN_STIMULATED_GENES,prerank,1.4566174548773314,0.0028653295128939827,0.11096511632074126,ENSG00000127824;ENSG00000213024;ENSG00000150991;ENSG00000094914;ENSG00000109971;ENSG00000184009;ENSG00000196924;ENSG00000075624;ENSG00000110321;ENSG00000135829;ENSG00000167553;ENSG00000108424;ENSG00000102900;ENSG00000114867;ENSG00000129351;ENSG00000105568;ENSG00000123416;ENSG00000188229;ENSG00000258947;ENSG00000182481
REACTOME_MEMBRANE_TRAFFICKING,prerank,1.4534001844146307,0.0,0.11225733852041304,ENSG00000077549;ENSG00000128245;ENSG00000127824;ENSG00000126214;ENSG00000110514;ENSG00000150991;ENSG00000169221;ENSG00000157483;ENSG00000115091;ENSG00000163466;ENSG00000134308;ENSG00000138798;ENSG00000138071;ENSG00000103051;ENSG00000073969;ENSG00000085733;ENSG00000105063;ENSG00000197102;ENSG00000003056;ENSG00000079805;ENSG00000185359;ENSG00000100345;ENSG00000075785;ENSG00000175203;ENSG00000177885;ENSG00000197535;ENSG00000197694;ENSG00000084733;ENSG00000100280;ENSG00000109971;ENSG00000132612;ENSG00000203879;ENSG00000161203;ENSG00000170027;ENSG00000184009;ENSG00000141367;ENSG00000108953;ENSG00000166913;ENSG00000134287;ENSG00000075624;ENSG00000138107;ENSG00000105669;ENSG00000198898;ENSG00000174903;ENSG00000122218;ENSG00000167553;ENSG00000169727;ENSG00000130724;ENSG00000168090;ENSG00000129559;ENSG00000106367;ENSG00000204843;ENSG00000241685;ENSG00000143761;ENSG00000143545;ENSG00000123416;ENSG00000105355;ENSG00000042753;ENSG00000174791;ENSG00000188229;ENSG00000111652;ENSG00000072274;ENSG00000170043;ENSG00000105438;ENSG00000258947;ENSG00000142192;ENSG00000187714;ENSG00000103769;ENSG00000241553;ENSG00000166557
REACTOME_RHOBTB1_GTPASE_CYCLE,prerank,1.450467636658404,0.060684647302904564,0.11329440448575422,ENSG00000026025;ENSG00000092199;ENSG00000135624;ENSG00000169727
REACTOME_RHOH_GTPASE_CYCLE,prerank,1.4506590641598147,0.03902116402116402,0.11353769245641154,ENSG00000103653;ENSG00000075785;ENSG00000141522;ENSG00000165280;ENSG00000123416;ENSG00000072274
REACTOME_CLASS_I_MHC_MEDIATED_ANTIGEN_PROCESSING_PRESENTATION,prerank,1.4474189795453074,0.0,0.11489843964130325,ENSG00000064726;ENSG00000130706;ENSG00000170633;ENSG00000009335;ENSG00000150991;ENSG00000131653;ENSG00000157450;ENSG00000141279;ENSG00000159202;ENSG00000175931;ENSG00000100902;ENSG00000100804;ENSG00000087191;ENSG00000197548;ENSG00000099364;ENSG00000100764;ENSG00000103035;ENSG00000185825;ENSG00000175166;ENSG00000013275;ENSG00000108671;ENSG00000185627;ENSG00000130985;ENSG00000173692;ENSG00000108344;ENSG00000115233;ENSG00000082781;ENSG00000041357;ENSG00000101182;ENSG00000132432;ENSG00000099341;ENSG00000127022;ENSG00000126067;ENSG00000165916;ENSG00000142507;ENSG00000179218;ENSG00000167004
REACTOME_INLB_MEDIATED_ENTRY_OF_LISTERIA_MONOCYTOGENES_INTO_HOST_CELL,prerank,1.4466986452883148,0.07660359944623904,0.11496734336648075,ENSG00000150991;ENSG00000185359;ENSG00000177885
REACTOME_STING_MEDIATED_INDUCTION_OF_HOST_IMMUNE_RESPONSES,prerank,1.4419514745581448,0.0704727921498662,0.11755438068972618,ENSG00000183258;ENSG00000196419;ENSG00000079246
REACTOME_MET_ACTIVATES_RAS_SIGNALING,prerank,1.438654126095138,0.07235041063746578,0.11932769236214803,ENSG00000177885;ENSG00000174775
REACTOME_P75NTR_REGULATES_AXONOGENESIS,prerank,1.435590982095586,0.08475247524752476,0.12061689807215131,ENSG00000067560;ENSG00000115310;ENSG00000141522
REACTOME_PINK1_PRKN_MEDIATED_MITOPHAGY,prerank,1.4360370006634187,0.049879807692307696,0.12069759357166693,ENSG00000116688;ENSG00000150991;ENSG00000078668;ENSG00000198925;ENSG00000213585;ENSG00000165637
REACTOME_DEVELOPMENTAL_LINEAGE_OF_MAMMARY_GLAND_MYOEPITHELIAL_CELLS,prerank,1.4282956249900032,0.07264957264957266,0.12511043821592505,ENSG00000026508;ENSG00000026025;ENSG00000138798;ENSG00000133392
REACTOME_RHO_GTPASES_ACTIVATE_KTN1,prerank,1.4272437076608102,0.08294209702660407,0.12544323507566082,ENSG00000126214;ENSG00000067560;ENSG00000126777
REACTOME_INSULIN_PROCESSING,prerank,1.4261926448450644,0.06736609607951408,0.12578599148037056,ENSG00000197535;ENSG00000106089;ENSG00000185624
REACTOME_FOXO_MEDIATED_TRANSCRIPTION_OF_OXIDATIVE_STRESS_METABOLIC_AND_NEURONAL_GENES,prerank,1.4247134635293561,0.057210965435041714,0.12635361842599313,ENSG00000166949;ENSG00000116478;ENSG00000169375;ENSG00000131482;ENSG00000146678
REACTOME_SARS_COV_1_INFECTION,prerank,1.4227069406577917,0.0024449877750611247,0.12662368751299238,ENSG00000128245;ENSG00000166949;ENSG00000150991;ENSG00000134308;ENSG00000137817;ENSG00000088832;ENSG00000170027;ENSG00000108953;ENSG00000166913;ENSG00000108424;ENSG00000196262;ENSG00000127022;ENSG00000130724;ENSG00000089597;ENSG00000165280;ENSG00000182481
REACTOME_MITOCHONDRIAL_BIOGENESIS,prerank,1.422054291699117,0.014965986394557823,0.12670211146972277,ENSG00000171720;ENSG00000023330;ENSG00000172534;ENSG00000154518;ENSG00000159199;ENSG00000241468;ENSG00000173436;ENSG00000132305;ENSG00000110955;ENSG00000167863;ENSG00000152234;ENSG00000165629
REACTOME_CELLULAR_RESPONSE_TO_HEAT_STRESS,prerank,1.4230793562310355,0.014727540500736377,0.12674217030110962,ENSG00000213024;ENSG00000158941;ENSG00000094914;ENSG00000004478;ENSG00000109971;ENSG00000096384;ENSG00000080824;ENSG00000108953;ENSG00000170606;ENSG00000102900;ENSG00000165280;ENSG00000132383;ENSG00000230989
REACTOME_BACTERIAL_INFECTION_PATHWAYS,prerank,1.421126795528055,0.00860832137733142,0.12695318515854015,ENSG00000150991;ENSG00000169032;ENSG00000184056;ENSG00000185359;ENSG00000075785;ENSG00000177885;ENSG00000106089;ENSG00000096384;ENSG00000080824;ENSG00000108424;ENSG00000074800;ENSG00000102144;ENSG00000160014
REACTOME_ACTIVATION_OF_BH3_ONLY_PROTEINS,prerank,1.4205874116683348,0.04744958481613286,0.1269582811139505,ENSG00000128245;ENSG00000134308;ENSG00000170027;ENSG00000108953;ENSG00000166913
REACTOME_CARGO_TRAFFICKING_TO_THE_PERICILIARY_MEMBRANE,prerank,1.4232343234541602,0.021442495126705652,0.12700821409821292,ENSG00000127824;ENSG00000156261;ENSG00000088826;ENSG00000167553;ENSG00000150753;ENSG00000163468;ENSG00000123416;ENSG00000188229;ENSG00000258947;ENSG00000103769
REACTOME_TRAFFICKING_OF_GLUR2_CONTAINING_AMPA_RECEPTORS,prerank,1.418929802471331,0.07695852534562211,0.1276553534330588,ENSG00000073969;ENSG00000161203;ENSG00000042753;ENSG00000120251
REACTOME_GLYCOSPHINGOLIPID_CATABOLISM,prerank,1.4173956507325836,0.05442176870748299,0.1283260631101114,ENSG00000003056;ENSG00000197746;ENSG00000196743;ENSG00000064601;ENSG00000213614
REACTOME_FORMATION_OF_RNA_POL_II_ELONGATION_COMPLEX,prerank,1.4153040950504685,0.024513947590870666,0.12941625190093786,ENSG00000149136;ENSG00000006712;ENSG00000196235;ENSG00000092201;ENSG00000099817;ENSG00000177700;ENSG00000181222;ENSG00000185049;ENSG00000166477
REACTOME_SELENOAMINO_ACID_METABOLISM,prerank,-1.626915338017285,0.00117245789810275,0.1308977240548257,ENSG00000105640;ENSG00000198755;ENSG00000149806;ENSG00000221983;ENSG00000115268;ENSG00000136942;ENSG00000105372;ENSG00000177600;ENSG00000089157;ENSG00000130255;ENSG00000162244;ENSG00000182899;ENSG00000109475;ENSG00000142541;ENSG00000137818;ENSG00000172809;ENSG00000142676;ENSG00000131469;ENSG00000110700;ENSG00000167526;ENSG00000142534;ENSG00000177954;ENSG00000144713;ENSG00000163923;ENSG00000116251;ENSG00000063177;ENSG00000100316;ENSG00000185088;ENSG00000156482;ENSG00000140988;ENSG00000171858;ENSG00000071082;ENSG00000108298;ENSG00000143947;ENSG00000148303;ENSG00000125691;ENSG00000265681;ENSG00000165496;ENSG00000197728;ENSG00000118181;ENSG00000124614;ENSG00000161016;ENSG00000037241;ENSG00000145592;ENSG00000149273;ENSG00000198431;ENSG00000166741;ENSG00000188846;ENSG00000108107;ENSG00000179918;ENSG00000187742;ENSG00000136628;ENSG00000161970;ENSG00000105193;ENSG00000163584;ENSG00000197756;ENSG00000229117;ENSG00000198242;ENSG00000145425;ENSG00000138326;ENSG00000116761;ENSG00000134419;ENSG00000170889
REACTOME_REGULATED_NECROSIS,prerank,1.4124180878951484,0.024816176470588234,0.1309818552142328,ENSG00000150991;ENSG00000132589;ENSG00000137312;ENSG00000105401;ENSG00000080824;ENSG00000130724
REACTOME_THE_NLRP3_INFLAMMASOME,prerank,1.409322016659527,0.08354866494401378,0.13236060585495865,ENSG00000136810;ENSG00000096384;ENSG00000142192
REACTOME_SIGNALLING_TO_ERKS,prerank,1.4093493872867084,0.043896572459410706,0.13271308106340154,ENSG00000169032;ENSG00000177885;ENSG00000174775;ENSG00000114738;ENSG00000166913
REACTOME_TP53_REGULATES_TRANSCRIPTION_OF_GENES_INVOLVED_IN_G1_CELL_CYCLE_ARREST,prerank,-1.6127773352462467,0.012210963886723825,0.13290223446778957,ENSG00000145386;ENSG00000123374;ENSG00000165891;ENSG00000175305;ENSG00000129173;ENSG00000111276;ENSG00000116017;ENSG00000101412;ENSG00000090097
REACTOME_LANOSTEROL_BIOSYNTHESIS,prerank,-1.61729444317862,0.011289903970931742,0.13355823911521802,ENSG00000163344;ENSG00000104549;ENSG00000079459;ENSG00000205808;ENSG00000160285;ENSG00000110921;ENSG00000167508;ENSG00000067064;ENSG00000112972
REACTOME_COMPLEX_IV_ASSEMBLY,prerank,-1.6096867729914461,0.005146386093321135,0.1340760067386569,ENSG00000112695;ENSG00000131174;ENSG00000131143;ENSG00000183978;ENSG00000187118;ENSG00000127184;ENSG00000168569;ENSG00000138495;ENSG00000111775;ENSG00000176340;ENSG00000183513;ENSG00000178449;ENSG00000148290;ENSG00000135940;ENSG00000163626;ENSG00000014919;ENSG00000131055;ENSG00000101084;ENSG00000232838;ENSG00000181061;ENSG00000189043;ENSG00000161281
REACTOME_SIGNALING_BY_NTRKS,prerank,1.4055861611596736,0.010395010395010396,0.13416742895735773,ENSG00000111642;ENSG00000067560;ENSG00000068305;ENSG00000169032;ENSG00000108861;ENSG00000079805;ENSG00000177885;ENSG00000161203;ENSG00000174775;ENSG00000114738;ENSG00000141367;ENSG00000166913;ENSG00000105568;ENSG00000042753;ENSG00000140939
REACTOME_ESTROGEN_DEPENDENT_NUCLEAR_EVENTS_DOWNSTREAM_OF_ESR_MEMBRANE_SIGNALING,prerank,1.4058292310859895,0.0740929994890138,0.1343847015690714,ENSG00000152332;ENSG00000138798;ENSG00000082898
REACTOME_GABA_SYNTHESIS_RELEASE_REUPTAKE_AND_DEGRADATION,prerank,1.4038641948242019,0.08173562058526741,0.1350001035931325,ENSG00000106089;ENSG00000109971;ENSG00000101152;ENSG00000101438;ENSG00000136750;ENSG00000132164;ENSG00000157103;ENSG00000128683
REACTOME_FORMATION_OF_THE_URETERIC_BUD,prerank,1.401658015419952,0.0876923076923077,0.13618541218492514,ENSG00000075891;ENSG00000185008;ENSG00000168621;ENSG00000168743;ENSG00000005073;ENSG00000054598;ENSG00000145147;ENSG00000123388
REACTOME_MUCOPOLYSACCHARIDOSES,prerank,-1.6207226835224622,0.008898924159914995,0.13621428486785356,ENSG00000181523;ENSG00000169919;ENSG00000108784;ENSG00000135677;ENSG00000165102;ENSG00000113273;ENSG00000141012
REACTOME_HDR_THROUGH_HOMOLOGOUS_RECOMBINATION_HRR,prerank,-1.6128666128041245,0.0024336283185840708,0.13646286350880535,ENSG00000051341;ENSG00000051180;ENSG00000106399;ENSG00000111247;ENSG00000197299;ENSG00000149554;ENSG00000000460;ENSG00000100479;ENSG00000171792;ENSG00000174371;ENSG00000221983;ENSG00000132646;ENSG00000154920;ENSG00000170315;ENSG00000175482;ENSG00000196584;ENSG00000139618;ENSG00000111445;ENSG00000163918;ENSG00000062822;ENSG00000049541;ENSG00000115350;ENSG00000012048;ENSG00000117748;ENSG00000143947;ENSG00000175643;ENSG00000188827;ENSG00000101773;ENSG00000132207
REACTOME_FORMATION_OF_TC_NER_PRE_INCISION_COMPLEX,prerank,1.400580645123231,0.03414634146341464,0.1365207388176444,ENSG00000150991;ENSG00000167986;ENSG00000099817;ENSG00000177700;ENSG00000169727;ENSG00000181222;ENSG00000168090;ENSG00000111652
REACTOME_SIGNALING_BY_FGFR4_IN_DISEASE,prerank,1.3997808241427123,0.09592906086255543,0.13672561023797208,ENSG00000177885;ENSG00000174775
REACTOME_CROSSLINKING_OF_COLLAGEN_FIBRILS,prerank,-1.6176576569481447,0.01082169372090097,0.13688430545929892,ENSG00000106333;ENSG00000134013;ENSG00000197565;ENSG00000115318;ENSG00000134871;ENSG00000108821;ENSG00000168487;ENSG00000164692;ENSG00000138131;ENSG00000113083
REACTOME_FCERI_MEDIATED_CA_2_MOBILIZATION,prerank,1.3988259548409177,0.015776699029126214,0.1370324309091874,ENSG00000177885;ENSG00000241244;ENSG00000242534;ENSG00000244116;ENSG00000239571;ENSG00000243290;ENSG00000240382;ENSG00000243238;ENSG00000241351;ENSG00000240864;ENSG00000131196;ENSG00000239951;ENSG00000211653;ENSG00000211652;ENSG00000211959;ENSG00000211973;ENSG00000224373;ENSG00000211962;ENSG00000211967;ENSG00000211660;ENSG00000141968
REACTOME_SARS_COV_2_INFECTION,prerank,1.3945074848891512,0.0,0.13979194220760657,ENSG00000128245;ENSG00000213024;ENSG00000150991;ENSG00000134308;ENSG00000161013;ENSG00000137817;ENSG00000177119;ENSG00000104142;ENSG00000184056;ENSG00000094914;ENSG00000124145;ENSG00000096384;ENSG00000145907;ENSG00000170027;ENSG00000080824;ENSG00000108953;ENSG00000166913;ENSG00000184216;ENSG00000178952;ENSG00000126457;ENSG00000102900;ENSG00000127022;ENSG00000130724;ENSG00000089597;ENSG00000165280;ENSG00000063660;ENSG00000118705;ENSG00000182481;ENSG00000244038;ENSG00000163902
REACTOME_RAF_ACTIVATION,prerank,1.3924410184169331,0.05628517823639775,0.14051322541333466,ENSG00000169032;ENSG00000213639;ENSG00000174775;ENSG00000166913;ENSG00000167085;ENSG00000105568
REACTOME_NUCLEOTIDE_EXCISION_REPAIR,prerank,1.392489883347796,0.005357142857142857,0.14087080211705005,ENSG00000150991;ENSG00000157450;ENSG00000167986;ENSG00000075624;ENSG00000184900;ENSG00000106628;ENSG00000099817;ENSG00000012061;ENSG00000177700;ENSG00000169727;ENSG00000179262;ENSG00000181222;ENSG00000168090;ENSG00000111652;ENSG00000132383
REACTOME_DISEASES_ASSOCIATED_WITH_N_GLYCOSYLATION_OF_PROTEINS,prerank,-1.5990805973192705,0.011689291101055807,0.14308016313841634,ENSG00000086848;ENSG00000204386;ENSG00000177239;ENSG00000129255;ENSG00000086062;ENSG00000172269;ENSG00000119523;ENSG00000182858;ENSG00000172339;ENSG00000115275;ENSG00000159063;ENSG00000033011;ENSG00000214160;ENSG00000163933;ENSG00000166391;ENSG00000088035
REACTOME_TRANSCRIPTIONAL_REGULATION_OF_BROWN_AND_BEIGE_ADIPOCYTE_DIFFERENTIATION,prerank,1.3877526870438075,0.06449738524113888,0.143651497929928,ENSG00000111642;ENSG00000116478;ENSG00000153187;ENSG00000176194
REACTOME_CELL_DEATH_SIGNALLING_VIA_NRAGE_NRIF_AND_NADE,prerank,-1.5942451402570388,0.003206900364923145,0.14370666887556274,ENSG00000102302;ENSG00000131089;ENSG00000137135;ENSG00000179222;ENSG00000050327;ENSG00000129675;ENSG00000166681;ENSG00000171680;ENSG00000221983;ENSG00000146426;ENSG00000170315;ENSG00000205155;ENSG00000090924;ENSG00000002330;ENSG00000138613;ENSG00000161011;ENSG00000162736;ENSG00000156299;ENSG00000164305;ENSG00000110237;ENSG00000064300;ENSG00000143947;ENSG00000165801;ENSG00000154358;ENSG00000142632;ENSG00000101977;ENSG00000214694;ENSG00000142856;ENSG00000114790
REACTOME_NEUROTRANSMITTER_RELEASE_CYCLE,prerank,1.3871523670518175,0.042984590429845905,0.1437299565192225,ENSG00000144746;ENSG00000143847;ENSG00000106089;ENSG00000109971;ENSG00000101152;ENSG00000187714
REACTOME_RESOLUTION_OF_D_LOOP_STRUCTURES,prerank,-1.5915783501757952,0.009397392223657935,0.14452547490454412,ENSG00000051180;ENSG00000111247;ENSG00000197299;ENSG00000000460;ENSG00000174371;ENSG00000154920;ENSG00000196584;ENSG00000139618;ENSG00000012048;ENSG00000175643;ENSG00000188827;ENSG00000101773;ENSG00000132207;ENSG00000165392;ENSG00000126215;ENSG00000164808;ENSG00000178295;ENSG00000104320;ENSG00000132436;ENSG00000138346;ENSG00000172732;ENSG00000113522;ENSG00000083093;ENSG00000138376;ENSG00000178966;ENSG00000127922
REACTOME_DEFECTIVE_B4GALT7_CAUSES_EDS_PROGEROID_TYPE,prerank,-1.5956464948887261,0.013486513486513486,0.1449139559277993,ENSG00000114646;ENSG00000173546;ENSG00000076716;ENSG00000213420;ENSG00000130287;ENSG00000162512;ENSG00000115884;ENSG00000142798;ENSG00000147257;ENSG00000027847;ENSG00000188157;ENSG00000011465;ENSG00000038427
REACTOME_DISEASES_ASSOCIATED_WITH_GLYCOSAMINOGLYCAN_METABOLISM,prerank,-1.5999058889130175,0.007368421052631579,0.14531713516327657,ENSG00000114646;ENSG00000169105;ENSG00000173546;ENSG00000076716;ENSG00000213420;ENSG00000130287;ENSG00000149541;ENSG00000162512;ENSG00000115884;ENSG00000142798;ENSG00000151348;ENSG00000086062;ENSG00000147257;ENSG00000106809;ENSG00000122863;ENSG00000027847;ENSG00000131873;ENSG00000139329;ENSG00000188157;ENSG00000011465
REACTOME_METABOLISM_OF_AMINO_ACIDS_AND_DERIVATIVES,prerank,1.3838511582823576,0.0,0.14533520575570213,ENSG00000248098;ENSG00000065427;ENSG00000125166;ENSG00000130706;ENSG00000104951;ENSG00000103507;ENSG00000100902;ENSG00000100804;ENSG00000087191;ENSG00000088826;ENSG00000181019;ENSG00000100764;ENSG00000180304;ENSG00000105953;ENSG00000103035;ENSG00000175166;ENSG00000013275;ENSG00000108671;ENSG00000185627;ENSG00000115866;ENSG00000173692;ENSG00000108344;ENSG00000115233;ENSG00000104904;ENSG00000041357;ENSG00000101182;ENSG00000099341;ENSG00000104687;ENSG00000126067;ENSG00000165916;ENSG00000101444;ENSG00000142507;ENSG00000102172;ENSG00000130821;ENSG00000127884;ENSG00000138801;ENSG00000140274
REACTOME_INTERCONVERSION_OF_NUCLEOTIDE_DI_AND_TRIPHOSPHATES,prerank,1.3831020452565388,0.07445589919816724,0.14547960238337793,ENSG00000136810;ENSG00000162433;ENSG00000004455;ENSG00000143774;ENSG00000104687;ENSG00000167325
REACTOME_SEMAPHORIN_INTERACTIONS,prerank,1.3841035412117166,0.03313840155945419,0.14554787845481418,ENSG00000137076;ENSG00000067560;ENSG00000100345;ENSG00000096384;ENSG00000092964;ENSG00000092841;ENSG00000080824;ENSG00000172757;ENSG00000106683
REACTOME_REGULATION_OF_INSULIN_SECRETION,prerank,1.380753061296926,0.0249728555917481,0.1456294269391021,ENSG00000117394;ENSG00000149782;ENSG00000140575;ENSG00000078369;ENSG00000106089;ENSG00000087460;ENSG00000108946;ENSG00000072062;ENSG00000114353
REACTOME_GLUCAGON_SIGNALING_IN_METABOLIC_REGULATION,prerank,1.3812068520013145,0.06591337099811675,0.14568368063564963,ENSG00000078369;ENSG00000087460;ENSG00000108946;ENSG00000072062;ENSG00000215644;ENSG00000129467
REACTOME_DNA_DAMAGE_RECOGNITION_IN_GG_NER,prerank,1.3821831885901186,0.05124747134187458,0.14580152590079196,ENSG00000150991;ENSG00000167986;ENSG00000075624;ENSG00000169727;ENSG00000179262;ENSG00000168090;ENSG00000111652
REACTOME_SARS_COV_1_MODULATES_HOST_TRANSLATION_MACHINERY,prerank,-1.5804355590184835,0.01355367970514802,0.14592545215092714,ENSG00000149806;ENSG00000115268;ENSG00000105372;ENSG00000156508;ENSG00000110700;ENSG00000142534;ENSG00000177954;ENSG00000185088;ENSG00000140988;ENSG00000171858;ENSG00000143947;ENSG00000197728;ENSG00000118181;ENSG00000124614;ENSG00000149273;ENSG00000105193;ENSG00000145425;ENSG00000138326;ENSG00000134419;ENSG00000170889;ENSG00000083845;ENSG00000171863;ENSG00000137154
REACTOME_SHC_MEDIATED_CASCADE_FGFR1,prerank,1.3812604451245816,0.08400188768286927,0.14603994894919312,ENSG00000177885;ENSG00000174775;ENSG00000186895;ENSG00000075388;ENSG00000133116;ENSG00000158815;ENSG00000078579;ENSG00000213281
REACTOME_TRANSPORT_OF_MATURE_TRANSCRIPT_TO_CYTOPLASM,prerank,1.3778779817921418,0.02262443438914027,0.14661005410017833,ENSG00000119392;ENSG00000213024;ENSG00000125755;ENSG00000094914;ENSG00000136450;ENSG00000102900;ENSG00000163634;ENSG00000111786
REACTOME_GLYOXYLATE_METABOLISM_AND_GLYCINE_DEGRADATION,prerank,1.3786792261658372,0.08422590068159688,0.14677425758059007,ENSG00000125166;ENSG00000105953;ENSG00000113492;ENSG00000250799;ENSG00000119689
REACTOME_THYROXINE_BIOSYNTHESIS,prerank,1.3780709712084234,0.09913043478260869,0.1468407560023396,ENSG00000140274;ENSG00000140279;ENSG00000140254;ENSG00000197406;ENSG00000135346;ENSG00000105641;ENSG00000115705
REACTOME_INFLUENZA_VIRAL_RNA_TRANSCRIPTION_AND_REPLICATION,prerank,-1.581377468217532,0.0011554621848739496,0.14752921365596317,ENSG00000105640;ENSG00000198755;ENSG00000149806;ENSG00000221983;ENSG00000115268;ENSG00000136942;ENSG00000105372;ENSG00000157020;ENSG00000177600;ENSG00000089157;ENSG00000130255;ENSG00000147669;ENSG00000162244;ENSG00000182899;ENSG00000075188;ENSG00000109475;ENSG00000142541;ENSG00000137818;ENSG00000172809;ENSG00000168002;ENSG00000142676;ENSG00000131469;ENSG00000110700;ENSG00000167526;ENSG00000143799;ENSG00000142534;ENSG00000177954;ENSG00000144713;ENSG00000047410;ENSG00000102580;ENSG00000058804;ENSG00000163923;ENSG00000116251;ENSG00000063177;ENSG00000100316;ENSG00000185088;ENSG00000156482;ENSG00000140988;ENSG00000171858;ENSG00000071082;ENSG00000108298;ENSG00000143947;ENSG00000148303;ENSG00000125691;ENSG00000265681;ENSG00000165496;ENSG00000197728;ENSG00000118181;ENSG00000124614;ENSG00000161016;ENSG00000005075;ENSG00000037241;ENSG00000163002;ENSG00000145592;ENSG00000120253;ENSG00000149273;ENSG00000100142;ENSG00000188846;ENSG00000108107;ENSG00000161970;ENSG00000105193;ENSG00000153201;ENSG00000163584;ENSG00000065150;ENSG00000197756;ENSG00000163882;ENSG00000229117;ENSG00000198242;ENSG00000145425;ENSG00000138326;ENSG00000134419;ENSG00000170889;ENSG00000083845;ENSG00000138750;ENSG00000105258;ENSG00000140986;ENSG00000139496;ENSG00000197958;ENSG00000171863;ENSG00000089009;ENSG00000137154;ENSG00000069248;ENSG00000110713
REACTOME_ABORTIVE_ELONGATION_OF_HIV_1_TRANSCRIPT_IN_THE_ABSENCE_OF_TAT,prerank,1.3759631465353863,0.08556430446194226,0.14768254276257942,ENSG00000196235;ENSG00000099817;ENSG00000177700;ENSG00000181222;ENSG00000185049
REACTOME_CASPASE_ACTIVATION_VIA_DEPENDENCE_RECEPTORS_IN_THE_ABSENCE_OF_LIGAND,prerank,-1.5773839994237486,0.01556420233463035,0.1477182569738526,ENSG00000179222;ENSG00000164305;ENSG00000187323;ENSG00000113763;ENSG00000132906
REACTOME_TELOMERE_C_STRAND_SYNTHESIS_INITIATION,prerank,-1.5832458844912167,0.017370706671930518,0.14774498784179513,ENSG00000198056;ENSG00000014138;ENSG00000102977;ENSG00000092330;ENSG00000178971;ENSG00000147601;ENSG00000107960;ENSG00000101868
REACTOME_CALNEXIN_CALRETICULIN_CYCLE,prerank,1.3748820702969597,0.07354618015963511,0.14811247490310658,ENSG00000150991;ENSG00000127022;ENSG00000089597;ENSG00000179218;ENSG00000167004;ENSG00000135506
REACTOME_OVARIAN_TUMOR_DOMAIN_PROTEASES,prerank,1.3737295392269568,0.06479625918503674,0.14863415430944843,ENSG00000167770;ENSG00000067560;ENSG00000150991;ENSG00000145901;ENSG00000165280
REACTOME_ORGANELLE_BIOGENESIS_AND_MAINTENANCE,prerank,1.3723168041787608,0.0,0.1489578620100214,ENSG00000127824;ENSG00000171720;ENSG00000156261;ENSG00000023330;ENSG00000101367;ENSG00000197102;ENSG00000088826;ENSG00000175203;ENSG00000170027;ENSG00000080824;ENSG00000108953;ENSG00000172534;ENSG00000138107;ENSG00000154518;ENSG00000159199;ENSG00000167553;ENSG00000241468;ENSG00000150753;ENSG00000173436;ENSG00000132305;ENSG00000163468;ENSG00000110955;ENSG00000167863;ENSG00000105568;ENSG00000204843;ENSG00000152234;ENSG00000123416;ENSG00000072062;ENSG00000188229;ENSG00000165629;ENSG00000258947;ENSG00000131462;ENSG00000103769
REACTOME_DISEASES_OF_PROGRAMMED_CELL_DEATH,prerank,1.3723941038394698,0.037037037037037035,0.14929209790718545,ENSG00000014216;ENSG00000108953;ENSG00000160789;ENSG00000108561;ENSG00000126247;ENSG00000117450;ENSG00000167815;ENSG00000142192;ENSG00000162909
REACTOME_TRANSPORT_OF_SMALL_MOLECULES,prerank,1.3711874830899695,0.0,0.1494445398481756,ENSG00000164889;ENSG00000065923;ENSG00000131100;ENSG00000130706;ENSG00000131389;ENSG00000114573;ENSG00000117394;ENSG00000115657;ENSG00000150991;ENSG00000143570;ENSG00000144959;ENSG00000147416;ENSG00000159720;ENSG00000059804;ENSG00000108846;ENSG00000103222;ENSG00000177119;ENSG00000100902;ENSG00000100804;ENSG00000087274;ENSG00000078668;ENSG00000078369;ENSG00000087191;ENSG00000100764;ENSG00000107745;ENSG00000103035;ENSG00000017260;ENSG00000175166;ENSG00000013275;ENSG00000108671;ENSG00000069849;ENSG00000161203;ENSG00000185627;ENSG00000087460;ENSG00000173692;ENSG00000172270;ENSG00000108344;ENSG00000141367;ENSG00000115233;ENSG00000225697;ENSG00000163399;ENSG00000185883;ENSG00000139641;ENSG00000115677;ENSG00000041357;ENSG00000101182;ENSG00000167085;ENSG00000198363;ENSG00000108528;ENSG00000099341;ENSG00000213585;ENSG00000126067;ENSG00000165916;ENSG00000129559;ENSG00000165637;ENSG00000142507;ENSG00000108946;ENSG00000143761;ENSG00000165280;ENSG00000141526;ENSG00000042753;ENSG00000072062;ENSG00000185624;ENSG00000174437;ENSG00000072274;ENSG00000103769;ENSG00000135506;ENSG00000071553;ENSG00000110245;ENSG00000144481;ENSG00000129467;ENSG00000165553;ENSG00000158014;ENSG00000066230
REACTOME_SIGNALING_BY_NOTCH1_HD_DOMAIN_MUTANTS_IN_CANCER,prerank,1.3702673227970963,0.09896068685042927,0.1497850088746235,ENSG00000150991;ENSG00000151694;ENSG00000137845;ENSG00000128917
REACTOME_VIRAL_MESSENGER_RNA_SYNTHESIS,prerank,1.3693490617279263,0.05312275664034458,0.15007973272231026,ENSG00000213024;ENSG00000094914;ENSG00000099817;ENSG00000102900;ENSG00000177700;ENSG00000181222
REACTOME_CHROMOSOME_MAINTENANCE,prerank,-1.5854809617944807,0.0013848940023436667,0.15078863941994636,ENSG00000115163;ENSG00000104147;ENSG00000140451;ENSG00000145386;ENSG00000153044;ENSG00000123374;ENSG00000123485;ENSG00000106399;ENSG00000197299;ENSG00000102384;ENSG00000198056;ENSG00000137812;ENSG00000246705;ENSG00000120334;ENSG00000166451;ENSG00000169689;ENSG00000203760;ENSG00000132646;ENSG00000123219;ENSG00000175482;ENSG00000147669;ENSG00000151725;ENSG00000175279;ENSG00000111445;ENSG00000163918;ENSG00000062822;ENSG00000168002;ENSG00000049541;ENSG00000105968;ENSG00000014138;ENSG00000117748;ENSG00000102977;ENSG00000092330;ENSG00000159055;ENSG00000005075;ENSG00000178971;ENSG00000184260;ENSG00000147601;ENSG00000175792;ENSG00000107960;ENSG00000133119;ENSG00000100142;ENSG00000142856;ENSG00000165392;ENSG00000132475;ENSG00000145912;ENSG00000168802;ENSG00000144749;ENSG00000101868;ENSG00000129534;ENSG00000188486;ENSG00000197903;ENSG00000158373;ENSG00000138092;ENSG00000196890;ENSG00000163882
REACTOME_GLYCOSAMINOGLYCAN_PROTEIN_LINKAGE_REGION_BIOSYNTHESIS,prerank,-1.583319264530705,0.010958574181117533,0.15093695078592392,ENSG00000114646;ENSG00000173546;ENSG00000076716;ENSG00000213420;ENSG00000130287;ENSG00000149541;ENSG00000162512;ENSG00000115884;ENSG00000142798;ENSG00000147257;ENSG00000155893;ENSG00000027847;ENSG00000015532;ENSG00000188157;ENSG00000109956;ENSG00000011465;ENSG00000038427
REACTOME_FORMATION_OF_INCISION_COMPLEX_IN_GG_NER,prerank,1.367027025945678,0.05128205128205128,0.15155504710250817,ENSG00000150991;ENSG00000157450;ENSG00000167986;ENSG00000184900;ENSG00000012061;ENSG00000179262;ENSG00000132383
REACTOME_CYTOSOLIC_SENSORS_OF_PATHOGEN_ASSOCIATED_DNA,prerank,1.3659025438808132,0.0425531914893617,0.15206954045026796,ENSG00000150991;ENSG00000183258;ENSG00000135829;ENSG00000099817;ENSG00000196419;ENSG00000177700;ENSG00000079246
REACTOME_IRON_UPTAKE_AND_TRANSPORT,prerank,1.3621342672621772,0.04245709123757904,0.1546328518612189,ENSG00000131100;ENSG00000114573;ENSG00000150991;ENSG00000147416;ENSG00000159720;ENSG00000185883;ENSG00000129559;ENSG00000072274;ENSG00000071553
REACTOME_PI3K_EVENTS_IN_ERBB2_SIGNALING,prerank,1.3614570927720018,0.10314924691921497,0.15473550017213622,ENSG00000138798;ENSG00000177885
REACTOME_ATTENUATION_PHASE,prerank,1.360162501453067,0.081374321880651,0.15529962419016774,ENSG00000004478;ENSG00000109971;ENSG00000096384;ENSG00000080824;ENSG00000230989
REACTOME_DISEASES_OF_DNA_REPAIR,prerank,-1.5682557532947714,0.006756756756756757,0.15646152595140578,ENSG00000051180;ENSG00000109674;ENSG00000106399;ENSG00000111247;ENSG00000197299;ENSG00000171792;ENSG00000174371;ENSG00000132781;ENSG00000114026;ENSG00000196584;ENSG00000065057;ENSG00000139618;ENSG00000111445;ENSG00000163918;ENSG00000049541;ENSG00000012048;ENSG00000117748;ENSG00000175643;ENSG00000101773;ENSG00000133119;ENSG00000165392
REACTOME_FANCONI_ANEMIA_PATHWAY,prerank,-1.5692420869185102,0.012405482041587902,0.15791744764627355,ENSG00000181544;ENSG00000144554;ENSG00000106399;ENSG00000131944;ENSG00000221983;ENSG00000169689;ENSG00000140525;ENSG00000154920;ENSG00000185504;ENSG00000170315;ENSG00000175279;ENSG00000077152;ENSG00000117748;ENSG00000143947;ENSG00000130997;ENSG00000187741;ENSG00000188827;ENSG00000158169;ENSG00000162607;ENSG00000132207;ENSG00000118655
REACTOME_DS_GAG_BIOSYNTHESIS,prerank,-1.5614644227887537,0.016020124453859395,0.15863403516958718,ENSG00000114646;ENSG00000169105;ENSG00000173546;ENSG00000130287;ENSG00000111817;ENSG00000011465;ENSG00000038427
REACTOME_TRANSCRIPTION_OF_E2F_TARGETS_UNDER_NEGATIVE_CONTROL_BY_P107_RBL1_AND_P130_RBL2_IN_COMPLEX_WITH_HDAC1,prerank,-1.5630250452144951,0.018028240040342914,0.15910022452568592,ENSG00000189308;ENSG00000101057;ENSG00000145386;ENSG00000170312;ENSG00000183814;ENSG00000198176;ENSG00000101412;ENSG00000133740;ENSG00000080839;ENSG00000205659
REACTOME_RNA_POLYMERASE_I_TRANSCRIPTION_INITIATION,prerank,1.3547339141798185,0.06387832699619772,0.1592564290826563,ENSG00000204371;ENSG00000111642;ENSG00000116478;ENSG00000099817;ENSG00000177700
REACTOME_DEVELOPMENTAL_LINEAGES_OF_THE_MAMMARY_GLAND,prerank,1.3523955621128865,0.0744336569579288,0.1607732065114135,ENSG00000026508;ENSG00000026025;ENSG00000138798;ENSG00000137203;ENSG00000133392;ENSG00000107485;ENSG00000087510
REACTOME_TP53_REGULATES_TRANSCRIPTION_OF_CELL_CYCLE_GENES,prerank,-1.5390755305868689,0.01207977207977208,0.1607761518244299,ENSG00000134057;ENSG00000145386;ENSG00000170312;ENSG00000123374;ENSG00000165891;ENSG00000087088;ENSG00000175305;ENSG00000087586;ENSG00000158402;ENSG00000132646;ENSG00000129173;ENSG00000198176;ENSG00000111276;ENSG00000116017;ENSG00000101412;ENSG00000151849;ENSG00000090097;ENSG00000080839;ENSG00000116717;ENSG00000113300
REACTOME_DISSOLUTION_OF_FIBRIN_CLOT,prerank,1.3510499389997204,0.11557788944723618,0.16143944497056587,ENSG00000182718;ENSG00000197747;ENSG00000135919
REACTOME_BBSOME_MEDIATED_CARGO_TARGETING_TO_CILIUM,prerank,1.3505480299166732,0.09326424870466321,0.16144777567929494,ENSG00000156261;ENSG00000088826;ENSG00000150753;ENSG00000163468
REACTOME_POU5F1_OCT4_SOX2_NANOG_ACTIVATE_GENES_RELATED_TO_PROLIFERATION,prerank,-1.5371141039209701,0.023611660730774305,0.16149719640549756,ENSG00000129682;ENSG00000101115;ENSG00000148200;ENSG00000156925;ENSG00000103449
REACTOME_POLYMERASE_SWITCHING_ON_THE_C_STRAND_OF_THE_TELOMERE,prerank,-1.5632846108978606,0.015993163227933097,0.16172253965374153,ENSG00000198056;ENSG00000132646;ENSG00000175482;ENSG00000111445;ENSG00000163918;ENSG00000062822;ENSG00000049541;ENSG00000014138;ENSG00000102977;ENSG00000092330;ENSG00000178971;ENSG00000147601;ENSG00000107960;ENSG00000133119;ENSG00000168802;ENSG00000101868
REACTOME_HOMOLOGOUS_DNA_PAIRING_AND_STRAND_EXCHANGE,prerank,-1.5395467889418197,0.012475224437448992,0.16242276989761817,ENSG00000051180;ENSG00000106399;ENSG00000111247;ENSG00000197299;ENSG00000149554;ENSG00000171792;ENSG00000174371;ENSG00000196584;ENSG00000139618;ENSG00000111445;ENSG00000163918;ENSG00000049541;ENSG00000012048;ENSG00000117748;ENSG00000175643;ENSG00000101773;ENSG00000133119;ENSG00000165392
REACTOME_CS_GAG_BIOSYNTHESIS,prerank,-1.5333823224925558,0.024274274274274275,0.16280918342704503,ENSG00000114646;ENSG00000173546;ENSG00000130287;ENSG00000123989;ENSG00000171310;ENSG00000122863;ENSG00000131873;ENSG00000011465;ENSG00000038427
REACTOME_ROS_AND_RNS_PRODUCTION_IN_PHAGOCYTES,prerank,1.3482392310187825,0.07236842105263158,0.16303773765369017,ENSG00000131100;ENSG00000114573;ENSG00000147416;ENSG00000159720;ENSG00000185883
REACTOME_KILLING_MECHANISMS,prerank,-1.5568492896641644,0.018381380587146258,0.1635518679486861,ENSG00000107404;ENSG00000114251;ENSG00000051523;ENSG00000155760;ENSG00000161202;ENSG00000004975;ENSG00000177606
REACTOME_SARS_COV_2_MODULATES_HOST_TRANSLATION_MACHINERY,prerank,-1.5450509774218975,0.013015434231743837,0.16359495304908583,ENSG00000149806;ENSG00000115268;ENSG00000105372;ENSG00000092208;ENSG00000110700;ENSG00000142534;ENSG00000177954;ENSG00000185088;ENSG00000140988;ENSG00000171858;ENSG00000143947;ENSG00000197728;ENSG00000118181;ENSG00000124614;ENSG00000100028;ENSG00000149273;ENSG00000143977;ENSG00000046647;ENSG00000105193;ENSG00000145425;ENSG00000064703;ENSG00000138326;ENSG00000134419;ENSG00000170889;ENSG00000125743;ENSG00000083845;ENSG00000171863;ENSG00000137154;ENSG00000142252;ENSG00000198034;ENSG00000142937;ENSG00000164587;ENSG00000213741;ENSG00000125835;ENSG00000112306;ENSG00000082516;ENSG00000205571;ENSG00000008988;ENSG00000233927;ENSG00000231500;ENSG00000152147
REACTOME_ECM_PROTEOGLYCANS,prerank,-1.5342254727283688,0.008423852804256263,0.16379008028560077,ENSG00000173402;ENSG00000168542;ENSG00000197565;ENSG00000204262;ENSG00000113140;ENSG00000150093;ENSG00000130287;ENSG00000134871;ENSG00000119699;ENSG00000108821;ENSG00000142798;ENSG00000106366;ENSG00000091136;ENSG00000134569;ENSG00000168477;ENSG00000005961;ENSG00000101680;ENSG00000049089;ENSG00000163359;ENSG00000130635;ENSG00000142173;ENSG00000105426;ENSG00000164692;ENSG00000142156;ENSG00000139329;ENSG00000188157;ENSG00000011465;ENSG00000196569;ENSG00000038427;ENSG00000135862;ENSG00000138448;ENSG00000188153;ENSG00000112769;ENSG00000135164;ENSG00000149294
REACTOME_TRANSCRIPTION_OF_E2F_TARGETS_UNDER_NEGATIVE_CONTROL_BY_DREAM_COMPLEX,prerank,-1.5547978102781128,0.019139945314441957,0.16401447363973826,ENSG00000189308;ENSG00000164045;ENSG00000094804;ENSG00000131747;ENSG00000183814;ENSG00000132646;ENSG00000198176;ENSG00000101412;ENSG00000133740;ENSG00000080839;ENSG00000205659
REACTOME_SYNTHESIS_OF_GLYCOSYLPHOSPHATIDYLINOSITOL_GPI,prerank,-1.5398157636052339,0.02157538618664624,0.1644925281975404,ENSG00000165282;ENSG00000143315;ENSG00000136908;ENSG00000165195;ENSG00000163964;ENSG00000060642;ENSG00000151665;ENSG00000007541;ENSG00000135845;ENSG00000100564
REACTOME_ALPHA_LINOLENIC_OMEGA3_AND_LINOLEIC_OMEGA6_ACID_METABOLISM,prerank,-1.5412456424160428,0.021983773881182937,0.1646847329877205,ENSG00000149485;ENSG00000066322;ENSG00000134824;ENSG00000101473;ENSG00000101986
REACTOME_NRAGE_SIGNALS_DEATH_THROUGH_JNK,prerank,-1.5306868896153285,0.009069266523069946,0.16472979925698286,ENSG00000102302;ENSG00000131089;ENSG00000137135;ENSG00000179222;ENSG00000050327;ENSG00000129675;ENSG00000171680;ENSG00000146426;ENSG00000090924;ENSG00000002330;ENSG00000156299;ENSG00000110237;ENSG00000064300;ENSG00000165801;ENSG00000154358;ENSG00000142632;ENSG00000101977;ENSG00000214694;ENSG00000114790
REACTOME_BASE_EXCISION_REPAIR_AP_SITE_FORMATION,prerank,-1.542699045907581,0.016440314510364547,0.16488984989099606,ENSG00000109674;ENSG00000123415;ENSG00000246705;ENSG00000132781;ENSG00000114026;ENSG00000065057;ENSG00000076248;ENSG00000105968;ENSG00000102977;ENSG00000092330;ENSG00000103152;ENSG00000184260;ENSG00000147601;ENSG00000188486;ENSG00000197903;ENSG00000158373;ENSG00000196890
REACTOME_MITOTIC_PROMETAPHASE,prerank,-1.545747970709086,0.0002041024594346362,0.1651454223232319,ENSG00000166851;ENSG00000143228;ENSG00000115163;ENSG00000178999;ENSG00000121152;ENSG00000134057;ENSG00000089685;ENSG00000198033;ENSG00000156970;ENSG00000101004;ENSG00000134690;ENSG00000152253;ENSG00000138778;ENSG00000142945;ENSG00000080986;ENSG00000117399;ENSG00000153044;ENSG00000146670;ENSG00000170312;ENSG00000117650;ENSG00000137267;ENSG00000142731;ENSG00000167552;ENSG00000102384;ENSG00000137812;ENSG00000121621;ENSG00000117724;ENSG00000174442;ENSG00000161888;ENSG00000000460;ENSG00000103995;ENSG00000104833;ENSG00000129810;ENSG00000072864;ENSG00000120334;ENSG00000166451;ENSG00000175216;ENSG00000184445;ENSG00000101162;ENSG00000136861;ENSG00000157020;ENSG00000149636;ENSG00000164109;ENSG00000109805;ENSG00000137100;ENSG00000157456;ENSG00000123219;ENSG00000176101;ENSG00000068971;ENSG00000154839;ENSG00000186871;ENSG00000151725;ENSG00000075188;ENSG00000037042;ENSG00000175279;ENSG00000169679;ENSG00000040275;ENSG00000163535;ENSG00000104695;ENSG00000101624;ENSG00000152240;ENSG00000177954;ENSG00000147400;ENSG00000088986;ENSG00000151849;ENSG00000154473
REACTOME_GLYCOGEN_METABOLISM,prerank,1.3442345076463826,0.08279506752789195,0.16591556183740974,ENSG00000114480;ENSG00000150991;ENSG00000100994;ENSG00000104812;ENSG00000079739
REACTOME_INTERACTIONS_OF_VPR_WITH_HOST_CELLULAR_PROTEINS,prerank,1.3437254653829898,0.07435897435897436,0.1659629468538337,ENSG00000213024;ENSG00000094914;ENSG00000137309;ENSG00000102900;ENSG00000175334
REACTOME_KINESINS,prerank,-1.5463274505754376,0.009340535674094081,0.16687935463808926,ENSG00000090889;ENSG00000104892;ENSG00000237649;ENSG00000186185;ENSG00000198033;ENSG00000112984;ENSG00000138778;ENSG00000163808;ENSG00000142945;ENSG00000137807;ENSG00000137267;ENSG00000161800;ENSG00000084731;ENSG00000167552;ENSG00000121621;ENSG00000104833;ENSG00000136883;ENSG00000101162;ENSG00000138182;ENSG00000174996
REACTOME_DISEASES_OF_GLYCOSYLATION,prerank,-1.5277105482873663,0.0016746912288046892,0.16719637753497432,ENSG00000074181;ENSG00000114646;ENSG00000169105;ENSG00000173546;ENSG00000085998;ENSG00000173402;ENSG00000179085;ENSG00000159921;ENSG00000076716;ENSG00000213420;ENSG00000213930;ENSG00000145808;ENSG00000082684;ENSG00000086848;ENSG00000204386;ENSG00000185761;ENSG00000130287;ENSG00000149541;ENSG00000136378;ENSG00000162512;ENSG00000181143;ENSG00000177239;ENSG00000143382;ENSG00000129255;ENSG00000160323;ENSG00000115884;ENSG00000142798;ENSG00000151348;ENSG00000086062;ENSG00000172269;ENSG00000147257;ENSG00000154734;ENSG00000130714;ENSG00000108479;ENSG00000119523;ENSG00000106809;ENSG00000122863;ENSG00000027847;ENSG00000106392;ENSG00000131873;ENSG00000136908;ENSG00000182858;ENSG00000139329;ENSG00000188157;ENSG00000172339;ENSG00000049192;ENSG00000011465;ENSG00000143891;ENSG00000038427;ENSG00000115275;ENSG00000159063;ENSG00000185499;ENSG00000033011;ENSG00000215182;ENSG00000214160;ENSG00000174684;ENSG00000133424;ENSG00000173702;ENSG00000175283;ENSG00000000419;ENSG00000163933;ENSG00000171155;ENSG00000155850;ENSG00000166391;ENSG00000088035;ENSG00000087116;ENSG00000148400
REACTOME_ROLE_OF_PHOSPHOLIPIDS_IN_PHAGOCYTOSIS,prerank,1.3413308942995283,0.03348729792147806,0.16757185024436438,ENSG00000241244;ENSG00000242534;ENSG00000244116;ENSG00000239571;ENSG00000171132;ENSG00000243290;ENSG00000240382;ENSG00000243238;ENSG00000203747;ENSG00000241351;ENSG00000240864;ENSG00000239951;ENSG00000211653;ENSG00000211652;ENSG00000160654;ENSG00000211893;ENSG00000211959;ENSG00000211973;ENSG00000224373;ENSG00000211962;ENSG00000211967;ENSG00000211660;ENSG00000166428;ENSG00000242371;ENSG00000211677;ENSG00000211892;ENSG00000211896
REACTOME_METABOLISM_OF_AMINE_DERIVED_HORMONES,prerank,1.3403755231141365,0.1050228310502283,0.1679304461757621,ENSG00000140274;ENSG00000140279;ENSG00000140254;ENSG00000197406;ENSG00000135346;ENSG00000105641;ENSG00000115705;ENSG00000132437
REACTOME_MITOCHONDRIAL_FATTY_ACID_BETA_OXIDATION_OF_SATURATED_FATTY_ACIDS,prerank,1.3394078675311483,0.1321274085725521,0.16833187348658127,ENSG00000084754;ENSG00000072778;ENSG00000127884
REACTOME_PEROXISOMAL_PROTEIN_IMPORT,prerank,-1.5470314549393607,0.008717031738936076,0.1684902619701212,ENSG00000117305;ENSG00000115204;ENSG00000086666;ENSG00000005469;ENSG00000221983;ENSG00000115425;ENSG00000170315;ENSG00000104823;ENSG00000107537;ENSG00000138413;ENSG00000101473;ENSG00000197448;ENSG00000095321;ENSG00000242612;ENSG00000157911;ENSG00000110887;ENSG00000116906;ENSG00000131508;ENSG00000072401;ENSG00000143947;ENSG00000119912;ENSG00000109332;ENSG00000112357;ENSG00000148832;ENSG00000007171;ENSG00000127980;ENSG00000162928;ENSG00000113790;ENSG00000131373;ENSG00000179761
REACTOME_INTEGRIN_SIGNALING,prerank,1.337842639685665,0.08977272727272727,0.16920704660666308,ENSG00000137076;ENSG00000103653;ENSG00000177885
REACTOME_AFLATOXIN_ACTIVATION_AND_DETOXIFICATION,prerank,-1.5240660750948143,0.029449260581336054,0.17099253116016064,ENSG00000131067;ENSG00000053371;ENSG00000143198;ENSG00000085871;ENSG00000008394;ENSG00000100031;ENSG00000106258;ENSG00000099998
REACTOME_CYCLIN_D_ASSOCIATED_EVENTS_IN_G1,prerank,-1.547129672953328,0.011350607658793855,0.17123991951378215,ENSG00000123374;ENSG00000197122;ENSG00000175305;ENSG00000126756;ENSG00000221983;ENSG00000170315;ENSG00000198176;ENSG00000111276;ENSG00000173207;ENSG00000104695;ENSG00000129355;ENSG00000101412;ENSG00000133740;ENSG00000167393;ENSG00000113575;ENSG00000143947;ENSG00000007968;ENSG00000080839;ENSG00000110092;ENSG00000105810;ENSG00000134058;ENSG00000123080;ENSG00000020426;ENSG00000096968
REACTOME_WNT5A_DEPENDENT_INTERNALIZATION_OF_FZD4,prerank,1.3333224487384887,0.11869844179651695,0.17272576618776173,ENSG00000161203;ENSG00000141367;ENSG00000042753
REACTOME_SYNTHESIS_OF_SUBSTRATES_IN_N_GLYCAN_BIOSYTHESIS,prerank,-1.5476133411797435,0.0061624649859943975,0.17339569943824956,ENSG00000169084;ENSG00000179085;ENSG00000159921;ENSG00000104522;ENSG00000204386;ENSG00000177511;ENSG00000173540;ENSG00000111726;ENSG00000013375;ENSG00000102032;ENSG00000157353;ENSG00000162066;ENSG00000136840;ENSG00000119899;ENSG00000167508;ENSG00000148803;ENSG00000095380;ENSG00000124357;ENSG00000136908;ENSG00000117143;ENSG00000120697;ENSG00000100417;ENSG00000254685;ENSG00000115525;ENSG00000157350;ENSG00000175283;ENSG00000073849;ENSG00000000419;ENSG00000110080
REACTOME_ELASTIC_FIBRE_FORMATION,prerank,-1.5192642232118965,0.014777751919944147,0.17436163983447522,ENSG00000140564;ENSG00000090006;ENSG00000134013;ENSG00000172638;ENSG00000077942;ENSG00000115318;ENSG00000150093;ENSG00000138080;ENSG00000119699;ENSG00000166482;ENSG00000142449;ENSG00000049323;ENSG00000138131;ENSG00000161638;ENSG00000140092;ENSG00000113083;ENSG00000105855;ENSG00000125965;ENSG00000138448;ENSG00000117122;ENSG00000129038;ENSG00000197614
REACTOME_MITF_M_DEPENDENT_GENE_EXPRESSION,prerank,1.3308567868461523,0.037337662337662336,0.1744887773339813,ENSG00000131100;ENSG00000131504;ENSG00000114573;ENSG00000116478;ENSG00000169375;ENSG00000147416;ENSG00000159720;ENSG00000197535;ENSG00000185883;ENSG00000075624;ENSG00000127616;ENSG00000099956
REACTOME_SIGNALING_BY_PTK6,prerank,1.3303300545863523,0.05786471067644662,0.17449374047427305,ENSG00000067560;ENSG00000150991;ENSG00000141456;ENSG00000138798;ENSG00000174775;ENSG00000100644
REACTOME_INFLAMMASOMES,prerank,1.3295143443019966,0.11234329797492767,0.17476474071624554,ENSG00000136810;ENSG00000096384;ENSG00000142192
REACTOME_RECOGNITION_AND_ASSOCIATION_OF_DNA_GLYCOSYLASE_WITH_SITE_CONTAINING_AN_AFFECTED_PURINE,prerank,-1.5196211987626322,0.022621096631423653,0.1761032879980007,ENSG00000109674;ENSG00000246705;ENSG00000132781;ENSG00000114026;ENSG00000105968;ENSG00000102977;ENSG00000092330;ENSG00000103152;ENSG00000184260;ENSG00000147601;ENSG00000188486;ENSG00000197903;ENSG00000158373;ENSG00000196890
REACTOME_MRNA_DECAY_BY_3_TO_5_EXORIBONUCLEASE,prerank,-1.5162673195283871,0.02669902912621359,0.17722008272539458,ENSG00000110063;ENSG00000120699;ENSG00000077348;ENSG00000107371;ENSG00000171311;ENSG00000140395;ENSG00000178896;ENSG00000141698;ENSG00000075914;ENSG00000083520;ENSG00000112339;ENSG00000198677;ENSG00000123737;ENSG00000204351
REACTOME_CHOLESTEROL_BIOSYNTHESIS,prerank,-1.5144313551683337,0.023281326182350074,0.17805164890849337,ENSG00000172893;ENSG00000147155;ENSG00000149809;ENSG00000163344;ENSG00000104549;ENSG00000079459;ENSG00000205808;ENSG00000160285;ENSG00000110921;ENSG00000167508;ENSG00000067064;ENSG00000112972;ENSG00000052802
REACTOME_SIGNALING_BY_ALK,prerank,1.3230925644698357,0.09285277947464875,0.17874615242592826,ENSG00000171720;ENSG00000116478;ENSG00000169375;ENSG00000100644
REACTOME_ALK_MUTANTS_BIND_TKIS,prerank,1.324499222161835,0.12254483347566182,0.17877622423585662,ENSG00000141367;ENSG00000108946;ENSG00000171094
REACTOME_ARACHIDONATE_METABOLISM,prerank,1.3234638079303114,0.05668016194331984,0.1788615564806376,ENSG00000103222;ENSG00000106853;ENSG00000159228;ENSG00000111144;ENSG00000167468;ENSG00000179148;ENSG00000142973;ENSG00000148344;ENSG00000164120;ENSG00000163106;ENSG00000012779;ENSG00000187048
REACTOME_SARS_COV_1_HOST_INTERACTIONS,prerank,1.3235662421801258,0.04518950437317784,0.1792022556531665,ENSG00000128245;ENSG00000166949;ENSG00000150991;ENSG00000134308;ENSG00000088832;ENSG00000170027;ENSG00000108953;ENSG00000166913;ENSG00000108424;ENSG00000196262;ENSG00000182481
REACTOME_INTRINSIC_PATHWAY_OF_FIBRIN_CLOT_FORMATION,prerank,1.3209803354969991,0.11360083376758728,0.18023247339189696,ENSG00000170949;ENSG00000108561;ENSG00000135919;ENSG00000101981;ENSG00000113889
REACTOME_MATURATION_OF_TCA_ENZYMES_AND_REGULATION_OF_TCA_CYCLE,prerank,1.3202920239763642,0.12198649951783992,0.18036192901584813,ENSG00000073578;ENSG00000062485;ENSG00000143252;ENSG00000100412
REACTOME_TRANSCRIPTION_COUPLED_NUCLEOTIDE_EXCISION_REPAIR_TC_NER,prerank,1.3185184993107206,0.04794520547945205,0.1807056582229638,ENSG00000150991;ENSG00000167986;ENSG00000106628;ENSG00000099817;ENSG00000012061;ENSG00000177700;ENSG00000169727;ENSG00000181222;ENSG00000168090;ENSG00000111652;ENSG00000132383
REACTOME_INTERLEUKIN_4_AND_INTERLEUKIN_13_SIGNALING,prerank,1.319306469565026,0.03298350824587706,0.18080241807140757,ENSG00000026025;ENSG00000109971;ENSG00000105329;ENSG00000080824;ENSG00000166598;ENSG00000100644;ENSG00000075618;ENSG00000112715;ENSG00000162594;ENSG00000102265;ENSG00000136634;ENSG00000162434;ENSG00000169194;ENSG00000124491;ENSG00000122691;ENSG00000107485
REACTOME_ESR_MEDIATED_SIGNALING,prerank,1.3187678484349021,0.0033783783783783786,0.180888140251181,ENSG00000116478;ENSG00000152332;ENSG00000138798;ENSG00000082898;ENSG00000078369;ENSG00000004478;ENSG00000096384;ENSG00000174775;ENSG00000117984;ENSG00000080824;ENSG00000011485;ENSG00000099817;ENSG00000126457;ENSG00000177700;ENSG00000181222;ENSG00000182481;ENSG00000114353
REACTOME_SEMA4D_IN_SEMAPHORIN_SIGNALING,prerank,1.3177067107396943,0.11392405063291139,0.1809504229265284,ENSG00000067560;ENSG00000100345;ENSG00000092841;ENSG00000106683;ENSG00000133392
REACTOME_RHOF_GTPASE_CYCLE,prerank,1.31714041939478,0.08333333333333333,0.1810298921810643,ENSG00000077549;ENSG00000131504;ENSG00000075785;ENSG00000075624;ENSG00000139641;ENSG00000072110
REACTOME_GAP_JUNCTION_ASSEMBLY,prerank,1.3145006269396828,0.09213759213759214,0.1830261849328701,ENSG00000127824;ENSG00000167553;ENSG00000123416;ENSG00000188229;ENSG00000258947;ENSG00000121743;ENSG00000187513;ENSG00000121742;ENSG00000188910
REACTOME_TELOMERE_C_STRAND_LAGGING_STRAND_SYNTHESIS,prerank,-1.5073728811301703,0.022762483613395303,0.18346406186216593,ENSG00000106399;ENSG00000197299;ENSG00000198056;ENSG00000132646;ENSG00000175482;ENSG00000111445;ENSG00000163918;ENSG00000062822;ENSG00000049541;ENSG00000014138;ENSG00000117748;ENSG00000102977;ENSG00000092330;ENSG00000178971;ENSG00000147601;ENSG00000107960;ENSG00000133119;ENSG00000165392;ENSG00000168802;ENSG00000144749;ENSG00000101868
REACTOME_HEPARAN_SULFATE_HEPARIN_HS_GAG_METABOLISM,prerank,-1.5099197570740406,0.02095773328650041,0.1836506333600415,ENSG00000012232;ENSG00000130958;ENSG00000171004;ENSG00000076716;ENSG00000213420;ENSG00000181523;ENSG00000162512;ENSG00000135047;ENSG00000070614;ENSG00000115884;ENSG00000142798;ENSG00000151348;ENSG00000108784;ENSG00000147257;ENSG00000138604;ENSG00000165102;ENSG00000188157
REACTOME_ACYL_CHAIN_REMODELLING_OF_PC,prerank,-1.5084916018585872,0.024896769492348796,0.18385293527943747,ENSG00000121316;ENSG00000180089;ENSG00000143797;ENSG00000170890;ENSG00000176485;ENSG00000153395;ENSG00000111684;ENSG00000069764;ENSG00000117215;ENSG00000123739;ENSG00000100078;ENSG00000116711
REACTOME_HS_GAG_DEGRADATION,prerank,-1.5043701769038416,0.02755511022044088,0.18645743866777953,ENSG00000076716;ENSG00000213420;ENSG00000181523;ENSG00000162512;ENSG00000135047;ENSG00000115884;ENSG00000142798;ENSG00000108784;ENSG00000147257;ENSG00000165102;ENSG00000188157
REACTOME_SPECIFICATION_OF_THE_NEURAL_PLATE_BORDER,prerank,1.3098632583464735,0.1328195829555757,0.18684749966055192,ENSG00000154342;ENSG00000137203;ENSG00000135903;ENSG00000075388;ENSG00000087510;ENSG00000163132;ENSG00000105880
REACTOME_EXTENSION_OF_TELOMERES,prerank,-1.5023547264811643,0.016108762709928025,0.18770718838700653,ENSG00000140451;ENSG00000145386;ENSG00000123374;ENSG00000106399;ENSG00000197299;ENSG00000198056;ENSG00000132646;ENSG00000175482;ENSG00000111445;ENSG00000163918;ENSG00000062822;ENSG00000049541;ENSG00000014138;ENSG00000117748;ENSG00000102977;ENSG00000092330;ENSG00000178971;ENSG00000147601;ENSG00000175792;ENSG00000107960;ENSG00000133119;ENSG00000165392;ENSG00000145912;ENSG00000168802;ENSG00000144749;ENSG00000101868
REACTOME_MECHANICAL_LOAD_ACTIVATES_SIGNALING_BY_PIEZO1_AND_INTEGRINS_IN_OSTEOCYTES,prerank,-1.5001216679692,0.029769445148213832,0.18940978582075368,ENSG00000167535;ENSG00000067191;ENSG00000150093;ENSG00000105605;ENSG00000196557;ENSG00000142798;ENSG00000161638;ENSG00000142208;ENSG00000138448;ENSG00000110218
REACTOME_ACETYLCHOLINE_NEUROTRANSMITTER_RELEASE_CYCLE,prerank,1.3050659674909615,0.14416058394160583,0.1909381257851821,ENSG00000143847;ENSG00000106089;ENSG00000187714
REACTOME_DISEASES_OF_CARBOHYDRATE_METABOLISM,prerank,1.3026928105845146,0.10493046776232617,0.19265390144593944,ENSG00000114480;ENSG00000150991;ENSG00000104812;ENSG00000177156;ENSG00000141349;ENSG00000131482
REACTOME_NUCLEOTIDE_BIOSYNTHESIS,prerank,1.3010433597538085,0.13646240764884832,0.1937597465804104,ENSG00000068120;ENSG00000128050
REACTOME_GLYCOSAMINOGLYCAN_METABOLISM,prerank,-1.4957852308032977,0.0031598904571308196,0.19493040839067619,ENSG00000114646;ENSG00000169105;ENSG00000012232;ENSG00000130958;ENSG00000068001;ENSG00000173546;ENSG00000072571;ENSG00000171004;ENSG00000076716;ENSG00000213420;ENSG00000181523;ENSG00000130287;ENSG00000149541;ENSG00000111817;ENSG00000123989;ENSG00000162512;ENSG00000135047;ENSG00000169919;ENSG00000070614;ENSG00000171310;ENSG00000115884;ENSG00000142798;ENSG00000151348;ENSG00000108784;ENSG00000086062;ENSG00000117411;ENSG00000157593;ENSG00000147257;ENSG00000121578;ENSG00000155893;ENSG00000119899;ENSG00000135677;ENSG00000138604;ENSG00000106809;ENSG00000122863;ENSG00000181045;ENSG00000186792;ENSG00000187446;ENSG00000027847;ENSG00000015532;ENSG00000131873;ENSG00000165102;ENSG00000139329;ENSG00000188157;ENSG00000109956;ENSG00000011465;ENSG00000135702;ENSG00000113273
REACTOME_RHOU_GTPASE_CYCLE,prerank,1.2991640630861527,0.08154803040774015,0.19506953898100782,ENSG00000140575;ENSG00000185359;ENSG00000177885;ENSG00000197694;ENSG00000141367
REACTOME_NEGATIVE_REGULATION_OF_MAPK_PATHWAY,prerank,1.2970846226994872,0.08704735376044569,0.19660846593867456,ENSG00000150991;ENSG00000169032;ENSG00000174775;ENSG00000166913;ENSG00000011485;ENSG00000105568
REACTOME_GLUTAMATE_NEUROTRANSMITTER_RELEASE_CYCLE,prerank,1.295289035011297,0.12101910828025478,0.1978018560053954,ENSG00000144746;ENSG00000143847;ENSG00000106089
REACTOME_FORMATION_OF_THE_CANONICAL_BAF_CBAF_COMPLEX,prerank,1.2938581965688705,0.12968299711815562,0.1986632218319208,ENSG00000075624;ENSG00000127616;ENSG00000099956
REACTOME_BUDDING_AND_MATURATION_OF_HIV_VIRION,prerank,1.2922712732929444,0.12528344671201813,0.1997696524308881,ENSG00000150991;ENSG00000132612;ENSG00000196262;ENSG00000130724
REACTOME_GLUCAGON_LIKE_PEPTIDE_1_GLP1_REGULATES_INSULIN_SECRETION,prerank,1.291561359193559,0.09971711456859972,0.1999888004584543,ENSG00000140575;ENSG00000078369;ENSG00000087460;ENSG00000108946;ENSG00000072062
REACTOME_DENGUE_VIRUS_ATTACHMENT_AND_ENTRY,prerank,1.290463465123857,0.09812734082397004,0.20008977291724003,ENSG00000197548;ENSG00000124145;ENSG00000161203;ENSG00000130985;ENSG00000063660;ENSG00000042753
REACTOME_GRB2_SOS_PROVIDES_LINKAGE_TO_MAPK_SIGNALING_FOR_INTEGRINS,prerank,1.2908816236120872,0.1437389770723104,0.20014108153362997,ENSG00000137076;ENSG00000177885
REACTOME_NEGATIVE_REGULATION_OF_NMDA_RECEPTOR_MEDIATED_NEURONAL_TRANSMISSION,prerank,-1.4888001669483533,0.03406963684013478,0.205648608896638,ENSG00000126787;ENSG00000134072;ENSG00000175175;ENSG00000058404;ENSG00000132535;ENSG00000100034;ENSG00000198668;ENSG00000152495;ENSG00000148660;ENSG00000105464
REACTOME_DNA_STRAND_ELONGATION,prerank,-1.4853546364610788,0.02939764818814495,0.20745478631632847,ENSG00000101003;ENSG00000147536;ENSG00000131153;ENSG00000106399;ENSG00000198056;ENSG00000181938;ENSG00000132646;ENSG00000125885;ENSG00000175482;ENSG00000111445;ENSG00000093009;ENSG00000163918;ENSG00000062822;ENSG00000049541;ENSG00000014138;ENSG00000117748
REACTOME_LISTERIA_MONOCYTOGENES_ENTRY_INTO_HOST_CELLS,prerank,1.2826303009931324,0.13380281690140844,0.20753394093632932,ENSG00000150991;ENSG00000185359;ENSG00000177885
REACTOME_ABERRANT_REGULATION_OF_MITOTIC_G1_S_TRANSITION_IN_CANCER_DUE_TO_RB1_DEFECTS,prerank,-1.4836973274224476,0.03637976929902396,0.20822121755589038,ENSG00000123374;ENSG00000175305;ENSG00000198176;ENSG00000111276;ENSG00000101412;ENSG00000007968;ENSG00000110092;ENSG00000105810
REACTOME_CONDENSATION_OF_PROPHASE_CHROMOSOMES,prerank,-1.4858871362367865,0.02986685858222382,0.20882292595302698,ENSG00000166851;ENSG00000134057;ENSG00000170312;ENSG00000246705;ENSG00000151503;ENSG00000105968;ENSG00000184260;ENSG00000119335;ENSG00000136824;ENSG00000132475;ENSG00000113810;ENSG00000188486;ENSG00000197903;ENSG00000147316;ENSG00000158373;ENSG00000196890;ENSG00000146918
REACTOME_DOWNREGULATION_OF_ERBB2_SIGNALING,prerank,1.2797415207849996,0.11734693877551021,0.2100455230441327,ENSG00000150991;ENSG00000138798;ENSG00000105401;ENSG00000080824
REACTOME_SIGNALING_BY_FLT3_ITD_AND_TKD_MUTANTS,prerank,1.2777189941951086,0.14285714285714285,0.21167217261433624,ENSG00000177885;ENSG00000174775
REACTOME_CARDIOGENESIS,prerank,1.2749995778230978,0.12301804264625478,0.21398238369706116,ENSG00000184058;ENSG00000164107;ENSG00000183072;ENSG00000164532;ENSG00000089225;ENSG00000163508;ENSG00000141448
REACTOME_MICRORNA_MIRNA_BIOGENESIS,prerank,1.2728478377774328,0.14608599779492834,0.2157329603347453,ENSG00000099817;ENSG00000132341;ENSG00000177700;ENSG00000181222
REACTOME_DISEASES_OF_HEMOSTASIS,prerank,-1.4773866439632741,0.03866700585092852,0.21578601042995116,ENSG00000169902;ENSG00000185245;ENSG00000115486;ENSG00000108821;ENSG00000149131;ENSG00000160323;ENSG00000185010
REACTOME_INITIATION_OF_NUCLEAR_ENVELOPE_NE_REFORMATION,prerank,1.2723299380183,0.15216310293386376,0.21579082957873694,ENSG00000160789;ENSG00000108424;ENSG00000105568;ENSG00000175334
REACTOME_ERYTHROCYTES_TAKE_UP_CARBON_DIOXIDE_AND_RELEASE_OXYGEN,prerank,-1.4779057072975292,0.03743945542610289,0.21717684943874768,ENSG00000133742;ENSG00000112077;ENSG00000004939;ENSG00000166394;ENSG00000159348
REACTOME_SARS_COV_2_HOST_INTERACTIONS,prerank,1.2670836253317868,0.020833333333333332,0.2177973180889488,ENSG00000128245;ENSG00000213024;ENSG00000150991;ENSG00000134308;ENSG00000104142;ENSG00000184056;ENSG00000094914;ENSG00000096384;ENSG00000145907;ENSG00000170027;ENSG00000080824;ENSG00000108953;ENSG00000166913;ENSG00000184216;ENSG00000178952;ENSG00000102900;ENSG00000182481
REACTOME_REGULATION_OF_HSF1_MEDIATED_HEAT_SHOCK_RESPONSE,prerank,1.2691890977065967,0.06941176470588235,0.21809613944997933,ENSG00000213024;ENSG00000158941;ENSG00000094914;ENSG00000004478;ENSG00000109971;ENSG00000108953;ENSG00000170606;ENSG00000102900;ENSG00000132383
REACTOME_PROLONGED_ERK_ACTIVATION_EVENTS,prerank,1.2671623788678066,0.16615384615384615,0.21820557566776094,ENSG00000169032;ENSG00000166913
REACTOME_SIGNALING_BY_FGFR2_IN_DISEASE,prerank,1.2694739348383453,0.11447368421052631,0.21829658741409744,ENSG00000177885;ENSG00000174775;ENSG00000099817;ENSG00000177700;ENSG00000181222;ENSG00000186895
REACTOME_PURINE_RIBONUCLEOSIDE_MONOPHOSPHATE_BIOSYNTHESIS,prerank,1.2684860612197961,0.16934189406099517,0.2183060959101095,ENSG00000068120;ENSG00000128050
REACTOME_NEGATIVE_REGULATION_OF_MET_ACTIVITY,prerank,1.2680143510728223,0.1515469323544835,0.2183297114246452,ENSG00000150991;ENSG00000185359;ENSG00000177885
REACTOME_TRNA_PROCESSING_IN_THE_NUCLEUS,prerank,1.267365812927865,0.09490940465918896,0.21849975627938545,ENSG00000213024;ENSG00000094914;ENSG00000006744;ENSG00000079785;ENSG00000102900;ENSG00000132341
REACTOME_MRNA_EDITING,prerank,1.26563825698178,0.16515926071569012,0.21879188369214653,ENSG00000244509;ENSG00000148584;ENSG00000128383;ENSG00000111701
REACTOME_LATE_SARS_COV_2_INFECTION_EVENTS,prerank,1.2643704788189003,0.08287895310796074,0.2195951350497743,ENSG00000150991;ENSG00000161013;ENSG00000137817;ENSG00000177119;ENSG00000126457;ENSG00000127022;ENSG00000089597;ENSG00000118705;ENSG00000244038;ENSG00000163902
REACTOME_CLASS_B_2_SECRETIN_FAMILY_RECEPTORS,prerank,1.2617734411802268,0.052565707133917394,0.22185897819870304,ENSG00000078369;ENSG00000088826;ENSG00000087460;ENSG00000115596;ENSG00000215644;ENSG00000154342;ENSG00000105989;ENSG00000163501;ENSG00000004948;ENSG00000169884;ENSG00000164690;ENSG00000135925;ENSG00000112164;ENSG00000120088;ENSG00000118702;ENSG00000145708
REACTOME_ESTROGEN_DEPENDENT_GENE_EXPRESSION,prerank,1.260691561142688,0.039182282793867124,0.22200413385018503,ENSG00000116478;ENSG00000004478;ENSG00000096384;ENSG00000117984;ENSG00000080824;ENSG00000099817;ENSG00000126457;ENSG00000177700;ENSG00000181222;ENSG00000182481
REACTOME_VASOPRESSIN_REGULATES_RENAL_WATER_HOMEOSTASIS_VIA_AQUAPORINS,prerank,1.2608029936364809,0.11764705882352941,0.22239483668218407,ENSG00000078369;ENSG00000087460;ENSG00000108946;ENSG00000072062;ENSG00000103769;ENSG00000129467
REACTOME_ATF6_ATF6_ALPHA_ACTIVATES_CHAPERONES,prerank,1.2562125873031074,0.16780684104627766,0.2263100166142409,ENSG00000166598;ENSG00000179218
REACTOME_CONSTITUTIVE_SIGNALING_BY_AKT1_E17K_IN_CANCER,prerank,-1.4660728759474606,0.039364303178484106,0.22648220418161388,ENSG00000167965;ENSG00000175634;ENSG00000111276;ENSG00000119487;ENSG00000002330;ENSG00000117020;ENSG00000132906;ENSG00000142208;ENSG00000150907;ENSG00000184481;ENSG00000140992;ENSG00000186654;ENSG00000164327;ENSG00000105221;ENSG00000118260;ENSG00000105723;ENSG00000135679;ENSG00000213341;ENSG00000118689;ENSG00000205643;ENSG00000103197;ENSG00000198793
REACTOME_TGFBR3_PTM_REGULATION,prerank,-1.464053487520606,0.04931724777939812,0.228271170625605,ENSG00000157227;ENSG00000069702;ENSG00000205155;ENSG00000138613;ENSG00000162736;ENSG00000035862
REACTOME_ADORA2B_MEDIATED_ANTI_INFLAMMATORY_CYTOKINES_PRODUCTION,prerank,1.252929564662912,0.11904761904761904,0.22833183673249996,ENSG00000078369;ENSG00000087460;ENSG00000108946;ENSG00000072062;ENSG00000114353;ENSG00000129467;ENSG00000170425
REACTOME_TRANSLATION_OF_SARS_COV_2_STRUCTURAL_PROTEINS,prerank,1.2532334155601808,0.09066183136899365,0.228506523299592,ENSG00000150991;ENSG00000161013;ENSG00000137817;ENSG00000126457;ENSG00000127022;ENSG00000089597;ENSG00000118705;ENSG00000244038;ENSG00000163902
REACTOME_TERMINATION_OF_TRANSLESION_DNA_SYNTHESIS,prerank,-1.466238219065309,0.03203525068476837,0.2285557799472267,ENSG00000051341;ENSG00000106399;ENSG00000166803;ENSG00000100479;ENSG00000221983;ENSG00000132646;ENSG00000170315;ENSG00000175482;ENSG00000111445;ENSG00000163918;ENSG00000062822;ENSG00000049541;ENSG00000115350;ENSG00000117748;ENSG00000143947;ENSG00000182179;ENSG00000133119
REACTOME_INTRINSIC_PATHWAY_FOR_APOPTOSIS,prerank,1.2534589671353036,0.09819967266775777,0.22878305433327709,ENSG00000128245;ENSG00000134308;ENSG00000170027;ENSG00000108953;ENSG00000166913;ENSG00000108561
REACTOME_MET_ACTIVATES_PTK2_SIGNALING,prerank,-1.4683338947014175,0.03611820503465888,0.22911792400763512,ENSG00000168542;ENSG00000197122;ENSG00000204262;ENSG00000150093;ENSG00000108821;ENSG00000091136;ENSG00000101680;ENSG00000130635;ENSG00000196739;ENSG00000164692;ENSG00000060718;ENSG00000196569;ENSG00000135862
REACTOME_HOMOLOGY_DIRECTED_REPAIR,prerank,-1.4694249357088944,0.00783400381113699,0.22936111340755416,ENSG00000051341;ENSG00000035499;ENSG00000163322;ENSG00000051180;ENSG00000145386;ENSG00000123374;ENSG00000106399;ENSG00000111247;ENSG00000197299;ENSG00000149554;ENSG00000111602;ENSG00000000460;ENSG00000100479;ENSG00000171792;ENSG00000174371;ENSG00000221983;ENSG00000132646;ENSG00000154920;ENSG00000170315;ENSG00000175482;ENSG00000196584;ENSG00000139618;ENSG00000111445;ENSG00000163918;ENSG00000062822;ENSG00000049541;ENSG00000143799;ENSG00000115350;ENSG00000002016;ENSG00000012048;ENSG00000117748;ENSG00000067369;ENSG00000143947;ENSG00000175643;ENSG00000188612;ENSG00000188827;ENSG00000101773;ENSG00000132207;ENSG00000092853;ENSG00000129484;ENSG00000133119;ENSG00000165392;ENSG00000005156;ENSG00000169139;ENSG00000126215;ENSG00000164808;ENSG00000188486;ENSG00000197903;ENSG00000158373;ENSG00000149923;ENSG00000178295;ENSG00000196890;ENSG00000075131;ENSG00000104320;ENSG00000132436;ENSG00000138346;ENSG00000173638;ENSG00000137337;ENSG00000152942;ENSG00000172732;ENSG00000184678
REACTOME_GLUTATHIONE_SYNTHESIS_AND_RECYCLING,prerank,-1.4664412593511928,0.046228391828182294,0.23058431543426078,ENSG00000131067;ENSG00000178814;ENSG00000128965;ENSG00000001084;ENSG00000100031;ENSG00000006625;ENSG00000099998;ENSG00000023909;ENSG00000171867
REACTOME_EPHA_MEDIATED_GROWTH_CONE_COLLAPSE,prerank,1.2488066290790911,0.14544392523364486,0.23236984636184974,ENSG00000067560;ENSG00000100345;ENSG00000092841;ENSG00000133392;ENSG00000070886;ENSG00000183317
REACTOME_ANTIGEN_ACTIVATES_B_CELL_RECEPTOR_BCR_LEADING_TO_GENERATION_OF_SECOND_MESSENGERS,prerank,1.2474025101582056,0.0799059929494712,0.2334113463204311,ENSG00000177885;ENSG00000241244;ENSG00000242534;ENSG00000244116;ENSG00000239571;ENSG00000243290;ENSG00000240382;ENSG00000243238;ENSG00000241351;ENSG00000240864;ENSG00000239951;ENSG00000211653;ENSG00000211652;ENSG00000211959;ENSG00000211973;ENSG00000224373;ENSG00000211962;ENSG00000211967;ENSG00000211660;ENSG00000141968
REACTOME_ISG15_ANTIVIRAL_MECHANISM,prerank,1.246884532148555,0.1014799154334038,0.23346332618233634,ENSG00000213024;ENSG00000150991;ENSG00000094914;ENSG00000110321;ENSG00000108424;ENSG00000102900;ENSG00000114867;ENSG00000182481
REACTOME_RECOGNITION_OF_DNA_DAMAGE_BY_PCNA_CONTAINING_REPLICATION_COMPLEX,prerank,-1.45990996006485,0.03711265914004324,0.23447049541580617,ENSG00000143476;ENSG00000106399;ENSG00000100479;ENSG00000221983;ENSG00000132646;ENSG00000170315;ENSG00000175482;ENSG00000111445;ENSG00000163918;ENSG00000062822;ENSG00000049541;ENSG00000115350;ENSG00000117748;ENSG00000143947;ENSG00000070950;ENSG00000119048;ENSG00000162607;ENSG00000100387;ENSG00000133119
REACTOME_PLASMA_LIPOPROTEIN_ASSEMBLY_REMODELING_AND_CLEARANCE,prerank,1.2432185984603565,0.09651741293532339,0.23653152544800696,ENSG00000150991;ENSG00000144959;ENSG00000161203;ENSG00000141367;ENSG00000115677;ENSG00000042753;ENSG00000072062;ENSG00000185624;ENSG00000110245
REACTOME_FLT3_SIGNALING,prerank,1.2433921178184872,0.14101738570508693,0.2368572435059554,ENSG00000150991;ENSG00000103653;ENSG00000177885;ENSG00000174775
REACTOME_GBP_MEDIATED_HOST_DEFENSE,prerank,1.2414025171997816,0.17521739130434782,0.23752462436058172,ENSG00000184009;ENSG00000075624
REACTOME_SIGNALING_BY_CYTOSOLIC_FGFR1_FUSION_MUTANTS,prerank,1.2417416417844638,0.16908665105386417,0.2376573399187523,ENSG00000177885;ENSG00000111605
REACTOME_RAP1_SIGNALLING,prerank,1.2396751287670205,0.18266666666666667,0.23906592638647667,ENSG00000166913;ENSG00000072062
REACTOME_REGULATION_OF_MECP2_EXPRESSION_AND_ACTIVITY,prerank,1.2381774717888272,0.14891041162227603,0.24026923602808728,ENSG00000171720;ENSG00000116478;ENSG00000169375;ENSG00000072062
REACTOME_ACTIVATED_NTRK2_SIGNALS_THROUGH_FRS2_AND_FRS3,prerank,1.2360240542640646,0.17748397435897437,0.2423237486471762,ENSG00000177885;ENSG00000174775
REACTOME_NS1_MEDIATED_EFFECTS_ON_HOST_PATHWAYS,prerank,1.2327251215535042,0.13642756680731363,0.24562342390734293,ENSG00000213024;ENSG00000094914;ENSG00000108424;ENSG00000102900;ENSG00000182481
REACTOME_CDC42_GTPASE_CYCLE,prerank,-1.4534679558509036,0.004686035613870665,0.24564191051063855,ENSG00000102302;ENSG00000131089;ENSG00000196155;ENSG00000167617;ENSG00000240771;ENSG00000242173;ENSG00000147799;ENSG00000035499;ENSG00000077264;ENSG00000079482;ENSG00000050327;ENSG00000161800;ENSG00000129675;ENSG00000137962;ENSG00000123143;ENSG00000149357;ENSG00000183856;ENSG00000130158;ENSG00000004777;ENSG00000159314;ENSG00000120318;ENSG00000160007;ENSG00000153404;ENSG00000090924;ENSG00000106636;ENSG00000149798;ENSG00000105137;ENSG00000242247;ENSG00000107957;ENSG00000088986;ENSG00000164691;ENSG00000156299;ENSG00000120802;ENSG00000147251;ENSG00000196935;ENSG00000145819;ENSG00000015285;ENSG00000089639;ENSG00000142632;ENSG00000139734;ENSG00000101977;ENSG00000130669;ENSG00000173327;ENSG00000196220;ENSG00000114790;ENSG00000198752;ENSG00000105647;ENSG00000137942;ENSG00000122574;ENSG00000165895;ENSG00000161791;ENSG00000186635;ENSG00000006740;ENSG00000102981;ENSG00000198844;ENSG00000138639;ENSG00000132694;ENSG00000152767;ENSG00000137843;ENSG00000139117;ENSG00000070831;ENSG00000111348;ENSG00000031081
REACTOME_IMMUNOREGULATORY_INTERACTIONS_BETWEEN_A_LYMPHOID_AND_A_NON_LYMPHOID_CELL,prerank,1.2309807470629177,0.037037037037037035,0.24713297396082715,ENSG00000241244;ENSG00000242534;ENSG00000244116;ENSG00000239571;ENSG00000243290;ENSG00000240382;ENSG00000167613;ENSG00000243238;ENSG00000168995;ENSG00000234745;ENSG00000203747;ENSG00000239961;ENSG00000105366;ENSG00000172116;ENSG00000241351;ENSG00000211790;ENSG00000240864;ENSG00000204632;ENSG00000158270;ENSG00000105492;ENSG00000239951;ENSG00000174059;ENSG00000178789;ENSG00000125730;ENSG00000211653;ENSG00000104972;ENSG00000211652;ENSG00000160654;ENSG00000239998;ENSG00000158477;ENSG00000161640;ENSG00000104974;ENSG00000105609;ENSG00000158473;ENSG00000211959;ENSG00000105501;ENSG00000211973;ENSG00000160255;ENSG00000224373;ENSG00000186818;ENSG00000211810;ENSG00000111981;ENSG00000211962;ENSG00000211967;ENSG00000211660;ENSG00000188211;ENSG00000112195;ENSG00000150637;ENSG00000163606;ENSG00000105376;ENSG00000242371;ENSG00000039068
REACTOME_PURINERGIC_SIGNALING_IN_LEISHMANIASIS_INFECTION,prerank,1.2293060098336968,0.1744060475161987,0.24863798345551055,ENSG00000136810;ENSG00000096384;ENSG00000142192
REACTOME_PROCESSING_AND_ACTIVATION_OF_SUMO,prerank,1.2273123605177192,0.19047619047619047,0.24938218499834108,ENSG00000184900;ENSG00000142230
REACTOME_HIGH_LAMINAR_FLOW_SHEAR_STRESS_ACTIVATES_SIGNALING_BY_PIEZO1_AND_PECAM1_CDH5_KDR_IN_ENDOTHELIAL_CELLS,prerank,1.2281992694112138,0.10665258711721225,0.24938766888569153,ENSG00000137076;ENSG00000035403;ENSG00000078369;ENSG00000087460;ENSG00000126247;ENSG00000108946;ENSG00000072062;ENSG00000162909;ENSG00000129467
REACTOME_RESOLUTION_OF_D_LOOP_STRUCTURES_THROUGH_SYNTHESIS_DEPENDENT_STRAND_ANNEALING_SDSA,prerank,-1.4505487111914532,0.04499274310595065,0.24947884853321453,ENSG00000051180;ENSG00000111247;ENSG00000197299;ENSG00000174371;ENSG00000196584;ENSG00000139618;ENSG00000012048;ENSG00000175643;ENSG00000101773;ENSG00000165392;ENSG00000126215;ENSG00000104320;ENSG00000138346;ENSG00000113522;ENSG00000083093;ENSG00000138376;ENSG00000178966;ENSG00000127922
REACTOME_REGULATION_OF_PYRUVATE_METABOLISM,prerank,1.2275824892122922,0.14835164835164835,0.24956819009437628,ENSG00000131828;ENSG00000067992;ENSG00000150991;ENSG00000134333
REACTOME_DARPP_32_EVENTS,prerank,1.22195633585264,0.17950079660116836,0.2546545948238728,ENSG00000105568;ENSG00000172531;ENSG00000108946;ENSG00000072062
REACTOME_SYNTHESIS_SECRETION_AND_DEACYLATION_OF_GHRELIN,prerank,-1.4413202868205088,0.05155028989160575,0.25467159045012033,ENSG00000118363;ENSG00000087085;ENSG00000166562;ENSG00000114902;ENSG00000017427;ENSG00000129128
REACTOME_CHOLESTEROL_BIOSYNTHESIS_VIA_DESMOSTEROL_BLOCH_PATHWAY,prerank,-1.4401863429071544,0.05535499398315283,0.2546831772638536,ENSG00000172893;ENSG00000147155;ENSG00000149809;ENSG00000052802;ENSG00000116133
REACTOME_EXTRA_NUCLEAR_ESTROGEN_SIGNALING,prerank,1.2222454322603997,0.1017293997965412,0.2548551716564397,ENSG00000152332;ENSG00000138798;ENSG00000082898;ENSG00000078369;ENSG00000174775;ENSG00000080824;ENSG00000126457;ENSG00000114353
REACTOME_COMPLEX_I_BIOGENESIS,prerank,-1.4468208815638317,0.02193519652599933,0.254990812124808,ENSG00000137038;ENSG00000178057;ENSG00000065518;ENSG00000099795;ENSG00000090266;ENSG00000165264;ENSG00000140990;ENSG00000131495;ENSG00000136521;ENSG00000267855;ENSG00000125356;ENSG00000147123;ENSG00000170906;ENSG00000110717;ENSG00000213619;ENSG00000167792;ENSG00000145494;ENSG00000184983;ENSG00000151366;ENSG00000183648;ENSG00000184857;ENSG00000119421;ENSG00000113845;ENSG00000004779;ENSG00000128609;ENSG00000119013;ENSG00000147684;ENSG00000224877;ENSG00000110074;ENSG00000174886;ENSG00000123545;ENSG00000115286
REACTOME_POLYMERASE_SWITCHING,prerank,-1.4419238763699633,0.053515625,0.2558125675346781,ENSG00000198056;ENSG00000132646;ENSG00000175482;ENSG00000111445;ENSG00000163918;ENSG00000062822;ENSG00000049541;ENSG00000014138
REACTOME_FORMATION_OF_THE_EMBRYONIC_STEM_CELL_BAF_ESBAF_COMPLEX,prerank,1.219885553418064,0.18997107039537126,0.25664654478173193,ENSG00000075624;ENSG00000127616;ENSG00000099956
REACTOME_ACTIVATION_OF_AMPK_DOWNSTREAM_OF_NMDARS,prerank,1.2193492112400848,0.16332378223495703,0.25674118441949895,ENSG00000127824;ENSG00000167553;ENSG00000123416;ENSG00000188229;ENSG00000258947
REACTOME_TRANSPORT_OF_VITAMINS_NUCLEOSIDES_AND_RELATED_MOLECULES,prerank,-1.4380536465987548,0.04535092981403719,0.2569022542587803,ENSG00000102100;ENSG00000130958;ENSG00000120509;ENSG00000151729;ENSG00000157593;ENSG00000164638;ENSG00000116704;ENSG00000117620;ENSG00000197506;ENSG00000213465;ENSG00000005022;ENSG00000130304;ENSG00000205060;ENSG00000198246;ENSG00000169359;ENSG00000167114;ENSG00000102931;ENSG00000189058;ENSG00000169100;ENSG00000164414;ENSG00000156222;ENSG00000184925
REACTOME_KSRP_KHSRP_BINDS_AND_DESTABILIZES_MRNA,prerank,-1.4424854799370952,0.05067310134620269,0.2570316371468108,ENSG00000185386;ENSG00000140694;ENSG00000120699;ENSG00000077348;ENSG00000107371;ENSG00000142208;ENSG00000171311;ENSG00000164924;ENSG00000178896;ENSG00000112062;ENSG00000075914;ENSG00000083520
REACTOME_UNWINDING_OF_DNA,prerank,-1.4430507309700717,0.05354309888947647,0.2582782155766435,ENSG00000101003;ENSG00000147536;ENSG00000131153;ENSG00000181938;ENSG00000125885;ENSG00000093009
REACTOME_DAG1_GLYCOSYLATIONS,prerank,-1.4440630463551654,0.052624839948783614,0.25856575058657444,ENSG00000165905;ENSG00000085998;ENSG00000173402;ENSG00000144647;ENSG00000130714;ENSG00000185900;ENSG00000174684;ENSG00000133424;ENSG00000181027;ENSG00000176087;ENSG00000162885;ENSG00000118600;ENSG00000009830;ENSG00000164414
REACTOME_STIMULI_SENSING_CHANNELS,prerank,-1.4350780394265445,0.014625228519195612,0.2611051883560952,ENSG00000167614;ENSG00000134160;ENSG00000164038;ENSG00000196689;ENSG00000074855;ENSG00000165238;ENSG00000167995;ENSG00000221983;ENSG00000170315;ENSG00000130529;ENSG00000186815;ENSG00000162572;ENSG00000157514;ENSG00000090674;ENSG00000016490;ENSG00000083067;ENSG00000196632;ENSG00000143947;ENSG00000187688;ENSG00000075142;ENSG00000137975;ENSG00000108684;ENSG00000118515;ENSG00000119121;ENSG00000171714;ENSG00000104321;ENSG00000144935;ENSG00000198668;ENSG00000109572;ENSG00000016602;ENSG00000103249;ENSG00000126562;ENSG00000155962;ENSG00000186510;ENSG00000114859;ENSG00000188037;ENSG00000047617;ENSG00000104205;ENSG00000133107;ENSG00000136295
REACTOME_NUCLEAR_ENVELOPE_BREAKDOWN,prerank,1.2145518991361182,0.1297037630104083,0.2620270798146486,ENSG00000213024;ENSG00000175826;ENSG00000094914;ENSG00000160789;ENSG00000102900;ENSG00000175334
REACTOME_GOLGI_ASSOCIATED_VESICLE_BIOGENESIS,prerank,1.2137731873039543,0.13153310104529617,0.26242065249763513,ENSG00000079805;ENSG00000100280;ENSG00000109971;ENSG00000141367;ENSG00000106367;ENSG00000143761;ENSG00000072274
REACTOME_TIE2_SIGNALING,prerank,1.2121075799665442,0.2018896071606166,0.26392512274142116,ENSG00000177885;ENSG00000174775
REACTOME_UPTAKE_AND_ACTIONS_OF_BACTERIAL_TOXINS,prerank,1.2115361545504992,0.18263473053892215,0.26408120673260954,ENSG00000169032;ENSG00000106089;ENSG00000096384;ENSG00000080824
REACTOME_SUMOYLATION_OF_RNA_BINDING_PROTEINS,prerank,1.209725736997312,0.14825796886582654,0.26578276813409063,ENSG00000213024;ENSG00000165119;ENSG00000094914;ENSG00000092199;ENSG00000102900;ENSG00000141570
REACTOME_METABOLISM_OF_NITRIC_OXIDE_NOS3_ACTIVATION_AND_REGULATION,prerank,1.2080489187396302,0.1972168905950096,0.26735058402554945,ENSG00000079805;ENSG00000080824;ENSG00000103018
REACTOME_INHIBITION_OF_REPLICATION_INITIATION_OF_DAMAGED_DNA_BY_RB1_E2F1,prerank,-1.4289322859586144,0.05591593149974053,0.27017501707020175,ENSG00000198056;ENSG00000198176;ENSG00000104695;ENSG00000101412;ENSG00000014138;ENSG00000167393;ENSG00000113575
REACTOME_ATTACHMENT_OF_BACTERIA_TO_EPITHELIAL_CELLS,prerank,-1.4298260202182755,0.051294883022644816,0.27061132460008247,ENSG00000197565;ENSG00000204262;ENSG00000134871;ENSG00000091136;ENSG00000101680;ENSG00000130635;ENSG00000196569;ENSG00000135862;ENSG00000188153;ENSG00000112769;ENSG00000119888
REACTOME_ACTIVATION_OF_THE_TFAP2_AP_2_FAMILY_OF_TRANSCRIPTION_FACTORS,prerank,1.2029954433159866,0.20733197556008146,0.27308372906354983,ENSG00000137203;ENSG00000116819;ENSG00000087510
REACTOME_SIGNALING_BY_INSULIN_RECEPTOR,prerank,1.202487110549643,0.10615711252653928,0.2731186642421856,ENSG00000131100;ENSG00000114573;ENSG00000147416;ENSG00000159720;ENSG00000177885;ENSG00000174775;ENSG00000117984;ENSG00000185883;ENSG00000071553
REACTOME_ASSEMBLY_OF_COLLAGEN_FIBRILS_AND_OTHER_MULTIMERIC_STRUCTURES,prerank,-1.4264058345195456,0.03107122826696579,0.27360363529945103,ENSG00000106333;ENSG00000136943;ENSG00000168542;ENSG00000134013;ENSG00000197565;ENSG00000204262;ENSG00000115318;ENSG00000134871;ENSG00000135047;ENSG00000108821;ENSG00000168487;ENSG00000049089;ENSG00000182871;ENSG00000163359;ENSG00000130635;ENSG00000142173;ENSG00000196739;ENSG00000164692;ENSG00000142156;ENSG00000138131;ENSG00000113083;ENSG00000060718
REACTOME_SIGNALING_BY_FGFR2,prerank,1.201200212334652,0.12759643916913946,0.2741738124591405,ENSG00000150991;ENSG00000177885;ENSG00000174775;ENSG00000099783;ENSG00000099817;ENSG00000177700;ENSG00000181222;ENSG00000105568
REACTOME_FRS_MEDIATED_FGFR1_SIGNALING,prerank,1.199328078996093,0.2083127164769916,0.27424679924481926,ENSG00000177885;ENSG00000174775;ENSG00000186895;ENSG00000075388;ENSG00000133116;ENSG00000158815;ENSG00000078579;ENSG00000213281
REACTOME_DRUG_ADME,prerank,1.1988063191255465,0.10549132947976879,0.2743227268588165,ENSG00000165704;ENSG00000108846;ENSG00000103222;ENSG00000172270;ENSG00000110321;ENSG00000084207;ENSG00000143774
REACTOME_SARS_COV_1_ACTIVATES_MODULATES_INNATE_IMMUNE_RESPONSES,prerank,1.1993412946207442,0.16947960618846694,0.27480703722646205,ENSG00000150991;ENSG00000088832;ENSG00000108424;ENSG00000196262;ENSG00000182481
REACTOME_INTERLEUKIN_15_SIGNALING,prerank,1.1998070882577956,0.22010178117048346,0.2748070710909992,ENSG00000177885;ENSG00000134470;ENSG00000162434
REACTOME_ERYTHROPOIETIN_ACTIVATES_RAS,prerank,1.200179826909936,0.2092320966350302,0.27490138479249404,ENSG00000177885;ENSG00000174775
REACTOME_NCAM_SIGNALING_FOR_NEURITE_OUT_GROWTH,prerank,-1.423766361367658,0.03267681289167413,0.2771696843724514,ENSG00000167535;ENSG00000168542;ENSG00000197122;ENSG00000171119;ENSG00000067191;ENSG00000204262;ENSG00000125650;ENSG00000077782;ENSG00000130287;ENSG00000134871;ENSG00000196557;ENSG00000132670;ENSG00000049089;ENSG00000163359;ENSG00000130635;ENSG00000142173;ENSG00000102882;ENSG00000142156;ENSG00000006283;ENSG00000010810;ENSG00000188157;ENSG00000151067
REACTOME_REGULATION_OF_TP53_ACTIVITY_THROUGH_ACETYLATION,prerank,1.1955018261664114,0.18993135011441648,0.2773985306271426,ENSG00000111642;ENSG00000116478;ENSG00000140464
REACTOME_SUMOYLATION_OF_UBIQUITINYLATION_PROTEINS,prerank,1.1956052651525757,0.1700404858299595,0.2778363458258547,ENSG00000213024;ENSG00000140464;ENSG00000094914;ENSG00000102900
REACTOME_JOSEPHIN_DOMAIN_DUBS,prerank,1.1941234947893908,0.22586133560187155,0.27859913034778,ENSG00000150991;ENSG00000179262;ENSG00000165280
REACTOME_ENDOSOMAL_SORTING_COMPLEX_REQUIRED_FOR_TRANSPORT_ESCRT,prerank,1.1925796202122767,0.20197652872143299,0.2800416183311678,ENSG00000150991;ENSG00000185359;ENSG00000132612;ENSG00000130724
REACTOME_SIGNALING_BY_PDGFR_IN_DISEASE,prerank,1.1886411713049059,0.20804710500490678,0.2834838828709686,ENSG00000177885;ENSG00000174775
REACTOME_SIGNALLING_TO_RAS,prerank,1.188161338920493,0.21525338685398895,0.2835301648411392,ENSG00000177885;ENSG00000174775;ENSG00000114738
REACTOME_SARS_COV_2_ACTIVATES_MODULATES_INNATE_AND_ADAPTIVE_IMMUNE_RESPONSES,prerank,1.1889136387793913,0.11531531531531532,0.28371253157122966,ENSG00000213024;ENSG00000150991;ENSG00000094914;ENSG00000096384;ENSG00000145907;ENSG00000080824;ENSG00000184216;ENSG00000102900;ENSG00000182481;ENSG00000234745;ENSG00000187608;ENSG00000204632;ENSG00000162434
REACTOME_REGULATION_OF_MITF_M_DEPENDENT_GENES_INVOLVED_IN_APOPTOSIS,prerank,1.1892086341761297,0.2103996148290804,0.283912127506365,ENSG00000116478;ENSG00000169375
REACTOME_TRANSLATION_OF_SARS_COV_1_STRUCTURAL_PROTEINS,prerank,1.1846241967208426,0.20808909730363423,0.2876721062266012,ENSG00000150991;ENSG00000137817;ENSG00000127022;ENSG00000089597
REACTOME_RAB_GEFS_EXCHANGE_GTP_FOR_GDP_ON_RABS,prerank,1.1837280486328379,0.1115485564304462,0.2883072251088983,ENSG00000110514;ENSG00000075785;ENSG00000084733;ENSG00000203879;ENSG00000108953;ENSG00000174903;ENSG00000143545;ENSG00000174791;ENSG00000170043;ENSG00000100599;ENSG00000105186
REACTOME_MITOCHONDRIAL_TRANSLATION,prerank,-1.4167743783057642,0.015578318395219804,0.2885110880662402,ENSG00000204822;ENSG00000172586;ENSG00000182180;ENSG00000134056;ENSG00000166902;ENSG00000125901;ENSG00000198015;ENSG00000048544;ENSG00000130349;ENSG00000062582;ENSG00000175756;ENSG00000061794;ENSG00000082515;ENSG00000130312;ENSG00000120662;ENSG00000174547;ENSG00000085760;ENSG00000182154;ENSG00000111639;ENSG00000102738;ENSG00000180992;ENSG00000148187;ENSG00000262814;ENSG00000130921;ENSG00000116221;ENSG00000004779;ENSG00000169288;ENSG00000143436;ENSG00000204568;ENSG00000116898;ENSG00000167862;ENSG00000143314;ENSG00000128626;ENSG00000243147;ENSG00000136522;ENSG00000123297;ENSG00000242485;ENSG00000185608;ENSG00000114686;ENSG00000162910;ENSG00000132591;ENSG00000112996;ENSG00000156928;ENSG00000172590;ENSG00000112110;ENSG00000181991;ENSG00000149792;ENSG00000164347;ENSG00000181610;ENSG00000171421;ENSG00000096080;ENSG00000090263;ENSG00000179271;ENSG00000122140;ENSG00000103707;ENSG00000175110
REACTOME_ACTIVATION_OF_GENE_EXPRESSION_BY_SREBF_SREBP,prerank,-1.415464768005578,0.0431578947368421,0.28916396758231316,ENSG00000076555;ENSG00000119927;ENSG00000082014;ENSG00000172893;ENSG00000149809;ENSG00000163344;ENSG00000101849;ENSG00000104549;ENSG00000079459;ENSG00000160285;ENSG00000110921;ENSG00000167508;ENSG00000067064;ENSG00000196132;ENSG00000112972
REACTOME_COLLAGEN_DEGRADATION,prerank,-1.4171712032588142,0.03412546457934452,0.2901481375978948,ENSG00000157227;ENSG00000087245;ENSG00000123342;ENSG00000140564;ENSG00000168542;ENSG00000197565;ENSG00000204262;ENSG00000134871;ENSG00000135047;ENSG00000102996;ENSG00000108821;ENSG00000099953;ENSG00000049089;ENSG00000182871;ENSG00000163359;ENSG00000130635;ENSG00000142173;ENSG00000160963;ENSG00000164692;ENSG00000142156
REACTOME_TRANSPORT_OF_MATURE_MRNAS_DERIVED_FROM_INTRONLESS_TRANSCRIPTS,prerank,1.1810483759488422,0.18350515463917524,0.2913547536417787,ENSG00000213024;ENSG00000125755;ENSG00000094914;ENSG00000102900
REACTOME_MEIOSIS,prerank,-1.410034768416428,0.032750851741949666,0.2919995235393866,ENSG00000141756;ENSG00000051180;ENSG00000123374;ENSG00000100242;ENSG00000106399;ENSG00000197299;ENSG00000000460;ENSG00000246705;ENSG00000139618;ENSG00000105968;ENSG00000121211;ENSG00000100918;ENSG00000012048;ENSG00000113368;ENSG00000117748;ENSG00000102977;ENSG00000139351;ENSG00000092330;ENSG00000101773;ENSG00000126803;ENSG00000131470;ENSG00000184260;ENSG00000147601;ENSG00000132475;ENSG00000054654;ENSG00000188486;ENSG00000066923;ENSG00000197903;ENSG00000158373;ENSG00000196890;ENSG00000072501;ENSG00000104320;ENSG00000164754;ENSG00000132436;ENSG00000196074;ENSG00000101972;ENSG00000184678;ENSG00000108055;ENSG00000163041;ENSG00000113522;ENSG00000077935
REACTOME_TRIGLYCERIDE_METABOLISM,prerank,1.180137372064541,0.18447246184472463,0.29200687752473914,ENSG00000213639;ENSG00000115159;ENSG00000172531;ENSG00000105355;ENSG00000072062
REACTOME_TRANSLESION_SYNTHESIS_BY_POLK,prerank,-1.4105657254752124,0.06736470291409108,0.2932383592319264,ENSG00000106399;ENSG00000221983;ENSG00000132646;ENSG00000170315;ENSG00000116670;ENSG00000111445;ENSG00000163918;ENSG00000049541;ENSG00000117748;ENSG00000143947
REACTOME_SENESCENCE_ASSOCIATED_SECRETORY_PHENOTYPE_SASP,prerank,-1.4125478431587526,0.0318534961154273,0.2936105346129753,ENSG00000175063;ENSG00000145386;ENSG00000123374;ENSG00000246705;ENSG00000166484;ENSG00000221983;ENSG00000170315;ENSG00000111276;ENSG00000094880;ENSG00000141552;ENSG00000129355;ENSG00000166295;ENSG00000170142;ENSG00000108106;ENSG00000105968;ENSG00000117676;ENSG00000004897;ENSG00000102882;ENSG00000164162;ENSG00000072401;ENSG00000143947;ENSG00000177189;ENSG00000184260;ENSG00000105810;ENSG00000123080;ENSG00000132475;ENSG00000188486;ENSG00000197903;ENSG00000158373;ENSG00000177606;ENSG00000196890
REACTOME_MATURATION_OF_SARS_COV_2_NUCLEOPROTEIN,prerank,1.1781421236181246,0.22845417236662108,0.2941166922383616,ENSG00000137817;ENSG00000126457
REACTOME_COMPLEX_III_ASSEMBLY,prerank,1.1774807260251252,0.20975883342680876,0.29443103052676367,ENSG00000173660;ENSG00000179091;ENSG00000010256;ENSG00000101019
REACTOME_SERINE_METABOLISM,prerank,-1.40454121573062,0.06834868508877319,0.2952316942461388,ENSG00000168528;ENSG00000139410;ENSG00000146733;ENSG00000111897;ENSG00000135069;ENSG00000092621
REACTOME_ACYL_CHAIN_REMODELLING_OF_PE,prerank,-1.4106794824999147,0.058269996380745565,0.2954801131691327,ENSG00000121316;ENSG00000100439;ENSG00000143797;ENSG00000170890;ENSG00000176485;ENSG00000111684;ENSG00000133321;ENSG00000069764;ENSG00000117215;ENSG00000123739;ENSG00000100078;ENSG00000116711
REACTOME_IL_6_TYPE_CYTOKINE_RECEPTOR_LIGAND_INTERACTIONS,prerank,-1.4071178515327105,0.06870327403970096,0.29637486530783363,ENSG00000137070;ENSG00000150281;ENSG00000175505;ENSG00000136280;ENSG00000134352;ENSG00000096968;ENSG00000113594
REACTOME_HS_GAG_BIOSYNTHESIS,prerank,-1.4057129137017081,0.05447144738417335,0.29728851634185927,ENSG00000012232;ENSG00000130958;ENSG00000171004;ENSG00000076716;ENSG00000213420;ENSG00000162512;ENSG00000070614;ENSG00000115884;ENSG00000142798;ENSG00000151348;ENSG00000147257;ENSG00000138604
REACTOME_EPH_EPHRIN_MEDIATED_REPULSION_OF_CELLS,prerank,1.1748478159554772,0.1823949246629659,0.29741912511558616,ENSG00000161203;ENSG00000184009;ENSG00000141367;ENSG00000075624;ENSG00000137845;ENSG00000042753;ENSG00000070886;ENSG00000183317
REACTOME_BASE_EXCISION_REPAIR,prerank,-1.404545798699559,0.03428187317947569,0.2976435876922846,ENSG00000109674;ENSG00000106399;ENSG00000123415;ENSG00000100479;ENSG00000246705;ENSG00000132781;ENSG00000114026;ENSG00000132646;ENSG00000175482;ENSG00000065057;ENSG00000111445;ENSG00000076248;ENSG00000163918;ENSG00000062822;ENSG00000049541;ENSG00000143799;ENSG00000105968;ENSG00000115350;ENSG00000117748;ENSG00000102977;ENSG00000092330;ENSG00000103152;ENSG00000184260;ENSG00000129484;ENSG00000147601;ENSG00000133119;ENSG00000005156;ENSG00000144749;ENSG00000188486;ENSG00000197903;ENSG00000158373;ENSG00000196890
REACTOME_PTK6_REGULATES_RHO_GTPASES_RAS_GTPASE_AND_MAP_KINASES,prerank,1.174098758279239,0.23670444638186575,0.2978166635100886,ENSG00000067560;ENSG00000174775
REACTOME_ACTIVATION_OF_MATRIX_METALLOPROTEINASES,prerank,-1.4023503566584563,0.06182698124621899,0.29809533047780074,ENSG00000136943;ENSG00000157227;ENSG00000087245;ENSG00000140564;ENSG00000102996;ENSG00000099953;ENSG00000182871
REACTOME_SPECIFICATION_OF_PRIMORDIAL_GERM_CELLS,prerank,1.1725401917840503,0.23973143759873616,0.2993815756600488,ENSG00000164736;ENSG00000163508;ENSG00000168769;ENSG00000087510
REACTOME_GOLGI_CISTERNAE_PERICENTRIOLAR_STACK_REORGANIZATION,prerank,-1.3987227315789201,0.06784968684759916,0.2996758025084584,ENSG00000166851;ENSG00000134057;ENSG00000170312;ENSG00000157456;ENSG00000114745;ENSG00000102882;ENSG00000138768;ENSG00000138069;ENSG00000117475
REACTOME_PLATELET_ADHESION_TO_EXPOSED_COLLAGEN,prerank,-1.399089545061134,0.07474800366540123,0.30116883330923433,ENSG00000185245;ENSG00000150093;ENSG00000108821;ENSG00000160323;ENSG00000164692;ENSG00000010810;ENSG00000088053
REACTOME_SIGNALING_BY_BMP,prerank,-1.4000030905176573,0.059983069294957066,0.3013480862373108,ENSG00000114739;ENSG00000101938;ENSG00000108854;ENSG00000163430;ENSG00000120693;ENSG00000069702;ENSG00000101665;ENSG00000039319;ENSG00000072401;ENSG00000109332;ENSG00000170365;ENSG00000104899;ENSG00000137834;ENSG00000141646;ENSG00000121989
REACTOME_SIGNALING_BY_NUCLEAR_RECEPTORS,prerank,1.1688692018884803,0.04294478527607362,0.30323449427957216,ENSG00000131828;ENSG00000171720;ENSG00000116478;ENSG00000067992;ENSG00000152332;ENSG00000138798;ENSG00000082898;ENSG00000078369;ENSG00000004478;ENSG00000096384;ENSG00000174775;ENSG00000117984;ENSG00000080824;ENSG00000011485;ENSG00000099817;ENSG00000126457;ENSG00000177700;ENSG00000181222;ENSG00000182481;ENSG00000114353
REACTOME_MRNA_CAPPING,prerank,1.1691027113211807,0.2108644859813084,0.30350592633576984,ENSG00000196235;ENSG00000099817;ENSG00000177700;ENSG00000181222
REACTOME_GAP_FILLING_DNA_REPAIR_SYNTHESIS_AND_LIGATION_IN_GG_NER,prerank,-1.3955244245237446,0.06814618260764685,0.3050747878636689,ENSG00000106399;ENSG00000100479;ENSG00000221983;ENSG00000132646;ENSG00000170315;ENSG00000175482;ENSG00000111445;ENSG00000163918;ENSG00000062822;ENSG00000049541;ENSG00000115350;ENSG00000117748;ENSG00000143947;ENSG00000133119;ENSG00000005156;ENSG00000144749
REACTOME_CHONDROITIN_SULFATE_DERMATAN_SULFATE_METABOLISM,prerank,-1.3941181273360337,0.05972979378999763,0.30614182024241554,ENSG00000114646;ENSG00000169105;ENSG00000173546;ENSG00000130287;ENSG00000111817;ENSG00000123989;ENSG00000169919;ENSG00000171310;ENSG00000122863;ENSG00000186792;ENSG00000131873;ENSG00000011465;ENSG00000113273;ENSG00000038427
REACTOME_METABOLISM_OF_FAT_SOLUBLE_VITAMINS,prerank,1.1571367680313869,0.19583023082650783,0.31922120843404134,ENSG00000157193;ENSG00000147650;ENSG00000124145;ENSG00000167397;ENSG00000063660;ENSG00000110245;ENSG00000138207;ENSG00000158874;ENSG00000187134;ENSG00000121207
REACTOME_ACTIVATION_OF_ANTERIOR_HOX_GENES_IN_HINDBRAIN_DEVELOPMENT_DURING_EARLY_EMBRYOGENESIS,prerank,1.1566624674125887,0.15474794841735054,0.31926615174432815,ENSG00000171720;ENSG00000099817;ENSG00000177700;ENSG00000181222;ENSG00000170166;ENSG00000105991;ENSG00000105997;ENSG00000105996;ENSG00000128652;ENSG00000120093;ENSG00000198353;ENSG00000128645;ENSG00000197576;ENSG00000182742;ENSG00000162961;ENSG00000124151;ENSG00000204103;ENSG00000158406
REACTOME_ANTIGEN_PRESENTATION_FOLDING_ASSEMBLY_AND_PEPTIDE_LOADING_OF_CLASS_I_MHC,prerank,1.1559527193471293,0.22485207100591717,0.3196944389397024,ENSG00000185825;ENSG00000127022;ENSG00000179218;ENSG00000167004;ENSG00000234745;ENSG00000204632
REACTOME_BRANCHED_CHAIN_AMINO_ACID_CATABOLISM,prerank,1.1546237824841923,0.2468257998984256,0.3204009844648733,ENSG00000248098;ENSG00000103507;ENSG00000127884
REACTOME_FORMATION_OF_THE_POLYBROMO_BAF_PBAF_COMPLEX,prerank,1.1546680244319707,0.2609942638623327,0.3209616252719127,ENSG00000075624;ENSG00000127616;ENSG00000099956
REACTOME_DEVELOPMENTAL_LINEAGE_OF_PANCREATIC_ACINAR_CELLS,prerank,1.1510208046055255,0.2283840190816935,0.3249563188112392,ENSG00000125798;ENSG00000139515;ENSG00000168267;ENSG00000115386;ENSG00000179751;ENSG00000169856;ENSG00000243480
REACTOME_MITOCHONDRIAL_TRNA_AMINOACYLATION,prerank,1.1487202138459962,0.24395373291272346,0.3277141575207939,ENSG00000065427;ENSG00000067704
REACTOME_ERCC6_CSB_AND_EHMT2_G9A_POSITIVELY_REGULATE_RRNA_EXPRESSION,prerank,1.142069286094118,0.23803446075303128,0.33623482351254563,ENSG00000204371;ENSG00000111642;ENSG00000116478
REACTOME_FGFR2_ALTERNATIVE_SPLICING,prerank,1.1423939078054421,0.24132043255549232,0.3364217131260201,ENSG00000099783;ENSG00000099817;ENSG00000177700;ENSG00000181222
REACTOME_GLYCEROPHOSPHOLIPID_BIOSYNTHESIS,prerank,-1.380850698570273,0.02095839915745129,0.3370814382289726,ENSG00000102230;ENSG00000062282;ENSG00000121316;ENSG00000163295;ENSG00000180089;ENSG00000100884;ENSG00000103066;ENSG00000119927;ENSG00000129219;ENSG00000110536;ENSG00000100439;ENSG00000133027;ENSG00000143797;ENSG00000148343;ENSG00000087085;ENSG00000130517;ENSG00000185813;ENSG00000103502;ENSG00000170890;ENSG00000176485;ENSG00000110697;ENSG00000153395;ENSG00000111684;ENSG00000133321;ENSG00000069764;ENSG00000144645;ENSG00000177666;ENSG00000105223;ENSG00000138029;ENSG00000116906;ENSG00000117215;ENSG00000134255;ENSG00000183765;ENSG00000088766;ENSG00000204310;ENSG00000123739;ENSG00000100288;ENSG00000100078;ENSG00000134324;ENSG00000100344;ENSG00000116711;ENSG00000167588;ENSG00000156471;ENSG00000085788;ENSG00000026652;ENSG00000178773;ENSG00000091039;ENSG00000214530;ENSG00000180488;ENSG00000085719;ENSG00000070214;ENSG00000169692;ENSG00000141179;ENSG00000168389;ENSG00000185000;ENSG00000184381;ENSG00000101290;ENSG00000158786;ENSG00000123684;ENSG00000152642;ENSG00000138018;ENSG00000163898;ENSG00000162836;ENSG00000139163
REACTOME_FORMATION_OF_THE_DYSTROPHIN_GLYCOPROTEIN_COMPLEX_DGC,prerank,-1.3736538214563525,0.07083531086853347,0.3406211923751344,ENSG00000102385;ENSG00000173402;ENSG00000101400;ENSG00000127990;ENSG00000107796;ENSG00000142798;ENSG00000091136;ENSG00000101680;ENSG00000138101;ENSG00000170624;ENSG00000188157;ENSG00000163069;ENSG00000196569;ENSG00000172164;ENSG00000135862;ENSG00000159251;ENSG00000112769
REACTOME_MITOTIC_TELOPHASE_CYTOKINESIS,prerank,-1.3743901689506544,0.07964486225355791,0.34117838443678866,ENSG00000166851;ENSG00000112984;ENSG00000137807;ENSG00000072501;ENSG00000164754;ENSG00000101972;ENSG00000164190;ENSG00000108055;ENSG00000121892;ENSG00000083642
REACTOME_TRANSCRIPTIONAL_REGULATION_BY_MECP2,prerank,1.1378936261373223,0.2093235831809872,0.341185518645701,ENSG00000171720;ENSG00000116478;ENSG00000169375;ENSG00000059804;ENSG00000184216;ENSG00000072062
REACTOME_PROCESSING_OF_DNA_DOUBLE_STRAND_BREAK_ENDS,prerank,-1.3762242643553677,0.03975704030922143,0.34146302392126976,ENSG00000035499;ENSG00000163322;ENSG00000145386;ENSG00000123374;ENSG00000106399;ENSG00000197299;ENSG00000149554;ENSG00000111602;ENSG00000171792;ENSG00000174371;ENSG00000221983;ENSG00000170315;ENSG00000111445;ENSG00000163918;ENSG00000049541;ENSG00000012048;ENSG00000117748;ENSG00000067369;ENSG00000143947;ENSG00000175643;ENSG00000188612;ENSG00000101773;ENSG00000092853;ENSG00000133119;ENSG00000165392;ENSG00000169139;ENSG00000188486;ENSG00000197903;ENSG00000158373;ENSG00000149923;ENSG00000196890;ENSG00000075131;ENSG00000104320;ENSG00000138346;ENSG00000137337;ENSG00000152942;ENSG00000184678
REACTOME_TRIGLYCERIDE_BIOSYNTHESIS,prerank,-1.3781461718321357,0.08532643826761474,0.34155235540149265,ENSG00000062282;ENSG00000119927;ENSG00000198814;ENSG00000134324;ENSG00000187546;ENSG00000185000;ENSG00000166391;ENSG00000124003
REACTOME_FORMATION_OF_WDR5_CONTAINING_HISTONE_MODIFYING_COMPLEXES,prerank,1.138072869271162,0.23982737361282366,0.341560173623196,ENSG00000163872;ENSG00000171148;ENSG00000172534
REACTOME_ENERGY_DEPENDENT_REGULATION_OF_MTOR_BY_LKB1_AMPK,prerank,-1.3701221602928506,0.07727769016134903,0.3422952138675821,ENSG00000149357;ENSG00000167965;ENSG00000082146;ENSG00000116586;ENSG00000083750;ENSG00000109270;ENSG00000116954;ENSG00000111725;ENSG00000266173;ENSG00000188186;ENSG00000118046;ENSG00000134248;ENSG00000025039;ENSG00000132356;ENSG00000155876;ENSG00000181929;ENSG00000177058;ENSG00000102547;ENSG00000100614;ENSG00000115592;ENSG00000131791;ENSG00000103197;ENSG00000198793;ENSG00000106617
REACTOME_LAMININ_INTERACTIONS,prerank,-1.3748167798473323,0.07078678970373968,0.342607488845111,ENSG00000197565;ENSG00000150093;ENSG00000134871;ENSG00000142798;ENSG00000091136;ENSG00000101680;ENSG00000182871;ENSG00000196569;ENSG00000114270;ENSG00000116962;ENSG00000135862;ENSG00000138448;ENSG00000188153;ENSG00000112769
REACTOME_HDR_THROUGH_SINGLE_STRAND_ANNEALING_SSA,prerank,-1.376701518765461,0.06521739130434782,0.34278034943680874,ENSG00000051180;ENSG00000106399;ENSG00000197299;ENSG00000171792;ENSG00000174371;ENSG00000111445;ENSG00000163918;ENSG00000049541;ENSG00000002016;ENSG00000012048;ENSG00000117748;ENSG00000175643;ENSG00000101773;ENSG00000133119;ENSG00000165392
REACTOME_COPII_MEDIATED_VESICLE_TRANSPORT,prerank,-1.3705553126909336,0.048785921140565826,0.34365989709004163,ENSG00000150961;ENSG00000174871;ENSG00000181029;ENSG00000170348;ENSG00000157020;ENSG00000114745;ENSG00000185010;ENSG00000106636;ENSG00000101160;ENSG00000138073;ENSG00000086598;ENSG00000100934;ENSG00000110195;ENSG00000196459;ENSG00000162236;ENSG00000007255;ENSG00000114988;ENSG00000155511;ENSG00000176986;ENSG00000138768;ENSG00000114270;ENSG00000167515;ENSG00000138069;ENSG00000169223;ENSG00000143786;ENSG00000085063;ENSG00000138674;ENSG00000074695;ENSG00000093183;ENSG00000196655;ENSG00000138802
REACTOME_CELLULAR_RESPONSES_TO_MECHANICAL_STIMULI,prerank,1.1356669631903114,0.16793893129770993,0.34393985158584633,ENSG00000137076;ENSG00000035403;ENSG00000078369;ENSG00000182718;ENSG00000087460;ENSG00000105568;ENSG00000126247;ENSG00000108946;ENSG00000072062;ENSG00000162909;ENSG00000129467
REACTOME_ADVANCED_GLYCOSYLATION_ENDPRODUCT_RECEPTOR_SIGNALING,prerank,1.1349947026585714,0.26900584795321636,0.3442802552500746,ENSG00000198898;ENSG00000142192;ENSG00000244038
REACTOME_GLUTATHIONE_CONJUGATION,prerank,-1.3709426240996918,0.07353290567830839,0.34514203520076975,ENSG00000131067;ENSG00000178814;ENSG00000128965;ENSG00000001084;ENSG00000117448;ENSG00000143198;ENSG00000197448;ENSG00000085871;ENSG00000008394;ENSG00000134184;ENSG00000100577;ENSG00000139684;ENSG00000100031;ENSG00000006625
REACTOME_FORMATION_OF_THE_EARLY_ELONGATION_COMPLEX,prerank,1.1329970912979235,0.24737167594310452,0.34595980719124175,ENSG00000196235;ENSG00000099817;ENSG00000177700;ENSG00000181222;ENSG00000185049
REACTOME_TFAP2_AP_2_FAMILY_REGULATES_TRANSCRIPTION_OF_GROWTH_FACTORS_AND_THEIR_RECEPTORS,prerank,1.1324870533226312,0.27756813417190773,0.34605329149739567,ENSG00000112715;ENSG00000137203;ENSG00000087510;ENSG00000135346
REACTOME_SUMOYLATION,prerank,1.1330171078204314,0.12738853503184713,0.3466021073375351,ENSG00000213024;ENSG00000165119;ENSG00000116478;ENSG00000169375;ENSG00000140464;ENSG00000100401;ENSG00000094914;ENSG00000092199;ENSG00000184900;ENSG00000142230;ENSG00000130726;ENSG00000102900;ENSG00000116288;ENSG00000132383;ENSG00000094916;ENSG00000137203;ENSG00000141570;ENSG00000151623
REACTOME_G_ALPHA_12_13_SIGNALLING_EVENTS,prerank,-1.3671945568812502,0.04349262277031491,0.34744580922388063,ENSG00000102302;ENSG00000131089;ENSG00000137135;ENSG00000111664;ENSG00000155366;ENSG00000050327;ENSG00000129675;ENSG00000170214;ENSG00000164050;ENSG00000171680;ENSG00000168243;ENSG00000146426;ENSG00000090924;ENSG00000127920;ENSG00000162188;ENSG00000156299;ENSG00000110237;ENSG00000165801;ENSG00000154358;ENSG00000142632;ENSG00000101977;ENSG00000069966;ENSG00000214694
REACTOME_AQUAPORIN_MEDIATED_TRANSPORT,prerank,1.1279961727653565,0.24105011933174225,0.35234936788623483,ENSG00000078369;ENSG00000087460;ENSG00000108946;ENSG00000072062;ENSG00000103769;ENSG00000129467;ENSG00000184945
REACTOME_SIGNALING_BY_NOTCH1_PEST_DOMAIN_MUTANTS_IN_CANCER,prerank,1.1240109553842768,0.2304270462633452,0.35717778814022816,ENSG00000171720;ENSG00000168214;ENSG00000116478;ENSG00000150991;ENSG00000151694;ENSG00000137845
REACTOME_SYNAPTIC_ADHESION_LIKE_MOLECULES,prerank,-1.3625586781321324,0.08745483991528591,0.35726640953535554,ENSG00000126787;ENSG00000142949;ENSG00000126243;ENSG00000128011;ENSG00000125675;ENSG00000132535;ENSG00000133318;ENSG00000105426;ENSG00000173621
REACTOME_SUMOYLATION_OF_CHROMATIN_ORGANIZATION_PROTEINS,prerank,1.1242572833867008,0.23593466424682397,0.35747993531236244,ENSG00000213024;ENSG00000116478;ENSG00000094914;ENSG00000184900;ENSG00000102900;ENSG00000094916;ENSG00000141570
REACTOME_MET_ACTIVATES_RAP1_AND_RAC1,prerank,1.1213698334628186,0.28616978876046234,0.35926093886676624,ENSG00000177885
REACTOME_FLT3_SIGNALING_IN_DISEASE,prerank,1.1215835131594436,0.27061427780852243,0.3596004668886054,ENSG00000150991;ENSG00000177885;ENSG00000174775
REACTOME_GERM_LAYER_FORMATION_AT_GASTRULATION,prerank,1.1217007839066304,0.29421419778416086,0.36010532119842537,ENSG00000166949;ENSG00000133937;ENSG00000163508
REACTOME_ATTACHMENT_AND_ENTRY,prerank,-1.359786865679155,0.09154577288644322,0.36223082911498306,ENSG00000140564;ENSG00000076716;ENSG00000213420;ENSG00000162512;ENSG00000135047;ENSG00000115884;ENSG00000142798;ENSG00000147257
REACTOME_HCMV_LATE_EVENTS,prerank,1.1140536057033747,0.23123732251521298,0.37033709291016453,ENSG00000213024;ENSG00000165119;ENSG00000094914;ENSG00000132612;ENSG00000102900;ENSG00000130724
REACTOME_CELL_CYCLE_CHECKPOINTS,prerank,-1.3555246394217975,0.007572697899838449,0.371441640569767,ENSG00000166851;ENSG00000175063;ENSG00000143228;ENSG00000115163;ENSG00000178999;ENSG00000075218;ENSG00000134057;ENSG00000089685;ENSG00000035499;ENSG00000163322;ENSG00000156970;ENSG00000134690;ENSG00000152253;ENSG00000138778;ENSG00000142945;ENSG00000145386;ENSG00000080986;ENSG00000117399;ENSG00000153044;ENSG00000170312;ENSG00000164045;ENSG00000094804;ENSG00000065328;ENSG00000123374;ENSG00000166483;ENSG00000106399;ENSG00000175305;ENSG00000197299;ENSG00000102384;ENSG00000149554;ENSG00000137812;ENSG00000121621;ENSG00000117724;ENSG00000174442;ENSG00000161888;ENSG00000171792;ENSG00000129810;ENSG00000072864;ENSG00000158402;ENSG00000174371;ENSG00000221983;ENSG00000120334;ENSG00000166451;ENSG00000175216;ENSG00000184445;ENSG00000006634;ENSG00000157020;ENSG00000149636;ENSG00000164109;ENSG00000072803;ENSG00000127564;ENSG00000185386;ENSG00000157456;ENSG00000123219;ENSG00000170315;ENSG00000125885;ENSG00000068971;ENSG00000154839;ENSG00000186871;ENSG00000151725;ENSG00000091651;ENSG00000075188;ENSG00000111276;ENSG00000094880;ENSG00000175279;ENSG00000169679;ENSG00000141552;ENSG00000111445;ENSG00000093009;ENSG00000163918;ENSG00000040275;ENSG00000163535;ENSG00000104695;ENSG00000166295;ENSG00000170142;ENSG00000108106;ENSG00000049541;ENSG00000177954;ENSG00000135336;ENSG00000088986;ENSG00000154473;ENSG00000012048;ENSG00000004897;ENSG00000117748;ENSG00000067369;ENSG00000164162;ENSG00000072401;ENSG00000113575;ENSG00000143947;ENSG00000117697;ENSG00000175643;ENSG00000183765;ENSG00000090097
REACTOME_SIGNALING_BY_FGFR_IN_DISEASE,prerank,1.1128678477206109,0.24848484848484848,0.3716025032107851,ENSG00000177885;ENSG00000111605;ENSG00000174775;ENSG00000099817;ENSG00000177700;ENSG00000181222
REACTOME_RAB_REGULATION_OF_TRAFFICKING,prerank,1.1101452375734326,0.19342359767891681,0.37531237348551044,ENSG00000110514;ENSG00000169221;ENSG00000075785;ENSG00000084733;ENSG00000203879;ENSG00000108953;ENSG00000174903;ENSG00000143545;ENSG00000174791;ENSG00000170043;ENSG00000103769;ENSG00000100599;ENSG00000105186
REACTOME_SYNTHESIS_SECRETION_AND_INACTIVATION_OF_GLUCOSE_DEPENDENT_INSULINOTROPIC_POLYPEPTIDE_GIP,prerank,-1.3489150071119076,0.09378694338631288,0.376985660632959,ENSG00000118363;ENSG00000166562;ENSG00000114902;ENSG00000129128;ENSG00000136574;ENSG00000140612
REACTOME_OPIOID_SIGNALLING,prerank,1.10841830927904,0.21948051948051947,0.3774408895958203,ENSG00000149782;ENSG00000078369;ENSG00000105568;ENSG00000172531;ENSG00000108946;ENSG00000101327;ENSG00000072062;ENSG00000182481;ENSG00000114353;ENSG00000129467
REACTOME_DEFECTIVE_EXT2_CAUSES_EXOSTOSES_2,prerank,-1.3518631745216665,0.09636997803901305,0.3790611450335826,ENSG00000076716;ENSG00000213420;ENSG00000162512;ENSG00000115884;ENSG00000142798;ENSG00000151348;ENSG00000147257
REACTOME_RESOLUTION_OF_ABASIC_SITES_AP_SITES,prerank,-1.3509289810419198,0.08086158192090395,0.37907958588174584,ENSG00000106399;ENSG00000123415;ENSG00000100479;ENSG00000132781;ENSG00000114026;ENSG00000132646;ENSG00000175482;ENSG00000065057;ENSG00000111445;ENSG00000076248;ENSG00000163918;ENSG00000062822;ENSG00000049541;ENSG00000143799;ENSG00000115350;ENSG00000117748;ENSG00000103152;ENSG00000129484;ENSG00000133119;ENSG00000005156;ENSG00000144749
REACTOME_TP53_REGULATES_TRANSCRIPTION_OF_DNA_REPAIR_GENES,prerank,1.1069308303051495,0.2593607305936073,0.37916878798522047,ENSG00000149136;ENSG00000196235;ENSG00000092201;ENSG00000099817;ENSG00000177700;ENSG00000181222;ENSG00000185049
REACTOME_FORMATION_OF_SENESCENCE_ASSOCIATED_HETEROCHROMATIN_FOCI_SAHF,prerank,1.1064908316888136,0.30430711610486894,0.3791831542289942,ENSG00000099991;ENSG00000137309
REACTOME_ER_QUALITY_CONTROL_COMPARTMENT_ERQC,prerank,-1.3490186724932978,0.09442166728786185,0.3792616514702072,ENSG00000221983;ENSG00000204308;ENSG00000177239;ENSG00000170315;ENSG00000072849;ENSG00000134109;ENSG00000239305;ENSG00000088298;ENSG00000143947;ENSG00000162298;ENSG00000159461
REACTOME_NON_INTEGRIN_MEMBRANE_ECM_INTERACTIONS,prerank,-1.3469877682682887,0.05785033417333187,0.379878578422773,ENSG00000204580;ENSG00000129682;ENSG00000102385;ENSG00000173402;ENSG00000168542;ENSG00000197565;ENSG00000204262;ENSG00000150093;ENSG00000134871;ENSG00000101400;ENSG00000127990;ENSG00000162512;ENSG00000107796;ENSG00000108821;ENSG00000115884;ENSG00000142798;ENSG00000091136;ENSG00000101680;ENSG00000138101;ENSG00000130635;ENSG00000162733;ENSG00000164692;ENSG00000170624;ENSG00000188157;ENSG00000163069;ENSG00000060718;ENSG00000196569;ENSG00000172164;ENSG00000147044;ENSG00000135862;ENSG00000138448;ENSG00000188153;ENSG00000159251;ENSG00000196655;ENSG00000112769
REACTOME_PROTEIN_LIPOYLATION,prerank,-1.3495187411678866,0.09915921526758308,0.3804462281130426,ENSG00000150768;ENSG00000121897;ENSG00000137992;ENSG00000175536;ENSG00000004779;ENSG00000140905
REACTOME_NEGATIVE_REGULATION_OF_FLT3,prerank,1.1051405042345956,0.30360281195079086,0.38068488521268234,ENSG00000150991;ENSG00000103653
REACTOME_COPI_DEPENDENT_GOLGI_TO_ER_RETROGRADE_TRAFFIC,prerank,-1.3457632223159142,0.04714747039827772,0.3807793001687202,ENSG00000090889;ENSG00000104892;ENSG00000237649;ENSG00000186185;ENSG00000198033;ENSG00000112984;ENSG00000138778;ENSG00000163808;ENSG00000142945;ENSG00000137807;ENSG00000137267;ENSG00000161800;ENSG00000084731;ENSG00000134970;ENSG00000167552;ENSG00000121621;ENSG00000170348;ENSG00000104833;ENSG00000136240;ENSG00000136883;ENSG00000148248;ENSG00000101162;ENSG00000111481;ENSG00000004059;ENSG00000100196;ENSG00000138182;ENSG00000086598;ENSG00000174996;ENSG00000242247;ENSG00000168374;ENSG00000138160;ENSG00000129083
REACTOME_FORMATION_OF_AXIAL_MESODERM,prerank,1.1043271539273876,0.29642857142857143,0.3813909504636456,ENSG00000166949;ENSG00000125798;ENSG00000164690
REACTOME_SIGNALING_BY_FLT3_FUSION_PROTEINS,prerank,1.1031282073761817,0.306615161757605,0.3826504026576696,ENSG00000177885;ENSG00000174775
REACTOME_RHOJ_GTPASE_CYCLE,prerank,-1.344013373477398,0.06828218774770695,0.38311721306885893,ENSG00000035499;ENSG00000077264;ENSG00000079482;ENSG00000123143;ENSG00000149357;ENSG00000183856;ENSG00000160007;ENSG00000105137;ENSG00000159259;ENSG00000146729;ENSG00000120802;ENSG00000145819;ENSG00000015285;ENSG00000139734;ENSG00000130669;ENSG00000126785;ENSG00000198752;ENSG00000105647;ENSG00000137942;ENSG00000161791;ENSG00000139117;ENSG00000070831;ENSG00000106299;ENSG00000108262;ENSG00000107863;ENSG00000124126;ENSG00000105281;ENSG00000180900
REACTOME_PROCESSING_OF_INTRONLESS_PRE_MRNAS,prerank,1.1014383745712855,0.3101391650099404,0.38402975294011765,ENSG00000125755;ENSG00000111605
REACTOME_HSF1_DEPENDENT_TRANSACTIVATION,prerank,1.1016056499105253,0.27905449770190416,0.38444962747298594,ENSG00000004478;ENSG00000109971;ENSG00000096384;ENSG00000080824;ENSG00000230989
REACTOME_GLUCAGON_TYPE_LIGAND_RECEPTORS,prerank,1.0998254640683336,0.2928311057108141,0.38459701810413355,ENSG00000078369;ENSG00000087460;ENSG00000215644;ENSG00000112164;ENSG00000118702
REACTOME_MAP3K8_TPL2_DEPENDENT_MAPK1_3_ACTIVATION,prerank,1.0998579866790654,0.3118659020732245,0.38526023836624285,ENSG00000150991;ENSG00000169032
REACTOME_GLYCOSPHINGOLIPID_METABOLISM,prerank,1.1001713904044448,0.26685133887349954,0.3854659482782581,ENSG00000003056;ENSG00000197746;ENSG00000196743;ENSG00000064601;ENSG00000213614
REACTOME_G_ALPHA_S_SIGNALLING_EVENTS,prerank,1.0978959310466918,0.22075055187637968,0.3871330415732522,ENSG00000078369;ENSG00000109606;ENSG00000087460;ENSG00000108946;ENSG00000072062;ENSG00000171509;ENSG00000114353;ENSG00000215644;ENSG00000129467;ENSG00000169676;ENSG00000004948;ENSG00000170425;ENSG00000112164;ENSG00000120088;ENSG00000118702;ENSG00000135346;ENSG00000112541;ENSG00000158748;ENSG00000113448;ENSG00000043591;ENSG00000122679;ENSG00000160013;ENSG00000078295;ENSG00000138039;ENSG00000128655;ENSG00000154165;ENSG00000170128;ENSG00000070031;ENSG00000166603;ENSG00000113231;ENSG00000178015;ENSG00000170820;ENSG00000168229;ENSG00000106113
REACTOME_PIWI_INTERACTING_RNA_PIRNA_BIOGENESIS,prerank,1.0959485406364742,0.31056625802685345,0.38752810069843574,ENSG00000080824;ENSG00000099817;ENSG00000177700;ENSG00000181222
REACTOME_RESPONSE_OF_EIF2AK1_HRI_TO_HEME_DEFICIENCY,prerank,-1.3414040376204204,0.10240040858018386,0.387796255827144,ENSG00000128965;ENSG00000162772;ENSG00000153879;ENSG00000125977;ENSG00000106070;ENSG00000169136;ENSG00000101255;ENSG00000086232;ENSG00000087074;ENSG00000172216
REACTOME_CHYLOMICRON_ASSEMBLY,prerank,1.0961983887818008,0.3141852286049238,0.3878373842091888,ENSG00000185624;ENSG00000110245;ENSG00000158874
REACTOME_HATS_ACETYLATE_HISTONES,prerank,1.0965004335084483,0.2411764705882353,0.38806495584648715,ENSG00000163872;ENSG00000189091;ENSG00000171148;ENSG00000075624;ENSG00000172534;ENSG00000183207;ENSG00000124422
REACTOME_FORMATION_OF_NEURONAL_PROGENITOR_AND_NEURONAL_BAF_NPBAF_AND_NBAF,prerank,1.0965913605859101,0.3053475935828877,0.38863868660518225,ENSG00000075624;ENSG00000127616;ENSG00000099956
REACTOME_DEVELOPMENTAL_LINEAGE_OF_MAMMARY_GLAND_LUMINAL_EPITHELIAL_CELLS,prerank,1.0943019181454074,0.3220595658758203,0.38962560582205114,ENSG00000026508;ENSG00000138798
REACTOME_SHC_MEDIATED_CASCADE_FGFR3,prerank,1.091037745348757,0.3254208027621925,0.3943616362125927,ENSG00000177885;ENSG00000174775
REACTOME_CHROMATIN_MODIFICATIONS_DURING_THE_MATERNAL_TO_ZYGOTIC_TRANSITION_MZT,prerank,-1.3367146423917902,0.09887176998665534,0.3985847338326075,ENSG00000246705;ENSG00000076248;ENSG00000105968;ENSG00000239605;ENSG00000132510;ENSG00000147050;ENSG00000184260;ENSG00000132475;ENSG00000181038;ENSG00000188486;ENSG00000197903;ENSG00000158373;ENSG00000196890
REACTOME_CELLULAR_HEXOSE_TRANSPORT,prerank,1.0870655682504364,0.33416833667334667,0.3996540321305774,ENSG00000117394;ENSG00000059804
REACTOME_REGULATION_OF_MITF_M_DEPENDENT_GENES_INVOLVED_IN_PIGMENTATION,prerank,1.0872733039937208,0.3075801749271137,0.4000494662460894,ENSG00000197535;ENSG00000075624;ENSG00000127616;ENSG00000099956;ENSG00000137203
REACTOME_PRESYNAPTIC_DEPOLARIZATION_AND_CALCIUM_CHANNEL_OPENING,prerank,-1.3350279420562088,0.1070194097314544,0.4009039704455819,ENSG00000167535;ENSG00000067191;ENSG00000148408;ENSG00000007402
REACTOME_PEROXISOMAL_LIPID_METABOLISM,prerank,-1.3341146172737004,0.10358180058083252,0.40092384521029334,ENSG00000005469;ENSG00000115425;ENSG00000107537;ENSG00000101473;ENSG00000095321;ENSG00000101986;ENSG00000242612;ENSG00000107897;ENSG00000181513;ENSG00000113790;ENSG00000131373;ENSG00000072210;ENSG00000087008;ENSG00000213965;ENSG00000103150;ENSG00000140876;ENSG00000161533;ENSG00000060971;ENSG00000100372
REACTOME_FORMATION_OF_FIBRIN_CLOT_CLOTTING_CASCADE,prerank,1.0852970126641732,0.3094289508632138,0.40121713943214365,ENSG00000170949;ENSG00000108561;ENSG00000135919;ENSG00000101981;ENSG00000124491;ENSG00000113889
REACTOME_PYRUVATE_METABOLISM,prerank,1.085601418179237,0.28527841342486654,0.4014924281890891,ENSG00000131828;ENSG00000067992;ENSG00000150991;ENSG00000134333;ENSG00000213585
REACTOME_REGULATION_OF_PYRUVATE_DEHYDROGENASE_PDH_COMPLEX,prerank,1.084498337407952,0.3272646536412078,0.40182462562523724,ENSG00000131828;ENSG00000067992
REACTOME_NUCLEOTIDE_CATABOLISM,prerank,-1.331229831959785,0.09818875119161107,0.4065969921429138,ENSG00000198018;ENSG00000125458;ENSG00000188833;ENSG00000170502;ENSG00000197217;ENSG00000112667;ENSG00000165609;ENSG00000185013;ENSG00000136159;ENSG00000198585;ENSG00000170222;ENSG00000187097;ENSG00000147647;ENSG00000197586;ENSG00000138185
REACTOME_SUMOYLATION_OF_TRANSCRIPTION_COFACTORS,prerank,1.0810356737854032,0.31273549359457425,0.4070781595227192,ENSG00000169375;ENSG00000184900;ENSG00000130726;ENSG00000116288;ENSG00000141570
REACTOME_SHC_MEDIATED_CASCADE_FGFR4,prerank,1.0782715960093274,0.3428949691085613,0.4111120361625184,ENSG00000177885;ENSG00000174775
REACTOME_COLLAGEN_BIOSYNTHESIS_AND_MODIFYING_ENZYMES,prerank,-1.327162868928206,0.06870824053452115,0.41322472749319716,ENSG00000106333;ENSG00000149257;ENSG00000168542;ENSG00000197565;ENSG00000204262;ENSG00000134871;ENSG00000166794;ENSG00000108821;ENSG00000110811;ENSG00000168487;ENSG00000117385;ENSG00000049089;ENSG00000182871;ENSG00000163359;ENSG00000130635;ENSG00000142173;ENSG00000160963;ENSG00000196739;ENSG00000164692;ENSG00000142156
REACTOME_RHO_GTPASES_ACTIVATE_NADPH_OXIDASES,prerank,-1.3279204117143342,0.10840108401084012,0.41365797911189317,ENSG00000185386;ENSG00000163932;ENSG00000051523;ENSG00000127445;ENSG00000102882;ENSG00000128340;ENSG00000078142;ENSG00000158517;ENSG00000112062;ENSG00000100365
REACTOME_REGULATION_OF_ENDOGENOUS_RETROELEMENTS_BY_PIWI_INTERACTING_RNAS_PIRNAS,prerank,1.0759134246285438,0.302248126561199,0.4144862086250568,ENSG00000111642;ENSG00000116478;ENSG00000075624;ENSG00000127616;ENSG00000099956
REACTOME_NUCLEOTIDE_BINDING_DOMAIN_LEUCINE_RICH_REPEAT_CONTAINING_RECEPTOR_NLR_SIGNALING_PATHWAYS,prerank,1.0754417906145721,0.3092269326683292,0.41454553245636605,ENSG00000150991;ENSG00000136810;ENSG00000096384;ENSG00000184216;ENSG00000142192
REACTOME_NEF_MEDIATED_DOWNREGULATION_OF_MHC_CLASS_I_COMPLEX_CELL_SURFACE_EXPRESSION,prerank,1.0743920520637404,0.33307301835220615,0.41560687304641997,ENSG00000100280;ENSG00000106367
REACTOME_MATRIGLYCAN_BIOSYNTHESIS_ON_DAG1,prerank,-1.3244637634634957,0.11804721888755502,0.4159750732149227,ENSG00000165905;ENSG00000085998;ENSG00000173402;ENSG00000174684;ENSG00000133424;ENSG00000181027;ENSG00000176087
REACTOME_TP53_REGULATES_TRANSCRIPTION_OF_CELL_DEATH_GENES,prerank,-1.32319637548454,0.09116214335421016,0.4171405512941355,ENSG00000115129;ENSG00000089685;ENSG00000149932;ENSG00000087088;ENSG00000173530;ENSG00000138794;ENSG00000042286;ENSG00000169372;ENSG00000015475;ENSG00000105327;ENSG00000141391;ENSG00000164938;ENSG00000170855;ENSG00000003400;ENSG00000088808;ENSG00000120868;ENSG00000141682;ENSG00000169230;ENSG00000073282;ENSG00000177595;ENSG00000112378;ENSG00000113916;ENSG00000120889
REACTOME_MEIOTIC_RECOMBINATION,prerank,-1.3247589669399944,0.09016393442622951,0.41773046310466805,ENSG00000051180;ENSG00000123374;ENSG00000106399;ENSG00000197299;ENSG00000000460;ENSG00000246705;ENSG00000139618;ENSG00000105968;ENSG00000121211;ENSG00000012048;ENSG00000117748;ENSG00000101773;ENSG00000131470;ENSG00000184260;ENSG00000132475;ENSG00000188486;ENSG00000197903;ENSG00000158373;ENSG00000196890;ENSG00000104320;ENSG00000132436
REACTOME_ACTIVATED_TAK1_MEDIATES_P38_MAPK_ACTIVATION,prerank,1.0716704088191793,0.3458922030350602,0.41972051244119135,ENSG00000150991;ENSG00000114738;ENSG00000184216
REACTOME_SIGNALING_BY_KIT_IN_DISEASE,prerank,1.0712089351010043,0.3624031007751938,0.4197790256196523,ENSG00000177885;ENSG00000174775
REACTOME_PLATELET_AGGREGATION_PLUG_FORMATION,prerank,1.0707215384844018,0.32882882882882886,0.4198200359120894,ENSG00000137076;ENSG00000103653;ENSG00000177885
REACTOME_MEIOTIC_SYNAPSIS,prerank,-1.3211573123686131,0.09616049809754411,0.4206257071721816,ENSG00000141756;ENSG00000100242;ENSG00000246705;ENSG00000105968;ENSG00000100918;ENSG00000012048;ENSG00000113368;ENSG00000102977;ENSG00000139351;ENSG00000092330;ENSG00000126803;ENSG00000184260;ENSG00000147601;ENSG00000054654;ENSG00000188486;ENSG00000066923;ENSG00000197903;ENSG00000158373;ENSG00000196890;ENSG00000072501;ENSG00000164754;ENSG00000196074;ENSG00000101972;ENSG00000184678;ENSG00000108055;ENSG00000077935;ENSG00000128513;ENSG00000124635;ENSG00000146047;ENSG00000101191;ENSG00000180596;ENSG00000161860;ENSG00000118007;ENSG00000131018
REACTOME_TRP_CHANNELS,prerank,-1.3195954711064013,0.11690537397478272,0.42263203073705,ENSG00000134160;ENSG00000196689;ENSG00000130529;ENSG00000090674;ENSG00000083067;ENSG00000187688;ENSG00000119121;ENSG00000104321;ENSG00000144935
REACTOME_CYTOCHROME_C_MEDIATED_APOPTOTIC_RESPONSE,prerank,-1.317842045061297,0.12197686645636173,0.42268014927497194,ENSG00000164305;ENSG00000102882;ENSG00000132906;ENSG00000120868;ENSG00000137831;ENSG00000184047
REACTOME_AMYLOID_FIBER_FORMATION,prerank,-1.31832738499945,0.07583833000222075,0.4238107196352153,ENSG00000121351;ENSG00000196470;ENSG00000140564;ENSG00000186318;ENSG00000101439;ENSG00000221983;ENSG00000158457;ENSG00000170315;ENSG00000205155;ENSG00000142798;ENSG00000130203;ENSG00000136156;ENSG00000138613;ENSG00000171560;ENSG00000166710;ENSG00000162736;ENSG00000148180;ENSG00000143947;ENSG00000164032;ENSG00000108219;ENSG00000110244;ENSG00000184260;ENSG00000120708;ENSG00000185345;ENSG00000132475;ENSG00000188486;ENSG00000012223;ENSG00000197903;ENSG00000158373;ENSG00000196890;ENSG00000175206;ENSG00000118271
REACTOME_IRE1ALPHA_ACTIVATES_CHAPERONES,prerank,-1.3165736314296514,0.09344187113047467,0.423889763398312,ENSG00000012232;ENSG00000166340;ENSG00000065485;ENSG00000128590;ENSG00000124783;ENSG00000068971;ENSG00000100196;ENSG00000044090;ENSG00000106080;ENSG00000138073;ENSG00000109501;ENSG00000242247;ENSG00000124702;ENSG00000134109;ENSG00000102580;ENSG00000120742;ENSG00000070540;ENSG00000158008;ENSG00000144867;ENSG00000074842;ENSG00000162298;ENSG00000149428;ENSG00000182934;ENSG00000174851;ENSG00000090520;ENSG00000044574;ENSG00000138674;ENSG00000162694
REACTOME_UNFOLDED_PROTEIN_RESPONSE_UPR,prerank,-1.3147804584395426,0.060412147505422994,0.42649353740759294,ENSG00000012232;ENSG00000157613;ENSG00000166340;ENSG00000065485;ENSG00000128590;ENSG00000124783;ENSG00000143578;ENSG00000172071;ENSG00000068971;ENSG00000100196;ENSG00000213676;ENSG00000044090;ENSG00000162772;ENSG00000106080;ENSG00000138073;ENSG00000109501;ENSG00000242247;ENSG00000124702;ENSG00000134109;ENSG00000102580;ENSG00000120742;ENSG00000108691;ENSG00000140694;ENSG00000070540;ENSG00000153879;ENSG00000158008;ENSG00000051108;ENSG00000144867;ENSG00000074842;ENSG00000182158;ENSG00000162298;ENSG00000149428;ENSG00000182934;ENSG00000120699;ENSG00000174851;ENSG00000140943;ENSG00000077348;ENSG00000090520;ENSG00000044574;ENSG00000107371;ENSG00000138674;ENSG00000162694;ENSG00000125977
REACTOME_DEFECTS_OF_CONTACT_ACTIVATION_SYSTEM_CAS_AND_KALLIKREIN_KININ_SYSTEM_KKS,prerank,-1.3130385591134472,0.12610504420176807,0.42662864862981664,ENSG00000169902;ENSG00000185245;ENSG00000115486;ENSG00000149131;ENSG00000185010
REACTOME_RUNX2_REGULATES_BONE_DEVELOPMENT,prerank,-1.3119035575901867,0.1126896219600289,0.4274710942300375,ENSG00000197122;ENSG00000018408;ENSG00000108821;ENSG00000242252;ENSG00000068024;ENSG00000102882;ENSG00000094631;ENSG00000137693;ENSG00000074047;ENSG00000198795;ENSG00000106571;ENSG00000178573;ENSG00000135547;ENSG00000170365;ENSG00000176105;ENSG00000164683;ENSG00000137834;ENSG00000141646;ENSG00000114315
REACTOME_PECAM1_INTERACTIONS,prerank,-1.313482361996338,0.12138574283810792,0.42784154136114116,ENSG00000197122;ENSG00000168918;ENSG00000010810;ENSG00000138448;ENSG00000179295;ENSG00000176105
REACTOME_REGULATION_OF_CDH1_POSTTRANSLATIONAL_PROCESSING_AND_TRAFFICKING_TO_PLASMA_MEMBRANE,prerank,-1.3108988944979263,0.11341199133156754,0.42796496018271984,ENSG00000140564;ENSG00000228474;ENSG00000118363;ENSG00000134910;ENSG00000134825;ENSG00000166562;ENSG00000114902;ENSG00000130714;ENSG00000198856;ENSG00000186111;ENSG00000129562;ENSG00000129128;ENSG00000160613
REACTOME_RESPIRATORY_ELECTRON_TRANSPORT,prerank,-1.3074331686276135,0.03787485732074297,0.4306270932476229,ENSG00000112695;ENSG00000204922;ENSG00000137038;ENSG00000131174;ENSG00000131143;ENSG00000178057;ENSG00000183978;ENSG00000065518;ENSG00000099795;ENSG00000090266;ENSG00000187118;ENSG00000168273;ENSG00000127184;ENSG00000165264;ENSG00000168569;ENSG00000127540;ENSG00000140990;ENSG00000138495;ENSG00000111775;ENSG00000131495;ENSG00000176340;ENSG00000136521;ENSG00000117118;ENSG00000183513;ENSG00000164405;ENSG00000267855;ENSG00000125356;ENSG00000184076;ENSG00000204370;ENSG00000178449;ENSG00000147123;ENSG00000170906;ENSG00000148290;ENSG00000135940;ENSG00000110717;ENSG00000213619;ENSG00000167792;ENSG00000169021;ENSG00000145494;ENSG00000163626;ENSG00000184983;ENSG00000151366;ENSG00000137288;ENSG00000014919;ENSG00000131055;ENSG00000183648;ENSG00000184857;ENSG00000165060;ENSG00000101084;ENSG00000232838;ENSG00000119421;ENSG00000113845;ENSG00000181061;ENSG00000004779;ENSG00000128609;ENSG00000119013;ENSG00000105379;ENSG00000147684;ENSG00000189043;ENSG00000161281;ENSG00000146701;ENSG00000224877;ENSG00000140740;ENSG00000110074;ENSG00000174886
REACTOME_SYNTHESIS_OF_PIPS_AT_THE_EARLY_ENDOSOME_MEMBRANE,prerank,-1.3079847164316039,0.13026129488994723,0.4314790612268762,ENSG00000011405;ENSG00000078142;ENSG00000108389;ENSG00000087053;ENSG00000038210;ENSG00000115020;ENSG00000198825;ENSG00000040933;ENSG00000155252;ENSG00000103043;ENSG00000112367;ENSG00000166912;ENSG00000196455;ENSG00000150712
REACTOME_RAC3_GTPASE_CYCLE,prerank,-1.308243025101318,0.06677471636952999,0.4332385985007301,ENSG00000147799;ENSG00000035499;ENSG00000079482;ENSG00000008517;ENSG00000161800;ENSG00000142627;ENSG00000123143;ENSG00000150093;ENSG00000149357;ENSG00000076706;ENSG00000120318;ENSG00000160007;ENSG00000106636;ENSG00000105137;ENSG00000169750;ENSG00000006453;ENSG00000159259;ENSG00000164040;ENSG00000051523;ENSG00000156299;ENSG00000120802;ENSG00000145819;ENSG00000073712;ENSG00000121871;ENSG00000139734;ENSG00000118804;ENSG00000101977;ENSG00000130669;ENSG00000061676;ENSG00000196220;ENSG00000105647;ENSG00000046604;ENSG00000165895
REACTOME_DNA_DOUBLE_STRAND_BREAK_REPAIR,prerank,-1.305552825709873,0.04308012486992716,0.43368522145204674,ENSG00000051341;ENSG00000035499;ENSG00000163322;ENSG00000051180;ENSG00000145386;ENSG00000123374;ENSG00000166313;ENSG00000106399;ENSG00000111247;ENSG00000197299;ENSG00000149554;ENSG00000111602;ENSG00000000460;ENSG00000100479;ENSG00000171792;ENSG00000166169;ENSG00000174371;ENSG00000221983;ENSG00000132646;ENSG00000154920;ENSG00000170315;ENSG00000104313;ENSG00000175482;ENSG00000196584;ENSG00000139618;ENSG00000111445;ENSG00000163918;ENSG00000062822;ENSG00000049541;ENSG00000143799;ENSG00000115350;ENSG00000002016;ENSG00000012048;ENSG00000152422;ENSG00000117748;ENSG00000067369;ENSG00000143947;ENSG00000175643;ENSG00000183765;ENSG00000188612;ENSG00000188827;ENSG00000101773;ENSG00000132207;ENSG00000092853;ENSG00000116030;ENSG00000129484;ENSG00000133119;ENSG00000165392;ENSG00000005156;ENSG00000169139;ENSG00000111802;ENSG00000064655;ENSG00000126215;ENSG00000164808;ENSG00000188486;ENSG00000197903;ENSG00000158373;ENSG00000149923;ENSG00000178295;ENSG00000196890;ENSG00000075131;ENSG00000104320;ENSG00000132436;ENSG00000138346;ENSG00000066135;ENSG00000173638;ENSG00000137337;ENSG00000152942;ENSG00000112319;ENSG00000172732;ENSG00000184678
REACTOME_DEFECTIVE_C1GALT1C1_CAUSES_TNPS,prerank,-1.3046993412017414,0.12853306049366928,0.43374039741948256,ENSG00000181143;ENSG00000106392;ENSG00000185499;ENSG00000215182;ENSG00000173702;ENSG00000171155;ENSG00000169894
REACTOME_SEPARATION_OF_SISTER_CHROMATIDS,prerank,-1.3029883591256037,0.04066961076306871,0.4338964090642499,ENSG00000166851;ENSG00000175063;ENSG00000143228;ENSG00000115163;ENSG00000178999;ENSG00000089685;ENSG00000135476;ENSG00000198033;ENSG00000156970;ENSG00000134690;ENSG00000152253;ENSG00000138778;ENSG00000142945;ENSG00000080986;ENSG00000117399;ENSG00000153044;ENSG00000146670;ENSG00000137267;ENSG00000167552;ENSG00000102384;ENSG00000137812;ENSG00000121621;ENSG00000117724;ENSG00000174442;ENSG00000161888;ENSG00000104833;ENSG00000129810;ENSG00000072864;ENSG00000221983;ENSG00000120334;ENSG00000166451;ENSG00000175216;ENSG00000184445;ENSG00000101162;ENSG00000157020;ENSG00000149636;ENSG00000164109;ENSG00000123219;ENSG00000170315;ENSG00000068971;ENSG00000154839;ENSG00000186871;ENSG00000151725;ENSG00000075188;ENSG00000094880;ENSG00000175279;ENSG00000169679;ENSG00000141552;ENSG00000040275;ENSG00000163535;ENSG00000104695;ENSG00000166295;ENSG00000170142;ENSG00000108106
REACTOME_REGULATION_OF_MITF_M_DEPENDENT_GENES_INVOLVED_IN_CELL_CYCLE_AND_PROLIFERATION,prerank,-1.303804476473646,0.12732330256669616,0.4339542434167794,ENSG00000166851;ENSG00000134057;ENSG00000123374;ENSG00000101224;ENSG00000081059;ENSG00000152284
REACTOME_SPHINGOLIPID_CATABOLISM,prerank,1.0618971629402174,0.34456613310867734,0.43473239698115207,ENSG00000163082;ENSG00000177076;ENSG00000141934;ENSG00000006534;ENSG00000167769;ENSG00000162407;ENSG00000126821;ENSG00000078124;ENSG00000166224;ENSG00000067113;ENSG00000132746;ENSG00000072210
REACTOME_DEFECTIVE_PYROPTOSIS,prerank,-1.3016488323309625,0.1212484993997599,0.435385251834673,ENSG00000198056;ENSG00000246705;ENSG00000105968;ENSG00000014138;ENSG00000184260;ENSG00000132475;ENSG00000088305;ENSG00000101868;ENSG00000178691;ENSG00000188486;ENSG00000197903;ENSG00000158373;ENSG00000196890;ENSG00000102054;ENSG00000184678;ENSG00000162521;ENSG00000163041;ENSG00000124635;ENSG00000146047;ENSG00000180596;ENSG00000130816;ENSG00000106462;ENSG00000105928
REACTOME_TP53_REGULATES_TRANSCRIPTION_OF_GENES_INVOLVED_IN_G2_CELL_CYCLE_ARREST,prerank,-1.300759786363027,0.1313245448838669,0.4355666455681289,ENSG00000134057;ENSG00000170312;ENSG00000087088;ENSG00000087586;ENSG00000158402;ENSG00000132646;ENSG00000198176
REACTOME_SIGNALING_BY_FGFR1_IN_DISEASE,prerank,1.0591373129942327,0.36380597014925375,0.43893012096914336,ENSG00000177885;ENSG00000111605;ENSG00000174775
REACTOME_CELL_CYCLE_MITOTIC,prerank,-1.293793686478212,0.004104104104104104,0.43928920859274223,ENSG00000166851;ENSG00000175063;ENSG00000143228;ENSG00000088325;ENSG00000171320;ENSG00000115163;ENSG00000178999;ENSG00000101003;ENSG00000075218;ENSG00000121152;ENSG00000147536;ENSG00000134057;ENSG00000089685;ENSG00000135476;ENSG00000198033;ENSG00000156970;ENSG00000112984;ENSG00000101004;ENSG00000134690;ENSG00000152253;ENSG00000171848;ENSG00000072571;ENSG00000140534;ENSG00000189308;ENSG00000138778;ENSG00000142945;ENSG00000101057;ENSG00000145386;ENSG00000131153;ENSG00000080986;ENSG00000117399;ENSG00000153044;ENSG00000146670;ENSG00000170312;ENSG00000164045;ENSG00000137807;ENSG00000117650;ENSG00000094804;ENSG00000065328;ENSG00000137267;ENSG00000123374;ENSG00000142731;ENSG00000123485;ENSG00000166483;ENSG00000197122;ENSG00000106399;ENSG00000175305;ENSG00000167552;ENSG00000102384;ENSG00000198056;ENSG00000137812;ENSG00000181938;ENSG00000087586;ENSG00000121621;ENSG00000117724;ENSG00000174442;ENSG00000161888;ENSG00000000460;ENSG00000100479;ENSG00000246705;ENSG00000131747;ENSG00000103995;ENSG00000101224;ENSG00000104833;ENSG00000129810;ENSG00000072864;ENSG00000126756;ENSG00000176890;ENSG00000158402;ENSG00000221983;ENSG00000204086;ENSG00000120334;ENSG00000166451;ENSG00000175216;ENSG00000184445;ENSG00000101162;ENSG00000136861;ENSG00000183814;ENSG00000006634;ENSG00000157020;ENSG00000149636;ENSG00000164109;ENSG00000109805;ENSG00000136122;ENSG00000132646;ENSG00000137100;ENSG00000072803;ENSG00000127564;ENSG00000167513;ENSG00000157456;ENSG00000114745;ENSG00000123219;ENSG00000170315;ENSG00000169016;ENSG00000176101;ENSG00000125885;ENSG00000068971;ENSG00000154839;ENSG00000186871;ENSG00000175482;ENSG00000151725;ENSG00000091651;ENSG00000198176;ENSG00000075188;ENSG00000111276;ENSG00000173207;ENSG00000094880;ENSG00000037042;ENSG00000175279;ENSG00000169679;ENSG00000141552;ENSG00000111445;ENSG00000093009;ENSG00000163918;ENSG00000040275;ENSG00000079335;ENSG00000163535;ENSG00000112029;ENSG00000062822;ENSG00000104695;ENSG00000101624;ENSG00000129355;ENSG00000166295;ENSG00000170142;ENSG00000152240;ENSG00000108106;ENSG00000101412;ENSG00000049541;ENSG00000151503;ENSG00000105968;ENSG00000115350;ENSG00000177954;ENSG00000147400;ENSG00000117020;ENSG00000135336;ENSG00000047410;ENSG00000088986;ENSG00000014138;ENSG00000151849;ENSG00000058804;ENSG00000154473;ENSG00000155034;ENSG00000068903;ENSG00000004897;ENSG00000113368;ENSG00000112312;ENSG00000117748;ENSG00000133740;ENSG00000102882;ENSG00000120802;ENSG00000167393;ENSG00000164162;ENSG00000152082;ENSG00000072401;ENSG00000113575;ENSG00000143947;ENSG00000117697
REACTOME_DNA_DAMAGE_BYPASS,prerank,-1.2944786415318106,0.10681505277650298,0.43966454629854845,ENSG00000051341;ENSG00000143476;ENSG00000106399;ENSG00000166803;ENSG00000100479;ENSG00000221983;ENSG00000132646;ENSG00000170315;ENSG00000175482;ENSG00000116670;ENSG00000111445;ENSG00000163918;ENSG00000062822;ENSG00000049541;ENSG00000115350;ENSG00000117748;ENSG00000143947;ENSG00000070950;ENSG00000119048;ENSG00000162607;ENSG00000182179;ENSG00000100387;ENSG00000133119
REACTOME_SYNTHESIS_OF_PIPS_AT_THE_LATE_ENDOSOME_MEMBRANE,prerank,-1.2950005221669532,0.14032515991471214,0.4405190481054503,ENSG00000003987;ENSG00000011405;ENSG00000078142;ENSG00000108389;ENSG00000087053;ENSG00000104643;ENSG00000115020;ENSG00000103043;ENSG00000112367;ENSG00000196455
REACTOME_RETINOID_CYCLE_DISEASE_EVENTS,prerank,-1.291446060880555,0.13666263928044034,0.4415353381763393,ENSG00000137868;ENSG00000140522;ENSG00000114115;ENSG00000128617
REACTOME_TIGHT_JUNCTION_INTERACTIONS,prerank,-1.2970207196163601,0.12941319698076456,0.4417594568486571,ENSG00000164007;ENSG00000157224;ENSG00000178184;ENSG00000165215;ENSG00000158769;ENSG00000132849;ENSG00000102981;ENSG00000171217;ENSG00000184113
REACTOME_DISEASES_ASSOCIATED_WITH_O_GLYCOSYLATION_OF_PROTEINS,prerank,-1.290430001811857,0.0977861831126933,0.442232263007113,ENSG00000074181;ENSG00000085998;ENSG00000173402;ENSG00000145808;ENSG00000082684;ENSG00000185761;ENSG00000136378;ENSG00000181143;ENSG00000143382;ENSG00000160323;ENSG00000154734;ENSG00000130714;ENSG00000106392;ENSG00000049192;ENSG00000185499;ENSG00000215182;ENSG00000174684;ENSG00000133424;ENSG00000173702;ENSG00000171155;ENSG00000087116;ENSG00000148400;ENSG00000169894;ENSG00000158859;ENSG00000106003;ENSG00000164764
REACTOME_RRNA_PROCESSING,prerank,-1.2975833985141554,0.03663153586411542,0.442529957334604,ENSG00000105640;ENSG00000197223;ENSG00000156990;ENSG00000198755;ENSG00000149806;ENSG00000221983;ENSG00000007520;ENSG00000115268;ENSG00000136942;ENSG00000105372;ENSG00000177600;ENSG00000089157;ENSG00000182768;ENSG00000130255;ENSG00000162244;ENSG00000182899;ENSG00000109475;ENSG00000142541;ENSG00000137818;ENSG00000172809;ENSG00000142676;ENSG00000131469;ENSG00000110700;ENSG00000167526;ENSG00000142534;ENSG00000177954;ENSG00000144713;ENSG00000163923;ENSG00000116251;ENSG00000063177;ENSG00000100316;ENSG00000185088;ENSG00000086189;ENSG00000156482;ENSG00000140988;ENSG00000171858;ENSG00000071082;ENSG00000117481;ENSG00000108298;ENSG00000143947;ENSG00000148303;ENSG00000125691;ENSG00000265681;ENSG00000165496;ENSG00000197728;ENSG00000118181;ENSG00000124614;ENSG00000161016;ENSG00000037241;ENSG00000120699;ENSG00000173113;ENSG00000145592;ENSG00000072506;ENSG00000135698;ENSG00000149273;ENSG00000077348;ENSG00000188846;ENSG00000108107;ENSG00000065268;ENSG00000107371;ENSG00000145912;ENSG00000119285;ENSG00000105202;ENSG00000124787;ENSG00000161970;ENSG00000183520;ENSG00000105193;ENSG00000171824;ENSG00000163584;ENSG00000197756;ENSG00000171311;ENSG00000241370;ENSG00000229117;ENSG00000198242;ENSG00000011260;ENSG00000145425;ENSG00000164934;ENSG00000138326;ENSG00000114767;ENSG00000029639;ENSG00000134419;ENSG00000170889;ENSG00000119616;ENSG00000178896;ENSG00000124383;ENSG00000083845;ENSG00000156469;ENSG00000140986;ENSG00000135372;ENSG00000126749;ENSG00000197958;ENSG00000171863;ENSG00000100138;ENSG00000089009;ENSG00000137154;ENSG00000065183;ENSG00000162408;ENSG00000148688;ENSG00000075914;ENSG00000083520;ENSG00000189306;ENSG00000135521;ENSG00000071462;ENSG00000120158;ENSG00000213923;ENSG00000058729;ENSG00000198034;ENSG00000178718;ENSG00000142937;ENSG00000130935;ENSG00000123737;ENSG00000122085;ENSG00000164587;ENSG00000117395;ENSG00000124784;ENSG00000198918;ENSG00000104626;ENSG00000134987;ENSG00000120800;ENSG00000213741;ENSG00000100890;ENSG00000138600;ENSG00000118246;ENSG00000164338;ENSG00000112578;ENSG00000112306;ENSG00000066654;ENSG00000055044;ENSG00000241945;ENSG00000227057;ENSG00000108651;ENSG00000136891;ENSG00000184967;ENSG00000111615;ENSG00000124541;ENSG00000008988;ENSG00000132467;ENSG00000039123
REACTOME_PERK_REGULATES_GENE_EXPRESSION,prerank,-1.2950822249415719,0.1227630637079456,0.44267199730607676,ENSG00000172071;ENSG00000162772;ENSG00000108691;ENSG00000140694;ENSG00000153879;ENSG00000051108;ENSG00000120699;ENSG00000077348;ENSG00000044574;ENSG00000107371;ENSG00000125977;ENSG00000171311;ENSG00000178896;ENSG00000075914;ENSG00000083520;ENSG00000172216;ENSG00000066136;ENSG00000001167;ENSG00000123737;ENSG00000118217;ENSG00000120837;ENSG00000169429
REACTOME_RUNX2_REGULATES_OSTEOBLAST_DIFFERENTIATION,prerank,-1.2958226138133302,0.13217606943583385,0.44292560606090753,ENSG00000197122;ENSG00000018408;ENSG00000108821;ENSG00000242252;ENSG00000102882;ENSG00000094631;ENSG00000137693;ENSG00000198795;ENSG00000106571;ENSG00000178573;ENSG00000135547;ENSG00000176105;ENSG00000164683
REACTOME_AKT_PHOSPHORYLATES_TARGETS_IN_THE_NUCLEUS,prerank,-1.29165622306955,0.14116698037106748,0.4432602378239886,ENSG00000175634;ENSG00000117020;ENSG00000142208;ENSG00000150907;ENSG00000184481;ENSG00000105221;ENSG00000118260
REACTOME_INTERLEUKIN_3_INTERLEUKIN_5_AND_GM_CSF_SIGNALING,prerank,1.0559389312529173,0.3469387755102041,0.44404659828076115,ENSG00000150991;ENSG00000177885;ENSG00000165458;ENSG00000072062
REACTOME_SYNTHESIS_OF_PIPS_AT_THE_GOLGI_MEMBRANE,prerank,1.0523023543515524,0.36973180076628354,0.4499207255097898,ENSG00000134287;ENSG00000143761
REACTOME_TRAF6_MEDIATED_IRF7_ACTIVATION_IN_TLR7_8_OR_9_SIGNALING,prerank,1.0486079468986786,0.36830553116769094,0.45598952179971314,ENSG00000150991;ENSG00000184216
REACTOME_ACYL_CHAIN_REMODELLING_OF_PG,prerank,-1.2837311097027566,0.1442356526155409,0.4574001291042547,ENSG00000170890;ENSG00000153395;ENSG00000069764;ENSG00000117215;ENSG00000088766;ENSG00000123739;ENSG00000100078;ENSG00000116711;ENSG00000158786;ENSG00000123684;ENSG00000159337;ENSG00000176454;ENSG00000243708;ENSG00000168907;ENSG00000153246
REACTOME_NRIF_SIGNALS_CELL_DEATH_FROM_THE_NUCLEUS,prerank,-1.2826828006652673,0.146757241732889,0.45820886043270553,ENSG00000221983;ENSG00000170315;ENSG00000205155;ENSG00000138613;ENSG00000161011;ENSG00000162736;ENSG00000064300;ENSG00000143947
REACTOME_ESTABLISHMENT_OF_SISTER_CHROMATID_COHESION,prerank,-1.2841893033607847,0.1470820189274448,0.4584586346717791,ENSG00000171320;ENSG00000146670;ENSG00000072501;ENSG00000164754;ENSG00000101972;ENSG00000141446;ENSG00000108055;ENSG00000121892;ENSG00000083642
REACTOME_INTERLEUKIN_35_SIGNALLING,prerank,1.0461672888687252,0.37174095878889823,0.4597470363411583,ENSG00000127022;ENSG00000162434
REACTOME_PKA_MEDIATED_PHOSPHORYLATION_OF_CREB,prerank,1.045424678574329,0.3760310528869481,0.46034400246275875,ENSG00000108946;ENSG00000072062;ENSG00000129467
REACTOME_ACTIVATION_OF_SMO,prerank,1.0411121616802428,0.3949169110459433,0.4676906128378749,ENSG00000088826;ENSG00000163501;ENSG00000164690
REACTOME_DEVELOPMENTAL_CELL_LINEAGES,prerank,1.0405441875092607,0.3503480278422274,0.4679321651916618,ENSG00000026508;ENSG00000026025;ENSG00000138798;ENSG00000182718;ENSG00000072274;ENSG00000125798;ENSG00000152804;ENSG00000139515;ENSG00000168267;ENSG00000137203;ENSG00000164736;ENSG00000133392;ENSG00000115386;ENSG00000179751;ENSG00000164690;ENSG00000169856;ENSG00000243480;ENSG00000107485;ENSG00000075388;ENSG00000087510;ENSG00000141448
REACTOME_RHOG_GTPASE_CYCLE,prerank,-1.2760766722684744,0.1013215859030837,0.46864905749194913,ENSG00000242173;ENSG00000147799;ENSG00000035499;ENSG00000079482;ENSG00000050327;ENSG00000142627;ENSG00000150093;ENSG00000149357;ENSG00000076706;ENSG00000160007;ENSG00000106636;ENSG00000242247;ENSG00000159259;ENSG00000213619;ENSG00000164040;ENSG00000120802;ENSG00000162236;ENSG00000139734;ENSG00000118804;ENSG00000101977;ENSG00000128609;ENSG00000130669;ENSG00000128512;ENSG00000173327;ENSG00000114790;ENSG00000046604;ENSG00000177105
REACTOME_TRANSCRIPTIONAL_REGULATION_OF_PLURIPOTENT_STEM_CELLS,prerank,-1.2783706263993135,0.14217156568686262,0.46886547993531413,ENSG00000129682;ENSG00000101115;ENSG00000124440;ENSG00000148200;ENSG00000107984;ENSG00000156925;ENSG00000103449;ENSG00000185630;ENSG00000165556
REACTOME_RAC1_GTPASE_CYCLE,prerank,-1.2772315748301575,0.052550072269254594,0.46986769528875005,ENSG00000196155;ENSG00000008323;ENSG00000240771;ENSG00000137135;ENSG00000147799;ENSG00000035499;ENSG00000122966;ENSG00000077264;ENSG00000079482;ENSG00000050327;ENSG00000161800;ENSG00000142627;ENSG00000129675;ENSG00000129219;ENSG00000137962;ENSG00000123143;ENSG00000150093;ENSG00000149357;ENSG00000183856;ENSG00000076706;ENSG00000130158;ENSG00000004777;ENSG00000146426;ENSG00000055163;ENSG00000159314;ENSG00000120318;ENSG00000160007;ENSG00000097096;ENSG00000090924;ENSG00000106636;ENSG00000006453;ENSG00000159259;ENSG00000088986;ENSG00000051523;ENSG00000164691;ENSG00000156299;ENSG00000120802;ENSG00000147251;ENSG00000196935;ENSG00000145819;ENSG00000073712;ENSG00000015285;ENSG00000089639;ENSG00000142632;ENSG00000139734;ENSG00000101977;ENSG00000132970;ENSG00000130669;ENSG00000006607;ENSG00000128512;ENSG00000061676;ENSG00000196220;ENSG00000105647;ENSG00000122574;ENSG00000165895;ENSG00000186635;ENSG00000006740;ENSG00000102981;ENSG00000158517;ENSG00000198844;ENSG00000138639;ENSG00000132694;ENSG00000152767;ENSG00000137843
REACTOME_SYNTHESIS_OF_PA,prerank,-1.2764639484902853,0.1354520933505336,0.4698711721074868,ENSG00000163295;ENSG00000119927;ENSG00000129219;ENSG00000148343;ENSG00000170890;ENSG00000153395;ENSG00000069764;ENSG00000116906;ENSG00000117215;ENSG00000204310;ENSG00000123739;ENSG00000116711;ENSG00000167588;ENSG00000085788;ENSG00000026652;ENSG00000180488;ENSG00000169692;ENSG00000158786;ENSG00000152642;ENSG00000163898;ENSG00000162836;ENSG00000186281;ENSG00000159337;ENSG00000172954
REACTOME_CLASS_I_PEROXISOMAL_MEMBRANE_PROTEIN_IMPORT,prerank,-1.2742876143197093,0.15418391669803036,0.47168029292432756,ENSG00000162735;ENSG00000101417;ENSG00000101986;ENSG00000107897;ENSG00000131779;ENSG00000121680;ENSG00000162928;ENSG00000176894;ENSG00000034693;ENSG00000214253;ENSG00000138138;ENSG00000072210;ENSG00000164751;ENSG00000108733
REACTOME_POST_TRANSLATIONAL_MODIFICATION_SYNTHESIS_OF_GPI_ANCHORED_PROTEINS,prerank,-1.2734328632380774,0.09397221310578711,0.4718972977517823,ENSG00000163295;ENSG00000179085;ENSG00000011422;ENSG00000087111;ENSG00000165282;ENSG00000122707;ENSG00000169442;ENSG00000197858;ENSG00000197121;ENSG00000172260;ENSG00000143315;ENSG00000197353;ENSG00000204421;ENSG00000186907;ENSG00000150551;ENSG00000136908;ENSG00000165195;ENSG00000163964;ENSG00000060642;ENSG00000151665;ENSG00000124466;ENSG00000112303;ENSG00000007541;ENSG00000183715
REACTOME_NOREPINEPHRINE_NEUROTRANSMITTER_RELEASE_CYCLE,prerank,1.0377772926787787,0.40151157298063295,0.4723324595618361,ENSG00000143847;ENSG00000106089;ENSG00000165646
REACTOME_TELOMERE_MAINTENANCE,prerank,-1.2723317964258543,0.09136557144416549,0.472912930325382,ENSG00000140451;ENSG00000145386;ENSG00000123374;ENSG00000106399;ENSG00000197299;ENSG00000198056;ENSG00000246705;ENSG00000132646;ENSG00000175482;ENSG00000147669;ENSG00000111445;ENSG00000163918;ENSG00000062822;ENSG00000168002;ENSG00000049541;ENSG00000105968;ENSG00000014138;ENSG00000117748;ENSG00000102977;ENSG00000092330;ENSG00000005075;ENSG00000178971;ENSG00000184260;ENSG00000147601;ENSG00000175792;ENSG00000107960;ENSG00000133119;ENSG00000100142;ENSG00000165392;ENSG00000132475;ENSG00000145912;ENSG00000168802;ENSG00000144749;ENSG00000101868;ENSG00000188486;ENSG00000197903;ENSG00000158373;ENSG00000196890;ENSG00000163882
REACTOME_B_WICH_COMPLEX_POSITIVELY_REGULATES_RRNA_EXPRESSION,prerank,1.0366531909776453,0.390612569610183,0.4736622505524765,ENSG00000157483;ENSG00000075624;ENSG00000099817;ENSG00000177700
REACTOME_METALLOPROTEASE_DUBS,prerank,1.0356307547365389,0.3860793909733551,0.47475201824252583,ENSG00000158019;ENSG00000150991;ENSG00000115233
REACTOME_NOTCH4_INTRACELLULAR_DOMAIN_REGULATES_TRANSCRIPTION,prerank,1.0351264085349492,0.3906093906093906,0.47486881208116444,ENSG00000166949;ENSG00000168214
REACTOME_REGULATION_OF_INNATE_IMMUNE_RESPONSES_TO_CYTOSOLIC_DNA,prerank,1.03414566484865,0.38961625282167045,0.47501969762890983,ENSG00000150991;ENSG00000183258
REACTOME_INTERLEUKIN_RECEPTOR_SHC_SIGNALING,prerank,1.0343552913156737,0.4067622950819672,0.47545205000241114,ENSG00000177885;ENSG00000165458;ENSG00000162434
REACTOME_RETROGRADE_TRANSPORT_AT_THE_TRANS_GOLGI_NETWORK,prerank,1.0317953761666379,0.38502269288956126,0.4778103860017925,ENSG00000103051;ENSG00000073969;ENSG00000003056;ENSG00000105355;ENSG00000135823
REACTOME_CREB1_PHOSPHORYLATION_THROUGH_THE_ACTIVATION_OF_ADENYLATE_CYCLASE,prerank,1.0321133192037406,0.3725,0.4780400633103777,ENSG00000108946;ENSG00000072062
REACTOME_DEVELOPMENTAL_LINEAGE_OF_MAMMARY_STEM_CELLS,prerank,1.0303539967103426,0.40126525079078174,0.47976929290237386,ENSG00000026508;ENSG00000137203;ENSG00000107485;ENSG00000087510
REACTOME_THE_CANONICAL_RETINOID_CYCLE_IN_RODS_TWILIGHT_VISION,prerank,-1.2684771086438693,0.15480070193030834,0.4823308950101463,ENSG00000137868;ENSG00000140522;ENSG00000116745;ENSG00000114115;ENSG00000101412;ENSG00000145476
REACTOME_TRANSLESION_SYNTHESIS_BY_Y_FAMILY_DNA_POLYMERASES_BYPASSES_LESIONS_ON_DNA_TEMPLATE,prerank,-1.2645127098908646,0.14180586380095783,0.4826263246998437,ENSG00000051341;ENSG00000106399;ENSG00000166803;ENSG00000100479;ENSG00000221983;ENSG00000132646;ENSG00000170315;ENSG00000175482;ENSG00000116670;ENSG00000111445;ENSG00000163918;ENSG00000062822;ENSG00000049541;ENSG00000115350;ENSG00000117748;ENSG00000143947
REACTOME_FGFR3_LIGAND_BINDING_AND_ACTIVATION,prerank,-1.2657995970573561,0.16646415552855406,0.4833759899088529,ENSG00000129682;ENSG00000156427;ENSG00000068078
REACTOME_ANCHORING_FIBRIL_FORMATION,prerank,-1.2650094685385407,0.16679477325134512,0.4834560391588649,ENSG00000197565;ENSG00000134871;ENSG00000108821;ENSG00000168487;ENSG00000164692;ENSG00000114270;ENSG00000188153;ENSG00000112769
REACTOME_REGULATION_OF_TP53_ACTIVITY_THROUGH_PHOSPHORYLATION,prerank,-1.266329279759331,0.09718614718614718,0.48412517887471745,ENSG00000088325;ENSG00000178999;ENSG00000145386;ENSG00000166337;ENSG00000123374;ENSG00000106399;ENSG00000197299;ENSG00000149554;ENSG00000087586;ENSG00000171792;ENSG00000074590;ENSG00000174371;ENSG00000221983;ENSG00000185386;ENSG00000170315;ENSG00000111445;ENSG00000163918;ENSG00000049541;ENSG00000012048;ENSG00000117748;ENSG00000127445;ENSG00000120656;ENSG00000143947;ENSG00000164938;ENSG00000175643;ENSG00000183765;ENSG00000164885;ENSG00000101773;ENSG00000147133;ENSG00000106290;ENSG00000133119;ENSG00000178913;ENSG00000111725;ENSG00000165392;ENSG00000118046;ENSG00000197780
REACTOME_MITOCHONDRIAL_TRANSLATION_ELONGATION,prerank,-1.2628998075294362,0.10526315789473684,0.4852030032942725,ENSG00000204822;ENSG00000172586;ENSG00000182180;ENSG00000134056;ENSG00000166902;ENSG00000125901;ENSG00000198015;ENSG00000048544;ENSG00000062582;ENSG00000175756;ENSG00000061794;ENSG00000082515;ENSG00000130312;ENSG00000174547;ENSG00000182154;ENSG00000111639;ENSG00000102738;ENSG00000180992;ENSG00000262814;ENSG00000116221;ENSG00000169288;ENSG00000143436;ENSG00000204568;ENSG00000116898;ENSG00000167862;ENSG00000143314;ENSG00000128626;ENSG00000243147;ENSG00000136522;ENSG00000123297;ENSG00000242485;ENSG00000185608;ENSG00000114686;ENSG00000162910;ENSG00000132591;ENSG00000112996;ENSG00000172590;ENSG00000112110;ENSG00000181991;ENSG00000149792;ENSG00000181610;ENSG00000171421;ENSG00000096080;ENSG00000090263;ENSG00000179271;ENSG00000122140;ENSG00000175110;ENSG00000159111;ENSG00000175581;ENSG00000132300;ENSG00000137547
REACTOME_SLC_MEDIATED_TRANSPORT_OF_AMINO_ACIDS,prerank,-1.266592795250511,0.1434319526627219,0.4857128871505795,ENSG00000072041;ENSG00000180773;ENSG00000197119;ENSG00000115902;ENSG00000165349;ENSG00000162383;ENSG00000092068;ENSG00000103257;ENSG00000017483;ENSG00000003989;ENSG00000168003;ENSG00000111371;ENSG00000123643;ENSG00000186335;ENSG00000188338;ENSG00000134294
REACTOME_EPIGENETIC_REGULATION_OF_GENE_EXPRESSION,prerank,1.0254431332509784,0.38095238095238093,0.48824473598236917,ENSG00000204371;ENSG00000111642;ENSG00000171720;ENSG00000116478;ENSG00000169375;ENSG00000157483;ENSG00000163872;ENSG00000139289;ENSG00000189091;ENSG00000171148;ENSG00000075624;ENSG00000172534;ENSG00000099817;ENSG00000130726;ENSG00000177700;ENSG00000127616;ENSG00000099956;ENSG00000094916
REACTOME_LAGGING_STRAND_SYNTHESIS,prerank,-1.260331507923606,0.1658512106385648,0.48834270317258727,ENSG00000106399;ENSG00000198056;ENSG00000132646;ENSG00000175482;ENSG00000111445;ENSG00000163918;ENSG00000062822;ENSG00000049541;ENSG00000014138;ENSG00000117748;ENSG00000133119;ENSG00000144749;ENSG00000101868
REACTOME_SIGNALING_BY_CSF1_M_CSF_IN_MYELOID_CELLS,prerank,1.024180473160953,0.4132132132132132,0.4898012718902222,ENSG00000150991;ENSG00000177885;ENSG00000165458
REACTOME_DNA_DAMAGE_TELOMERE_STRESS_INDUCED_SENESCENCE,prerank,-1.26060449489521,0.13773347083763035,0.4898609814651698,ENSG00000145386;ENSG00000189060;ENSG00000123374;ENSG00000175305;ENSG00000246705;ENSG00000111276;ENSG00000105968;ENSG00000113368;ENSG00000102977;ENSG00000124575;ENSG00000092330;ENSG00000168298;ENSG00000184260;ENSG00000111875;ENSG00000147601;ENSG00000149948;ENSG00000188486;ENSG00000197903;ENSG00000158373;ENSG00000196890;ENSG00000104320
REACTOME_CELLULAR_SENESCENCE,prerank,-1.2578994099327732,0.07388548269770343,0.4910647086587868,ENSG00000175063;ENSG00000145386;ENSG00000189060;ENSG00000123374;ENSG00000175305;ENSG00000246705;ENSG00000134954;ENSG00000108984;ENSG00000166484;ENSG00000221983;ENSG00000185386;ENSG00000170315;ENSG00000111752;ENSG00000198176;ENSG00000111276;ENSG00000094880;ENSG00000141552;ENSG00000173894;ENSG00000129355;ENSG00000166295;ENSG00000170142;ENSG00000108106;ENSG00000101412;ENSG00000162889;ENSG00000105968;ENSG00000117676;ENSG00000109339;ENSG00000132510;ENSG00000004897;ENSG00000113368;ENSG00000102977;ENSG00000102882;ENSG00000164162;ENSG00000072401;ENSG00000143947;ENSG00000124575;ENSG00000092330;ENSG00000007968;ENSG00000168298;ENSG00000177189;ENSG00000184260;ENSG00000111875;ENSG00000134686;ENSG00000147601;ENSG00000157557;ENSG00000105810;ENSG00000123080;ENSG00000149948;ENSG00000132475;ENSG00000034152;ENSG00000178691;ENSG00000188486;ENSG00000092847;ENSG00000197903;ENSG00000158373;ENSG00000155363;ENSG00000177606;ENSG00000196890;ENSG00000071054
REACTOME_BLOOD_GROUP_SYSTEMS_BIOSYNTHESIS,prerank,-1.2585216091439833,0.1688670941782975,0.49148784035985854,ENSG00000174951;ENSG00000162630;ENSG00000172461;ENSG00000188672;ENSG00000196371;ENSG00000110080;ENSG00000183778;ENSG00000235863
REACTOME_DEVELOPMENTAL_CELL_LINEAGES_OF_THE_INTEGUMENTARY_SYSTEM,prerank,1.0224851211554493,0.4009950248756219,0.4921834148189719,ENSG00000026508;ENSG00000026025;ENSG00000138798;ENSG00000072274;ENSG00000137203;ENSG00000133392
REACTOME_TRANSCRIPTION_OF_THE_HIV_GENOME,prerank,1.0216428392752828,0.40562248995983935,0.492983503336827,ENSG00000149136;ENSG00000196235;ENSG00000092201;ENSG00000099817;ENSG00000177700;ENSG00000181222;ENSG00000185049
REACTOME_SEROTONIN_NEUROTRANSMITTER_RELEASE_CYCLE,prerank,1.020379417280169,0.41374474053295934,0.4945473589737215,ENSG00000143847;ENSG00000106089;ENSG00000165646
REACTOME_FORMATION_OF_APOPTOSOME,prerank,-1.250589430301634,0.1795624332977588,0.4953516932314063,ENSG00000102882;ENSG00000132906;ENSG00000120868;ENSG00000137831;ENSG00000184047
REACTOME_CONDENSATION_OF_PROMETAPHASE_CHROMOSOMES,prerank,-1.2549867935655958,0.1775938042462278,0.4954748318312978,ENSG00000121152;ENSG00000134057;ENSG00000170312;ENSG00000109805;ENSG00000157456
REACTOME_DISEASES_OF_METABOLISM,prerank,-1.2509220031389077,0.043504653986240385,0.4965884282560786,ENSG00000074181;ENSG00000114646;ENSG00000169105;ENSG00000173546;ENSG00000187566;ENSG00000085998;ENSG00000173402;ENSG00000179085;ENSG00000159921;ENSG00000076716;ENSG00000213420;ENSG00000213930;ENSG00000145808;ENSG00000082684;ENSG00000181523;ENSG00000086848;ENSG00000178814;ENSG00000267673;ENSG00000204386;ENSG00000185761;ENSG00000130287;ENSG00000149541;ENSG00000221983;ENSG00000136378;ENSG00000162512;ENSG00000056998;ENSG00000169919;ENSG00000181143;ENSG00000177239;ENSG00000001084;ENSG00000170315;ENSG00000143382;ENSG00000129255;ENSG00000160323;ENSG00000115884;ENSG00000142798;ENSG00000139428;ENSG00000137700;ENSG00000151348;ENSG00000108784;ENSG00000138413;ENSG00000086062;ENSG00000130707;ENSG00000172269;ENSG00000147257;ENSG00000189221;ENSG00000154734;ENSG00000130714;ENSG00000167972;ENSG00000153406;ENSG00000108479;ENSG00000135677;ENSG00000119523;ENSG00000106809;ENSG00000122863;ENSG00000151611;ENSG00000027847;ENSG00000106392;ENSG00000116704;ENSG00000131873;ENSG00000138061;ENSG00000136908;ENSG00000143947;ENSG00000169814;ENSG00000137992;ENSG00000182858;ENSG00000165102;ENSG00000139329;ENSG00000169738;ENSG00000100031;ENSG00000188157;ENSG00000111012;ENSG00000172339;ENSG00000049192;ENSG00000011465;ENSG00000155016;ENSG00000113273;ENSG00000141012;ENSG00000083123;ENSG00000143891;ENSG00000196839;ENSG00000167775;ENSG00000038427;ENSG00000128567;ENSG00000115275;ENSG00000159063;ENSG00000185499;ENSG00000033011
REACTOME_LYSINE_CATABOLISM,prerank,-1.2470729020172138,0.17938981275369908,0.4971194125608859,ENSG00000008311;ENSG00000103316;ENSG00000188266;ENSG00000164904;ENSG00000105607;ENSG00000179761;ENSG00000109576
REACTOME_KERATAN_SULFATE_BIOSYNTHESIS,prerank,-1.2529251970978457,0.1638328880252611,0.4972884528691238,ENSG00000130958;ENSG00000086062;ENSG00000117411;ENSG00000121578;ENSG00000106809;ENSG00000122863;ENSG00000139329;ENSG00000135702;ENSG00000174684;ENSG00000157350;ENSG00000110080;ENSG00000170340;ENSG00000127083;ENSG00000183196;ENSG00000118276;ENSG00000008513;ENSG00000126091;ENSG00000158850
REACTOME_DCC_MEDIATED_ATTRACTIVE_SIGNALING,prerank,-1.2551422056572603,0.16964516964516965,0.4973019702208159,ENSG00000197122;ENSG00000010810;ENSG00000187323;ENSG00000099204;ENSG00000070831;ENSG00000106299
REACTOME_REPRODUCTION,prerank,-1.2513258605738926,0.10023359524315141,0.49762923766427136,ENSG00000141756;ENSG00000051180;ENSG00000123374;ENSG00000100242;ENSG00000106399;ENSG00000197299;ENSG00000000460;ENSG00000246705;ENSG00000161652;ENSG00000086062;ENSG00000139618;ENSG00000105968;ENSG00000121211;ENSG00000100918;ENSG00000166762;ENSG00000012048;ENSG00000113368;ENSG00000117748;ENSG00000102977;ENSG00000139351;ENSG00000092330;ENSG00000101773;ENSG00000126803;ENSG00000131470;ENSG00000184260;ENSG00000078699;ENSG00000147601;ENSG00000182264;ENSG00000188372;ENSG00000132475;ENSG00000054654;ENSG00000188486;ENSG00000066923;ENSG00000197903;ENSG00000158373;ENSG00000139985;ENSG00000196890;ENSG00000072501;ENSG00000104320;ENSG00000174898;ENSG00000164754;ENSG00000132436;ENSG00000196074;ENSG00000101972;ENSG00000184678;ENSG00000057657;ENSG00000108055;ENSG00000163041;ENSG00000113522;ENSG00000077935;ENSG00000152705
REACTOME_HEME_BIOSYNTHESIS,prerank,-1.2490567244382749,0.18283870967741936,0.4977634051650692,ENSG00000158578;ENSG00000188878;ENSG00000066926;ENSG00000256269;ENSG00000014919;ENSG00000188690;ENSG00000143224;ENSG00000118777
REACTOME_CELL_CYCLE,prerank,-1.2519086979072656,0.005701140228045609,0.4981518802329494,ENSG00000166851;ENSG00000175063;ENSG00000143228;ENSG00000088325;ENSG00000171320;ENSG00000115163;ENSG00000178999;ENSG00000101003;ENSG00000075218;ENSG00000121152;ENSG00000147536;ENSG00000134057;ENSG00000089685;ENSG00000035499;ENSG00000163322;ENSG00000135476;ENSG00000198033;ENSG00000141756;ENSG00000156970;ENSG00000112984;ENSG00000101004;ENSG00000134690;ENSG00000051180;ENSG00000152253;ENSG00000171848;ENSG00000072571;ENSG00000140534;ENSG00000189308;ENSG00000138778;ENSG00000104147;ENSG00000142945;ENSG00000140451;ENSG00000101057;ENSG00000145386;ENSG00000131153;ENSG00000080986;ENSG00000117399;ENSG00000153044;ENSG00000146670;ENSG00000170312;ENSG00000164045;ENSG00000137807;ENSG00000117650;ENSG00000094804;ENSG00000065328;ENSG00000137267;ENSG00000123374;ENSG00000142731;ENSG00000123485;ENSG00000166483;ENSG00000100242;ENSG00000197122;ENSG00000106399;ENSG00000175305;ENSG00000167552;ENSG00000197299;ENSG00000102384;ENSG00000149554;ENSG00000198056;ENSG00000137812;ENSG00000181938;ENSG00000087586;ENSG00000121621;ENSG00000117724;ENSG00000174442;ENSG00000161888;ENSG00000000460;ENSG00000100479;ENSG00000246705;ENSG00000131747;ENSG00000103995;ENSG00000101224;ENSG00000104833;ENSG00000171792;ENSG00000129810;ENSG00000072864;ENSG00000126756;ENSG00000176890;ENSG00000158402;ENSG00000174371;ENSG00000221983;ENSG00000204086;ENSG00000120334;ENSG00000166451;ENSG00000169689;ENSG00000175216;ENSG00000184445;ENSG00000101162;ENSG00000136861;ENSG00000203760;ENSG00000183814;ENSG00000006634;ENSG00000157020;ENSG00000149636;ENSG00000164109;ENSG00000109805;ENSG00000136122;ENSG00000132646;ENSG00000137100;ENSG00000072803;ENSG00000127564;ENSG00000185386;ENSG00000167513;ENSG00000157456;ENSG00000114745;ENSG00000123219;ENSG00000170315;ENSG00000169016;ENSG00000176101;ENSG00000125885;ENSG00000068971;ENSG00000154839;ENSG00000186871;ENSG00000175482;ENSG00000147669;ENSG00000151725;ENSG00000091651;ENSG00000198176;ENSG00000075188;ENSG00000111276;ENSG00000173207;ENSG00000094880;ENSG00000037042;ENSG00000175279;ENSG00000139618;ENSG00000169679;ENSG00000141552;ENSG00000111445;ENSG00000093009;ENSG00000163918;ENSG00000040275;ENSG00000079335;ENSG00000163535;ENSG00000112029;ENSG00000062822;ENSG00000104695;ENSG00000101624;ENSG00000168002;ENSG00000129355;ENSG00000166295;ENSG00000170142;ENSG00000152240;ENSG00000108106;ENSG00000101412;ENSG00000049541;ENSG00000151503;ENSG00000105968;ENSG00000115350;ENSG00000177954;ENSG00000121211;ENSG00000147400;ENSG00000117020;ENSG00000135336;ENSG00000100918;ENSG00000047410;ENSG00000088986;ENSG00000014138;ENSG00000151849;ENSG00000058804;ENSG00000154473;ENSG00000012048;ENSG00000155034;ENSG00000068903;ENSG00000004897;ENSG00000113368;ENSG00000112312;ENSG00000117748;ENSG00000102977;ENSG00000067369;ENSG00000133740;ENSG00000102882;ENSG00000120802;ENSG00000167393;ENSG00000164162;ENSG00000152082;ENSG00000072401;ENSG00000113575;ENSG00000143947;ENSG00000117697;ENSG00000175643;ENSG00000101639;ENSG00000139351;ENSG00000148019;ENSG00000183765;ENSG00000090097;ENSG00000092330;ENSG00000007968;ENSG00000159377;ENSG00000159055;ENSG00000115942;ENSG00000080839;ENSG00000205659;ENSG00000114670;ENSG00000136811;ENSG00000134324;ENSG00000101773;ENSG00000005075;ENSG00000126803;ENSG00000178971;ENSG00000092853;ENSG00000131470;ENSG00000116030;ENSG00000184260;ENSG00000100387;ENSG00000163002;ENSG00000119638;ENSG00000119408;ENSG00000110092;ENSG00000097046;ENSG00000138768;ENSG00000120253;ENSG00000147601;ENSG00000175792;ENSG00000119335;ENSG00000107960;ENSG00000133119;ENSG00000100142;ENSG00000136824;ENSG00000138069;ENSG00000105810;ENSG00000182923;ENSG00000100519;ENSG00000137822;ENSG00000137285;ENSG00000142856;ENSG00000134058;ENSG00000111206;ENSG00000176014;ENSG00000165392;ENSG00000123080
REACTOME_O_LINKED_GLYCOSYLATION,prerank,-1.2481262779664215,0.10386576040781648,0.4983677410886674,ENSG00000165905;ENSG00000085998;ENSG00000173402;ENSG00000145808;ENSG00000082684;ENSG00000185761;ENSG00000136378;ENSG00000181143;ENSG00000143382;ENSG00000160323;ENSG00000178234;ENSG00000154734;ENSG00000144647;ENSG00000130714;ENSG00000136840;ENSG00000237172;ENSG00000185900;ENSG00000106392;ENSG00000136542;ENSG00000158089;ENSG00000186998;ENSG00000049192;ENSG00000100626;ENSG00000141429;ENSG00000173269;ENSG00000185499;ENSG00000215182;ENSG00000174684;ENSG00000133424;ENSG00000173702;ENSG00000157350;ENSG00000073849;ENSG00000143641;ENSG00000110080;ENSG00000171155;ENSG00000181027;ENSG00000087116;ENSG00000176087;ENSG00000257594;ENSG00000169894;ENSG00000170340;ENSG00000162885;ENSG00000158859;ENSG00000186866;ENSG00000184005;ENSG00000164764;ENSG00000187210;ENSG00000159674;ENSG00000140835;ENSG00000176597;ENSG00000187676;ENSG00000118600;ENSG00000009830;ENSG00000164414;ENSG00000118276;ENSG00000008513;ENSG00000126091
REACTOME_REGULATION_OF_MITF_M_DEPENDENT_GENES_INVOLVED_IN_EXTRACELLULAR_MATRIX_FOCAL_ADHESION_AND_EPITHELIAL_TO_MESENCHYMAL_TRANSITION,prerank,-1.247289224372846,0.18031704095112286,0.49869578214081245,ENSG00000089159;ENSG00000106366;ENSG00000148516;ENSG00000181449;ENSG00000164176;ENSG00000170558;ENSG00000130508
REACTOME_ATF4_ACTIVATES_GENES_IN_RESPONSE_TO_ENDOPLASMIC_RETICULUM_STRESS,prerank,-1.252938810843516,0.16247417669218617,0.4995689816306998,ENSG00000162772;ENSG00000108691;ENSG00000140694;ENSG00000153879;ENSG00000051108;ENSG00000120699;ENSG00000077348;ENSG00000107371;ENSG00000171311;ENSG00000178896;ENSG00000075914;ENSG00000083520;ENSG00000172216;ENSG00000066136;ENSG00000001167;ENSG00000123737;ENSG00000118217;ENSG00000120837;ENSG00000169429
REACTOME_PHOSPHOLIPID_METABOLISM,prerank,-1.2410932684037026,0.0670076726342711,0.4999558421289755,ENSG00000102230;ENSG00000185133;ENSG00000062282;ENSG00000121316;ENSG00000163295;ENSG00000185361;ENSG00000180089;ENSG00000100884;ENSG00000103066;ENSG00000119927;ENSG00000129219;ENSG00000105559;ENSG00000110536;ENSG00000100439;ENSG00000133027;ENSG00000143797;ENSG00000168118;ENSG00000148343;ENSG00000087085;ENSG00000130517;ENSG00000185813;ENSG00000103502;ENSG00000170890;ENSG00000176485;ENSG00000110697;ENSG00000153395;ENSG00000171862;ENSG00000186111;ENSG00000111684;ENSG00000166908;ENSG00000168918;ENSG00000133321;ENSG00000069764;ENSG00000144645;ENSG00000177666;ENSG00000003987;ENSG00000105223;ENSG00000138029;ENSG00000116906;ENSG00000144566;ENSG00000117215;ENSG00000134255;ENSG00000183765;ENSG00000088766;ENSG00000204310;ENSG00000006007;ENSG00000176783;ENSG00000106086;ENSG00000123739;ENSG00000100288;ENSG00000100078;ENSG00000134324;ENSG00000102010;ENSG00000163629;ENSG00000100344;ENSG00000102886;ENSG00000116711;ENSG00000105647;ENSG00000011405;ENSG00000167588;ENSG00000156471;ENSG00000143398;ENSG00000078142;ENSG00000085788;ENSG00000026652;ENSG00000178773;ENSG00000091039;ENSG00000214530;ENSG00000132376;ENSG00000180488;ENSG00000085719;ENSG00000108389;ENSG00000070214;ENSG00000169692;ENSG00000087053;ENSG00000141179;ENSG00000168389;ENSG00000185000;ENSG00000116095;ENSG00000184381;ENSG00000101290;ENSG00000158786;ENSG00000051382;ENSG00000123684;ENSG00000152642;ENSG00000104643;ENSG00000158555;ENSG00000138018;ENSG00000183578;ENSG00000163898;ENSG00000162836;ENSG00000139163;ENSG00000038210;ENSG00000180957;ENSG00000143845;ENSG00000130653;ENSG00000135241;ENSG00000153982;ENSG00000186281;ENSG00000159337;ENSG00000052126;ENSG00000100241;ENSG00000111666;ENSG00000172954;ENSG00000121879;ENSG00000141506;ENSG00000241973;ENSG00000115020;ENSG00000198825;ENSG00000164303;ENSG00000040933;ENSG00000155252;ENSG00000176454;ENSG00000174915;ENSG00000103043;ENSG00000204385
REACTOME_PRC2_METHYLATES_HISTONES_AND_DNA,prerank,-1.2414384135855367,0.17276984031696482,0.5011059009016072,ENSG00000246705;ENSG00000008083;ENSG00000187690;ENSG00000105968;ENSG00000112511;ENSG00000184260;ENSG00000132475;ENSG00000088305;ENSG00000178691;ENSG00000188486;ENSG00000197903;ENSG00000158373;ENSG00000196890;ENSG00000102054;ENSG00000184678;ENSG00000162521;ENSG00000163041
REACTOME_BETA_OXIDATION_OF_VERY_LONG_CHAIN_FATTY_ACIDS,prerank,-1.243487008158184,0.18503832936822628,0.5014152420669654,ENSG00000101473;ENSG00000101986;ENSG00000242612;ENSG00000113790;ENSG00000103150;ENSG00000161533;ENSG00000060971
REACTOME_PHASE_4_RESTING_MEMBRANE_POTENTIAL,prerank,1.0162961344484052,0.4190655969797074,0.501685806669713,ENSG00000171303;ENSG00000169427;ENSG00000124780;ENSG00000182450;ENSG00000135750;ENSG00000124249;ENSG00000152315;ENSG00000184261;ENSG00000099337;ENSG00000082482
REACTOME_PHASE_0_RAPID_DEPOLARISATION,prerank,-1.241826633848369,0.17097822163397908,0.5021128145002808,ENSG00000129682;ENSG00000067191;ENSG00000108961;ENSG00000105605;ENSG00000007402;ENSG00000058404;ENSG00000196876;ENSG00000105711;ENSG00000130433;ENSG00000151067;ENSG00000198668;ENSG00000148660;ENSG00000144285;ENSG00000007314;ENSG00000075461;ENSG00000145349
REACTOME_VITAMIN_B5_PANTOTHENATE_METABOLISM,prerank,-1.2424184697232792,0.18410828424614614,0.502507295489846,ENSG00000120509;ENSG00000181035;ENSG00000136960;ENSG00000127125;ENSG00000152782;ENSG00000167799;ENSG00000149313;ENSG00000112303;ENSG00000138621
REACTOME_INFLUENZA_INFECTION,prerank,-1.243821918445533,0.08287464949631322,0.5026123912570601,ENSG00000105640;ENSG00000100836;ENSG00000198755;ENSG00000149806;ENSG00000221983;ENSG00000115268;ENSG00000136942;ENSG00000105372;ENSG00000157020;ENSG00000177600;ENSG00000089157;ENSG00000130255;ENSG00000147669;ENSG00000162244;ENSG00000182899;ENSG00000075188;ENSG00000109475;ENSG00000142541;ENSG00000137818;ENSG00000172809;ENSG00000168002;ENSG00000142676;ENSG00000131469;ENSG00000110700;ENSG00000167526;ENSG00000143799;ENSG00000142534;ENSG00000177954;ENSG00000144713;ENSG00000047410;ENSG00000102580;ENSG00000058804;ENSG00000163923;ENSG00000116251;ENSG00000063177;ENSG00000100316;ENSG00000185088;ENSG00000156482;ENSG00000140988;ENSG00000171858;ENSG00000071082;ENSG00000108298;ENSG00000143947;ENSG00000148303;ENSG00000125691;ENSG00000204389;ENSG00000265681;ENSG00000165496;ENSG00000196911;ENSG00000197728;ENSG00000118181;ENSG00000124614;ENSG00000161016;ENSG00000005075;ENSG00000037241;ENSG00000163002;ENSG00000145592;ENSG00000120253;ENSG00000149273;ENSG00000100142;ENSG00000102753;ENSG00000188846;ENSG00000108107;ENSG00000161970;ENSG00000105193;ENSG00000153201;ENSG00000163584;ENSG00000065150;ENSG00000197756;ENSG00000163882;ENSG00000229117;ENSG00000198242;ENSG00000145425;ENSG00000138326;ENSG00000134419;ENSG00000170889;ENSG00000083845;ENSG00000138750;ENSG00000105258;ENSG00000140986;ENSG00000139496;ENSG00000197958;ENSG00000171863;ENSG00000117228;ENSG00000089009;ENSG00000137154;ENSG00000069248;ENSG00000110713
REACTOME_FGFR1C_LIGAND_BINDING_AND_ACTIVATION,prerank,-1.2440737878340151,0.18541722207411357,0.5040897559000553,ENSG00000129682;ENSG00000077782;ENSG00000069702
REACTOME_DISEASES_ASSOCIATED_WITH_GLYCOSYLATION_PRECURSOR_BIOSYNTHESIS,prerank,1.012282796338956,0.43275388838060386,0.5087414953412838,ENSG00000178802;ENSG00000117308;ENSG00000079739
REACTOME_PURINE_CATABOLISM,prerank,-1.230398942136926,0.1943481053307643,0.5088002798680411,ENSG00000125458;ENSG00000170502;ENSG00000112667;ENSG00000165609;ENSG00000185013;ENSG00000136159;ENSG00000198585;ENSG00000170222
REACTOME_UNBLOCKING_OF_NMDA_RECEPTORS_GLUTAMATE_BINDING_AND_ACTIVATION,prerank,-1.2308172861750308,0.18966595771299888,0.5096739826425367,ENSG00000126787;ENSG00000058404;ENSG00000125675;ENSG00000132535;ENSG00000155511;ENSG00000198668;ENSG00000148660;ENSG00000105464
REACTOME_NEGATIVE_REGULATORS_OF_DDX58_IFIH1_SIGNALING,prerank,-1.234287478470063,0.17080413350754248,0.5098455008180316,ENSG00000160703;ENSG00000221983;ENSG00000107201;ENSG00000170315;ENSG00000181481;ENSG00000127445;ENSG00000131508;ENSG00000072401;ENSG00000143947;ENSG00000182179;ENSG00000109332;ENSG00000106052;ENSG00000078140;ENSG00000197111;ENSG00000068308;ENSG00000057663;ENSG00000138646;ENSG00000156587
REACTOME_RHOB_GTPASE_CYCLE,prerank,-1.237096957029416,0.14511814534106107,0.5100013814091305,ENSG00000240771;ENSG00000242173;ENSG00000147799;ENSG00000035499;ENSG00000122966;ENSG00000079482;ENSG00000050327;ENSG00000161800;ENSG00000160447;ENSG00000123143;ENSG00000183856;ENSG00000076706;ENSG00000011426;ENSG00000114993;ENSG00000160007;ENSG00000131941;ENSG00000088986;ENSG00000177469;ENSG00000110237;ENSG00000145819;ENSG00000139734;ENSG00000101977;ENSG00000198142;ENSG00000105647
REACTOME_REGULATION_OF_TP53_EXPRESSION_AND_DEGRADATION,prerank,-1.2354908559831304,0.17348144646655636,0.510559249750711,ENSG00000036672;ENSG00000145386;ENSG00000170312;ENSG00000123374;ENSG00000167965;ENSG00000221983;ENSG00000170315;ENSG00000119487;ENSG00000104695;ENSG00000117020;ENSG00000113575;ENSG00000143947;ENSG00000183765;ENSG00000118515;ENSG00000142208;ENSG00000113328;ENSG00000140992;ENSG00000186654;ENSG00000164327;ENSG00000198625;ENSG00000105221;ENSG00000057657
REACTOME_EXTRACELLULAR_MATRIX_ORGANIZATION,prerank,-1.231134536895225,0.046941247728649306,0.5108365871689007,ENSG00000204580;ENSG00000106333;ENSG00000136943;ENSG00000157227;ENSG00000129682;ENSG00000166033;ENSG00000087245;ENSG00000149257;ENSG00000123342;ENSG00000102385;ENSG00000173402;ENSG00000140564;ENSG00000168542;ENSG00000090006;ENSG00000134013;ENSG00000172638;ENSG00000197565;ENSG00000076662;ENSG00000204262;ENSG00000077942;ENSG00000115318;ENSG00000113140;ENSG00000150093;ENSG00000077274;ENSG00000130287;ENSG00000138080;ENSG00000134871;ENSG00000101400;ENSG00000127990;ENSG00000166794;ENSG00000162512;ENSG00000135047;ENSG00000143537;ENSG00000102996;ENSG00000119699;ENSG00000107796;ENSG00000108821;ENSG00000115884;ENSG00000142798;ENSG00000166482;ENSG00000106366;ENSG00000099953;ENSG00000110811;ENSG00000135074;ENSG00000168487;ENSG00000154734;ENSG00000091136;ENSG00000142449;ENSG00000117385;ENSG00000134569;ENSG00000049323;ENSG00000168477;ENSG00000005961;ENSG00000101680;ENSG00000049089;ENSG00000182871;ENSG00000138101;ENSG00000107957;ENSG00000163359;ENSG00000130635;ENSG00000142173;ENSG00000160963;ENSG00000171560;ENSG00000105426;ENSG00000092529;ENSG00000158769;ENSG00000162736;ENSG00000162733;ENSG00000154721;ENSG00000164305;ENSG00000196739;ENSG00000164692;ENSG00000142156;ENSG00000138131;ENSG00000170624;ENSG00000161638;ENSG00000140092;ENSG00000035862;ENSG00000113083;ENSG00000139329;ENSG00000188157;ENSG00000163069
REACTOME_CREB1_PHOSPHORYLATION_THROUGH_NMDA_RECEPTOR_MEDIATED_ACTIVATION_OF_RAS_SIGNALING,prerank,-1.2359664275191689,0.18838457784285018,0.5112862534921894,ENSG00000126787;ENSG00000058404;ENSG00000132535;ENSG00000072133;ENSG00000117676;ENSG00000102882;ENSG00000177189;ENSG00000198668;ENSG00000133703;ENSG00000148660;ENSG00000105464;ENSG00000140992;ENSG00000071242;ENSG00000145349;ENSG00000118260;ENSG00000082458
REACTOME_PCNA_DEPENDENT_LONG_PATCH_BASE_EXCISION_REPAIR,prerank,-1.234496214861166,0.18813601389923057,0.511400654673892,ENSG00000106399;ENSG00000100479;ENSG00000132646;ENSG00000175482;ENSG00000111445;ENSG00000163918;ENSG00000062822;ENSG00000049541;ENSG00000115350;ENSG00000117748
REACTOME_ADIPOGENESIS,prerank,1.0101672796404433,0.4391080617495712,0.5120879355120793,ENSG00000111642;ENSG00000171720;ENSG00000198911;ENSG00000116478;ENSG00000153187;ENSG00000105329;ENSG00000112584;ENSG00000176194;ENSG00000169884
REACTOME_O_GLYCOSYLATION_OF_TSR_DOMAIN_CONTAINING_PROTEINS,prerank,-1.2313975622442987,0.1765814583578749,0.512203915582824,ENSG00000145808;ENSG00000082684;ENSG00000185761;ENSG00000136378;ENSG00000143382;ENSG00000160323;ENSG00000154734
REACTOME_ACYL_CHAIN_REMODELLING_OF_PS,prerank,-1.2326080009156928,0.18797460475538405,0.5127904082160867,ENSG00000170890;ENSG00000176485;ENSG00000111684;ENSG00000069764;ENSG00000144645;ENSG00000117215;ENSG00000123739;ENSG00000116711;ENSG00000091039
REACTOME_NOTCH3_INTRACELLULAR_DOMAIN_REGULATES_TRANSCRIPTION,prerank,-1.227376163513544,0.18900427611484422,0.5137925025523893,ENSG00000164434;ENSG00000074181;ENSG00000126787;ENSG00000163909;ENSG00000171611;ENSG00000184384;ENSG00000185630;ENSG00000113645;ENSG00000161021;ENSG00000135547;ENSG00000164683;ENSG00000013619;ENSG00000148400;ENSG00000196782;ENSG00000114315
REACTOME_THE_ACTIVATION_OF_ARYLSULFATASES,prerank,-1.231483118516719,0.19754537145841494,0.5141077848607906,ENSG00000006756;ENSG00000101846;ENSG00000180801;ENSG00000113273;ENSG00000144455;ENSG00000141337;ENSG00000129103;ENSG00000183876
REACTOME_DNA_REPAIR,prerank,-1.2277658827112308,0.05003026023804721,0.5147181119731278,ENSG00000181544;ENSG00000051341;ENSG00000035499;ENSG00000163322;ENSG00000051180;ENSG00000109674;ENSG00000143476;ENSG00000145386;ENSG00000123374;ENSG00000166313;ENSG00000144554;ENSG00000106399;ENSG00000111247;ENSG00000197299;ENSG00000149554;ENSG00000111602;ENSG00000166803;ENSG00000123415;ENSG00000000460;ENSG00000100479;ENSG00000246705;ENSG00000171792;ENSG00000131788;ENSG00000131944;ENSG00000166169;ENSG00000174371;ENSG00000221983;ENSG00000169689;ENSG00000132781;ENSG00000121022;ENSG00000021776;ENSG00000114026;ENSG00000132646;ENSG00000140525;ENSG00000154920;ENSG00000185504;ENSG00000144524;ENSG00000170315;ENSG00000104313;ENSG00000175482;ENSG00000196584;ENSG00000147669;ENSG00000065057;ENSG00000116670;ENSG00000175279;ENSG00000139618;ENSG00000111445;ENSG00000076248;ENSG00000163918;ENSG00000062822;ENSG00000168002;ENSG00000172780;ENSG00000049541;ENSG00000143799;ENSG00000105968;ENSG00000115350;ENSG00000147400;ENSG00000134574;ENSG00000002016;ENSG00000105619;ENSG00000012048;ENSG00000166200;ENSG00000077152;ENSG00000152422;ENSG00000117748;ENSG00000102977;ENSG00000067369;ENSG00000111358;ENSG00000138303;ENSG00000143947;ENSG00000153391;ENSG00000113812;ENSG00000130997;ENSG00000175643;ENSG00000183765;ENSG00000092330;ENSG00000187741;ENSG00000188612;ENSG00000070950;ENSG00000119048;ENSG00000188827;ENSG00000158169;ENSG00000162607;ENSG00000101773;ENSG00000103152;ENSG00000182179;ENSG00000005075;ENSG00000138663;ENSG00000132207;ENSG00000092853;ENSG00000116030;ENSG00000184260;ENSG00000100387;ENSG00000129484;ENSG00000118655;ENSG00000147601;ENSG00000175792;ENSG00000133119;ENSG00000100142;ENSG00000134058;ENSG00000165392;ENSG00000221829;ENSG00000005156;ENSG00000169139;ENSG00000144749;ENSG00000111802;ENSG00000020426;ENSG00000064655;ENSG00000126215;ENSG00000136518;ENSG00000164808;ENSG00000188486;ENSG00000197903;ENSG00000158373;ENSG00000183161;ENSG00000149923;ENSG00000163743;ENSG00000178295;ENSG00000196890;ENSG00000163882;ENSG00000187790;ENSG00000113318;ENSG00000075131;ENSG00000104320;ENSG00000119318;ENSG00000132436;ENSG00000138346;ENSG00000066135;ENSG00000122512;ENSG00000104884;ENSG00000141030;ENSG00000173638;ENSG00000198612;ENSG00000070501;ENSG00000137337;ENSG00000105258
REACTOME_GPCR_LIGAND_BINDING,prerank,1.007645269258954,0.45454545454545453,0.5161533120341921,ENSG00000078369;ENSG00000088826;ENSG00000197746;ENSG00000109606;ENSG00000087460;ENSG00000101327;ENSG00000142192;ENSG00000171509;ENSG00000131096;ENSG00000115596;ENSG00000186188;ENSG00000171049;ENSG00000215644;ENSG00000154342;ENSG00000105989;ENSG00000169676;ENSG00000143125;ENSG00000163501;ENSG00000121853;ENSG00000004948;ENSG00000164129;ENSG00000170425;ENSG00000169884;ENSG00000152034;ENSG00000164690;ENSG00000135925;ENSG00000112164;ENSG00000120088;ENSG00000164220;ENSG00000036828;ENSG00000161921;ENSG00000118702;ENSG00000145708;ENSG00000113889;ENSG00000182687;ENSG00000050628;ENSG00000177464;ENSG00000168959;ENSG00000181408;ENSG00000168081;ENSG00000188064;ENSG00000135346;ENSG00000125730;ENSG00000126353;ENSG00000158748;ENSG00000124818;ENSG00000043591;ENSG00000122679;ENSG00000160013;ENSG00000180739;ENSG00000115353;ENSG00000164128;ENSG00000172724;ENSG00000143816;ENSG00000138039;ENSG00000186810;ENSG00000156234;ENSG00000133019;ENSG00000148604;ENSG00000188710;ENSG00000121807;ENSG00000070031;ENSG00000166603;ENSG00000148734;ENSG00000119973;ENSG00000101188;ENSG00000173432;ENSG00000174600;ENSG00000143185;ENSG00000144891;ENSG00000171388;ENSG00000170820;ENSG00000171873;ENSG00000169618;ENSG00000168229;ENSG00000106113;ENSG00000054277;ENSG00000175591;ENSG00000188778;ENSG00000125084;ENSG00000180871;ENSG00000163421;ENSG00000157005;ENSG00000136928;ENSG00000163394;ENSG00000186469;ENSG00000178394;ENSG00000198049;ENSG00000069696;ENSG00000101200;ENSG00000147571;ENSG00000154764;ENSG00000171517;ENSG00000181195;ENSG00000163606;ENSG00000183840;ENSG00000169252;ENSG00000128165;ENSG00000196352
REACTOME_RNA_POLYMERASE_II_TRANSCRIPTION_TERMINATION,prerank,1.006702080601715,0.44817658349328215,0.5162803211287414,ENSG00000125755;ENSG00000136450;ENSG00000111605;ENSG00000163634;ENSG00000111786
REACTOME_PROTEIN_HYDROXYLATION,prerank,1.0070054423873005,0.4317848410757946,0.5165769940400188,ENSG00000087263;ENSG00000198363;ENSG00000101981
REACTOME_SIGNALING_BY_ERYTHROPOIETIN,prerank,1.005869863585008,0.44109736417428724,0.5170442438038211,ENSG00000177885;ENSG00000174775
REACTOME_SIGNALING_BY_ACTIVIN,prerank,-1.2245887443763197,0.20288008155983178,0.5201588446655151,ENSG00000114739;ENSG00000070404;ENSG00000135503;ENSG00000069702;ENSG00000175550;ENSG00000134363;ENSG00000102882
REACTOME_COLLAGEN_FORMATION,prerank,-1.2224878219291087,0.1398654513888889,0.5223355657771624,ENSG00000106333;ENSG00000136943;ENSG00000149257;ENSG00000168542;ENSG00000134013;ENSG00000197565;ENSG00000204262;ENSG00000115318;ENSG00000134871;ENSG00000166794;ENSG00000135047;ENSG00000108821;ENSG00000110811;ENSG00000168487;ENSG00000117385;ENSG00000049089;ENSG00000182871;ENSG00000163359;ENSG00000130635;ENSG00000142173;ENSG00000160963;ENSG00000196739;ENSG00000164692;ENSG00000142156;ENSG00000138131;ENSG00000113083;ENSG00000060718
REACTOME_ADRENALINE_NORADRENALINE_INHIBITS_INSULIN_SECRETION,prerank,-1.2209595051829143,0.1972121212121212,0.5227802420565877,ENSG00000167535;ENSG00000111664;ENSG00000168243;ENSG00000007402;ENSG00000127920;ENSG00000162188;ENSG00000184160;ENSG00000174233;ENSG00000151067;ENSG00000069966
REACTOME_VIRAL_INFECTION_PATHWAYS,prerank,1.0,1.0,0.5232600106812259,ENSG00000128245;ENSG00000127824;ENSG00000166949;ENSG00000213024;ENSG00000165119;ENSG00000130706;ENSG00000111642;ENSG00000109519;ENSG00000171720;ENSG00000116478;ENSG00000150991;ENSG00000144028;ENSG00000149136;ENSG00000132463;ENSG00000125755;ENSG00000132792;ENSG00000134308;ENSG00000161013;ENSG00000140464;ENSG00000026025;ENSG00000137817;ENSG00000108883;ENSG00000189091;ENSG00000177119;ENSG00000197102;ENSG00000104142;ENSG00000088832;ENSG00000100902;ENSG00000100804;ENSG00000184056;ENSG00000082898;ENSG00000087191;ENSG00000100401;ENSG00000197548;ENSG00000094914;ENSG00000100764;ENSG00000177885;ENSG00000174231;ENSG00000103035;ENSG00000153187;ENSG00000070010;ENSG00000136450;ENSG00000185825;ENSG00000213639;ENSG00000109606;ENSG00000004478;ENSG00000241244;ENSG00000100280;ENSG00000111605;ENSG00000175166;ENSG00000013275;ENSG00000124145;ENSG00000109971;ENSG00000108671;ENSG00000069849;ENSG00000132612;ENSG00000096384;ENSG00000145907;ENSG00000161203;ENSG00000115053;ENSG00000170027;ENSG00000185627;ENSG00000130985;ENSG00000173692;ENSG00000108344;ENSG00000099783;ENSG00000141367;ENSG00000006712;ENSG00000087365;ENSG00000087087;ENSG00000196235;ENSG00000115233;ENSG00000105329;ENSG00000089280;ENSG00000137309;ENSG00000092199;ENSG00000080824;ENSG00000108953;ENSG00000166913;ENSG00000204435;ENSG00000163399;ENSG00000110321;ENSG00000135829;ENSG00000115677;ENSG00000041357;ENSG00000184216;ENSG00000092201;ENSG00000167553;ENSG00000101182;ENSG00000108424;ENSG00000178952;ENSG00000099817;ENSG00000130726;ENSG00000196262;ENSG00000126457;ENSG00000102900;ENSG00000132341;ENSG00000196419;ENSG00000177700;ENSG00000099341;ENSG00000104824;ENSG00000114867;ENSG00000127022;ENSG00000130724;ENSG00000181222;ENSG00000126067;ENSG00000089597;ENSG00000168496;ENSG00000165916;ENSG00000106367;ENSG00000172531;ENSG00000065978;ENSG00000142507;ENSG00000175334;ENSG00000143761;ENSG00000165280;ENSG00000063660;ENSG00000123416;ENSG00000042753;ENSG00000122566;ENSG00000188229;ENSG00000185624;ENSG00000145833;ENSG00000079246;ENSG00000118705;ENSG00000105438;ENSG00000258947;ENSG00000179218;ENSG00000182481;ENSG00000242534;ENSG00000162367;ENSG00000244116;ENSG00000167004;ENSG00000244038;ENSG00000122884;ENSG00000112715;ENSG00000163902;ENSG00000072682
REACTOME_INFECTIOUS_DISEASE,prerank,1.0,1.0,0.5232600106812259,ENSG00000128245;ENSG00000127824;ENSG00000166949;ENSG00000213024;ENSG00000165119;ENSG00000130706;ENSG00000213672;ENSG00000111642;ENSG00000109519;ENSG00000171720;ENSG00000116478;ENSG00000150991;ENSG00000169032;ENSG00000144028;ENSG00000157483;ENSG00000115091;ENSG00000149136;ENSG00000132463;ENSG00000151694;ENSG00000125755;ENSG00000132792;ENSG00000163466;ENSG00000134308;ENSG00000136810;ENSG00000161013;ENSG00000140464;ENSG00000026025;ENSG00000138071;ENSG00000137817;ENSG00000108883;ENSG00000189091;ENSG00000177119;ENSG00000197102;ENSG00000104142;ENSG00000088832;ENSG00000100902;ENSG00000100804;ENSG00000184056;ENSG00000082898;ENSG00000078369;ENSG00000185359;ENSG00000087191;ENSG00000100401;ENSG00000100345;ENSG00000197548;ENSG00000094914;ENSG00000075785;ENSG00000100764;ENSG00000177885;ENSG00000197535;ENSG00000106089;ENSG00000174231;ENSG00000103035;ENSG00000153187;ENSG00000070010;ENSG00000136450;ENSG00000185825;ENSG00000213639;ENSG00000109606;ENSG00000004478;ENSG00000241244;ENSG00000100280;ENSG00000111605;ENSG00000175166;ENSG00000013275;ENSG00000124145;ENSG00000109971;ENSG00000108671;ENSG00000069849;ENSG00000132612;ENSG00000096384;ENSG00000145907;ENSG00000161203;ENSG00000115053;ENSG00000170027;ENSG00000185627;ENSG00000184009;ENSG00000087460;ENSG00000130985;ENSG00000173692;ENSG00000108344;ENSG00000099783;ENSG00000141367;ENSG00000006712;ENSG00000087365;ENSG00000087087;ENSG00000196235;ENSG00000115233;ENSG00000105329;ENSG00000089280;ENSG00000137309;ENSG00000092199;ENSG00000080824;ENSG00000108953;ENSG00000166913;ENSG00000204435;ENSG00000163399;ENSG00000075624;ENSG00000110321;ENSG00000135829;ENSG00000115677;ENSG00000041357;ENSG00000184216;ENSG00000092201;ENSG00000167553;ENSG00000254999;ENSG00000101182;ENSG00000108424;ENSG00000178952;ENSG00000099817;ENSG00000130726;ENSG00000196262;ENSG00000126457;ENSG00000102900;ENSG00000132341;ENSG00000196419;ENSG00000177700;ENSG00000099341;ENSG00000104824;ENSG00000074800;ENSG00000114867;ENSG00000102144;ENSG00000127022;ENSG00000130724;ENSG00000181222;ENSG00000126067;ENSG00000089597;ENSG00000168496;ENSG00000165916;ENSG00000130429;ENSG00000106367;ENSG00000172531;ENSG00000065978;ENSG00000142507;ENSG00000108946;ENSG00000241685;ENSG00000175334;ENSG00000143761;ENSG00000165280;ENSG00000063660;ENSG00000123416;ENSG00000042753;ENSG00000072062;ENSG00000122566;ENSG00000160014;ENSG00000188229;ENSG00000185624;ENSG00000145833;ENSG00000079246;ENSG00000118705;ENSG00000105438;ENSG00000258947;ENSG00000179218;ENSG00000182481;ENSG00000142192;ENSG00000242534;ENSG00000162367;ENSG00000244116;ENSG00000167004;ENSG00000244038;ENSG00000241553;ENSG00000122884;ENSG00000112715;ENSG00000163902;ENSG00000072682
REACTOME_ADAPTIVE_IMMUNE_SYSTEM,prerank,1.0,1.0,0.5232600106812259,ENSG00000077549;ENSG00000127824;ENSG00000064726;ENSG00000126214;ENSG00000125753;ENSG00000130706;ENSG00000170633;ENSG00000009335;ENSG00000150991;ENSG00000131653;ENSG00000157450;ENSG00000141279;ENSG00000159202;ENSG00000103653;ENSG00000197102;ENSG00000175931;ENSG00000088832;ENSG00000100902;ENSG00000100804;ENSG00000079805;ENSG00000087191;ENSG00000197548;ENSG00000099364;ENSG00000075785;ENSG00000175203;ENSG00000100764;ENSG00000177885;ENSG00000103035;ENSG00000185825;ENSG00000241244;ENSG00000100280;ENSG00000175166;ENSG00000013275;ENSG00000108671;ENSG00000161203;ENSG00000170027;ENSG00000185627;ENSG00000130985;ENSG00000174775;ENSG00000173692;ENSG00000108344;ENSG00000141367;ENSG00000117984;ENSG00000115233;ENSG00000164733;ENSG00000166913;ENSG00000204435;ENSG00000082781;ENSG00000115073;ENSG00000064601;ENSG00000138107;ENSG00000041357;ENSG00000198898;ENSG00000100644;ENSG00000167553;ENSG00000101182;ENSG00000196262;ENSG00000132432;ENSG00000099341;ENSG00000127022;ENSG00000126067;ENSG00000165916;ENSG00000105568;ENSG00000106367;ENSG00000204843;ENSG00000142507;ENSG00000143761;ENSG00000165280;ENSG00000123416;ENSG00000042753;ENSG00000072062;ENSG00000188229;ENSG00000118705;ENSG00000258947;ENSG00000179218;ENSG00000242534;ENSG00000244116;ENSG00000167004;ENSG00000244038;ENSG00000135506;ENSG00000163902;ENSG00000239571;ENSG00000109906;ENSG00000243290;ENSG00000240382;ENSG00000167613;ENSG00000243238;ENSG00000168995;ENSG00000234745;ENSG00000203747;ENSG00000239961;ENSG00000105366;ENSG00000172116;ENSG00000241351;ENSG00000211790
REACTOME_CELLULAR_RESPONSES_TO_STIMULI,prerank,1.0,1.0,0.5232600106812259,ENSG00000077549;ENSG00000127824;ENSG00000213024;ENSG00000131100;ENSG00000137076;ENSG00000204371;ENSG00000130706;ENSG00000129521;ENSG00000171720;ENSG00000114573;ENSG00000169375;ENSG00000150991;ENSG00000033050;ENSG00000158941;ENSG00000035403;ENSG00000147416;ENSG00000135766;ENSG00000136810;ENSG00000159720;ENSG00000160211;ENSG00000138798;ENSG00000165672;ENSG00000108846;ENSG00000103222;ENSG00000196365;ENSG00000197102;ENSG00000100902;ENSG00000100804;ENSG00000087274;ENSG00000082898;ENSG00000078369;ENSG00000087191;ENSG00000089154;ENSG00000181019;ENSG00000099991;ENSG00000094914;ENSG00000182718;ENSG00000175203;ENSG00000100764;ENSG00000107159;ENSG00000103035;ENSG00000070010;ENSG00000004478;ENSG00000175166;ENSG00000013275;ENSG00000177156;ENSG00000109971;ENSG00000108671;ENSG00000096384;ENSG00000168439;ENSG00000185627;ENSG00000087460;ENSG00000173692;ENSG00000114738;ENSG00000254986;ENSG00000108344;ENSG00000115233;ENSG00000137309;ENSG00000080824;ENSG00000108953;ENSG00000204435;ENSG00000170606;ENSG00000185883;ENSG00000126432;ENSG00000138107;ENSG00000041357;ENSG00000072778;ENSG00000166598;ENSG00000198898;ENSG00000100644;ENSG00000160789;ENSG00000167553;ENSG00000197930;ENSG00000101182;ENSG00000178741;ENSG00000102900;ENSG00000084207;ENSG00000099341;ENSG00000104687;ENSG00000142657;ENSG00000126067;ENSG00000126267;ENSG00000165916;ENSG00000105568;ENSG00000126247;ENSG00000204843;ENSG00000142507;ENSG00000108946;ENSG00000165280;ENSG00000123416;ENSG00000072062;ENSG00000188229;ENSG00000185624;ENSG00000117450;ENSG00000132383;ENSG00000143321;ENSG00000167815;ENSG00000258947;ENSG00000179218;ENSG00000230989;ENSG00000205358;ENSG00000112715;ENSG00000162909;ENSG00000125144
REACTOME_FOXO_MEDIATED_TRANSCRIPTION_OF_CELL_DEATH_GENES,prerank,-1.2226053080136288,0.2055038858453306,0.5240997874971596,ENSG00000158828;ENSG00000105327;ENSG00000118046;ENSG00000117560;ENSG00000150907;ENSG00000184481;ENSG00000113916;ENSG00000066136;ENSG00000001167;ENSG00000120837;ENSG00000100393;ENSG00000118689
REACTOME_NEGATIVE_EPIGENETIC_REGULATION_OF_RRNA_EXPRESSION,prerank,1.0016977316177564,0.45233463035019456,0.5243450831174189,ENSG00000116478;ENSG00000169375;ENSG00000189091;ENSG00000099817;ENSG00000177700
REACTOME_MTORC1_MEDIATED_SIGNALLING,prerank,0.9989489857483708,0.4554865424430642,0.5244534611970213,ENSG00000088832;ENSG00000166913;ENSG00000114867
REACTOME_REPRESSION_OF_WNT_TARGET_GENES,prerank,-1.2209929277328502,0.21224755700325734,0.5247957636885837,ENSG00000065717;ENSG00000081059;ENSG00000152284;ENSG00000104964;ENSG00000196781;ENSG00000175029;ENSG00000159692
REACTOME_DAP12_SIGNALING,prerank,1.000910904392511,0.451685393258427,0.5249972212031414,ENSG00000177885;ENSG00000174775
REACTOME_METHYLATION,prerank,0.9972549237368821,0.4392156862745098,0.5268333592271537,ENSG00000101444;ENSG00000148834
REACTOME_DOWNREGULATION_OF_ERBB2_ERBB3_SIGNALING,prerank,-1.2158979583128557,0.20770234986945169,0.5276917674683675,ENSG00000141736;ENSG00000221983;ENSG00000170315;ENSG00000117020;ENSG00000143947;ENSG00000181852;ENSG00000138592;ENSG00000142208
REACTOME_DEGRADATION_OF_CYSTEINE_AND_HOMOCYSTEINE,prerank,-1.2162325244755479,0.21071800208116545,0.5287734690099878,ENSG00000215845;ENSG00000105755;ENSG00000183048;ENSG00000128311;ENSG00000137767;ENSG00000128309
REACTOME_VISUAL_PHOTOTRANSDUCTION,prerank,-1.2148001230000116,0.15055278560589638,0.52898030825697,ENSG00000076716;ENSG00000213420;ENSG00000137868;ENSG00000197223;ENSG00000140522;ENSG00000162512;ENSG00000116745;ENSG00000114115;ENSG00000115884;ENSG00000142798;ENSG00000130203;ENSG00000128617;ENSG00000147257;ENSG00000101412;ENSG00000145476;ENSG00000185527;ENSG00000130164;ENSG00000060709;ENSG00000204444;ENSG00000257365;ENSG00000188157;ENSG00000114349;ENSG00000130561;ENSG00000110244;ENSG00000136448;ENSG00000152465;ENSG00000197324;ENSG00000069966;ENSG00000198668
REACTOME_FRS_MEDIATED_FGFR3_SIGNALING,prerank,0.9956955607057871,0.4673433362753751,0.5290994425071011,ENSG00000177885;ENSG00000174775
REACTOME_REGULATION_OF_CHOLESTEROL_BIOSYNTHESIS_BY_SREBP_SREBF,prerank,-1.216469793503431,0.17411684005944894,0.5301365573649057,ENSG00000150961;ENSG00000076555;ENSG00000119927;ENSG00000082014;ENSG00000172893;ENSG00000149809;ENSG00000163344;ENSG00000101849;ENSG00000104549;ENSG00000079459;ENSG00000186480;ENSG00000160285;ENSG00000100934;ENSG00000110921;ENSG00000167508;ENSG00000067064;ENSG00000196132;ENSG00000112972
REACTOME_TP53_REGULATES_TRANSCRIPTION_OF_CASPASE_ACTIVATORS_AND_CASPASES,prerank,-1.2134499089875004,0.20792731103502765,0.5309969072330231,ENSG00000138794;ENSG00000169372;ENSG00000003400;ENSG00000120868;ENSG00000073282;ENSG00000177595
REACTOME_TP53_REGULATES_TRANSCRIPTION_OF_GENES_INVOLVED_IN_CYTOCHROME_C_RELEASE,prerank,-1.2175183291680807,0.20790848047749316,0.5311599189098154,ENSG00000087088;ENSG00000042286;ENSG00000015475;ENSG00000105327;ENSG00000141391;ENSG00000164938;ENSG00000170855;ENSG00000088808;ENSG00000141682;ENSG00000169230;ENSG00000073282
REACTOME_TRANSCRIPTIONAL_REGULATION_BY_SMALL_RNAS,prerank,0.993737668755473,0.47462096242584045,0.5320713652354166,ENSG00000099817;ENSG00000132341;ENSG00000177700;ENSG00000181222
REACTOME_NUCLEAR_SIGNALING_BY_ERBB4,prerank,-1.2165154717120295,0.19932595089070776,0.5321202968069836,ENSG00000197122;ENSG00000113140;ENSG00000123933;ENSG00000117632;ENSG00000205155;ENSG00000130203;ENSG00000138613;ENSG00000162736;ENSG00000137693
REACTOME_DAP12_INTERACTIONS,prerank,0.9929280856069485,0.46055045871559636,0.5327672275739779,ENSG00000177885;ENSG00000174775;ENSG00000234745;ENSG00000254415;ENSG00000178789
REACTOME_FRS_MEDIATED_FGFR4_SIGNALING,prerank,0.9920224278324951,0.46420631391729655,0.5327917850629669,ENSG00000177885;ENSG00000174775
REACTOME_FRS_MEDIATED_FGFR2_SIGNALING,prerank,0.992340183996823,0.467622343054869,0.5330624458528693,ENSG00000177885;ENSG00000174775;ENSG00000186895;ENSG00000075388
REACTOME_CHROMATIN_ORGANIZATION,prerank,0.9906719547545362,0.5165562913907285,0.534557112210013,ENSG00000204371;ENSG00000111642;ENSG00000171720;ENSG00000116478;ENSG00000163872;ENSG00000189091;ENSG00000171148;ENSG00000075624;ENSG00000172534;ENSG00000183207;ENSG00000124422;ENSG00000126457;ENSG00000127616;ENSG00000099956
REACTOME_SUMOYLATION_OF_SUMOYLATION_PROTEINS,prerank,0.9869033879575116,0.4844641724793913,0.540389066791027,ENSG00000213024;ENSG00000094914;ENSG00000102900
REACTOME_CARNITINE_SHUTTLE,prerank,-1.2063382402111353,0.22665281205351345,0.5404228816552106,ENSG00000178537;ENSG00000076555;ENSG00000165175;ENSG00000157184;ENSG00000110090
REACTOME_GENE_SILENCING_BY_RNA,prerank,0.9869066664761886,0.5015015015015015,0.5412820240199065,ENSG00000006744;ENSG00000080824;ENSG00000099817;ENSG00000132341;ENSG00000177700;ENSG00000181222
REACTOME_SIGNALING_BY_HIPPO,prerank,-1.2066303624783505,0.21485943775100402,0.5416129131726699,ENSG00000018408;ENSG00000126016;ENSG00000114019;ENSG00000166025;ENSG00000164305;ENSG00000114978;ENSG00000137693;ENSG00000150457;ENSG00000113645
REACTOME_RNA_POLYMERASE_I_TRANSCRIPTION,prerank,0.9857123863256304,0.46897253306205494,0.5418454953978447,ENSG00000204371;ENSG00000111642;ENSG00000116478;ENSG00000099817;ENSG00000177700
REACTOME_SYNTHESIS_OF_PYROPHOSPHATES_IN_THE_CYTOSOL,prerank,-1.2083282521791043,0.21559204378587637,0.5426144065552932,ENSG00000122824;ENSG00000196368
REACTOME_ACTIVATED_PKN1_STIMULATES_TRANSCRIPTION_OF_AR_ANDROGEN_RECEPTOR_REGULATED_GENES_KLK2_AND_KLK3,prerank,-1.2066765656669645,0.21752450980392157,0.5435564106797538,ENSG00000246705;ENSG00000123143;ENSG00000105968;ENSG00000184260;ENSG00000132475;ENSG00000188486;ENSG00000197903;ENSG00000158373;ENSG00000196890;ENSG00000140396;ENSG00000184678;ENSG00000163041;ENSG00000004487;ENSG00000124635;ENSG00000146047;ENSG00000180596;ENSG00000167751
REACTOME_CD28_DEPENDENT_PI3K_AKT_SIGNALING,prerank,-1.1912494306406431,0.23104426088028604,0.5442546387491306,ENSG00000167965;ENSG00000119487;ENSG00000117020;ENSG00000010810;ENSG00000105647;ENSG00000142208;ENSG00000140992;ENSG00000186654;ENSG00000101255;ENSG00000164327;ENSG00000051382;ENSG00000105221;ENSG00000121879;ENSG00000141506
REACTOME_O_LINKED_GLYCOSYLATION_OF_MUCINS,prerank,-1.2084759825658824,0.18125070934059698,0.544275969844891,ENSG00000181143;ENSG00000178234;ENSG00000136840;ENSG00000237172;ENSG00000106392;ENSG00000136542;ENSG00000158089;ENSG00000100626;ENSG00000141429;ENSG00000185499;ENSG00000215182;ENSG00000174684;ENSG00000173702;ENSG00000157350;ENSG00000073849;ENSG00000143641;ENSG00000110080;ENSG00000171155;ENSG00000257594;ENSG00000169894;ENSG00000170340;ENSG00000184005;ENSG00000187210;ENSG00000140835;ENSG00000176597;ENSG00000118276;ENSG00000008513;ENSG00000126091
REACTOME_DUAL_INCISION_IN_GG_NER,prerank,-1.20710178842289,0.1946065841699743,0.5443489747250021,ENSG00000106399;ENSG00000100479;ENSG00000221983;ENSG00000132646;ENSG00000170315;ENSG00000175482;ENSG00000111445;ENSG00000163918;ENSG00000062822;ENSG00000049541;ENSG00000143799;ENSG00000115350;ENSG00000134574;ENSG00000117748;ENSG00000111358;ENSG00000143947;ENSG00000100387;ENSG00000129484;ENSG00000133119
REACTOME_PI3K_AKT_SIGNALING_IN_CANCER,prerank,-1.2043598655808212,0.15193815097175992,0.5444652050629366,ENSG00000129682;ENSG00000141736;ENSG00000197122;ENSG00000066468;ENSG00000167965;ENSG00000077782;ENSG00000163600;ENSG00000175634;ENSG00000156427;ENSG00000111276;ENSG00000119487;ENSG00000002330;ENSG00000171862;ENSG00000117020;ENSG00000068078;ENSG00000160867;ENSG00000010810;ENSG00000176697;ENSG00000140538;ENSG00000128340;ENSG00000169047;ENSG00000132906;ENSG00000105647;ENSG00000113070;ENSG00000142208;ENSG00000033327;ENSG00000177105;ENSG00000113721;ENSG00000225950;ENSG00000140009;ENSG00000150907;ENSG00000184481;ENSG00000090554;ENSG00000140992;ENSG00000179295;ENSG00000115808;ENSG00000186654;ENSG00000164327;ENSG00000185950;ENSG00000101464;ENSG00000051382;ENSG00000140285;ENSG00000105221
REACTOME_PRE_NOTCH_EXPRESSION_AND_PROCESSING,prerank,-1.19166338029463,0.18713255684969496,0.5449278849550527,ENSG00000074181;ENSG00000140564;ENSG00000169733;ENSG00000159216;ENSG00000246705;ENSG00000184384;ENSG00000198176;ENSG00000086062;ENSG00000086598;ENSG00000101412;ENSG00000105968;ENSG00000196296;ENSG00000184260;ENSG00000110092;ENSG00000161021;ENSG00000132475;ENSG00000188486;ENSG00000092847;ENSG00000197903;ENSG00000158373;ENSG00000110080;ENSG00000155363;ENSG00000177606;ENSG00000196890;ENSG00000013619;ENSG00000148400;ENSG00000163435;ENSG00000071537;ENSG00000184678;ENSG00000101346;ENSG00000196782;ENSG00000163041;ENSG00000106003;ENSG00000126070;ENSG00000100354;ENSG00000134250;ENSG00000124635;ENSG00000175582;ENSG00000146047;ENSG00000197561;ENSG00000126091;ENSG00000180596;ENSG00000100603;ENSG00000141510
REACTOME_METABOLISM_OF_STEROIDS,prerank,-1.193411105013071,0.1383399209486166,0.54550211615999,ENSG00000150961;ENSG00000076555;ENSG00000119927;ENSG00000082014;ENSG00000172893;ENSG00000147155;ENSG00000267673;ENSG00000141447;ENSG00000188878;ENSG00000006025;ENSG00000149809;ENSG00000100300;ENSG00000163344;ENSG00000101849;ENSG00000104549;ENSG00000079459;ENSG00000186480;ENSG00000101846;ENSG00000205808;ENSG00000101473;ENSG00000117859;ENSG00000160285;ENSG00000100934;ENSG00000145545;ENSG00000110921;ENSG00000167508;ENSG00000100600;ENSG00000067064;ENSG00000196132;ENSG00000099377;ENSG00000010270;ENSG00000112972;ENSG00000172345;ENSG00000052802;ENSG00000104826;ENSG00000131748;ENSG00000111012;ENSG00000188612;ENSG00000176986;ENSG00000116133;ENSG00000157978;ENSG00000122787;ENSG00000140943
REACTOME_DEFENSINS,prerank,0.983336549875305,0.4808259587020649,0.5456524779440813,ENSG00000239839;ENSG00000204548;ENSG00000164821;ENSG00000186146;ENSG00000137462;ENSG00000121807;ENSG00000164822
REACTOME_CO_INHIBITION_BY_CTLA4,prerank,-1.1919218047247375,0.23071170385142714,0.5460870929660961,ENSG00000197122;ENSG00000068971;ENSG00000104695;ENSG00000117020;ENSG00000113575;ENSG00000010810;ENSG00000142208;ENSG00000066027;ENSG00000179295;ENSG00000176105;ENSG00000105221;ENSG00000154001
REACTOME_BIOTIN_TRANSPORT_AND_METABOLISM,prerank,-1.1899582689955295,0.2407531045533449,0.5462206821767697,ENSG00000076555;ENSG00000120509;ENSG00000169814;ENSG00000128567
REACTOME_MOLECULES_ASSOCIATED_WITH_ELASTIC_FIBRES,prerank,-1.192191940322356,0.21485066698146618,0.5472163847433374,ENSG00000090006;ENSG00000172638;ENSG00000077942;ENSG00000150093;ENSG00000138080;ENSG00000119699;ENSG00000166482;ENSG00000142449;ENSG00000049323;ENSG00000140092;ENSG00000105855;ENSG00000125965;ENSG00000138448;ENSG00000117122;ENSG00000197614;ENSG00000138829;ENSG00000037749
REACTOME_DEFECTS_IN_COBALAMIN_B12_METABOLISM,prerank,-1.1934246174207082,0.2373013805678562,0.5474296167753483,ENSG00000139428;ENSG00000151611;ENSG00000167775;ENSG00000119688;ENSG00000146085;ENSG00000185339;ENSG00000107611;ENSG00000168288;ENSG00000132763;ENSG00000116984;ENSG00000168216
REACTOME_CS_DS_DEGRADATION,prerank,-1.1867179960719145,0.2443665498247371,0.5482849405712575,ENSG00000114646;ENSG00000173546;ENSG00000130287;ENSG00000169919;ENSG00000186792;ENSG00000011465;ENSG00000113273;ENSG00000038427;ENSG00000149328;ENSG00000163521;ENSG00000010404;ENSG00000182492;ENSG00000106302
REACTOME_MITOCHONDRIAL_MRNA_MODIFICATION,prerank,-1.183564722893491,0.2429317968645317,0.5482878185888397,ENSG00000156990;ENSG00000182768;ENSG00000119705;ENSG00000138095;ENSG00000156469;ENSG00000171103;ENSG00000118246;ENSG00000107951;ENSG00000167112
REACTOME_ACTIVATION_OF_THE_AP_1_FAMILY_OF_TRANSCRIPTION_FACTORS,prerank,-1.1937645942919357,0.2376971821491169,0.5483510832695927,ENSG00000185386;ENSG00000109339;ENSG00000102882;ENSG00000177606;ENSG00000112062
REACTOME_TRNA_MODIFICATION_IN_THE_NUCLEUS_AND_CYTOSOL,prerank,-1.1873251580918718,0.21518105849582173,0.548396223996194,ENSG00000165118;ENSG00000145996;ENSG00000144034;ENSG00000173113;ENSG00000162623;ENSG00000196976;ENSG00000136628;ENSG00000066651;ENSG00000145331;ENSG00000162971;ENSG00000068438;ENSG00000137760;ENSG00000198874;ENSG00000167264;ENSG00000183665;ENSG00000174177;ENSG00000167118;ENSG00000160193;ENSG00000037897;ENSG00000110060;ENSG00000089195;ENSG00000091127;ENSG00000122435;ENSG00000113272;ENSG00000172315;ENSG00000241058;ENSG00000250305;ENSG00000037474;ENSG00000189007;ENSG00000065457;ENSG00000213638;ENSG00000151576;ENSG00000142544;ENSG00000155275;ENSG00000043514;ENSG00000092094;ENSG00000168806;ENSG00000213339;ENSG00000107614;ENSG00000126814;ENSG00000166166;ENSG00000104907
REACTOME_YAP1_AND_WWTR1_TAZ_STIMULATED_GENE_EXPRESSION,prerank,-1.184682852951721,0.24850221411825996,0.5486939631236298,ENSG00000018408;ENSG00000197905;ENSG00000136574;ENSG00000137693;ENSG00000118523;ENSG00000007866;ENSG00000074219;ENSG00000175206;ENSG00000064393
REACTOME_DNA_METHYLATION,prerank,-1.1840058774793918,0.24662837162837162,0.548832151005414,ENSG00000246705;ENSG00000105968;ENSG00000184260;ENSG00000132475;ENSG00000088305;ENSG00000188486;ENSG00000197903;ENSG00000158373;ENSG00000196890;ENSG00000184678;ENSG00000163041;ENSG00000124635;ENSG00000146047;ENSG00000180596;ENSG00000130816
REACTOME_CRMPS_IN_SEMA3A_SIGNALING,prerank,-1.1881331723090922,0.24322240781189772,0.549795859431285,ENSG00000130827;ENSG00000010810;ENSG00000113657;ENSG00000157851;ENSG00000164885;ENSG00000075213;ENSG00000151640;ENSG00000072832
REACTOME_OXIDATIVE_STRESS_INDUCED_SENESCENCE,prerank,-1.1874313287693719,0.192850114791735,0.5499918028191205,ENSG00000246705;ENSG00000108984;ENSG00000221983;ENSG00000185386;ENSG00000170315;ENSG00000111752;ENSG00000198176;ENSG00000173894;ENSG00000129355;ENSG00000101412;ENSG00000162889;ENSG00000105968;ENSG00000109339;ENSG00000132510;ENSG00000102882;ENSG00000143947;ENSG00000007968;ENSG00000184260;ENSG00000134686;ENSG00000105810;ENSG00000123080;ENSG00000132475;ENSG00000034152;ENSG00000178691;ENSG00000188486;ENSG00000092847;ENSG00000197903;ENSG00000158373;ENSG00000155363;ENSG00000177606;ENSG00000196890;ENSG00000071054;ENSG00000112062;ENSG00000198625;ENSG00000102054;ENSG00000184678;ENSG00000162521;ENSG00000163041;ENSG00000065559;ENSG00000126070;ENSG00000173889;ENSG00000100354;ENSG00000141582;ENSG00000010803;ENSG00000135679;ENSG00000204227;ENSG00000121481
REACTOME_DEFECTS_IN_VITAMIN_AND_COFACTOR_METABOLISM,prerank,-1.1848307058912924,0.24280194440982175,0.5501596870273479,ENSG00000139428;ENSG00000151611;ENSG00000169814;ENSG00000167775;ENSG00000128567;ENSG00000119688;ENSG00000146085;ENSG00000185339;ENSG00000107611;ENSG00000168288;ENSG00000131844;ENSG00000132763;ENSG00000159267;ENSG00000116984;ENSG00000168216
REACTOME_TERMINATION_OF_O_GLYCAN_BIOSYNTHESIS,prerank,-1.1938270803469249,0.2287662740235586,0.5501598698084382,ENSG00000181143;ENSG00000136840;ENSG00000185499;ENSG00000215182;ENSG00000173702;ENSG00000157350;ENSG00000073849;ENSG00000110080;ENSG00000169894;ENSG00000184005
REACTOME_EGR2_AND_SOX10_MEDIATED_INITIATION_OF_SCHWANN_CELL_MYELINATION,prerank,-1.1941466981760267,0.22557575757575757,0.551193993379225,ENSG00000102385;ENSG00000100146;ENSG00000173402;ENSG00000018408;ENSG00000091136;ENSG00000122877;ENSG00000105227;ENSG00000137693;ENSG00000164199;ENSG00000196569;ENSG00000135862;ENSG00000138386;ENSG00000176894;ENSG00000104884;ENSG00000113161;ENSG00000152818;ENSG00000112414
REACTOME_S_PHASE,prerank,-1.1849001784217912,0.15279219431181232,0.5518658653308527,ENSG00000175063;ENSG00000171320;ENSG00000101003;ENSG00000147536;ENSG00000189308;ENSG00000145386;ENSG00000131153;ENSG00000146670;ENSG00000164045;ENSG00000094804;ENSG00000123374;ENSG00000166483;ENSG00000106399;ENSG00000175305;ENSG00000198056;ENSG00000181938;ENSG00000100479;ENSG00000101224;ENSG00000126756;ENSG00000221983;ENSG00000183814;ENSG00000132646;ENSG00000167513;ENSG00000170315;ENSG00000125885;ENSG00000175482;ENSG00000091651;ENSG00000198176;ENSG00000111276;ENSG00000173207;ENSG00000094880;ENSG00000141552;ENSG00000111445;ENSG00000093009;ENSG00000163918;ENSG00000062822;ENSG00000166295;ENSG00000170142;ENSG00000108106;ENSG00000101412;ENSG00000049541;ENSG00000115350;ENSG00000117020;ENSG00000135336;ENSG00000014138;ENSG00000004897;ENSG00000112312;ENSG00000117748;ENSG00000133740;ENSG00000164162;ENSG00000072401;ENSG00000143947
REACTOME_NOTCH2_ACTIVATION_AND_TRANSMISSION_OF_SIGNAL_TO_THE_NUCLEUS,prerank,-1.1951633068323844,0.2250370736529906,0.5521042534493561,ENSG00000221983;ENSG00000110492;ENSG00000170315;ENSG00000205155;ENSG00000138613;ENSG00000198719;ENSG00000162736;ENSG00000214357;ENSG00000143947
REACTOME_SIALIC_ACID_METABOLISM,prerank,-1.2009920165897265,0.21535334210211646,0.5527095262709578,ENSG00000159921;ENSG00000204386;ENSG00000177511;ENSG00000111726;ENSG00000136840;ENSG00000119899;ENSG00000095380;ENSG00000115525;ENSG00000157350;ENSG00000073849;ENSG00000110080
REACTOME_MITOCHONDRIAL_FATTY_ACID_BETA_OXIDATION,prerank,-1.1956141984384425,0.21811284969179706,0.5527668482462582,ENSG00000176244;ENSG00000167107;ENSG00000167969;ENSG00000005187;ENSG00000122971;ENSG00000155368;ENSG00000138796;ENSG00000151611;ENSG00000138029;ENSG00000124370;ENSG00000167315;ENSG00000004779;ENSG00000100294;ENSG00000123130;ENSG00000112304;ENSG00000111271;ENSG00000116353;ENSG00000141179;ENSG00000146085
REACTOME_INTEGRIN_CELL_SURFACE_INTERACTIONS,prerank,-1.2001982630227683,0.16995745609250573,0.5530669676059373,ENSG00000168542;ENSG00000197565;ENSG00000076662;ENSG00000204262;ENSG00000150093;ENSG00000134871;ENSG00000108821;ENSG00000142798;ENSG00000005961;ENSG00000049089;ENSG00000182871;ENSG00000163359;ENSG00000130635;ENSG00000142173;ENSG00000171560;ENSG00000158769;ENSG00000154721;ENSG00000164692;ENSG00000142156;ENSG00000161638;ENSG00000139329;ENSG00000188157;ENSG00000105855
REACTOME_REPLACEMENT_OF_PROTAMINES_BY_NUCLEOSOMES_IN_THE_MALE_PRONUCLEUS,prerank,-1.1941640063603738,0.23359482007222016,0.5531580121312993,ENSG00000096063;ENSG00000178804;ENSG00000132475;ENSG00000181038;ENSG00000188486;ENSG00000197903;ENSG00000158373;ENSG00000196890;ENSG00000122304;ENSG00000175646;ENSG00000184678;ENSG00000163041;ENSG00000124635;ENSG00000146047;ENSG00000180596
REACTOME_PRE_NOTCH_PROCESSING_IN_GOLGI,prerank,-1.195994140264151,0.22726699457686972,0.5536495589624677,ENSG00000074181;ENSG00000140564;ENSG00000169733;ENSG00000086062;ENSG00000086598;ENSG00000196296
REACTOME_AKT_PHOSPHORYLATES_TARGETS_IN_THE_CYTOSOL,prerank,-1.1970823118011147,0.2287480680061824,0.554406020376878,ENSG00000111276;ENSG00000002330;ENSG00000117020;ENSG00000132906;ENSG00000142208;ENSG00000105221;ENSG00000105723;ENSG00000135679;ENSG00000213341;ENSG00000205643;ENSG00000103197
REACTOME_ASSEMBLY_OF_THE_HIV_VIRION,prerank,-1.1962054760358565,0.23570879261727762,0.5550512815596965,ENSG00000140564;ENSG00000221983;ENSG00000141971;ENSG00000170315;ENSG00000176428;ENSG00000143947;ENSG00000152465;ENSG00000167987
REACTOME_G_BETA_GAMMA_SIGNALLING_THROUGH_CDC42,prerank,-1.19721565489053,0.23160797092367463,0.5560524756221946,ENSG00000111664;ENSG00000129675;ENSG00000123143;ENSG00000168243;ENSG00000127920;ENSG00000162188;ENSG00000069966;ENSG00000176533;ENSG00000070831;ENSG00000172354
REACTOME_AZATHIOPRINE_ADME,prerank,0.9772570222517648,0.49264705882352944,0.5566910026203535,ENSG00000165704;ENSG00000143774
REACTOME_TRANSPORT_OF_NUCLEOSIDES_AND_FREE_PURINE_AND_PYRIMIDINE_BASES_ACROSS_THE_PLASMA_MEMBRANE,prerank,-1.1976341898013945,0.2341405633061332,0.5568230173115409,ENSG00000151729;ENSG00000164638;ENSG00000197506;ENSG00000213465;ENSG00000005022;ENSG00000198246;ENSG00000102931;ENSG00000169100;ENSG00000156222
REACTOME_SIGNALING_BY_NTRK3_TRKC,prerank,0.9762015572560977,0.4724664507172605,0.5569256088414469,ENSG00000177885;ENSG00000174775
REACTOME_P75NTR_RECRUITS_SIGNALLING_COMPLEXES,prerank,0.9755459927061925,0.46137699412258604,0.5573251898840151,ENSG00000150991;ENSG00000184216
REACTOME_PRESYNAPTIC_FUNCTION_OF_KAINATE_RECEPTORS,prerank,0.9763215256222646,0.4972758791480931,0.5575999900540467,ENSG00000149782;ENSG00000078369
REACTOME_HDL_REMODELING,prerank,-1.1980557451306557,0.2311026821999458,0.5576107078997222,ENSG00000213398;ENSG00000188878;ENSG00000130203;ENSG00000160179;ENSG00000100979
REACTOME_NGF_STIMULATED_TRANSCRIPTION,prerank,0.9745620028782968,0.49206349206349204,0.5583595415308281,ENSG00000111642;ENSG00000079805;ENSG00000140939;ENSG00000179388
REACTOME_CARBOXYTERMINAL_POST_TRANSLATIONAL_MODIFICATIONS_OF_TUBULIN,prerank,-1.1793697385760453,0.2286376811594203,0.5590331299499595,ENSG00000198033;ENSG00000084693;ENSG00000137267;ENSG00000167552;ENSG00000100271;ENSG00000104833;ENSG00000101162;ENSG00000137821;ENSG00000145029;ENSG00000146856;ENSG00000186094;ENSG00000165923;ENSG00000143494;ENSG00000100304;ENSG00000137941;ENSG00000137285;ENSG00000176014;ENSG00000135049
REACTOME_GLYCOSPHINGOLIPID_BIOSYNTHESIS,prerank,-1.1777849661271667,0.25453862526605736,0.5619363058880081,ENSG00000174951;ENSG00000100422;ENSG00000148154;ENSG00000128242;ENSG00000115525;ENSG00000157350;ENSG00000235863;ENSG00000135454;ENSG00000176597;ENSG00000118276;ENSG00000126091
REACTOME_PEPTIDE_LIGAND_BINDING_RECEPTORS,prerank,0.9698551768161467,0.5668604651162791,0.566830995696709,ENSG00000197746;ENSG00000101327;ENSG00000142192;ENSG00000171509;ENSG00000131096;ENSG00000171049;ENSG00000143125;ENSG00000121853;ENSG00000164129;ENSG00000152034;ENSG00000164220;ENSG00000161921;ENSG00000113889;ENSG00000182687;ENSG00000181408;ENSG00000168081;ENSG00000125730;ENSG00000126353;ENSG00000115353;ENSG00000164128;ENSG00000172724;ENSG00000186810;ENSG00000156234;ENSG00000188710;ENSG00000121807;ENSG00000166603;ENSG00000148734;ENSG00000119973;ENSG00000101188;ENSG00000173432;ENSG00000143185;ENSG00000144891;ENSG00000171388;ENSG00000169618;ENSG00000180871;ENSG00000163421;ENSG00000157005;ENSG00000163394;ENSG00000198049;ENSG00000101200;ENSG00000181195;ENSG00000163606
REACTOME_PROSTACYCLIN_SIGNALLING_THROUGH_PROSTACYCLIN_RECEPTOR,prerank,0.9679594211142677,0.4916911045943304,0.56790925262277,ENSG00000078369;ENSG00000087460
REACTOME_GASTRIN_CREB_SIGNALLING_PATHWAY_VIA_PKC_AND_MAPK,prerank,0.9685485089490358,0.48856742883807747,0.5685616216164461,ENSG00000177885;ENSG00000174775
REACTOME_P75NTR_SIGNALS_VIA_NF_KB,prerank,0.967992423032448,0.49413357400722024,0.5687687939871247,ENSG00000150991;ENSG00000184216
REACTOME_SIGNALING_BY_FGFR2_IIIA_TM,prerank,0.9666688144478542,0.5060886507549927,0.5695998641318044,ENSG00000099817;ENSG00000177700;ENSG00000181222
REACTOME_INTERLEUKIN_27_SIGNALING,prerank,0.9650370967825688,0.4715815485996705,0.5700655220183855,ENSG00000127022;ENSG00000162434
REACTOME_SUMOYLATION_OF_TRANSCRIPTION_FACTORS,prerank,0.9653773486366614,0.5078960774325013,0.5703344066599553,ENSG00000184900;ENSG00000137203;ENSG00000187098;ENSG00000177374;ENSG00000087510
REACTOME_REGULATION_OF_SIGNALING_BY_CBL,prerank,0.9656394118801307,0.5136501516683518,0.5707443625633919,ENSG00000150991;ENSG00000177885
REACTOME_PROCESSING_OF_SMDT1,prerank,0.9625120738332432,0.49863636363636366,0.5715287690739204,ENSG00000107745;ENSG00000167085
REACTOME_RNA_POLYMERASE_III_CHAIN_ELONGATION,prerank,0.963853338555644,0.5194103194103195,0.5715600296797857,ENSG00000099817;ENSG00000177700
REACTOME_REGULATION_OF_GLUCOKINASE_BY_GLUCOKINASE_REGULATORY_PROTEIN,prerank,0.963365878527923,0.5036363636363637,0.5716232296223672,ENSG00000213024;ENSG00000094914;ENSG00000102900
REACTOME_PHOSPHORYLATION_OF_CD3_AND_TCR_ZETA_CHAINS,prerank,0.9628901699421615,0.4989327641408751,0.5716792223593167,ENSG00000103653;ENSG00000211790;ENSG00000160654;ENSG00000211810;ENSG00000232629;ENSG00000179344;ENSG00000167286
REACTOME_TETRAHYDROBIOPTERIN_BH4_SYNTHESIS_RECYCLING_SALVAGE_AND_REGULATION,prerank,0.9596598014752393,0.4803637866887143,0.573582664741,ENSG00000080824;ENSG00000228716;ENSG00000115353;ENSG00000138669
REACTOME_SIGNALING_BY_LTK,prerank,0.9603518907615529,0.4907139909203467,0.5740057057867203,ENSG00000177885;ENSG00000189292;ENSG00000196711;ENSG00000062524
REACTOME_PI_3K_CASCADE_FGFR1,prerank,0.9597322475177924,0.5040227165168008,0.5743517642017485,ENSG00000177885;ENSG00000186895;ENSG00000075388;ENSG00000133116;ENSG00000158815
REACTOME_RNA_POLYMERASE_II_TRANSCRIBES_SNRNA_GENES,prerank,0.9606426356635583,0.5469432314410481,0.5743586107713735,ENSG00000087087;ENSG00000196235;ENSG00000099817;ENSG00000177700;ENSG00000139579;ENSG00000181222
REACTOME_FATTY_ACIDS,prerank,0.9582958917937883,0.48751076658053405,0.5753308941206645,ENSG00000142973;ENSG00000187048;ENSG00000186529;ENSG00000186204;ENSG00000134716;ENSG00000171903;ENSG00000171954;ENSG00000186115;ENSG00000198077;ENSG00000186526;ENSG00000197408;ENSG00000100197;ENSG00000162365;ENSG00000197446
REACTOME_MATERNAL_TO_ZYGOTIC_TRANSITION_MZT,prerank,-1.1725810391174443,0.21101017839553463,0.5758492803255305,ENSG00000178928;ENSG00000246705;ENSG00000100836;ENSG00000076248;ENSG00000105968;ENSG00000239605;ENSG00000096063;ENSG00000132510;ENSG00000197905;ENSG00000140988;ENSG00000147050;ENSG00000120727;ENSG00000178804;ENSG00000137693;ENSG00000184260;ENSG00000113300;ENSG00000132475;ENSG00000161960;ENSG00000181038;ENSG00000188486;ENSG00000197903;ENSG00000158373;ENSG00000196890;ENSG00000138767;ENSG00000122304;ENSG00000151247;ENSG00000149115;ENSG00000154582;ENSG00000175646;ENSG00000070756;ENSG00000184678;ENSG00000156976;ENSG00000121570;ENSG00000158435;ENSG00000163041;ENSG00000172239;ENSG00000100697;ENSG00000163530;ENSG00000125107;ENSG00000083223;ENSG00000124635;ENSG00000146047;ENSG00000180596;ENSG00000187605;ENSG00000141510;ENSG00000100393;ENSG00000063046;ENSG00000198791;ENSG00000134744;ENSG00000123908;ENSG00000144580;ENSG00000111596;ENSG00000152518
REACTOME_RAC2_GTPASE_CYCLE,prerank,-1.1701906408658298,0.20153696287477,0.5812263297868552,ENSG00000147799;ENSG00000035499;ENSG00000079482;ENSG00000161800;ENSG00000142627;ENSG00000129219;ENSG00000123143;ENSG00000150093;ENSG00000149357;ENSG00000076706;ENSG00000102401;ENSG00000160007;ENSG00000105137;ENSG00000006453;ENSG00000159259;ENSG00000164040;ENSG00000051523;ENSG00000156299;ENSG00000120802;ENSG00000145819;ENSG00000139734;ENSG00000118804;ENSG00000101977;ENSG00000130669;ENSG00000128512;ENSG00000128340;ENSG00000061676;ENSG00000105647;ENSG00000046604;ENSG00000165895
REACTOME_GOLGI_TO_ER_RETROGRADE_TRANSPORT,prerank,-1.1689101834128033,0.18319486801977075,0.5812700595387279,ENSG00000090889;ENSG00000104892;ENSG00000237649;ENSG00000186185;ENSG00000198033;ENSG00000112984;ENSG00000138778;ENSG00000163808;ENSG00000079462;ENSG00000142945;ENSG00000137807;ENSG00000137267;ENSG00000161800;ENSG00000084731;ENSG00000134970;ENSG00000167552;ENSG00000121621;ENSG00000170348;ENSG00000104833;ENSG00000136240;ENSG00000136883;ENSG00000148248;ENSG00000101162;ENSG00000111481;ENSG00000137100;ENSG00000004059;ENSG00000100196;ENSG00000138182;ENSG00000099246;ENSG00000086598;ENSG00000174996;ENSG00000242247;ENSG00000168374;ENSG00000151746;ENSG00000138160;ENSG00000129083;ENSG00000088986
REACTOME_LONG_TERM_POTENTIATION,prerank,-1.1656114877369559,0.2618754614816638,0.5816635008340975,ENSG00000126787;ENSG00000197122;ENSG00000058404;ENSG00000132535;ENSG00000155511;ENSG00000198668;ENSG00000148660;ENSG00000105464
REACTOME_DEADENYLATION_DEPENDENT_MRNA_DECAY,prerank,-1.1692671565612665,0.22929144536105775,0.5821441419891433,ENSG00000204392;ENSG00000140694;ENSG00000110063;ENSG00000151065;ENSG00000170860;ENSG00000164167;ENSG00000120699;ENSG00000113300;ENSG00000175324;ENSG00000077348;ENSG00000107371;ENSG00000106355;ENSG00000161960;ENSG00000171311;ENSG00000140395;ENSG00000178896;ENSG00000138767;ENSG00000151247;ENSG00000149115;ENSG00000070756;ENSG00000156976;ENSG00000166889;ENSG00000158435;ENSG00000141698;ENSG00000110367;ENSG00000075914;ENSG00000172239;ENSG00000083520;ENSG00000179151;ENSG00000112339;ENSG00000152520;ENSG00000198677;ENSG00000123737;ENSG00000125107;ENSG00000204351;ENSG00000083223;ENSG00000240857;ENSG00000130332;ENSG00000063046;ENSG00000198791;ENSG00000134744;ENSG00000114127;ENSG00000144580;ENSG00000111596;ENSG00000141543;ENSG00000182973
REACTOME_TRANSPORT_OF_THE_SLBP_DEPENDANT_MATURE_MRNA,prerank,0.9542562702140889,0.538899430740038,0.5825909111130437,ENSG00000213024;ENSG00000094914;ENSG00000102900
REACTOME_ONCOGENE_INDUCED_SENESCENCE,prerank,-1.1670473838160877,0.2479515496971856,0.5830892835909085,ENSG00000134954;ENSG00000221983;ENSG00000170315;ENSG00000198176;ENSG00000129355;ENSG00000101412;ENSG00000102882;ENSG00000143947;ENSG00000007968;ENSG00000157557;ENSG00000105810;ENSG00000123080;ENSG00000092847;ENSG00000155363
REACTOME_GAMMA_CARBOXYLATION_TRANSPORT_AND_AMINO_TERMINAL_CLEAVAGE_OF_PROTEINS,prerank,-1.1657506491793461,0.266825333862224,0.583144045760927,ENSG00000140564;ENSG00000115486;ENSG00000242252
REACTOME_TELOMERE_EXTENSION_BY_TELOMERASE,prerank,-1.1674813427240425,0.25871379479626905,0.5837118704184006,ENSG00000140451;ENSG00000145386;ENSG00000123374;ENSG00000102977;ENSG00000092330;ENSG00000147601;ENSG00000175792;ENSG00000145912
REACTOME_ERBB2_ACTIVATES_PTK6_SIGNALING,prerank,0.9526725889517854,0.4873417721518987,0.583829597953415,ENSG00000138798;ENSG00000158458;ENSG00000124882
REACTOME_REGULATION_OF_FZD_BY_UBIQUITINATION,prerank,0.9528848421897073,0.529979674796748,0.5843256487965128,ENSG00000150991;ENSG00000154342;ENSG00000146374;ENSG00000169218
REACTOME_RND2_GTPASE_CYCLE,prerank,-1.1657668346653869,0.24699907663896584,0.5850418967019158,ENSG00000136026;ENSG00000035499;ENSG00000118193;ENSG00000142627;ENSG00000108830;ENSG00000137218;ENSG00000162738;ENSG00000160007;ENSG00000158062;ENSG00000174943;ENSG00000163629;ENSG00000105647;ENSG00000107890;ENSG00000173702;ENSG00000090615;ENSG00000010322;ENSG00000109079;ENSG00000072210;ENSG00000111647;ENSG00000180900;ENSG00000090273
REACTOME_SEMA3A_PLEXIN_REPULSION_SIGNALING_BY_INHIBITING_INTEGRIN_ADHESION,prerank,-1.1622716791861165,0.2698289269051322,0.5899087025672435,ENSG00000130827;ENSG00000186111;ENSG00000126458;ENSG00000010810;ENSG00000075213;ENSG00000006607
REACTOME_ASPIRIN_ADME,prerank,0.9469652989345405,0.5509409474367294,0.5924493120330545,ENSG00000108846;ENSG00000172270
REACTOME_PROTEIN_PROTEIN_INTERACTIONS_AT_SYNAPSES,prerank,-1.1606951160214833,0.21532293021239704,0.5927685205484192,ENSG00000179526;ENSG00000126787;ENSG00000196338;ENSG00000142949;ENSG00000126243;ENSG00000128011;ENSG00000170579;ENSG00000131409;ENSG00000136854;ENSG00000185985;ENSG00000104863;ENSG00000169992;ENSG00000051128;ENSG00000125675;ENSG00000179542;ENSG00000132535;ENSG00000133318;ENSG00000105426;ENSG00000067715;ENSG00000173621;ENSG00000103942;ENSG00000173227;ENSG00000082397;ENSG00000121871;ENSG00000110076;ENSG00000155511;ENSG00000140538
REACTOME_HDACS_DEACETYLATE_HISTONES,prerank,0.9476042105245251,0.5796637309847879,0.5930717900300798,ENSG00000111642;ENSG00000171720;ENSG00000116478
REACTOME_JNK_C_JUN_KINASES_PHOSPHORYLATION_AND_ACTIVATION_MEDIATED_BY_ACTIVATED_HUMAN_TAK1,prerank,0.9470772276607491,0.5392354124748491,0.5931827630302009,ENSG00000150991;ENSG00000184216
REACTOME_TRANSCRIPTIONAL_ACTIVATION_OF_MITOCHONDRIAL_BIOGENESIS,prerank,0.9434809411904936,0.5757328990228013,0.5983243731292691,ENSG00000171720;ENSG00000023330;ENSG00000172534;ENSG00000110955
REACTOME_RHOC_GTPASE_CYCLE,prerank,-1.1582289240646695,0.2266047950502707,0.5984688020425225,ENSG00000240771;ENSG00000147799;ENSG00000035499;ENSG00000122966;ENSG00000079482;ENSG00000155366;ENSG00000050327;ENSG00000161800;ENSG00000160447;ENSG00000123143;ENSG00000183856;ENSG00000076706;ENSG00000011426;ENSG00000114993;ENSG00000160007;ENSG00000204178;ENSG00000088986;ENSG00000107897;ENSG00000177469;ENSG00000110237;ENSG00000120802;ENSG00000162236;ENSG00000145819;ENSG00000165801
REACTOME_SIGNALING_BY_WNT_IN_CANCER,prerank,-1.1552592236245876,0.2658333333333333,0.5998613425484808,ENSG00000102312;ENSG00000107984;ENSG00000183762;ENSG00000068971;ENSG00000104695;ENSG00000175029;ENSG00000108375;ENSG00000113575;ENSG00000174804;ENSG00000159692;ENSG00000066027;ENSG00000173273;ENSG00000134982;ENSG00000113712;ENSG00000155011;ENSG00000154001;ENSG00000163251;ENSG00000177283;ENSG00000164930
REACTOME_TRANSCRIPTIONAL_REGULATION_BY_E2F6,prerank,-1.1555461773516935,0.2663822727811352,0.6009187474503994,ENSG00000051180;ENSG00000171848;ENSG00000149554;ENSG00000126756;ENSG00000169016;ENSG00000111752;ENSG00000198176;ENSG00000101412;ENSG00000012048;ENSG00000101773;ENSG00000156374;ENSG00000097046;ENSG00000120868;ENSG00000178691
REACTOME_NFE2L2_REGULATING_TUMORIGENIC_GENES,prerank,0.9416018205011707,0.5099472188388144,0.6010339291978026,ENSG00000138798;ENSG00000197461
REACTOME_INTERLEUKIN_6_FAMILY_SIGNALING,prerank,-1.1566725943040044,0.2700775581686265,0.601318642662418,ENSG00000137070;ENSG00000150281;ENSG00000175505;ENSG00000136280;ENSG00000134352;ENSG00000096968;ENSG00000113594;ENSG00000179295
REACTOME_PLATELET_SENSITIZATION_BY_LDL,prerank,0.9407154629012614,0.5255896751223854,0.6018095934692378,ENSG00000157193;ENSG00000105568
REACTOME_REGULATION_OF_IFNG_SIGNALING,prerank,-1.155801637221068,0.2739816031537451,0.6020823218269982,ENSG00000159128;ENSG00000027697;ENSG00000116030;ENSG00000175354;ENSG00000096968;ENSG00000179295
REACTOME_IRAK1_RECRUITS_IKK_COMPLEX,prerank,0.9392277917934626,0.5073759499329459,0.6038146315249673,ENSG00000150991;ENSG00000184216
REACTOME_RHOQ_GTPASE_CYCLE,prerank,-1.1501125536222503,0.24627539503386003,0.6119268131464898,ENSG00000131089;ENSG00000035499;ENSG00000079482;ENSG00000123143;ENSG00000149357;ENSG00000183856;ENSG00000004777;ENSG00000160007;ENSG00000149798;ENSG00000105137;ENSG00000159259;ENSG00000088986;ENSG00000145819;ENSG00000154358;ENSG00000139734;ENSG00000130669;ENSG00000196220;ENSG00000198752
REACTOME_CO_STIMULATION_BY_CD28,prerank,-1.1504959674934991,0.26176915029640824,0.6127014693643215,ENSG00000077264;ENSG00000197122;ENSG00000123143;ENSG00000167965;ENSG00000068971;ENSG00000119487;ENSG00000104695;ENSG00000117020;ENSG00000113575;ENSG00000010810;ENSG00000105647;ENSG00000142208;ENSG00000066027;ENSG00000140992;ENSG00000176105;ENSG00000186654;ENSG00000070831;ENSG00000101255;ENSG00000164327;ENSG00000051382;ENSG00000105221;ENSG00000154001
REACTOME_ZYGOTIC_GENOME_ACTIVATION_ZGA,prerank,-1.1458195563321094,0.2880064179703169,0.6135600611086354,ENSG00000178928;ENSG00000197905;ENSG00000137693;ENSG00000121570;ENSG00000163530;ENSG00000083223;ENSG00000141510;ENSG00000100393;ENSG00000134744
REACTOME_ATP_DEPENDENT_CHROMATIN_REMODELERS,prerank,0.9337204644539898,0.562126642771804,0.6137681512464851,ENSG00000075624;ENSG00000127616;ENSG00000099956
REACTOME_INTRAFLAGELLAR_TRANSPORT,prerank,-1.146270441581331,0.2611022546117058,0.614092795205651,ENSG00000128581;ENSG00000198033;ENSG00000137267;ENSG00000084731;ENSG00000167552;ENSG00000104833;ENSG00000213123;ENSG00000101162;ENSG00000122970;ENSG00000119650;ENSG00000118096;ENSG00000088986;ENSG00000119333;ENSG00000125971;ENSG00000138036;ENSG00000138002;ENSG00000137285;ENSG00000176014;ENSG00000114446;ENSG00000163913;ENSG00000068885;ENSG00000101350;ENSG00000081870;ENSG00000105948;ENSG00000197557;ENSG00000032742;ENSG00000096872;ENSG00000075945;ENSG00000157796;ENSG00000131437;ENSG00000101052;ENSG00000109083;ENSG00000123607
REACTOME_NEGATIVE_REGULATION_OF_FGFR3_SIGNALING,prerank,-1.1443021418481933,0.2821988246816846,0.6143592805507577,ENSG00000129682;ENSG00000197122;ENSG00000221983;ENSG00000170315;ENSG00000156427;ENSG00000104695;ENSG00000102882;ENSG00000068078;ENSG00000113575;ENSG00000143947
REACTOME_RRNA_MODIFICATION_IN_THE_MITOCHONDRION,prerank,-1.1474020379943872,0.2833551769331586,0.6144601318484462,ENSG00000156990;ENSG00000182768;ENSG00000117481;ENSG00000029639;ENSG00000156469;ENSG00000122085;ENSG00000118246;ENSG00000167112
REACTOME_KERATAN_SULFATE_KERATIN_METABOLISM,prerank,-1.1447798083633989,0.276074345921629,0.6148417994653996,ENSG00000130958;ENSG00000086062;ENSG00000117411;ENSG00000121578;ENSG00000135677;ENSG00000106809;ENSG00000122863;ENSG00000139329;ENSG00000135702;ENSG00000141012;ENSG00000174684;ENSG00000157350;ENSG00000110080;ENSG00000149328;ENSG00000170340;ENSG00000127083;ENSG00000163521
REACTOME_GLUTAMATE_AND_GLUTAMINE_METABOLISM,prerank,-1.143452990482151,0.2987302002879958,0.6150582808806305,ENSG00000183010;ENSG00000171097;ENSG00000166532;ENSG00000104524;ENSG00000143811;ENSG00000059573
REACTOME_TRANSLESION_SYNTHESIS_BY_POLH,prerank,-1.1465567904554739,0.2860715178794699,0.6151308859260521,ENSG00000051341;ENSG00000106399;ENSG00000221983;ENSG00000132646;ENSG00000170315;ENSG00000111445;ENSG00000163918;ENSG00000049541;ENSG00000117748;ENSG00000143947
REACTOME_ION_CHANNEL_TRANSPORT,prerank,-1.1476582750265445,0.19320638188368502,0.6156258583754918,ENSG00000167614;ENSG00000213760;ENSG00000137726;ENSG00000129244;ENSG00000134160;ENSG00000171130;ENSG00000164038;ENSG00000119929;ENSG00000196689;ENSG00000120509;ENSG00000074855;ENSG00000165238;ENSG00000167995;ENSG00000221983;ENSG00000116039;ENSG00000058404;ENSG00000113732;ENSG00000170315;ENSG00000130529;ENSG00000186815;ENSG00000165240;ENSG00000147614;ENSG00000117410;ENSG00000162572;ENSG00000157514;ENSG00000090674;ENSG00000016490;ENSG00000070961;ENSG00000083067;ENSG00000196296;ENSG00000196632;ENSG00000143947;ENSG00000187688;ENSG00000075142;ENSG00000137975;ENSG00000108684;ENSG00000145246;ENSG00000128524;ENSG00000118515;ENSG00000119121;ENSG00000171714;ENSG00000159363;ENSG00000104321;ENSG00000144935;ENSG00000155097;ENSG00000198668;ENSG00000109572;ENSG00000016602;ENSG00000103249;ENSG00000126562;ENSG00000155962;ENSG00000186510;ENSG00000114859;ENSG00000186009;ENSG00000188037;ENSG00000033627;ENSG00000047617;ENSG00000148660;ENSG00000104205;ENSG00000133107;ENSG00000101974;ENSG00000198523;ENSG00000136295;ENSG00000151418;ENSG00000105929
REACTOME_RND1_GTPASE_CYCLE,prerank,-1.1354816447918437,0.27936729471970223,0.6167779991590993,ENSG00000035499;ENSG00000118193;ENSG00000142627;ENSG00000171680;ENSG00000137218;ENSG00000162738;ENSG00000160007;ENSG00000075391;ENSG00000158062;ENSG00000133818;ENSG00000115355;ENSG00000163629;ENSG00000096696;ENSG00000105647;ENSG00000116209;ENSG00000107890;ENSG00000173702
REACTOME_PHOSPHOLIPASE_C_MEDIATED_CASCADE_FGFR4,prerank,-1.1478791797245786,0.2887693342299933,0.6169100666602731,ENSG00000129682;ENSG00000156427;ENSG00000160867
REACTOME_SIRT1_NEGATIVELY_REGULATES_RRNA_EXPRESSION,prerank,-1.1358919938367888,0.2947843041676822,0.6173897735227942,ENSG00000246705;ENSG00000105968;ENSG00000184260;ENSG00000132475;ENSG00000132275;ENSG00000188486;ENSG00000197903;ENSG00000158373;ENSG00000196890;ENSG00000184678;ENSG00000163041;ENSG00000124635;ENSG00000143498;ENSG00000146047;ENSG00000180596;ENSG00000096717
REACTOME_MET_PROMOTES_CELL_MOTILITY,prerank,-1.1364282867563904,0.2827960798205219,0.6176441505748842,ENSG00000168542;ENSG00000197122;ENSG00000204262;ENSG00000150093;ENSG00000108821;ENSG00000091136;ENSG00000101680;ENSG00000130635;ENSG00000196739;ENSG00000164692;ENSG00000060718;ENSG00000196569;ENSG00000135862;ENSG00000131746
REACTOME_MITOCHONDRIAL_IRON_SULFUR_CLUSTER_BIOGENESIS,prerank,-1.1368448125128767,0.3062532705389848,0.6182559422894379,ENSG00000267673;ENSG00000165898;ENSG00000165060;ENSG00000244005;ENSG00000135070;ENSG00000161513;ENSG00000182512;ENSG00000155287;ENSG00000100209
REACTOME_PROCESSIVE_SYNTHESIS_ON_THE_C_STRAND_OF_THE_TELOMERE,prerank,-1.1373885788985243,0.2996221662468514,0.6184548817930285,ENSG00000106399;ENSG00000197299;ENSG00000132646;ENSG00000175482;ENSG00000062822;ENSG00000117748;ENSG00000102977;ENSG00000092330;ENSG00000147601;ENSG00000165392;ENSG00000144749
REACTOME_SLBP_DEPENDENT_PROCESSING_OF_REPLICATION_DEPENDENT_HISTONE_PRE_MRNAS,prerank,-1.1417224853236951,0.29601693793833533,0.6184755451167162,ENSG00000181817;ENSG00000100028;ENSG00000143977;ENSG00000136937;ENSG00000163950;ENSG00000142528;ENSG00000114503;ENSG00000125835;ENSG00000155858
REACTOME_SODIUM_CALCIUM_EXCHANGERS,prerank,-1.1374835706193973,0.29805644302449413,0.6200634736133116,ENSG00000089060;ENSG00000183023;ENSG00000075142;ENSG00000198668;ENSG00000155886
REACTOME_RNA_POLYMERASE_II_TRANSCRIPTION,prerank,-1.1377436000757777,0.029,0.6211596919561247,ENSG00000112695;ENSG00000081189;ENSG00000175063;ENSG00000136943;ENSG00000198521;ENSG00000088325;ENSG00000126351;ENSG00000074181;ENSG00000176293;ENSG00000178999;ENSG00000115129;ENSG00000167562;ENSG00000083838;ENSG00000134057;ENSG00000089685;ENSG00000160352;ENSG00000141736;ENSG00000179222;ENSG00000051180;ENSG00000198440;ENSG00000036672;ENSG00000171848;ENSG00000119927;ENSG00000082014;ENSG00000101057;ENSG00000198939;ENSG00000145386;ENSG00000136866;ENSG00000149932;ENSG00000170312;ENSG00000062370;ENSG00000131174;ENSG00000131143;ENSG00000140564;ENSG00000172888;ENSG00000166337;ENSG00000123374;ENSG00000197937;ENSG00000165891;ENSG00000087088;ENSG00000197122;ENSG00000144554;ENSG00000106399;ENSG00000173530;ENSG00000175305;ENSG00000196724;ENSG00000197299;ENSG00000149554;ENSG00000185245;ENSG00000087586;ENSG00000108590;ENSG00000198028;ENSG00000158828;ENSG00000168067;ENSG00000051596;ENSG00000159216;ENSG00000083814;ENSG00000178150;ENSG00000246705;ENSG00000196150;ENSG00000171792;ENSG00000108984;ENSG00000018408;ENSG00000197044;ENSG00000163737;ENSG00000133619;ENSG00000179909;ENSG00000127184;ENSG00000126756;ENSG00000149357;ENSG00000167965;ENSG00000081059;ENSG00000158402;ENSG00000152284;ENSG00000100836;ENSG00000074590;ENSG00000174371;ENSG00000148200;ENSG00000158321;ENSG00000177426;ENSG00000196967;ENSG00000221983;ENSG00000100429;ENSG00000130005;ENSG00000152439;ENSG00000078237;ENSG00000188868;ENSG00000164011;ENSG00000108840;ENSG00000172748;ENSG00000108854;ENSG00000135047;ENSG00000058404;ENSG00000156802;ENSG00000188227;ENSG00000204920;ENSG00000163517;ENSG00000142082;ENSG00000111775;ENSG00000179195;ENSG00000132646;ENSG00000140525;ENSG00000184384;ENSG00000185386;ENSG00000144792;ENSG00000167005;ENSG00000028277;ENSG00000108821;ENSG00000101849;ENSG00000170315;ENSG00000169016;ENSG00000129173;ENSG00000176340;ENSG00000197016;ENSG00000256229;ENSG00000101076;ENSG00000167377;ENSG00000025434;ENSG00000103363;ENSG00000111752;ENSG00000106366;ENSG00000204604;ENSG00000130203;ENSG00000147669;ENSG00000187792;ENSG00000197128;ENSG00000168301;ENSG00000198176;ENSG00000111276;ENSG00000171817;ENSG00000119487;ENSG00000116017;ENSG00000094880;ENSG00000141552;ENSG00000111445;ENSG00000155868;ENSG00000149054;ENSG00000163918;ENSG00000101665;ENSG00000104695;ENSG00000174446;ENSG00000188785;ENSG00000160113;ENSG00000168002;ENSG00000197619;ENSG00000173894;ENSG00000140262;ENSG00000166295;ENSG00000170142;ENSG00000165731;ENSG00000170954;ENSG00000168661;ENSG00000108106;ENSG00000138794;ENSG00000101412;ENSG00000171862;ENSG00000049541;ENSG00000088179;ENSG00000118707;ENSG00000042286;ENSG00000162086;ENSG00000197123;ENSG00000197124;ENSG00000005961;ENSG00000185513;ENSG00000198719;ENSG00000185252;ENSG00000143799;ENSG00000237440;ENSG00000135940;ENSG00000105968;ENSG00000169372;ENSG00000136319;ENSG00000198185;ENSG00000177932;ENSG00000117020;ENSG00000242252;ENSG00000134574;ENSG00000143499;ENSG00000166908;ENSG00000015475;ENSG00000164949;ENSG00000105327;ENSG00000141391;ENSG00000151849;ENSG00000120784;ENSG00000147121;ENSG00000120963;ENSG00000120798;ENSG00000159882;ENSG00000118513;ENSG00000012048;ENSG00000116586;ENSG00000167380;ENSG00000078328;ENSG00000077092;ENSG00000167555;ENSG00000171466;ENSG00000136870;ENSG00000068024;ENSG00000160336;ENSG00000198538;ENSG00000176024;ENSG00000197020;ENSG00000196867;ENSG00000018869;ENSG00000196263;ENSG00000172530;ENSG00000105708;ENSG00000159915;ENSG00000004897;ENSG00000083750;ENSG00000127081;ENSG00000196466;ENSG00000197905;ENSG00000161298;ENSG00000117748;ENSG00000196418;ENSG00000178229;ENSG00000131055;ENSG00000127445;ENSG00000164692;ENSG00000111358;ENSG00000133740;ENSG00000102882;ENSG00000204611;ENSG00000140987;ENSG00000172819;ENSG00000213096;ENSG00000146757;ENSG00000120656;ENSG00000123405;ENSG00000189042;ENSG00000164162;ENSG00000189180;ENSG00000186020;ENSG00000094631;ENSG00000072401;ENSG00000188171;ENSG00000178187;ENSG00000113575;ENSG00000256294;ENSG00000171469;ENSG00000161638;ENSG00000143947;ENSG00000160563;ENSG00000197497;ENSG00000196757;ENSG00000198551;ENSG00000177842;ENSG00000164938;ENSG00000130844;ENSG00000175643;ENSG00000136574;ENSG00000131115;ENSG00000153767;ENSG00000183765;ENSG00000137693;ENSG00000090097;ENSG00000159723;ENSG00000197566;ENSG00000176697;ENSG00000196152;ENSG00000198342;ENSG00000176102;ENSG00000170855;ENSG00000181817;ENSG00000103266;ENSG00000118523;ENSG00000167528;ENSG00000213020;ENSG00000171827;ENSG00000109270;ENSG00000003400;ENSG00000159377;ENSG00000074047;ENSG00000196378;ENSG00000164885;ENSG00000198039;ENSG00000111196;ENSG00000158169;ENSG00000080839;ENSG00000196172;ENSG00000104976;ENSG00000181450;ENSG00000172379;ENSG00000088808;ENSG00000213246;ENSG00000101773;ENSG00000118515;ENSG00000245680;ENSG00000096060;ENSG00000147133;ENSG00000106290;ENSG00000197928;ENSG00000005075;ENSG00000156374;ENSG00000100028;ENSG00000096654;ENSG00000198795;ENSG00000149050;ENSG00000145908;ENSG00000181666;ENSG00000109332;ENSG00000187187;ENSG00000167554;ENSG00000116030;ENSG00000184260;ENSG00000250312;ENSG00000188295;ENSG00000081386;ENSG00000256087;ENSG00000100387;ENSG00000116717;ENSG00000141425;ENSG00000178338;ENSG00000173041;ENSG00000188283;ENSG00000113300;ENSG00000134686;ENSG00000106571;ENSG00000110092;ENSG00000097046;ENSG00000198093;ENSG00000116954;ENSG00000197343;ENSG00000198668;ENSG00000198464;ENSG00000154262;ENSG00000083817;ENSG00000131127;ENSG00000181449;ENSG00000122386;ENSG00000198431;ENSG00000133119;ENSG00000100142;ENSG00000187607;ENSG00000205323;ENSG00000256771;ENSG00000105810;ENSG00000197714;ENSG00000161021;ENSG00000112237;ENSG00000178573;ENSG00000100519;ENSG00000142065;ENSG00000143977;ENSG00000159479;ENSG00000134058;ENSG00000171163;ENSG00000204231;ENSG00000166261;ENSG00000007866;ENSG00000178913;ENSG00000204356;ENSG00000189043;ENSG00000111725;ENSG00000165392;ENSG00000171649;ENSG00000161281;ENSG00000074219;ENSG00000120868;ENSG00000186230;ENSG00000142208;ENSG00000105835;ENSG00000153896;ENSG00000189144;ENSG00000175691;ENSG00000132475;ENSG00000128915;ENSG00000186017;ENSG00000196081;ENSG00000115216;ENSG00000096070;ENSG00000145088;ENSG00000187801;ENSG00000135547;ENSG00000198466;ENSG00000188186;ENSG00000118046;ENSG00000117560;ENSG00000197951;ENSG00000131759;ENSG00000197780;ENSG00000152495;ENSG00000020426;ENSG00000170365;ENSG00000064102;ENSG00000186300;ENSG00000229809;ENSG00000178691;ENSG00000196437;ENSG00000100567;ENSG00000133703;ENSG00000269699;ENSG00000134248;ENSG00000148660;ENSG00000140009;ENSG00000136518;ENSG00000171295;ENSG00000169258;ENSG00000150907;ENSG00000080546;ENSG00000196458;ENSG00000184481;ENSG00000188486;ENSG00000197265;ENSG00000197302;ENSG00000025039;ENSG00000080503;ENSG00000197008;ENSG00000130818;ENSG00000089335;ENSG00000092847;ENSG00000185947;ENSG00000197903;ENSG00000141682;ENSG00000184162;ENSG00000163875;ENSG00000180884;ENSG00000158373;ENSG00000131981;ENSG00000147124;ENSG00000113594;ENSG00000198453;ENSG00000132356;ENSG00000155363;ENSG00000085644;ENSG00000113328;ENSG00000177606;ENSG00000112333;ENSG00000143106;ENSG00000214652;ENSG00000186272;ENSG00000242852;ENSG00000267680;ENSG00000196890;ENSG00000189298;ENSG00000163882;ENSG00000082258;ENSG00000184517;ENSG00000100362;ENSG00000140992;ENSG00000179295;ENSG00000136937;ENSG00000136146;ENSG00000081665;ENSG00000168438;ENSG00000188033;ENSG00000176105;ENSG00000164924;ENSG00000169230;ENSG00000022976;ENSG00000196110;ENSG00000163939;ENSG00000164683;ENSG00000186654;ENSG00000175206;ENSG00000090060;ENSG00000108506;ENSG00000073282;ENSG00000104320;ENSG00000169131;ENSG00000171223;ENSG00000144852;ENSG00000163950;ENSG00000177565;ENSG00000177595;ENSG00000055609;ENSG00000160961;ENSG00000102786;ENSG00000186448;ENSG00000140395;ENSG00000142556;ENSG00000090061;ENSG00000005801;ENSG00000130684;ENSG00000138346;ENSG00000066427;ENSG00000122512;ENSG00000104884;ENSG00000013619;ENSG00000148400;ENSG00000164327;ENSG00000104613;ENSG00000138767;ENSG00000122068;ENSG00000184113;ENSG00000198146;ENSG00000155876;ENSG00000124641;ENSG00000136826;ENSG00000196268;ENSG00000106588;ENSG00000112378;ENSG00000159905;ENSG00000104973;ENSG00000055130;ENSG00000137947;ENSG00000137337;ENSG00000105258;ENSG00000171574;ENSG00000128886;ENSG00000112062;ENSG00000198625;ENSG00000113916;ENSG00000127334;ENSG00000197372;ENSG00000164975;ENSG00000133895;ENSG00000139651;ENSG00000149115;ENSG00000120889;ENSG00000120616;ENSG00000137834;ENSG00000154582;ENSG00000145736;ENSG00000102054;ENSG00000137815;ENSG00000147180;ENSG00000110768;ENSG00000267508;ENSG00000197863;ENSG00000143437;ENSG00000145349;ENSG00000008018;ENSG00000152942;ENSG00000064393;ENSG00000172687;ENSG00000251369;ENSG00000188986;ENSG00000164151;ENSG00000105221;ENSG00000184678;ENSG00000057657;ENSG00000124486;ENSG00000124795;ENSG00000130766;ENSG00000187815;ENSG00000126368;ENSG00000167785;ENSG00000141646;ENSG00000164919;ENSG00000102760;ENSG00000165934;ENSG00000105136;ENSG00000134371;ENSG00000196782;ENSG00000173153;ENSG00000064313;ENSG00000079134;ENSG00000173258;ENSG00000114315;ENSG00000263002;ENSG00000182578;ENSG00000181929;ENSG00000155542;ENSG00000101654;ENSG00000118971;ENSG00000120471;ENSG00000090612;ENSG00000157429;ENSG00000143067;ENSG00000234444;ENSG00000197024;ENSG00000142528;ENSG00000145632;ENSG00000162521;ENSG00000127124;ENSG00000158435;ENSG00000136997;ENSG00000114503;ENSG00000184939;ENSG00000127337;ENSG00000073584;ENSG00000163041;ENSG00000188321
REACTOME_OLFACTORY_SIGNALING_PATHWAY,prerank,0.9293410947900508,0.5994531784005468,0.6215490885272875,ENSG00000078369;ENSG00000178586;ENSG00000182083;ENSG00000196071;ENSG00000181074;ENSG00000241356;ENSG00000124657;ENSG00000241128;ENSG00000243896;ENSG00000141404;ENSG00000188269
REACTOME_ASSEMBLY_OF_THE_ORC_COMPLEX_AT_THE_ORIGIN_OF_REPLICATION,prerank,-1.1388410782357898,0.2971560525036461,0.6215827888989609,ENSG00000246705;ENSG00000091651;ENSG00000105968;ENSG00000135336;ENSG00000025800;ENSG00000115942;ENSG00000184260;ENSG00000132475;ENSG00000188486;ENSG00000197903;ENSG00000158373;ENSG00000164815;ENSG00000196890
REACTOME_NEGATIVE_REGULATION_OF_FGFR4_SIGNALING,prerank,-1.1393895791475352,0.2905826310003664,0.6217733111412008,ENSG00000129682;ENSG00000197122;ENSG00000221983;ENSG00000170315;ENSG00000156427;ENSG00000104695;ENSG00000102882;ENSG00000160867;ENSG00000113575;ENSG00000143947
REACTOME_OTHER_INTERLEUKIN_SIGNALING,prerank,-1.1398854377762433,0.2965722801788376,0.6221750804357743,ENSG00000008517;ENSG00000157368;ENSG00000185436;ENSG00000115884;ENSG00000164305;ENSG00000076944;ENSG00000243646;ENSG00000132639;ENSG00000103496;ENSG00000106278;ENSG00000220205
REACTOME_PHASE_II_CONJUGATION_OF_COMPOUNDS,prerank,-1.1380224565076549,0.2517845554834523,0.6221953256748417,ENSG00000130958;ENSG00000169902;ENSG00000131067;ENSG00000114631;ENSG00000178814;ENSG00000128965;ENSG00000001084;ENSG00000117448;ENSG00000093010;ENSG00000143198;ENSG00000197448;ENSG00000085871;ENSG00000008394;ENSG00000114779;ENSG00000134184;ENSG00000166840;ENSG00000100577;ENSG00000116704;ENSG00000139684;ENSG00000100031;ENSG00000006625;ENSG00000109814;ENSG00000173113;ENSG00000214435;ENSG00000166741;ENSG00000099998;ENSG00000168671;ENSG00000104331
REACTOME_COHESIN_LOADING_ONTO_CHROMATIN,prerank,-1.132897658480558,0.30331249168551283,0.6226825832587947,ENSG00000072501;ENSG00000164754;ENSG00000101972;ENSG00000164190;ENSG00000108055;ENSG00000121892;ENSG00000083642;ENSG00000118007
REACTOME_HDR_THROUGH_MMEJ_ALT_NHEJ,prerank,-1.131653114523202,0.30721865583649943,0.6227298105643957,ENSG00000051341;ENSG00000139618;ENSG00000143799;ENSG00000002016;ENSG00000101773;ENSG00000129484;ENSG00000005156;ENSG00000104320;ENSG00000113522;ENSG00000073050
REACTOME_ASPARAGINE_N_LINKED_GLYCOSYLATION,prerank,-1.129968897803875,0.17318548387096774,0.6241553983049128,ENSG00000150961;ENSG00000198033;ENSG00000174871;ENSG00000169084;ENSG00000179085;ENSG00000137267;ENSG00000159921;ENSG00000134970;ENSG00000167552;ENSG00000181029;ENSG00000170348;ENSG00000104522;ENSG00000104833;ENSG00000228474;ENSG00000086848;ENSG00000136240;ENSG00000204386;ENSG00000134910;ENSG00000177511;ENSG00000221983;ENSG00000101162;ENSG00000204308;ENSG00000102158;ENSG00000111481;ENSG00000157020;ENSG00000173540;ENSG00000177239;ENSG00000137100;ENSG00000134825;ENSG00000111726;ENSG00000004059;ENSG00000114745;ENSG00000170315;ENSG00000129255;ENSG00000185010;ENSG00000177951;ENSG00000013375;ENSG00000100196;ENSG00000086062;ENSG00000117411;ENSG00000102032;ENSG00000106636;ENSG00000172269;ENSG00000101160;ENSG00000138073;ENSG00000086598;ENSG00000121578;ENSG00000157353;ENSG00000162066;ENSG00000198856;ENSG00000136840;ENSG00000242247;ENSG00000213380;ENSG00000168374;ENSG00000119899;ENSG00000100934;ENSG00000129562;ENSG00000072849;ENSG00000134109;ENSG00000239305;ENSG00000129083;ENSG00000088986;ENSG00000167508;ENSG00000148803;ENSG00000119523;ENSG00000124302;ENSG00000088298;ENSG00000095380;ENSG00000151092;ENSG00000124357;ENSG00000110195;ENSG00000095139;ENSG00000136908;ENSG00000196459;ENSG00000104826;ENSG00000143947;ENSG00000162236;ENSG00000007255;ENSG00000182858;ENSG00000114988;ENSG00000117143;ENSG00000172339;ENSG00000120697;ENSG00000136986;ENSG00000173230;ENSG00000155511;ENSG00000162298;ENSG00000176986;ENSG00000100417;ENSG00000138768;ENSG00000254685;ENSG00000116489;ENSG00000114270;ENSG00000005243;ENSG00000167515;ENSG00000138069;ENSG00000159461;ENSG00000115275;ENSG00000137285;ENSG00000159063;ENSG00000033011;ENSG00000169223;ENSG00000176014;ENSG00000143786;ENSG00000085063;ENSG00000138674;ENSG00000214160;ENSG00000115525;ENSG00000033170;ENSG00000158623;ENSG00000074695;ENSG00000107862;ENSG00000157350;ENSG00000175283;ENSG00000093183;ENSG00000073849;ENSG00000196655;ENSG00000000419;ENSG00000110080;ENSG00000138802;ENSG00000181789;ENSG00000152127;ENSG00000163933;ENSG00000166847;ENSG00000166685;ENSG00000136152;ENSG00000104671;ENSG00000114354;ENSG00000166391;ENSG00000124003;ENSG00000158560;ENSG00000119318;ENSG00000088035
REACTOME_DEGRADATION_OF_THE_EXTRACELLULAR_MATRIX,prerank,-1.1316581399905001,0.2367286870598129,0.6245738853349005,ENSG00000136943;ENSG00000157227;ENSG00000166033;ENSG00000087245;ENSG00000123342;ENSG00000140564;ENSG00000168542;ENSG00000197565;ENSG00000204262;ENSG00000077274;ENSG00000134871;ENSG00000135047;ENSG00000143537;ENSG00000102996;ENSG00000108821;ENSG00000142798;ENSG00000099953;ENSG00000168487;ENSG00000154734;ENSG00000091136;ENSG00000142449;ENSG00000049089;ENSG00000182871;ENSG00000163359;ENSG00000130635;ENSG00000142173;ENSG00000160963;ENSG00000092529;ENSG00000162736;ENSG00000164305;ENSG00000164692;ENSG00000142156
REACTOME_G_ALPHA_Z_SIGNALLING_EVENTS,prerank,-1.130213866304113,0.28833930428753035,0.6252592395535002,ENSG00000111664;ENSG00000126583;ENSG00000168243;ENSG00000128266;ENSG00000163932;ENSG00000091844;ENSG00000127920;ENSG00000164742;ENSG00000162188;ENSG00000065135;ENSG00000184160;ENSG00000174233;ENSG00000143333;ENSG00000069966
REACTOME_MATURATION_OF_SARS_COV_1_NUCLEOPROTEIN,prerank,0.9264769725126942,0.5282093213409649,0.6262770000858969,ENSG00000137817
REACTOME_SIGNALING_BY_TYPE_1_INSULIN_LIKE_GROWTH_FACTOR_1_RECEPTOR_IGF1R,prerank,-1.1278922832540885,0.2829358647835147,0.628588394202507,ENSG00000129682;ENSG00000066468;ENSG00000077782;ENSG00000156427;ENSG00000017427;ENSG00000152270;ENSG00000133124;ENSG00000068078;ENSG00000160867;ENSG00000140443;ENSG00000169047;ENSG00000105647;ENSG00000033327;ENSG00000078142;ENSG00000133703;ENSG00000090554;ENSG00000160691;ENSG00000140992;ENSG00000179295;ENSG00000101255;ENSG00000185950;ENSG00000101464;ENSG00000051382;ENSG00000140285;ENSG00000105221
REACTOME_MAPK_TARGETS_NUCLEAR_EVENTS_MEDIATED_BY_MAP_KINASES,prerank,-1.116700889099337,0.31558844592981616,0.6317141972826215,ENSG00000081189;ENSG00000166484;ENSG00000185386;ENSG00000104695;ENSG00000162889;ENSG00000117676;ENSG00000109339;ENSG00000102882;ENSG00000113575;ENSG00000139318;ENSG00000123268;ENSG00000177189
REACTOME_CASPASE_ACTIVATION_VIA_EXTRINSIC_APOPTOTIC_SIGNALLING_PATHWAY,prerank,-1.126013976483983,0.31100594588035435,0.6324793677524655,ENSG00000179222;ENSG00000164305;ENSG00000187323;ENSG00000113763;ENSG00000132906;ENSG00000117560;ENSG00000136869;ENSG00000168040;ENSG00000120889;ENSG00000127666;ENSG00000169710
REACTOME_PLASMA_LIPOPROTEIN_ASSEMBLY,prerank,-1.1247586634388058,0.3129973474801061,0.6326437528846861,ENSG00000099904;ENSG00000130203;ENSG00000130208;ENSG00000168487;ENSG00000138823;ENSG00000142875;ENSG00000165029;ENSG00000110244
REACTOME_AMINO_ACIDS_REGULATE_MTORC1,prerank,-1.1169384751200913,0.29777015437392795,0.632788886542859,ENSG00000213760;ENSG00000171130;ENSG00000149357;ENSG00000167965;ENSG00000116039;ENSG00000157020;ENSG00000113732;ENSG00000118162;ENSG00000147614;ENSG00000117410;ENSG00000052795;ENSG00000217128;ENSG00000116586;ENSG00000083750;ENSG00000130147;ENSG00000109270;ENSG00000128524;ENSG00000116954;ENSG00000155097;ENSG00000100150;ENSG00000188186;ENSG00000114388;ENSG00000134248;ENSG00000080546;ENSG00000025039;ENSG00000151418;ENSG00000239282;ENSG00000103091;ENSG00000155876;ENSG00000130766;ENSG00000103148;ENSG00000174206
REACTOME_PLASMA_LIPOPROTEIN_REMODELING,prerank,-1.1169891058849786,0.3140742509251522,0.634428559859511,ENSG00000213398;ENSG00000140564;ENSG00000188878;ENSG00000130203;ENSG00000100258;ENSG00000138823;ENSG00000110244;ENSG00000140943;ENSG00000160179;ENSG00000175445
REACTOME_SIGNALING_BY_LEPTIN,prerank,-1.124782969084459,0.3102429856356558,0.6344299907183872,ENSG00000169047;ENSG00000116678;ENSG00000096968;ENSG00000179295;ENSG00000185950;ENSG00000174697;ENSG00000126561;ENSG00000178188
REACTOME_REGULATION_OF_PD_L1_CD274_TRANSCRIPTION,prerank,-1.1217213954657614,0.28700056274620145,0.634572672625265,ENSG00000246705;ENSG00000018408;ENSG00000081059;ENSG00000152284;ENSG00000162772;ENSG00000105968;ENSG00000134323;ENSG00000197905;ENSG00000137693;ENSG00000184260;ENSG00000007866;ENSG00000074219;ENSG00000132475;ENSG00000178691;ENSG00000188486;ENSG00000197903;ENSG00000158373;ENSG00000177606;ENSG00000116044;ENSG00000196890;ENSG00000125740;ENSG00000055609;ENSG00000102054;ENSG00000184678;ENSG00000162521;ENSG00000136997;ENSG00000163041
REACTOME_PD_L1_CD274_GLYCOSYLATION_AND_TRANSLOCATION_TO_PLASMA_MEMBRANE,prerank,-1.1145329734684204,0.32913915535069144,0.6346188163325598,ENSG00000228474;ENSG00000134910;ENSG00000221983;ENSG00000102158;ENSG00000134825;ENSG00000170315;ENSG00000198856;ENSG00000129562;ENSG00000143947
REACTOME_TNF_RECEPTOR_SUPERFAMILY_TNFSF_MEMBERS_MEDIATING_NON_CANONICAL_NF_KB_PATHWAY,prerank,-1.1133348722932386,0.3274494755691993,0.6346621325922557,ENSG00000111321;ENSG00000006327
REACTOME_RAB_GERANYLGERANYLATION,prerank,-1.122877071208112,0.2856660286003828,0.6347211096368077,ENSG00000105514;ENSG00000118508;ENSG00000179331;ENSG00000155961;ENSG00000168118;ENSG00000112210;ENSG00000167964;ENSG00000099246;ENSG00000169213;ENSG00000172780;ENSG00000134594;ENSG00000169228;ENSG00000139998;ENSG00000109113;ENSG00000172007;ENSG00000144566;ENSG00000137502;ENSG00000117280;ENSG00000184007;ENSG00000138069;ENSG00000129472;ENSG00000172476;ENSG00000069974;ENSG00000197562;ENSG00000080371;ENSG00000108774;ENSG00000166128;ENSG00000100228;ENSG00000255587;ENSG00000123892;ENSG00000167578
REACTOME_PHOSPHOLIPASE_C_MEDIATED_CASCADE_FGFR2,prerank,-1.1138008811086992,0.33108195869593454,0.6350328806114446,ENSG00000129682;ENSG00000066468;ENSG00000156427
REACTOME_APOPTOSIS_INDUCED_DNA_FRAGMENTATION,prerank,-1.1172403960089583,0.3272344346452547,0.635446010466538,ENSG00000189060;ENSG00000164104;ENSG00000164305;ENSG00000124575;ENSG00000168298
REACTOME_PHASE_2_PLATEAU_PHASE,prerank,-1.122032791320041,0.321377702965169,0.6354480201097663,ENSG00000067191;ENSG00000105605;ENSG00000007402;ENSG00000130433;ENSG00000151067;ENSG00000075461;ENSG00000176076;ENSG00000165995;ENSG00000180509;ENSG00000127914;ENSG00000159197
REACTOME_FGFRL1_MODULATION_OF_FGFR1_SIGNALING,prerank,-1.1124370352130777,0.33182121414276183,0.635547151033697,ENSG00000129682;ENSG00000156427;ENSG00000166068;ENSG00000198369;ENSG00000127418
REACTOME_REGULATION_OF_INSULIN_LIKE_GROWTH_FACTOR_IGF_TRANSPORT_AND_UPTAKE_BY_INSULIN_LIKE_GROWTH_FACTOR_BINDING_PROTEINS_IGFBPS,prerank,-1.1147225204372042,0.267771756455212,0.6358358919192042,ENSG00000130528;ENSG00000136026;ENSG00000087245;ENSG00000145386;ENSG00000101938;ENSG00000101439;ENSG00000074855;ENSG00000128564;ENSG00000115457;ENSG00000188878;ENSG00000070404;ENSG00000163430;ENSG00000006118;ENSG00000128595;ENSG00000130203;ENSG00000017427;ENSG00000147257;ENSG00000109501;ENSG00000091136;ENSG00000049323;ENSG00000102580;ENSG00000185269;ENSG00000001036;ENSG00000177666;ENSG00000164054;ENSG00000171560;ENSG00000135052;ENSG00000100342
REACTOME_SIGNALING_BY_NOTCH3,prerank,-1.12302063902708,0.2923183072677093,0.6361275443344281,ENSG00000164434;ENSG00000074181;ENSG00000126787;ENSG00000163909;ENSG00000171611;ENSG00000221983;ENSG00000184384;ENSG00000170315;ENSG00000205155;ENSG00000138613;ENSG00000198719;ENSG00000013810;ENSG00000185630;ENSG00000162736;ENSG00000214357;ENSG00000143947
REACTOME_SYNTHESIS_OF_IP2_IP_AND_INS_IN_THE_CYTOSOL,prerank,-1.1187297500209124,0.32921114293152826,0.6363513776909319,ENSG00000185133;ENSG00000003987;ENSG00000133731;ENSG00000105655;ENSG00000104643;ENSG00000141401;ENSG00000204084;ENSG00000040933;ENSG00000068383
REACTOME_RHOV_GTPASE_CYCLE,prerank,0.9208324891110043,0.6038487060384871,0.6364826586012738,ENSG00000140575;ENSG00000197694;ENSG00000141367
REACTOME_DEVELOPMENTAL_LINEAGE_OF_PANCREATIC_DUCTAL_CELLS,prerank,-1.1173373850466881,0.30843513670738804,0.636962200884207,ENSG00000168542;ENSG00000204262;ENSG00000108821;ENSG00000080493;ENSG00000091136;ENSG00000101680;ENSG00000130635;ENSG00000196739;ENSG00000164692;ENSG00000136574;ENSG00000137693;ENSG00000060718;ENSG00000196569;ENSG00000135046;ENSG00000135862
REACTOME_GABA_RECEPTOR_ACTIVATION,prerank,-1.1197187393413324,0.29573481163027493,0.6370111831362145,ENSG00000011677;ENSG00000113327;ENSG00000131089;ENSG00000022355;ENSG00000111664;ENSG00000123700;ENSG00000168243;ENSG00000127920;ENSG00000164742;ENSG00000162188;ENSG00000065135;ENSG00000168135;ENSG00000174233;ENSG00000204681;ENSG00000069966;ENSG00000166206;ENSG00000177807
REACTOME_APOPTOTIC_FACTOR_MEDIATED_RESPONSE,prerank,-1.1112928952082797,0.33438049761246547,0.6372066537718524,ENSG00000087088;ENSG00000164305;ENSG00000102882;ENSG00000132906;ENSG00000120868;ENSG00000137831;ENSG00000184047;ENSG00000030110
REACTOME_CA2_PATHWAY,prerank,-1.1201957486067176,0.2882822154814066,0.6373593055441422,ENSG00000111664;ENSG00000168243;ENSG00000081059;ENSG00000152284;ENSG00000127920;ENSG00000134183;ENSG00000185527;ENSG00000114251;ENSG00000162188;ENSG00000180340;ENSG00000174804;ENSG00000087258;ENSG00000069966;ENSG00000198668;ENSG00000132915;ENSG00000107758;ENSG00000133703;ENSG00000092847;ENSG00000176533;ENSG00000182621;ENSG00000155363;ENSG00000150995;ENSG00000168646;ENSG00000172354;ENSG00000096433;ENSG00000138814;ENSG00000136997;ENSG00000163251;ENSG00000126070;ENSG00000100354;ENSG00000164930;ENSG00000114450
REACTOME_RESOLUTION_OF_AP_SITES_VIA_THE_MULTIPLE_NUCLEOTIDE_PATCH_REPLACEMENT_PATHWAY,prerank,-1.1177362852964607,0.3261082537349988,0.6375489452391784,ENSG00000106399;ENSG00000100479;ENSG00000132646;ENSG00000175482;ENSG00000111445;ENSG00000163918;ENSG00000062822;ENSG00000049541;ENSG00000143799;ENSG00000115350;ENSG00000117748;ENSG00000129484;ENSG00000133119;ENSG00000144749
REACTOME_SYNTHESIS_OF_PROSTAGLANDINS_PG_AND_THROMBOXANES_TX,prerank,0.9196654654481942,0.5424386040499785,0.6378025077143145,ENSG00000159228;ENSG00000148344;ENSG00000164120;ENSG00000163106
REACTOME_GAMMA_CARBOXYLATION_HYPUSINYLATION_HYDROXYLATION_AND_ARYLSULFATASE_ACTIVATION,prerank,-1.1187342627701655,0.2927158273381295,0.6381606840193249,ENSG00000169902;ENSG00000166965;ENSG00000140564;ENSG00000006756;ENSG00000115486;ENSG00000185010;ENSG00000101846;ENSG00000132507;ENSG00000242252;ENSG00000134146;ENSG00000167363;ENSG00000243789;ENSG00000116237;ENSG00000095059;ENSG00000161016;ENSG00000180801;ENSG00000113273
REACTOME_BMAL1_CLOCK_NPAS2_ACTIVATES_CIRCADIAN_EXPRESSION,prerank,0.9175513735994424,0.5860566448801743,0.6399957797937972,ENSG00000029153;ENSG00000134107;ENSG00000170485
REACTOME_BUTYROPHILIN_BTN_FAMILY_INTERACTIONS,prerank,0.917951939156386,0.5502562081198266,0.6401873367827223,ENSG00000165810;ENSG00000112763;ENSG00000090659;ENSG00000186470;ENSG00000026950;ENSG00000124508;ENSG00000111801;ENSG00000113303;ENSG00000118898;ENSG00000158125
REACTOME_RND3_GTPASE_CYCLE,prerank,-1.1093846324404366,0.31396024642566545,0.6411066316525204,ENSG00000136026;ENSG00000115963;ENSG00000035499;ENSG00000142627;ENSG00000171680;ENSG00000162738;ENSG00000160007;ENSG00000075391;ENSG00000158062;ENSG00000174943;ENSG00000115355;ENSG00000163629;ENSG00000135622;ENSG00000096696;ENSG00000105647;ENSG00000107890;ENSG00000173702
REACTOME_RRNA_MODIFICATION_IN_THE_NUCLEUS_AND_CYTOSOL,prerank,-1.1069655648878847,0.3137122237257555,0.6465159996761016,ENSG00000007520;ENSG00000086189;ENSG00000140988;ENSG00000173113;ENSG00000145912;ENSG00000119285;ENSG00000105202;ENSG00000183520;ENSG00000011260;ENSG00000164934;ENSG00000114767;ENSG00000170889;ENSG00000119616;ENSG00000124383;ENSG00000135372;ENSG00000126749;ENSG00000171863;ENSG00000100138;ENSG00000137154;ENSG00000065183;ENSG00000189306;ENSG00000071462;ENSG00000120158;ENSG00000130935;ENSG00000164587;ENSG00000134987;ENSG00000120800;ENSG00000138600;ENSG00000164338;ENSG00000066654;ENSG00000055044;ENSG00000241945;ENSG00000227057;ENSG00000108651;ENSG00000184967;ENSG00000111615;ENSG00000124541;ENSG00000132467;ENSG00000183751;ENSG00000148843;ENSG00000182117;ENSG00000141076;ENSG00000105671;ENSG00000163811;ENSG00000156697;ENSG00000117597;ENSG00000115946;ENSG00000150990
REACTOME_TRAF6_MEDIATED_IRF7_ACTIVATION,prerank,-1.1054913563261823,0.3388903028760499,0.6491600281895735,ENSG00000107201;ENSG00000181481;ENSG00000136560;ENSG00000052723
REACTOME_ERYTHROPOIETIN_ACTIVATES_PHOSPHOINOSITIDE_3_KINASE_PI3K,prerank,-1.1041128984286797,0.34199762501649295,0.6515243388209516,ENSG00000187266;ENSG00000096968;ENSG00000185950;ENSG00000101464;ENSG00000051382;ENSG00000121879;ENSG00000141506;ENSG00000254087;ENSG00000121053
REACTOME_FREE_FATTY_ACIDS_REGULATE_INSULIN_SECRETION,prerank,0.9106012934843635,0.5568226504128981,0.6525844434805179,ENSG00000149782
REACTOME_DEATH_RECEPTOR_SIGNALING,prerank,-1.102511426696348,0.2832051548534608,0.6545299504977092,ENSG00000102302;ENSG00000131089;ENSG00000137135;ENSG00000179222;ENSG00000179526;ENSG00000036672;ENSG00000177169;ENSG00000050327;ENSG00000173530;ENSG00000040608;ENSG00000129675;ENSG00000166681;ENSG00000171680;ENSG00000221983;ENSG00000146426;ENSG00000170315;ENSG00000205155;ENSG00000067182;ENSG00000090924;ENSG00000002330;ENSG00000138613;ENSG00000103056;ENSG00000162889;ENSG00000161011;ENSG00000162736;ENSG00000156299;ENSG00000164305;ENSG00000110237;ENSG00000169783;ENSG00000064300;ENSG00000131508;ENSG00000072401;ENSG00000143947;ENSG00000105270;ENSG00000165801;ENSG00000154358;ENSG00000103266;ENSG00000003400;ENSG00000142632;ENSG00000101977;ENSG00000109332
REACTOME_DECTIN_2_FAMILY,prerank,-1.0994541200641674,0.3461729622266402,0.656531059499999,ENSG00000111729;ENSG00000181143;ENSG00000010810;ENSG00000185499;ENSG00000215182;ENSG00000173702;ENSG00000166523;ENSG00000169894
REACTOME_DEFECTIVE_GALNT3_CAUSES_HFTC,prerank,-1.10108095072634,0.3458135658417746,0.6569792461204099,ENSG00000181143;ENSG00000185499;ENSG00000215182;ENSG00000173702;ENSG00000169894
REACTOME_FATTY_ACYL_COA_BIOSYNTHESIS,prerank,0.9075099521459217,0.6363636363636364,0.6576083028817051,ENSG00000131238;ENSG00000131473;ENSG00000099797
REACTOME_REGULATION_OF_GENE_EXPRESSION_IN_BETA_CELLS,prerank,-1.100162975097597,0.3526177683368737,0.6579603380511384,ENSG00000121351;ENSG00000170608;ENSG00000168067;ENSG00000101076;ENSG00000117020;ENSG00000135100
REACTOME_SYNTHESIS_OF_PIPS_AT_THE_PLASMA_MEMBRANE,prerank,-1.099537920159312,0.3230733892270587,0.6580510174814305,ENSG00000185133;ENSG00000105559;ENSG00000168118;ENSG00000171862;ENSG00000186111;ENSG00000166908;ENSG00000168918;ENSG00000144566;ENSG00000176783;ENSG00000106086;ENSG00000102010;ENSG00000163629;ENSG00000105647;ENSG00000011405;ENSG00000143398;ENSG00000132376;ENSG00000087053;ENSG00000116095;ENSG00000051382;ENSG00000104643;ENSG00000038210;ENSG00000052126;ENSG00000121879;ENSG00000141506;ENSG00000040933;ENSG00000155252
REACTOME_INWARDLY_RECTIFYING_K_CHANNELS,prerank,-1.0969912555045886,0.3381831085876508,0.662107224712029,ENSG00000111664;ENSG00000123700;ENSG00000168243;ENSG00000127920;ENSG00000162188;ENSG00000168135;ENSG00000006071;ENSG00000204681;ENSG00000069966;ENSG00000177807;ENSG00000121361
REACTOME_RESPIRATORY_SYNCYTIAL_VIRUS_RSV_ATTACHMENT_AND_ENTRY,prerank,-1.0948340312168083,0.3527595999506112,0.6649897283139213,ENSG00000140564;ENSG00000076716;ENSG00000213420;ENSG00000162512;ENSG00000115884;ENSG00000142798;ENSG00000147257;ENSG00000144566;ENSG00000188157;ENSG00000140443
REACTOME_REGULATION_OF_CDH11_FUNCTION,prerank,-1.0941606906237533,0.35160605256172023,0.6652067404720488,ENSG00000126016;ENSG00000140937;ENSG00000135074;ENSG00000150394;ENSG00000139880;ENSG00000198561
REACTOME_REDUCTION_OF_CYTOSOLIC_CA_LEVELS,prerank,-1.094989386143282,0.3542654028436019,0.6663056942188728,ENSG00000183023;ENSG00000070961;ENSG00000196296;ENSG00000075142;ENSG00000198668;ENSG00000067842;ENSG00000058668;ENSG00000118160
REACTOME_DOWNSTREAM_SIGNALING_OF_ACTIVATED_FGFR3,prerank,0.8980149218018677,0.632512315270936,0.6753043374911575,ENSG00000177885;ENSG00000174775
REACTOME_CYTOSOLIC_SULFONATION_OF_SMALL_MOLECULES,prerank,-1.0899332804830408,0.3608167485138279,0.6761326355001303,ENSG00000169902;ENSG00000114631;ENSG00000114779;ENSG00000104331;ENSG00000128294;ENSG00000196502;ENSG00000162813
REACTOME_PEXOPHAGY,prerank,-1.0880167486793937,0.367645123074898,0.6783289517010306,ENSG00000221983;ENSG00000170315;ENSG00000135093;ENSG00000161011;ENSG00000143947
REACTOME_NOTCH3_ACTIVATION_AND_TRANSMISSION_OF_SIGNAL_TO_THE_NUCLEUS,prerank,-1.08858280286797,0.3587570621468927,0.6784082791784788,ENSG00000074181;ENSG00000221983;ENSG00000170315;ENSG00000205155;ENSG00000138613;ENSG00000198719;ENSG00000013810;ENSG00000162736;ENSG00000214357;ENSG00000143947
REACTOME_INTERLEUKIN_2_FAMILY_SIGNALING,prerank,0.8944799460423363,0.6492585428755642,0.6790862796520899,ENSG00000177885;ENSG00000165458;ENSG00000134470;ENSG00000162434
REACTOME_STAT5_ACTIVATION_DOWNSTREAM_OF_FLT3_ITD_MUTANTS,prerank,0.8945460187081072,0.5899336714787359,0.6799959302668104,ENSG00000177885
REACTOME_FGFR2_MUTANT_RECEPTOR_ACTIVATION,prerank,0.8950708166552952,0.6383467278989667,0.6800119844797161,ENSG00000099817;ENSG00000177700;ENSG00000181222;ENSG00000186895;ENSG00000075388
REACTOME_ACYL_CHAIN_REMODELLING_OF_PI,prerank,-1.0863196419355516,0.3677912157861235,0.6816740615519472,ENSG00000121316;ENSG00000170890;ENSG00000176485;ENSG00000069764;ENSG00000117215;ENSG00000123739;ENSG00000116711
REACTOME_SMOOTH_MUSCLE_CONTRACTION,prerank,-1.0832436603168105,0.3553642075866884,0.6819362353902161,ENSG00000120896;ENSG00000198467;ENSG00000123143;ENSG00000167460;ENSG00000196557;ENSG00000107796;ENSG00000089159;ENSG00000197043;ENSG00000140416;ENSG00000118680;ENSG00000095637;ENSG00000215375;ENSG00000138735;ENSG00000152402;ENSG00000006283;ENSG00000111275;ENSG00000122786;ENSG00000135046;ENSG00000198668
REACTOME_DOWNSTREAM_SIGNALING_OF_ACTIVATED_FGFR1,prerank,0.8916865068702217,0.6510067114093959,0.6823320559112346,ENSG00000177885;ENSG00000174775;ENSG00000186895;ENSG00000075388;ENSG00000133116
REACTOME_GP1B_IX_V_ACTIVATION_SIGNALLING,prerank,-1.083682232096897,0.3665446658533279,0.6824150239450446,ENSG00000197122;ENSG00000185245;ENSG00000108821;ENSG00000164692
REACTOME_NEUREXINS_AND_NEUROLIGINS,prerank,-1.0841599517192346,0.3461235512546416,0.6827740534268514,ENSG00000179526;ENSG00000196338;ENSG00000170579;ENSG00000136854;ENSG00000104863;ENSG00000169992;ENSG00000051128;ENSG00000132535;ENSG00000067715;ENSG00000103942;ENSG00000173227;ENSG00000082397;ENSG00000110076;ENSG00000146006;ENSG00000147044;ENSG00000162951;ENSG00000088367;ENSG00000105464;ENSG00000146938;ENSG00000170743;ENSG00000115109;ENSG00000161681;ENSG00000021645;ENSG00000111052
REACTOME_INSULIN_RECEPTOR_SIGNALLING_CASCADE,prerank,-1.0846868175991407,0.3473684210526316,0.6829842277310809,ENSG00000129682;ENSG00000066468;ENSG00000077782;ENSG00000156427;ENSG00000152270;ENSG00000102882;ENSG00000068078;ENSG00000160867;ENSG00000169047;ENSG00000105647;ENSG00000033327;ENSG00000078142;ENSG00000133703;ENSG00000090554;ENSG00000160691;ENSG00000140992;ENSG00000179295;ENSG00000106070;ENSG00000101255;ENSG00000185950;ENSG00000101464;ENSG00000051382;ENSG00000140285;ENSG00000105221
REACTOME_DOWNSTREAM_SIGNALING_OF_ACTIVATED_FGFR4,prerank,0.8917859077338963,0.6336831584207896,0.6832000032765685,ENSG00000177885;ENSG00000174775
REACTOME_SIGNALING_BY_FGFR1,prerank,-1.0820287515933091,0.35107237068471153,0.683779052039387,ENSG00000129682;ENSG00000197122;ENSG00000077782;ENSG00000221983;ENSG00000125848;ENSG00000069702;ENSG00000137218;ENSG00000170315;ENSG00000156427;ENSG00000104695;ENSG00000102882;ENSG00000113575;ENSG00000143947;ENSG00000166068;ENSG00000198369;ENSG00000136158;ENSG00000126500;ENSG00000127418;ENSG00000133703;ENSG00000011201;ENSG00000160691;ENSG00000179295
REACTOME_RAS_PROCESSING,prerank,-1.0801430147352398,0.3691200198585081,0.6840301455674415,ENSG00000221983;ENSG00000129968;ENSG00000170315;ENSG00000136379;ENSG00000116237;ENSG00000143947;ENSG00000257365;ENSG00000198668;ENSG00000213465;ENSG00000133703;ENSG00000156973
REACTOME_RHOA_GTPASE_CYCLE,prerank,-1.0847423551432045,0.3124607329842932,0.6846159012663273,ENSG00000196155;ENSG00000008323;ENSG00000240771;ENSG00000147799;ENSG00000035499;ENSG00000122966;ENSG00000079482;ENSG00000213390;ENSG00000050327;ENSG00000161800;ENSG00000160447;ENSG00000137962;ENSG00000171680;ENSG00000123143;ENSG00000183856;ENSG00000076706;ENSG00000011426;ENSG00000114993;ENSG00000120318;ENSG00000160007;ENSG00000106636;ENSG00000131941;ENSG00000204178;ENSG00000088986;ENSG00000164040;ENSG00000107897;ENSG00000177469;ENSG00000164691;ENSG00000156299;ENSG00000110237;ENSG00000120802;ENSG00000196935;ENSG00000136710;ENSG00000162236;ENSG00000145819;ENSG00000165801;ENSG00000125037;ENSG00000154358;ENSG00000089639;ENSG00000142632;ENSG00000139734;ENSG00000118804;ENSG00000101977
REACTOME_ACTIVATED_NOTCH1_TRANSMITS_SIGNAL_TO_THE_NUCLEUS,prerank,-1.0802676304045569,0.36522991955817025,0.6854270542881782,ENSG00000221983;ENSG00000170315;ENSG00000205155;ENSG00000091073;ENSG00000138613;ENSG00000198719;ENSG00000110042;ENSG00000162736;ENSG00000214357;ENSG00000185559;ENSG00000143947
REACTOME_MET_RECEPTOR_RECYCLING,prerank,0.889519418494766,0.605716523101018,0.6854958367619859,ENSG00000177885
REACTOME_NUCLEAR_RNA_DECAY,prerank,-1.0803865742235101,0.3593972472710014,0.6868534316315434,ENSG00000197223;ENSG00000100836;ENSG00000120699;ENSG00000135698;ENSG00000077348;ENSG00000076053;ENSG00000107371;ENSG00000158545;ENSG00000171824;ENSG00000171311;ENSG00000136937;ENSG00000178896;ENSG00000114503;ENSG00000147905;ENSG00000075914;ENSG00000083520;ENSG00000115421;ENSG00000133858;ENSG00000033030;ENSG00000123737;ENSG00000204348;ENSG00000121274;ENSG00000091009;ENSG00000039123
REACTOME_ACTIVATION_OF_NMDA_RECEPTORS_AND_POSTSYNAPTIC_EVENTS,prerank,-1.0772691740593088,0.34918404841672973,0.6908009448354654,ENSG00000198033;ENSG00000126787;ENSG00000134072;ENSG00000137267;ENSG00000197122;ENSG00000167552;ENSG00000175175;ENSG00000104833;ENSG00000101162;ENSG00000058404;ENSG00000104863;ENSG00000125675;ENSG00000132535;ENSG00000072133;ENSG00000117676;ENSG00000164742;ENSG00000004660;ENSG00000102882;ENSG00000142875;ENSG00000177189;ENSG00000155511;ENSG00000100034;ENSG00000198668;ENSG00000110931;ENSG00000137285;ENSG00000111725;ENSG00000176014;ENSG00000147044;ENSG00000152495;ENSG00000133703;ENSG00000148660;ENSG00000005249;ENSG00000132356;ENSG00000105464;ENSG00000140992
REACTOME_REGULATION_OF_TP53_ACTIVITY_THROUGH_ASSOCIATION_WITH_CO_FACTORS,prerank,0.8860527348190161,0.6113074204946997,0.6910617652219991,ENSG00000161642;ENSG00000151615
REACTOME_MODULATION_OF_HOST_RESPONSES_BY_IFN_STIMULATED_GENES,prerank,-1.0760039075646772,0.38086824835941446,0.6927974734309771,ENSG00000107201;ENSG00000172071;ENSG00000165949;ENSG00000096060;ENSG00000182179;ENSG00000044574;ENSG00000137959;ENSG00000138646;ENSG00000156587
REACTOME_DOPAMINE_NEUROTRANSMITTER_RELEASE_CYCLE,prerank,0.8810967922839894,0.658074697527617,0.6996438599573146,ENSG00000143847;ENSG00000106089
REACTOME_DOWNSTREAM_SIGNALING_OF_ACTIVATED_FGFR2,prerank,0.8779059676501614,0.6722013926084628,0.7047099964685047,ENSG00000177885;ENSG00000174775;ENSG00000186895;ENSG00000075388
REACTOME_SYNTHESIS_OF_ACTIVE_UBIQUITIN_ROLES_OF_E1_AND_E2_ENZYMES,prerank,-1.0688184340464588,0.3808786760328611,0.7070816416961341,ENSG00000175063;ENSG00000221983;ENSG00000099804;ENSG00000170315;ENSG00000170142;ENSG00000108106;ENSG00000077152;ENSG00000131508;ENSG00000140367;ENSG00000072401;ENSG00000143947;ENSG00000132388;ENSG00000119048
REACTOME_NEGATIVE_REGULATION_OF_FGFR2_SIGNALING,prerank,-1.0698124794089094,0.3790526696396288,0.7077236655502853,ENSG00000129682;ENSG00000197122;ENSG00000066468;ENSG00000221983;ENSG00000170315;ENSG00000156427;ENSG00000104695;ENSG00000102882;ENSG00000113575;ENSG00000143947
REACTOME_NETRIN_1_SIGNALING,prerank,-1.0691996746980839,0.3806474149976712,0.7077332576577081,ENSG00000196470;ENSG00000197122;ENSG00000067141;ENSG00000135439;ENSG00000010810;ENSG00000187323;ENSG00000113763;ENSG00000174136;ENSG00000144935;ENSG00000133107;ENSG00000179295;ENSG00000099204;ENSG00000070831;ENSG00000106299;ENSG00000171587;ENSG00000145555;ENSG00000137672;ENSG00000182175;ENSG00000158092;ENSG00000184347
REACTOME_ETHANOL_OXIDATION,prerank,-1.070042146660617,0.3839717610145117,0.7088329809738283,ENSG00000131069;ENSG00000196616;ENSG00000111275
REACTOME_PI_METABOLISM,prerank,-1.0673517404990984,0.3703379634693208,0.7096939768222017,ENSG00000185133;ENSG00000185361;ENSG00000105559;ENSG00000168118;ENSG00000171862;ENSG00000186111;ENSG00000166908;ENSG00000168918;ENSG00000003987;ENSG00000144566;ENSG00000006007;ENSG00000176783;ENSG00000106086;ENSG00000102010;ENSG00000163629;ENSG00000102886;ENSG00000105647;ENSG00000011405;ENSG00000143398;ENSG00000078142;ENSG00000132376;ENSG00000108389;ENSG00000087053;ENSG00000116095;ENSG00000051382;ENSG00000104643;ENSG00000158555;ENSG00000183578;ENSG00000038210;ENSG00000180957;ENSG00000130653;ENSG00000153982;ENSG00000052126;ENSG00000100241;ENSG00000121879;ENSG00000141506;ENSG00000241973;ENSG00000115020;ENSG00000198825;ENSG00000164303;ENSG00000040933;ENSG00000155252;ENSG00000103043;ENSG00000112367;ENSG00000166912;ENSG00000196455;ENSG00000211456;ENSG00000165782
REACTOME_NEGATIVE_REGULATION_OF_THE_PI3K_AKT_NETWORK,prerank,-1.0666942145041374,0.35754606454361487,0.7098686252905259,ENSG00000129682;ENSG00000141736;ENSG00000197122;ENSG00000066468;ENSG00000077782;ENSG00000163600;ENSG00000068971;ENSG00000156427;ENSG00000104695;ENSG00000171862;ENSG00000186111;ENSG00000117020;ENSG00000166908;ENSG00000137331;ENSG00000102882;ENSG00000068078;ENSG00000160867;ENSG00000113575;ENSG00000010810;ENSG00000176697;ENSG00000140538;ENSG00000128340;ENSG00000169047;ENSG00000105647;ENSG00000113070;ENSG00000142208;ENSG00000033327;ENSG00000177105;ENSG00000113721;ENSG00000143398;ENSG00000225950;ENSG00000140009;ENSG00000066027;ENSG00000090554;ENSG00000179295;ENSG00000115808;ENSG00000198001;ENSG00000101255;ENSG00000185950;ENSG00000101464;ENSG00000051382;ENSG00000140285;ENSG00000105221;ENSG00000154001
REACTOME_ADP_SIGNALLING_THROUGH_P2Y_PURINOCEPTOR_1,prerank,-1.0660575799468948,0.38940316686967114,0.7099594857660336,ENSG00000111664;ENSG00000197122;ENSG00000168243;ENSG00000088256;ENSG00000127920;ENSG00000162188;ENSG00000069966;ENSG00000116711;ENSG00000176533;ENSG00000172354;ENSG00000112062
REACTOME_DOWNSTREAM_SIGNAL_TRANSDUCTION,prerank,0.8736762480014435,0.6860398860398861,0.7116645970945202,ENSG00000177885;ENSG00000174775;ENSG00000100311
REACTOME_FACTORS_INVOLVED_IN_MEGAKARYOCYTE_DEVELOPMENT_AND_PLATELET_PRODUCTION,prerank,-1.0644477345000378,0.3593652119440384,0.7129859649716991,ENSG00000090889;ENSG00000104892;ENSG00000237649;ENSG00000135596;ENSG00000186185;ENSG00000198033;ENSG00000112984;ENSG00000024422;ENSG00000064961;ENSG00000138778;ENSG00000163808;ENSG00000142945;ENSG00000137807;ENSG00000137267;ENSG00000123374;ENSG00000161800;ENSG00000166483;ENSG00000084731;ENSG00000167552;ENSG00000121621;ENSG00000104833;ENSG00000185022;ENSG00000136883;ENSG00000130158;ENSG00000101162
REACTOME_P75_NTR_RECEPTOR_MEDIATED_SIGNALLING,prerank,-1.0637199340330583,0.36568532298069667,0.713389771217866,ENSG00000102302;ENSG00000131089;ENSG00000137135;ENSG00000179222;ENSG00000050327;ENSG00000040608;ENSG00000129675;ENSG00000166681;ENSG00000171680;ENSG00000221983;ENSG00000146426;ENSG00000170315;ENSG00000205155;ENSG00000090924;ENSG00000002330;ENSG00000138613;ENSG00000161011;ENSG00000162736;ENSG00000156299;ENSG00000164305;ENSG00000110237;ENSG00000169783;ENSG00000064300;ENSG00000143947;ENSG00000165801;ENSG00000154358;ENSG00000142632;ENSG00000101977;ENSG00000214694;ENSG00000142856;ENSG00000114790
REACTOME_TRYPTOPHAN_CATABOLISM,prerank,-1.0626693294438978,0.4014341590612777,0.7147325647962792,ENSG00000171097;ENSG00000180773;ENSG00000103257;ENSG00000183077;ENSG00000168003;ENSG00000109576;ENSG00000162882
REACTOME_RHO_GTPASE_CYCLE,prerank,-1.060961529681749,0.3067589249899719,0.7162550347695295,ENSG00000102302;ENSG00000131089;ENSG00000136026;ENSG00000196155;ENSG00000167617;ENSG00000008323;ENSG00000240771;ENSG00000242173;ENSG00000137135;ENSG00000115963;ENSG00000147799;ENSG00000035499;ENSG00000122966;ENSG00000077264;ENSG00000118193;ENSG00000079482;ENSG00000213390;ENSG00000155366;ENSG00000050327;ENSG00000008517;ENSG00000161800;ENSG00000008853;ENSG00000197122;ENSG00000142627;ENSG00000129675;ENSG00000129219;ENSG00000160447;ENSG00000164050;ENSG00000108830;ENSG00000137962;ENSG00000171680;ENSG00000123143;ENSG00000150093;ENSG00000149357;ENSG00000176788;ENSG00000183856;ENSG00000167460;ENSG00000076706;ENSG00000130158;ENSG00000004777;ENSG00000146426;ENSG00000011426;ENSG00000131016;ENSG00000182504;ENSG00000102401;ENSG00000055163;ENSG00000137218;ENSG00000114993;ENSG00000162738;ENSG00000159314;ENSG00000173156;ENSG00000120318;ENSG00000160007;ENSG00000198780;ENSG00000097096;ENSG00000153404;ENSG00000090924;ENSG00000112079;ENSG00000106636;ENSG00000149798;ENSG00000137133;ENSG00000105137;ENSG00000169750;ENSG00000131941;ENSG00000204178;ENSG00000242247;ENSG00000006453;ENSG00000159259;ENSG00000075391;ENSG00000113758;ENSG00000107957;ENSG00000146729;ENSG00000213619;ENSG00000088986;ENSG00000164040;ENSG00000051523;ENSG00000107897;ENSG00000166200;ENSG00000158062;ENSG00000177469;ENSG00000133818;ENSG00000164691;ENSG00000156299;ENSG00000138735;ENSG00000113368;ENSG00000110237;ENSG00000174943;ENSG00000120802;ENSG00000147251;ENSG00000196586;ENSG00000196935;ENSG00000136710;ENSG00000162236;ENSG00000145819;ENSG00000073712;ENSG00000015285;ENSG00000165801;ENSG00000125037;ENSG00000137992;ENSG00000154358;ENSG00000089639;ENSG00000121871;ENSG00000115355;ENSG00000142632;ENSG00000139734;ENSG00000118804;ENSG00000163629;ENSG00000138663;ENSG00000101977;ENSG00000135622;ENSG00000128609;ENSG00000132970;ENSG00000096696;ENSG00000130669;ENSG00000006607;ENSG00000079387;ENSG00000120899;ENSG00000128512;ENSG00000128340;ENSG00000198142;ENSG00000173327;ENSG00000061676;ENSG00000196220;ENSG00000126785;ENSG00000114790;ENSG00000198752;ENSG00000105647;ENSG00000137942;ENSG00000168421;ENSG00000046604;ENSG00000196700;ENSG00000122574;ENSG00000165895;ENSG00000137831;ENSG00000116209;ENSG00000161791;ENSG00000177105;ENSG00000107890
REACTOME_IKK_COMPLEX_RECRUITMENT_MEDIATED_BY_RIP1,prerank,-1.061070897364991,0.3948982094677459,0.7177145637394106,ENSG00000004139;ENSG00000221983;ENSG00000170315;ENSG00000131508;ENSG00000072401;ENSG00000143947;ENSG00000109332;ENSG00000244687;ENSG00000136869
REACTOME_SYNTHESIS_SECRETION_AND_INACTIVATION_OF_GLUCAGON_LIKE_PEPTIDE_1_GLP_1,prerank,-1.0597388831521894,0.3970870065159065,0.7180864308030915,ENSG00000111664;ENSG00000118363;ENSG00000166562;ENSG00000114902;ENSG00000165556;ENSG00000129128
REACTOME_REGULATION_OF_CDH11_GENE_TRANSCRIPTION,prerank,0.868293572438169,0.6413484971567831,0.7206949463063365,ENSG00000129351;ENSG00000103241;ENSG00000152784
REACTOME_SIGNALING_BY_RHO_GTPASES_MIRO_GTPASES_AND_RHOBTB3,prerank,-1.0564938730623306,0.28582858285828583,0.7259337160944078,ENSG00000166851;ENSG00000102302;ENSG00000131089;ENSG00000143228;ENSG00000115163;ENSG00000136026;ENSG00000104892;ENSG00000178999;ENSG00000196155;ENSG00000167617;ENSG00000008323;ENSG00000240771;ENSG00000242173;ENSG00000137135;ENSG00000115963;ENSG00000147799;ENSG00000089685;ENSG00000035499;ENSG00000198033;ENSG00000156970;ENSG00000134690;ENSG00000122966;ENSG00000077264;ENSG00000152253;ENSG00000118193;ENSG00000138778;ENSG00000142945;ENSG00000080986;ENSG00000079482;ENSG00000117399;ENSG00000153044;ENSG00000213390;ENSG00000155366;ENSG00000137267;ENSG00000050327;ENSG00000008517;ENSG00000161800;ENSG00000008853;ENSG00000197122;ENSG00000142627;ENSG00000167552;ENSG00000102384;ENSG00000137812;ENSG00000129675;ENSG00000121621;ENSG00000117724;ENSG00000174442;ENSG00000161888;ENSG00000129219;ENSG00000160447;ENSG00000164050;ENSG00000246705;ENSG00000108830;ENSG00000070087;ENSG00000104833;ENSG00000137962;ENSG00000171680;ENSG00000129810;ENSG00000072864;ENSG00000123143;ENSG00000150093;ENSG00000149357;ENSG00000176788;ENSG00000183856;ENSG00000158402;ENSG00000167460;ENSG00000076706;ENSG00000130158;ENSG00000120334;ENSG00000004777;ENSG00000166451;ENSG00000175216;ENSG00000184445;ENSG00000105357;ENSG00000146426;ENSG00000101162;ENSG00000011426;ENSG00000157020;ENSG00000131016;ENSG00000149636;ENSG00000182504;ENSG00000102401;ENSG00000055163;ENSG00000164109;ENSG00000104863;ENSG00000185386;ENSG00000137218;ENSG00000114993;ENSG00000123219;ENSG00000162738;ENSG00000159314;ENSG00000173156;ENSG00000120318;ENSG00000160007;ENSG00000068971;ENSG00000154839;ENSG00000186871;ENSG00000198780;ENSG00000151725;ENSG00000097096;ENSG00000163932;ENSG00000075188;ENSG00000153404;ENSG00000111276;ENSG00000090924;ENSG00000112079;ENSG00000175279;ENSG00000106636;ENSG00000169679;ENSG00000149798;ENSG00000174996;ENSG00000040275;ENSG00000163535;ENSG00000137133;ENSG00000105137;ENSG00000169750;ENSG00000104695;ENSG00000131941;ENSG00000132535;ENSG00000204178;ENSG00000107404;ENSG00000242247;ENSG00000006453;ENSG00000159259;ENSG00000075391;ENSG00000113758;ENSG00000105968;ENSG00000107957;ENSG00000177954;ENSG00000146729;ENSG00000118680;ENSG00000115993;ENSG00000213619;ENSG00000088986;ENSG00000164040;ENSG00000051523;ENSG00000154473;ENSG00000107897;ENSG00000166200;ENSG00000158062;ENSG00000177469;ENSG00000133818;ENSG00000164691;ENSG00000156299;ENSG00000138735;ENSG00000113368;ENSG00000110237;ENSG00000127445;ENSG00000174943;ENSG00000102882;ENSG00000120802;ENSG00000147251;ENSG00000196586;ENSG00000113575;ENSG00000196935;ENSG00000136710;ENSG00000162236;ENSG00000117697;ENSG00000145819;ENSG00000073712;ENSG00000015285;ENSG00000165801;ENSG00000125037;ENSG00000137992;ENSG00000154358;ENSG00000089639;ENSG00000121871;ENSG00000164292;ENSG00000115355;ENSG00000142632;ENSG00000139734;ENSG00000118804;ENSG00000163629;ENSG00000138663;ENSG00000101977;ENSG00000135622;ENSG00000161202;ENSG00000184260;ENSG00000128609;ENSG00000132970;ENSG00000096696;ENSG00000130669;ENSG00000006607;ENSG00000137171;ENSG00000120253;ENSG00000079387;ENSG00000120899;ENSG00000198668;ENSG00000128512;ENSG00000128340;ENSG00000198142;ENSG00000173327;ENSG00000061676;ENSG00000196220;ENSG00000126785;ENSG00000137285;ENSG00000142856;ENSG00000114790;ENSG00000186575;ENSG00000198752;ENSG00000105647;ENSG00000137942;ENSG00000168421;ENSG00000176014;ENSG00000046604;ENSG00000196700;ENSG00000122574;ENSG00000165895;ENSG00000137831;ENSG00000116209;ENSG00000161791;ENSG00000177105;ENSG00000132475;ENSG00000107890
REACTOME_ACTIVATION_OF_THE_MRNA_UPON_BINDING_OF_THE_CAP_BINDING_COMPLEX_AND_EIFS_AND_SUBSEQUENT_BINDING_TO_43S,prerank,-1.0556430117990019,0.39046860782529574,0.7266591580026226,ENSG00000149806;ENSG00000115268;ENSG00000105372;ENSG00000178982;ENSG00000175390;ENSG00000110700;ENSG00000142534;ENSG00000177954;ENSG00000185088;ENSG00000140988;ENSG00000171858;ENSG00000187840;ENSG00000184110;ENSG00000143947;ENSG00000197728;ENSG00000118181;ENSG00000124614;ENSG00000104131;ENSG00000149273;ENSG00000100129;ENSG00000161960;ENSG00000125977;ENSG00000105193;ENSG00000145425;ENSG00000138326;ENSG00000134419;ENSG00000170889;ENSG00000083845;ENSG00000151247;ENSG00000171863;ENSG00000070756;ENSG00000137154;ENSG00000156976;ENSG00000149100
REACTOME_ASPARTATE_AND_ASPARAGINE_METABOLISM,prerank,0.8630377921099329,0.6443032949583168,0.7294197516985711,ENSG00000125166
REACTOME_DOWNREGULATION_OF_SMAD2_3_SMAD4_TRANSCRIPTIONAL_ACTIVITY,prerank,-1.0539886415888502,0.40389207258834764,0.7297983399426199,ENSG00000018408;ENSG00000177426;ENSG00000221983;ENSG00000108854;ENSG00000170315;ENSG00000106366;ENSG00000101665;ENSG00000118707;ENSG00000143799;ENSG00000102882;ENSG00000072401;ENSG00000143947
REACTOME_SLC_MEDIATED_TRANSPORT_OF_ORGANIC_ANIONS,prerank,0.8620119525481635,0.7262059973924381,0.730201546710775,ENSG00000172270;ENSG00000108528;ENSG00000141526
REACTOME_FORMATION_OF_THE_ANTERIOR_NEURAL_PLATE,prerank,-1.0529934195752173,0.40924932975871314,0.7309527266033496,ENSG00000198795;ENSG00000181449;ENSG00000169554;ENSG00000165588;ENSG00000007372;ENSG00000182968;ENSG00000204531;ENSG00000043355
REACTOME_INFECTION_WITH_ENTEROBACTERIA,prerank,-1.0519469079333952,0.40177095631641085,0.7322431202946676,ENSG00000197565;ENSG00000204262;ENSG00000221983;ENSG00000134871;ENSG00000170315;ENSG00000091136;ENSG00000101680;ENSG00000130635;ENSG00000131508;ENSG00000143947;ENSG00000196569;ENSG00000198668;ENSG00000135862;ENSG00000188153;ENSG00000143933;ENSG00000112769;ENSG00000119888
REACTOME_TRANSCRIPTIONAL_ACTIVITY_OF_SMAD2_SMAD3_SMAD4_HETEROTRIMER,prerank,-1.0510255318969244,0.40814705548621355,0.7331512014274035,ENSG00000140564;ENSG00000018408;ENSG00000177426;ENSG00000221983;ENSG00000108854;ENSG00000170315;ENSG00000106366;ENSG00000198176;ENSG00000101665;ENSG00000118707;ENSG00000143799;ENSG00000164692;ENSG00000133740;ENSG00000102882;ENSG00000072401;ENSG00000143947;ENSG00000080839;ENSG00000109332
REACTOME_ABC_TRANSPORTERS_IN_LIPID_HOMEOSTASIS,prerank,-1.0476645240985092,0.4214160180768265,0.7412801444872944,ENSG00000167972;ENSG00000107331;ENSG00000162735;ENSG00000101986;ENSG00000154258;ENSG00000154262;ENSG00000160179;ENSG00000034693;ENSG00000064687;ENSG00000154263;ENSG00000138075
REACTOME_SIGNAL_ATTENUATION,prerank,0.8546613073063258,0.6644787644787645,0.7427083145516301,ENSG00000177885
REACTOME_TRAF3_DEPENDENT_IRF_ACTIVATION_PATHWAY,prerank,-1.0465020438890829,0.42590189462756295,0.7429572903756752,ENSG00000107201;ENSG00000181481;ENSG00000052723
REACTOME_CYP2E1_REACTIONS,prerank,0.8516017941971618,0.6628322094406981,0.7449826947693851,ENSG00000255974;ENSG00000130649;ENSG00000138109;ENSG00000198077;ENSG00000165841;ENSG00000138115;ENSG00000197408;ENSG00000100197;ENSG00000167600;ENSG00000197446
REACTOME_SCAVENGING_BY_CLASS_B_RECEPTORS,prerank,0.8519661058349413,0.6702495201535509,0.7454413692970279,ENSG00000117450;ENSG00000173432;ENSG00000084674
REACTOME_FGFR1_MUTANT_RECEPTOR_ACTIVATION,prerank,0.8521759400482085,0.7090095131505316,0.7461848343716043,ENSG00000177885;ENSG00000111605
REACTOME_ORGANIC_ANION_TRANSPORT_BY_SLCO_TRANSPORTERS,prerank,0.8499678054747853,0.6623270951993491,0.7468580486965064,ENSG00000134538;ENSG00000101200;ENSG00000101187;ENSG00000174640;ENSG00000176463;ENSG00000111700;ENSG00000137491;ENSG00000173930;ENSG00000084453;ENSG00000139155;ENSG00000147100
REACTOME_PROCESSING_OF_CAPPED_INTRONLESS_PRE_MRNA,prerank,0.8486967933579177,0.7200694042799306,0.7481107318015172,ENSG00000125755;ENSG00000111605
REACTOME_FGFR1_LIGAND_BINDING_AND_ACTIVATION,prerank,-1.0439390391140977,0.4176294950019473,0.7486951624790069,ENSG00000129682;ENSG00000077782;ENSG00000069702
REACTOME_ASSEMBLY_OF_ACTIVE_LPL_AND_LIPC_LIPASE_COMPLEXES,prerank,-1.0423657362875645,0.4158428390367554,0.7515394496094006,ENSG00000140564;ENSG00000100258;ENSG00000110244;ENSG00000140943;ENSG00000175445
REACTOME_ENTEROBACTERIAL_FACTORS_ANTAGONIZE_HOST_DEFENSE,prerank,0.8443776076567665,0.6748438893844781,0.7547779238596604,ENSG00000150991;ENSG00000160014
REACTOME_REGULATION_OF_ENDOGENOUS_RETROELEMENTS_BY_KRAB_ZFP_PROTEINS,prerank,-1.0401932913208845,0.41837644959857273,0.7561467635063908,ENSG00000196724;ENSG00000246705;ENSG00000184635;ENSG00000168661;ENSG00000105968;ENSG00000196417;ENSG00000198538;ENSG00000180257;ENSG00000161298;ENSG00000189180;ENSG00000178187;ENSG00000130844;ENSG00000188612;ENSG00000198039;ENSG00000167554;ENSG00000184260;ENSG00000188295;ENSG00000173041;ENSG00000198093;ENSG00000131127;ENSG00000132475;ENSG00000188486;ENSG00000197903;ENSG00000158373;ENSG00000267680;ENSG00000196890;ENSG00000198633;ENSG00000169131;ENSG00000171681;ENSG00000102054;ENSG00000184678;ENSG00000057935
REACTOME_P130CAS_LINKAGE_TO_MAPK_SIGNALING_FOR_INTEGRINS,prerank,-1.0380125684200063,0.43128692525044954,0.7570756360664413,ENSG00000050820;ENSG00000197122;ENSG00000005961;ENSG00000171560
REACTOME_ACTIVATION_OF_KAINATE_RECEPTORS_UPON_GLUTAMATE_BINDING,prerank,-1.0390634927504572,0.4229234675371781,0.7576298385073473,ENSG00000126787;ENSG00000111664;ENSG00000168243;ENSG00000105737;ENSG00000127920;ENSG00000132535;ENSG00000162188;ENSG00000069966;ENSG00000198668;ENSG00000104490;ENSG00000176533;ENSG00000182621
REACTOME_SIGNALING_BY_MET,prerank,-1.0384205795749923,0.41201009990119664,0.7576882269687594,ENSG00000168542;ENSG00000197122;ENSG00000167642;ENSG00000204262;ENSG00000150093;ENSG00000221983;ENSG00000108821;ENSG00000168118;ENSG00000170315;ENSG00000091136;ENSG00000101680;ENSG00000130635;ENSG00000196739;ENSG00000164692;ENSG00000143947;ENSG00000060718;ENSG00000149177;ENSG00000196569;ENSG00000138592;ENSG00000140600;ENSG00000175354;ENSG00000135862;ENSG00000131746;ENSG00000144749;ENSG00000141084;ENSG00000133703;ENSG00000160691;ENSG00000112769;ENSG00000179295
REACTOME_POSITIVE_REGULATION_OF_CDH1_GENE_TRANSCRIPTION,prerank,0.8416816817332812,0.6695205479452054,0.7583901409073435,ENSG00000125798;ENSG00000137203
REACTOME_PROCESSIVE_SYNTHESIS_ON_THE_LAGGING_STRAND,prerank,-1.03536583003622,0.4342309684101502,0.7594447673534499,ENSG00000106399;ENSG00000198056;ENSG00000132646;ENSG00000175482;ENSG00000062822;ENSG00000014138;ENSG00000117748
REACTOME_SYNTHESIS_OF_PE,prerank,-1.0365333534068113,0.4375162043038631,0.7596148127959028,ENSG00000185813;ENSG00000134255;ENSG00000100288;ENSG00000134324;ENSG00000138018;ENSG00000139163;ENSG00000143845
REACTOME_ANCHORING_OF_THE_BASAL_BODY_TO_THE_PLASMA_MEMBRANE,prerank,-1.035420563467075,0.4229860365198711,0.7611042707164789,ENSG00000166851;ENSG00000186638;ENSG00000101004;ENSG00000170312;ENSG00000117650;ENSG00000137267;ENSG00000142731;ENSG00000167552;ENSG00000103995;ENSG00000104833;ENSG00000072864;ENSG00000188878;ENSG00000175216;ENSG00000136861;ENSG00000182504;ENSG00000168778;ENSG00000137100;ENSG00000176101;ENSG00000108641;ENSG00000101624;ENSG00000152240;ENSG00000147400;ENSG00000144061;ENSG00000088986;ENSG00000151849;ENSG00000204852;ENSG00000101639;ENSG00000148019;ENSG00000136811;ENSG00000135315;ENSG00000128881;ENSG00000151466;ENSG00000182923;ENSG00000168014;ENSG00000213066;ENSG00000114107;ENSG00000164953
REACTOME_SUMOYLATION_OF_IMMUNE_RESPONSE_PROTEINS,prerank,0.8384918795309029,0.6882172915072685,0.7629113072548422,ENSG00000184900
REACTOME_REGULATION_OF_KIT_SIGNALING,prerank,0.8367558122752394,0.6950892857142857,0.7647833974756282,ENSG00000177885
REACTOME_INCRETIN_SYNTHESIS_SECRETION_AND_INACTIVATION,prerank,-1.0322057854538649,0.43606762680025046,0.7668840744697303,ENSG00000111664;ENSG00000118363;ENSG00000166562;ENSG00000114902;ENSG00000165556;ENSG00000129128;ENSG00000136574
REACTOME_SIGNALING_BY_TGFB_FAMILY_MEMBERS,prerank,-1.0314510699739197,0.4231890091590341,0.7672720675121243,ENSG00000157227;ENSG00000129682;ENSG00000114739;ENSG00000101938;ENSG00000140564;ENSG00000090006;ENSG00000018408;ENSG00000150093;ENSG00000152284;ENSG00000177426;ENSG00000221983;ENSG00000070404;ENSG00000108854;ENSG00000163430;ENSG00000120693;ENSG00000135503;ENSG00000069702;ENSG00000119699;ENSG00000170315;ENSG00000205155;ENSG00000106366;ENSG00000198176;ENSG00000138613;ENSG00000101665;ENSG00000140262;ENSG00000049323;ENSG00000175550;ENSG00000118707;ENSG00000143799;ENSG00000134323;ENSG00000130725;ENSG00000158769;ENSG00000134363;ENSG00000162736;ENSG00000164692;ENSG00000133740;ENSG00000102882;ENSG00000039319;ENSG00000072401;ENSG00000143947;ENSG00000035862;ENSG00000103266;ENSG00000080839;ENSG00000105855;ENSG00000109332;ENSG00000106799
REACTOME_ACETYLCHOLINE_BINDING_AND_DOWNSTREAM_EVENTS,prerank,-1.030187017117644,0.43849338854013625,0.7673254018641554,ENSG00000108556;ENSG00000080644;ENSG00000169684;ENSG00000196811
REACTOME_PRESYNAPTIC_NICOTINIC_ACETYLCHOLINE_RECEPTORS,prerank,-1.030187017117644,0.43849338854013625,0.7673254018641554,ENSG00000108556;ENSG00000080644;ENSG00000169684;ENSG00000196811
REACTOME_MISCELLANEOUS_TRANSPORT_AND_BINDING_EVENTS,prerank,-1.0286359866465251,0.43483994724853137,0.768256341991231,ENSG00000170113;ENSG00000112077;ENSG00000171017;ENSG00000102158;ENSG00000136802;ENSG00000040531;ENSG00000171492;ENSG00000140157;ENSG00000126545
REACTOME_REGULATION_OF_BACH1_ACTIVITY,prerank,-1.0288312969428963,0.4411997885835095,0.7694937593621106,ENSG00000126756;ENSG00000221983;ENSG00000170315;ENSG00000143947;ENSG00000100387;ENSG00000198517;ENSG00000055130
REACTOME_SYNDECAN_INTERACTIONS,prerank,-1.0250178036793183,0.44475781729000613,0.775194067104868,ENSG00000129682;ENSG00000168542;ENSG00000204262;ENSG00000150093;ENSG00000162512;ENSG00000108821;ENSG00000115884;ENSG00000130635;ENSG00000164692
REACTOME_NEUROTRANSMITTER_RECEPTORS_AND_POSTSYNAPTIC_SIGNAL_TRANSMISSION,prerank,-1.0253160007393254,0.4326073556605712,0.7761340339502592,ENSG00000011677;ENSG00000113327;ENSG00000131089;ENSG00000022355;ENSG00000198033;ENSG00000126787;ENSG00000111664;ENSG00000134072;ENSG00000137267;ENSG00000197122;ENSG00000126583;ENSG00000167552;ENSG00000175175;ENSG00000104833;ENSG00000108556;ENSG00000123700;ENSG00000168243;ENSG00000101162;ENSG00000058404;ENSG00000104863;ENSG00000105737;ENSG00000080644;ENSG00000125675;ENSG00000179841;ENSG00000127920;ENSG00000132535;ENSG00000072133;ENSG00000109738;ENSG00000117676;ENSG00000164742;ENSG00000162188;ENSG00000004660;ENSG00000065135;ENSG00000168135;ENSG00000102882;ENSG00000196586;ENSG00000142875;ENSG00000177189;ENSG00000174233;ENSG00000204681;ENSG00000155511;ENSG00000100034;ENSG00000069966;ENSG00000198668;ENSG00000166206;ENSG00000110931;ENSG00000137285;ENSG00000111725;ENSG00000176014;ENSG00000177807;ENSG00000147044;ENSG00000169684;ENSG00000152495;ENSG00000133703;ENSG00000148660;ENSG00000104490;ENSG00000183020;ENSG00000005249;ENSG00000088367;ENSG00000176533;ENSG00000196811;ENSG00000182621;ENSG00000132356;ENSG00000105464
REACTOME_SLC_MEDIATED_TRANSPORT_OF_INORGANIC_ANIONS,prerank,0.8288840979814744,0.772609819121447,0.7774388726843848,ENSG00000164889;ENSG00000225697;ENSG00000174502;ENSG00000144290;ENSG00000091137;ENSG00000188687;ENSG00000105641;ENSG00000081800;ENSG00000113504
REACTOME_RUNX1_INTERACTS_WITH_CO_FACTORS_WHOSE_PRECISE_EFFECT_ON_RUNX1_TARGETS_IS_NOT_KNOWN,prerank,0.8269403602709107,0.7835723598435462,0.7796045109653126,ENSG00000204435;ENSG00000127616;ENSG00000099956;ENSG00000141570
REACTOME_SMAD2_SMAD3_SMAD4_HETEROTRIMER_REGULATES_TRANSCRIPTION,prerank,-1.0185383321662103,0.454254941413185,0.783136549530379,ENSG00000140564;ENSG00000018408;ENSG00000177426;ENSG00000221983;ENSG00000170315;ENSG00000106366;ENSG00000198176;ENSG00000101665;ENSG00000118707;ENSG00000164692;ENSG00000133740;ENSG00000102882;ENSG00000143947;ENSG00000080839
REACTOME_G2_M_DNA_DAMAGE_CHECKPOINT,prerank,-1.0208045868838715,0.453173546382601,0.7838487539786163,ENSG00000134057;ENSG00000035499;ENSG00000163322;ENSG00000145386;ENSG00000170312;ENSG00000166483;ENSG00000106399;ENSG00000197299;ENSG00000149554;ENSG00000171792;ENSG00000158402;ENSG00000174371;ENSG00000111445;ENSG00000163918;ENSG00000049541;ENSG00000012048;ENSG00000117748;ENSG00000067369;ENSG00000175643;ENSG00000183765;ENSG00000101773;ENSG00000133119;ENSG00000165392;ENSG00000169139;ENSG00000188486;ENSG00000197903;ENSG00000158373;ENSG00000196890;ENSG00000164924;ENSG00000104320
REACTOME_CLEC7A_DECTIN_1_INDUCES_NFAT_ACTIVATION,prerank,-1.0212911620616412,0.45544948289578363,0.7842471575188379,ENSG00000198668;ENSG00000168710;ENSG00000107758;ENSG00000150995;ENSG00000096433;ENSG00000138814;ENSG00000123104;ENSG00000072736
REACTOME_TRANSCRIPTIONAL_REGULATION_BY_TP53,prerank,-1.0185530498831015,0.4435062324085243,0.7849025708862916,ENSG00000112695;ENSG00000088325;ENSG00000178999;ENSG00000115129;ENSG00000134057;ENSG00000089685;ENSG00000036672;ENSG00000145386;ENSG00000149932;ENSG00000170312;ENSG00000131174;ENSG00000131143;ENSG00000166337;ENSG00000123374;ENSG00000165891;ENSG00000087088;ENSG00000144554;ENSG00000106399;ENSG00000173530;ENSG00000175305;ENSG00000197299;ENSG00000149554;ENSG00000087586;ENSG00000171792;ENSG00000108984;ENSG00000127184;ENSG00000149357;ENSG00000167965;ENSG00000158402;ENSG00000074590;ENSG00000174371;ENSG00000221983;ENSG00000078237;ENSG00000111775;ENSG00000132646;ENSG00000140525;ENSG00000185386;ENSG00000170315;ENSG00000129173;ENSG00000176340;ENSG00000103363;ENSG00000147669;ENSG00000198176;ENSG00000111276;ENSG00000119487;ENSG00000116017;ENSG00000111445;ENSG00000163918;ENSG00000104695;ENSG00000168002;ENSG00000138794;ENSG00000101412;ENSG00000171862;ENSG00000049541;ENSG00000042286;ENSG00000185513;ENSG00000135940;ENSG00000169372;ENSG00000136319;ENSG00000117020;ENSG00000134574;ENSG00000143499;ENSG00000166908;ENSG00000015475;ENSG00000105327;ENSG00000141391;ENSG00000151849;ENSG00000012048;ENSG00000116586;ENSG00000172530;ENSG00000083750;ENSG00000117748;ENSG00000131055;ENSG00000127445;ENSG00000111358;ENSG00000120656;ENSG00000113575;ENSG00000143947;ENSG00000164938;ENSG00000175643;ENSG00000183765;ENSG00000090097;ENSG00000170855;ENSG00000109270;ENSG00000003400;ENSG00000164885;ENSG00000158169;ENSG00000080839;ENSG00000088808;ENSG00000213246;ENSG00000101773;ENSG00000118515;ENSG00000147133;ENSG00000106290;ENSG00000005075;ENSG00000116717;ENSG00000113300;ENSG00000116954;ENSG00000198431;ENSG00000133119;ENSG00000100142;ENSG00000134058;ENSG00000178913;ENSG00000204356;ENSG00000189043;ENSG00000111725;ENSG00000165392;ENSG00000161281;ENSG00000120868;ENSG00000142208;ENSG00000096070;ENSG00000188186;ENSG00000118046;ENSG00000197780;ENSG00000020426;ENSG00000134248;ENSG00000080546;ENSG00000025039;ENSG00000092847;ENSG00000141682;ENSG00000163875;ENSG00000132356;ENSG00000155363;ENSG00000113328;ENSG00000177606;ENSG00000163882;ENSG00000082258;ENSG00000140992;ENSG00000164924;ENSG00000169230;ENSG00000186654;ENSG00000073282;ENSG00000104320;ENSG00000177595;ENSG00000090061;ENSG00000138346;ENSG00000122512;ENSG00000104884;ENSG00000164327;ENSG00000138767;ENSG00000155876;ENSG00000112378;ENSG00000137337;ENSG00000105258;ENSG00000112062;ENSG00000198625;ENSG00000113916;ENSG00000127334;ENSG00000149115;ENSG00000120889;ENSG00000154582;ENSG00000145736;ENSG00000102054;ENSG00000110768;ENSG00000152942;ENSG00000064393;ENSG00000188986;ENSG00000105221;ENSG00000057657
REACTOME_INTRA_GOLGI_AND_RETROGRADE_GOLGI_TO_ER_TRAFFIC,prerank,-1.016591048863301,0.45195948020055254,0.7851111919533712,ENSG00000090889;ENSG00000104892;ENSG00000237649;ENSG00000186185;ENSG00000198033;ENSG00000112984;ENSG00000138778;ENSG00000163808;ENSG00000079462;ENSG00000142945;ENSG00000137807;ENSG00000137267;ENSG00000161800;ENSG00000084731;ENSG00000134970;ENSG00000167552;ENSG00000179331;ENSG00000121621;ENSG00000170348;ENSG00000104833;ENSG00000136240;ENSG00000136883;ENSG00000148248;ENSG00000101162;ENSG00000111481;ENSG00000137100;ENSG00000004059;ENSG00000008256;ENSG00000177951;ENSG00000100196;ENSG00000138182;ENSG00000099246;ENSG00000106636;ENSG00000086598;ENSG00000174996;ENSG00000242247;ENSG00000213380;ENSG00000168374;ENSG00000172780;ENSG00000151746;ENSG00000183011;ENSG00000138160;ENSG00000129083;ENSG00000088986;ENSG00000136631;ENSG00000120805;ENSG00000144747;ENSG00000095139;ENSG00000143952;ENSG00000172007;ENSG00000162236
REACTOME_EVASION_BY_RSV_OF_HOST_INTERFERON_RESPONSES,prerank,-1.016987853448351,0.4645177105037382,0.7857824703037529,ENSG00000221983;ENSG00000107201;ENSG00000170315;ENSG00000103363;ENSG00000159110;ENSG00000143947;ENSG00000100387
REACTOME_MISMATCH_REPAIR,prerank,-1.0185817881383652,0.45860201186484395,0.7866404462738017,ENSG00000106399;ENSG00000174371;ENSG00000132646;ENSG00000175482;ENSG00000062822;ENSG00000117748
REACTOME_CAMK_IV_MEDIATED_PHOSPHORYLATION_OF_CREB,prerank,-1.0189059630411565,0.4555044630781715,0.7875164753645802,ENSG00000058404;ENSG00000004660;ENSG00000198668;ENSG00000110931;ENSG00000152495;ENSG00000148660;ENSG00000145349;ENSG00000118260
REACTOME_MATURATION_OF_SARS_COV_2_SPIKE_PROTEIN,prerank,-1.013666767711262,0.45938997312142105,0.7916984649950922,ENSG00000099904;ENSG00000228474;ENSG00000134910;ENSG00000102158;ENSG00000177239;ENSG00000134825;ENSG00000198856;ENSG00000136840;ENSG00000129562;ENSG00000088298;ENSG00000115275;ENSG00000033170;ENSG00000104219;ENSG00000157350;ENSG00000073849;ENSG00000110080;ENSG00000152127;ENSG00000163812;ENSG00000166391;ENSG00000124003;ENSG00000104723;ENSG00000188706
REACTOME_REGULATION_OF_SIGNALING_BY_NODAL,prerank,-1.0124342815947758,0.46661324786324787,0.7934162822299328,ENSG00000114739;ENSG00000135503;ENSG00000179284
REACTOME_TGFBR3_EXPRESSION,prerank,0.8177448196615528,0.7656765676567657,0.7941248430008072,ENSG00000166949;ENSG00000129152;ENSG00000111046
REACTOME_IRS_MEDIATED_SIGNALLING,prerank,-1.0075902644109236,0.46453734147487086,0.7946239687271066,ENSG00000129682;ENSG00000066468;ENSG00000077782;ENSG00000156427;ENSG00000152270;ENSG00000068078;ENSG00000160867;ENSG00000169047;ENSG00000105647;ENSG00000033327;ENSG00000078142;ENSG00000133703;ENSG00000090554;ENSG00000140992;ENSG00000179295;ENSG00000101255;ENSG00000185950;ENSG00000101464;ENSG00000051382;ENSG00000140285;ENSG00000105221
REACTOME_GLOBAL_GENOME_NUCLEOTIDE_EXCISION_REPAIR_GG_NER,prerank,-1.0100358993271479,0.46697755124173085,0.7948445548736814,ENSG00000106399;ENSG00000100479;ENSG00000131788;ENSG00000221983;ENSG00000121022;ENSG00000132646;ENSG00000144524;ENSG00000170315;ENSG00000175482;ENSG00000111445;ENSG00000163918;ENSG00000062822;ENSG00000049541;ENSG00000143799;ENSG00000115350;ENSG00000147400;ENSG00000134574;ENSG00000105619;ENSG00000166200;ENSG00000117748;ENSG00000111358;ENSG00000143947;ENSG00000153391;ENSG00000113812;ENSG00000188612;ENSG00000138663;ENSG00000116030;ENSG00000100387;ENSG00000129484;ENSG00000175792;ENSG00000133119;ENSG00000134058;ENSG00000005156;ENSG00000169139;ENSG00000144749;ENSG00000020426
REACTOME_ASSEMBLY_AND_CELL_SURFACE_PRESENTATION_OF_NMDA_RECEPTORS,prerank,-1.0068443125935376,0.4713301413056172,0.7949369944627136,ENSG00000198033;ENSG00000126787;ENSG00000137267;ENSG00000167552;ENSG00000104833;ENSG00000101162;ENSG00000058404;ENSG00000104863;ENSG00000132535
REACTOME_THE_PHOTOTRANSDUCTION_CASCADE,prerank,-1.007979066571084,0.4695725670127988,0.7952980955246358,ENSG00000185527;ENSG00000257365;ENSG00000114349;ENSG00000130561;ENSG00000136448;ENSG00000152465;ENSG00000069966;ENSG00000198668;ENSG00000132915
REACTOME_PURINE_SALVAGE,prerank,-1.0109899559039417,0.4721859493340298,0.7957175658885717,ENSG00000116337;ENSG00000106992;ENSG00000156136
REACTOME_TRAF6_MEDIATED_NF_KB_ACTIVATION,prerank,-1.0103416886089505,0.46766843207291536,0.7957628232124432,ENSG00000163221;ENSG00000168256;ENSG00000107201;ENSG00000204305;ENSG00000181481
REACTOME_SIGNALING_BY_FGFR,prerank,-1.0083387671127628,0.4683240649874605,0.7960788972270708,ENSG00000129682;ENSG00000197122;ENSG00000066468;ENSG00000077782;ENSG00000221983;ENSG00000103067;ENSG00000125848;ENSG00000069702;ENSG00000137218;ENSG00000170315;ENSG00000156427;ENSG00000147669;ENSG00000104695;ENSG00000168002;ENSG00000100320;ENSG00000102882;ENSG00000068078;ENSG00000160867;ENSG00000113575;ENSG00000143947;ENSG00000166068;ENSG00000005075;ENSG00000100142;ENSG00000198369;ENSG00000174721;ENSG00000136158;ENSG00000126500;ENSG00000127418;ENSG00000133703;ENSG00000104413;ENSG00000011201;ENSG00000160691;ENSG00000163882;ENSG00000179295;ENSG00000136937
REACTOME_EARLY_SARS_COV_2_INFECTION_EVENTS,prerank,-1.008864987983404,0.46778380929903235,0.7963859203009105,ENSG00000140564;ENSG00000076716;ENSG00000213420;ENSG00000162512;ENSG00000135047;ENSG00000115884;ENSG00000142798;ENSG00000147257
REACTOME_METABOLISM_OF_NUCLEOTIDES,prerank,-1.0050258403884078,0.46922660897782587,0.7964965873606429,ENSG00000103202;ENSG00000116337;ENSG00000171848;ENSG00000106992;ENSG00000198018;ENSG00000156136;ENSG00000176890;ENSG00000128951;ENSG00000168393;ENSG00000125458;ENSG00000166548;ENSG00000103024;ENSG00000179958;ENSG00000188833;ENSG00000170502;ENSG00000047230;ENSG00000114956;ENSG00000197217;ENSG00000155085;ENSG00000112667;ENSG00000165609;ENSG00000185013;ENSG00000173221;ENSG00000136159;ENSG00000198585;ENSG00000106348;ENSG00000170222;ENSG00000187097;ENSG00000196839;ENSG00000198431;ENSG00000147647;ENSG00000197586;ENSG00000138185;ENSG00000178035
REACTOME_REGULATION_OF_TP53_ACTIVITY,prerank,-1.0052142667754262,0.4832381940840685,0.7977477982566813,ENSG00000088325;ENSG00000178999;ENSG00000036672;ENSG00000145386;ENSG00000170312;ENSG00000166337;ENSG00000123374;ENSG00000106399;ENSG00000197299;ENSG00000149554;ENSG00000087586;ENSG00000171792;ENSG00000108984;ENSG00000167965;ENSG00000074590;ENSG00000174371;ENSG00000221983;ENSG00000185386;ENSG00000170315;ENSG00000119487;ENSG00000111445;ENSG00000163918;ENSG00000104695;ENSG00000049541;ENSG00000185513;ENSG00000136319;ENSG00000117020;ENSG00000143499;ENSG00000166908;ENSG00000012048;ENSG00000172530;ENSG00000117748;ENSG00000127445;ENSG00000120656;ENSG00000113575;ENSG00000143947;ENSG00000164938;ENSG00000175643;ENSG00000183765;ENSG00000164885;ENSG00000088808;ENSG00000101773;ENSG00000118515;ENSG00000147133;ENSG00000106290
REACTOME_NR1H3_NR1H2_REGULATE_GENE_EXPRESSION_LINKED_TO_CHOLESTEROL_TRANSPORT_AND_EFFLUX,prerank,-1.0031562856982958,0.4777294629216124,0.7999788659390488,ENSG00000101849;ENSG00000025434;ENSG00000130203;ENSG00000130208;ENSG00000188042;ENSG00000165029;ENSG00000115548;ENSG00000204231;ENSG00000160179;ENSG00000092847;ENSG00000155363;ENSG00000100979;ENSG00000177565;ENSG00000066135;ENSG00000165097;ENSG00000138075;ENSG00000126070;ENSG00000100354;ENSG00000186350;ENSG00000189058
REACTOME_E3_UBIQUITIN_LIGASES_UBIQUITINATE_TARGET_PROTEINS,prerank,-1.0021892551662204,0.47472199931216325,0.800914660432723,ENSG00000221983;ENSG00000131871;ENSG00000132646;ENSG00000170315;ENSG00000170142;ENSG00000157911;ENSG00000176641;ENSG00000131508;ENSG00000072401;ENSG00000143947;ENSG00000070950;ENSG00000119048;ENSG00000136986;ENSG00000168936;ENSG00000109332;ENSG00000169139;ENSG00000162928;ENSG00000197903;ENSG00000158373;ENSG00000155827;ENSG00000185651;ENSG00000146414;ENSG00000140395;ENSG00000155876;ENSG00000137815;ENSG00000077721
REACTOME_ADENYLATE_CYCLASE_INHIBITORY_PATHWAY,prerank,0.8120916187506155,0.7246929267259635,0.8022986063647058,ENSG00000114353;ENSG00000129467;ENSG00000078295;ENSG00000173175;ENSG00000141404
REACTOME_UPTAKE_AND_FUNCTION_OF_ANTHRAX_TOXINS,prerank,-0.9994805657074157,0.4855858238561227,0.8031776817727964,ENSG00000140564;ENSG00000108984;ENSG00000126934;ENSG00000198668;ENSG00000163297;ENSG00000034152
REACTOME_HYALURONAN_DEGRADATION,prerank,-0.9998735964215865,0.4790326730126061,0.8038513430032275,ENSG00000068001;ENSG00000072571;ENSG00000169919;ENSG00000119899;ENSG00000186792;ENSG00000187446
REACTOME_EPIGENETIC_REGULATION_OF_GENE_EXPRESSION_BY_MLL3_AND_MLL4_COMPLEXES,prerank,-1.0003044008018687,0.4818446288115505,0.8044188595586085,ENSG00000062282;ENSG00000119927;ENSG00000108590;ENSG00000147872;ENSG00000246705;ENSG00000101849;ENSG00000079435;ENSG00000155868;ENSG00000166821;ENSG00000105968;ENSG00000177666;ENSG00000147050;ENSG00000160563;ENSG00000164885;ENSG00000134324;ENSG00000184260;ENSG00000112237;ENSG00000175445;ENSG00000132475;ENSG00000188486;ENSG00000197903;ENSG00000158373;ENSG00000196890;ENSG00000169692;ENSG00000136146;ENSG00000177565;ENSG00000055609;ENSG00000140396;ENSG00000124641;ENSG00000245848;ENSG00000151365;ENSG00000184678;ENSG00000163041;ENSG00000186350;ENSG00000111058;ENSG00000175221;ENSG00000151726;ENSG00000196363;ENSG00000125686;ENSG00000164758;ENSG00000196498;ENSG00000124635;ENSG00000146047;ENSG00000097007;ENSG00000180596;ENSG00000096717;ENSG00000197375;ENSG00000100393;ENSG00000112282;ENSG00000117222;ENSG00000141027
REACTOME_SIGNAL_REGULATORY_PROTEIN_FAMILY_INTERACTIONS,prerank,0.80966730230536,0.7221711131554738,0.805021451048865,ENSG00000177885
REACTOME_DEACTIVATION_OF_THE_BETA_CATENIN_TRANSACTIVATING_COMPLEX,prerank,-0.9976692708766574,0.48339957914426,0.8064304385154579,ENSG00000065717;ENSG00000124766;ENSG00000178585;ENSG00000110693;ENSG00000081059;ENSG00000152284;ENSG00000221983;ENSG00000170315;ENSG00000116128;ENSG00000163348;ENSG00000196781;ENSG00000143947;ENSG00000100211;ENSG00000159692
REACTOME_RNA_POLYMERASE_III_TRANSCRIPTION_INITIATION_FROM_TYPE_1_PROMOTER,prerank,0.8057434180042149,0.802528597230584,0.8102215448371947,ENSG00000099817;ENSG00000177700
REACTOME_NEURONAL_SYSTEM,prerank,-0.9955314406039086,0.5181690423609717,0.8105666094581803,ENSG00000011677;ENSG00000113327;ENSG00000131089;ENSG00000022355;ENSG00000198033;ENSG00000179526;ENSG00000167535;ENSG00000126787;ENSG00000111664;ENSG00000134072;ENSG00000196338;ENSG00000137267;ENSG00000197122;ENSG00000126583;ENSG00000168263;ENSG00000142949;ENSG00000167552;ENSG00000067191;ENSG00000126243;ENSG00000138622;ENSG00000175175;ENSG00000128011;ENSG00000104833;ENSG00000170579;ENSG00000131409;ENSG00000148408;ENSG00000108556;ENSG00000136854;ENSG00000183960;ENSG00000123700;ENSG00000168243;ENSG00000162975;ENSG00000185985;ENSG00000101162;ENSG00000007402;ENSG00000058404;ENSG00000104863;ENSG00000169992;ENSG00000105737;ENSG00000051128;ENSG00000087085;ENSG00000080644;ENSG00000125675;ENSG00000105642;ENSG00000093010;ENSG00000117013;ENSG00000189221;ENSG00000179542;ENSG00000179841;ENSG00000127920;ENSG00000132535;ENSG00000131398;ENSG00000072133;ENSG00000109738;ENSG00000117676;ENSG00000133318;ENSG00000162383;ENSG00000164742;ENSG00000105426;ENSG00000073150;ENSG00000162188;ENSG00000067715;ENSG00000173621;ENSG00000004660;ENSG00000103942;ENSG00000065135;ENSG00000182674;ENSG00000198722;ENSG00000168135;ENSG00000006071;ENSG00000102882;ENSG00000173227;ENSG00000196586;ENSG00000104888;ENSG00000082397;ENSG00000112294;ENSG00000121871;ENSG00000111275;ENSG00000142875;ENSG00000177189;ENSG00000110076;ENSG00000174233;ENSG00000204681;ENSG00000155511;ENSG00000140538;ENSG00000132639;ENSG00000100034;ENSG00000069966;ENSG00000198668;ENSG00000166206;ENSG00000110931;ENSG00000146006;ENSG00000137285;ENSG00000111725;ENSG00000176014;ENSG00000008056;ENSG00000177807;ENSG00000147044;ENSG00000121361;ENSG00000169684;ENSG00000141837;ENSG00000152495;ENSG00000162951;ENSG00000111371;ENSG00000133703;ENSG00000177301;ENSG00000148660;ENSG00000184564;ENSG00000170049;ENSG00000104490;ENSG00000183020;ENSG00000005249;ENSG00000088367;ENSG00000176533;ENSG00000110218;ENSG00000196811;ENSG00000182621;ENSG00000132356;ENSG00000105464;ENSG00000146938;ENSG00000140992;ENSG00000220205;ENSG00000170743
REACTOME_SURFACTANT_METABOLISM,prerank,0.8044792819452978,0.803921568627451,0.8110852908499974,ENSG00000229183;ENSG00000170425;ENSG00000229859;ENSG00000229415;ENSG00000141448
REACTOME_SUMOYLATION_OF_DNA_METHYLATION_PROTEINS,prerank,-0.9941047726017255,0.4882238126219909,0.8127461022636112,ENSG00000111752;ENSG00000173894;ENSG00000116030;ENSG00000134686;ENSG00000088305;ENSG00000173889;ENSG00000141582;ENSG00000010803;ENSG00000204227;ENSG00000121481
REACTOME_GLYCOGEN_BREAKDOWN_GLYCOGENOLYSIS,prerank,-0.9920614112186208,0.49472077343849385,0.8166404523758171,ENSG00000164776;ENSG00000067177;ENSG00000056998;ENSG00000068976;ENSG00000198668;ENSG00000044446;ENSG00000171298;ENSG00000163754;ENSG00000102893;ENSG00000100504
REACTOME_METABOLISM_OF_PORPHYRINS,prerank,-0.9911803080986648,0.4992154496077248,0.8172816943579823,ENSG00000158578;ENSG00000188878;ENSG00000066926;ENSG00000256269;ENSG00000014919;ENSG00000188690;ENSG00000143224;ENSG00000100292;ENSG00000106605;ENSG00000118777
REACTOME_NR1H2_AND_NR1H3_MEDIATED_SIGNALING,prerank,-0.9883468979056017,0.5048744122032344,0.8197208240724402,ENSG00000101849;ENSG00000025434;ENSG00000130203;ENSG00000130208;ENSG00000188042;ENSG00000007944;ENSG00000165029;ENSG00000115548;ENSG00000180530;ENSG00000204231;ENSG00000160179;ENSG00000092847;ENSG00000155363;ENSG00000100979;ENSG00000177565;ENSG00000066135;ENSG00000165097;ENSG00000170231;ENSG00000138075;ENSG00000126070;ENSG00000100354;ENSG00000169710;ENSG00000186350;ENSG00000189058
REACTOME_ERK_MAPK_TARGETS,prerank,-0.9876914253392846,0.4986473192326611,0.8197544254591214,ENSG00000081189;ENSG00000166484;ENSG00000185386;ENSG00000104695;ENSG00000117676;ENSG00000102882;ENSG00000113575;ENSG00000139318;ENSG00000177189;ENSG00000164086
REACTOME_GROWTH_HORMONE_RECEPTOR_SIGNALING,prerank,0.7980656672725079,0.7891949152542372,0.8200181130684453,ENSG00000151694
REACTOME_ACTIVATION_OF_IRF3_IRF7_MEDIATED_BY_TBK1_IKK_IKBKE,prerank,-0.989479331539531,0.5014603174603175,0.82016743204985,ENSG00000004139;ENSG00000221983;ENSG00000170315;ENSG00000136560;ENSG00000143947
REACTOME_DUAL_INCISION_IN_TC_NER,prerank,-0.9885625159778564,0.5008976660682226,0.8209136100954328,ENSG00000106399;ENSG00000100479;ENSG00000221983;ENSG00000021776;ENSG00000132646;ENSG00000170315;ENSG00000175482;ENSG00000147669;ENSG00000111445;ENSG00000163918;ENSG00000062822;ENSG00000168002;ENSG00000172780;ENSG00000049541;ENSG00000115350;ENSG00000117748;ENSG00000111358;ENSG00000143947;ENSG00000005075;ENSG00000100387;ENSG00000133119;ENSG00000100142;ENSG00000134058
REACTOME_VITAMIN_D_CALCIFEROL_METABOLISM,prerank,-0.9855648340146618,0.49718402095612313,0.8237833352727896,ENSG00000100600;ENSG00000111012;ENSG00000188612;ENSG00000157978
REACTOME_ZINC_TRANSPORTERS,prerank,-0.9835417103442629,0.5007749935417205,0.8239798389133592,ENSG00000115194;ENSG00000141424;ENSG00000138821;ENSG00000112473;ENSG00000104635;ENSG00000147804;ENSG00000145740
REACTOME_FGFR2_LIGAND_BINDING_AND_ACTIVATION,prerank,-0.9838753688241679,0.5081988379599742,0.8248441695320655,ENSG00000129682;ENSG00000066468;ENSG00000156427
REACTOME_SIGNALING_BY_PDGF,prerank,-0.9840860019714168,0.5101786926034834,0.8260443194980404,ENSG00000050820;ENSG00000140564;ENSG00000168542;ENSG00000197122;ENSG00000204262;ENSG00000134871;ENSG00000049089;ENSG00000163359;ENSG00000130635;ENSG00000142173;ENSG00000142156;ENSG00000113296;ENSG00000166888;ENSG00000105647;ENSG00000113721;ENSG00000188153;ENSG00000133703;ENSG00000169231;ENSG00000179295
REACTOME_SPHINGOLIPID_DE_NOVO_BIOSYNTHESIS,prerank,-0.9670601267250897,0.5341739335375913,0.8261962632013083,ENSG00000090661;ENSG00000143753;ENSG00000123353;ENSG00000184304;ENSG00000063176;ENSG00000143418;ENSG00000223802;ENSG00000118777;ENSG00000119537;ENSG00000172057;ENSG00000198964;ENSG00000156671;ENSG00000176170;ENSG00000101558;ENSG00000090054
REACTOME_METABOLISM_OF_LIPIDS,prerank,-0.9677075572445002,0.6345,0.826207967289429,ENSG00000102230;ENSG00000176244;ENSG00000164434;ENSG00000174951;ENSG00000150961;ENSG00000185133;ENSG00000062282;ENSG00000121316;ENSG00000163295;ENSG00000178537;ENSG00000185361;ENSG00000221988;ENSG00000180089;ENSG00000090661;ENSG00000100884;ENSG00000117305;ENSG00000103066;ENSG00000076555;ENSG00000119927;ENSG00000082014;ENSG00000109016;ENSG00000197142;ENSG00000148677;ENSG00000108590;ENSG00000172893;ENSG00000129219;ENSG00000147872;ENSG00000105559;ENSG00000167107;ENSG00000147155;ENSG00000198814;ENSG00000143753;ENSG00000167969;ENSG00000123353;ENSG00000184304;ENSG00000267673;ENSG00000204386;ENSG00000005469;ENSG00000110536;ENSG00000149485;ENSG00000141447;ENSG00000066322;ENSG00000188878;ENSG00000166311;ENSG00000134824;ENSG00000146426;ENSG00000006025;ENSG00000149809;ENSG00000063176;ENSG00000100300;ENSG00000100439;ENSG00000006756;ENSG00000115425;ENSG00000133027;ENSG00000143797;ENSG00000168118;ENSG00000163344;ENSG00000148343;ENSG00000101849;ENSG00000087085;ENSG00000115641;ENSG00000104549;ENSG00000233276;ENSG00000130517;ENSG00000005187;ENSG00000025434;ENSG00000107537;ENSG00000185813;ENSG00000146072;ENSG00000079459;ENSG00000006757;ENSG00000103502;ENSG00000165175;ENSG00000186480;ENSG00000170890;ENSG00000122971;ENSG00000176485;ENSG00000079435;ENSG00000101846;ENSG00000197296;ENSG00000155868;ENSG00000103056;ENSG00000155368;ENSG00000166821;ENSG00000205808;ENSG00000110697;ENSG00000101473;ENSG00000095321;ENSG00000117859;ENSG00000157184;ENSG00000177628;ENSG00000153395;ENSG00000160285;ENSG00000171862;ENSG00000162889;ENSG00000105854;ENSG00000100422;ENSG00000186111;ENSG00000148154;ENSG00000111684;ENSG00000100934;ENSG00000124212;ENSG00000143418;ENSG00000166908;ENSG00000168918;ENSG00000145545;ENSG00000133321;ENSG00000069764;ENSG00000138796;ENSG00000101986;ENSG00000110921;ENSG00000242612;ENSG00000167508;ENSG00000144645;ENSG00000107897;ENSG00000177666;ENSG00000100600;ENSG00000003987;ENSG00000067064;ENSG00000204228;ENSG00000196132;ENSG00000099377;ENSG00000010270;ENSG00000151611;ENSG00000112972;ENSG00000105223;ENSG00000172345;ENSG00000138029;ENSG00000124370;ENSG00000116906;ENSG00000138061;ENSG00000052802;ENSG00000104826;ENSG00000139278;ENSG00000167315;ENSG00000160563;ENSG00000144566;ENSG00000110090;ENSG00000074696;ENSG00000131748;ENSG00000198754;ENSG00000117215;ENSG00000134255;ENSG00000183765;ENSG00000088766;ENSG00000100031;ENSG00000204310;ENSG00000181513;ENSG00000006007;ENSG00000111012;ENSG00000176783;ENSG00000106086;ENSG00000188612;ENSG00000142875;ENSG00000223802;ENSG00000123739;ENSG00000165029;ENSG00000100288;ENSG00000100078;ENSG00000172379;ENSG00000134324;ENSG00000155016;ENSG00000102010;ENSG00000163629;ENSG00000180801;ENSG00000004779;ENSG00000176986;ENSG00000113273;ENSG00000116133;ENSG00000157978;ENSG00000122787;ENSG00000100294;ENSG00000140943;ENSG00000118777;ENSG00000119537;ENSG00000100344
REACTOME_SIGNALING_BY_NODAL,prerank,-0.9661913904058476,0.5372889896699421,0.8267523506111021,ENSG00000114739;ENSG00000140564;ENSG00000135503;ENSG00000175550;ENSG00000102882;ENSG00000179284
REACTOME_UREA_CYCLE,prerank,-0.9694224986662332,0.5265738899933731,0.8268759765918273,ENSG00000120329;ENSG00000130707;ENSG00000153406
REACTOME_TBC_RABGAPS,prerank,-0.965310369824178,0.5357225971608098,0.8273286019042583,ENSG00000177169;ENSG00000168118;ENSG00000034713;ENSG00000170296;ENSG00000154710;ENSG00000172780;ENSG00000134594;ENSG00000167291;ENSG00000172007;ENSG00000144566;ENSG00000162065;ENSG00000099992;ENSG00000121749;ENSG00000029725;ENSG00000104946;ENSG00000108774;ENSG00000166128;ENSG00000140941
REACTOME_SIGNALING_BY_SCF_KIT,prerank,0.79180800121062,0.8473177441540578,0.8273630313787448,ENSG00000177885;ENSG00000174775
REACTOME_TRANSLATION_OF_REPLICASE_AND_ASSEMBLY_OF_THE_REPLICATION_TRANSCRIPTION_COMPLEX,prerank,0.7923722743176514,0.7553423462712604,0.8277237917460005,ENSG00000130724;ENSG00000115561;ENSG00000126581;ENSG00000083937;ENSG00000136003;ENSG00000101421;ENSG00000164695;ENSG00000254505;ENSG00000198382;ENSG00000196455;ENSG00000176108;ENSG00000140941;ENSG00000147457;ENSG00000078142
REACTOME_SIGNALING_BY_FGFR3,prerank,-0.9677143582527566,0.5261348820670855,0.8278841858479894,ENSG00000129682;ENSG00000197122;ENSG00000221983;ENSG00000137218;ENSG00000170315;ENSG00000156427;ENSG00000104695;ENSG00000102882;ENSG00000068078;ENSG00000113575;ENSG00000143947
REACTOME_SLC_MEDIATED_TRANSMEMBRANE_TRANSPORT,prerank,-0.9695252234066406,0.5766615930999492,0.8283104264447222,ENSG00000115194;ENSG00000102100;ENSG00000130958;ENSG00000133460;ENSG00000004939;ENSG00000159216;ENSG00000141424;ENSG00000120509;ENSG00000158296;ENSG00000183048;ENSG00000072041;ENSG00000151729;ENSG00000180773;ENSG00000197496;ENSG00000114923;ENSG00000124067;ENSG00000169241;ENSG00000197119;ENSG00000080493;ENSG00000157593;ENSG00000089060;ENSG00000183023;ENSG00000138821;ENSG00000119899;ENSG00000181856;ENSG00000139370;ENSG00000115902;ENSG00000040531;ENSG00000110911;ENSG00000164638;ENSG00000165349;ENSG00000112473;ENSG00000162383;ENSG00000100075;ENSG00000092068;ENSG00000103257;ENSG00000181045;ENSG00000116704;ENSG00000155380;ENSG00000104635;ENSG00000104888;ENSG00000075142;ENSG00000117620;ENSG00000091664;ENSG00000017483;ENSG00000164707;ENSG00000003989;ENSG00000198668;ENSG00000142494;ENSG00000113073;ENSG00000100156;ENSG00000147804;ENSG00000196517;ENSG00000197506;ENSG00000136856;ENSG00000168575;ENSG00000213465;ENSG00000155886;ENSG00000168003;ENSG00000111371;ENSG00000005022;ENSG00000123643;ENSG00000186335;ENSG00000145740;ENSG00000118596;ENSG00000179520;ENSG00000188338;ENSG00000130304;ENSG00000147606;ENSG00000070214;ENSG00000091138;ENSG00000090020;ENSG00000158467;ENSG00000134294;ENSG00000155850;ENSG00000147100;ENSG00000110446;ENSG00000205060
REACTOME_CONSTITUTIVE_SIGNALING_BY_ABERRANT_PI3K_IN_CANCER,prerank,-0.9732296043389272,0.5319805910895457,0.8288875576214879,ENSG00000129682;ENSG00000141736;ENSG00000197122;ENSG00000066468;ENSG00000077782;ENSG00000163600;ENSG00000156427;ENSG00000068078;ENSG00000160867;ENSG00000010810;ENSG00000176697;ENSG00000140538;ENSG00000128340;ENSG00000169047;ENSG00000105647;ENSG00000113070;ENSG00000033327;ENSG00000177105;ENSG00000113721;ENSG00000225950;ENSG00000140009;ENSG00000090554;ENSG00000179295;ENSG00000115808;ENSG00000185950;ENSG00000101464;ENSG00000051382;ENSG00000140285
REACTOME_NUCLEAR_EVENTS_KINASE_AND_TRANSCRIPTION_FACTOR_ACTIVATION,prerank,-0.9677426549999372,0.5380130074007625,0.8295107775418589,ENSG00000081189;ENSG00000117318;ENSG00000128564;ENSG00000166484;ENSG00000185386;ENSG00000172201;ENSG00000104695;ENSG00000122877;ENSG00000140262;ENSG00000162889;ENSG00000117676;ENSG00000102882;ENSG00000113575;ENSG00000139318;ENSG00000123268;ENSG00000177189;ENSG00000164885;ENSG00000118515;ENSG00000140600;ENSG00000164086
REACTOME_METABOLIC_DISORDERS_OF_BIOLOGICAL_OXIDATION_ENZYMES,prerank,-0.9604958230348061,0.5349085727855616,0.8295319509282278,ENSG00000178814;ENSG00000267673;ENSG00000001084;ENSG00000189221;ENSG00000116704;ENSG00000138061;ENSG00000100031;ENSG00000111012;ENSG00000155016
REACTOME_THROMBIN_SIGNALLING_THROUGH_PROTEINASE_ACTIVATED_RECEPTORS_PARS,prerank,-0.9723214080979095,0.5228499460237496,0.8295454034676516,ENSG00000111664;ENSG00000197122;ENSG00000168243;ENSG00000088256;ENSG00000127920;ENSG00000162188;ENSG00000102882
REACTOME_ZINC_INFLUX_INTO_CELLS_BY_THE_SLC39_GENE_FAMILY,prerank,-0.9695893466183442,0.5255788906838987,0.829852115121013,ENSG00000141424;ENSG00000138821;ENSG00000112473;ENSG00000104635;ENSG00000147804
REACTOME_HEME_SIGNALING,prerank,0.7892241115323531,0.8514628657164292,0.8301107382274445,ENSG00000171720;ENSG00000082898;ENSG00000206172;ENSG00000170485;ENSG00000188536
REACTOME_GABA_B_RECEPTOR_ACTIVATION,prerank,-0.9733970545170652,0.5231757151196731,0.8301762934083255,ENSG00000111664;ENSG00000123700;ENSG00000168243;ENSG00000127920;ENSG00000164742;ENSG00000162188;ENSG00000065135;ENSG00000168135;ENSG00000174233;ENSG00000204681;ENSG00000069966;ENSG00000177807
REACTOME_CA_DEPENDENT_EVENTS,prerank,-0.9697586576894192,0.5206981955419271,0.8311328064068503,ENSG00000126583;ENSG00000058404;ENSG00000163932;ENSG00000164742;ENSG00000004660;ENSG00000173020;ENSG00000142875;ENSG00000174233;ENSG00000198668;ENSG00000110931;ENSG00000116711;ENSG00000152495;ENSG00000148660;ENSG00000005249
REACTOME_RNA_POLYMERASE_I_PROMOTER_ESCAPE,prerank,-0.960516206413751,0.5425519696795682,0.8311493554183937,ENSG00000246705;ENSG00000147669;ENSG00000105968;ENSG00000111358;ENSG00000184260;ENSG00000100142;ENSG00000134058;ENSG00000132475;ENSG00000066379;ENSG00000020426;ENSG00000117877;ENSG00000188486;ENSG00000197903;ENSG00000158373;ENSG00000196890;ENSG00000163882;ENSG00000104884;ENSG00000145736;ENSG00000110768;ENSG00000184678;ENSG00000163041;ENSG00000134480;ENSG00000105849;ENSG00000124635;ENSG00000143498;ENSG00000146047;ENSG00000085721;ENSG00000180596;ENSG00000068654;ENSG00000125630
REACTOME_SUMOYLATION_OF_DNA_REPLICATION_PROTEINS,prerank,-0.9590827972716395,0.5451921966986033,0.8314233490093915,ENSG00000178999;ENSG00000089685;ENSG00000134690;ENSG00000087586;ENSG00000131747;ENSG00000131788;ENSG00000157020;ENSG00000132646;ENSG00000075188;ENSG00000047410;ENSG00000058804;ENSG00000188612;ENSG00000116030;ENSG00000163002;ENSG00000120253
REACTOME_REGULATION_OF_NF_KAPPA_B_SIGNALING,prerank,-0.9735050755027456,0.5187562940584088,0.8316298982427623,ENSG00000160703;ENSG00000221983;ENSG00000170315;ENSG00000143947;ENSG00000102921;ENSG00000166130
REACTOME_REGULATION_OF_ENDOGENOUS_RETROELEMENTS_BY_THE_HUMAN_SILENCING_HUB_HUSH_COMPLEX,prerank,-0.9583089795980305,0.5390822594243044,0.8317064440164806,ENSG00000246705;ENSG00000105968;ENSG00000163946;ENSG00000184260;ENSG00000076053;ENSG00000132475;ENSG00000188486;ENSG00000197903;ENSG00000158373;ENSG00000196890;ENSG00000196199;ENSG00000171681;ENSG00000133422;ENSG00000184678;ENSG00000163041;ENSG00000143379;ENSG00000033030;ENSG00000124635;ENSG00000146047;ENSG00000180596
REACTOME_CILIUM_ASSEMBLY,prerank,-0.9615256718772309,0.5853158326497129,0.8319216976414227,ENSG00000166851;ENSG00000186638;ENSG00000128581;ENSG00000198033;ENSG00000101004;ENSG00000170312;ENSG00000117650;ENSG00000137267;ENSG00000142731;ENSG00000084731;ENSG00000167552;ENSG00000103995;ENSG00000104833;ENSG00000213123;ENSG00000072864;ENSG00000137343;ENSG00000175970;ENSG00000188878;ENSG00000175216;ENSG00000101162;ENSG00000136861;ENSG00000113966;ENSG00000182504;ENSG00000168778;ENSG00000137100;ENSG00000176101;ENSG00000174483;ENSG00000108641;ENSG00000101624;ENSG00000132259;ENSG00000152240;ENSG00000168374;ENSG00000122970;ENSG00000119650;ENSG00000147400;ENSG00000118096;ENSG00000128285;ENSG00000144061;ENSG00000088986;ENSG00000151849;ENSG00000119333;ENSG00000204852;ENSG00000094631;ENSG00000125971;ENSG00000101639;ENSG00000148019;ENSG00000138036;ENSG00000138002;ENSG00000136811;ENSG00000135315;ENSG00000140463;ENSG00000128881;ENSG00000151466;ENSG00000182923;ENSG00000137285;ENSG00000168014;ENSG00000214413;ENSG00000176014;ENSG00000114446;ENSG00000213066;ENSG00000163913;ENSG00000068885;ENSG00000114107;ENSG00000164953
REACTOME_NUCLEAR_RECEPTOR_TRANSCRIPTION_PATHWAY,prerank,-0.9753501567738581,0.5197218422252622,0.8319833146740301,ENSG00000126351;ENSG00000148200;ENSG00000101076;ENSG00000025434;ENSG00000160113;ENSG00000120798;ENSG00000077092;ENSG00000172819;ENSG00000204231;ENSG00000115216;ENSG00000131759;ENSG00000140009;ENSG00000184162;ENSG00000112333;ENSG00000144852;ENSG00000126368;ENSG00000173153;ENSG00000136931;ENSG00000069667;ENSG00000186350;ENSG00000113580;ENSG00000174738;ENSG00000125686;ENSG00000196498;ENSG00000198963;ENSG00000112033;ENSG00000148572
REACTOME_SIGNALING_BY_FGFR4,prerank,-0.9621020848562272,0.5391644908616188,0.8321317311211713,ENSG00000129682;ENSG00000197122;ENSG00000221983;ENSG00000137218;ENSG00000170315;ENSG00000156427;ENSG00000104695;ENSG00000102882;ENSG00000160867;ENSG00000113575;ENSG00000143947
REACTOME_TRANSMISSION_ACROSS_CHEMICAL_SYNAPSES,prerank,-0.9706851831224056,0.5766386384358221,0.8321486490016271,ENSG00000011677;ENSG00000113327;ENSG00000131089;ENSG00000022355;ENSG00000198033;ENSG00000167535;ENSG00000126787;ENSG00000111664;ENSG00000134072;ENSG00000137267;ENSG00000197122;ENSG00000126583;ENSG00000167552;ENSG00000067191;ENSG00000175175;ENSG00000104833;ENSG00000148408;ENSG00000108556;ENSG00000136854;ENSG00000123700;ENSG00000168243;ENSG00000101162;ENSG00000007402;ENSG00000058404;ENSG00000104863;ENSG00000105737;ENSG00000087085;ENSG00000080644;ENSG00000125675;ENSG00000093010;ENSG00000189221;ENSG00000179841;ENSG00000127920;ENSG00000132535;ENSG00000072133;ENSG00000109738;ENSG00000117676;ENSG00000162383;ENSG00000164742;ENSG00000162188;ENSG00000067715;ENSG00000004660;ENSG00000065135;ENSG00000198722;ENSG00000168135;ENSG00000102882;ENSG00000196586;ENSG00000104888;ENSG00000112294;ENSG00000111275;ENSG00000142875;ENSG00000177189;ENSG00000174233;ENSG00000204681;ENSG00000155511;ENSG00000132639;ENSG00000100034;ENSG00000069966;ENSG00000198668;ENSG00000166206;ENSG00000110931;ENSG00000137285;ENSG00000111725;ENSG00000176014;ENSG00000008056;ENSG00000177807;ENSG00000147044;ENSG00000169684;ENSG00000141837;ENSG00000152495;ENSG00000111371;ENSG00000133703;ENSG00000148660;ENSG00000104490;ENSG00000183020;ENSG00000005249;ENSG00000088367;ENSG00000176533;ENSG00000196811;ENSG00000182621;ENSG00000132356;ENSG00000105464
REACTOME_PHOSPHOLIPASE_C_MEDIATED_CASCADE_FGFR1,prerank,-0.9607364309895157,0.5383807899225823,0.8322674878764692,ENSG00000129682;ENSG00000077782
REACTOME_SIGNALING_BY_ERBB4,prerank,-0.9738489802964436,0.5237611468563044,0.8324448714354187,ENSG00000113327;ENSG00000022355;ENSG00000197122;ENSG00000113140;ENSG00000123933;ENSG00000221983;ENSG00000117632;ENSG00000170315;ENSG00000205155;ENSG00000130203;ENSG00000138613;ENSG00000132535
REACTOME_NPAS4_REGULATES_EXPRESSION_OF_TARGET_GENES,prerank,-0.9625807086501007,0.5418518518518518,0.8326028337222421,ENSG00000179222;ENSG00000165731;ENSG00000164949;ENSG00000102882;ENSG00000176697;ENSG00000164885;ENSG00000172379;ENSG00000105835
REACTOME_TRANSCRIPTIONAL_REGULATION_BY_NPAS4,prerank,-0.9743912486200599,0.5174467071573181,0.8327651868663677,ENSG00000179222;ENSG00000165731;ENSG00000164949;ENSG00000102882;ENSG00000176697;ENSG00000164885;ENSG00000172379;ENSG00000105835;ENSG00000092847;ENSG00000155363;ENSG00000143437;ENSG00000145632;ENSG00000176749;ENSG00000126070;ENSG00000100354;ENSG00000135679;ENSG00000113580
REACTOME_CO_STIMULATION_BY_ICOS,prerank,-0.9697913769111768,0.5211933045356372,0.8327747456326685,ENSG00000163600;ENSG00000105647;ENSG00000051382;ENSG00000121879;ENSG00000141506
REACTOME_SUMOYLATION_OF_INTRACELLULAR_RECEPTORS,prerank,-0.9551869458182742,0.5455202312138728,0.8329302321771207,ENSG00000126351;ENSG00000131788;ENSG00000025434;ENSG00000120798;ENSG00000068024;ENSG00000078043;ENSG00000188612;ENSG00000116030;ENSG00000131759;ENSG00000144852;ENSG00000136931;ENSG00000069667;ENSG00000186350;ENSG00000033800;ENSG00000113580
REACTOME_SUMOYLATION_OF_DNA_DAMAGE_RESPONSE_AND_REPAIR_PROTEINS,prerank,-0.9571515189271643,0.5594728171334432,0.8329715495609977,ENSG00000197299;ENSG00000157020;ENSG00000111752;ENSG00000075188;ENSG00000169189;ENSG00000173894;ENSG00000143799;ENSG00000147400;ENSG00000156831;ENSG00000002016;ENSG00000163029;ENSG00000047410;ENSG00000058804;ENSG00000012048;ENSG00000078043;ENSG00000152422;ENSG00000185115;ENSG00000188612;ENSG00000116030;ENSG00000163002;ENSG00000134686;ENSG00000120253;ENSG00000165392;ENSG00000153201;ENSG00000072501;ENSG00000107672;ENSG00000067066;ENSG00000164754;ENSG00000255150;ENSG00000138750;ENSG00000137337;ENSG00000139496;ENSG00000101972;ENSG00000069248;ENSG00000110713;ENSG00000108055;ENSG00000173889;ENSG00000155561;ENSG00000141582;ENSG00000033800;ENSG00000010803;ENSG00000095319;ENSG00000204227;ENSG00000121481;ENSG00000108559
REACTOME_UBIQUINOL_BIOSYNTHESIS,prerank,-0.9544886834425276,0.5461366328814006,0.8330093382320608,ENSG00000186603;ENSG00000164494;ENSG00000088682;ENSG00000132423;ENSG00000119723;ENSG00000173085;ENSG00000123815;ENSG00000167113;ENSG00000148459
REACTOME_ENDOSOMAL_VACUOLAR_PATHWAY,prerank,-0.9769238660951498,0.5142554037926005,0.8330310763677596,ENSG00000136943;ENSG00000135047;ENSG00000166710;ENSG00000113441;ENSG00000204592;ENSG00000163131;ENSG00000204525
REACTOME_ACTIVATION_OF_PPARGC1A_PGC_1ALPHA_BY_PHOSPHORYLATION,prerank,-0.9761130260892891,0.5175450300200134,0.8334532622831746,ENSG00000185386;ENSG00000111725;ENSG00000188130;ENSG00000112062;ENSG00000181929;ENSG00000115592;ENSG00000131791;ENSG00000106617
REACTOME_N_GLYCAN_ANTENNAE_ELONGATION_IN_THE_MEDIAL_TRANS_GOLGI,prerank,-0.9753605012703496,0.5166400589463342,0.8337151814852305,ENSG00000177511;ENSG00000086062;ENSG00000117411;ENSG00000121578;ENSG00000124302;ENSG00000104826;ENSG00000033170;ENSG00000073849;ENSG00000110080;ENSG00000152127;ENSG00000166391
REACTOME_PLATELET_CALCIUM_HOMEOSTASIS,prerank,-0.9554570728087127,0.5424015462672143,0.8339023035013545,ENSG00000160991;ENSG00000183023;ENSG00000070961;ENSG00000196296;ENSG00000075142;ENSG00000198668;ENSG00000167323;ENSG00000135124;ENSG00000067842;ENSG00000150995;ENSG00000096433;ENSG00000058668;ENSG00000118160;ENSG00000089041;ENSG00000137672;ENSG00000123104;ENSG00000109991
REACTOME_TP53_REGULATES_TRANSCRIPTION_OF_DEATH_RECEPTORS_AND_LIGANDS,prerank,-0.9785214286300413,0.516171100678143,0.8340191903549015,ENSG00000149932;ENSG00000173530;ENSG00000088808;ENSG00000073282;ENSG00000120889;ENSG00000169710
REACTOME_INTERLEUKIN_2_SIGNALING,prerank,-0.9777283796646026,0.5160132890365449,0.8343997572667798,ENSG00000105639;ENSG00000120899;ENSG00000100385;ENSG00000160691
REACTOME_SIGNALING_BY_NOTCH1,prerank,-0.9770470811615564,0.5280177187153932,0.834470020933379,ENSG00000065717;ENSG00000163909;ENSG00000221983;ENSG00000100429;ENSG00000108840;ENSG00000163517;ENSG00000184384;ENSG00000101849;ENSG00000170315;ENSG00000205155;ENSG00000091073;ENSG00000138613;ENSG00000198719;ENSG00000196781;ENSG00000110042;ENSG00000068024;ENSG00000162736;ENSG00000214357;ENSG00000185559;ENSG00000094631;ENSG00000143947
REACTOME_N_GLYCAN_ANTENNAE_ELONGATION,prerank,-0.9556467022457273,0.5475019414962464,0.8350926522937033,ENSG00000177511;ENSG00000086062;ENSG00000117411;ENSG00000121578;ENSG00000073849;ENSG00000110080;ENSG00000152127
REACTOME_TNFR1_INDUCED_NF_KAPPA_B_SIGNALING_PATHWAY,prerank,-0.9787386098003569,0.5147058823529411,0.8352224836090324,ENSG00000179526;ENSG00000036672;ENSG00000221983;ENSG00000170315;ENSG00000067182
REACTOME_DIGESTION,prerank,0.7827539708648349,0.782025819265144,0.8385760387578959,ENSG00000174876;ENSG00000243480
REACTOME_METABOLISM_OF_FOLATE_AND_PTERINES,prerank,-0.941412232165696,0.5656578447511713,0.8404838328380987,ENSG00000136010;ENSG00000076351;ENSG00000176974;ENSG00000100714;ENSG00000065911;ENSG00000173638;ENSG00000182199;ENSG00000136877;ENSG00000120254;ENSG00000178700
REACTOME_LGI_ADAM_INTERACTIONS,prerank,-0.9377759663364866,0.5774502198086372,0.841085863888221,ENSG00000132535;ENSG00000099365;ENSG00000153012;ENSG00000073670;ENSG00000008277;ENSG00000108231;ENSG00000006116;ENSG00000075461
REACTOME_METABOLISM_OF_COFACTORS,prerank,-0.9418114017099751,0.5699071207430341,0.8411361497532308,ENSG00000186603;ENSG00000138413;ENSG00000150787;ENSG00000164494;ENSG00000088682;ENSG00000137880;ENSG00000132423;ENSG00000119723;ENSG00000198668;ENSG00000142208;ENSG00000173085
REACTOME_REGULATION_OF_PTEN_GENE_TRANSCRIPTION,prerank,-0.9497186222383746,0.5688176895306859,0.8415337023203487,ENSG00000111676;ENSG00000101115;ENSG00000149357;ENSG00000167965;ENSG00000108840;ENSG00000111752;ENSG00000173894;ENSG00000171862;ENSG00000116586;ENSG00000083750;ENSG00000102882;ENSG00000109270;ENSG00000134686;ENSG00000116954;ENSG00000188186;ENSG00000178691;ENSG00000134248;ENSG00000025039;ENSG00000177606;ENSG00000112333;ENSG00000155876;ENSG00000179632;ENSG00000102054;ENSG00000124216;ENSG00000057935;ENSG00000162521;ENSG00000019549;ENSG00000173889;ENSG00000141582;ENSG00000010803;ENSG00000177058;ENSG00000204227;ENSG00000121481;ENSG00000071655
REACTOME_RAS_ACTIVATION_UPON_CA2_INFLUX_THROUGH_NMDA_RECEPTOR,prerank,-0.9355170627117907,0.5716440422322775,0.8416044316141957,ENSG00000126787;ENSG00000058404;ENSG00000132535;ENSG00000198668;ENSG00000133703;ENSG00000148660;ENSG00000105464
REACTOME_MYD88_INDEPENDENT_TLR4_CASCADE,prerank,-0.9428575135732591,0.5974468085106382,0.8418679046544528,ENSG00000004139;ENSG00000081189;ENSG00000160703;ENSG00000163221;ENSG00000108984;ENSG00000166484;ENSG00000221983;ENSG00000168256;ENSG00000072803;ENSG00000185386;ENSG00000170315;ENSG00000104695;ENSG00000162889;ENSG00000117676;ENSG00000109339;ENSG00000204305;ENSG00000136560;ENSG00000102882;ENSG00000131508;ENSG00000072401;ENSG00000113575;ENSG00000143947;ENSG00000139318;ENSG00000123268;ENSG00000177189;ENSG00000102921;ENSG00000166130
REACTOME_PKR_MEDIATED_SIGNALING,prerank,-0.9359498437527153,0.6001321149399979,0.8421832595598113,ENSG00000181544;ENSG00000198033;ENSG00000170312;ENSG00000137267;ENSG00000167552;ENSG00000104833;ENSG00000108984;ENSG00000131944;ENSG00000169689;ENSG00000101162;ENSG00000185504;ENSG00000175279;ENSG00000104695;ENSG00000102580;ENSG00000113575;ENSG00000204389;ENSG00000187741;ENSG00000158169;ENSG00000126803;ENSG00000116030;ENSG00000137285;ENSG00000175354;ENSG00000176014;ENSG00000221829;ENSG00000125977;ENSG00000066027;ENSG00000183161;ENSG00000143621;ENSG00000187790;ENSG00000180228;ENSG00000176170;ENSG00000204390;ENSG00000178462
REACTOME_RAF_INDEPENDENT_MAPK1_3_ACTIVATION,prerank,-0.9440610405986591,0.5579827736861815,0.8422177071956993,ENSG00000170312;ENSG00000130829;ENSG00000126934;ENSG00000111266;ENSG00000102882;ENSG00000139318;ENSG00000164086;ENSG00000134352;ENSG00000096968;ENSG00000179295
REACTOME_NEPHRON_DEVELOPMENT,prerank,-0.9420132756230277,0.5647961243439644,0.8422685528633559,ENSG00000101076;ENSG00000198719;ENSG00000170561
REACTOME_TNFR1_INDUCED_PROAPOPTOTIC_SIGNALING,prerank,-0.9385166328842944,0.5748547410063048,0.8425508805293268,ENSG00000179526;ENSG00000036672;ENSG00000067182
REACTOME_ACTIVATION_OF_RAC1,prerank,-0.9378259543897994,0.5694644493911222,0.8425783454813817,ENSG00000077264;ENSG00000123143
REACTOME_FGFR2B_LIGAND_BINDING_AND_ACTIVATION,prerank,-0.9431011785180009,0.5676075268817204,0.8429128683668192,ENSG00000129682;ENSG00000066468
REACTOME_PREGNENOLONE_BIOSYNTHESIS,prerank,-0.9497487809699685,0.5553658216209116,0.8431192872011118,ENSG00000267673;ENSG00000100300;ENSG00000010270;ENSG00000131748
REACTOME_DEVELOPMENTAL_LINEAGE_OF_MAMMARY_GLAND_ALVEOLAR_CELLS,prerank,-0.9395586235755079,0.5729974160206718,0.8433045655539452,ENSG00000185499;ENSG00000119888;ENSG00000171345;ENSG00000170421;ENSG00000091409;ENSG00000140545;ENSG00000184254;ENSG00000091831;ENSG00000148513;ENSG00000172179;ENSG00000157404;ENSG00000082175
REACTOME_DEADENYLATION_OF_MRNA,prerank,-0.9361360265424233,0.5676824086439237,0.8433420307606269,ENSG00000140694;ENSG00000113300;ENSG00000161960;ENSG00000138767;ENSG00000151247;ENSG00000149115;ENSG00000070756;ENSG00000156976;ENSG00000158435;ENSG00000172239;ENSG00000152520;ENSG00000125107;ENSG00000083223;ENSG00000240857;ENSG00000063046;ENSG00000198791;ENSG00000134744;ENSG00000144580;ENSG00000111596;ENSG00000141543;ENSG00000182973
REACTOME_TRANSCRIPTIONAL_REGULATION_BY_VENTX,prerank,-0.944263542806409,0.5686390532544379,0.8433561378194014,ENSG00000175063;ENSG00000094880;ENSG00000141552;ENSG00000166295;ENSG00000170142;ENSG00000108106;ENSG00000004897;ENSG00000164162;ENSG00000072401
REACTOME_NEUROTOXICITY_OF_CLOSTRIDIUM_TOXINS,prerank,0.7784647475309635,0.7906165180302442,0.8436981160225125,ENSG00000106089;ENSG00000143858;ENSG00000122012
REACTOME_SEROTONIN_RECEPTORS,prerank,-0.9385374180354713,0.5712395819552851,0.8441138848729994,ENSG00000179546;ENSG00000102468;ENSG00000164270;ENSG00000135914
REACTOME_REGULATION_OF_CDH1_GENE_TRANSCRIPTION,prerank,-0.9330394227108607,0.6016078606520768,0.8441961556941175,ENSG00000246705;ENSG00000152284;ENSG00000225663;ENSG00000140262;ENSG00000118707;ENSG00000105968;ENSG00000196781;ENSG00000175029;ENSG00000121741;ENSG00000119138;ENSG00000102882;ENSG00000067225;ENSG00000159692;ENSG00000184260;ENSG00000148516;ENSG00000132475;ENSG00000169554;ENSG00000178691;ENSG00000188486;ENSG00000197903;ENSG00000158373;ENSG00000196890;ENSG00000023734;ENSG00000196199;ENSG00000136826;ENSG00000102054;ENSG00000184678;ENSG00000124216;ENSG00000162521;ENSG00000163041;ENSG00000019549
REACTOME_GPVI_MEDIATED_ACTIVATION_CASCADE,prerank,-0.944454475816351,0.5617520344662518,0.8445287573490772,ENSG00000204420;ENSG00000108821;ENSG00000164692;ENSG00000010810;ENSG00000128340;ENSG00000088053;ENSG00000105647;ENSG00000177105;ENSG00000140992;ENSG00000179295;ENSG00000070831;ENSG00000051382;ENSG00000160293;ENSG00000121879;ENSG00000141506
REACTOME_CYTOPROTECTION_BY_HMOX1,prerank,-0.9333036851020375,0.6002490660024906,0.8451834589275291,ENSG00000112695;ENSG00000101294;ENSG00000082014;ENSG00000131174;ENSG00000131143;ENSG00000127184;ENSG00000188878;ENSG00000111775;ENSG00000101849;ENSG00000176340;ENSG00000178078;ENSG00000135940
REACTOME_KETONE_BODY_METABOLISM,prerank,0.7760900015685944,0.8006993006993007,0.8459130559987407,ENSG00000081760
REACTOME_RHOD_GTPASE_CYCLE,prerank,-0.9444829822423104,0.5774296094459582,0.8461032868642806,ENSG00000147799;ENSG00000035499;ENSG00000161800;ENSG00000164050;ENSG00000076706;ENSG00000131016;ENSG00000173156;ENSG00000160007;ENSG00000137133;ENSG00000113758;ENSG00000164040;ENSG00000113368;ENSG00000120802;ENSG00000145819;ENSG00000139734;ENSG00000118804
REACTOME_RET_SIGNALING,prerank,-0.9449897253522299,0.5677517922200024,0.8465227635551599,ENSG00000125170;ENSG00000197122;ENSG00000171119;ENSG00000125650;ENSG00000166484;ENSG00000165731;ENSG00000142875;ENSG00000105647;ENSG00000115325;ENSG00000033327;ENSG00000160691;ENSG00000179295;ENSG00000106070;ENSG00000185950;ENSG00000101464;ENSG00000051382;ENSG00000101134
REACTOME_REGULATION_OF_BETA_CELL_DEVELOPMENT,prerank,-0.9313530117744774,0.5843592449290655,0.8465362643547355,ENSG00000121351;ENSG00000170608;ENSG00000168067;ENSG00000184384;ENSG00000101076;ENSG00000117020;ENSG00000135100;ENSG00000173404;ENSG00000205922;ENSG00000161021;ENSG00000142208;ENSG00000150907;ENSG00000013619;ENSG00000148400;ENSG00000125820;ENSG00000105221;ENSG00000163623;ENSG00000196782;ENSG00000114315
REACTOME_NEGATIVE_REGULATION_OF_FGFR1_SIGNALING,prerank,-0.9461763022928128,0.5614625932162617,0.8469353201432215,ENSG00000129682;ENSG00000197122;ENSG00000077782;ENSG00000221983;ENSG00000170315;ENSG00000104695;ENSG00000102882;ENSG00000113575;ENSG00000143947
REACTOME_INTERLEUKIN_17_SIGNALING,prerank,-0.9302986093331811,0.6038363454928485,0.8473873178426907,ENSG00000081189;ENSG00000056736;ENSG00000108984;ENSG00000177663;ENSG00000166484;ENSG00000221983;ENSG00000072803;ENSG00000185386;ENSG00000170315;ENSG00000104695;ENSG00000162889;ENSG00000117676;ENSG00000109339;ENSG00000102882;ENSG00000113575;ENSG00000143947;ENSG00000139318;ENSG00000123268;ENSG00000177189;ENSG00000074842
REACTOME_PROTEIN_UBIQUITINATION,prerank,-0.9464718306904378,0.5754300838112042,0.8478794228844689,ENSG00000175063;ENSG00000221983;ENSG00000131871;ENSG00000132646;ENSG00000099804;ENSG00000170315;ENSG00000170142;ENSG00000108106;ENSG00000077152;ENSG00000157911;ENSG00000176641;ENSG00000131508;ENSG00000140367;ENSG00000072401;ENSG00000143947;ENSG00000132388;ENSG00000070950;ENSG00000119048;ENSG00000136986;ENSG00000168936;ENSG00000109332;ENSG00000169139;ENSG00000162928;ENSG00000197903;ENSG00000158373;ENSG00000155827;ENSG00000185651;ENSG00000033178;ENSG00000146414;ENSG00000140395;ENSG00000078140;ENSG00000155876;ENSG00000104343;ENSG00000137815;ENSG00000077721;ENSG00000124486;ENSG00000134371
REACTOME_SIGNALING_BY_RECEPTOR_TYROSINE_KINASES,prerank,-0.9450731625914797,0.6869182264037634,0.8479694073525451,ENSG00000113327;ENSG00000081189;ENSG00000213760;ENSG00000129682;ENSG00000022355;ENSG00000141736;ENSG00000050820;ENSG00000077264;ENSG00000140564;ENSG00000168542;ENSG00000087088;ENSG00000197122;ENSG00000160271;ENSG00000142949;ENSG00000149554;ENSG00000066468;ENSG00000167642;ENSG00000171130;ENSG00000204262;ENSG00000117318;ENSG00000123143;ENSG00000113140;ENSG00000150093;ENSG00000167965;ENSG00000128564;ENSG00000077782;ENSG00000166484;ENSG00000123933;ENSG00000221983;ENSG00000134871;ENSG00000116039;ENSG00000103067;ENSG00000100246;ENSG00000113732;ENSG00000125848;ENSG00000055163;ENSG00000117632;ENSG00000069702;ENSG00000101447;ENSG00000185386;ENSG00000108821;ENSG00000137218;ENSG00000089159;ENSG00000110492;ENSG00000168118;ENSG00000170315;ENSG00000205155;ENSG00000156427;ENSG00000130203;ENSG00000147669;ENSG00000163932;ENSG00000119487;ENSG00000172201;ENSG00000017427;ENSG00000138613;ENSG00000106976;ENSG00000147614;ENSG00000104695;ENSG00000117410;ENSG00000168002;ENSG00000091136;ENSG00000122877;ENSG00000132535;ENSG00000140262;ENSG00000162889;ENSG00000152270;ENSG00000101680;ENSG00000049089;ENSG00000078549;ENSG00000117676;ENSG00000163359;ENSG00000130635;ENSG00000167601;ENSG00000117020;ENSG00000126934;ENSG00000142173;ENSG00000144118;ENSG00000063245;ENSG00000133124;ENSG00000051523;ENSG00000105894;ENSG00000105426;ENSG00000134323;ENSG00000106211;ENSG00000105639;ENSG00000162736;ENSG00000156299;ENSG00000196739;ENSG00000164692;ENSG00000100320;ENSG00000102882;ENSG00000068078;ENSG00000142156;ENSG00000160867;ENSG00000113575;ENSG00000113296;ENSG00000143947;ENSG00000166888;ENSG00000010810;ENSG00000137693;ENSG00000176697;ENSG00000181852;ENSG00000103266;ENSG00000166068;ENSG00000142875;ENSG00000139318;ENSG00000123268;ENSG00000177189;ENSG00000164885;ENSG00000119912;ENSG00000060718;ENSG00000152214;ENSG00000107338;ENSG00000128524;ENSG00000118515;ENSG00000140538;ENSG00000005075;ENSG00000140443;ENSG00000149177;ENSG00000196569;ENSG00000132970;ENSG00000138592;ENSG00000140600;ENSG00000165197;ENSG00000120899;ENSG00000155097;ENSG00000198668;ENSG00000100142;ENSG00000164086;ENSG00000166206;ENSG00000061676;ENSG00000198369;ENSG00000168710;ENSG00000174721;ENSG00000169047;ENSG00000198561;ENSG00000175354;ENSG00000105647;ENSG00000136158;ENSG00000126500;ENSG00000113070;ENSG00000135862;ENSG00000173511;ENSG00000142208;ENSG00000033327;ENSG00000188130;ENSG00000113721;ENSG00000131746;ENSG00000144749;ENSG00000138448;ENSG00000188153;ENSG00000141084;ENSG00000225950;ENSG00000078142;ENSG00000127418;ENSG00000033627;ENSG00000138386;ENSG00000133703;ENSG00000104413;ENSG00000158517;ENSG00000090554;ENSG00000169231;ENSG00000183020;ENSG00000096968;ENSG00000143801;ENSG00000011201;ENSG00000151418;ENSG00000160691;ENSG00000112769;ENSG00000105929;ENSG00000163882;ENSG00000140992;ENSG00000125740;ENSG00000179295;ENSG00000106278;ENSG00000106070;ENSG00000136937;ENSG00000150995;ENSG00000062598;ENSG00000176105
REACTOME_INTERFERON_GAMMA_SIGNALING,prerank,-0.9264750854837666,0.6269334775554354,0.8482633979593893,ENSG00000198019;ENSG00000204613;ENSG00000121236;ENSG00000132274;ENSG00000163462;ENSG00000058404;ENSG00000163932;ENSG00000179583;ENSG00000159128;ENSG00000132256;ENSG00000101665;ENSG00000027697;ENSG00000166710;ENSG00000102882;ENSG00000134253;ENSG00000167333;ENSG00000116030;ENSG00000101871;ENSG00000175354;ENSG00000110171;ENSG00000104228;ENSG00000148660;ENSG00000204592;ENSG00000096968;ENSG00000179295;ENSG00000149294;ENSG00000067066
REACTOME_P38MAPK_EVENTS,prerank,-0.928537824754231,0.577587326321257,0.8482720296624251,ENSG00000197122;ENSG00000160271;ENSG00000185386;ENSG00000162889;ENSG00000144118
REACTOME_DDX58_IFIH1_MEDIATED_INDUCTION_OF_INTERFERON_ALPHA_BETA,prerank,-0.9270031495294585,0.6083426028921023,0.8486393230080301,ENSG00000160703;ENSG00000163221;ENSG00000221983;ENSG00000168256;ENSG00000107201;ENSG00000170315;ENSG00000204305;ENSG00000181481;ENSG00000136560;ENSG00000127445;ENSG00000131508;ENSG00000072401;ENSG00000143947;ENSG00000003400;ENSG00000182179;ENSG00000109332;ENSG00000052723;ENSG00000106052;ENSG00000149476;ENSG00000168040;ENSG00000078140;ENSG00000095015;ENSG00000189403;ENSG00000197111;ENSG00000068308
REACTOME_SENSORY_PERCEPTION_OF_TASTE,prerank,-0.9276155361593856,0.5857037763609613,0.8488181087129569,ENSG00000111664;ENSG00000123700;ENSG00000130529;ENSG00000255837;ENSG00000162572;ENSG00000105711
REACTOME_SULFUR_AMINO_ACID_METABOLISM,prerank,-0.9287924092260081,0.583070579674994,0.8492726801837844,ENSG00000215845;ENSG00000105755;ENSG00000183048;ENSG00000128311;ENSG00000137767;ENSG00000128309;ENSG00000145293;ENSG00000116761;ENSG00000100348;ENSG00000139631;ENSG00000139531;ENSG00000132840;ENSG00000182551;ENSG00000120053
REACTOME_TNF_SIGNALING,prerank,-0.9240091113076668,0.6135873880004536,0.8523106511173044,ENSG00000179526;ENSG00000036672;ENSG00000177169;ENSG00000221983;ENSG00000170315;ENSG00000067182;ENSG00000103056;ENSG00000162889;ENSG00000131508;ENSG00000072401;ENSG00000143947;ENSG00000105270;ENSG00000103266;ENSG00000109332
REACTOME_FERTILIZATION,prerank,-0.9167977776073459,0.603176527643065,0.8528052133683277,ENSG00000161652;ENSG00000086062;ENSG00000166762;ENSG00000182264;ENSG00000188372;ENSG00000139985;ENSG00000174898;ENSG00000152705;ENSG00000099338;ENSG00000133962
REACTOME_VEGFR2_MEDIATED_VASCULAR_PERMEABILITY,prerank,-0.9174528409699398,0.5996105634659852,0.8529103757479727,ENSG00000077264;ENSG00000123143;ENSG00000167965;ENSG00000119487;ENSG00000117020;ENSG00000198668;ENSG00000198561;ENSG00000142208;ENSG00000140992;ENSG00000186654;ENSG00000101255;ENSG00000164327;ENSG00000105221
REACTOME_REGULATION_OF_TBK1_IKK_MEDIATED_ACTIVATION_OF_IRF3_IRF7_UPON_TLR3_LIGATION,prerank,-0.9175271843383169,0.6021548284118117,0.854309033693869,ENSG00000221983;ENSG00000170315;ENSG00000136560;ENSG00000143947
REACTOME_NF_KB_ACTIVATION_THROUGH_FADD_RIP_1_PATHWAY_MEDIATED_BY_CASPASE_8_AND_10,prerank,-0.9178170165492391,0.6051064955681968,0.8552402468734733,ENSG00000107201;ENSG00000181481;ENSG00000003400
REACTOME_P2Y_RECEPTORS,prerank,-0.9149109935153784,0.6061976326639181,0.8554173266281654,ENSG00000078589;ENSG00000244165;ENSG00000169313;ENSG00000169860
REACTOME_RUNX3_REGULATES_NOTCH_SIGNALING,prerank,0.7681964230292483,0.8042534722222222,0.8559359716242463,ENSG00000168214
REACTOME_SIGNAL_TRANSDUCTION_BY_L1,prerank,-0.9116138931363845,0.6103126575895108,0.8564277841579896,ENSG00000123143;ENSG00000150093;ENSG00000077782;ENSG00000005961;ENSG00000126934;ENSG00000102882;ENSG00000161638
REACTOME_HYALURONAN_METABOLISM,prerank,-0.9122684573672769,0.6073001887979862,0.8565362247953472,ENSG00000068001;ENSG00000072571;ENSG00000169919;ENSG00000119899;ENSG00000186792;ENSG00000187446
REACTOME_METAL_ION_SLC_TRANSPORTERS,prerank,-0.917919152093561,0.6080547818012999,0.8565909799388262,ENSG00000115194;ENSG00000141424;ENSG00000089060;ENSG00000183023;ENSG00000138821;ENSG00000110911;ENSG00000112473;ENSG00000104635;ENSG00000075142;ENSG00000198668;ENSG00000147804;ENSG00000155886;ENSG00000145740;ENSG00000090020;ENSG00000136052;ENSG00000181804;ENSG00000136868;ENSG00000118160;ENSG00000089472;ENSG00000198689
REACTOME_PROTEIN_METHYLATION,prerank,-0.9127176069594578,0.6056107686501446,0.8571060385356293,ENSG00000156508;ENSG00000144401;ENSG00000140988;ENSG00000185238;ENSG00000150456;ENSG00000198668;ENSG00000105379;ENSG00000151657;ENSG00000118894
REACTOME_REGULATION_OF_CDH1_MRNA_TRANSLATION_BY_MICRORNAS,prerank,-0.9133610029942666,0.6112061028541366,0.8572362777810778,ENSG00000134323;ENSG00000092847;ENSG00000155363;ENSG00000136997;ENSG00000126070;ENSG00000100354
REACTOME_PROTEIN_LOCALIZATION,prerank,-0.9182705981980029,0.6704286601780907,0.8573754068409087,ENSG00000117305;ENSG00000115204;ENSG00000217930;ENSG00000086666;ENSG00000005469;ENSG00000221983;ENSG00000151729;ENSG00000138495;ENSG00000115425;ENSG00000170315;ENSG00000104823;ENSG00000107537;ENSG00000205981;ENSG00000138413;ENSG00000101473;ENSG00000166816;ENSG00000197448;ENSG00000095321;ENSG00000150779;ENSG00000126768;ENSG00000162735;ENSG00000250479;ENSG00000101417;ENSG00000101986;ENSG00000242612;ENSG00000106803;ENSG00000107897;ENSG00000120742;ENSG00000157911;ENSG00000110887;ENSG00000116906;ENSG00000103121;ENSG00000131508;ENSG00000072401;ENSG00000143947;ENSG00000162236;ENSG00000165060;ENSG00000131779;ENSG00000128654;ENSG00000119912;ENSG00000100292;ENSG00000109332;ENSG00000175768;ENSG00000100216;ENSG00000112357;ENSG00000121680;ENSG00000105197;ENSG00000148832;ENSG00000181924;ENSG00000125611;ENSG00000007171;ENSG00000127980;ENSG00000162928;ENSG00000173085;ENSG00000176894;ENSG00000170791;ENSG00000113790;ENSG00000166347;ENSG00000220205;ENSG00000131373;ENSG00000179761;ENSG00000102178;ENSG00000034693;ENSG00000075336;ENSG00000105819;ENSG00000101558;ENSG00000104980;ENSG00000164284;ENSG00000214253;ENSG00000106554;ENSG00000173171;ENSG00000124486;ENSG00000171867;ENSG00000138138;ENSG00000072210;ENSG00000036473;ENSG00000087008;ENSG00000134375;ENSG00000127554;ENSG00000130204;ENSG00000213965;ENSG00000164751;ENSG00000103150;ENSG00000144381;ENSG00000157326;ENSG00000163528;ENSG00000140876;ENSG00000154174;ENSG00000134809;ENSG00000196683;ENSG00000168275;ENSG00000108733
REACTOME_SIGNALING_BY_NOTCH2,prerank,-0.9067214324428162,0.6227872163478674,0.8577650964671688,ENSG00000221983;ENSG00000184384;ENSG00000110492;ENSG00000170315;ENSG00000205155;ENSG00000138613;ENSG00000198719;ENSG00000162736;ENSG00000214357;ENSG00000143947
REACTOME_SENSORY_PERCEPTION,prerank,-0.9079807518503815,0.7146780592004882,0.858125136192038,ENSG00000130830;ENSG00000111664;ENSG00000129749;ENSG00000076716;ENSG00000136425;ENSG00000213420;ENSG00000137868;ENSG00000123700;ENSG00000197223;ENSG00000140522;ENSG00000151491;ENSG00000162512;ENSG00000007402;ENSG00000116745;ENSG00000114115;ENSG00000177106;ENSG00000130529;ENSG00000115884;ENSG00000142798;ENSG00000130203;ENSG00000128617;ENSG00000117013;ENSG00000147257;ENSG00000255837;ENSG00000132259;ENSG00000162572;ENSG00000101412;ENSG00000168124;ENSG00000145476;ENSG00000070961;ENSG00000185527;ENSG00000130164;ENSG00000105711;ENSG00000175029;ENSG00000148180;ENSG00000060709;ENSG00000082397;ENSG00000204444;ENSG00000257365;ENSG00000188157;ENSG00000169214;ENSG00000114349;ENSG00000181609;ENSG00000130561;ENSG00000110244;ENSG00000136448;ENSG00000152465;ENSG00000132639;ENSG00000164061;ENSG00000185933;ENSG00000197324;ENSG00000069966;ENSG00000238243;ENSG00000116489;ENSG00000068615;ENSG00000198668;ENSG00000102003;ENSG00000008056;ENSG00000147044;ENSG00000111913;ENSG00000175445;ENSG00000132915
REACTOME_RIBAVIRIN_ADME,prerank,-0.9085908097406872,0.6128386494061123,0.8583607512365099,ENSG00000106992;ENSG00000196839;ENSG00000197506;ENSG00000198246;ENSG00000125877;ENSG00000076685
REACTOME_MITOTIC_PROPHASE,prerank,-0.907063278279763,0.6623362679836805,0.8585577822709548,ENSG00000166851;ENSG00000134057;ENSG00000170312;ENSG00000246705;ENSG00000157020;ENSG00000157456;ENSG00000114745;ENSG00000075188;ENSG00000104695;ENSG00000151503;ENSG00000105968;ENSG00000047410;ENSG00000058804;ENSG00000113368;ENSG00000102882;ENSG00000120802;ENSG00000113575;ENSG00000134324;ENSG00000184260;ENSG00000163002;ENSG00000119638;ENSG00000119408;ENSG00000138768;ENSG00000120253;ENSG00000119335;ENSG00000136824;ENSG00000138069;ENSG00000132475;ENSG00000113810;ENSG00000117475;ENSG00000188486;ENSG00000143420;ENSG00000153201;ENSG00000197903;ENSG00000147316;ENSG00000158373;ENSG00000196890;ENSG00000146918;ENSG00000100749;ENSG00000138750;ENSG00000139496;ENSG00000184678;ENSG00000161904;ENSG00000069248;ENSG00000175470;ENSG00000110713
REACTOME_TICAM1_DEPENDENT_ACTIVATION_OF_IRF3_IRF7,prerank,-0.9183661661013928,0.6014521452145215,0.8587372122309943,ENSG00000221983;ENSG00000170315;ENSG00000136560;ENSG00000143947
REACTOME_MTOR_SIGNALLING,prerank,-0.9091115965676764,0.625631387290027,0.858771818601374,ENSG00000149357;ENSG00000167965;ENSG00000082146;ENSG00000116586;ENSG00000083750;ENSG00000187840;ENSG00000109270;ENSG00000116954;ENSG00000111725;ENSG00000266173;ENSG00000142208;ENSG00000188186;ENSG00000118046;ENSG00000134248;ENSG00000025039;ENSG00000132356;ENSG00000155876;ENSG00000151247;ENSG00000105221;ENSG00000137154;ENSG00000181929
REACTOME_PHENYLALANINE_AND_TYROSINE_METABOLISM,prerank,-0.9186854314243549,0.5936419260441607,0.8596181236740055,ENSG00000171097;ENSG00000151552;ENSG00000100577;ENSG00000187741;ENSG00000158104;ENSG00000166228
REACTOME_SIGNALING_BY_TGFBR3,prerank,-0.9193243584922811,0.6088607594936709,0.8597731337385324,ENSG00000157227;ENSG00000129682;ENSG00000152284;ENSG00000069702;ENSG00000205155;ENSG00000138613;ENSG00000140262;ENSG00000134323;ENSG00000162736;ENSG00000035862;ENSG00000106799;ENSG00000131759;ENSG00000092847;ENSG00000143801;ENSG00000155363;ENSG00000141480;ENSG00000123159;ENSG00000141646;ENSG00000092969;ENSG00000121989;ENSG00000117362;ENSG00000126070;ENSG00000100354;ENSG00000186350
REACTOME_SPRY_REGULATION_OF_FGF_SIGNALING,prerank,-0.9092791897114737,0.6065009560229445,0.8599556263486282,ENSG00000197122;ENSG00000221983;ENSG00000170315;ENSG00000104695;ENSG00000102882;ENSG00000113575;ENSG00000143947
REACTOME_BIOLOGICAL_OXIDATIONS,prerank,-0.9198133221526219,0.6773104083512435,0.8602658893373317,ENSG00000130958;ENSG00000169902;ENSG00000131480;ENSG00000131069;ENSG00000131067;ENSG00000114631;ENSG00000196616;ENSG00000053371;ENSG00000178814;ENSG00000267673;ENSG00000143819;ENSG00000128965;ENSG00000001084;ENSG00000117448;ENSG00000093010;ENSG00000189221;ENSG00000143198;ENSG00000197448;ENSG00000085871;ENSG00000175756;ENSG00000008394;ENSG00000124212;ENSG00000145476;ENSG00000114779;ENSG00000134184;ENSG00000172831;ENSG00000166840;ENSG00000100577;ENSG00000116704;ENSG00000138061;ENSG00000137274;ENSG00000139684;ENSG00000100031;ENSG00000111012;ENSG00000111275;ENSG00000006625;ENSG00000172379;ENSG00000109814;ENSG00000155016;ENSG00000106258;ENSG00000173113;ENSG00000214435;ENSG00000131471;ENSG00000166741;ENSG00000099998;ENSG00000168671;ENSG00000148832;ENSG00000104331
REACTOME_TRNA_MODIFICATION_IN_THE_MITOCHONDRION,prerank,-0.8959177121389581,0.6298511430090378,0.8638283409028485,ENSG00000128694;ENSG00000072506;ENSG00000130299;ENSG00000135297;ENSG00000171103;ENSG00000100890
REACTOME_REMOVAL_OF_AMINOTERMINAL_PROPEPTIDES_FROM_GAMMA_CARBOXYLATED_PROTEINS,prerank,-0.8959637168445255,0.6284643191859687,0.8652493281207848,ENSG00000140564;ENSG00000242252
REACTOME_FATTY_ACID_METABOLISM,prerank,-0.8961343313244394,0.7175825313049777,0.8664130954462501,ENSG00000176244;ENSG00000178537;ENSG00000221988;ENSG00000076555;ENSG00000197142;ENSG00000167107;ENSG00000167969;ENSG00000005469;ENSG00000149485;ENSG00000066322;ENSG00000134824;ENSG00000115425;ENSG00000233276;ENSG00000005187;ENSG00000107537;ENSG00000165175;ENSG00000122971;ENSG00000155368;ENSG00000101473;ENSG00000095321;ENSG00000157184;ENSG00000162889;ENSG00000105854;ENSG00000124212;ENSG00000138796;ENSG00000101986;ENSG00000242612;ENSG00000107897;ENSG00000204228;ENSG00000151611;ENSG00000138029;ENSG00000124370;ENSG00000138061;ENSG00000167315;ENSG00000110090;ENSG00000074696;ENSG00000100031;ENSG00000181513;ENSG00000155016;ENSG00000004779;ENSG00000100294;ENSG00000165996;ENSG00000123130;ENSG00000099998;ENSG00000116711;ENSG00000112304;ENSG00000107317;ENSG00000152463;ENSG00000111271;ENSG00000123983;ENSG00000130304;ENSG00000116353;ENSG00000113790;ENSG00000170522;ENSG00000141179;ENSG00000131373;ENSG00000146085;ENSG00000148334;ENSG00000179477;ENSG00000133422;ENSG00000151365;ENSG00000184227;ENSG00000205560;ENSG00000072210;ENSG00000172497;ENSG00000087008;ENSG00000162365;ENSG00000140043;ENSG00000117480;ENSG00000157870;ENSG00000145439;ENSG00000213965;ENSG00000103150;ENSG00000103740;ENSG00000169710;ENSG00000186350;ENSG00000188921;ENSG00000140876;ENSG00000130948;ENSG00000118402;ENSG00000151726
REACTOME_POST_TRANSLATIONAL_PROTEIN_MODIFICATION,prerank,-0.8981223775625923,0.9251,0.8668303825062796,ENSG00000175063;ENSG00000130528;ENSG00000126351;ENSG00000105514;ENSG00000136026;ENSG00000178999;ENSG00000150961;ENSG00000169902;ENSG00000089685;ENSG00000165905;ENSG00000035499;ENSG00000163295;ENSG00000163322;ENSG00000166965;ENSG00000198033;ENSG00000084693;ENSG00000134690;ENSG00000174871;ENSG00000036672;ENSG00000132879;ENSG00000085998;ENSG00000169515;ENSG00000143476;ENSG00000145386;ENSG00000169084;ENSG00000101938;ENSG00000117399;ENSG00000170312;ENSG00000173402;ENSG00000179085;ENSG00000164045;ENSG00000137267;ENSG00000118508;ENSG00000140564;ENSG00000159921;ENSG00000011422;ENSG00000166337;ENSG00000087111;ENSG00000165282;ENSG00000134970;ENSG00000167552;ENSG00000197299;ENSG00000179331;ENSG00000124440;ENSG00000087586;ENSG00000181029;ENSG00000170348;ENSG00000100271;ENSG00000155961;ENSG00000162063;ENSG00000122707;ENSG00000145808;ENSG00000101439;ENSG00000131747;ENSG00000112146;ENSG00000169442;ENSG00000082684;ENSG00000104522;ENSG00000104833;ENSG00000131788;ENSG00000228474;ENSG00000086848;ENSG00000136240;ENSG00000162032;ENSG00000116661;ENSG00000126756;ENSG00000074855;ENSG00000204386;ENSG00000134910;ENSG00000177511;ENSG00000128564;ENSG00000185761;ENSG00000188878;ENSG00000221983;ENSG00000136378;ENSG00000197858;ENSG00000089723;ENSG00000101162;ENSG00000204308;ENSG00000070404;ENSG00000137821;ENSG00000102158;ENSG00000137692;ENSG00000111481;ENSG00000108854;ENSG00000157020;ENSG00000145029;ENSG00000181143;ENSG00000173540;ENSG00000121022;ENSG00000163430;ENSG00000177239;ENSG00000006756;ENSG00000131871;ENSG00000159069;ENSG00000107201;ENSG00000132646;ENSG00000115486;ENSG00000006118;ENSG00000137100;ENSG00000072803;ENSG00000134825;ENSG00000111726;ENSG00000099804;ENSG00000004059;ENSG00000168118;ENSG00000144524;ENSG00000114745;ENSG00000170315;ENSG00000143382;ENSG00000129255;ENSG00000160323;ENSG00000197121;ENSG00000172260;ENSG00000135093;ENSG00000185010;ENSG00000177951;ENSG00000138081;ENSG00000112210;ENSG00000025434;ENSG00000103363;ENSG00000128595;ENSG00000013375;ENSG00000140365;ENSG00000100196;ENSG00000111752;ENSG00000167964;ENSG00000130203;ENSG00000143315;ENSG00000168301;ENSG00000075188;ENSG00000044090;ENSG00000086062;ENSG00000178234;ENSG00000146856;ENSG00000099246;ENSG00000169189;ENSG00000117411;ENSG00000102032;ENSG00000106636;ENSG00000172269;ENSG00000101160;ENSG00000147257;ENSG00000138073;ENSG00000086598;ENSG00000150768;ENSG00000143164;ENSG00000101846;ENSG00000154734;ENSG00000156508;ENSG00000169213;ENSG00000101665;ENSG00000109501;ENSG00000121578;ENSG00000144647;ENSG00000091136;ENSG00000157353;ENSG00000130714;ENSG00000173894;ENSG00000162066;ENSG00000198856;ENSG00000136840;ENSG00000170142;ENSG00000242247;ENSG00000213380;ENSG00000183655;ENSG00000108106;ENSG00000168374;ENSG00000049323;ENSG00000172780;ENSG00000188215;ENSG00000119899;ENSG00000171862;ENSG00000214717;ENSG00000132507;ENSG00000237172;ENSG00000143799;ENSG00000147400;ENSG00000100934;ENSG00000129562;ENSG00000197353;ENSG00000156831;ENSG00000242252;ENSG00000134574;ENSG00000002016;ENSG00000072849;ENSG00000204421;ENSG00000134109;ENSG00000124006;ENSG00000163029;ENSG00000239305;ENSG00000134146;ENSG00000047410;ENSG00000102580;ENSG00000129083;ENSG00000185269;ENSG00000088986;ENSG00000151876;ENSG00000186907;ENSG00000144401;ENSG00000146021;ENSG00000134594;ENSG00000001036;ENSG00000173163;ENSG00000120798;ENSG00000167508;ENSG00000058804;ENSG00000105619;ENSG00000185900;ENSG00000177666;ENSG00000164054;ENSG00000012048;ENSG00000161040;ENSG00000171560;ENSG00000169228;ENSG00000166200;ENSG00000155034;ENSG00000167363;ENSG00000130725;ENSG00000161011;ENSG00000077152;ENSG00000068024;ENSG00000078043;ENSG00000148803;ENSG00000119523;ENSG00000139998;ENSG00000181481;ENSG00000165501;ENSG00000109113;ENSG00000124302;ENSG00000243789;ENSG00000152422;ENSG00000088298;ENSG00000135052;ENSG00000116237;ENSG00000095380;ENSG00000151092;ENSG00000186094;ENSG00000107872;ENSG00000124357;ENSG00000067369;ENSG00000157911;ENSG00000140988;ENSG00000185238;ENSG00000106392;ENSG00000110195;ENSG00000176641;ENSG00000100342;ENSG00000095139;ENSG00000150551;ENSG00000205220;ENSG00000131508;ENSG00000136908;ENSG00000136542;ENSG00000196459;ENSG00000140367;ENSG00000072401;ENSG00000147912;ENSG00000104826;ENSG00000158089;ENSG00000172007;ENSG00000120696;ENSG00000143947;ENSG00000162236;ENSG00000153391;ENSG00000144566;ENSG00000113812;ENSG00000007255;ENSG00000121897;ENSG00000165923;ENSG00000144744;ENSG00000095059;ENSG00000165195;ENSG00000137992;ENSG00000185115;ENSG00000182858;ENSG00000114988;ENSG00000117143;ENSG00000169918;ENSG00000198881;ENSG00000175536;ENSG00000163964;ENSG00000186998;ENSG00000132388;ENSG00000188612;ENSG00000159377;ENSG00000070950;ENSG00000119048;ENSG00000172339;ENSG00000049192;ENSG00000166192;ENSG00000119912;ENSG00000100626;ENSG00000143494;ENSG00000120697;ENSG00000159692;ENSG00000136986;ENSG00000173230;ENSG00000049449;ENSG00000060642;ENSG00000137502;ENSG00000118518;ENSG00000161677;ENSG00000118412;ENSG00000150456;ENSG00000155511;ENSG00000174989;ENSG00000141429;ENSG00000161016;ENSG00000168936;ENSG00000180801;ENSG00000138663;ENSG00000100304;ENSG00000162298;ENSG00000004779;ENSG00000176986;ENSG00000151665;ENSG00000109332;ENSG00000113273;ENSG00000106799;ENSG00000092853;ENSG00000116030;ENSG00000184260;ENSG00000124466;ENSG00000100387;ENSG00000163002;ENSG00000113739;ENSG00000117280;ENSG00000157778;ENSG00000140943;ENSG00000134686;ENSG00000137941;ENSG00000100417;ENSG00000138592;ENSG00000112303;ENSG00000118564;ENSG00000138768;ENSG00000120253;ENSG00000079387;ENSG00000172845;ENSG00000254685;ENSG00000175792;ENSG00000173269;ENSG00000116489;ENSG00000114270;ENSG00000198668;ENSG00000184007;ENSG00000005243;ENSG00000167515;ENSG00000038427;ENSG00000171621;ENSG00000138069;ENSG00000129472;ENSG00000159461;ENSG00000136153;ENSG00000204264;ENSG00000180530;ENSG00000100519;ENSG00000115275;ENSG00000007541;ENSG00000137285;ENSG00000105379;ENSG00000159063;ENSG00000185499;ENSG00000152583;ENSG00000033011;ENSG00000169223;ENSG00000176014;ENSG00000165392;ENSG00000183715;ENSG00000143786;ENSG00000169019;ENSG00000135049;ENSG00000085063;ENSG00000215182;ENSG00000135862;ENSG00000132963;ENSG00000185345;ENSG00000111671;ENSG00000138674;ENSG00000169139;ENSG00000100221;ENSG00000214160;ENSG00000115525;ENSG00000033170;ENSG00000088305;ENSG00000174684;ENSG00000131759;ENSG00000158623;ENSG00000163013;ENSG00000124356;ENSG00000151657;ENSG00000133424;ENSG00000154277;ENSG00000170365;ENSG00000074695;ENSG00000116750;ENSG00000178691;ENSG00000100567;ENSG00000163635;ENSG00000173702;ENSG00000159593;ENSG00000107862;ENSG00000157350;ENSG00000136518;ENSG00000111832;ENSG00000172476;ENSG00000184481;ENSG00000162928;ENSG00000175283;ENSG00000135845;ENSG00000156381;ENSG00000153201;ENSG00000093183;ENSG00000197903;ENSG00000073849;ENSG00000196655;ENSG00000143641;ENSG00000196372;ENSG00000000419;ENSG00000077097;ENSG00000158373;ENSG00000110080;ENSG00000100564;ENSG00000140905;ENSG00000081692;ENSG00000138802;ENSG00000095261;ENSG00000143106;ENSG00000116044;ENSG00000181789;ENSG00000170558;ENSG00000152127;ENSG00000196890;ENSG00000163933;ENSG00000135164;ENSG00000166847;ENSG00000072501;ENSG00000141933;ENSG00000110801;ENSG00000107672;ENSG00000069974;ENSG00000065802;ENSG00000087448;ENSG00000166685;ENSG00000136152;ENSG00000100225;ENSG00000168646;ENSG00000171155;ENSG00000155827;ENSG00000071246;ENSG00000175575;ENSG00000164934;ENSG00000185651;ENSG00000130338;ENSG00000144852;ENSG00000067066;ENSG00000033178;ENSG00000104671;ENSG00000156219;ENSG00000184979;ENSG00000118894;ENSG00000181027;ENSG00000146414;ENSG00000090432;ENSG00000140395;ENSG00000114354;ENSG00000166391;ENSG00000078140;ENSG00000124003;ENSG00000197562;ENSG00000158560;ENSG00000119318;ENSG00000088035;ENSG00000164754;ENSG00000160886;ENSG00000118496;ENSG00000080371;ENSG00000087116;ENSG00000104723;ENSG00000066427;ENSG00000141480;ENSG00000144455;ENSG00000255150;ENSG00000184182;ENSG00000108774;ENSG00000166128;ENSG00000141030;ENSG00000109466;ENSG00000068308;ENSG00000128294;ENSG00000140396;ENSG00000164663;ENSG00000155876;ENSG00000176087;ENSG00000178462;ENSG00000198612;ENSG00000141337;ENSG00000182568;ENSG00000104343;ENSG00000106588;ENSG00000138750;ENSG00000070501;ENSG00000173273;ENSG00000055130;ENSG00000137337;ENSG00000198625;ENSG00000114999;ENSG00000133895;ENSG00000101464;ENSG00000100228;ENSG00000134982;ENSG00000115363
REACTOME_INHIBITION_OF_DNA_RECOMBINATION_AT_TELOMERE,prerank,-0.8964835806195571,0.643562030075188,0.8672149372086893,ENSG00000246705;ENSG00000147669;ENSG00000168002;ENSG00000105968;ENSG00000102977;ENSG00000092330;ENSG00000005075;ENSG00000184260;ENSG00000147601;ENSG00000100142;ENSG00000132475;ENSG00000188486;ENSG00000197903;ENSG00000158373;ENSG00000196890;ENSG00000163882
REACTOME_SYNTHESIS_OF_PC,prerank,-0.9007933560471477,0.6217870257037944,0.8673496040969874,ENSG00000102230;ENSG00000133027;ENSG00000087085;ENSG00000153395;ENSG00000134255;ENSG00000100288;ENSG00000134324;ENSG00000214530;ENSG00000070214;ENSG00000141179;ENSG00000168389
REACTOME_STRIATED_MUSCLE_CONTRACTION,prerank,-0.8971474842284763,0.6385927505330491,0.8673592467321984,ENSG00000129991;ENSG00000198467;ENSG00000105048;ENSG00000134571;ENSG00000167460;ENSG00000140416;ENSG00000163157;ENSG00000173991
REACTOME_TOLL_LIKE_RECEPTOR_CASCADES,prerank,-0.8985644042308186,0.7155092353730265,0.8674321573101739,ENSG00000004139;ENSG00000081189;ENSG00000136943;ENSG00000160703;ENSG00000163221;ENSG00000110057;ENSG00000108984;ENSG00000166484;ENSG00000221983;ENSG00000135047;ENSG00000168256;ENSG00000072803;ENSG00000185386;ENSG00000170315;ENSG00000106976;ENSG00000104695;ENSG00000174516;ENSG00000162889;ENSG00000088179;ENSG00000139370;ENSG00000117676;ENSG00000109339;ENSG00000100600;ENSG00000171560;ENSG00000204305;ENSG00000136560;ENSG00000102882;ENSG00000131508;ENSG00000072401;ENSG00000113575;ENSG00000143947;ENSG00000197329;ENSG00000139318;ENSG00000123268;ENSG00000177189;ENSG00000102921;ENSG00000166130;ENSG00000109332;ENSG00000164086;ENSG00000137161;ENSG00000160678;ENSG00000034152;ENSG00000160959;ENSG00000244687;ENSG00000078142;ENSG00000131381;ENSG00000136869;ENSG00000101916;ENSG00000177606;ENSG00000179295;ENSG00000198001;ENSG00000168040;ENSG00000174130;ENSG00000184979;ENSG00000095015;ENSG00000189403;ENSG00000055130;ENSG00000112062;ENSG00000071242;ENSG00000120280;ENSG00000134070;ENSG00000163131;ENSG00000110330
REACTOME_DEPOLYMERIZATION_OF_THE_NUCLEAR_LAMINA,prerank,-0.8932291005077518,0.6328235445315512,0.8678844005618217,ENSG00000134057;ENSG00000170312;ENSG00000113368;ENSG00000120802;ENSG00000134324
REACTOME_METABOLISM_OF_VITAMINS_AND_COFACTORS,prerank,-0.9011538688183969,0.7208991993430507,0.8681226438174346,ENSG00000136010;ENSG00000076555;ENSG00000186603;ENSG00000076716;ENSG00000213420;ENSG00000124615;ENSG00000163382;ENSG00000120509;ENSG00000197223;ENSG00000162512;ENSG00000114115;ENSG00000115884;ENSG00000142798;ENSG00000139428;ENSG00000138356;ENSG00000181035;ENSG00000130203;ENSG00000138413;ENSG00000136960;ENSG00000150787;ENSG00000147257;ENSG00000127125;ENSG00000164494;ENSG00000152782;ENSG00000167799;ENSG00000130164;ENSG00000088682;ENSG00000151611;ENSG00000060709;ENSG00000169814;ENSG00000204444;ENSG00000137880;ENSG00000138617;ENSG00000132423;ENSG00000188157;ENSG00000149313;ENSG00000185803;ENSG00000112874;ENSG00000119723;ENSG00000110244;ENSG00000157978;ENSG00000102575;ENSG00000076351;ENSG00000197324;ENSG00000112303;ENSG00000198668;ENSG00000167775;ENSG00000128567;ENSG00000166741;ENSG00000176974;ENSG00000138621;ENSG00000142208;ENSG00000175445;ENSG00000105835;ENSG00000103485;ENSG00000100714;ENSG00000147813;ENSG00000119688;ENSG00000259431;ENSG00000173085;ENSG00000166347;ENSG00000146085;ENSG00000164172;ENSG00000065911;ENSG00000118271;ENSG00000197594;ENSG00000198074;ENSG00000244005;ENSG00000123815;ENSG00000122696;ENSG00000172890;ENSG00000173638;ENSG00000168925;ENSG00000106733
REACTOME_INTERFERON_SIGNALING,prerank,-0.8987321158552755,0.7481039538881585,0.8686160161231115,ENSG00000198019;ENSG00000204613;ENSG00000181544;ENSG00000198033;ENSG00000185201;ENSG00000121236;ENSG00000170312;ENSG00000137267;ENSG00000140564;ENSG00000167552;ENSG00000132274;ENSG00000163462;ENSG00000104833;ENSG00000108984;ENSG00000131944;ENSG00000221983;ENSG00000169689;ENSG00000101162;ENSG00000142089;ENSG00000157020;ENSG00000058404;ENSG00000107201;ENSG00000185504;ENSG00000170315;ENSG00000172071;ENSG00000163932;ENSG00000165949;ENSG00000075188;ENSG00000179583;ENSG00000159128;ENSG00000175279;ENSG00000132256;ENSG00000101665;ENSG00000104695;ENSG00000170142;ENSG00000164163;ENSG00000159110;ENSG00000027697;ENSG00000047410;ENSG00000102580;ENSG00000135828;ENSG00000058804;ENSG00000166710;ENSG00000127445;ENSG00000102882;ENSG00000113575;ENSG00000143947;ENSG00000257365;ENSG00000204389;ENSG00000187741;ENSG00000196911;ENSG00000158169;ENSG00000134253;ENSG00000096060;ENSG00000182179;ENSG00000126803;ENSG00000167333;ENSG00000116030;ENSG00000163002;ENSG00000101871;ENSG00000120253;ENSG00000044574;ENSG00000204264;ENSG00000102753;ENSG00000185745;ENSG00000137285;ENSG00000175354;ENSG00000176014;ENSG00000221829;ENSG00000136068;ENSG00000068079;ENSG00000110171;ENSG00000161960;ENSG00000125977;ENSG00000104228;ENSG00000148660;ENSG00000066027;ENSG00000119922;ENSG00000153201;ENSG00000204592;ENSG00000096968;ENSG00000183161;ENSG00000143621;ENSG00000179295;ENSG00000187790;ENSG00000149294;ENSG00000137193;ENSG00000067066;ENSG00000184979;ENSG00000180228;ENSG00000176170;ENSG00000204390;ENSG00000132530;ENSG00000137959;ENSG00000178462;ENSG00000138750
REACTOME_ION_HOMEOSTASIS,prerank,-0.8994294230927378,0.6455739577384352,0.8687021161684263,ENSG00000137726;ENSG00000129244;ENSG00000129991;ENSG00000104936;ENSG00000160991;ENSG00000058404;ENSG00000183023;ENSG00000070961;ENSG00000196296;ENSG00000075142;ENSG00000144935;ENSG00000198668;ENSG00000168710;ENSG00000155962;ENSG00000148660;ENSG00000167323;ENSG00000198523;ENSG00000067842;ENSG00000150995;ENSG00000096433;ENSG00000058668;ENSG00000145349;ENSG00000118160
REACTOME_REGULATION_OF_GENE_EXPRESSION_IN_LATE_STAGE_BRANCHING_MORPHOGENESIS_PANCREATIC_BUD_PRECURSOR_CELLS,prerank,0.7553368099267785,0.8139122729286664,0.8720560587983505,ENSG00000168214;ENSG00000169856
REACTOME_PLATELET_HOMEOSTASIS,prerank,-0.8904616309162461,0.6889083351564209,0.8720849765705474,ENSG00000111664;ENSG00000160991;ENSG00000168243;ENSG00000068971;ENSG00000127920;ENSG00000183023;ENSG00000104695;ENSG00000160191;ENSG00000070961;ENSG00000162188;ENSG00000138735;ENSG00000196296;ENSG00000152402;ENSG00000113575;ENSG00000075142;ENSG00000069966;ENSG00000198668;ENSG00000116711;ENSG00000007171;ENSG00000066027;ENSG00000167323;ENSG00000176533;ENSG00000135124;ENSG00000179295;ENSG00000067842;ENSG00000150995;ENSG00000172354;ENSG00000112062;ENSG00000096433;ENSG00000072952;ENSG00000135643;ENSG00000058668;ENSG00000154001;ENSG00000118160
REACTOME_RSV_HOST_INTERACTIONS,prerank,-0.8790453169911995,0.7041734417344173,0.8723437521115277,ENSG00000076716;ENSG00000108590;ENSG00000213420;ENSG00000221983;ENSG00000162512;ENSG00000107201;ENSG00000170315;ENSG00000115884;ENSG00000142798;ENSG00000103363;ENSG00000147257;ENSG00000155868;ENSG00000159110;ENSG00000143947;ENSG00000160563;ENSG00000188157;ENSG00000100387;ENSG00000112237;ENSG00000159479;ENSG00000152944;ENSG00000136869;ENSG00000155111;ENSG00000136146;ENSG00000174130;ENSG00000124641;ENSG00000168329;ENSG00000104973;ENSG00000154582;ENSG00000166266;ENSG00000161920
REACTOME_REGULATED_PROTEOLYSIS_OF_P75NTR,prerank,-0.879478554074208,0.6503394116864102,0.8729843274710366,ENSG00000205155;ENSG00000138613;ENSG00000162736;ENSG00000064300
REACTOME_VOLTAGE_GATED_POTASSIUM_CHANNELS,prerank,-0.8891585354167942,0.6495979186376537,0.8732205565823781,ENSG00000168263;ENSG00000183960;ENSG00000162975;ENSG00000117013;ENSG00000131398;ENSG00000182674
REACTOME_PROLACTIN_RECEPTOR_SIGNALING,prerank,-0.8798624544466491,0.6490911434833054,0.873737420886115,ENSG00000100387;ENSG00000096968;ENSG00000179295;ENSG00000055130;ENSG00000166167;ENSG00000126561;ENSG00000178188;ENSG00000113558;ENSG00000259384;ENSG00000172179
REACTOME_HIV_TRANSCRIPTION_INITIATION,prerank,-0.8773188556592418,0.6735046675118128,0.8742182792437746,ENSG00000166337;ENSG00000147669;ENSG00000168002;ENSG00000111358;ENSG00000120656;ENSG00000153767;ENSG00000147133;ENSG00000106290;ENSG00000005075;ENSG00000100142;ENSG00000134058;ENSG00000178913;ENSG00000197780;ENSG00000020426;ENSG00000197265;ENSG00000163882;ENSG00000104884;ENSG00000137947;ENSG00000105258;ENSG00000145736;ENSG00000110768;ENSG00000064313;ENSG00000134480;ENSG00000130699;ENSG00000141384;ENSG00000140307;ENSG00000102978
REACTOME_METABOLISM_OF_WATER_SOLUBLE_VITAMINS_AND_COFACTORS,prerank,-0.8750067577290989,0.738004650179666,0.8742525494704907,ENSG00000136010;ENSG00000076555;ENSG00000124615;ENSG00000163382;ENSG00000120509;ENSG00000139428;ENSG00000138356;ENSG00000181035;ENSG00000136960;ENSG00000127125;ENSG00000152782;ENSG00000167799;ENSG00000151611;ENSG00000169814;ENSG00000138617;ENSG00000149313;ENSG00000185803;ENSG00000112874;ENSG00000157978;ENSG00000102575;ENSG00000076351;ENSG00000112303;ENSG00000167775;ENSG00000128567;ENSG00000166741;ENSG00000176974;ENSG00000138621;ENSG00000105835;ENSG00000103485;ENSG00000100714;ENSG00000147813;ENSG00000119688;ENSG00000259431;ENSG00000166347;ENSG00000146085;ENSG00000164172;ENSG00000065911;ENSG00000197594;ENSG00000244005;ENSG00000122696;ENSG00000172890;ENSG00000173638;ENSG00000168925;ENSG00000106733;ENSG00000185339;ENSG00000107611;ENSG00000182199;ENSG00000138496;ENSG00000168288;ENSG00000102699;ENSG00000131844
REACTOME_REGULATION_OF_ENDOGENOUS_RETROELEMENTS,prerank,-0.8800741948914589,0.7176571551169277,0.8748179272240217,ENSG00000082014;ENSG00000196724;ENSG00000246705;ENSG00000110987;ENSG00000184635;ENSG00000168661;ENSG00000105968;ENSG00000196417;ENSG00000198538;ENSG00000180257;ENSG00000161298;ENSG00000189180;ENSG00000178187;ENSG00000163946;ENSG00000130844;ENSG00000188612;ENSG00000099385;ENSG00000198039;ENSG00000167554;ENSG00000184260;ENSG00000188295;ENSG00000173041;ENSG00000198093;ENSG00000131127;ENSG00000076053;ENSG00000132475;ENSG00000136518;ENSG00000188486;ENSG00000080503;ENSG00000197903;ENSG00000158373;ENSG00000133884;ENSG00000267680;ENSG00000196890;ENSG00000198633;ENSG00000184402;ENSG00000134627;ENSG00000169131;ENSG00000196199;ENSG00000171681
REACTOME_RNA_POLYMERASE_III_TRANSCRIPTION_TERMINATION,prerank,-0.8754122545068154,0.6627182806203443,0.8749251571670922,ENSG00000141905;ENSG00000147669;ENSG00000121851;ENSG00000147862;ENSG00000100142;ENSG00000162599;ENSG00000163882;ENSG00000138385;ENSG00000113356;ENSG00000161980;ENSG00000058600
REACTOME_TICAM1_RIP1_MEDIATED_IKK_COMPLEX_RECRUITMENT,prerank,-0.8807181743835544,0.6517487777359909,0.8750568595824364,ENSG00000221983;ENSG00000170315;ENSG00000131508;ENSG00000072401;ENSG00000143947;ENSG00000109332;ENSG00000244687
REACTOME_FORMATION_OF_THE_BETA_CATENIN_TCF_TRANSACTIVATING_COMPLEX,prerank,-0.8867387725919169,0.664994298745724,0.8750821530940862,ENSG00000065717;ENSG00000246705;ENSG00000081059;ENSG00000152284;ENSG00000116128;ENSG00000163348;ENSG00000105968;ENSG00000196781;ENSG00000184260;ENSG00000175792;ENSG00000132475;ENSG00000188486;ENSG00000197903;ENSG00000158373;ENSG00000196890;ENSG00000168646;ENSG00000133895;ENSG00000184678;ENSG00000134371;ENSG00000136997;ENSG00000163041;ENSG00000196363;ENSG00000124635;ENSG00000148737;ENSG00000146047;ENSG00000180596;ENSG00000164362;ENSG00000106829;ENSG00000100393;ENSG00000171016;ENSG00000117222;ENSG00000168148;ENSG00000168036
REACTOME_REGULATION_OF_TP53_ACTIVITY_THROUGH_METHYLATION,prerank,-0.8873203644899611,0.6408511691203761,0.8754357055831246,ENSG00000221983;ENSG00000170315;ENSG00000185513;ENSG00000136319;ENSG00000143499;ENSG00000143947;ENSG00000183765
REACTOME_RECEPTOR_TYPE_TYROSINE_PROTEIN_PHOSPHATASES,prerank,-0.8812196410836511,0.6538753799392097,0.8755630601099719,ENSG00000142949;ENSG00000131409;ENSG00000185985;ENSG00000179542;ENSG00000105426;ENSG00000121871;ENSG00000140538
REACTOME_METABOLISM_OF_ANGIOTENSINOGEN_TO_ANGIOTENSINS,prerank,-0.8757830691874726,0.6533179309459632,0.8756829873189067,ENSG00000182220;ENSG00000196549;ENSG00000101160;ENSG00000080618;ENSG00000153002
REACTOME_INACTIVATION_OF_CSF3_G_CSF_SIGNALING,prerank,-0.8733955818258619,0.6638882078940916,0.8759024578075536,ENSG00000221983;ENSG00000170315;ENSG00000103363;ENSG00000131508;ENSG00000072401;ENSG00000143947;ENSG00000109332
REACTOME_SIGNAL_AMPLIFICATION,prerank,-0.8723196813209603,0.6752890690189534,0.8765008866131546,ENSG00000111664;ENSG00000197122;ENSG00000168243;ENSG00000088256;ENSG00000127920;ENSG00000162188;ENSG00000065135;ENSG00000069966;ENSG00000116711;ENSG00000176533;ENSG00000172354;ENSG00000112062;ENSG00000127837;ENSG00000114450;ENSG00000174021;ENSG00000169313;ENSG00000169860
REACTOME_NICOTINATE_METABOLISM,prerank,-0.8660907441145134,0.6762111876283677,0.8765116200417501,ENSG00000163382;ENSG00000138617;ENSG00000112874;ENSG00000166741;ENSG00000105835;ENSG00000103485;ENSG00000147813;ENSG00000122696;ENSG00000172890;ENSG00000106733;ENSG00000138496;ENSG00000102699
REACTOME_TP53_REGULATES_TRANSCRIPTION_OF_ADDITIONAL_CELL_CYCLE_GENES_WHOSE_EXACT_ROLE_IN_THE_P53_PATHWAY_REMAIN_UNCERTAIN,prerank,-0.8813027316280181,0.6489322305888162,0.8769133912894543,ENSG00000158402;ENSG00000151849;ENSG00000113300;ENSG00000138767;ENSG00000149115;ENSG00000102760;ENSG00000145632;ENSG00000158435;ENSG00000125107;ENSG00000141510;ENSG00000198791;ENSG00000144580;ENSG00000111596;ENSG00000182973
REACTOME_MISCELLANEOUS_SUBSTRATES,prerank,0.7503591590053814,0.8208469055374593,0.8772888992574583,ENSG00000021461;ENSG00000142973;ENSG00000187048
REACTOME_G_PROTEIN_BETA_GAMMA_SIGNALLING,prerank,-0.8663901354513165,0.6823925863521483,0.8774143966669485,ENSG00000111664;ENSG00000129675;ENSG00000123143;ENSG00000168243;ENSG00000127920;ENSG00000117020;ENSG00000162188;ENSG00000069966;ENSG00000142208;ENSG00000176533;ENSG00000182621;ENSG00000140992;ENSG00000070831;ENSG00000172354
REACTOME_RA_BIOSYNTHESIS_PATHWAY,prerank,-0.8702561674368064,0.667540247098465,0.87748949305557,ENSG00000166426;ENSG00000095596;ENSG00000072042;ENSG00000157326;ENSG00000139547;ENSG00000196139;ENSG00000165092;ENSG00000240857;ENSG00000135437;ENSG00000118514;ENSG00000184254;ENSG00000248144
REACTOME_MUSCLE_CONTRACTION,prerank,-0.8815178645844869,0.7568924874449113,0.8780012242609617,ENSG00000129682;ENSG00000137726;ENSG00000129244;ENSG00000129991;ENSG00000120896;ENSG00000198467;ENSG00000067191;ENSG00000105048;ENSG00000104936;ENSG00000018408;ENSG00000123143;ENSG00000160991;ENSG00000134571;ENSG00000108961;ENSG00000105605;ENSG00000123700;ENSG00000167460;ENSG00000196557;ENSG00000007402;ENSG00000058404;ENSG00000107796;ENSG00000089159;ENSG00000196876;ENSG00000196549;ENSG00000197043;ENSG00000183023;ENSG00000120049;ENSG00000140416;ENSG00000070961;ENSG00000118680;ENSG00000163157;ENSG00000095637;ENSG00000215375;ENSG00000105711;ENSG00000138735;ENSG00000196296;ENSG00000168135;ENSG00000152402;ENSG00000006283;ENSG00000173991;ENSG00000075142;ENSG00000136574;ENSG00000111275;ENSG00000130433;ENSG00000151067;ENSG00000122786;ENSG00000144935;ENSG00000135046;ENSG00000198668
REACTOME_BETA_CATENIN_PHOSPHORYLATION_CASCADE,prerank,-0.8665404738508187,0.6659859604339502,0.8785973891102313,ENSG00000068971;ENSG00000104695;ENSG00000113575;ENSG00000066027;ENSG00000181274;ENSG00000134982;ENSG00000113712;ENSG00000154001
REACTOME_TRAFFICKING_OF_AMPA_RECEPTORS,prerank,-0.8825785518613106,0.6515369836695485,0.8789080208499747,ENSG00000126787;ENSG00000126583;ENSG00000058404;ENSG00000125675;ENSG00000179841;ENSG00000132535;ENSG00000196586;ENSG00000155511;ENSG00000148660;ENSG00000183020;ENSG00000088367;ENSG00000006116;ENSG00000075461;ENSG00000140396;ENSG00000145349;ENSG00000156298;ENSG00000100151;ENSG00000135679
REACTOME_TOLL_LIKE_RECEPTOR_9_TLR9_CASCADE,prerank,-0.8702768104395721,0.7338872909342709,0.8789290846639368,ENSG00000081189;ENSG00000160703;ENSG00000163221;ENSG00000108984;ENSG00000166484;ENSG00000221983;ENSG00000168256;ENSG00000072803;ENSG00000185386;ENSG00000170315;ENSG00000104695;ENSG00000174516;ENSG00000162889;ENSG00000139370;ENSG00000117676;ENSG00000109339;ENSG00000204305;ENSG00000102882;ENSG00000113575;ENSG00000143947;ENSG00000197329;ENSG00000139318;ENSG00000123268;ENSG00000177189;ENSG00000102921;ENSG00000166130;ENSG00000164086;ENSG00000034152;ENSG00000160959;ENSG00000244687;ENSG00000078142;ENSG00000131381;ENSG00000136869;ENSG00000177606;ENSG00000198001;ENSG00000184979;ENSG00000095015;ENSG00000189403;ENSG00000055130;ENSG00000112062;ENSG00000071242;ENSG00000120280;ENSG00000134070
REACTOME_THROMBOXANE_SIGNALLING_THROUGH_TP_RECEPTOR,prerank,-0.8631217364986405,0.6748671034738534,0.879144435395999,ENSG00000111664;ENSG00000168243;ENSG00000088256;ENSG00000127920;ENSG00000162188
REACTOME_MYOGENESIS,prerank,-0.8816295628778698,0.6587014240888245,0.8792935268061847,ENSG00000081189;ENSG00000066032;ENSG00000108984;ENSG00000152284;ENSG00000185386;ENSG00000140262;ENSG00000067141
REACTOME_CD209_DC_SIGN_SIGNALING,prerank,-0.8669304300155589,0.6642389828416245,0.8793248428180891,ENSG00000077264;ENSG00000076662;ENSG00000123143;ENSG00000010810;ENSG00000142875
REACTOME_CARDIAC_CONDUCTION,prerank,-0.8675874299541028,0.7577004219409282,0.8795669533723807,ENSG00000129682;ENSG00000137726;ENSG00000129244;ENSG00000129991;ENSG00000067191;ENSG00000104936;ENSG00000018408;ENSG00000160991;ENSG00000108961;ENSG00000105605;ENSG00000123700;ENSG00000007402;ENSG00000058404;ENSG00000196876;ENSG00000196549;ENSG00000183023;ENSG00000120049;ENSG00000070961;ENSG00000105711;ENSG00000196296;ENSG00000168135;ENSG00000075142;ENSG00000136574;ENSG00000130433;ENSG00000151067;ENSG00000144935;ENSG00000198668;ENSG00000168710;ENSG00000155962;ENSG00000114388;ENSG00000148660;ENSG00000167323;ENSG00000198523;ENSG00000067842;ENSG00000150995;ENSG00000175206;ENSG00000144285;ENSG00000007314;ENSG00000075461;ENSG00000096433;ENSG00000058668;ENSG00000145349;ENSG00000064393;ENSG00000176076;ENSG00000118160
REACTOME_SIGNALING_BY_CSF3_G_CSF,prerank,-0.8636596598092847,0.6898711309165362,0.8795987621575132,ENSG00000221983;ENSG00000170315;ENSG00000103363;ENSG00000131508;ENSG00000072401;ENSG00000143947;ENSG00000109332;ENSG00000033327;ENSG00000133703;ENSG00000096968;ENSG00000160691;ENSG00000179295;ENSG00000154582;ENSG00000166266
REACTOME_NUCLEAR_PORE_COMPLEX_NPC_DISASSEMBLY,prerank,-0.8828784266998292,0.6588346979945413,0.8798147129452367,ENSG00000134057;ENSG00000170312;ENSG00000157020;ENSG00000157456;ENSG00000075188;ENSG00000047410;ENSG00000058804;ENSG00000163002;ENSG00000119638;ENSG00000119408;ENSG00000120253
REACTOME_GPER1_SIGNALING,prerank,-0.8836221762661416,0.6658180976625782,0.8798462278906325,ENSG00000111664;ENSG00000197122;ENSG00000150093;ENSG00000168243;ENSG00000128266;ENSG00000127920;ENSG00000164742;ENSG00000162188;ENSG00000065135;ENSG00000161638;ENSG00000142875;ENSG00000174233;ENSG00000069966
REACTOME_SIGNALING_BY_VEGF,prerank,-0.8681369574379987,0.7380824852704874,0.8800096968569282,ENSG00000050820;ENSG00000077264;ENSG00000197122;ENSG00000123143;ENSG00000167965;ENSG00000055163;ENSG00000185386;ENSG00000089159;ENSG00000163932;ENSG00000119487;ENSG00000162889;ENSG00000167601;ENSG00000117020;ENSG00000051523;ENSG00000106211;ENSG00000010810;ENSG00000142875;ENSG00000107338;ENSG00000132970;ENSG00000165197;ENSG00000120899;ENSG00000198668;ENSG00000061676;ENSG00000168710;ENSG00000198561;ENSG00000105647;ENSG00000173511;ENSG00000142208;ENSG00000188130;ENSG00000138448;ENSG00000133703;ENSG00000158517;ENSG00000140992;ENSG00000150995;ENSG00000062598;ENSG00000186654;ENSG00000070831;ENSG00000101255;ENSG00000176170;ENSG00000164327;ENSG00000112062;ENSG00000051382;ENSG00000096433;ENSG00000100365;ENSG00000105221;ENSG00000150630;ENSG00000127837
REACTOME_NEGATIVE_REGULATION_OF_TCF_DEPENDENT_SIGNALING_BY_WNT_LIGAND_ANTAGONISTS,prerank,-0.8613763784409559,0.6732202518632743,0.8809384613087753,ENSG00000107984;ENSG00000183762;ENSG00000114251
REACTOME_NOTCH2_INTRACELLULAR_DOMAIN_REGULATES_TRANSCRIPTION,prerank,0.7447345984482691,0.8370432591348173,0.8831119032773853,ENSG00000168214;ENSG00000197921
REACTOME_INTERLEUKIN_7_SIGNALING,prerank,0.7426525820665373,0.8476044852191641,0.8831529638083401,ENSG00000127616;ENSG00000162434
REACTOME_PYRIMIDINE_CATABOLISM,prerank,0.7427450438522588,0.8330529857022708,0.8843167046212439,ENSG00000116981;ENSG00000113492
REACTOME_DAG_AND_IP3_SIGNALING,prerank,-0.8561011822901833,0.6970862470862471,0.8847617383404376,ENSG00000126583;ENSG00000058404;ENSG00000163932;ENSG00000164742;ENSG00000004660;ENSG00000173020;ENSG00000142875;ENSG00000174233;ENSG00000198668;ENSG00000110931;ENSG00000168710;ENSG00000152495;ENSG00000148660;ENSG00000005249;ENSG00000150995;ENSG00000096433;ENSG00000145349;ENSG00000121281
REACTOME_MRNA_DECAY_BY_5_TO_3_EXORIBONUCLEASE,prerank,-0.8568580257964713,0.6814651825006471,0.8848440219107274,ENSG00000204392;ENSG00000151065;ENSG00000170860;ENSG00000164167;ENSG00000175324;ENSG00000106355;ENSG00000166889;ENSG00000110367;ENSG00000179151
REACTOME_BUTYRATE_RESPONSE_FACTOR_1_BRF1_BINDS_AND_DESTABILIZES_MRNA,prerank,-0.8572634983029647,0.6791995921488657,0.8855599418003531,ENSG00000162889;ENSG00000120699;ENSG00000077348;ENSG00000107371;ENSG00000142208;ENSG00000171311;ENSG00000178896;ENSG00000075914;ENSG00000083520
REACTOME_HDMS_DEMETHYLATE_HISTONES,prerank,-0.857714077321283,0.6858722358722359,0.8862045750197286,ENSG00000186280;ENSG00000132510;ENSG00000147050;ENSG00000115548;ENSG00000006459;ENSG00000066135;ENSG00000165097;ENSG00000150347;ENSG00000120733;ENSG00000004487;ENSG00000170854
REACTOME_REACTIONS_SPECIFIC_TO_THE_COMPLEX_N_GLYCAN_SYNTHESIS_PATHWAY,prerank,-0.8516015903421372,0.6868227424749164,0.8884896378071623,ENSG00000124302;ENSG00000104826;ENSG00000033170;ENSG00000166391
REACTOME_DENGUE_VIRUS_MODULATES_APOPTOSIS,prerank,-0.8522419382701066,0.6835247064894853,0.8887895422830661,ENSG00000167965;ENSG00000119487;ENSG00000078142;ENSG00000186654;ENSG00000164327;ENSG00000160551
REACTOME_NOTCH_HLH_TRANSCRIPTION_PATHWAY,prerank,-0.85278083081147,0.6983800773694391,0.8892816589094531,ENSG00000074181;ENSG00000100429;ENSG00000108840;ENSG00000163517;ENSG00000184384;ENSG00000101849;ENSG00000068024;ENSG00000094631
REACTOME_DIGESTION_AND_ABSORPTION,prerank,0.7347779589118874,0.8709150326797386,0.8912408405683283,ENSG00000174876;ENSG00000243480
REACTOME_REGULATION_OF_EXPRESSION_AND_FUNCTION_OF_TYPE_II_CLASSICAL_CADHERINS,prerank,-0.8475540875329768,0.7088154598592389,0.8912948501759197,ENSG00000100146;ENSG00000163909;ENSG00000126016;ENSG00000140937;ENSG00000135074;ENSG00000150394;ENSG00000139880;ENSG00000198561;ENSG00000169554;ENSG00000092847;ENSG00000155363
REACTOME_NUCLEAR_EVENTS_STIMULATED_BY_ALK_SIGNALING_IN_CANCER,prerank,-0.8477281589674615,0.7086219250059709,0.8924429716296898,ENSG00000134057;ENSG00000163600;ENSG00000180644;ENSG00000102882;ENSG00000100387;ENSG00000111206;ENSG00000092847;ENSG00000155363;ENSG00000171223;ENSG00000091732;ENSG00000148400;ENSG00000055130;ENSG00000137154;ENSG00000126070;ENSG00000172216
REACTOME_RIP_MEDIATED_NFKB_ACTIVATION_VIA_ZBP1,prerank,0.7325411625930472,0.846118511713367,0.8925466918400441,ENSG00000135829
REACTOME_SIGNALING_BY_NTRK2_TRKB,prerank,-0.8479710368734837,0.6959500795301603,0.8934746620486244,ENSG00000197122;ENSG00000137218;ENSG00000156299;ENSG00000010810;ENSG00000176697;ENSG00000164885;ENSG00000225950;ENSG00000133703;ENSG00000160691;ENSG00000179295
REACTOME_NOTCH1_INTRACELLULAR_DOMAIN_REGULATES_TRANSCRIPTION,prerank,-0.843339423152873,0.7274916848262415,0.8972636818672315,ENSG00000065717;ENSG00000163909;ENSG00000221983;ENSG00000100429;ENSG00000108840;ENSG00000163517;ENSG00000184384;ENSG00000101849;ENSG00000170315;ENSG00000196781;ENSG00000068024;ENSG00000094631;ENSG00000143947;ENSG00000100387;ENSG00000161021;ENSG00000112237;ENSG00000135547;ENSG00000164683;ENSG00000177565;ENSG00000013619;ENSG00000148400;ENSG00000055130
REACTOME_BETA_DEFENSINS,prerank,0.7236864168843965,0.8709942481511914,0.9011869887240322,ENSG00000204548;ENSG00000186146;ENSG00000137462;ENSG00000121807;ENSG00000180483;ENSG00000174125;ENSG00000205882;ENSG00000164825;ENSG00000180424;ENSG00000171711;ENSG00000112486;ENSG00000180383
REACTOME_NF_KB_IS_ACTIVATED_AND_SIGNALS_SURVIVAL,prerank,-0.8385902258804748,0.7037037037037037,0.9039961171529829,ENSG00000221983;ENSG00000170315;ENSG00000161011;ENSG00000064300;ENSG00000143947
REACTOME_SNRNP_ASSEMBLY,prerank,-0.8213665955388623,0.7664357897127285,0.9052050063685735,ENSG00000157020;ENSG00000092208;ENSG00000075188;ENSG00000047410;ENSG00000058804;ENSG00000100028;ENSG00000163002;ENSG00000120253;ENSG00000143977;ENSG00000046647;ENSG00000153201;ENSG00000136937;ENSG00000064703;ENSG00000125743;ENSG00000138750;ENSG00000139496;ENSG00000074201;ENSG00000069248;ENSG00000110713;ENSG00000114503;ENSG00000155561;ENSG00000142252;ENSG00000095319;ENSG00000100462;ENSG00000108559;ENSG00000116455;ENSG00000136243;ENSG00000125835;ENSG00000146707;ENSG00000113569;ENSG00000137574;ENSG00000082516;ENSG00000205571;ENSG00000164902
REACTOME_INOSITOL_PHOSPHATE_METABOLISM,prerank,-0.836770187507937,0.7415756181713629,0.9056992502577892,ENSG00000122824;ENSG00000185133;ENSG00000115556;ENSG00000161714;ENSG00000196368;ENSG00000171862;ENSG00000168918;ENSG00000003987;ENSG00000107789;ENSG00000138193;ENSG00000198668;ENSG00000114805;ENSG00000133731;ENSG00000182621;ENSG00000105655;ENSG00000104643;ENSG00000086544;ENSG00000141401
REACTOME_SIGNALING_BY_CTNNB1_PHOSPHO_SITE_MUTANTS,prerank,-0.8356076646120655,0.7137718396711202,0.9062315042564513,ENSG00000068971;ENSG00000104695;ENSG00000113575;ENSG00000066027;ENSG00000134982;ENSG00000113712;ENSG00000154001
REACTOME_TRISTETRAPROLIN_TTP_ZFP36_BINDS_AND_DESTABILIZES_MRNA,prerank,-0.8215607505838676,0.7248313605701922,0.9063268877631852,ENSG00000162889;ENSG00000120699;ENSG00000077348;ENSG00000128016;ENSG00000107371;ENSG00000171311;ENSG00000178896;ENSG00000075914;ENSG00000083520
REACTOME_CYTOSOLIC_IRON_SULFUR_CLUSTER_ASSEMBLY,prerank,-0.8219165241820326,0.7254388263033796,0.9071838043327444,ENSG00000095906;ENSG00000062822;ENSG00000144021;ENSG00000166595;ENSG00000104884;ENSG00000005194
REACTOME_SIGNALING_BY_GPCR,prerank,-0.8222140177240355,0.9535767883941971,0.9081286808701441,ENSG00000102302;ENSG00000131089;ENSG00000131477;ENSG00000240771;ENSG00000137135;ENSG00000197696;ENSG00000111664;ENSG00000121351;ENSG00000161610;ENSG00000155366;ENSG00000050327;ENSG00000197122;ENSG00000126583;ENSG00000064547;ENSG00000267534;ENSG00000129675;ENSG00000170214;ENSG00000164050;ENSG00000129951;ENSG00000213906;ENSG00000171680;ENSG00000121957;ENSG00000163737;ENSG00000123143;ENSG00000132329;ENSG00000150093;ENSG00000163736;ENSG00000101850;ENSG00000168243;ENSG00000169508;ENSG00000128266;ENSG00000169248;ENSG00000166484;ENSG00000160801;ENSG00000146426;ENSG00000058404;ENSG00000172572;ENSG00000149295;ENSG00000100077;ENSG00000197993;ENSG00000139574;ENSG00000088256;ENSG00000047597;ENSG00000100739;ENSG00000108379;ENSG00000078589;ENSG00000128617;ENSG00000163932;ENSG00000090924;ENSG00000091844;ENSG00000105520;ENSG00000127920;ENSG00000131355;ENSG00000255837;ENSG00000104695;ENSG00000168398;ENSG00000171408;ENSG00000204174;ENSG00000213694;ENSG00000144648;ENSG00000152270;ENSG00000078549;ENSG00000117676;ENSG00000117020;ENSG00000184574;ENSG00000134183;ENSG00000128285;ENSG00000114251;ENSG00000164742;ENSG00000110148;ENSG00000184451;ENSG00000155760;ENSG00000162188;ENSG00000108691;ENSG00000179921;ENSG00000156299;ENSG00000148926;ENSG00000138835;ENSG00000004660;ENSG00000110237;ENSG00000173020;ENSG00000065135;ENSG00000180340;ENSG00000102882;ENSG00000184984;ENSG00000104826;ENSG00000113575;ENSG00000161638;ENSG00000165801;ENSG00000102780;ENSG00000184160;ENSG00000179546;ENSG00000154358;ENSG00000142875;ENSG00000117298;ENSG00000177189;ENSG00000164535;ENSG00000114349;ENSG00000164885;ENSG00000174804;ENSG00000174233;ENSG00000204681;ENSG00000142632;ENSG00000143333;ENSG00000163686;ENSG00000101977;ENSG00000113300;ENSG00000163734;ENSG00000069966;ENSG00000214694;ENSG00000135046;ENSG00000198668;ENSG00000153933;ENSG00000110931;ENSG00000168710;ENSG00000114790;ENSG00000116711;ENSG00000105647;ENSG00000113070;ENSG00000134200;ENSG00000142208;ENSG00000163735;ENSG00000107758;ENSG00000135824;ENSG00000111432;ENSG00000013583;ENSG00000065989;ENSG00000152495;ENSG00000170775;ENSG00000170498;ENSG00000198121;ENSG00000166073;ENSG00000133703;ENSG00000132911;ENSG00000244165;ENSG00000198844;ENSG00000148660;ENSG00000126262;ENSG00000005249;ENSG00000145214;ENSG00000176533;ENSG00000132694;ENSG00000160691;ENSG00000182621;ENSG00000166863;ENSG00000147437;ENSG00000102468;ENSG00000174788;ENSG00000140992
REACTOME_POTASSIUM_CHANNELS,prerank,-0.8226737701987008,0.801363193768257,0.9088234135846208,ENSG00000111664;ENSG00000168263;ENSG00000138622;ENSG00000183960;ENSG00000123700;ENSG00000168243;ENSG00000162975;ENSG00000105642;ENSG00000117013;ENSG00000127920;ENSG00000131398;ENSG00000162188;ENSG00000182674;ENSG00000168135;ENSG00000006071
REACTOME_BICARBONATE_TRANSPORTERS,prerank,-0.8234055242054032,0.7299504619092247,0.9090806935303221,ENSG00000004939;ENSG00000114923;ENSG00000080493
REACTOME_INTERLEUKIN_20_FAMILY_SIGNALING,prerank,-0.8239707718721099,0.7317318576279713,0.9096050132678108,ENSG00000185436;ENSG00000105639;ENSG00000243646;ENSG00000096968;ENSG00000179295;ENSG00000142224;ENSG00000138378;ENSG00000115415;ENSG00000126561;ENSG00000170581
REACTOME_METABOLISM_OF_STEROID_HORMONES,prerank,-0.8326669477989965,0.7311891763588891,0.9097468966105584,ENSG00000267673;ENSG00000100300;ENSG00000101846;ENSG00000145545;ENSG00000010270;ENSG00000104826;ENSG00000131748
REACTOME_APOPTOTIC_CLEAVAGE_OF_CELL_ADHESION_PROTEINS,prerank,-0.8315368892623085,0.711016498137307,0.910173428978925,ENSG00000164305;ENSG00000096696;ENSG00000046604
REACTOME_SCAVENGING_BY_CLASS_A_RECEPTORS,prerank,-0.8306129214547463,0.7174490699734278,0.9102598455850605,ENSG00000168542;ENSG00000134871;ENSG00000108821;ENSG00000130203;ENSG00000164692
REACTOME_DISASSEMBLY_OF_THE_DESTRUCTION_COMPLEX_AND_RECRUITMENT_OF_AXIN_TO_THE_MEMBRANE,prerank,-0.8242903486741169,0.741360626128838,0.9105350705283213,ENSG00000068971;ENSG00000104695;ENSG00000107404;ENSG00000180340;ENSG00000113575;ENSG00000161202;ENSG00000066027;ENSG00000004975;ENSG00000181274;ENSG00000134982;ENSG00000113712;ENSG00000154001;ENSG00000163251;ENSG00000133275;ENSG00000112640
REACTOME_TRAF6_MEDIATED_INDUCTION_OF_TAK1_COMPLEX_WITHIN_TLR4_COMPLEX,prerank,-0.8242949570475706,0.7265893744426042,0.9119799478301782,ENSG00000004139;ENSG00000221983;ENSG00000170315
REACTOME_G_PROTEIN_MEDIATED_EVENTS,prerank,-0.8250817291652652,0.7553384825079509,0.9121491346099666,ENSG00000126583;ENSG00000058404;ENSG00000088256;ENSG00000163932;ENSG00000164742;ENSG00000004660;ENSG00000173020;ENSG00000065135;ENSG00000142875;ENSG00000174233;ENSG00000198668;ENSG00000110931;ENSG00000168710;ENSG00000116711;ENSG00000152495;ENSG00000148660;ENSG00000005249;ENSG00000182621;ENSG00000150995;ENSG00000096433;ENSG00000145349;ENSG00000121281
REACTOME_G_PROTEIN_ACTIVATION,prerank,-0.8138514019971127,0.744623325549957,0.9128962470404,ENSG00000111664;ENSG00000168243;ENSG00000088256;ENSG00000127920;ENSG00000162188
REACTOME_RECEPTOR_MEDIATED_MITOPHAGY,prerank,-0.8280403895675406,0.7197912484945805,0.9131152224299307,ENSG00000177169;ENSG00000197122
REACTOME_SYNTHESIS_OF_BILE_ACIDS_AND_BILE_SALTS,prerank,-0.8253314181606632,0.7459124000477384,0.9131921706309171,ENSG00000141447;ENSG00000006025;ENSG00000101473;ENSG00000117859;ENSG00000099377;ENSG00000122787
REACTOME_CREATINE_METABOLISM,prerank,-0.8141888181582922,0.7344283837056504,0.9137937939566871,ENSG00000223572;ENSG00000130005
REACTOME_AMINE_LIGAND_BINDING_RECEPTORS,prerank,-0.8266591337345247,0.735975975975976,0.9139176975185576,ENSG00000170214;ENSG00000101850;ENSG00000149295;ENSG00000184984;ENSG00000184160;ENSG00000179546
REACTOME_TOLL_LIKE_RECEPTOR_TLR1_TLR2_CASCADE,prerank,-0.8256497031421408,0.809220985691574,0.9141186151056835,ENSG00000081189;ENSG00000160703;ENSG00000163221;ENSG00000108984;ENSG00000166484;ENSG00000221983;ENSG00000168256;ENSG00000072803;ENSG00000185386;ENSG00000170315;ENSG00000104695;ENSG00000174516;ENSG00000162889;ENSG00000117676;ENSG00000109339;ENSG00000171560;ENSG00000204305;ENSG00000102882;ENSG00000113575;ENSG00000143947;ENSG00000197329;ENSG00000139318;ENSG00000123268;ENSG00000177189;ENSG00000102921;ENSG00000166130
REACTOME_ADP_SIGNALLING_THROUGH_P2Y_PURINOCEPTOR_12,prerank,-0.8098083344728156,0.74675,0.9148831032573304,ENSG00000111664;ENSG00000168243;ENSG00000127920;ENSG00000162188;ENSG00000065135;ENSG00000069966
REACTOME_REGULATION_OF_TBK1_IKK_IKBKE_MEDIATED_ACTIVATION_OF_IRF3_IRF7,prerank,-0.810654253988054,0.7418048844194854,0.9150235320545902,ENSG00000221983;ENSG00000170315;ENSG00000136560;ENSG00000143947
REACTOME_SYNTHESIS_OF_IP3_AND_IP4_IN_THE_CYTOSOL,prerank,-0.8142417331714173,0.7413625304136253,0.9151484666740388,ENSG00000185133;ENSG00000115556;ENSG00000161714;ENSG00000171862;ENSG00000168918;ENSG00000138193;ENSG00000198668;ENSG00000114805;ENSG00000182621
REACTOME_COBALAMIN_CBL_VITAMIN_B12_TRANSPORT_AND_METABOLISM,prerank,-0.8108248130564456,0.7429245283018868,0.9161868197241184,ENSG00000139428;ENSG00000151611;ENSG00000157978;ENSG00000167775;ENSG00000119688;ENSG00000146085;ENSG00000168925;ENSG00000185339;ENSG00000107611;ENSG00000168288
REACTOME_ERKS_ARE_INACTIVATED,prerank,-0.8077938587880699,0.7459593326381647,0.916559285849292,ENSG00000166484;ENSG00000104695;ENSG00000102882;ENSG00000113575;ENSG00000139318;ENSG00000164086
REACTOME_KERATAN_SULFATE_DEGRADATION,prerank,-0.7900084474945599,0.7661446874595574,0.923039092249472,ENSG00000135677;ENSG00000106809;ENSG00000139329;ENSG00000141012;ENSG00000149328;ENSG00000127083;ENSG00000163521
REACTOME_DEVELOPMENTAL_CELL_LINEAGES_OF_THE_EXOCRINE_PANCREAS,prerank,-0.793139631788496,0.8295168182316205,0.9241997608024609,ENSG00000129682;ENSG00000168542;ENSG00000204262;ENSG00000185615;ENSG00000180535;ENSG00000108821;ENSG00000080493;ENSG00000170890;ENSG00000091136;ENSG00000101680;ENSG00000130635;ENSG00000196739;ENSG00000164692;ENSG00000136574;ENSG00000137693;ENSG00000060718;ENSG00000196569;ENSG00000135046
REACTOME_NITRIC_OXIDE_STIMULATES_GUANYLATE_CYCLASE,prerank,-0.7901220548848054,0.7698983387056781,0.9242809953918714,ENSG00000160191;ENSG00000138735;ENSG00000152402;ENSG00000007171;ENSG00000150995;ENSG00000072952;ENSG00000135643
REACTOME_ION_TRANSPORT_BY_P_TYPE_ATPASES,prerank,-0.7919794484985191,0.8060599182932365,0.9244415269262299,ENSG00000137726;ENSG00000129244;ENSG00000119929;ENSG00000120509;ENSG00000058404;ENSG00000165240;ENSG00000070961;ENSG00000196296;ENSG00000075142;ENSG00000145246;ENSG00000159363;ENSG00000198668;ENSG00000186009;ENSG00000148660;ENSG00000101974;ENSG00000198523;ENSG00000067842
REACTOME_TRNA_PROCESSING,prerank,-0.7995350762977571,0.8466609953211399,0.92477003656534,ENSG00000128694;ENSG00000157020;ENSG00000165118;ENSG00000075188;ENSG00000105171;ENSG00000167272;ENSG00000047410;ENSG00000145996;ENSG00000058804;ENSG00000184575;ENSG00000135974;ENSG00000144034;ENSG00000163002;ENSG00000173113;ENSG00000120253;ENSG00000172336;ENSG00000072506;ENSG00000162623;ENSG00000124787;ENSG00000196976;ENSG00000136628;ENSG00000066651;ENSG00000153201;ENSG00000170892;ENSG00000145331;ENSG00000241370;ENSG00000162971;ENSG00000068438;ENSG00000087302;ENSG00000138750;ENSG00000198860;ENSG00000137760;ENSG00000139496;ENSG00000130299;ENSG00000198874;ENSG00000167264;ENSG00000069248;ENSG00000183665;ENSG00000110713;ENSG00000174177;ENSG00000148688;ENSG00000167118;ENSG00000155561;ENSG00000160193;ENSG00000095319;ENSG00000171262;ENSG00000037897;ENSG00000178718;ENSG00000100220;ENSG00000108559;ENSG00000135297;ENSG00000171103;ENSG00000072756;ENSG00000110060;ENSG00000089195;ENSG00000136243;ENSG00000100890;ENSG00000101811;ENSG00000176261;ENSG00000146707;ENSG00000113569;ENSG00000091127;ENSG00000122435
REACTOME_FORMATION_OF_THE_NON_CANONICAL_BAF_NCBAF_COMPLEX,prerank,-0.7876575096053784,0.766979219462747,0.924952959862402,ENSG00000082014;ENSG00000110987;ENSG00000099385;ENSG00000136518;ENSG00000063169;ENSG00000080503;ENSG00000112624;ENSG00000184402
REACTOME_G_ALPHA_Q_SIGNALLING_EVENTS,prerank,-0.7983605243603235,0.8849748382458663,0.9250757818432488,ENSG00000240771;ENSG00000197696;ENSG00000111664;ENSG00000161610;ENSG00000064547;ENSG00000170214;ENSG00000213906;ENSG00000101850;ENSG00000168243;ENSG00000166484;ENSG00000139574;ENSG00000088256;ENSG00000100739;ENSG00000078589;ENSG00000163932;ENSG00000091844;ENSG00000127920;ENSG00000168398;ENSG00000117676;ENSG00000184574;ENSG00000128285;ENSG00000110148;ENSG00000162188;ENSG00000138835;ENSG00000173020;ENSG00000102882;ENSG00000184984;ENSG00000102780;ENSG00000177189;ENSG00000164535;ENSG00000143333;ENSG00000163686;ENSG00000069966;ENSG00000135046;ENSG00000153933;ENSG00000105647;ENSG00000113070;ENSG00000170498;ENSG00000198121;ENSG00000133703;ENSG00000132911;ENSG00000244165;ENSG00000126262;ENSG00000145214;ENSG00000176533;ENSG00000182621;ENSG00000166863;ENSG00000147437;ENSG00000102468;ENSG00000150995
REACTOME_G_BETA_GAMMA_SIGNALLING_THROUGH_PI3KGAMMA,prerank,-0.7973520479186309,0.7666749011857708,0.925148387206862,ENSG00000111664;ENSG00000168243;ENSG00000127920;ENSG00000117020;ENSG00000162188;ENSG00000069966;ENSG00000142208;ENSG00000176533;ENSG00000140992;ENSG00000172354;ENSG00000105221;ENSG00000114450;ENSG00000141506;ENSG00000174021
REACTOME_CD28_DEPENDENT_VAV1_PATHWAY,prerank,-0.8011268735280592,0.7499333866240341,0.9252327594508472,ENSG00000077264;ENSG00000123143;ENSG00000010810
REACTOME_NUCLEOTIDE_SALVAGE,prerank,-0.7933050954141538,0.7678175092478422,0.9253836643025262,ENSG00000116337;ENSG00000106992;ENSG00000156136;ENSG00000166548;ENSG00000114956;ENSG00000196839;ENSG00000025708;ENSG00000130717;ENSG00000130021;ENSG00000007001;ENSG00000137198;ENSG00000198931;ENSG00000198276;ENSG00000168803
REACTOME_ENOS_ACTIVATION,prerank,-0.7902704183020831,0.7680933852140078,0.9254833037008974,ENSG00000161544;ENSG00000136448;ENSG00000152465;ENSG00000198668;ENSG00000175893;ENSG00000142208
REACTOME_MITOCHONDRIAL_RNA_DEGRADATION,prerank,-0.7938490047682067,0.7623722966697625,0.9260134409745381,ENSG00000164896;ENSG00000156502;ENSG00000076043;ENSG00000119705
REACTOME_INTERACTION_WITH_CUMULUS_CELLS_AND_THE_ZONA_PELLUCIDA,prerank,-0.7995873628309346,0.7512891709639032,0.9261242586729481,ENSG00000086062;ENSG00000188372;ENSG00000139985
REACTOME_PHOSPHORYLATED_BMAL1_CLOCK_ARNTL_CLOCK_ACTIVATES_EXPRESSION_OF_CORE_CLOCK_GENES,prerank,0.6972851192926683,0.9020217729393468,0.9261690176293074,ENSG00000134107;ENSG00000170485
REACTOME_REGULATION_OF_RUNX1_EXPRESSION_AND_ACTIVITY,prerank,-0.7942323668960516,0.7629507364144236,0.9268827764384858,ENSG00000197122;ENSG00000159216;ENSG00000110092;ENSG00000105810;ENSG00000092847;ENSG00000155363;ENSG00000179295;ENSG00000118971;ENSG00000126070;ENSG00000100354
REACTOME_ELEVATION_OF_CYTOSOLIC_CA2_LEVELS,prerank,-0.7948430155152981,0.7620574653668548,0.9274138034077264,ENSG00000160991;ENSG00000167323;ENSG00000135124;ENSG00000150995;ENSG00000096433;ENSG00000089041;ENSG00000137672;ENSG00000123104;ENSG00000109991
REACTOME_PEPTIDE_HORMONE_METABOLISM,prerank,-0.7811111805923001,0.8514342018830743,0.9327674362376969,ENSG00000111664;ENSG00000168280;ENSG00000182220;ENSG00000118363;ENSG00000087085;ENSG00000166562;ENSG00000196549;ENSG00000114902;ENSG00000017427;ENSG00000101160;ENSG00000165556;ENSG00000129128;ENSG00000104826;ENSG00000136574;ENSG00000080618;ENSG00000139269;ENSG00000134200;ENSG00000140612;ENSG00000153002;ENSG00000155980;ENSG00000145740;ENSG00000220205;ENSG00000138190;ENSG00000069974
REACTOME_MASTL_FACILITATES_MITOTIC_PROGRESSION,prerank,-0.7759643431654397,0.7832532051282052,0.9369857045673994,ENSG00000134057;ENSG00000170312;ENSG00000104695;ENSG00000113575
REACTOME_TP53_REGULATES_TRANSCRIPTION_OF_SEVERAL_ADDITIONAL_CELL_DEATH_GENES_WHOSE_SPECIFIC_ROLES_IN_P53_DEPENDENT_APOPTOSIS_REMAIN_UNCERTAIN,prerank,-0.7738290109405804,0.7842036553524804,0.9370348868381367,ENSG00000115129;ENSG00000089685
REACTOME_TRAFFICKING_AND_PROCESSING_OF_ENDOSOMAL_TLR,prerank,-0.772206691573539,0.7880820836621941,0.9377785699012824,ENSG00000136943;ENSG00000110057;ENSG00000135047;ENSG00000100600
REACTOME_VEGFR2_MEDIATED_CELL_PROLIFERATION,prerank,-0.7647234389591153,0.7956827309236948,0.9377913893363051,ENSG00000197122;ENSG00000163932;ENSG00000198668;ENSG00000168710;ENSG00000133703;ENSG00000140992;ENSG00000150995;ENSG00000176170;ENSG00000096433
REACTOME_IRAK4_DEFICIENCY_TLR2_4,prerank,-0.7763784447536825,0.7843562587724895,0.9378464999176278,ENSG00000171560;ENSG00000160678;ENSG00000136869;ENSG00000198001;ENSG00000174130;ENSG00000189403
REACTOME_ENDOGENOUS_STEROLS,prerank,-0.7741815901213888,0.7951189749847468,0.937978462046173,ENSG00000267673;ENSG00000145476;ENSG00000138061;ENSG00000172379;ENSG00000106546;ENSG00000140396;ENSG00000143437;ENSG00000036530;ENSG00000161513;ENSG00000186350
REACTOME_TRANSCRIPTIONAL_REGULATION_BY_THE_AP_2_TFAP2_FAMILY_OF_TRANSCRIPTION_FACTORS,prerank,-0.7649337268302343,0.8199475691134414,0.9389182204355662,ENSG00000141736;ENSG00000101057;ENSG00000156802;ENSG00000130203
REACTOME_INTERLEUKIN_6_SIGNALING,prerank,-0.7653393689397553,0.7908689248895434,0.9397956360343698,ENSG00000134352;ENSG00000096968;ENSG00000179295;ENSG00000110395;ENSG00000136244;ENSG00000115415
REACTOME_DNA_DOUBLE_STRAND_BREAK_RESPONSE,prerank,-0.7616481431771035,0.849763673193788,0.9403323648439909,ENSG00000035499;ENSG00000163322;ENSG00000166313;ENSG00000221983;ENSG00000170315;ENSG00000104313;ENSG00000012048;ENSG00000067369;ENSG00000143947;ENSG00000183765;ENSG00000116030;ENSG00000169139;ENSG00000064655;ENSG00000188486;ENSG00000197903;ENSG00000158373;ENSG00000196890;ENSG00000104320;ENSG00000066135;ENSG00000137337;ENSG00000112319;ENSG00000184678;ENSG00000105393;ENSG00000113522
REACTOME_REVERSIBLE_HYDRATION_OF_CARBON_DIOXIDE,prerank,-0.7579349561096039,0.8066536203522505,0.9408280307086518,ENSG00000133742;ENSG00000118298;ENSG00000074410;ENSG00000167434;ENSG00000169239
REACTOME_RNA_POLYMERASE_III_TRANSCRIPTION,prerank,-0.760039641277711,0.8401068276823037,0.9409785443164737,ENSG00000141905;ENSG00000147669;ENSG00000174446;ENSG00000121851;ENSG00000147862;ENSG00000104976;ENSG00000100142;ENSG00000162599;ENSG00000163882;ENSG00000138385;ENSG00000113356;ENSG00000161980;ENSG00000058600;ENSG00000164975;ENSG00000119041;ENSG00000155115;ENSG00000166478;ENSG00000023608;ENSG00000186141;ENSG00000072135;ENSG00000122034
REACTOME_PHOSPHORYLATION_OF_CLOCK_ACETYLATION_OF_BMAL1_ARNTL_AT_TARGET_GENE_PROMOTERS,prerank,-0.7654740528782423,0.799549250961156,0.9410272693843493,ENSG00000049246;ENSG00000161395;ENSG00000126368;ENSG00000069667;ENSG00000134852;ENSG00000118058
REACTOME_G_ALPHA_I_SIGNALLING_EVENTS,prerank,-0.7584340086537903,0.9482164572355087,0.9416087779688562,ENSG00000111664;ENSG00000197122;ENSG00000126583;ENSG00000064547;ENSG00000267534;ENSG00000121957;ENSG00000163737;ENSG00000163736;ENSG00000168243;ENSG00000169508;ENSG00000128266;ENSG00000169248;ENSG00000058404;ENSG00000088256;ENSG00000100739;ENSG00000128617;ENSG00000163932;ENSG00000091844;ENSG00000127920;ENSG00000255837;ENSG00000104695;ENSG00000168398;ENSG00000204174;ENSG00000213694;ENSG00000184574;ENSG00000134183;ENSG00000128285;ENSG00000164742;ENSG00000184451;ENSG00000162188;ENSG00000138835;ENSG00000004660;ENSG00000173020;ENSG00000065135;ENSG00000113575;ENSG00000184160;ENSG00000179546;ENSG00000142875;ENSG00000114349;ENSG00000164885;ENSG00000174233;ENSG00000204681;ENSG00000143333;ENSG00000113300;ENSG00000163734;ENSG00000069966;ENSG00000135046;ENSG00000198668;ENSG00000110931;ENSG00000168710;ENSG00000116711;ENSG00000163735;ENSG00000107758;ENSG00000135824;ENSG00000013583;ENSG00000065989;ENSG00000152495;ENSG00000170775;ENSG00000198121;ENSG00000132911;ENSG00000148660;ENSG00000005249;ENSG00000176533
REACTOME_SPHINGOLIPID_METABOLISM,prerank,-0.7659601502405791,0.8823906767881963,0.9418110919614445,ENSG00000174951;ENSG00000090661;ENSG00000143753;ENSG00000123353;ENSG00000184304;ENSG00000204386;ENSG00000166311;ENSG00000063176;ENSG00000006756;ENSG00000101846;ENSG00000103056;ENSG00000177628;ENSG00000100422;ENSG00000148154;ENSG00000143418;ENSG00000223802;ENSG00000180801;ENSG00000113273;ENSG00000118777;ENSG00000119537;ENSG00000128242;ENSG00000172057;ENSG00000115525;ENSG00000157350;ENSG00000198964;ENSG00000149328;ENSG00000156671;ENSG00000176170;ENSG00000144455;ENSG00000235863;ENSG00000101558;ENSG00000104763;ENSG00000141337;ENSG00000090054;ENSG00000163521;ENSG00000072210;ENSG00000129103;ENSG00000132746;ENSG00000067113;ENSG00000100596;ENSG00000135454;ENSG00000183876
REACTOME_EPIGENETIC_REGULATION_BY_WDR5_CONTAINING_HISTONE_MODIFYING_COMPLEXES,prerank,-0.7679246498409948,0.8893222304205756,0.9420481660383162,ENSG00000062282;ENSG00000119927;ENSG00000108590;ENSG00000147872;ENSG00000246705;ENSG00000101849;ENSG00000079435;ENSG00000155868;ENSG00000166821;ENSG00000105968;ENSG00000177666;ENSG00000147050;ENSG00000160563;ENSG00000103510;ENSG00000164885;ENSG00000134324;ENSG00000184260;ENSG00000038219;ENSG00000112237;ENSG00000175445;ENSG00000145919;ENSG00000132475;ENSG00000188486;ENSG00000197903;ENSG00000158373;ENSG00000129292;ENSG00000196890;ENSG00000169692;ENSG00000136146;ENSG00000177565;ENSG00000055609;ENSG00000151332;ENSG00000140396;ENSG00000124641;ENSG00000245848;ENSG00000133895;ENSG00000151365;ENSG00000184678;ENSG00000164985;ENSG00000111727;ENSG00000163041;ENSG00000186350;ENSG00000111058;ENSG00000120071;ENSG00000175221;ENSG00000151726;ENSG00000196363;ENSG00000125686;ENSG00000025293;ENSG00000164758;ENSG00000196498;ENSG00000124635;ENSG00000146047;ENSG00000097007;ENSG00000180596;ENSG00000036549;ENSG00000096717;ENSG00000197375;ENSG00000139718;ENSG00000100393;ENSG00000112282;ENSG00000117222;ENSG00000141027
REACTOME_REGULATION_OF_LIPID_METABOLISM_BY_PPARALPHA,prerank,-0.7665444462321866,0.8875013228913112,0.9424463888378904,ENSG00000082014;ENSG00000148677;ENSG00000108590;ENSG00000147872;ENSG00000149485;ENSG00000146426;ENSG00000101849;ENSG00000115641;ENSG00000025434;ENSG00000146072;ENSG00000079459;ENSG00000155868;ENSG00000166821;ENSG00000157184;ENSG00000196132;ENSG00000112972;ENSG00000139278;ENSG00000160563;ENSG00000110090;ENSG00000165029;ENSG00000172379;ENSG00000198431;ENSG00000112237;ENSG00000159479;ENSG00000204231;ENSG00000152944;ENSG00000130304;ENSG00000155111;ENSG00000136146;ENSG00000106546;ENSG00000101255;ENSG00000177565;ENSG00000140396;ENSG00000124641;ENSG00000104973;ENSG00000143437;ENSG00000161920;ENSG00000126368;ENSG00000113161;ENSG00000173153;ENSG00000069667;ENSG00000186350;ENSG00000066136;ENSG00000175221;ENSG00000151726;ENSG00000125686;ENSG00000156603;ENSG00000001167;ENSG00000130772;ENSG00000143344;ENSG00000164758;ENSG00000167910;ENSG00000196498;ENSG00000161533
REACTOME_SYNTHESIS_OF_VERY_LONG_CHAIN_FATTY_ACYL_COAS,prerank,-0.7451273182185528,0.8339057899901865,0.943924977554828,ENSG00000197142;ENSG00000066322;ENSG00000074696;ENSG00000165996;ENSG00000123983;ENSG00000170522;ENSG00000103740;ENSG00000188921;ENSG00000130948;ENSG00000118402;ENSG00000151726
REACTOME_PYROPTOSIS,prerank,-0.7453190896382881,0.8338805788641614,0.9450797658351936,ENSG00000087088;ENSG00000164305;ENSG00000030110;ENSG00000073282;ENSG00000147457;ENSG00000189403;ENSG00000196954;ENSG00000176108;ENSG00000115008;ENSG00000197561;ENSG00000254505;ENSG00000141510;ENSG00000105928;ENSG00000164695;ENSG00000101421;ENSG00000172115
REACTOME_PI_3K_CASCADE_FGFR2,prerank,-0.7459539318456487,0.8173527549081697,0.9457256374509355,ENSG00000129682;ENSG00000066468;ENSG00000156427
REACTOME_ANDROGEN_BIOSYNTHESIS,prerank,-0.7503885964414594,0.8119143239625167,0.9459721670946614,ENSG00000145545;ENSG00000104826
REACTOME_INTRA_GOLGI_TRAFFIC,prerank,-0.7514128191879872,0.8472998137802608,0.9461191911037202,ENSG00000179331;ENSG00000008256;ENSG00000177951;ENSG00000106636;ENSG00000213380;ENSG00000172780;ENSG00000136631;ENSG00000172007;ENSG00000162236;ENSG00000137502;ENSG00000166685;ENSG00000136152;ENSG00000100228;ENSG00000099940;ENSG00000151532;ENSG00000198162;ENSG00000257923;ENSG00000187627;ENSG00000108669;ENSG00000124222;ENSG00000108433
REACTOME_M_DECAY_DEGRADATION_OF_MATERNAL_MRNAS_BY_MATERNALLY_STORED_FACTORS,prerank,-0.7525163543198338,0.8276725062567036,0.9461710330923778,ENSG00000140988;ENSG00000120727;ENSG00000113300;ENSG00000161960;ENSG00000138767;ENSG00000151247;ENSG00000149115;ENSG00000154582;ENSG00000070756;ENSG00000156976;ENSG00000158435;ENSG00000172239;ENSG00000100697;ENSG00000125107;ENSG00000063046;ENSG00000198791;ENSG00000123908;ENSG00000144580;ENSG00000111596;ENSG00000152518;ENSG00000141543;ENSG00000182973
REACTOME_INDUCTION_OF_CELL_CELL_FUSION,prerank,-0.7489222315162449,0.8155188126546022,0.9463646510128912,ENSG00000140564;ENSG00000074855
REACTOME_PYRIMIDINE_SALVAGE,prerank,-0.7475082000872024,0.8150457741807086,0.9466556888417107,ENSG00000156136;ENSG00000166548;ENSG00000025708;ENSG00000130717;ENSG00000130021;ENSG00000007001;ENSG00000198276;ENSG00000143179;ENSG00000183696
REACTOME_SYNTHESIS_OF_BILE_ACIDS_AND_BILE_SALTS_VIA_7ALPHA_HYDROXYCHOLESTEROL,prerank,-0.7462018006203802,0.8342561830933924,0.9468235543617691,ENSG00000101473;ENSG00000099377;ENSG00000122787;ENSG00000140396;ENSG00000083807;ENSG00000186350;ENSG00000167910;ENSG00000196139;ENSG00000151632;ENSG00000168306;ENSG00000172817;ENSG00000073734;ENSG00000175215;ENSG00000180432;ENSG00000198610
REACTOME_NON_CANONICAL_INFLAMMASOME_ACTIVATION,prerank,-0.7392722807034512,0.8260981912144703,0.9493716530552745,ENSG00000164305;ENSG00000198668;ENSG00000021355;ENSG00000143933;ENSG00000196954;ENSG00000117228
REACTOME_SLC_TRANSPORTER_DISORDERS,prerank,-0.7372712135677348,0.9072298243723736,0.9502756648891562,ENSG00000102100;ENSG00000112077;ENSG00000004939;ENSG00000168067;ENSG00000157020;ENSG00000197496;ENSG00000075188;ENSG00000080493;ENSG00000119899;ENSG00000012983;ENSG00000110911;ENSG00000047410;ENSG00000058804;ENSG00000155380;ENSG00000117620;ENSG00000163002;ENSG00000120253;ENSG00000147804;ENSG00000168575;ENSG00000168003;ENSG00000186335;ENSG00000153201;ENSG00000179520;ENSG00000091138;ENSG00000155850;ENSG00000126895;ENSG00000138750;ENSG00000198246;ENSG00000181804;ENSG00000139496;ENSG00000169359;ENSG00000089472;ENSG00000069248;ENSG00000198689;ENSG00000110713
REACTOME_RNA_POLYMERASE_I_TRANSCRIPTION_TERMINATION,prerank,-0.7319313593878819,0.8546176046176046,0.9521079457666056,ENSG00000147669;ENSG00000177469;ENSG00000111358;ENSG00000100142;ENSG00000134058;ENSG00000066379;ENSG00000020426;ENSG00000117877;ENSG00000163882;ENSG00000125482;ENSG00000104884;ENSG00000145736;ENSG00000110768
REACTOME_MAPK3_ERK1_ACTIVATION,prerank,-0.7343445353749612,0.8312644932478516,0.9521808763083234,ENSG00000170312;ENSG00000102882;ENSG00000134352;ENSG00000096968;ENSG00000179295
REACTOME_NOTCH4_ACTIVATION_AND_TRANSMISSION_OF_SIGNAL_TO_THE_NUCLEUS,prerank,-0.7328075128129662,0.8356925519248578,0.9525256347983697,ENSG00000205155;ENSG00000138613;ENSG00000162736;ENSG00000143801;ENSG00000164924
REACTOME_SLC_MEDIATED_TRANSPORT_OF_NEUROTRANSMITTERS,prerank,-0.7285292609044666,0.8452830188679246,0.9544856103385241,ENSG00000072041;ENSG00000104888;ENSG00000091664;ENSG00000196517;ENSG00000179520
REACTOME_TRANSCRIPTIONAL_REGULATION_OF_TESTIS_DIFFERENTIATION,prerank,-0.7272261652038374,0.8450777879461367,0.9545221719504121,ENSG00000136574;ENSG00000107317;ENSG00000104899;ENSG00000169946;ENSG00000136931;ENSG00000183770;ENSG00000125398
REACTOME_TRANSCRIPTIONAL_REGULATION_OF_GRANULOPOIESIS,prerank,-0.7240756624079723,0.8862275449101796,0.9565110564295463,ENSG00000123374;ENSG00000159216;ENSG00000246705;ENSG00000198176;ENSG00000101412;ENSG00000105968;ENSG00000118513;ENSG00000184260;ENSG00000132475;ENSG00000131759;ENSG00000188486;ENSG00000197903;ENSG00000158373;ENSG00000196890;ENSG00000245848;ENSG00000184678;ENSG00000124795;ENSG00000136997;ENSG00000163041;ENSG00000118260;ENSG00000186350;ENSG00000172216
REACTOME_RUNX3_REGULATES_P14_ARF,prerank,-0.721953200907827,0.8439498933901919,0.9573886977886212,ENSG00000159216;ENSG00000068024;ENSG00000110092;ENSG00000133703
REACTOME_MITOCHONDRIAL_UNFOLDED_PROTEIN_RESPONSE_UPRMT,prerank,-0.7193415666742139,0.8416381387092684,0.958755745215796,ENSG00000142082;ENSG00000115317;ENSG00000204389;ENSG00000142208;ENSG00000169136;ENSG00000115541;ENSG00000144381;ENSG00000086061;ENSG00000185122;ENSG00000121691;ENSG00000204388;ENSG00000118689;ENSG00000113013;ENSG00000091831;ENSG00000164816
REACTOME_XENOBIOTICS,prerank,-0.7127612981054672,0.8629121896998888,0.9599825513886857,ENSG00000172379;ENSG00000106258;ENSG00000106546;ENSG00000197446;ENSG00000167600;ENSG00000143437;ENSG00000160870;ENSG00000100197;ENSG00000197408;ENSG00000073067;ENSG00000138115;ENSG00000165841
REACTOME_TNFS_BIND_THEIR_PHYSIOLOGICAL_RECEPTORS,prerank,-0.7150146498354504,0.8696599298075759,0.9604498089768074,ENSG00000067182;ENSG00000243509;ENSG00000117560;ENSG00000117586;ENSG00000158813;ENSG00000125726;ENSG00000215788;ENSG00000131080
REACTOME_PHYSIOLOGICAL_FACTORS,prerank,-0.7128272104954626,0.854318418314256,0.9612922651734646,ENSG00000018408;ENSG00000196549;ENSG00000136574;ENSG00000114388;ENSG00000175206;ENSG00000064393
REACTOME_EFFECTS_OF_PIP2_HYDROLYSIS,prerank,-0.7152517954412777,0.8683062757450933,0.9615879507322743,ENSG00000163932;ENSG00000102780;ENSG00000164535;ENSG00000163686;ENSG00000153933;ENSG00000145214;ENSG00000150995;ENSG00000065357;ENSG00000096433;ENSG00000027075;ENSG00000137672;ENSG00000123104;ENSG00000077044;ENSG00000172575;ENSG00000136267;ENSG00000142185;ENSG00000100997
REACTOME_PI3K_EVENTS_IN_ERBB4_SIGNALING,prerank,0.6478921164044263,0.9384676458912267,0.961755908657515,ENSG00000158458;ENSG00000124882;ENSG00000169752;ENSG00000178568;ENSG00000145675;ENSG00000157168;ENSG00000174808;ENSG00000185737;ENSG00000121879;ENSG00000113070
REACTOME_NONHOMOLOGOUS_END_JOINING_NHEJ,prerank,-0.7073411549752628,0.8979827089337176,0.9639773247432096,ENSG00000035499;ENSG00000163322;ENSG00000166169;ENSG00000012048;ENSG00000152422;ENSG00000067369;ENSG00000169139;ENSG00000111802;ENSG00000188486;ENSG00000197903;ENSG00000158373;ENSG00000196890;ENSG00000104320;ENSG00000137337;ENSG00000184678;ENSG00000105393;ENSG00000113522;ENSG00000080345;ENSG00000174405;ENSG00000138376;ENSG00000152457;ENSG00000124635;ENSG00000146047;ENSG00000180596
REACTOME_CGMP_EFFECTS,prerank,-0.7055084858183658,0.8630875931158489,0.9643890801630577,ENSG00000160191;ENSG00000138735;ENSG00000150995;ENSG00000072952;ENSG00000135643
REACTOME_INTERLEUKIN_10_SIGNALING,prerank,0.6356474367432025,0.9790257104194858,0.9671993526036935,ENSG00000102265;ENSG00000136634;ENSG00000162434;ENSG00000172724;ENSG00000114013;ENSG00000121807;ENSG00000028137
REACTOME_CASPASE_ACTIVATION_VIA_DEATH_RECEPTORS_IN_THE_PRESENCE_OF_LIGAND,prerank,-0.700999356686582,0.8686075949367089,0.9672962253970627,ENSG00000117560;ENSG00000136869;ENSG00000168040;ENSG00000120889;ENSG00000127666;ENSG00000169710
REACTOME_TAK1_DEPENDENT_IKK_AND_NF_KAPPA_B_ACTIVATION,prerank,-0.6904969188601187,0.913952413952414,0.971421279707361,ENSG00000160703;ENSG00000163221;ENSG00000221983;ENSG00000168256;ENSG00000170315;ENSG00000204305;ENSG00000143947;ENSG00000102921;ENSG00000166130
REACTOME_BILE_ACID_AND_BILE_SALT_METABOLISM,prerank,-0.6918415071940738,0.9113380526865499,0.9715831638287017,ENSG00000141447;ENSG00000188878;ENSG00000006025;ENSG00000101473;ENSG00000117859;ENSG00000099377;ENSG00000172345;ENSG00000122787;ENSG00000100652;ENSG00000140396;ENSG00000170231;ENSG00000084453;ENSG00000083807;ENSG00000036530;ENSG00000125255;ENSG00000186350;ENSG00000163959;ENSG00000167910;ENSG00000196139
REACTOME_TICAM1_TRAF6_DEPENDENT_INDUCTION_OF_TAK1_COMPLEX,prerank,-0.6868393712423139,0.8774483853890948,0.9718917073576175,ENSG00000221983;ENSG00000170315;ENSG00000143947
REACTOME_IRAK2_MEDIATED_ACTIVATION_OF_TAK1_COMPLEX,prerank,-0.6925245903267125,0.880644731583855,0.9723476160456163,ENSG00000221983;ENSG00000170315;ENSG00000143947
REACTOME_CHEMOKINE_RECEPTORS_BIND_CHEMOKINES,prerank,-0.6869520207283778,0.9236842105263158,0.9731727294192992,ENSG00000163737;ENSG00000163736;ENSG00000169248;ENSG00000144648;ENSG00000184451;ENSG00000108691;ENSG00000113300;ENSG00000163734;ENSG00000163735
REACTOME_OTHER_SEMAPHORIN_INTERACTIONS,prerank,-0.6930154260745892,0.881626999118499,0.973291309297576,ENSG00000198753;ENSG00000150093;ENSG00000081237
REACTOME_REGULATION_OF_NPAS4_GENE_EXPRESSION,prerank,-0.6778907885437321,0.8878565820465847,0.978057594861281,ENSG00000092847;ENSG00000155363;ENSG00000126070;ENSG00000100354;ENSG00000113580;ENSG00000174576;ENSG00000123908
REACTOME_GENERATION_OF_SECOND_MESSENGER_MOLECULES,prerank,0.6082424550781009,0.9801536491677336,0.9782949251891682,ENSG00000125753;ENSG00000211790;ENSG00000160654;ENSG00000211810;ENSG00000232629;ENSG00000179344;ENSG00000167286;ENSG00000113263;ENSG00000180370
REACTOME_ZBP1_DAI_MEDIATED_INDUCTION_OF_TYPE_I_IFNS,prerank,0.6042985989113446,0.9788385826771654,0.9783526440934842,ENSG00000135829
REACTOME_CYTOCHROME_P450_ARRANGED_BY_SUBSTRATE_TYPE,prerank,-0.6716377398557467,0.9488993710691824,0.9789369413703425,ENSG00000267673;ENSG00000124212;ENSG00000145476;ENSG00000138061;ENSG00000111012;ENSG00000172379;ENSG00000155016;ENSG00000106258;ENSG00000095596;ENSG00000106546;ENSG00000197446;ENSG00000140396;ENSG00000167600;ENSG00000143437;ENSG00000162365;ENSG00000036530;ENSG00000161513;ENSG00000127948;ENSG00000186350;ENSG00000160870;ENSG00000100197;ENSG00000059377;ENSG00000167910;ENSG00000197408
REACTOME_RRNA_PROCESSING_IN_THE_MITOCHONDRION,prerank,-0.6724637580129779,0.8983267339379231,0.9796743062928205,ENSG00000156990;ENSG00000182768;ENSG00000117481;ENSG00000072506;ENSG00000029639;ENSG00000156469;ENSG00000122085;ENSG00000100890;ENSG00000118246
REACTOME_DISEASES_ASSOCIATED_WITH_SURFACTANT_METABOLISM,prerank,0.5930544805069905,0.962543893874366,0.9809295921424626,ENSG00000229415;ENSG00000168484;ENSG00000100368;ENSG00000198223;ENSG00000168878
REACTOME_PHASE_I_FUNCTIONALIZATION_OF_COMPOUNDS,prerank,-0.6725780616240248,0.9655799037947621,0.9809698962112203,ENSG00000131480;ENSG00000131069;ENSG00000196616;ENSG00000267673;ENSG00000143819;ENSG00000189221;ENSG00000175756;ENSG00000124212;ENSG00000145476;ENSG00000172831;ENSG00000138061;ENSG00000137274;ENSG00000111012;ENSG00000111275;ENSG00000172379;ENSG00000155016;ENSG00000106258;ENSG00000131471;ENSG00000148832;ENSG00000095596;ENSG00000106546;ENSG00000172828;ENSG00000197446;ENSG00000140396;ENSG00000159231;ENSG00000167600;ENSG00000143437;ENSG00000197894;ENSG00000162365;ENSG00000036530;ENSG00000161513;ENSG00000127948;ENSG00000108602;ENSG00000186350;ENSG00000117791;ENSG00000196344;ENSG00000160870;ENSG00000100197;ENSG00000059377
REACTOME_NOD1_2_SIGNALING_PATHWAY,prerank,-0.6544412703997724,0.9367416656850042,0.9820261135271782,ENSG00000108984;ENSG00000221983;ENSG00000185386;ENSG00000170315;ENSG00000143947;ENSG00000132906;ENSG00000188130;ENSG00000244687;ENSG00000112062;ENSG00000196954;ENSG00000134070;ENSG00000110330;ENSG00000127837;ENSG00000213341;ENSG00000104312;ENSG00000187796;ENSG00000175104;ENSG00000055208;ENSG00000177889;ENSG00000106144;ENSG00000135341;ENSG00000106100;ENSG00000064012;ENSG00000104365;ENSG00000100324;ENSG00000156711;ENSG00000078747
REACTOME_INTERLEUKIN_37_SIGNALING,prerank,-0.6056738262060026,0.9506989515726411,0.9828479828461348,ENSG00000137496;ENSG00000088179;ENSG00000163629;ENSG00000175354;ENSG00000179295;ENSG00000076201;ENSG00000169410;ENSG00000110786;ENSG00000072135;ENSG00000183735
REACTOME_UPTAKE_OF_DIETARY_COBALAMINS_INTO_ENTEROCYTES,prerank,-0.6545668620935776,0.9082986995575815,0.9833119675169005,ENSG00000119688;ENSG00000168925;ENSG00000107611;ENSG00000134827;ENSG00000168216
REACTOME_ANTIMICROBIAL_PEPTIDES,prerank,-0.6421664891355879,0.9603210490617228,0.9833540502072243,ENSG00000008438;ENSG00000126550;ENSG00000177556;ENSG00000120509;ENSG00000165240
REACTOME_INTERFERON_ALPHA_BETA_SIGNALING,prerank,-0.6503812531491543,0.9623655913978495,0.9834169319607913,ENSG00000185201;ENSG00000221983;ENSG00000142089;ENSG00000170315;ENSG00000165949;ENSG00000164163;ENSG00000159110;ENSG00000135828;ENSG00000143947;ENSG00000204264;ENSG00000185745;ENSG00000068079;ENSG00000119922;ENSG00000204592;ENSG00000179295;ENSG00000184979;ENSG00000132530
REACTOME_PEPTIDE_HORMONE_BIOSYNTHESIS,prerank,-0.6070305436750157,0.9413245033112583,0.9835706903290319,ENSG00000104826;ENSG00000139269;ENSG00000134200
REACTOME_GLUCURONIDATION,prerank,-0.6457810800228518,0.9153386454183267,0.9837515039007778,ENSG00000130958;ENSG00000116704;ENSG00000109814;ENSG00000168671
REACTOME_PKMTS_METHYLATE_HISTONE_LYSINES,prerank,-0.6556496221055246,0.9429460580912863,0.9839329348761784,ENSG00000145391;ENSG00000133247;ENSG00000143499;ENSG00000136169;ENSG00000178691;ENSG00000181555;ENSG00000183576;ENSG00000165671;ENSG00000055609;ENSG00000171681;ENSG00000104885;ENSG00000152455;ENSG00000102054;ENSG00000147548;ENSG00000162521;ENSG00000185420;ENSG00000143379;ENSG00000196363;ENSG00000183955;ENSG00000139718;ENSG00000117222;ENSG00000106462;ENSG00000110066;ENSG00000164256;ENSG00000118058;ENSG00000077150;ENSG00000181090;ENSG00000129691
REACTOME_SYNTHESIS_OF_BILE_ACIDS_AND_BILE_SALTS_VIA_27_HYDROXYCHOLESTEROL,prerank,-0.6572950891342512,0.9092802290771834,0.9841544877354264,ENSG00000099377;ENSG00000122787;ENSG00000140396;ENSG00000186350;ENSG00000167910;ENSG00000196139;ENSG00000151632
REACTOME_COMMON_PATHWAY_OF_FIBRIN_CLOT_FORMATION,prerank,-0.6629936592635828,0.9102055982164974,0.9841640897031462,ENSG00000163737;ENSG00000185010;ENSG00000171560
REACTOME_SIGNALING_BY_RETINOIC_ACID,prerank,-0.6429862786908344,0.9449261776423717,0.9841843076377061,ENSG00000166426;ENSG00000150768;ENSG00000143320;ENSG00000005882;ENSG00000077092;ENSG00000172819;ENSG00000204231;ENSG00000131759;ENSG00000095596;ENSG00000140992;ENSG00000168291;ENSG00000072042;ENSG00000186350;ENSG00000157326;ENSG00000139547;ENSG00000091140;ENSG00000196139;ENSG00000165092;ENSG00000112033;ENSG00000110435;ENSG00000240857;ENSG00000135437;ENSG00000118514;ENSG00000184254;ENSG00000248144;ENSG00000004799
REACTOME_Z_DECAY_DEGRADATION_OF_MATERNAL_MRNAS_BY_ZYGOTICALLY_EXPRESSED_FACTORS,prerank,-0.6084262176557234,0.9442904290429043,0.9842561699671808,ENSG00000100836;ENSG00000161960;ENSG00000151247;ENSG00000070756;ENSG00000156976;ENSG00000172239;ENSG00000083223;ENSG00000063046;ENSG00000134744;ENSG00000141543
REACTOME_ALPHA_PROTEIN_KINASE_1_SIGNALING_PATHWAY,prerank,-0.6469604150799978,0.9164363732070009,0.9843477192051482,ENSG00000221983;ENSG00000170315;ENSG00000143947
REACTOME_DIFFERENTIATION_OF_KERATINOCYTES_IN_INTERFOLLICULAR_EPIDERMIS_IN_MAMMALIAN_SKIN,prerank,-0.6373188688861074,0.9537504401925109,0.9849862168858937,ENSG00000173546;ENSG00000150093;ENSG00000186395;ENSG00000198719;ENSG00000137693;ENSG00000118777;ENSG00000205076;ENSG00000144749
REACTOME_REGULATION_BY_C_FLIP,prerank,-0.6086996222158867,0.9444006309148265,0.9854611707494054,ENSG00000117560;ENSG00000168040;ENSG00000120889;ENSG00000169710
REACTOME_RMTS_METHYLATE_HISTONE_ARGININES,prerank,-0.657320408668282,0.934952703491767,0.9855184551248599,ENSG00000082014;ENSG00000246705;ENSG00000105968;ENSG00000140988;ENSG00000185238;ENSG00000184260;ENSG00000110092;ENSG00000136518;ENSG00000188486;ENSG00000080503;ENSG00000096968;ENSG00000163939;ENSG00000181218;ENSG00000102054;ENSG00000073584;ENSG00000139613;ENSG00000100462;ENSG00000196363;ENSG00000196787;ENSG00000116455;ENSG00000198890;ENSG00000108604
REACTOME_FOXO_MEDIATED_TRANSCRIPTION_OF_CELL_CYCLE_GENES,prerank,-0.6240443516582775,0.9362676504261545,0.9858146748139871,ENSG00000111276;ENSG00000090097;ENSG00000116717;ENSG00000150907;ENSG00000184481;ENSG00000136826;ENSG00000141646;ENSG00000103479;ENSG00000175387;ENSG00000133639;ENSG00000176165;ENSG00000118689;ENSG00000205643
REACTOME_PASSIVE_TRANSPORT_BY_AQUAPORINS,prerank,-0.6588061191033895,0.9064918032786885,0.9858561465969766,ENSG00000165269
REACTOME_PI_3K_CASCADE_FGFR4,prerank,-0.6106651320942283,0.9423301727497078,0.9858694681110923,ENSG00000129682;ENSG00000156427;ENSG00000160867
REACTOME_REGULATION_OF_IFNA_IFNB_SIGNALING,prerank,-0.6127225829891702,0.9454403741231489,0.986232073675668,ENSG00000159110;ENSG00000179295;ENSG00000184979;ENSG00000142166;ENSG00000115415;ENSG00000170581
REACTOME_CLASS_A_1_RHODOPSIN_LIKE_RECEPTORS,prerank,-0.6280599615857133,0.9982814395471088,0.9863118681238873,ENSG00000197696;ENSG00000161610;ENSG00000064547;ENSG00000267534;ENSG00000170214;ENSG00000129951;ENSG00000213906;ENSG00000163737;ENSG00000163736;ENSG00000101850;ENSG00000169508;ENSG00000169248;ENSG00000149295;ENSG00000197993;ENSG00000139574;ENSG00000047597;ENSG00000100739;ENSG00000078589;ENSG00000128617;ENSG00000105520;ENSG00000168398;ENSG00000204174;ENSG00000213694;ENSG00000144648;ENSG00000184574;ENSG00000128285;ENSG00000110148;ENSG00000184451;ENSG00000108691;ENSG00000179921
REACTOME_DISEASES_OF_IMMUNE_SYSTEM,prerank,-0.6205423305510652,0.9478724693902291,0.986323809382173,ENSG00000110057;ENSG00000171560;ENSG00000160678;ENSG00000136869;ENSG00000198001;ENSG00000174130;ENSG00000189403;ENSG00000127666;ENSG00000010671;ENSG00000213341;ENSG00000172936;ENSG00000100906;ENSG00000174125;ENSG00000077150;ENSG00000150455;ENSG00000104365
REACTOME_PI_3K_CASCADE_FGFR3,prerank,-0.625094522970139,0.9337774294670846,0.9866019232933435,ENSG00000129682;ENSG00000156427;ENSG00000068078
REACTOME_RUNX1_REGULATES_GENES_INVOLVED_IN_MEGAKARYOCYTE_DIFFERENTIATION_AND_PLATELET_FUNCTION,prerank,-0.6143129335979194,0.9717077604817634,0.986804957552803,ENSG00000185245;ENSG00000159216;ENSG00000246705;ENSG00000163737;ENSG00000005961;ENSG00000105968;ENSG00000123405;ENSG00000184260;ENSG00000132475;ENSG00000188486;ENSG00000092847;ENSG00000197903;ENSG00000158373;ENSG00000155363;ENSG00000196890;ENSG00000055609
REACTOME_REGULATION_OF_TLR_BY_ENDOGENOUS_LIGAND,prerank,-0.6293203371109564,0.9360667996011964,0.9869670441647429,ENSG00000171560;ENSG00000160678;ENSG00000136869;ENSG00000174130;ENSG00000189403;ENSG00000129988;ENSG00000133661
REACTOME_HEME_DEGRADATION,prerank,-0.616016599874666,0.9432751540041068,0.9873014088724612,ENSG00000188878;ENSG00000100292;ENSG00000106605;ENSG00000118777;ENSG00000090013;ENSG00000103415
REACTOME_RECYCLING_OF_BILE_ACIDS_AND_SALTS,prerank,-0.6307870803268624,0.9331052831622957,0.9874861200162391,ENSG00000188878;ENSG00000172345;ENSG00000100652;ENSG00000140396;ENSG00000170231;ENSG00000084453;ENSG00000083807;ENSG00000125255;ENSG00000186350;ENSG00000163959
REACTOME_CLASS_C_3_METABOTROPIC_GLUTAMATE_PHEROMONE_RECEPTORS,prerank,-0.5849606812103207,0.9595560091860168,0.990032250641048,ENSG00000255837;ENSG00000204681;ENSG00000173662;ENSG00000164082;ENSG00000127364;ENSG00000169962;ENSG00000212124;ENSG00000124493
REACTOME_SLC_MEDIATED_TRANSPORT_OF_ORGANIC_CATIONS,prerank,-0.5733606673353664,0.9651147540983607,0.9900563983150402,ENSG00000159216
REACTOME_SYNTHESIS_OF_BILE_ACIDS_AND_BILE_SALTS_VIA_24_HYDROXYCHOLESTEROL,prerank,-0.5758203271520028,0.9640297145836049,0.9905770399102294,ENSG00000099377;ENSG00000122787;ENSG00000083807;ENSG00000036530;ENSG00000196139;ENSG00000151632
REACTOME_EXPRESSION_OF_BMAL_ARNTL_CLOCK_AND_NPAS2,prerank,-0.5788804576580079,0.9756241864868063,0.9908643676548395,ENSG00000081189;ENSG00000082014;ENSG00000101849
REACTOME_RNA_POLYMERASE_III_TRANSCRIPTION_INITIATION_FROM_TYPE_3_PROMOTER,prerank,-0.5572033271325753,0.9781480140045877,0.9935318848192692,ENSG00000147669;ENSG00000174446;ENSG00000121851;ENSG00000104976;ENSG00000100142;ENSG00000163882;ENSG00000113356;ENSG00000161980;ENSG00000058600;ENSG00000164975;ENSG00000166478;ENSG00000023608;ENSG00000186141;ENSG00000072135
REACTOME_THE_CRY_PER_KINASE_COMPLEX_REPRESSES_TRANSACTIVATION_BY_THE_BMAL_CLOCK_ARNTL_CLOCK_COMPLEX,prerank,-0.5494099674529583,0.9716834755624515,0.9941927103639424,ENSG00000049246;ENSG00000161395;ENSG00000126368;ENSG00000069667;ENSG00000213923
REACTOME_RORA_B_C_AND_NR1D1_REV_ERBA_REGULATE_GENE_EXPRESSION,prerank,-0.5435489528427531,0.982330002437241,0.9942595041324711,ENSG00000082014;ENSG00000101849;ENSG00000110090;ENSG00000180530;ENSG00000177565;ENSG00000140396;ENSG00000126368;ENSG00000069667;ENSG00000186350;ENSG00000125686;ENSG00000137574;ENSG00000100393;ENSG00000141027;ENSG00000198646;ENSG00000142453;ENSG00000072310;ENSG00000130589
REACTOME_TRANSCRIPTIONAL_REGULATION_OF_WHITE_ADIPOCYTE_DIFFERENTIATION,prerank,-0.5258812311680182,0.9980500487487812,0.9951999671664762,ENSG00000082014;ENSG00000108590;ENSG00000101849;ENSG00000155868;ENSG00000122877;ENSG00000181856;ENSG00000160563;ENSG00000181444;ENSG00000112237;ENSG00000159479;ENSG00000152944;ENSG00000175445;ENSG00000155111;ENSG00000136146;ENSG00000177565;ENSG00000221869;ENSG00000140396;ENSG00000124641;ENSG00000136826;ENSG00000245848;ENSG00000104973;ENSG00000161920;ENSG00000186350;ENSG00000075292;ENSG00000172216;ENSG00000175221;ENSG00000232810;ENSG00000125686;ENSG00000156603;ENSG00000130772;ENSG00000164758;ENSG00000112576;ENSG00000196498
REACTOME_EICOSANOID_LIGAND_BINDING_RECEPTORS,prerank,-0.5325064371473036,0.9791560102301791,0.9952941423676669,ENSG00000213906
REACTOME_HORMONE_LIGAND_BINDING_RECEPTORS,prerank,-0.4979798154187491,0.9855826992390869,0.9953460399162252,ENSG00000104826;ENSG00000134200;ENSG00000147437
REACTOME_VXPX_CARGO_TARGETING_TO_CILIUM,prerank,-0.5005698833341087,0.9899218946837994,0.996372134311551,ENSG00000132259;ENSG00000168374;ENSG00000107862;ENSG00000138190;ENSG00000127328
REACTOME_DIFFERENTIATION_OF_NAIVE_CD_T_CELLS_TO_T_HELPER_1_CELLS_TH1_CELLS,prerank,-0.5061088286313606,0.9865446716899893,0.996982425147925,ENSG00000159216
REACTOME_NUCLEOTIDE_LIKE_PURINERGIC_RECEPTORS,prerank,-0.43025841775645957,0.9970180215221055,0.9987602395671544,ENSG00000078589
REACTOME_EICOSANOIDS,prerank,0.4249126726676975,1.0,0.9996246281222754,ENSG00000142973;ENSG00000187048;ENSG00000186529;ENSG00000186204
