Name,Term,ES,NES,NOM p-val,FDR q-val,FWER p-val,Tag %,Gene %,Lead_genes
prerank,REACTOME_REGULATION_OF_ORNITHINE_DECARBOXYLASE_ODC,0.8053083598446278,3.395676087910734,0.0,0.0,0.0,22/37,2.47%,ENSG00000130706;ENSG00000100902;ENSG00000100804;ENSG00000087191;ENSG00000181019;ENSG00000100764;ENSG00000180304;ENSG00000103035;ENSG00000175166;ENSG00000013275;ENSG00000108671;ENSG00000185627;ENSG00000173692;ENSG00000108344;ENSG00000115233;ENSG00000104904;ENSG00000041357;ENSG00000101182;ENSG00000099341;ENSG00000126067;ENSG00000165916;ENSG00000142507
prerank,REACTOME_REGULATION_OF_RUNX2_EXPRESSION_AND_ACTIVITY,0.6265744023521271,2.954906095581544,0.0,0.0,0.0,20/58,2.47%,ENSG00000130706;ENSG00000150991;ENSG00000100902;ENSG00000100804;ENSG00000087191;ENSG00000100764;ENSG00000103035;ENSG00000175166;ENSG00000013275;ENSG00000108671;ENSG00000185627;ENSG00000173692;ENSG00000108344;ENSG00000115233;ENSG00000041357;ENSG00000101182;ENSG00000099341;ENSG00000126067;ENSG00000165916;ENSG00000142507
prerank,REACTOME_THE_ROLE_OF_GTSE1_IN_G2_M_PROGRESSION_AFTER_G2_CHECKPOINT,0.6113246504225398,2.9545939091108115,0.0,0.0,0.0,28/64,2.77%,ENSG00000127824;ENSG00000130706;ENSG00000150991;ENSG00000101367;ENSG00000100902;ENSG00000100804;ENSG00000087191;ENSG00000100764;ENSG00000103035;ENSG00000175166;ENSG00000013275;ENSG00000108671;ENSG00000096384;ENSG00000185627;ENSG00000173692;ENSG00000108344;ENSG00000115233;ENSG00000080824;ENSG00000041357;ENSG00000167553;ENSG00000101182;ENSG00000099341;ENSG00000126067;ENSG00000165916;ENSG00000142507;ENSG00000123416;ENSG00000188229;ENSG00000258947
prerank,REACTOME_PROTEASOME_ASSEMBLY,0.6539719522151971,2.9507025985749555,0.0,0.0,0.0,20/50,2.47%,ENSG00000130706;ENSG00000159352;ENSG00000100902;ENSG00000100804;ENSG00000087191;ENSG00000100764;ENSG00000103035;ENSG00000175166;ENSG00000013275;ENSG00000108671;ENSG00000185627;ENSG00000173692;ENSG00000108344;ENSG00000115233;ENSG00000041357;ENSG00000101182;ENSG00000099341;ENSG00000126067;ENSG00000165916;ENSG00000142507
prerank,REACTOME_FORMATION_OF_PARAXIAL_MESODERM,0.6351757902329571,2.9324516213150256,0.0,0.0,0.0,23/55,6.00%,ENSG00000130706;ENSG00000168214;ENSG00000100902;ENSG00000100804;ENSG00000087191;ENSG00000100764;ENSG00000103035;ENSG00000175166;ENSG00000013275;ENSG00000108671;ENSG00000185627;ENSG00000173692;ENSG00000108344;ENSG00000115233;ENSG00000041357;ENSG00000101182;ENSG00000099341;ENSG00000126067;ENSG00000165916;ENSG00000142507;ENSG00000154342;ENSG00000179111;ENSG00000203877
prerank,REACTOME_REGULATION_OF_PTEN_STABILITY_AND_ACTIVITY,0.638806343936598,2.9216257638591907,0.0,0.0,0.0,21/54,2.47%,ENSG00000130706;ENSG00000150991;ENSG00000100902;ENSG00000100804;ENSG00000087191;ENSG00000100764;ENSG00000103035;ENSG00000175166;ENSG00000013275;ENSG00000108671;ENSG00000185627;ENSG00000173692;ENSG00000108344;ENSG00000115233;ENSG00000204435;ENSG00000041357;ENSG00000101182;ENSG00000099341;ENSG00000126067;ENSG00000165916;ENSG00000142507
prerank,REACTOME_UCH_PROTEINASES,0.5844066898578051,2.89085198927485,0.0,0.0,0.0,24/75,2.47%,ENSG00000130706;ENSG00000150991;ENSG00000100902;ENSG00000100804;ENSG00000087191;ENSG00000100764;ENSG00000103035;ENSG00000175166;ENSG00000013275;ENSG00000108671;ENSG00000185627;ENSG00000173692;ENSG00000108344;ENSG00000115233;ENSG00000105329;ENSG00000075624;ENSG00000172534;ENSG00000041357;ENSG00000101182;ENSG00000099341;ENSG00000126067;ENSG00000165916;ENSG00000129559;ENSG00000142507
prerank,REACTOME_P53_DEPENDENT_G1_DNA_DAMAGE_RESPONSE,0.630042297681572,2.8737837118235197,0.0,0.0,0.0,21/52,2.47%,ENSG00000130706;ENSG00000150991;ENSG00000161642;ENSG00000100902;ENSG00000100804;ENSG00000087191;ENSG00000100764;ENSG00000103035;ENSG00000175166;ENSG00000013275;ENSG00000108671;ENSG00000185627;ENSG00000173692;ENSG00000108344;ENSG00000115233;ENSG00000041357;ENSG00000101182;ENSG00000099341;ENSG00000126067;ENSG00000165916;ENSG00000142507
prerank,REACTOME_REGULATION_OF_MRNA_STABILITY_BY_PROTEINS_THAT_BIND_AU_RICH_ELEMENTS,0.5831860404291964,2.860863000258816,0.0,0.0,0.0,25/72,2.88%,ENSG00000130706;ENSG00000150991;ENSG00000100902;ENSG00000100804;ENSG00000082898;ENSG00000087191;ENSG00000100764;ENSG00000103035;ENSG00000175166;ENSG00000013275;ENSG00000109971;ENSG00000108671;ENSG00000185627;ENSG00000173692;ENSG00000108344;ENSG00000115233;ENSG00000166913;ENSG00000041357;ENSG00000101182;ENSG00000099341;ENSG00000114867;ENSG00000126067;ENSG00000165916;ENSG00000142507;ENSG00000140350
prerank,REACTOME_REGULATION_OF_RAS_BY_GAPS,0.6202328100859213,2.8520443684866765,0.0,0.0,0.0,21/54,2.47%,ENSG00000130706;ENSG00000150991;ENSG00000100902;ENSG00000100804;ENSG00000087191;ENSG00000100764;ENSG00000103035;ENSG00000175166;ENSG00000013275;ENSG00000108671;ENSG00000185627;ENSG00000174775;ENSG00000173692;ENSG00000108344;ENSG00000115233;ENSG00000041357;ENSG00000101182;ENSG00000099341;ENSG00000126067;ENSG00000165916;ENSG00000142507
prerank,REACTOME_ASYMMETRIC_LOCALIZATION_OF_PCP_PROTEINS,0.6208037357047261,2.8247413806562465,0.0,0.0,0.0,20/50,2.47%,ENSG00000130706;ENSG00000150991;ENSG00000100902;ENSG00000100804;ENSG00000087191;ENSG00000100764;ENSG00000103035;ENSG00000175166;ENSG00000013275;ENSG00000108671;ENSG00000185627;ENSG00000173692;ENSG00000108344;ENSG00000115233;ENSG00000041357;ENSG00000101182;ENSG00000099341;ENSG00000126067;ENSG00000165916;ENSG00000142507
prerank,REACTOME_ACTIVATION_OF_NF_KAPPAB_IN_B_CELLS,0.6525642676497442,2.970949584331082,0.0,0.0,0.0,20/52,2.47%,ENSG00000130706;ENSG00000150991;ENSG00000100902;ENSG00000100804;ENSG00000087191;ENSG00000100764;ENSG00000103035;ENSG00000175166;ENSG00000013275;ENSG00000108671;ENSG00000185627;ENSG00000173692;ENSG00000108344;ENSG00000115233;ENSG00000041357;ENSG00000101182;ENSG00000099341;ENSG00000126067;ENSG00000165916;ENSG00000142507
prerank,REACTOME_PCP_CE_PATHWAY,0.5659075720011809,2.81620667972288,0.0,0.0,0.0,26/77,3.53%,ENSG00000130706;ENSG00000067560;ENSG00000150991;ENSG00000100902;ENSG00000100804;ENSG00000087191;ENSG00000100764;ENSG00000103035;ENSG00000175166;ENSG00000013275;ENSG00000108671;ENSG00000161203;ENSG00000185627;ENSG00000173692;ENSG00000108344;ENSG00000141367;ENSG00000115233;ENSG00000041357;ENSG00000101182;ENSG00000108518;ENSG00000099341;ENSG00000126067;ENSG00000165916;ENSG00000142507;ENSG00000042753;ENSG00000111186
prerank,REACTOME_SCF_SKP2_MEDIATED_DEGRADATION_OF_P27_P21,0.6189171437235611,2.8089979484048815,0.0,0.0,0.0,20/49,2.47%,ENSG00000130706;ENSG00000150991;ENSG00000100902;ENSG00000100804;ENSG00000087191;ENSG00000100764;ENSG00000103035;ENSG00000175166;ENSG00000013275;ENSG00000108671;ENSG00000185627;ENSG00000173692;ENSG00000108344;ENSG00000115233;ENSG00000041357;ENSG00000101182;ENSG00000099341;ENSG00000126067;ENSG00000165916;ENSG00000142507
prerank,REACTOME_UBIQUITIN_MEDIATED_DEGRADATION_OF_PHOSPHORYLATED_CDC25A,0.6093268951934867,2.780066839672528,0.0,0.0,0.0,20/50,2.47%,ENSG00000130706;ENSG00000150991;ENSG00000100902;ENSG00000100804;ENSG00000087191;ENSG00000100764;ENSG00000103035;ENSG00000175166;ENSG00000013275;ENSG00000108671;ENSG00000185627;ENSG00000173692;ENSG00000108344;ENSG00000115233;ENSG00000041357;ENSG00000101182;ENSG00000099341;ENSG00000126067;ENSG00000165916;ENSG00000142507
prerank,REACTOME_GASTRULATION,0.5221701219818734,2.7520177262397474,0.0,0.0,0.0,41/108,7.90%,ENSG00000166949;ENSG00000130706;ENSG00000168214;ENSG00000100902;ENSG00000100804;ENSG00000087191;ENSG00000100764;ENSG00000172939;ENSG00000103035;ENSG00000175166;ENSG00000013275;ENSG00000108671;ENSG00000185627;ENSG00000173692;ENSG00000108344;ENSG00000115233;ENSG00000041357;ENSG00000101182;ENSG00000099341;ENSG00000126067;ENSG00000165916;ENSG00000142507;ENSG00000125798;ENSG00000154342;ENSG00000137203;ENSG00000164736;ENSG00000163501;ENSG00000075891;ENSG00000179111;ENSG00000164690;ENSG00000133937;ENSG00000054598;ENSG00000259974;ENSG00000163508;ENSG00000203877;ENSG00000103241;ENSG00000135903;ENSG00000075388;ENSG00000087510;ENSG00000163132;ENSG00000141448
prerank,REACTOME_SIGNALING_BY_NOTCH4,0.5620369546972712,2.72878582117132,0.0,0.0,0.0,23/71,2.47%,ENSG00000166949;ENSG00000130706;ENSG00000168214;ENSG00000150991;ENSG00000100902;ENSG00000100804;ENSG00000087191;ENSG00000100764;ENSG00000103035;ENSG00000175166;ENSG00000013275;ENSG00000108671;ENSG00000185627;ENSG00000173692;ENSG00000108344;ENSG00000115233;ENSG00000041357;ENSG00000137845;ENSG00000101182;ENSG00000099341;ENSG00000126067;ENSG00000165916;ENSG00000142507
prerank,REACTOME_ABC_TRANSPORTER_DISORDERS,0.571171273723939,2.713109682891945,0.0,0.0,0.0,23/64,2.99%,ENSG00000130706;ENSG00000115657;ENSG00000150991;ENSG00000100902;ENSG00000100804;ENSG00000087191;ENSG00000100764;ENSG00000103035;ENSG00000175166;ENSG00000013275;ENSG00000108671;ENSG00000185627;ENSG00000173692;ENSG00000108344;ENSG00000115233;ENSG00000041357;ENSG00000101182;ENSG00000099341;ENSG00000126067;ENSG00000165916;ENSG00000142507;ENSG00000165280;ENSG00000135506
prerank,REACTOME_ORC1_REMOVAL_FROM_CHROMATIN,0.5817865180357431,2.712144171842101,0.0,0.0,0.0,22/56,2.73%,ENSG00000130706;ENSG00000150991;ENSG00000100902;ENSG00000100804;ENSG00000087191;ENSG00000100764;ENSG00000103035;ENSG00000175166;ENSG00000013275;ENSG00000108671;ENSG00000185627;ENSG00000173692;ENSG00000108344;ENSG00000115233;ENSG00000041357;ENSG00000101182;ENSG00000099341;ENSG00000126067;ENSG00000165916;ENSG00000142507;ENSG00000104738;ENSG00000112118
prerank,REACTOME_PROGRAMMED_CELL_DEATH,0.46681697014459367,2.6831271287534593,0.0,0.0,0.0,40/195,2.47%,ENSG00000128245;ENSG00000130706;ENSG00000150991;ENSG00000134308;ENSG00000136279;ENSG00000026025;ENSG00000178209;ENSG00000132589;ENSG00000100902;ENSG00000100804;ENSG00000087274;ENSG00000087191;ENSG00000100764;ENSG00000197694;ENSG00000103035;ENSG00000137312;ENSG00000185825;ENSG00000175166;ENSG00000013275;ENSG00000108671;ENSG00000170027;ENSG00000185627;ENSG00000173692;ENSG00000108344;ENSG00000115233;ENSG00000105401;ENSG00000080824;ENSG00000108953;ENSG00000166913;ENSG00000087470;ENSG00000041357;ENSG00000160789;ENSG00000101182;ENSG00000108424;ENSG00000108561;ENSG00000099341;ENSG00000130724;ENSG00000126067;ENSG00000165916;ENSG00000142507
prerank,REACTOME_CIRCADIAN_CLOCK,0.5001470596398627,2.6463590576392613,0.0,0.0,0.0,26/108,2.47%,ENSG00000130706;ENSG00000171720;ENSG00000150991;ENSG00000029153;ENSG00000134107;ENSG00000100902;ENSG00000100804;ENSG00000087191;ENSG00000100764;ENSG00000103035;ENSG00000213639;ENSG00000175166;ENSG00000013275;ENSG00000108671;ENSG00000185627;ENSG00000173692;ENSG00000108344;ENSG00000115233;ENSG00000204435;ENSG00000041357;ENSG00000101182;ENSG00000099341;ENSG00000126067;ENSG00000165916;ENSG00000172531;ENSG00000142507
prerank,REACTOME_HEDGEHOG_ON_STATE,0.5380470577830729,2.6440272808283085,0.0,0.0,0.0,21/72,2.47%,ENSG00000130706;ENSG00000150991;ENSG00000100902;ENSG00000100804;ENSG00000087191;ENSG00000088826;ENSG00000100764;ENSG00000103035;ENSG00000175166;ENSG00000013275;ENSG00000108671;ENSG00000185627;ENSG00000173692;ENSG00000108344;ENSG00000115233;ENSG00000041357;ENSG00000101182;ENSG00000099341;ENSG00000126067;ENSG00000165916;ENSG00000142507
prerank,REACTOME_EUKARYOTIC_TRANSLATION_ELONGATION,-0.5642492591826866,-2.168023859374404,0.0,0.0,0.0,67/89,34.03%,ENSG00000105640;ENSG00000198755;ENSG00000149806;ENSG00000221983;ENSG00000115268;ENSG00000136942;ENSG00000105372;ENSG00000177600;ENSG00000089157;ENSG00000130255;ENSG00000162244;ENSG00000182899;ENSG00000109475;ENSG00000156508;ENSG00000142541;ENSG00000137818;ENSG00000172809;ENSG00000142676;ENSG00000131469;ENSG00000110700;ENSG00000167526;ENSG00000142534;ENSG00000177954;ENSG00000144713;ENSG00000114942;ENSG00000101210;ENSG00000163923;ENSG00000116251;ENSG00000063177;ENSG00000100316;ENSG00000185088;ENSG00000156482;ENSG00000140988;ENSG00000171858;ENSG00000071082;ENSG00000108298;ENSG00000143947;ENSG00000148303;ENSG00000125691;ENSG00000265681;ENSG00000165496;ENSG00000197728;ENSG00000118181;ENSG00000124614;ENSG00000161016;ENSG00000254772;ENSG00000037241;ENSG00000145592;ENSG00000149273;ENSG00000188846;ENSG00000108107;ENSG00000161970;ENSG00000105193;ENSG00000163584;ENSG00000197756;ENSG00000229117;ENSG00000198242;ENSG00000145425;ENSG00000138326;ENSG00000134419;ENSG00000170889;ENSG00000083845;ENSG00000140986;ENSG00000197958;ENSG00000171863;ENSG00000089009;ENSG00000137154
prerank,REACTOME_AMPK_INDUCED_ERAD_AND_LYSOSOME_MEDIATED_DEGRADATION_OF_PD_L1_CD274,0.608205065680477,2.8127766525034295,0.0,0.0,0.0,22/54,2.99%,ENSG00000130706;ENSG00000150991;ENSG00000100902;ENSG00000100804;ENSG00000087191;ENSG00000100764;ENSG00000103035;ENSG00000175166;ENSG00000013275;ENSG00000108671;ENSG00000185627;ENSG00000173692;ENSG00000108344;ENSG00000115233;ENSG00000041357;ENSG00000101182;ENSG00000099341;ENSG00000126067;ENSG00000165916;ENSG00000142507;ENSG00000165280;ENSG00000135506
prerank,REACTOME_HOST_INTERACTIONS_OF_HIV_FACTORS,0.5607198008604242,2.9872048060417873,0.0,0.0,0.0,35/116,2.55%,ENSG00000213024;ENSG00000130706;ENSG00000150991;ENSG00000100902;ENSG00000100804;ENSG00000082898;ENSG00000087191;ENSG00000100401;ENSG00000094914;ENSG00000100764;ENSG00000103035;ENSG00000100280;ENSG00000175166;ENSG00000013275;ENSG00000108671;ENSG00000161203;ENSG00000185627;ENSG00000173692;ENSG00000108344;ENSG00000115233;ENSG00000137309;ENSG00000041357;ENSG00000101182;ENSG00000108424;ENSG00000196262;ENSG00000102900;ENSG00000132341;ENSG00000099341;ENSG00000126067;ENSG00000165916;ENSG00000106367;ENSG00000142507;ENSG00000175334;ENSG00000143761;ENSG00000042753
prerank,REACTOME_DEGRADATION_OF_CRY_AND_PER_PROTEINS,0.6609621206904879,2.963095842549073,0.0,0.0,0.0,20/47,2.47%,ENSG00000130706;ENSG00000150991;ENSG00000100902;ENSG00000100804;ENSG00000087191;ENSG00000100764;ENSG00000103035;ENSG00000175166;ENSG00000013275;ENSG00000108671;ENSG00000185627;ENSG00000173692;ENSG00000108344;ENSG00000115233;ENSG00000041357;ENSG00000101182;ENSG00000099341;ENSG00000126067;ENSG00000165916;ENSG00000142507
prerank,REACTOME_CELLULAR_RESPONSE_TO_HYPOXIA,0.6333004975750247,2.993159484722364,0.0,0.0,0.0,25/61,3.00%,ENSG00000130706;ENSG00000129521;ENSG00000150991;ENSG00000135766;ENSG00000100902;ENSG00000100804;ENSG00000087191;ENSG00000100764;ENSG00000107159;ENSG00000103035;ENSG00000175166;ENSG00000013275;ENSG00000108671;ENSG00000185627;ENSG00000173692;ENSG00000108344;ENSG00000115233;ENSG00000041357;ENSG00000100644;ENSG00000101182;ENSG00000099341;ENSG00000126067;ENSG00000165916;ENSG00000142507;ENSG00000112715
prerank,REACTOME_METABOLISM_OF_POLYAMINES,0.7629470903667754,3.37786287010096,0.0,0.0,0.0,24/44,2.52%,ENSG00000130706;ENSG00000100902;ENSG00000100804;ENSG00000087191;ENSG00000088826;ENSG00000181019;ENSG00000100764;ENSG00000180304;ENSG00000103035;ENSG00000175166;ENSG00000013275;ENSG00000108671;ENSG00000185627;ENSG00000173692;ENSG00000108344;ENSG00000115233;ENSG00000104904;ENSG00000041357;ENSG00000101182;ENSG00000099341;ENSG00000126067;ENSG00000165916;ENSG00000142507;ENSG00000102172
prerank,REACTOME_SPOP_MEDIATED_PROTEASOMAL_DEGRADATION_OF_PD_L1_CD274,0.7345255931348503,3.207051640994152,0.0,0.0,0.0,22/44,2.47%,ENSG00000130706;ENSG00000150991;ENSG00000100902;ENSG00000100804;ENSG00000087191;ENSG00000100764;ENSG00000103035;ENSG00000175166;ENSG00000013275;ENSG00000108671;ENSG00000170027;ENSG00000185627;ENSG00000173692;ENSG00000108344;ENSG00000115233;ENSG00000204435;ENSG00000041357;ENSG00000101182;ENSG00000099341;ENSG00000126067;ENSG00000165916;ENSG00000142507
prerank,REACTOME_AUF1_HNRNP_D0_BINDS_AND_DESTABILIZES_MRNA,0.7353743794500915,3.181532805059332,0.0,0.0,0.0,22/41,2.47%,ENSG00000130706;ENSG00000150991;ENSG00000100902;ENSG00000100804;ENSG00000087191;ENSG00000100764;ENSG00000103035;ENSG00000175166;ENSG00000013275;ENSG00000109971;ENSG00000108671;ENSG00000185627;ENSG00000173692;ENSG00000108344;ENSG00000115233;ENSG00000041357;ENSG00000101182;ENSG00000099341;ENSG00000114867;ENSG00000126067;ENSG00000165916;ENSG00000142507
prerank,REACTOME_REGULATION_OF_CDH1_FUNCTION,0.6660573711645118,3.1662241965812576,0.0,0.0,0.0,26/59,2.47%,ENSG00000130706;ENSG00000150991;ENSG00000035403;ENSG00000044115;ENSG00000100902;ENSG00000100804;ENSG00000079805;ENSG00000087191;ENSG00000100764;ENSG00000103035;ENSG00000175166;ENSG00000013275;ENSG00000108671;ENSG00000185627;ENSG00000184009;ENSG00000173692;ENSG00000108344;ENSG00000115233;ENSG00000164733;ENSG00000075624;ENSG00000041357;ENSG00000101182;ENSG00000099341;ENSG00000126067;ENSG00000165916;ENSG00000142507
prerank,REACTOME_NUCLEAR_EVENTS_MEDIATED_BY_NFE2L2,0.6251691731060259,3.15644302322797,0.0,0.0,0.0,31/84,2.69%,ENSG00000130706;ENSG00000150991;ENSG00000033050;ENSG00000136810;ENSG00000160211;ENSG00000138798;ENSG00000108846;ENSG00000103222;ENSG00000100902;ENSG00000100804;ENSG00000087191;ENSG00000181019;ENSG00000100764;ENSG00000103035;ENSG00000175166;ENSG00000013275;ENSG00000177156;ENSG00000108671;ENSG00000185627;ENSG00000173692;ENSG00000108344;ENSG00000115233;ENSG00000041357;ENSG00000101182;ENSG00000099341;ENSG00000104687;ENSG00000142657;ENSG00000126067;ENSG00000165916;ENSG00000142507;ENSG00000117450
prerank,REACTOME_UBIQUITIN_DEPENDENT_DEGRADATION_OF_CYCLIN_D,0.7448740614887802,3.155345630399108,0.0,0.0,0.0,20/38,2.47%,ENSG00000130706;ENSG00000150991;ENSG00000100902;ENSG00000100804;ENSG00000087191;ENSG00000100764;ENSG00000103035;ENSG00000175166;ENSG00000013275;ENSG00000108671;ENSG00000185627;ENSG00000173692;ENSG00000108344;ENSG00000115233;ENSG00000041357;ENSG00000101182;ENSG00000099341;ENSG00000126067;ENSG00000165916;ENSG00000142507
prerank,REACTOME_REGULATION_OF_APOPTOSIS,0.7354459734647496,3.1545513409167407,0.0,0.0,0.0,20/39,2.47%,ENSG00000130706;ENSG00000150991;ENSG00000100902;ENSG00000100804;ENSG00000087191;ENSG00000100764;ENSG00000103035;ENSG00000175166;ENSG00000013275;ENSG00000108671;ENSG00000185627;ENSG00000173692;ENSG00000108344;ENSG00000115233;ENSG00000041357;ENSG00000101182;ENSG00000099341;ENSG00000126067;ENSG00000165916;ENSG00000142507
prerank,REACTOME_SOMITOGENESIS,0.7235638439770422,3.133123993726111,0.0,0.0,0.0,20/42,2.47%,ENSG00000130706;ENSG00000168214;ENSG00000100902;ENSG00000100804;ENSG00000087191;ENSG00000100764;ENSG00000103035;ENSG00000175166;ENSG00000013275;ENSG00000108671;ENSG00000185627;ENSG00000173692;ENSG00000108344;ENSG00000115233;ENSG00000041357;ENSG00000101182;ENSG00000099341;ENSG00000126067;ENSG00000165916;ENSG00000142507
prerank,REACTOME_DEGRADATION_OF_GLI1_BY_THE_PROTEASOME,0.6890601425040757,3.0768404263843925,0.0,0.0,0.0,21/46,2.57%,ENSG00000130706;ENSG00000150991;ENSG00000100902;ENSG00000100804;ENSG00000087191;ENSG00000100764;ENSG00000103035;ENSG00000175166;ENSG00000013275;ENSG00000108671;ENSG00000185627;ENSG00000173692;ENSG00000108344;ENSG00000115233;ENSG00000041357;ENSG00000101182;ENSG00000099341;ENSG00000126067;ENSG00000165916;ENSG00000142507;ENSG00000072062
prerank,REACTOME_DEGRADATION_OF_DVL,0.6836564415196269,2.9873557642198727,0.0,0.0,0.0,20/43,2.47%,ENSG00000130706;ENSG00000150991;ENSG00000100902;ENSG00000100804;ENSG00000087191;ENSG00000100764;ENSG00000103035;ENSG00000175166;ENSG00000013275;ENSG00000108671;ENSG00000185627;ENSG00000173692;ENSG00000108344;ENSG00000115233;ENSG00000041357;ENSG00000101182;ENSG00000099341;ENSG00000126067;ENSG00000165916;ENSG00000142507
prerank,REACTOME_DEGRADATION_OF_AXIN,0.7048825491024447,3.063981365637311,0.0,0.0,0.0,20/41,2.47%,ENSG00000130706;ENSG00000150991;ENSG00000100902;ENSG00000100804;ENSG00000087191;ENSG00000100764;ENSG00000103035;ENSG00000175166;ENSG00000013275;ENSG00000108671;ENSG00000185627;ENSG00000173692;ENSG00000108344;ENSG00000115233;ENSG00000041357;ENSG00000101182;ENSG00000099341;ENSG00000126067;ENSG00000165916;ENSG00000142507
prerank,REACTOME_REGULATION_OF_RUNX3_EXPRESSION_AND_ACTIVITY,0.6979095375422352,3.0544467970333034,0.0,0.0,0.0,21/44,2.47%,ENSG00000130706;ENSG00000150991;ENSG00000100902;ENSG00000100804;ENSG00000087191;ENSG00000100764;ENSG00000103035;ENSG00000175166;ENSG00000013275;ENSG00000108671;ENSG00000185627;ENSG00000173692;ENSG00000108344;ENSG00000115233;ENSG00000105329;ENSG00000041357;ENSG00000101182;ENSG00000099341;ENSG00000126067;ENSG00000165916;ENSG00000142507
prerank,REACTOME_STABILIZATION_OF_P53,0.7067226021529,3.0658373837252944,0.0,0.0,0.0,20/43,2.47%,ENSG00000130706;ENSG00000150991;ENSG00000100902;ENSG00000100804;ENSG00000087191;ENSG00000100764;ENSG00000103035;ENSG00000175166;ENSG00000013275;ENSG00000108671;ENSG00000185627;ENSG00000173692;ENSG00000108344;ENSG00000115233;ENSG00000041357;ENSG00000101182;ENSG00000099341;ENSG00000126067;ENSG00000165916;ENSG00000142507
prerank,REACTOME_NEGATIVE_REGULATION_OF_NOTCH4_SIGNALING,0.6917387077571616,3.0414909012887477,0.0,0.0,0.0,20/43,2.47%,ENSG00000130706;ENSG00000150991;ENSG00000100902;ENSG00000100804;ENSG00000087191;ENSG00000100764;ENSG00000103035;ENSG00000175166;ENSG00000013275;ENSG00000108671;ENSG00000185627;ENSG00000173692;ENSG00000108344;ENSG00000115233;ENSG00000041357;ENSG00000101182;ENSG00000099341;ENSG00000126067;ENSG00000165916;ENSG00000142507
prerank,REACTOME_GSK3B_MEDIATED_PROTEASOMAL_DEGRADATION_OF_PD_L1_CD274,0.6854967573600682,3.002247253910592,0.0,0.0,0.0,20/43,2.47%,ENSG00000130706;ENSG00000150991;ENSG00000100902;ENSG00000100804;ENSG00000087191;ENSG00000100764;ENSG00000103035;ENSG00000175166;ENSG00000013275;ENSG00000108671;ENSG00000185627;ENSG00000173692;ENSG00000108344;ENSG00000115233;ENSG00000041357;ENSG00000101182;ENSG00000099341;ENSG00000126067;ENSG00000165916;ENSG00000142507
prerank,REACTOME_HEDGEHOG_LIGAND_BIOGENESIS,0.670450259986331,3.0446843962309984,0.0,0.0,0.0,25/51,4.16%,ENSG00000130706;ENSG00000150991;ENSG00000151694;ENSG00000100902;ENSG00000100804;ENSG00000087191;ENSG00000100764;ENSG00000103035;ENSG00000175166;ENSG00000013275;ENSG00000108671;ENSG00000185627;ENSG00000173692;ENSG00000108344;ENSG00000115233;ENSG00000041357;ENSG00000101182;ENSG00000099341;ENSG00000126067;ENSG00000165916;ENSG00000142507;ENSG00000165280;ENSG00000185624;ENSG00000135506;ENSG00000163501
prerank,REACTOME_DECTIN_1_MEDIATED_NONCANONICAL_NF_KB_SIGNALING,0.66863362002999,3.0125710904730925,0.0,0.0,0.0,20/48,2.47%,ENSG00000130706;ENSG00000150991;ENSG00000100902;ENSG00000100804;ENSG00000087191;ENSG00000100764;ENSG00000103035;ENSG00000175166;ENSG00000013275;ENSG00000108671;ENSG00000185627;ENSG00000173692;ENSG00000108344;ENSG00000115233;ENSG00000041357;ENSG00000101182;ENSG00000099341;ENSG00000126067;ENSG00000165916;ENSG00000142507
prerank,REACTOME_VIF_MEDIATED_DEGRADATION_OF_APOBEC3G,0.698120511210628,3.015761014052573,0.0,0.0,0.0,20/40,2.47%,ENSG00000130706;ENSG00000150991;ENSG00000100902;ENSG00000100804;ENSG00000087191;ENSG00000100764;ENSG00000103035;ENSG00000175166;ENSG00000013275;ENSG00000108671;ENSG00000185627;ENSG00000173692;ENSG00000108344;ENSG00000115233;ENSG00000041357;ENSG00000101182;ENSG00000099341;ENSG00000126067;ENSG00000165916;ENSG00000142507
prerank,REACTOME_DOWNSTREAM_SIGNALING_EVENTS_OF_B_CELL_RECEPTOR_BCR,0.6267742055966437,3.0062178836975892,0.0,0.0,0.0,23/66,2.47%,ENSG00000130706;ENSG00000150991;ENSG00000088832;ENSG00000100902;ENSG00000100804;ENSG00000087191;ENSG00000100764;ENSG00000103035;ENSG00000175166;ENSG00000013275;ENSG00000108671;ENSG00000185627;ENSG00000174775;ENSG00000173692;ENSG00000108344;ENSG00000115233;ENSG00000041357;ENSG00000101182;ENSG00000196262;ENSG00000099341;ENSG00000126067;ENSG00000165916;ENSG00000142507
prerank,REACTOME_KEAP1_NFE2L2_PATHWAY,0.5743753021831144,3.018348436064588,0.0,0.0,0.0,35/109,2.69%,ENSG00000130706;ENSG00000150991;ENSG00000033050;ENSG00000136810;ENSG00000160211;ENSG00000138798;ENSG00000108846;ENSG00000103222;ENSG00000100902;ENSG00000100804;ENSG00000087191;ENSG00000181019;ENSG00000100764;ENSG00000103035;ENSG00000070010;ENSG00000175166;ENSG00000013275;ENSG00000177156;ENSG00000108671;ENSG00000185627;ENSG00000173692;ENSG00000254986;ENSG00000108344;ENSG00000115233;ENSG00000204435;ENSG00000041357;ENSG00000101182;ENSG00000099341;ENSG00000104687;ENSG00000142657;ENSG00000126067;ENSG00000165916;ENSG00000142507;ENSG00000165280;ENSG00000117450
prerank,REACTOME_FBXL7_DOWN_REGULATES_AURKA_DURING_MITOTIC_ENTRY_AND_IN_EARLY_MITOSIS,0.693577478889186,3.0191664056055574,0.0,0.0,0.0,20/41,2.47%,ENSG00000130706;ENSG00000150991;ENSG00000100902;ENSG00000100804;ENSG00000087191;ENSG00000100764;ENSG00000103035;ENSG00000175166;ENSG00000013275;ENSG00000108671;ENSG00000185627;ENSG00000173692;ENSG00000108344;ENSG00000115233;ENSG00000041357;ENSG00000101182;ENSG00000099341;ENSG00000126067;ENSG00000165916;ENSG00000142507
prerank,REACTOME_CROSS_PRESENTATION_OF_SOLUBLE_EXOGENOUS_ANTIGENS_ENDOSOMES,0.7029624184592774,3.0219597920929613,0.0,0.0,0.0,19/40,2.47%,ENSG00000130706;ENSG00000100902;ENSG00000100804;ENSG00000087191;ENSG00000100764;ENSG00000103035;ENSG00000175166;ENSG00000013275;ENSG00000108671;ENSG00000185627;ENSG00000173692;ENSG00000108344;ENSG00000115233;ENSG00000041357;ENSG00000101182;ENSG00000099341;ENSG00000126067;ENSG00000165916;ENSG00000142507
prerank,REACTOME_HH_MUTANTS_ABROGATE_LIGAND_SECRETION,0.6884522042643941,3.0354783225900874,0.0,0.0,0.0,24/45,5.33%,ENSG00000130706;ENSG00000150991;ENSG00000100902;ENSG00000100804;ENSG00000087191;ENSG00000100764;ENSG00000103035;ENSG00000175166;ENSG00000013275;ENSG00000108671;ENSG00000185627;ENSG00000173692;ENSG00000108344;ENSG00000115233;ENSG00000041357;ENSG00000101182;ENSG00000099341;ENSG00000126067;ENSG00000165916;ENSG00000142507;ENSG00000165280;ENSG00000135506;ENSG00000163501;ENSG00000164690
prerank,REACTOME_SCF_BETA_TRCP_MEDIATED_DEGRADATION_OF_EMI1,0.6973542323649102,3.0169310719940494,0.0,0.0,0.0,20/41,2.47%,ENSG00000130706;ENSG00000150991;ENSG00000100902;ENSG00000100804;ENSG00000087191;ENSG00000100764;ENSG00000103035;ENSG00000175166;ENSG00000013275;ENSG00000108671;ENSG00000185627;ENSG00000173692;ENSG00000108344;ENSG00000115233;ENSG00000041357;ENSG00000101182;ENSG00000099341;ENSG00000126067;ENSG00000165916;ENSG00000142507
prerank,REACTOME_SIGNALING_BY_THE_B_CELL_RECEPTOR_BCR,0.4705761868281343,2.581481137993952,0.0,1.0882374954564334e-05,0.0002,34/146,5.86%,ENSG00000130706;ENSG00000150991;ENSG00000088832;ENSG00000100902;ENSG00000100804;ENSG00000087191;ENSG00000100764;ENSG00000177885;ENSG00000103035;ENSG00000241244;ENSG00000175166;ENSG00000013275;ENSG00000108671;ENSG00000185627;ENSG00000174775;ENSG00000173692;ENSG00000108344;ENSG00000115233;ENSG00000041357;ENSG00000101182;ENSG00000196262;ENSG00000099341;ENSG00000126067;ENSG00000165916;ENSG00000142507;ENSG00000242534;ENSG00000244116;ENSG00000239571;ENSG00000243290;ENSG00000240382;ENSG00000243238;ENSG00000241351;ENSG00000240864;ENSG00000131196
prerank,REACTOME_GLUCONEOGENESIS,0.6763649806492467,2.582228407172301,0.0,1.1076703078752981e-05,0.0002,10/24,3.01%,ENSG00000109107;ENSG00000108515;ENSG00000141349;ENSG00000111669;ENSG00000074800;ENSG00000102144;ENSG00000111640;ENSG00000105220;ENSG00000111674;ENSG00000131482
prerank,REACTOME_FCERI_MEDIATED_NF_KB_ACTIVATION,0.49168909266670074,2.593085495986767,0.0,1.1278097680184854e-05,0.0002,29/117,5.49%,ENSG00000130706;ENSG00000150991;ENSG00000100902;ENSG00000100804;ENSG00000087191;ENSG00000100764;ENSG00000103035;ENSG00000241244;ENSG00000175166;ENSG00000013275;ENSG00000108671;ENSG00000185627;ENSG00000173692;ENSG00000108344;ENSG00000115233;ENSG00000041357;ENSG00000101182;ENSG00000099341;ENSG00000126067;ENSG00000165916;ENSG00000142507;ENSG00000242534;ENSG00000244116;ENSG00000239571;ENSG00000243290;ENSG00000240382;ENSG00000243238;ENSG00000241351;ENSG00000240864
prerank,REACTOME_APOPTOSIS,0.46540713903884323,2.5979639963327594,0.0,1.1486951340929018e-05,0.0002,35/163,2.47%,ENSG00000128245;ENSG00000130706;ENSG00000150991;ENSG00000134308;ENSG00000136279;ENSG00000026025;ENSG00000178209;ENSG00000100902;ENSG00000100804;ENSG00000087274;ENSG00000087191;ENSG00000100764;ENSG00000197694;ENSG00000103035;ENSG00000185825;ENSG00000175166;ENSG00000013275;ENSG00000108671;ENSG00000170027;ENSG00000185627;ENSG00000173692;ENSG00000108344;ENSG00000115233;ENSG00000108953;ENSG00000166913;ENSG00000087470;ENSG00000041357;ENSG00000160789;ENSG00000101182;ENSG00000108424;ENSG00000108561;ENSG00000099341;ENSG00000126067;ENSG00000165916;ENSG00000142507
prerank,REACTOME_DEGRADATION_OF_BETA_CATENIN_BY_THE_DESTRUCTION_COMPLEX,0.5368713372858612,2.608127699420536,0.0,1.1703686271889944e-05,0.0002,22/71,2.47%,ENSG00000130706;ENSG00000116478;ENSG00000150991;ENSG00000100902;ENSG00000100804;ENSG00000087191;ENSG00000100764;ENSG00000103035;ENSG00000175166;ENSG00000013275;ENSG00000108671;ENSG00000185627;ENSG00000173692;ENSG00000108344;ENSG00000115233;ENSG00000041357;ENSG00000101182;ENSG00000099341;ENSG00000126067;ENSG00000165916;ENSG00000105568;ENSG00000142507
prerank,REACTOME_METALLOTHIONEINS_BIND_METALS,0.9070594004947141,2.614941016359863,0.0,1.1928757161733981e-05,0.0002,8/10,8.22%,ENSG00000205358;ENSG00000125144;ENSG00000205362;ENSG00000169715;ENSG00000205364;ENSG00000125148;ENSG00000087250;ENSG00000198417
prerank,REACTOME_HEDGEHOG_OFF_STATE,0.5056322759139689,2.6163403065535653,0.0,1.2162654360983667e-05,0.0002,29/98,2.77%,ENSG00000127824;ENSG00000130706;ENSG00000150991;ENSG00000100902;ENSG00000100804;ENSG00000087191;ENSG00000088826;ENSG00000100764;ENSG00000103035;ENSG00000175166;ENSG00000013275;ENSG00000108671;ENSG00000185627;ENSG00000087460;ENSG00000173692;ENSG00000108344;ENSG00000115233;ENSG00000041357;ENSG00000167553;ENSG00000101182;ENSG00000099341;ENSG00000126067;ENSG00000165916;ENSG00000142507;ENSG00000108946;ENSG00000123416;ENSG00000072062;ENSG00000188229;ENSG00000258947
prerank,REACTOME_DOWNSTREAM_TCR_SIGNALING,0.5118832701211226,2.564261767435325,0.0,1.5007146106697586e-05,0.0003,20/83,2.47%,ENSG00000130706;ENSG00000150991;ENSG00000100902;ENSG00000100804;ENSG00000087191;ENSG00000100764;ENSG00000103035;ENSG00000175166;ENSG00000013275;ENSG00000108671;ENSG00000185627;ENSG00000173692;ENSG00000108344;ENSG00000115233;ENSG00000041357;ENSG00000101182;ENSG00000099341;ENSG00000126067;ENSG00000165916;ENSG00000142507
prerank,REACTOME_CDK_MEDIATED_PHOSPHORYLATION_AND_REMOVAL_OF_CDC6,0.5412775070347087,2.5668619256312586,0.0,1.5253164895331975e-05,0.0003,20/59,2.47%,ENSG00000130706;ENSG00000150991;ENSG00000100902;ENSG00000100804;ENSG00000087191;ENSG00000100764;ENSG00000103035;ENSG00000175166;ENSG00000013275;ENSG00000108671;ENSG00000185627;ENSG00000173692;ENSG00000108344;ENSG00000115233;ENSG00000041357;ENSG00000101182;ENSG00000099341;ENSG00000126067;ENSG00000165916;ENSG00000142507
prerank,REACTOME_CELLULAR_RESPONSE_TO_CHEMICAL_STRESS,0.45339555424445355,2.571283159699331,0.0,1.5507384310254175e-05,0.0003,45/190,2.75%,ENSG00000130706;ENSG00000171720;ENSG00000169375;ENSG00000150991;ENSG00000033050;ENSG00000136810;ENSG00000160211;ENSG00000138798;ENSG00000165672;ENSG00000108846;ENSG00000103222;ENSG00000100902;ENSG00000100804;ENSG00000087191;ENSG00000181019;ENSG00000100764;ENSG00000103035;ENSG00000070010;ENSG00000175166;ENSG00000013275;ENSG00000177156;ENSG00000108671;ENSG00000185627;ENSG00000173692;ENSG00000254986;ENSG00000108344;ENSG00000115233;ENSG00000204435;ENSG00000126432;ENSG00000041357;ENSG00000197930;ENSG00000101182;ENSG00000178741;ENSG00000084207;ENSG00000099341;ENSG00000104687;ENSG00000142657;ENSG00000126067;ENSG00000126267;ENSG00000165916;ENSG00000142507;ENSG00000165280;ENSG00000185624;ENSG00000117450;ENSG00000167815
prerank,REACTOME_G1_S_DNA_DAMAGE_CHECKPOINTS,0.5330051688686432,2.5734161495571333,0.0,1.5770221332461873e-05,0.0003,21/66,2.47%,ENSG00000130706;ENSG00000150991;ENSG00000161642;ENSG00000100902;ENSG00000100804;ENSG00000087191;ENSG00000100764;ENSG00000103035;ENSG00000175166;ENSG00000013275;ENSG00000108671;ENSG00000185627;ENSG00000173692;ENSG00000108344;ENSG00000115233;ENSG00000041357;ENSG00000101182;ENSG00000099341;ENSG00000126067;ENSG00000165916;ENSG00000142507
prerank,REACTOME_REGULATION_OF_PD_L1_CD274_POST_TRANSLATIONAL_MODIFICATION,0.5130661126377057,2.575502603618163,0.0,1.6042121700262938e-05,0.0003,27/84,3.05%,ENSG00000130706;ENSG00000150991;ENSG00000100902;ENSG00000100804;ENSG00000087191;ENSG00000100764;ENSG00000103035;ENSG00000175166;ENSG00000013275;ENSG00000108671;ENSG00000170027;ENSG00000185627;ENSG00000173692;ENSG00000108344;ENSG00000115233;ENSG00000204435;ENSG00000041357;ENSG00000101182;ENSG00000099341;ENSG00000126067;ENSG00000165916;ENSG00000142507;ENSG00000165280;ENSG00000118705;ENSG00000244038;ENSG00000135506;ENSG00000163902
prerank,REACTOME_HIV_INFECTION,0.43779843852103856,2.5525916832868547,0.0,1.938423038781772e-05,0.0004,46/213,2.67%,ENSG00000213024;ENSG00000130706;ENSG00000150991;ENSG00000149136;ENSG00000100902;ENSG00000100804;ENSG00000082898;ENSG00000087191;ENSG00000100401;ENSG00000094914;ENSG00000100764;ENSG00000103035;ENSG00000100280;ENSG00000175166;ENSG00000013275;ENSG00000108671;ENSG00000132612;ENSG00000161203;ENSG00000185627;ENSG00000173692;ENSG00000108344;ENSG00000196235;ENSG00000115233;ENSG00000137309;ENSG00000041357;ENSG00000092201;ENSG00000101182;ENSG00000108424;ENSG00000099817;ENSG00000196262;ENSG00000102900;ENSG00000132341;ENSG00000196419;ENSG00000177700;ENSG00000099341;ENSG00000130724;ENSG00000181222;ENSG00000126067;ENSG00000168496;ENSG00000165916;ENSG00000106367;ENSG00000142507;ENSG00000175334;ENSG00000143761;ENSG00000042753;ENSG00000079246
prerank,REACTOME_TRANSCRIPTIONAL_REGULATION_BY_RUNX3,0.5117470200185872,2.5591195869762715,0.0,1.9691916584449746e-05,0.0004,23/85,2.47%,ENSG00000166949;ENSG00000130706;ENSG00000168214;ENSG00000150991;ENSG00000100902;ENSG00000100804;ENSG00000087191;ENSG00000100764;ENSG00000103035;ENSG00000175166;ENSG00000013275;ENSG00000108671;ENSG00000185627;ENSG00000173692;ENSG00000108344;ENSG00000115233;ENSG00000105329;ENSG00000041357;ENSG00000101182;ENSG00000099341;ENSG00000126067;ENSG00000165916;ENSG00000142507
prerank,REACTOME_MAPK6_MAPK4_SIGNALING,0.517515753294431,2.5477788194717648,0.0,2.3857514323467966e-05,0.0005,23/74,2.57%,ENSG00000130706;ENSG00000069956;ENSG00000150991;ENSG00000100902;ENSG00000100804;ENSG00000082898;ENSG00000087191;ENSG00000100764;ENSG00000103035;ENSG00000175166;ENSG00000013275;ENSG00000108671;ENSG00000185627;ENSG00000173692;ENSG00000108344;ENSG00000115233;ENSG00000041357;ENSG00000101182;ENSG00000099341;ENSG00000126067;ENSG00000165916;ENSG00000142507;ENSG00000072062
prerank,REACTOME_ABC_FAMILY_PROTEINS_MEDIATED_TRANSPORT,0.5079716640639566,2.5372218616027906,0.0,5.169128103418058e-05,0.0009,25/87,2.99%,ENSG00000130706;ENSG00000115657;ENSG00000150991;ENSG00000108846;ENSG00000103222;ENSG00000100902;ENSG00000100804;ENSG00000087191;ENSG00000100764;ENSG00000103035;ENSG00000175166;ENSG00000013275;ENSG00000108671;ENSG00000185627;ENSG00000173692;ENSG00000108344;ENSG00000115233;ENSG00000041357;ENSG00000101182;ENSG00000099341;ENSG00000126067;ENSG00000165916;ENSG00000142507;ENSG00000165280;ENSG00000135506
prerank,REACTOME_MRNA_POLYADENYLATION,0.4685767121192229,2.5128266507174644,0.0,6.480697920703237e-05,0.0012,25/125,3.53%,ENSG00000165119;ENSG00000150991;ENSG00000125755;ENSG00000189091;ENSG00000153187;ENSG00000136450;ENSG00000213639;ENSG00000109606;ENSG00000111605;ENSG00000099783;ENSG00000087365;ENSG00000087087;ENSG00000089280;ENSG00000092199;ENSG00000135829;ENSG00000099817;ENSG00000077312;ENSG00000177700;ENSG00000104824;ENSG00000181222;ENSG00000172531;ENSG00000065978;ENSG00000122566;ENSG00000145833;ENSG00000111786
prerank,REACTOME_TNFR2_NON_CANONICAL_NF_KB_PATHWAY,0.4938088948793136,2.50796132591986,0.0,7.2975926165902e-05,0.0014,20/86,2.47%,ENSG00000130706;ENSG00000150991;ENSG00000100902;ENSG00000100804;ENSG00000087191;ENSG00000100764;ENSG00000103035;ENSG00000175166;ENSG00000013275;ENSG00000108671;ENSG00000185627;ENSG00000173692;ENSG00000108344;ENSG00000115233;ENSG00000041357;ENSG00000101182;ENSG00000099341;ENSG00000126067;ENSG00000165916;ENSG00000142507
prerank,REACTOME_RUNX1_REGULATES_TRANSCRIPTION_OF_GENES_INVOLVED_IN_DIFFERENTIATION_OF_HSCS,0.510884096752799,2.4915226855318178,0.0,8.540298605647228e-05,0.0017,21/73,2.84%,ENSG00000130706;ENSG00000150991;ENSG00000100902;ENSG00000100804;ENSG00000087191;ENSG00000100764;ENSG00000103035;ENSG00000175166;ENSG00000013275;ENSG00000108671;ENSG00000185627;ENSG00000173692;ENSG00000108344;ENSG00000115233;ENSG00000041357;ENSG00000101182;ENSG00000099341;ENSG00000126067;ENSG00000165916;ENSG00000142507;ENSG00000162367
prerank,REACTOME_APC_C_CDH1_MEDIATED_DEGRADATION_OF_CDC20_AND_OTHER_APC_C_CDH1_TARGETED_PROTEINS_IN_LATE_MITOSIS_EARLY_G1,0.523596912196939,2.4709108566212254,0.0,0.000115197712019031,0.0024,21/60,3.50%,ENSG00000130706;ENSG00000150991;ENSG00000100902;ENSG00000100804;ENSG00000087191;ENSG00000100764;ENSG00000103035;ENSG00000175166;ENSG00000013275;ENSG00000108671;ENSG00000185627;ENSG00000173692;ENSG00000108344;ENSG00000115233;ENSG00000041357;ENSG00000101182;ENSG00000099341;ENSG00000126067;ENSG00000165916;ENSG00000142507;ENSG00000164611
prerank,REACTOME_TCR_SIGNALING,0.47044646331634843,2.459529533577997,0.0,0.00013541659538531813,0.0028,22/105,2.47%,ENSG00000125753;ENSG00000130706;ENSG00000150991;ENSG00000103653;ENSG00000100902;ENSG00000100804;ENSG00000087191;ENSG00000100764;ENSG00000103035;ENSG00000175166;ENSG00000013275;ENSG00000108671;ENSG00000185627;ENSG00000173692;ENSG00000108344;ENSG00000115233;ENSG00000041357;ENSG00000101182;ENSG00000099341;ENSG00000126067;ENSG00000165916;ENSG00000142507
prerank,REACTOME_ANTIGEN_PROCESSING_CROSS_PRESENTATION,0.47648980154595416,2.4339165569836614,0.0,0.00015926502805125908,0.0035,24/94,2.93%,ENSG00000130706;ENSG00000150991;ENSG00000100902;ENSG00000100804;ENSG00000087191;ENSG00000100764;ENSG00000103035;ENSG00000175166;ENSG00000013275;ENSG00000108671;ENSG00000185627;ENSG00000173692;ENSG00000108344;ENSG00000115233;ENSG00000082781;ENSG00000041357;ENSG00000101182;ENSG00000132432;ENSG00000099341;ENSG00000126067;ENSG00000165916;ENSG00000142507;ENSG00000179218;ENSG00000167004
prerank,REACTOME_SIGNALING_BY_HEDGEHOG,0.4485022828103593,2.435610524014817,0.0,0.00015938144985539013,0.0034,35/135,4.16%,ENSG00000127824;ENSG00000130706;ENSG00000150991;ENSG00000151694;ENSG00000100902;ENSG00000100804;ENSG00000087191;ENSG00000088826;ENSG00000100764;ENSG00000103035;ENSG00000175166;ENSG00000013275;ENSG00000108671;ENSG00000185627;ENSG00000087460;ENSG00000173692;ENSG00000108344;ENSG00000115233;ENSG00000041357;ENSG00000167553;ENSG00000101182;ENSG00000099341;ENSG00000126067;ENSG00000165916;ENSG00000142507;ENSG00000108946;ENSG00000165280;ENSG00000123416;ENSG00000072062;ENSG00000188229;ENSG00000185624;ENSG00000258947;ENSG00000135506;ENSG00000129467;ENSG00000163501
prerank,REACTOME_UB_SPECIFIC_PROCESSING_PROTEASES,0.43912156984557155,2.434164292321794,0.0,0.00016144674076429006,0.0035,32/155,2.47%,ENSG00000166949;ENSG00000130706;ENSG00000167770;ENSG00000150991;ENSG00000100902;ENSG00000100804;ENSG00000078668;ENSG00000185359;ENSG00000087191;ENSG00000100764;ENSG00000103035;ENSG00000070010;ENSG00000105701;ENSG00000175166;ENSG00000013275;ENSG00000108671;ENSG00000185627;ENSG00000173692;ENSG00000108344;ENSG00000171148;ENSG00000115233;ENSG00000041357;ENSG00000100644;ENSG00000101182;ENSG00000124422;ENSG00000099341;ENSG00000111667;ENSG00000213585;ENSG00000126067;ENSG00000165916;ENSG00000165637;ENSG00000142507
prerank,REACTOME_CLEC7A_DECTIN_1_SIGNALING,0.47882160428142734,2.4200792347554296,0.0,0.0001860886117230501,0.0042,20/85,2.47%,ENSG00000130706;ENSG00000150991;ENSG00000100902;ENSG00000100804;ENSG00000087191;ENSG00000100764;ENSG00000103035;ENSG00000175166;ENSG00000013275;ENSG00000108671;ENSG00000185627;ENSG00000173692;ENSG00000108344;ENSG00000115233;ENSG00000041357;ENSG00000101182;ENSG00000099341;ENSG00000126067;ENSG00000165916;ENSG00000142507
prerank,REACTOME_RHOBTB2_GTPASE_CYCLE,0.6479794930495921,2.4180446831856233,0.0,0.00018772096796623473,0.0043,9/23,2.38%,ENSG00000138594;ENSG00000096384;ENSG00000184009;ENSG00000105401;ENSG00000092199;ENSG00000080824;ENSG00000135624;ENSG00000072110;ENSG00000146731
prerank,REACTOME_INTERLEUKIN_1_SIGNALING,0.4623590139900624,2.396853397470367,0.0,0.0002416735217182469,0.0057,23/99,2.81%,ENSG00000130706;ENSG00000150991;ENSG00000169032;ENSG00000100902;ENSG00000100804;ENSG00000087191;ENSG00000100764;ENSG00000103035;ENSG00000175166;ENSG00000013275;ENSG00000108671;ENSG00000185627;ENSG00000173692;ENSG00000108344;ENSG00000115233;ENSG00000041357;ENSG00000184216;ENSG00000101182;ENSG00000099341;ENSG00000126067;ENSG00000165916;ENSG00000142507;ENSG00000142192
prerank,REACTOME_INHIBITION_OF_THE_PROTEOLYTIC_ACTIVITY_OF_APC_C_REQUIRED_FOR_THE_ONSET_OF_ANAPHASE_BY_MITOTIC_SPINDLE_CHECKPOINT_COMPONENTS,-0.7233492060034818,-2.125197850998671,0.0,0.0002451734540894319,0.0008,13/21,14.73%,ENSG00000175063;ENSG00000156970;ENSG00000117399;ENSG00000164109;ENSG00000094880;ENSG00000141552;ENSG00000166295;ENSG00000170142;ENSG00000108106;ENSG00000154473;ENSG00000004897;ENSG00000164162;ENSG00000072401
prerank,REACTOME_RHOBTB_GTPASE_CYCLE,0.5790833636312069,2.3895783173832847,0.0,0.0002505039003964136,0.006,11/35,2.38%,ENSG00000026025;ENSG00000138594;ENSG00000096384;ENSG00000184009;ENSG00000105401;ENSG00000092199;ENSG00000080824;ENSG00000135624;ENSG00000169727;ENSG00000072110;ENSG00000146731
prerank,REACTOME_HSP90_CHAPERONE_CYCLE_FOR_STEROID_HORMONE_RECEPTORS_SHR_IN_THE_PRESENCE_OF_LIGAND,0.5146155584698874,2.3872444451624912,0.0,0.00025518480510544844,0.0062,16/55,2.77%,ENSG00000077549;ENSG00000127824;ENSG00000197102;ENSG00000175203;ENSG00000004478;ENSG00000109971;ENSG00000096384;ENSG00000168439;ENSG00000080824;ENSG00000138107;ENSG00000198898;ENSG00000167553;ENSG00000204843;ENSG00000123416;ENSG00000188229;ENSG00000258947
prerank,REACTOME_POLO_LIKE_KINASE_MEDIATED_EVENTS,-0.7616945577709846,-2.0884181988501656,0.0,0.0002819494722028467,0.0023,11/16,6.61%,ENSG00000166851;ENSG00000134057;ENSG00000189308;ENSG00000101057;ENSG00000164045;ENSG00000166483;ENSG00000117724;ENSG00000158402;ENSG00000183814;ENSG00000127564;ENSG00000157456
prerank,REACTOME_RHO_GTPASES_ACTIVATE_WASPS_AND_WAVES,0.5741458905962105,2.371332653531091,0.0,0.0003101476862050835,0.0076,11/35,2.95%,ENSG00000213672;ENSG00000115091;ENSG00000163466;ENSG00000138071;ENSG00000177885;ENSG00000184009;ENSG00000075624;ENSG00000254999;ENSG00000130429;ENSG00000241685;ENSG00000241553
prerank,REACTOME_TRANSLOCATION_OF_SLC2A4_GLUT4_TO_THE_PLASMA_MEMBRANE,0.48541433658391536,2.363689494103483,0.0,0.00032546362132632216,0.0081,18/71,2.91%,ENSG00000128245;ENSG00000127824;ENSG00000157483;ENSG00000134308;ENSG00000100345;ENSG00000197535;ENSG00000084733;ENSG00000170027;ENSG00000184009;ENSG00000108953;ENSG00000166913;ENSG00000075624;ENSG00000167553;ENSG00000143545;ENSG00000123416;ENSG00000188229;ENSG00000258947;ENSG00000103769
prerank,REACTOME_PHOSPHORYLATION_OF_THE_APC_C,-0.7204078600467008,-2.0918158757325553,0.0,0.0003371134993729689,0.0022,12/20,14.73%,ENSG00000166851;ENSG00000175063;ENSG00000134057;ENSG00000170312;ENSG00000094880;ENSG00000141552;ENSG00000166295;ENSG00000170142;ENSG00000108106;ENSG00000004897;ENSG00000164162;ENSG00000072401
prerank,REACTOME_APC_CDC20_MEDIATED_DEGRADATION_OF_NEK2A,-0.6727332201199153,-2.076499656189632,0.0,0.00034732905996002854,0.0034,17/26,14.99%,ENSG00000175063;ENSG00000156970;ENSG00000117399;ENSG00000117650;ENSG00000221983;ENSG00000164109;ENSG00000170315;ENSG00000094880;ENSG00000141552;ENSG00000166295;ENSG00000170142;ENSG00000108106;ENSG00000154473;ENSG00000004897;ENSG00000164162;ENSG00000072401;ENSG00000143947
prerank,REACTOME_MRNA_3_END_PROCESSING,0.4271289113771943,2.345068143795352,0.0,0.00039714032989675323,0.0099,26/149,3.53%,ENSG00000165119;ENSG00000150991;ENSG00000125755;ENSG00000189091;ENSG00000153187;ENSG00000136450;ENSG00000213639;ENSG00000109606;ENSG00000111605;ENSG00000099783;ENSG00000087365;ENSG00000087087;ENSG00000089280;ENSG00000092199;ENSG00000135829;ENSG00000099817;ENSG00000077312;ENSG00000177700;ENSG00000104824;ENSG00000181222;ENSG00000163634;ENSG00000172531;ENSG00000065978;ENSG00000122566;ENSG00000145833;ENSG00000111786
prerank,REACTOME_MITOTIC_SPINDLE_CHECKPOINT,-0.533518564112574,-2.1001480513334387,0.0,0.00040862242348238656,0.002,53/110,15.15%,ENSG00000166851;ENSG00000175063;ENSG00000143228;ENSG00000115163;ENSG00000178999;ENSG00000089685;ENSG00000156970;ENSG00000134690;ENSG00000152253;ENSG00000138778;ENSG00000142945;ENSG00000080986;ENSG00000117399;ENSG00000153044;ENSG00000102384;ENSG00000137812;ENSG00000121621;ENSG00000117724;ENSG00000174442;ENSG00000161888;ENSG00000129810;ENSG00000072864;ENSG00000120334;ENSG00000166451;ENSG00000175216;ENSG00000184445;ENSG00000157020;ENSG00000149636;ENSG00000164109;ENSG00000123219;ENSG00000068971;ENSG00000154839;ENSG00000186871;ENSG00000151725;ENSG00000075188;ENSG00000094880;ENSG00000175279;ENSG00000169679;ENSG00000141552;ENSG00000040275;ENSG00000163535;ENSG00000104695;ENSG00000166295;ENSG00000170142;ENSG00000108106;ENSG00000177954;ENSG00000088986;ENSG00000154473;ENSG00000004897;ENSG00000164162;ENSG00000072401;ENSG00000113575;ENSG00000117697
prerank,REACTOME_SWITCHING_OF_ORIGINS_TO_A_POST_REPLICATIVE_STATE,0.46923240911414427,2.336880926234291,0.0,0.0004371961359758406,0.0109,22/77,2.73%,ENSG00000130706;ENSG00000150991;ENSG00000100902;ENSG00000100804;ENSG00000087191;ENSG00000100764;ENSG00000103035;ENSG00000175166;ENSG00000013275;ENSG00000108671;ENSG00000185627;ENSG00000173692;ENSG00000108344;ENSG00000115233;ENSG00000041357;ENSG00000101182;ENSG00000099341;ENSG00000126067;ENSG00000165916;ENSG00000142507;ENSG00000104738;ENSG00000112118
prerank,REACTOME_ACTIVATION_OF_APC_C_AND_APC_C_CDC20_MEDIATED_DEGRADATION_OF_MITOTIC_PROTEINS,0.4860581224733502,2.32342946019407,0.0,0.0005427584508588961,0.0138,21/63,3.50%,ENSG00000130706;ENSG00000150991;ENSG00000100902;ENSG00000100804;ENSG00000087191;ENSG00000100764;ENSG00000103035;ENSG00000175166;ENSG00000013275;ENSG00000108671;ENSG00000185627;ENSG00000173692;ENSG00000108344;ENSG00000115233;ENSG00000041357;ENSG00000101182;ENSG00000099341;ENSG00000126067;ENSG00000165916;ENSG00000142507;ENSG00000164611
prerank,REACTOME_DEUBIQUITINATION,0.3967817266119948,2.3218877660444917,0.0,0.0005473194462442651,0.0141,41/231,2.51%,ENSG00000166949;ENSG00000130706;ENSG00000167770;ENSG00000067560;ENSG00000158019;ENSG00000150991;ENSG00000145901;ENSG00000100902;ENSG00000100804;ENSG00000078668;ENSG00000185359;ENSG00000087191;ENSG00000100764;ENSG00000103035;ENSG00000070010;ENSG00000105701;ENSG00000175166;ENSG00000013275;ENSG00000108671;ENSG00000185627;ENSG00000173692;ENSG00000108344;ENSG00000171148;ENSG00000115233;ENSG00000105329;ENSG00000075624;ENSG00000172534;ENSG00000041357;ENSG00000100644;ENSG00000101182;ENSG00000124422;ENSG00000099341;ENSG00000179262;ENSG00000111667;ENSG00000213585;ENSG00000126067;ENSG00000165916;ENSG00000129559;ENSG00000165637;ENSG00000142507;ENSG00000165280
prerank,REACTOME_PARASITE_INFECTION,0.4377735798255563,2.306958683172027,0.0,0.0006563590568526186,0.0172,29/111,8.71%,ENSG00000213672;ENSG00000157483;ENSG00000115091;ENSG00000163466;ENSG00000138071;ENSG00000100345;ENSG00000177885;ENSG00000197535;ENSG00000241244;ENSG00000184009;ENSG00000075624;ENSG00000254999;ENSG00000130429;ENSG00000241685;ENSG00000242534;ENSG00000244116;ENSG00000241553;ENSG00000239571;ENSG00000243290;ENSG00000240382;ENSG00000243238;ENSG00000203747;ENSG00000241351;ENSG00000240864;ENSG00000239951;ENSG00000000938;ENSG00000211653;ENSG00000211652;ENSG00000160654
prerank,REACTOME_EPHB_MEDIATED_FORWARD_SIGNALING,0.5313403515868542,2.303300708044777,0.0,0.0006808989432778269,0.0181,12/42,2.95%,ENSG00000067560;ENSG00000115091;ENSG00000163466;ENSG00000138071;ENSG00000184009;ENSG00000174775;ENSG00000172757;ENSG00000075624;ENSG00000130429;ENSG00000106683;ENSG00000241685;ENSG00000241553
prerank,REACTOME_GLUCOSE_METABOLISM,0.4619795674948406,2.2942013967490436,0.0,0.0007471739713122466,0.02,20/81,3.01%,ENSG00000213024;ENSG00000067057;ENSG00000170525;ENSG00000109107;ENSG00000114268;ENSG00000094914;ENSG00000108515;ENSG00000152556;ENSG00000141349;ENSG00000111669;ENSG00000102900;ENSG00000141959;ENSG00000074800;ENSG00000102144;ENSG00000111640;ENSG00000105568;ENSG00000105220;ENSG00000072062;ENSG00000111674;ENSG00000131482
prerank,REACTOME_RESPONSE_OF_EIF2AK4_GCN2_TO_AMINO_ACID_DEFICIENCY,-0.521838603486692,-2.0309061740942975,0.0,0.0008318385049462869,0.0089,68/97,34.03%,ENSG00000105640;ENSG00000198755;ENSG00000149806;ENSG00000221983;ENSG00000115268;ENSG00000136942;ENSG00000105372;ENSG00000177600;ENSG00000089157;ENSG00000130255;ENSG00000162244;ENSG00000182899;ENSG00000162772;ENSG00000154059;ENSG00000109475;ENSG00000142541;ENSG00000137818;ENSG00000172809;ENSG00000142676;ENSG00000131469;ENSG00000110700;ENSG00000167526;ENSG00000142534;ENSG00000177954;ENSG00000144713;ENSG00000163923;ENSG00000116251;ENSG00000063177;ENSG00000100316;ENSG00000185088;ENSG00000153879;ENSG00000156482;ENSG00000140988;ENSG00000171858;ENSG00000071082;ENSG00000108298;ENSG00000143947;ENSG00000148303;ENSG00000125691;ENSG00000265681;ENSG00000165496;ENSG00000197728;ENSG00000118181;ENSG00000124614;ENSG00000161016;ENSG00000037241;ENSG00000145592;ENSG00000149273;ENSG00000188846;ENSG00000108107;ENSG00000125977;ENSG00000161970;ENSG00000105193;ENSG00000163584;ENSG00000197756;ENSG00000229117;ENSG00000198242;ENSG00000145425;ENSG00000101255;ENSG00000138326;ENSG00000134419;ENSG00000170889;ENSG00000083845;ENSG00000140986;ENSG00000197958;ENSG00000171863;ENSG00000089009;ENSG00000137154
prerank,REACTOME_BETA_CATENIN_INDEPENDENT_WNT_SIGNALING,0.42279488283027344,2.2814314948862138,0.0,0.0008468077275037672,0.0227,27/130,2.55%,ENSG00000130706;ENSG00000067560;ENSG00000150991;ENSG00000149782;ENSG00000100902;ENSG00000100804;ENSG00000078369;ENSG00000087191;ENSG00000100764;ENSG00000103035;ENSG00000175166;ENSG00000013275;ENSG00000108671;ENSG00000161203;ENSG00000185627;ENSG00000173692;ENSG00000108344;ENSG00000141367;ENSG00000115233;ENSG00000041357;ENSG00000101182;ENSG00000108518;ENSG00000099341;ENSG00000126067;ENSG00000165916;ENSG00000142507;ENSG00000042753
prerank,REACTOME_PTEN_REGULATION,0.4256970146994367,2.2767379643679475,0.0,0.0008511830943628403,0.023,25/123,2.47%,ENSG00000130706;ENSG00000111642;ENSG00000171720;ENSG00000116478;ENSG00000150991;ENSG00000140464;ENSG00000100902;ENSG00000100804;ENSG00000087191;ENSG00000100764;ENSG00000103035;ENSG00000175166;ENSG00000013275;ENSG00000108671;ENSG00000185627;ENSG00000173692;ENSG00000108344;ENSG00000115233;ENSG00000204435;ENSG00000041357;ENSG00000101182;ENSG00000099341;ENSG00000126067;ENSG00000165916;ENSG00000142507
prerank,REACTOME_CYCLIN_A_CDK2_ASSOCIATED_EVENTS_AT_S_PHASE_ENTRY,0.4598616430769931,2.2658440755338107,0.0,0.0009236266259514025,0.0252,20/74,2.47%,ENSG00000130706;ENSG00000150991;ENSG00000100902;ENSG00000100804;ENSG00000087191;ENSG00000100764;ENSG00000103035;ENSG00000175166;ENSG00000013275;ENSG00000108671;ENSG00000185627;ENSG00000173692;ENSG00000108344;ENSG00000115233;ENSG00000041357;ENSG00000101182;ENSG00000099341;ENSG00000126067;ENSG00000165916;ENSG00000142507
prerank,REACTOME_STAT3_NUCLEAR_EVENTS_DOWNSTREAM_OF_ALK_SIGNALING,0.7553008364390676,2.2567653846291393,0.0,0.0010383205146865836,0.0284,4/11,1.91%,ENSG00000171720;ENSG00000116478;ENSG00000169375;ENSG00000100644
prerank,REACTOME_INTERLEUKIN_1_FAMILY_SIGNALING,0.4131509828552348,2.237281953579725,0.0,0.00123725582346329,0.0341,24/135,2.81%,ENSG00000166949;ENSG00000130706;ENSG00000150991;ENSG00000169032;ENSG00000100902;ENSG00000100804;ENSG00000087191;ENSG00000100764;ENSG00000103035;ENSG00000175166;ENSG00000013275;ENSG00000108671;ENSG00000185627;ENSG00000173692;ENSG00000108344;ENSG00000115233;ENSG00000041357;ENSG00000184216;ENSG00000101182;ENSG00000099341;ENSG00000126067;ENSG00000165916;ENSG00000142507;ENSG00000142192
prerank,REACTOME_FC_EPSILON_RECEPTOR_FCERI_SIGNALING,0.3999103219492305,2.228205060419442,0.0,0.0013164779446364714,0.0368,32/167,5.86%,ENSG00000130706;ENSG00000150991;ENSG00000100902;ENSG00000100804;ENSG00000087191;ENSG00000100764;ENSG00000177885;ENSG00000103035;ENSG00000241244;ENSG00000175166;ENSG00000013275;ENSG00000108671;ENSG00000185627;ENSG00000174775;ENSG00000173692;ENSG00000108344;ENSG00000115233;ENSG00000041357;ENSG00000101182;ENSG00000099341;ENSG00000126067;ENSG00000165916;ENSG00000142507;ENSG00000242534;ENSG00000244116;ENSG00000239571;ENSG00000243290;ENSG00000240382;ENSG00000243238;ENSG00000241351;ENSG00000240864;ENSG00000131196
prerank,REACTOME_FCGAMMA_RECEPTOR_FCGR_DEPENDENT_PHAGOCYTOSIS,0.4075796452782425,2.225010363378563,0.0,0.0013254732694659359,0.0375,29/138,5.49%,ENSG00000213672;ENSG00000157483;ENSG00000115091;ENSG00000163466;ENSG00000138071;ENSG00000100345;ENSG00000177885;ENSG00000197535;ENSG00000241244;ENSG00000096384;ENSG00000184009;ENSG00000080824;ENSG00000172757;ENSG00000075624;ENSG00000254999;ENSG00000130429;ENSG00000106683;ENSG00000241685;ENSG00000242534;ENSG00000244116;ENSG00000241553;ENSG00000239571;ENSG00000171132;ENSG00000243290;ENSG00000240382;ENSG00000243238;ENSG00000203747;ENSG00000241351;ENSG00000240864
prerank,REACTOME_SARS_COV_1_TARGETS_HOST_INTRACELLULAR_SIGNALLING_AND_REGULATORY_PATHWAYS,0.6609203121396291,2.2212237015967937,0.0,0.0013827417676643306,0.0395,6/16,1.67%,ENSG00000128245;ENSG00000166949;ENSG00000134308;ENSG00000170027;ENSG00000108953;ENSG00000166913
prerank,REACTOME_FOLDING_OF_ACTIN_BY_CCT_TRIC,0.7700546518630208,2.2150309105515036,0.0011811023622047244,0.0014835930556614302,0.0429,6/10,2.38%,ENSG00000156261;ENSG00000075624;ENSG00000150753;ENSG00000135624;ENSG00000163468;ENSG00000146731
prerank,REACTOME_CONSTITUTIVE_SIGNALING_BY_EGFRVIII,0.6713566271058781,2.209955567469391,0.0,0.001534914569484342,0.0447,5/15,1.66%,ENSG00000138798;ENSG00000177885;ENSG00000174775;ENSG00000105401;ENSG00000080824
prerank,REACTOME_CONVERSION_FROM_APC_C_CDC20_TO_APC_C_CDH1_IN_LATE_ANAPHASE,-0.6879102099024506,-1.999225838172413,0.0,0.0015553190993798337,0.0189,11/20,14.73%,ENSG00000175063;ENSG00000117399;ENSG00000094880;ENSG00000141552;ENSG00000079335;ENSG00000166295;ENSG00000170142;ENSG00000108106;ENSG00000004897;ENSG00000164162;ENSG00000072401
prerank,REACTOME_DENGUE_VIRUS_INFECTION,0.364486278202388,2.1954455995216593,0.0,0.0017543707502509771,0.0519,58/350,3.08%,ENSG00000165119;ENSG00000109519;ENSG00000150991;ENSG00000144028;ENSG00000125755;ENSG00000132792;ENSG00000140464;ENSG00000026025;ENSG00000108883;ENSG00000189091;ENSG00000082898;ENSG00000197548;ENSG00000174231;ENSG00000153187;ENSG00000070010;ENSG00000136450;ENSG00000109606;ENSG00000111605;ENSG00000124145;ENSG00000109971;ENSG00000096384;ENSG00000161203;ENSG00000115053;ENSG00000130985;ENSG00000099783;ENSG00000006712;ENSG00000087365;ENSG00000087087;ENSG00000089280;ENSG00000092199;ENSG00000080824;ENSG00000110321;ENSG00000135829;ENSG00000115677;ENSG00000108424;ENSG00000099817;ENSG00000177700;ENSG00000104824;ENSG00000114867;ENSG00000127022;ENSG00000181222;ENSG00000065978;ENSG00000165280;ENSG00000063660;ENSG00000042753;ENSG00000122566;ENSG00000185624;ENSG00000145833;ENSG00000118705;ENSG00000105438;ENSG00000179218;ENSG00000182481;ENSG00000162367;ENSG00000167004;ENSG00000244038;ENSG00000122884;ENSG00000163902;ENSG00000072682
prerank,REACTOME_APC_C_CDC20_MEDIATED_DEGRADATION_OF_CYCLIN_B,-0.655003071977693,-1.9881191140432661,0.0,0.001866042400569565,0.0252,15/24,14.99%,ENSG00000175063;ENSG00000134057;ENSG00000117399;ENSG00000170312;ENSG00000221983;ENSG00000170315;ENSG00000094880;ENSG00000141552;ENSG00000166295;ENSG00000170142;ENSG00000108106;ENSG00000004897;ENSG00000164162;ENSG00000072401;ENSG00000143947
prerank,REACTOME_NEUTROPHIL_DEGRANULATION,0.3495027467843127,2.177312552319792,0.0,0.0020779894975740594,0.0617,75/463,4.59%,ENSG00000131236;ENSG00000131504;ENSG00000014216;ENSG00000214078;ENSG00000170515;ENSG00000109107;ENSG00000067560;ENSG00000156261;ENSG00000035403;ENSG00000140575;ENSG00000136279;ENSG00000026508;ENSG00000059804;ENSG00000138071;ENSG00000177119;ENSG00000197102;ENSG00000100994;ENSG00000197548;ENSG00000075785;ENSG00000182718;ENSG00000197694;ENSG00000103035;ENSG00000084733;ENSG00000197746;ENSG00000175166;ENSG00000013563;ENSG00000131473;ENSG00000109971;ENSG00000108671;ENSG00000096384;ENSG00000185627;ENSG00000030582;ENSG00000173692;ENSG00000108344;ENSG00000117984;ENSG00000111144;ENSG00000115233;ENSG00000080824;ENSG00000164733;ENSG00000204435;ENSG00000196743;ENSG00000160213;ENSG00000115073;ENSG00000185883;ENSG00000064601;ENSG00000116260;ENSG00000137845;ENSG00000100243;ENSG00000110917;ENSG00000108424;ENSG00000101152;ENSG00000196262;ENSG00000103187;ENSG00000106244;ENSG00000196419;ENSG00000141959;ENSG00000084207;ENSG00000165916;ENSG00000165280;ENSG00000105220;ENSG00000140319;ENSG00000188229;ENSG00000164062;ENSG00000013364;ENSG00000079246;ENSG00000170043;ENSG00000079739;ENSG00000244038;ENSG00000135404;ENSG00000163191;ENSG00000171049;ENSG00000167613;ENSG00000234745;ENSG00000134762;ENSG00000235568
prerank,REACTOME_RESPIRATORY_SYNCYTIAL_VIRUS_RSV_GENOME_REPLICATION_TRANSCRIPTION_AND_TRANSLATION,0.6410019551885147,2.1659833146662053,0.0,0.002225765748060011,0.0669,8/16,2.45%,ENSG00000082898;ENSG00000213639;ENSG00000109971;ENSG00000096384;ENSG00000080824;ENSG00000204435;ENSG00000108424;ENSG00000172531
prerank,REACTOME_MITOTIC_G2_G2_M_PHASES,0.3819662770739697,2.1665822120985236,0.0,0.002235519956012879,0.0665,42/189,2.86%,ENSG00000127824;ENSG00000214517;ENSG00000130706;ENSG00000130640;ENSG00000150991;ENSG00000139289;ENSG00000101367;ENSG00000197102;ENSG00000100902;ENSG00000100804;ENSG00000082898;ENSG00000087191;ENSG00000175203;ENSG00000100764;ENSG00000103035;ENSG00000213639;ENSG00000175166;ENSG00000013275;ENSG00000108671;ENSG00000096384;ENSG00000170027;ENSG00000185627;ENSG00000173692;ENSG00000108344;ENSG00000115233;ENSG00000080824;ENSG00000108953;ENSG00000138107;ENSG00000041357;ENSG00000167553;ENSG00000101182;ENSG00000099341;ENSG00000126067;ENSG00000165916;ENSG00000105568;ENSG00000204843;ENSG00000142507;ENSG00000123416;ENSG00000072062;ENSG00000188229;ENSG00000258947;ENSG00000131462
prerank,REACTOME_C_TYPE_LECTIN_RECEPTORS_CLRS,0.40292225754098654,2.152121647892427,0.0,0.0025082817729013065,0.0752,22/123,2.57%,ENSG00000130706;ENSG00000150991;ENSG00000100902;ENSG00000100804;ENSG00000087191;ENSG00000100764;ENSG00000103035;ENSG00000175166;ENSG00000013275;ENSG00000108671;ENSG00000185627;ENSG00000174775;ENSG00000173692;ENSG00000108344;ENSG00000115233;ENSG00000041357;ENSG00000101182;ENSG00000099341;ENSG00000126067;ENSG00000165916;ENSG00000142507;ENSG00000072062
prerank,REACTOME_EARLY_PHASE_OF_HIV_LIFE_CYCLE,0.654614487418325,2.148116031582243,0.000894054537326777,0.0025885403040962736,0.0783,6/14,2.67%,ENSG00000137309;ENSG00000196262;ENSG00000196419;ENSG00000168496;ENSG00000175334;ENSG00000079246
prerank,REACTOME_REGULATION_OF_HOMOTYPIC_CELL_CELL_ADHESION,0.37918695474421255,2.142597200355531,0.0,0.0027174844886540647,0.0826,36/173,3.07%,ENSG00000130706;ENSG00000116478;ENSG00000150991;ENSG00000035403;ENSG00000044115;ENSG00000100902;ENSG00000100804;ENSG00000079805;ENSG00000087191;ENSG00000100764;ENSG00000103035;ENSG00000175166;ENSG00000013275;ENSG00000108671;ENSG00000185627;ENSG00000184009;ENSG00000173692;ENSG00000108344;ENSG00000115233;ENSG00000164733;ENSG00000204435;ENSG00000075624;ENSG00000041357;ENSG00000101182;ENSG00000099341;ENSG00000129351;ENSG00000127022;ENSG00000127616;ENSG00000126067;ENSG00000089597;ENSG00000165916;ENSG00000142507;ENSG00000118705;ENSG00000244038;ENSG00000163902;ENSG00000125798
prerank,REACTOME_RECYCLING_PATHWAY_OF_L1,0.4763462508718977,2.1385044194780773,0.0,0.002794255097413724,0.085,14/48,2.82%,ENSG00000127824;ENSG00000079805;ENSG00000147065;ENSG00000161203;ENSG00000092964;ENSG00000184009;ENSG00000141367;ENSG00000075624;ENSG00000167553;ENSG00000123416;ENSG00000042753;ENSG00000188229;ENSG00000258947;ENSG00000198910
prerank,REACTOME_G2_M_CHECKPOINTS,0.3898293242381576,2.1231065050768665,0.0,0.003153651239169447,0.0957,29/130,2.73%,ENSG00000128245;ENSG00000130706;ENSG00000158019;ENSG00000150991;ENSG00000134308;ENSG00000100902;ENSG00000100804;ENSG00000087191;ENSG00000100764;ENSG00000103035;ENSG00000175166;ENSG00000013275;ENSG00000108671;ENSG00000170027;ENSG00000185627;ENSG00000173692;ENSG00000108344;ENSG00000115233;ENSG00000108953;ENSG00000166913;ENSG00000041357;ENSG00000101182;ENSG00000099341;ENSG00000126067;ENSG00000165916;ENSG00000142507;ENSG00000104738;ENSG00000132383;ENSG00000112118
prerank,REACTOME_DEFECTIVE_INTRINSIC_PATHWAY_FOR_APOPTOSIS,0.5598998823738716,2.113931683008246,0.0,0.0034374701887730083,0.1049,9/24,3.11%,ENSG00000014216;ENSG00000108953;ENSG00000160789;ENSG00000108561;ENSG00000126247;ENSG00000117450;ENSG00000167815;ENSG00000142192;ENSG00000162909
prerank,REACTOME_APC_C_MEDIATED_DEGRADATION_OF_CELL_CYCLE_PROTEINS,0.4250043818026961,2.10293319884493,0.0,0.003713236059611321,0.1135,21/74,3.50%,ENSG00000130706;ENSG00000150991;ENSG00000100902;ENSG00000100804;ENSG00000087191;ENSG00000100764;ENSG00000103035;ENSG00000175166;ENSG00000013275;ENSG00000108671;ENSG00000185627;ENSG00000173692;ENSG00000108344;ENSG00000115233;ENSG00000041357;ENSG00000101182;ENSG00000099341;ENSG00000126067;ENSG00000165916;ENSG00000142507;ENSG00000164611
prerank,REACTOME_FORMATION_OF_TUBULIN_FOLDING_INTERMEDIATES_BY_CCT_TRIC,0.5449264124959032,2.09944981659651,0.0,0.0037978993938022495,0.1165,10/26,2.77%,ENSG00000127824;ENSG00000156261;ENSG00000167553;ENSG00000150753;ENSG00000135624;ENSG00000163468;ENSG00000146731;ENSG00000123416;ENSG00000188229;ENSG00000258947
prerank,REACTOME_TRANSCRIPTIONAL_REGULATION_BY_RUNX2,0.4056540113301375,2.0955280056773415,0.0,0.003889419632409696,0.1197,22/101,3.03%,ENSG00000130706;ENSG00000171720;ENSG00000150991;ENSG00000100902;ENSG00000100804;ENSG00000087191;ENSG00000100764;ENSG00000103035;ENSG00000175166;ENSG00000013275;ENSG00000108671;ENSG00000185627;ENSG00000173692;ENSG00000108344;ENSG00000115233;ENSG00000041357;ENSG00000101182;ENSG00000099341;ENSG00000126067;ENSG00000165916;ENSG00000142507;ENSG00000164107
prerank,REACTOME_DISORDERS_OF_TRANSMEMBRANE_TRANSPORTERS,0.373048591298379,2.0926365790754566,0.0,0.00396269052642388,0.1227,28/159,2.99%,ENSG00000213024;ENSG00000130706;ENSG00000117394;ENSG00000115657;ENSG00000150991;ENSG00000100902;ENSG00000100804;ENSG00000087191;ENSG00000094914;ENSG00000100764;ENSG00000103035;ENSG00000175166;ENSG00000013275;ENSG00000108671;ENSG00000185627;ENSG00000173692;ENSG00000172270;ENSG00000108344;ENSG00000115233;ENSG00000041357;ENSG00000101182;ENSG00000102900;ENSG00000099341;ENSG00000126067;ENSG00000165916;ENSG00000142507;ENSG00000165280;ENSG00000135506
prerank,REACTOME_DENGUE_VIRUS_HOST_INTERACTIONS,0.35691613155544577,2.0914792462442473,0.0,0.003966047845719873,0.1238,34/242,2.84%,ENSG00000165119;ENSG00000109519;ENSG00000144028;ENSG00000125755;ENSG00000132792;ENSG00000140464;ENSG00000026025;ENSG00000108883;ENSG00000189091;ENSG00000174231;ENSG00000153187;ENSG00000136450;ENSG00000109606;ENSG00000111605;ENSG00000124145;ENSG00000109971;ENSG00000096384;ENSG00000099783;ENSG00000006712;ENSG00000087365;ENSG00000087087;ENSG00000089280;ENSG00000092199;ENSG00000080824;ENSG00000135829;ENSG00000099817;ENSG00000177700;ENSG00000104824;ENSG00000181222;ENSG00000065978;ENSG00000063660;ENSG00000122566;ENSG00000145833;ENSG00000162367
prerank,REACTOME_MRNA_SPLICING_MINOR_PATHWAY,0.4601365277397416,2.080975773087526,0.0,0.004317582263223399,0.1347,10/49,2.46%,ENSG00000144028;ENSG00000108883;ENSG00000189091;ENSG00000174231;ENSG00000136450;ENSG00000087365;ENSG00000099817;ENSG00000177700;ENSG00000181222;ENSG00000065978
prerank,REACTOME_SRP_DEPENDENT_COTRANSLATIONAL_PROTEIN_TARGETING_TO_MEMBRANE,-0.4898913406413665,-1.9336492513807415,0.0,0.004633778282290263,0.0659,72/108,29.50%,ENSG00000163479;ENSG00000180879;ENSG00000105640;ENSG00000118363;ENSG00000198755;ENSG00000149806;ENSG00000221983;ENSG00000143742;ENSG00000115268;ENSG00000136942;ENSG00000105372;ENSG00000124783;ENSG00000114850;ENSG00000177600;ENSG00000089157;ENSG00000130255;ENSG00000166562;ENSG00000162244;ENSG00000182899;ENSG00000114902;ENSG00000109475;ENSG00000142541;ENSG00000137818;ENSG00000172809;ENSG00000142676;ENSG00000131469;ENSG00000110700;ENSG00000167526;ENSG00000142534;ENSG00000177954;ENSG00000144713;ENSG00000129128;ENSG00000106803;ENSG00000163923;ENSG00000116251;ENSG00000063177;ENSG00000100316;ENSG00000185088;ENSG00000156482;ENSG00000140988;ENSG00000171858;ENSG00000071082;ENSG00000108298;ENSG00000144867;ENSG00000143947;ENSG00000148303;ENSG00000125691;ENSG00000265681;ENSG00000165496;ENSG00000197728;ENSG00000118181;ENSG00000124614;ENSG00000161016;ENSG00000067167;ENSG00000182934;ENSG00000037241;ENSG00000145592;ENSG00000149273;ENSG00000058262;ENSG00000188846;ENSG00000108107;ENSG00000140612;ENSG00000161970;ENSG00000105193;ENSG00000163584;ENSG00000197756;ENSG00000229117;ENSG00000198242;ENSG00000145425;ENSG00000138326;ENSG00000134419;ENSG00000170889
prerank,REACTOME_CONSTITUTIVE_SIGNALING_BY_LIGAND_RESPONSIVE_EGFR_CANCER_VARIANTS,0.5856223058558202,2.071088864945755,0.0009638554216867469,0.004638730611067335,0.1444,6/19,1.66%,ENSG00000150991;ENSG00000138798;ENSG00000177885;ENSG00000174775;ENSG00000105401;ENSG00000080824
prerank,REACTOME_SARS_COV_2_TARGETS_HOST_INTRACELLULAR_SIGNALLING_AND_REGULATORY_PATHWAYS,0.6724770332777965,2.067394041586785,0.0037799244015119695,0.004697279486798358,0.1485,5/12,1.67%,ENSG00000128245;ENSG00000134308;ENSG00000170027;ENSG00000108953;ENSG00000166913
prerank,REACTOME_PROCESSING_OF_CAPPED_INTRON_CONTAINING_PRE_MRNA,0.35083106512390316,2.06801853352696,0.0,0.004705689032077129,0.1474,37/287,2.65%,ENSG00000119392;ENSG00000213024;ENSG00000165119;ENSG00000130520;ENSG00000150991;ENSG00000144028;ENSG00000125755;ENSG00000132792;ENSG00000108883;ENSG00000189091;ENSG00000104783;ENSG00000183258;ENSG00000094914;ENSG00000174231;ENSG00000153187;ENSG00000136450;ENSG00000213639;ENSG00000109606;ENSG00000111605;ENSG00000109971;ENSG00000099783;ENSG00000087365;ENSG00000087087;ENSG00000089280;ENSG00000092199;ENSG00000135829;ENSG00000099817;ENSG00000102900;ENSG00000077312;ENSG00000177700;ENSG00000104824;ENSG00000181222;ENSG00000163634;ENSG00000172531;ENSG00000065978;ENSG00000122566;ENSG00000145833
prerank,REACTOME_RIBOSOME_QUALITY_CONTROL_RQC_COMPLEX_EXTRACTS_AND_DEGRADES_NASCENT_PEPTIDE,0.39837000102863157,2.0643582069127495,0.0,0.004773120323291793,0.1519,23/100,2.51%,ENSG00000130706;ENSG00000150991;ENSG00000163516;ENSG00000100902;ENSG00000100804;ENSG00000087191;ENSG00000100764;ENSG00000103035;ENSG00000070010;ENSG00000175166;ENSG00000013275;ENSG00000108671;ENSG00000185627;ENSG00000173692;ENSG00000108344;ENSG00000115233;ENSG00000041357;ENSG00000101182;ENSG00000099341;ENSG00000126067;ENSG00000165916;ENSG00000142507;ENSG00000165280
prerank,REACTOME_CITRIC_ACID_CYCLE_TCA_CYCLE,0.5040076716714034,2.062537570939194,0.0006305170239596469,0.004832048825413654,0.1548,10/34,2.44%,ENSG00000166411;ENSG00000073578;ENSG00000062485;ENSG00000143252;ENSG00000067829;ENSG00000101365;ENSG00000105953;ENSG00000136143;ENSG00000100412;ENSG00000126602
prerank,REACTOME_SIGNALING_BY_MODERATE_KINASE_ACTIVITY_BRAF_MUTANTS,0.4702765428767558,2.0612262357542557,0.0,0.004840888468851012,0.1563,10/44,2.01%,ENSG00000137076;ENSG00000169032;ENSG00000035403;ENSG00000140575;ENSG00000103653;ENSG00000184009;ENSG00000174775;ENSG00000166913;ENSG00000075624;ENSG00000167085
prerank,REACTOME_ADHERENS_JUNCTIONS_INTERACTIONS,0.3567703725190173,2.052413681240158,0.0,0.0050970992691901015,0.165,36/194,3.07%,ENSG00000130706;ENSG00000116478;ENSG00000150991;ENSG00000035403;ENSG00000044115;ENSG00000100902;ENSG00000100804;ENSG00000079805;ENSG00000087191;ENSG00000100764;ENSG00000103035;ENSG00000175166;ENSG00000013275;ENSG00000108671;ENSG00000185627;ENSG00000184009;ENSG00000173692;ENSG00000108344;ENSG00000115233;ENSG00000164733;ENSG00000204435;ENSG00000075624;ENSG00000041357;ENSG00000101182;ENSG00000099341;ENSG00000129351;ENSG00000127022;ENSG00000127616;ENSG00000126067;ENSG00000089597;ENSG00000165916;ENSG00000142507;ENSG00000118705;ENSG00000244038;ENSG00000163902;ENSG00000125798
prerank,REACTOME_SELECTIVE_AUTOPHAGY,0.40504547999461754,2.0524929603634283,0.0,0.005136660852520555,0.165,19/87,2.77%,ENSG00000127824;ENSG00000116688;ENSG00000150991;ENSG00000026025;ENSG00000197102;ENSG00000078668;ENSG00000109971;ENSG00000080824;ENSG00000204435;ENSG00000167553;ENSG00000198925;ENSG00000213585;ENSG00000116288;ENSG00000165637;ENSG00000165280;ENSG00000123416;ENSG00000105355;ENSG00000188229;ENSG00000258947
prerank,REACTOME_CELL_CELL_COMMUNICATION,0.34050479217367197,2.0442298353911523,0.0,0.005222021507266987,0.1765,49/287,3.83%,ENSG00000166333;ENSG00000125753;ENSG00000130706;ENSG00000116478;ENSG00000150991;ENSG00000035403;ENSG00000044115;ENSG00000140575;ENSG00000178209;ENSG00000188677;ENSG00000100902;ENSG00000100804;ENSG00000079805;ENSG00000087191;ENSG00000100764;ENSG00000177885;ENSG00000197694;ENSG00000103035;ENSG00000175166;ENSG00000013275;ENSG00000108671;ENSG00000185627;ENSG00000184009;ENSG00000173692;ENSG00000108344;ENSG00000196924;ENSG00000115233;ENSG00000130402;ENSG00000164733;ENSG00000204435;ENSG00000075624;ENSG00000041357;ENSG00000177697;ENSG00000101182;ENSG00000099341;ENSG00000072110;ENSG00000129351;ENSG00000127022;ENSG00000127616;ENSG00000126067;ENSG00000089597;ENSG00000165916;ENSG00000142507;ENSG00000118705;ENSG00000244038;ENSG00000163902;ENSG00000125798;ENSG00000116218;ENSG00000137203
prerank,REACTOME_MAP2K_AND_MAPK_ACTIVATION,0.4825321672206669,2.0449543529463403,0.0,0.005231319175912306,0.1755,9/39,1.75%,ENSG00000137076;ENSG00000169032;ENSG00000035403;ENSG00000140575;ENSG00000103653;ENSG00000184009;ENSG00000174775;ENSG00000166913;ENSG00000075624
prerank,REACTOME_COOPERATION_OF_PREFOLDIN_AND_TRIC_CCT_IN_ACTIN_AND_TUBULIN_FOLDING,0.4999121105360593,2.046781845749801,0.0006265664160401002,0.005235588321890576,0.1734,11/33,2.77%,ENSG00000127824;ENSG00000156261;ENSG00000075624;ENSG00000167553;ENSG00000150753;ENSG00000135624;ENSG00000163468;ENSG00000146731;ENSG00000123416;ENSG00000188229;ENSG00000258947
prerank,REACTOME_CASPASE_MEDIATED_CLEAVAGE_OF_CYTOSKELETAL_PROTEINS,0.6666189751777023,2.0485703710016896,0.0016927634363097758,0.005259903035965887,0.1709,5/12,1.16%,ENSG00000136279;ENSG00000026025;ENSG00000178209;ENSG00000087274;ENSG00000197694
prerank,REACTOME_SIGNALING_BY_ERBB2_ECD_MUTANTS,0.6066334807452355,2.0478254350470317,0.0004591368227731864,0.005260004710397504,0.1721,5/16,1.66%,ENSG00000138798;ENSG00000177885;ENSG00000174775;ENSG00000105401;ENSG00000080824
prerank,REACTOME_DNA_REPLICATION_PRE_INITIATION,0.3908582808965753,2.045200842004518,0.0,0.0052603001266594476,0.1753,24/105,2.73%,ENSG00000130706;ENSG00000150991;ENSG00000100902;ENSG00000100804;ENSG00000087191;ENSG00000100764;ENSG00000103035;ENSG00000175166;ENSG00000013275;ENSG00000108671;ENSG00000185627;ENSG00000173692;ENSG00000108344;ENSG00000115233;ENSG00000041357;ENSG00000101182;ENSG00000108424;ENSG00000099341;ENSG00000126067;ENSG00000165916;ENSG00000142507;ENSG00000104738;ENSG00000132383;ENSG00000112118
prerank,REACTOME_COPI_MEDIATED_ANTEROGRADE_TRANSPORT,0.3921446122239898,2.0469107150523356,0.0,0.00527499184697606,0.1734,22/100,3.39%,ENSG00000077549;ENSG00000127824;ENSG00000103051;ENSG00000073969;ENSG00000197102;ENSG00000175203;ENSG00000197694;ENSG00000134287;ENSG00000138107;ENSG00000105669;ENSG00000198898;ENSG00000174903;ENSG00000122218;ENSG00000167553;ENSG00000204843;ENSG00000143761;ENSG00000123416;ENSG00000188229;ENSG00000105438;ENSG00000258947;ENSG00000166557;ENSG00000184840
prerank,REACTOME_EPH_EPHRIN_SIGNALING,0.4041244234464856,2.040793574404023,0.0,0.005348854711321517,0.1814,20/92,4.28%,ENSG00000067560;ENSG00000115091;ENSG00000163466;ENSG00000138071;ENSG00000100345;ENSG00000161203;ENSG00000184009;ENSG00000174775;ENSG00000141367;ENSG00000092841;ENSG00000172757;ENSG00000075624;ENSG00000137845;ENSG00000130429;ENSG00000106683;ENSG00000241685;ENSG00000042753;ENSG00000241553;ENSG00000133392;ENSG00000070886
prerank,REACTOME_CELL_JUNCTION_ORGANIZATION,0.34515002736919437,2.036654766570697,0.0,0.0054870489145906875,0.1892,43/251,3.07%,ENSG00000166333;ENSG00000125753;ENSG00000130706;ENSG00000116478;ENSG00000150991;ENSG00000035403;ENSG00000044115;ENSG00000178209;ENSG00000188677;ENSG00000100902;ENSG00000100804;ENSG00000079805;ENSG00000087191;ENSG00000100764;ENSG00000103035;ENSG00000175166;ENSG00000013275;ENSG00000108671;ENSG00000185627;ENSG00000184009;ENSG00000173692;ENSG00000108344;ENSG00000196924;ENSG00000115233;ENSG00000164733;ENSG00000204435;ENSG00000075624;ENSG00000041357;ENSG00000177697;ENSG00000101182;ENSG00000099341;ENSG00000072110;ENSG00000129351;ENSG00000127022;ENSG00000127616;ENSG00000126067;ENSG00000089597;ENSG00000165916;ENSG00000142507;ENSG00000118705;ENSG00000244038;ENSG00000163902;ENSG00000125798
prerank,REACTOME_MRNA_SPLICING,0.3603231824301095,2.0368541297967386,0.0,0.0055121702411903475,0.1886,27/208,2.65%,ENSG00000165119;ENSG00000130520;ENSG00000144028;ENSG00000132792;ENSG00000108883;ENSG00000189091;ENSG00000104783;ENSG00000183258;ENSG00000174231;ENSG00000153187;ENSG00000136450;ENSG00000109606;ENSG00000109971;ENSG00000099783;ENSG00000087365;ENSG00000087087;ENSG00000089280;ENSG00000092199;ENSG00000135829;ENSG00000099817;ENSG00000077312;ENSG00000177700;ENSG00000104824;ENSG00000181222;ENSG00000065978;ENSG00000122566;ENSG00000145833
prerank,REACTOME_SIGNALING_BY_BRAF_AND_RAF1_FUSIONS,0.42718900523309566,2.03723070881023,0.0,0.005535307559904467,0.188,13/64,2.83%,ENSG00000137076;ENSG00000169032;ENSG00000035403;ENSG00000140575;ENSG00000103653;ENSG00000197548;ENSG00000184009;ENSG00000174775;ENSG00000197157;ENSG00000166913;ENSG00000075624;ENSG00000160789;ENSG00000138801
prerank,REACTOME_SIGNALING_BY_EGFR_IN_CANCER,0.540742424689641,2.030835354123865,0.0010465724751439038,0.005744675799709084,0.1966,6/24,1.66%,ENSG00000150991;ENSG00000138798;ENSG00000177885;ENSG00000174775;ENSG00000105401;ENSG00000080824
prerank,REACTOME_ABERRANT_REGULATION_OF_MITOTIC_EXIT_IN_CANCER_DUE_TO_RB1_DEFECTS,-0.6554097169999533,-1.907593074438219,0.0004999375078115235,0.006308108662509342,0.1036,10/20,14.73%,ENSG00000175063;ENSG00000126756;ENSG00000094880;ENSG00000141552;ENSG00000166295;ENSG00000170142;ENSG00000108106;ENSG00000004897;ENSG00000164162;ENSG00000072401
prerank,REACTOME_RESOLUTION_OF_SISTER_CHROMATID_COHESION,-0.47940114706221254,-1.911618317278947,0.0,0.006352221310498918,0.0959,49/125,9.11%,ENSG00000166851;ENSG00000143228;ENSG00000115163;ENSG00000178999;ENSG00000134057;ENSG00000089685;ENSG00000198033;ENSG00000156970;ENSG00000134690;ENSG00000152253;ENSG00000138778;ENSG00000142945;ENSG00000080986;ENSG00000117399;ENSG00000153044;ENSG00000146670;ENSG00000170312;ENSG00000137267;ENSG00000167552;ENSG00000102384;ENSG00000137812;ENSG00000121621;ENSG00000117724;ENSG00000174442;ENSG00000161888;ENSG00000000460;ENSG00000104833;ENSG00000129810;ENSG00000072864;ENSG00000120334;ENSG00000166451;ENSG00000175216;ENSG00000184445;ENSG00000101162;ENSG00000157020;ENSG00000149636;ENSG00000164109;ENSG00000157456;ENSG00000123219;ENSG00000068971;ENSG00000154839;ENSG00000186871;ENSG00000151725;ENSG00000075188;ENSG00000175279;ENSG00000169679;ENSG00000040275;ENSG00000163535;ENSG00000104695
prerank,REACTOME_INTERLEUKIN_12_FAMILY_SIGNALING,0.44251162965399404,2.012494047198864,0.0,0.006602699630765999,0.2222,13/53,5.68%,ENSG00000182718;ENSG00000177156;ENSG00000147065;ENSG00000172757;ENSG00000196262;ENSG00000127022;ENSG00000148834;ENSG00000143761;ENSG00000122566;ENSG00000185624;ENSG00000162594;ENSG00000136634;ENSG00000162434
prerank,REACTOME_TRANSCRIPTIONAL_REGULATION_BY_RUNX1,0.3562603594360273,2.001782205780005,0.0,0.0071288357873315516,0.2385,31/174,4.61%,ENSG00000130706;ENSG00000116478;ENSG00000169375;ENSG00000150991;ENSG00000140464;ENSG00000100902;ENSG00000100804;ENSG00000087191;ENSG00000100764;ENSG00000103035;ENSG00000175166;ENSG00000013275;ENSG00000108671;ENSG00000185627;ENSG00000173692;ENSG00000108344;ENSG00000115233;ENSG00000204435;ENSG00000041357;ENSG00000101182;ENSG00000126457;ENSG00000099341;ENSG00000127616;ENSG00000126067;ENSG00000165916;ENSG00000099956;ENSG00000142507;ENSG00000162367;ENSG00000141570;ENSG00000179348;ENSG00000146374
prerank,REACTOME_RESPONSE_TO_ELEVATED_PLATELET_CYTOSOLIC_CA2,0.37019458867800353,1.9965420587430933,0.0,0.007407322841336009,0.2478,30/131,6.57%,ENSG00000127824;ENSG00000131236;ENSG00000137076;ENSG00000143369;ENSG00000158710;ENSG00000035403;ENSG00000138798;ENSG00000071127;ENSG00000197746;ENSG00000196924;ENSG00000105329;ENSG00000130402;ENSG00000172757;ENSG00000156535;ENSG00000116260;ENSG00000196262;ENSG00000108518;ENSG00000164111;ENSG00000072110;ENSG00000138430;ENSG00000142192;ENSG00000112715;ENSG00000135404;ENSG00000084234;ENSG00000102265;ENSG00000100311;ENSG00000167244;ENSG00000124491;ENSG00000113889;ENSG00000162267
prerank,REACTOME_G0_AND_EARLY_G1,-0.6074188951363426,-1.8930447772006327,0.0,0.0074589308532592566,0.1302,16/27,17.31%,ENSG00000189308;ENSG00000101057;ENSG00000145386;ENSG00000170312;ENSG00000164045;ENSG00000094804;ENSG00000123374;ENSG00000175305;ENSG00000131747;ENSG00000183814;ENSG00000132646;ENSG00000198176;ENSG00000101412;ENSG00000133740;ENSG00000080839;ENSG00000205659
prerank,REACTOME_DENGUE_VIRUS_GENOME_TRANSLATION_AND_REPLICATION,0.40367375109093573,1.9942273385390588,0.0,0.007470513832939838,0.2511,21/81,3.08%,ENSG00000150991;ENSG00000026025;ENSG00000082898;ENSG00000070010;ENSG00000109971;ENSG00000110321;ENSG00000115677;ENSG00000108424;ENSG00000114867;ENSG00000127022;ENSG00000065978;ENSG00000165280;ENSG00000185624;ENSG00000118705;ENSG00000179218;ENSG00000182481;ENSG00000167004;ENSG00000244038;ENSG00000122884;ENSG00000163902;ENSG00000072682
prerank,REACTOME_AGGREPHAGY,0.45223460946245614,1.9924765380906935,0.0,0.007514945375098714,0.2539,11/43,2.77%,ENSG00000127824;ENSG00000150991;ENSG00000026025;ENSG00000197102;ENSG00000080824;ENSG00000167553;ENSG00000116288;ENSG00000165280;ENSG00000123416;ENSG00000188229;ENSG00000258947
prerank,REACTOME_RHO_GTPASES_ACTIVATE_ROCKS,0.5591363976082605,1.9900637912254366,0.001455604075691412,0.00762077171818205,0.2581,7/19,4.13%,ENSG00000067560;ENSG00000100345;ENSG00000213639;ENSG00000092841;ENSG00000172757;ENSG00000106683;ENSG00000133392
prerank,REACTOME_MAPK1_MAPK3_SIGNALING,0.3351071018129856,1.9884525541557767,0.0,0.00765690847999926,0.2611,37/255,2.67%,ENSG00000137076;ENSG00000130706;ENSG00000150991;ENSG00000169032;ENSG00000035403;ENSG00000140575;ENSG00000138798;ENSG00000103653;ENSG00000100902;ENSG00000100804;ENSG00000087191;ENSG00000100764;ENSG00000177885;ENSG00000197694;ENSG00000103035;ENSG00000213639;ENSG00000175166;ENSG00000013275;ENSG00000108671;ENSG00000185627;ENSG00000184009;ENSG00000174775;ENSG00000173692;ENSG00000108344;ENSG00000115233;ENSG00000166913;ENSG00000075624;ENSG00000011485;ENSG00000041357;ENSG00000101182;ENSG00000167085;ENSG00000099341;ENSG00000126067;ENSG00000165916;ENSG00000105568;ENSG00000142507;ENSG00000162734
prerank,REACTOME_LYSOSOME_VESICLE_BIOGENESIS,0.4731963195629505,1.9872188614807835,0.0006451612903225806,0.007672879025622945,0.2633,10/35,2.81%,ENSG00000003056;ENSG00000079805;ENSG00000185359;ENSG00000100280;ENSG00000109971;ENSG00000141367;ENSG00000130724;ENSG00000106367;ENSG00000143761;ENSG00000142192
prerank,REACTOME_RHO_GTPASES_ACTIVATE_IQGAPS,0.4938025929593663,1.98618764986797,0.0,0.007684288477095181,0.2649,9/31,2.77%,ENSG00000127824;ENSG00000044115;ENSG00000140575;ENSG00000184009;ENSG00000075624;ENSG00000167553;ENSG00000123416;ENSG00000188229;ENSG00000258947
prerank,REACTOME_GENE_AND_PROTEIN_EXPRESSION_BY_JAK_STAT_SIGNALING_AFTER_INTERLEUKIN_12_STIMULATION,0.47682988404121124,1.9835529261223093,0.0,0.007796768222655572,0.2701,9/35,4.09%,ENSG00000182718;ENSG00000177156;ENSG00000147065;ENSG00000172757;ENSG00000196262;ENSG00000148834;ENSG00000143761;ENSG00000122566;ENSG00000136634
prerank,REACTOME_CO_INHIBITION_BY_PD_1,0.3545716244238423,1.9824018324107362,0.0,0.00782641644016828,0.2725,29/171,3.05%,ENSG00000130706;ENSG00000150991;ENSG00000103653;ENSG00000100902;ENSG00000100804;ENSG00000087191;ENSG00000100764;ENSG00000103035;ENSG00000175166;ENSG00000013275;ENSG00000108671;ENSG00000170027;ENSG00000185627;ENSG00000173692;ENSG00000108344;ENSG00000115233;ENSG00000204435;ENSG00000041357;ENSG00000100644;ENSG00000101182;ENSG00000099341;ENSG00000126067;ENSG00000165916;ENSG00000142507;ENSG00000165280;ENSG00000118705;ENSG00000244038;ENSG00000135506;ENSG00000163902
prerank,REACTOME_REGULATION_OF_PD_L1_CD274_EXPRESSION,0.36368616423740896,1.9800041449133743,0.0,0.007923636092773708,0.2765,28/150,3.05%,ENSG00000130706;ENSG00000150991;ENSG00000100902;ENSG00000100804;ENSG00000087191;ENSG00000100764;ENSG00000103035;ENSG00000175166;ENSG00000013275;ENSG00000108671;ENSG00000170027;ENSG00000185627;ENSG00000173692;ENSG00000108344;ENSG00000115233;ENSG00000204435;ENSG00000041357;ENSG00000100644;ENSG00000101182;ENSG00000099341;ENSG00000126067;ENSG00000165916;ENSG00000142507;ENSG00000165280;ENSG00000118705;ENSG00000244038;ENSG00000135506;ENSG00000163902
prerank,REACTOME_SYNTHESIS_OF_DNA,0.3771488480034868,1.975876425066813,0.0,0.007968089548946709,0.2827,25/106,2.73%,ENSG00000130706;ENSG00000150991;ENSG00000100902;ENSG00000100804;ENSG00000087191;ENSG00000100764;ENSG00000103035;ENSG00000175166;ENSG00000013275;ENSG00000108671;ENSG00000185627;ENSG00000173692;ENSG00000108344;ENSG00000115233;ENSG00000041357;ENSG00000106628;ENSG00000101182;ENSG00000099341;ENSG00000126067;ENSG00000168496;ENSG00000165916;ENSG00000142507;ENSG00000104738;ENSG00000132383;ENSG00000112118
prerank,REACTOME_MHC_CLASS_II_ANTIGEN_PRESENTATION,0.36658944125184245,1.9764543485512522,0.0,0.007990494104729616,0.282,25/123,2.77%,ENSG00000077549;ENSG00000127824;ENSG00000126214;ENSG00000197102;ENSG00000079805;ENSG00000075785;ENSG00000175203;ENSG00000100280;ENSG00000161203;ENSG00000141367;ENSG00000117984;ENSG00000164733;ENSG00000115073;ENSG00000064601;ENSG00000138107;ENSG00000198898;ENSG00000167553;ENSG00000127022;ENSG00000106367;ENSG00000204843;ENSG00000143761;ENSG00000123416;ENSG00000042753;ENSG00000188229;ENSG00000258947
prerank,REACTOME_INTERLEUKIN_12_SIGNALING,0.4549587670105356,1.9772199951627782,0.0,0.008006873939784298,0.2806,11/43,5.68%,ENSG00000182718;ENSG00000177156;ENSG00000147065;ENSG00000172757;ENSG00000196262;ENSG00000148834;ENSG00000143761;ENSG00000122566;ENSG00000185624;ENSG00000136634;ENSG00000162434
prerank,REACTOME_GAP_JUNCTION_DEGRADATION,0.6444546540564005,1.974168191712454,0.002932551319648094,0.008014216211539358,0.2857,5/12,1.75%,ENSG00000079805;ENSG00000161203;ENSG00000184009;ENSG00000141367;ENSG00000075624
prerank,REACTOME_TRANSCRIPTIONAL_AND_POST_TRANSLATIONAL_REGULATION_OF_MITF_M_EXPRESSION_AND_ACTIVITY,0.4186706031464837,1.9734977270163885,0.0,0.0080227606775964,0.2873,13/59,7.31%,ENSG00000128245;ENSG00000065427;ENSG00000116478;ENSG00000082898;ENSG00000170027;ENSG00000115866;ENSG00000108953;ENSG00000166913;ENSG00000154342;ENSG00000135903;ENSG00000187098;ENSG00000166986;ENSG00000187140
prerank,REACTOME_BIOSYNTHESIS_OF_SPECIALIZED_PRORESOLVING_MEDIATORS_SPMS,0.5673960667461531,1.9588451525799344,0.0018814675446848542,0.008910624642484209,0.3156,5/18,9.30%,ENSG00000106853;ENSG00000111144;ENSG00000167468;ENSG00000164120;ENSG00000012779
prerank,REACTOME_APOPTOTIC_EXECUTION_PHASE,0.42770198405639076,1.9548767905995417,0.0,0.009126044988858077,0.3229,9/50,1.96%,ENSG00000136279;ENSG00000026025;ENSG00000178209;ENSG00000087274;ENSG00000197694;ENSG00000185825;ENSG00000087470;ENSG00000160789;ENSG00000108424
prerank,REACTOME_APOPTOTIC_CLEAVAGE_OF_CELLULAR_PROTEINS,0.45269019596852555,1.944807511151005,0.0013324450366422385,0.00983409838791833,0.3436,7/38,1.91%,ENSG00000136279;ENSG00000026025;ENSG00000178209;ENSG00000087274;ENSG00000197694;ENSG00000185825;ENSG00000160789
prerank,REACTOME_LEISHMANIA_INFECTION,0.33767105467552905,1.942586872504998,0.0,0.009869058425141247,0.3481,35/209,4.93%,ENSG00000213672;ENSG00000157483;ENSG00000115091;ENSG00000151694;ENSG00000163466;ENSG00000136810;ENSG00000138071;ENSG00000078369;ENSG00000100345;ENSG00000177885;ENSG00000197535;ENSG00000241244;ENSG00000096384;ENSG00000184009;ENSG00000087460;ENSG00000075624;ENSG00000254999;ENSG00000130429;ENSG00000108946;ENSG00000241685;ENSG00000072062;ENSG00000142192;ENSG00000242534;ENSG00000244116;ENSG00000241553;ENSG00000114353;ENSG00000239571;ENSG00000243290;ENSG00000129467;ENSG00000240382;ENSG00000136634;ENSG00000243238;ENSG00000203747;ENSG00000241351;ENSG00000170425
prerank,REACTOME_ANTIGEN_PROCESSING_UB_ATP_INDEPENDENT_PROTEASOMAL_DEGRADATION,0.5501393593153943,1.9414271080454708,0.0054753608760577405,0.00988521669917349,0.3506,6/18,2.47%,ENSG00000100902;ENSG00000100804;ENSG00000041357;ENSG00000101182;ENSG00000126067;ENSG00000142507
prerank,REACTOME_SIGNALING_BY_ERBB2_IN_CANCER,0.500398413612812,1.9431865038299376,0.0005549389567147614,0.009898713571977729,0.3469,5/26,1.66%,ENSG00000138798;ENSG00000177885;ENSG00000174775;ENSG00000105401;ENSG00000080824
prerank,REACTOME_SIGNALING_BY_NOTCH,0.3363494065875054,1.924451323097181,0.0,0.011137835262833188,0.3829,30/184,2.64%,ENSG00000166949;ENSG00000130706;ENSG00000171720;ENSG00000168214;ENSG00000116478;ENSG00000150991;ENSG00000151694;ENSG00000138798;ENSG00000100902;ENSG00000100804;ENSG00000087191;ENSG00000100764;ENSG00000103035;ENSG00000175166;ENSG00000013275;ENSG00000108671;ENSG00000185627;ENSG00000173692;ENSG00000108344;ENSG00000115233;ENSG00000041357;ENSG00000137845;ENSG00000100644;ENSG00000101182;ENSG00000099341;ENSG00000126067;ENSG00000165916;ENSG00000065978;ENSG00000142507;ENSG00000174437
prerank,REACTOME_INNATE_IMMUNE_SYSTEM,0.2931713078911424,1.9209171693004006,0.0,0.011368180598762432,0.3916,139/1039,4.81%,ENSG00000131236;ENSG00000131100;ENSG00000131504;ENSG00000130706;ENSG00000213672;ENSG00000014216;ENSG00000214078;ENSG00000170515;ENSG00000109107;ENSG00000114573;ENSG00000067560;ENSG00000068305;ENSG00000150991;ENSG00000169032;ENSG00000108861;ENSG00000157483;ENSG00000115091;ENSG00000156261;ENSG00000035403;ENSG00000147416;ENSG00000140575;ENSG00000163466;ENSG00000136279;ENSG00000136810;ENSG00000026508;ENSG00000159720;ENSG00000059804;ENSG00000138071;ENSG00000177119;ENSG00000197102;ENSG00000100994;ENSG00000100902;ENSG00000183258;ENSG00000100804;ENSG00000079805;ENSG00000087191;ENSG00000100345;ENSG00000197548;ENSG00000075785;ENSG00000182718;ENSG00000100764;ENSG00000177885;ENSG00000197535;ENSG00000197694;ENSG00000103035;ENSG00000084733;ENSG00000197746;ENSG00000241244;ENSG00000175166;ENSG00000013275;ENSG00000013563;ENSG00000131473;ENSG00000109971;ENSG00000108671;ENSG00000096384;ENSG00000185627;ENSG00000184009;ENSG00000174775;ENSG00000030582;ENSG00000173692;ENSG00000114738;ENSG00000108344;ENSG00000117984;ENSG00000111144;ENSG00000115233;ENSG00000080824;ENSG00000164733;ENSG00000204435;ENSG00000196743;ENSG00000172757;ENSG00000160213;ENSG00000115073;ENSG00000185883;ENSG00000064601;ENSG00000075624;ENSG00000135829;ENSG00000116260;ENSG00000041357;ENSG00000137845;ENSG00000100243;ENSG00000166598;ENSG00000198898;ENSG00000184216;ENSG00000110917;ENSG00000254999;ENSG00000101182;ENSG00000108424;ENSG00000099817;ENSG00000101152;ENSG00000196262;ENSG00000103187;ENSG00000106244;ENSG00000196419;ENSG00000141959;ENSG00000084207;ENSG00000177700;ENSG00000099341;ENSG00000126067;ENSG00000165916;ENSG00000105568;ENSG00000130429;ENSG00000106683;ENSG00000142507;ENSG00000241685;ENSG00000165280;ENSG00000105220;ENSG00000072062;ENSG00000160014;ENSG00000140319;ENSG00000188229;ENSG00000164062;ENSG00000013364;ENSG00000079246;ENSG00000170043;ENSG00000079739;ENSG00000142192;ENSG00000242534;ENSG00000244116;ENSG00000244038;ENSG00000241553;ENSG00000135404;ENSG00000179142;ENSG00000239571;ENSG00000171132;ENSG00000163191;ENSG00000125999;ENSG00000171049;ENSG00000243290;ENSG00000240382;ENSG00000167613;ENSG00000243238;ENSG00000234745;ENSG00000203747;ENSG00000173369;ENSG00000134762;ENSG00000235568;ENSG00000157131;ENSG00000239839;ENSG00000241351
prerank,REACTOME_CHAPERONE_MEDIATED_AUTOPHAGY,0.5205605198252122,1.9162836788400042,0.00215633423180593,0.01170613673120312,0.4007,7/22,2.54%,ENSG00000150991;ENSG00000026025;ENSG00000109971;ENSG00000096384;ENSG00000080824;ENSG00000116288;ENSG00000105355
prerank,REACTOME_SHC1_EVENTS_IN_EGFR_SIGNALING,0.6008392725814309,1.9068291800788821,0.006611570247933884,0.01250800575484228,0.4214,3/13,1.49%,ENSG00000138798;ENSG00000177885;ENSG00000174775
prerank,REACTOME_CLATHRIN_MEDIATED_ENDOCYTOSIS,0.3464006062521439,1.8967104930255885,0.0,0.013460792479678655,0.4451,24/144,2.95%,ENSG00000150991;ENSG00000115091;ENSG00000163466;ENSG00000138798;ENSG00000138071;ENSG00000085733;ENSG00000003056;ENSG00000079805;ENSG00000185359;ENSG00000177885;ENSG00000109971;ENSG00000161203;ENSG00000184009;ENSG00000141367;ENSG00000075624;ENSG00000169727;ENSG00000168090;ENSG00000129559;ENSG00000241685;ENSG00000042753;ENSG00000111652;ENSG00000072274;ENSG00000187714;ENSG00000241553
prerank,REACTOME_RESPONSE_OF_MTB_TO_PHAGOCYTOSIS,0.5050150981114004,1.882757717010111,0.004235044997353097,0.014887088937844007,0.4785,7/23,2.23%,ENSG00000150991;ENSG00000184056;ENSG00000185359;ENSG00000075785;ENSG00000108424;ENSG00000074800;ENSG00000102144
prerank,REACTOME_CONSTITUTIVE_SIGNALING_BY_OVEREXPRESSED_ERBB2,0.6277148073998576,1.8812958096924304,0.006462035541195477,0.014960843570539119,0.4815,4/11,1.66%,ENSG00000177885;ENSG00000174775;ENSG00000105401;ENSG00000080824
prerank,REACTOME_ACTIVATION_OF_BAD_AND_TRANSLOCATION_TO_MITOCHONDRIA,0.570933728357844,1.8775573144854802,0.006286484059272564,0.015082091974080737,0.4904,5/15,1.67%,ENSG00000128245;ENSG00000134308;ENSG00000170027;ENSG00000108953;ENSG00000166913
prerank,REACTOME_DISEASES_OF_SIGNAL_TRANSDUCTION_BY_GROWTH_FACTOR_RECEPTORS_AND_SECOND_MESSENGERS,0.30973302260265806,1.8790802830819757,0.0,0.015093854061980732,0.4856,61/442,2.99%,ENSG00000126214;ENSG00000166949;ENSG00000137076;ENSG00000130706;ENSG00000110841;ENSG00000171720;ENSG00000168214;ENSG00000116478;ENSG00000150991;ENSG00000169032;ENSG00000151694;ENSG00000035403;ENSG00000140575;ENSG00000138798;ENSG00000103653;ENSG00000088832;ENSG00000100902;ENSG00000100804;ENSG00000087191;ENSG00000100345;ENSG00000197548;ENSG00000100764;ENSG00000177885;ENSG00000103035;ENSG00000213639;ENSG00000111605;ENSG00000175166;ENSG00000013275;ENSG00000147065;ENSG00000108671;ENSG00000185627;ENSG00000184009;ENSG00000174775;ENSG00000173692;ENSG00000108344;ENSG00000141367;ENSG00000197157;ENSG00000115233;ENSG00000105329;ENSG00000105401;ENSG00000080824;ENSG00000166913;ENSG00000075624;ENSG00000041357;ENSG00000137845;ENSG00000160789;ENSG00000101182;ENSG00000099817;ENSG00000167085;ENSG00000177700;ENSG00000099341;ENSG00000181222;ENSG00000126067;ENSG00000165916;ENSG00000105568;ENSG00000204843;ENSG00000142507;ENSG00000108946;ENSG00000165280;ENSG00000138801;ENSG00000135506
prerank,REACTOME_NUCLEAR_ENVELOPE_NE_REASSEMBLY,0.3813179760766172,1.8778861663957125,0.0,0.015126238960941903,0.489,15/75,2.77%,ENSG00000127824;ENSG00000213024;ENSG00000100401;ENSG00000132612;ENSG00000160789;ENSG00000167553;ENSG00000108424;ENSG00000102900;ENSG00000132341;ENSG00000130724;ENSG00000105568;ENSG00000175334;ENSG00000123416;ENSG00000188229;ENSG00000258947
prerank,REACTOME_ONCOGENIC_MAPK_SIGNALING,0.3766192517687489,1.872541575884489,0.0,0.01542847099364578,0.501,15/81,2.83%,ENSG00000137076;ENSG00000169032;ENSG00000035403;ENSG00000140575;ENSG00000103653;ENSG00000197548;ENSG00000213639;ENSG00000184009;ENSG00000174775;ENSG00000197157;ENSG00000166913;ENSG00000075624;ENSG00000160789;ENSG00000167085;ENSG00000138801
prerank,REACTOME_FORMATION_OF_DEFINITIVE_ENDODERM,0.5576729776198307,1.8732807052589406,0.0036101083032490976,0.015442770208961449,0.4996,7/16,7.90%,ENSG00000166949;ENSG00000125798;ENSG00000164736;ENSG00000133937;ENSG00000259974;ENSG00000163508;ENSG00000141448
prerank,REACTOME_DISEASES_OF_MITOTIC_CELL_CYCLE,-0.5508832534189563,-1.844453343495863,0.0001169864295741694,0.0158574687627129,0.2649,18/38,20.95%,ENSG00000175063;ENSG00000123374;ENSG00000175305;ENSG00000126756;ENSG00000198176;ENSG00000111276;ENSG00000094880;ENSG00000141552;ENSG00000166295;ENSG00000170142;ENSG00000108106;ENSG00000101412;ENSG00000004897;ENSG00000164162;ENSG00000072401;ENSG00000007968;ENSG00000110092;ENSG00000105810
prerank,REACTOME_CRISTAE_FORMATION,0.4524624683472101,1.8664251410804245,0.0017835909631391202,0.01603098658049452,0.5131,9/33,2.66%,ENSG00000154518;ENSG00000159199;ENSG00000241468;ENSG00000173436;ENSG00000132305;ENSG00000110955;ENSG00000167863;ENSG00000152234;ENSG00000165629
prerank,REACTOME_TCF_DEPENDENT_SIGNALING_IN_RESPONSE_TO_WNT,0.3257225607250049,1.8625622062120673,0.0,0.01627914715732264,0.5227,31/174,5.23%,ENSG00000130706;ENSG00000116478;ENSG00000150991;ENSG00000100902;ENSG00000100804;ENSG00000082898;ENSG00000087191;ENSG00000100764;ENSG00000103035;ENSG00000175166;ENSG00000013275;ENSG00000108671;ENSG00000185627;ENSG00000173692;ENSG00000108344;ENSG00000115233;ENSG00000204435;ENSG00000041357;ENSG00000101182;ENSG00000099341;ENSG00000127616;ENSG00000126067;ENSG00000165916;ENSG00000105568;ENSG00000142507;ENSG00000171056;ENSG00000154342;ENSG00000164736;ENSG00000146374;ENSG00000169218;ENSG00000166477
prerank,REACTOME_CELL_EXTRACELLULAR_MATRIX_INTERACTIONS,0.5339530788670784,1.8630772139871619,0.00386286817962337,0.01630179768193737,0.5208,7/18,2.24%,ENSG00000166333;ENSG00000125753;ENSG00000188677;ENSG00000184009;ENSG00000196924;ENSG00000075624;ENSG00000072110
prerank,REACTOME_DEVELOPMENTAL_LINEAGE_OF_MULTIPOTENT_PANCREATIC_PROGENITOR_CELLS,0.5521785878572182,1.853306519562205,0.006126295947219604,0.017072300921220397,0.545,9/16,7.90%,ENSG00000138798;ENSG00000125798;ENSG00000152804;ENSG00000139515;ENSG00000164736;ENSG00000164690;ENSG00000169856;ENSG00000075388;ENSG00000141448
prerank,REACTOME_DEPOSITION_OF_NEW_CENPA_CONTAINING_NUCLEOSOMES_AT_THE_CENTROMERE,-0.540514222455664,-1.8348679932980934,0.0004643603436266543,0.017117193319677173,0.2974,25/41,27.25%,ENSG00000115163;ENSG00000104147;ENSG00000153044;ENSG00000123485;ENSG00000102384;ENSG00000137812;ENSG00000246705;ENSG00000120334;ENSG00000166451;ENSG00000169689;ENSG00000203760;ENSG00000123219;ENSG00000151725;ENSG00000175279;ENSG00000105968;ENSG00000159055;ENSG00000184260;ENSG00000175792;ENSG00000142856;ENSG00000129534;ENSG00000188486;ENSG00000197903;ENSG00000158373;ENSG00000138092;ENSG00000196890
prerank,REACTOME_SIGNALING_BY_INTERLEUKINS,0.29752943463201376,1.854506861318032,0.0,0.017120869382997384,0.5417,51/412,3.00%,ENSG00000166949;ENSG00000130706;ENSG00000068305;ENSG00000150991;ENSG00000169032;ENSG00000108861;ENSG00000026025;ENSG00000100902;ENSG00000100804;ENSG00000087191;ENSG00000182718;ENSG00000100764;ENSG00000177885;ENSG00000106089;ENSG00000103035;ENSG00000165458;ENSG00000175166;ENSG00000013275;ENSG00000177156;ENSG00000147065;ENSG00000109971;ENSG00000108671;ENSG00000185627;ENSG00000173692;ENSG00000114738;ENSG00000108344;ENSG00000115233;ENSG00000105329;ENSG00000080824;ENSG00000172757;ENSG00000041357;ENSG00000166598;ENSG00000184216;ENSG00000100644;ENSG00000101182;ENSG00000196262;ENSG00000099341;ENSG00000127022;ENSG00000127616;ENSG00000126067;ENSG00000165916;ENSG00000105568;ENSG00000148834;ENSG00000142507;ENSG00000143761;ENSG00000072062;ENSG00000122566;ENSG00000185624;ENSG00000142192;ENSG00000075618;ENSG00000112715
prerank,REACTOME_MAPK_FAMILY_SIGNALING_CASCADES,0.31135969716072776,1.8534395814659699,0.0,0.017159722845381257,0.5447,40/293,2.67%,ENSG00000137076;ENSG00000130706;ENSG00000069956;ENSG00000150991;ENSG00000169032;ENSG00000035403;ENSG00000140575;ENSG00000138798;ENSG00000103653;ENSG00000100902;ENSG00000100804;ENSG00000082898;ENSG00000087191;ENSG00000100764;ENSG00000177885;ENSG00000197694;ENSG00000103035;ENSG00000213639;ENSG00000175166;ENSG00000013275;ENSG00000108671;ENSG00000185627;ENSG00000184009;ENSG00000174775;ENSG00000173692;ENSG00000108344;ENSG00000115233;ENSG00000166913;ENSG00000075624;ENSG00000011485;ENSG00000041357;ENSG00000101182;ENSG00000167085;ENSG00000099341;ENSG00000126067;ENSG00000165916;ENSG00000105568;ENSG00000142507;ENSG00000072062;ENSG00000162734
prerank,REACTOME_GAP_JUNCTION_TRAFFICKING_AND_REGULATION,0.41469747208078644,1.838233401777644,0.0007147962830593281,0.01892605766956021,0.5827,10/44,2.77%,ENSG00000127824;ENSG00000079805;ENSG00000161203;ENSG00000184009;ENSG00000141367;ENSG00000075624;ENSG00000167553;ENSG00000123416;ENSG00000188229;ENSG00000258947
prerank,REACTOME_INTERACTIONS_OF_REV_WITH_HOST_CELLULAR_PROTEINS,0.43996373443305525,1.8359029026555085,0.00196078431372549,0.019185350374347227,0.589,7/36,2.10%,ENSG00000213024;ENSG00000082898;ENSG00000100401;ENSG00000094914;ENSG00000108424;ENSG00000102900;ENSG00000132341
prerank,REACTOME_DETOXIFICATION_OF_REACTIVE_OXYGEN_SPECIES,0.44021514520722477,1.8325637642455699,0.001969796454366382,0.019548016244577707,0.5971,9/35,2.75%,ENSG00000136810;ENSG00000165672;ENSG00000126432;ENSG00000197930;ENSG00000084207;ENSG00000104687;ENSG00000185624;ENSG00000117450;ENSG00000167815
prerank,REACTOME_RHO_GTPASES_ACTIVATE_PAKS,0.49906142423961125,1.830457215514711,0.005078720162519045,0.019654748091896598,0.604,7/21,4.13%,ENSG00000085733;ENSG00000100345;ENSG00000213639;ENSG00000196924;ENSG00000092841;ENSG00000106683;ENSG00000133392
prerank,REACTOME_FORMATION_OF_ATP_BY_CHEMIOSMOTIC_COUPLING,0.5068898317307184,1.8305681566660101,0.0023934897079942556,0.01974722446748233,0.6038,7/20,2.66%,ENSG00000154518;ENSG00000159199;ENSG00000241468;ENSG00000110955;ENSG00000167863;ENSG00000152234;ENSG00000165629
prerank,REACTOME_COPI_INDEPENDENT_GOLGI_TO_ER_RETROGRADE_TRAFFIC,0.4030508744920811,1.8283963924255338,0.0008216926869350862,0.019834030208971502,0.609,11/52,2.77%,ENSG00000077549;ENSG00000127824;ENSG00000197102;ENSG00000175203;ENSG00000138107;ENSG00000198898;ENSG00000167553;ENSG00000204843;ENSG00000123416;ENSG00000188229;ENSG00000258947
prerank,REACTOME_NEF_MEDIATES_DOWN_MODULATION_OF_CELL_SURFACE_RECEPTORS_BY_RECRUITING_THEM_TO_CLATHRIN_ADAPTERS,0.4976540768488494,1.8245311192524232,0.005667181865018032,0.02023798857896468,0.6176,8/21,8.91%,ENSG00000100280;ENSG00000161203;ENSG00000106367;ENSG00000143761;ENSG00000042753;ENSG00000172116;ENSG00000178562;ENSG00000129354
prerank,REACTOME_DNA_REPLICATION,0.33213865282968674,1.8212480074259088,0.0,0.02063753210338416,0.6251,27/139,2.73%,ENSG00000130706;ENSG00000150991;ENSG00000140521;ENSG00000100902;ENSG00000100804;ENSG00000087191;ENSG00000100764;ENSG00000103035;ENSG00000175166;ENSG00000013275;ENSG00000108671;ENSG00000185627;ENSG00000173692;ENSG00000108344;ENSG00000115233;ENSG00000041357;ENSG00000106628;ENSG00000101182;ENSG00000108424;ENSG00000099341;ENSG00000126067;ENSG00000168496;ENSG00000165916;ENSG00000142507;ENSG00000104738;ENSG00000132383;ENSG00000112118
prerank,REACTOME_CARGO_CONCENTRATION_IN_THE_ER,-0.5691605559973179,-1.8180081460686688,0.00047778308647873863,0.02087422111458304,0.3665,19/31,26.80%,ENSG00000150961;ENSG00000174871;ENSG00000170348;ENSG00000185010;ENSG00000101160;ENSG00000138073;ENSG00000086598;ENSG00000100934;ENSG00000110195;ENSG00000162236;ENSG00000114988;ENSG00000155511;ENSG00000176986;ENSG00000114270;ENSG00000169223;ENSG00000143786;ENSG00000085063;ENSG00000074695;ENSG00000138802
prerank,REACTOME_MITOTIC_METAPHASE_AND_ANAPHASE,0.3088195331881955,1.8097334900956414,0.0,0.02218061631941681,0.6501,38/220,2.77%,ENSG00000127824;ENSG00000213024;ENSG00000130706;ENSG00000150991;ENSG00000101367;ENSG00000197102;ENSG00000100902;ENSG00000100804;ENSG00000082898;ENSG00000087191;ENSG00000100401;ENSG00000100764;ENSG00000103035;ENSG00000175166;ENSG00000013275;ENSG00000108671;ENSG00000132612;ENSG00000185627;ENSG00000173692;ENSG00000108344;ENSG00000115233;ENSG00000041357;ENSG00000160789;ENSG00000167553;ENSG00000101182;ENSG00000108424;ENSG00000102900;ENSG00000132341;ENSG00000099341;ENSG00000130724;ENSG00000126067;ENSG00000165916;ENSG00000105568;ENSG00000142507;ENSG00000175334;ENSG00000123416;ENSG00000188229;ENSG00000258947
prerank,REACTOME_MITOCHONDRIAL_PROTEIN_DEGRADATION,0.3495861800001164,1.8069442675518412,0.0,0.022503310226653167,0.6582,17/98,2.81%,ENSG00000166411;ENSG00000131828;ENSG00000062485;ENSG00000023330;ENSG00000196365;ENSG00000084090;ENSG00000105953;ENSG00000067704;ENSG00000186010;ENSG00000178741;ENSG00000100412;ENSG00000110955;ENSG00000167863;ENSG00000152234;ENSG00000072062;ENSG00000165629;ENSG00000142192
prerank,REACTOME_TP53_REGULATES_METABOLIC_GENES,0.360769990183167,1.7946031814519707,0.0011025358324145535,0.024199812242879003,0.6867,15/80,2.75%,ENSG00000128245;ENSG00000168209;ENSG00000134308;ENSG00000136810;ENSG00000160211;ENSG00000170027;ENSG00000108953;ENSG00000166913;ENSG00000126432;ENSG00000178741;ENSG00000104687;ENSG00000126267;ENSG00000105220;ENSG00000117450;ENSG00000167815
prerank,REACTOME_NEDDYLATION,0.3121293135175751,1.795271641425123,0.0,0.024236540962316606,0.6854,33/229,2.65%,ENSG00000064726;ENSG00000130706;ENSG00000150991;ENSG00000136485;ENSG00000100902;ENSG00000100804;ENSG00000087191;ENSG00000099364;ENSG00000100764;ENSG00000103035;ENSG00000070010;ENSG00000167986;ENSG00000175166;ENSG00000013275;ENSG00000108671;ENSG00000185627;ENSG00000173692;ENSG00000254986;ENSG00000108344;ENSG00000115233;ENSG00000041357;ENSG00000100644;ENSG00000101182;ENSG00000169727;ENSG00000099341;ENSG00000126067;ENSG00000165916;ENSG00000168090;ENSG00000129559;ENSG00000142507;ENSG00000165280;ENSG00000176871;ENSG00000111652
prerank,REACTOME_SIGNALING_BY_WNT,0.2985011434182163,1.7823722063466005,0.0,0.026253671692913292,0.7149,44/268,5.43%,ENSG00000130706;ENSG00000069329;ENSG00000116478;ENSG00000067560;ENSG00000150991;ENSG00000149782;ENSG00000100902;ENSG00000100804;ENSG00000082898;ENSG00000078369;ENSG00000087191;ENSG00000100764;ENSG00000103035;ENSG00000175166;ENSG00000013275;ENSG00000108671;ENSG00000161203;ENSG00000185627;ENSG00000173692;ENSG00000108344;ENSG00000141367;ENSG00000115233;ENSG00000204435;ENSG00000041357;ENSG00000101182;ENSG00000108518;ENSG00000099341;ENSG00000127616;ENSG00000126067;ENSG00000165916;ENSG00000105568;ENSG00000142507;ENSG00000042753;ENSG00000171056;ENSG00000115596;ENSG00000111186;ENSG00000154342;ENSG00000105989;ENSG00000164736;ENSG00000146374;ENSG00000169218;ENSG00000169884;ENSG00000166477;ENSG00000135925
prerank,REACTOME_GRB2_EVENTS_IN_ERBB2_SIGNALING,0.5208346972089031,1.7806104321979275,0.013157894736842105,0.026423270070234147,0.7187,3/16,1.49%,ENSG00000138798;ENSG00000177885;ENSG00000174775
prerank,REACTOME_SYNTHESIS_OF_LEUKOTRIENES_LT_AND_EOXINS_EX,0.4994027669698499,1.7782597006217589,0.010864197530864197,0.026671068657394,0.7246,6/19,9.76%,ENSG00000103222;ENSG00000106853;ENSG00000111144;ENSG00000142973;ENSG00000012779;ENSG00000187048
prerank,REACTOME_FCGR_ACTIVATION,0.37340141252246417,1.7767486851806706,0.0009551098376313276,0.026825339141926596,0.728,27/65,14.76%,ENSG00000241244;ENSG00000242534;ENSG00000244116;ENSG00000239571;ENSG00000243290;ENSG00000240382;ENSG00000243238;ENSG00000203747;ENSG00000241351;ENSG00000240864;ENSG00000239951;ENSG00000000938;ENSG00000211653;ENSG00000211652;ENSG00000160654;ENSG00000211893;ENSG00000101336;ENSG00000211959;ENSG00000211973;ENSG00000224373;ENSG00000211962;ENSG00000211967;ENSG00000211660;ENSG00000242371;ENSG00000211677;ENSG00000211892;ENSG00000211896
prerank,REACTOME_INFECTION_WITH_MYCOBACTERIUM_TUBERCULOSIS,0.4617986531969355,1.775091269656455,0.0056022408963585435,0.02701192504542399,0.7311,7/26,2.23%,ENSG00000150991;ENSG00000184056;ENSG00000185359;ENSG00000075785;ENSG00000108424;ENSG00000074800;ENSG00000102144
prerank,REACTOME_CELLULAR_RESPONSE_TO_STARVATION,-0.44054828436612514,-1.7953825337672913,0.0,0.027243097339702167,0.4642,99/150,34.16%,ENSG00000213760;ENSG00000105640;ENSG00000171130;ENSG00000149357;ENSG00000167965;ENSG00000198755;ENSG00000149806;ENSG00000221983;ENSG00000116039;ENSG00000115268;ENSG00000136942;ENSG00000105372;ENSG00000157020;ENSG00000113732;ENSG00000177600;ENSG00000089157;ENSG00000130255;ENSG00000162244;ENSG00000182899;ENSG00000162772;ENSG00000154059;ENSG00000109475;ENSG00000118162;ENSG00000142541;ENSG00000147614;ENSG00000137818;ENSG00000172809;ENSG00000117410;ENSG00000142676;ENSG00000131469;ENSG00000110700;ENSG00000167526;ENSG00000052795;ENSG00000142534;ENSG00000177954;ENSG00000144713;ENSG00000217128;ENSG00000116586;ENSG00000163923;ENSG00000116251;ENSG00000063177;ENSG00000100316;ENSG00000185088;ENSG00000153879;ENSG00000083750;ENSG00000130147;ENSG00000156482;ENSG00000140988;ENSG00000171858;ENSG00000071082;ENSG00000108298;ENSG00000143947;ENSG00000148303;ENSG00000125691;ENSG00000265681;ENSG00000109270;ENSG00000165496;ENSG00000197728;ENSG00000118181;ENSG00000124614;ENSG00000128524;ENSG00000161016;ENSG00000037241;ENSG00000145592;ENSG00000116954;ENSG00000155097;ENSG00000149273;ENSG00000188846;ENSG00000108107;ENSG00000100150;ENSG00000188186;ENSG00000114388;ENSG00000125977;ENSG00000134248;ENSG00000161970;ENSG00000080546;ENSG00000025039;ENSG00000105193;ENSG00000163584;ENSG00000151418;ENSG00000197756;ENSG00000229117;ENSG00000239282;ENSG00000198242;ENSG00000145425;ENSG00000101255;ENSG00000138326;ENSG00000103091;ENSG00000134419;ENSG00000170889;ENSG00000083845;ENSG00000155876;ENSG00000140986;ENSG00000197958;ENSG00000171863;ENSG00000089009;ENSG00000130766;ENSG00000137154;ENSG00000103148
prerank,REACTOME_SUPPRESSION_OF_PHAGOSOMAL_MATURATION,0.561392108095416,1.7627585498975902,0.017226528854435832,0.029102724122048146,0.7597,5/13,1.96%,ENSG00000150991;ENSG00000184056;ENSG00000185359;ENSG00000075785;ENSG00000108424
prerank,REACTOME_ERBB2_REGULATES_CELL_MOTILITY,0.5287728311917983,1.763279949315281,0.012340036563071298,0.029161917417428237,0.759,3/15,0.74%,ENSG00000131504;ENSG00000067560;ENSG00000138798
prerank,REACTOME_SEALING_OF_THE_NUCLEAR_ENVELOPE_NE_BY_ESCRT_III,0.4315659956019061,1.7577852540458305,0.005995203836930456,0.030003210013193313,0.7732,7/31,2.77%,ENSG00000127824;ENSG00000132612;ENSG00000167553;ENSG00000130724;ENSG00000123416;ENSG00000188229;ENSG00000258947
prerank,REACTOME_COOPERATION_OF_PDCL_PHLP1_AND_TRIC_CCT_IN_G_PROTEIN_BETA_FOLDING,0.41638074599071706,1.7502750100307787,0.0013131976362442547,0.03138821175287774,0.7883,7/36,2.38%,ENSG00000156261;ENSG00000078369;ENSG00000204435;ENSG00000150753;ENSG00000135624;ENSG00000163468;ENSG00000146731
prerank,REACTOME_REGULATION_OF_T_CELL_ACTIVATION_BY_CD28_FAMILY,0.3024092603687444,1.7478906714575615,0.0,0.03166025365271182,0.7928,31/221,3.05%,ENSG00000130706;ENSG00000150991;ENSG00000103653;ENSG00000100902;ENSG00000100804;ENSG00000087191;ENSG00000100764;ENSG00000177885;ENSG00000103035;ENSG00000175166;ENSG00000013275;ENSG00000108671;ENSG00000170027;ENSG00000185627;ENSG00000173692;ENSG00000108344;ENSG00000115233;ENSG00000204435;ENSG00000041357;ENSG00000100644;ENSG00000101182;ENSG00000099341;ENSG00000126067;ENSG00000165916;ENSG00000105568;ENSG00000142507;ENSG00000165280;ENSG00000118705;ENSG00000244038;ENSG00000135506;ENSG00000163902
prerank,REACTOME_SENSORY_PROCESSING_OF_SOUND,0.3584239112017049,1.7460720210643759,0.0,0.031876289971078026,0.7969,11/72,1.98%,ENSG00000077549;ENSG00000157483;ENSG00000100345;ENSG00000106089;ENSG00000197694;ENSG00000147065;ENSG00000247596;ENSG00000184009;ENSG00000075624;ENSG00000198898;ENSG00000101152
prerank,REACTOME_L1CAM_INTERACTIONS,0.3284750975484569,1.7438267376153949,0.0,0.0322179546192537,0.8025,19/117,2.82%,ENSG00000127824;ENSG00000169032;ENSG00000079805;ENSG00000197694;ENSG00000011009;ENSG00000147065;ENSG00000109971;ENSG00000161203;ENSG00000092964;ENSG00000184009;ENSG00000141367;ENSG00000204435;ENSG00000075624;ENSG00000167553;ENSG00000123416;ENSG00000042753;ENSG00000188229;ENSG00000258947;ENSG00000198910
prerank,REACTOME_RETROGRADE_NEUROTROPHIN_SIGNALLING,0.531385896198444,1.7417499337995501,0.013686534216335542,0.032520535637034026,0.8065,4/14,2.55%,ENSG00000079805;ENSG00000161203;ENSG00000141367;ENSG00000042753
prerank,REACTOME_SIGNALING_BY_EGFR,0.37992992329407665,1.740552415251834,0.003987240829346092,0.032622598914168535,0.8091,8/52,1.84%,ENSG00000150991;ENSG00000151694;ENSG00000138798;ENSG00000103653;ENSG00000185359;ENSG00000177885;ENSG00000174775;ENSG00000137845
prerank,REACTOME_RHO_GTPASES_ACTIVATE_PKNS,0.3897962252552725,1.7377040345186752,0.0008396305625524769,0.03273426388079242,0.8136,9/49,1.67%,ENSG00000128245;ENSG00000067560;ENSG00000134308;ENSG00000100345;ENSG00000213639;ENSG00000170027;ENSG00000092841;ENSG00000108953;ENSG00000166913
prerank,REACTOME_LOSS_OF_FUNCTION_OF_MECP2_IN_RETT_SYNDROME,0.553834834337925,1.7391268205334147,0.01406050276949297,0.03277892550887291,0.8118,4/13,2.57%,ENSG00000171720;ENSG00000116478;ENSG00000169375;ENSG00000072062
prerank,REACTOME_PROTEIN_FOLDING,0.3437055161984116,1.738036055494212,0.0,0.03282829228319522,0.8131,16/95,2.90%,ENSG00000127824;ENSG00000171720;ENSG00000156261;ENSG00000136485;ENSG00000078369;ENSG00000204435;ENSG00000075624;ENSG00000167553;ENSG00000150753;ENSG00000135624;ENSG00000163468;ENSG00000146731;ENSG00000123416;ENSG00000188229;ENSG00000258947;ENSG00000105254
prerank,REACTOME_M_PHASE,0.28645528386857455,1.7310227942301522,0.0,0.03383018693703023,0.8247,53/355,2.86%,ENSG00000127824;ENSG00000213024;ENSG00000130706;ENSG00000130640;ENSG00000150991;ENSG00000101367;ENSG00000197102;ENSG00000175826;ENSG00000100902;ENSG00000100804;ENSG00000082898;ENSG00000087191;ENSG00000100401;ENSG00000094914;ENSG00000175203;ENSG00000100764;ENSG00000128989;ENSG00000103035;ENSG00000175166;ENSG00000013275;ENSG00000108671;ENSG00000132612;ENSG00000170027;ENSG00000185627;ENSG00000173692;ENSG00000108344;ENSG00000115233;ENSG00000080824;ENSG00000108953;ENSG00000204435;ENSG00000138107;ENSG00000041357;ENSG00000174903;ENSG00000160789;ENSG00000167553;ENSG00000101182;ENSG00000108424;ENSG00000102900;ENSG00000132341;ENSG00000099341;ENSG00000130724;ENSG00000126067;ENSG00000165916;ENSG00000105568;ENSG00000204843;ENSG00000142507;ENSG00000175334;ENSG00000123416;ENSG00000072062;ENSG00000188229;ENSG00000258947;ENSG00000010292;ENSG00000131462
prerank,REACTOME_FORMATION_OF_THE_CORNIFIED_ENVELOPE,0.33392673467573936,1.7316517363740918,0.0,0.03385602400925541,0.8233,37/106,14.83%,ENSG00000014216;ENSG00000126247;ENSG00000178172;ENSG00000186207;ENSG00000187223;ENSG00000169474;ENSG00000134762;ENSG00000186049;ENSG00000104055;ENSG00000205420;ENSG00000170486;ENSG00000163202;ENSG00000170523;ENSG00000186844;ENSG00000129437;ENSG00000171401;ENSG00000204889;ENSG00000171403;ENSG00000163216;ENSG00000187180;ENSG00000189337;ENSG00000172155;ENSG00000081277;ENSG00000244094;ENSG00000235942;ENSG00000185479;ENSG00000204021;ENSG00000204539;ENSG00000144283;ENSG00000108244;ENSG00000203782;ENSG00000167754;ENSG00000196734;ENSG00000159455;ENSG00000186832;ENSG00000196805;ENSG00000124102
prerank,REACTOME_HIV_LIFE_CYCLE,0.3137666304709415,1.7263561697337872,0.0,0.03465713106091684,0.8313,21/145,2.67%,ENSG00000213024;ENSG00000150991;ENSG00000149136;ENSG00000082898;ENSG00000100401;ENSG00000094914;ENSG00000132612;ENSG00000196235;ENSG00000137309;ENSG00000092201;ENSG00000099817;ENSG00000196262;ENSG00000102900;ENSG00000132341;ENSG00000196419;ENSG00000177700;ENSG00000130724;ENSG00000181222;ENSG00000168496;ENSG00000175334;ENSG00000079246
prerank,REACTOME_CD22_MEDIATED_BCR_REGULATION,0.36889772890704575,1.718820050794067,0.0008904719501335708,0.036266403960961736,0.8452,20/57,14.73%,ENSG00000241244;ENSG00000242534;ENSG00000244116;ENSG00000239571;ENSG00000243290;ENSG00000240382;ENSG00000243238;ENSG00000241351;ENSG00000240864;ENSG00000239951;ENSG00000211653;ENSG00000211652;ENSG00000211959;ENSG00000211973;ENSG00000224373;ENSG00000211962;ENSG00000211967;ENSG00000211660;ENSG00000242371;ENSG00000211677
prerank,REACTOME_MITOTIC_G1_PHASE_AND_G1_S_TRANSITION,0.3162079688188602,1.7170605414068814,0.0,0.03631681716087144,0.8486,26/137,2.94%,ENSG00000130706;ENSG00000116478;ENSG00000150991;ENSG00000100902;ENSG00000100804;ENSG00000087191;ENSG00000100764;ENSG00000103035;ENSG00000175166;ENSG00000013275;ENSG00000108671;ENSG00000185627;ENSG00000173692;ENSG00000108344;ENSG00000115233;ENSG00000041357;ENSG00000101182;ENSG00000099341;ENSG00000126067;ENSG00000165916;ENSG00000105568;ENSG00000142507;ENSG00000104738;ENSG00000132383;ENSG00000112118;ENSG00000167900
prerank,REACTOME_RECRUITMENT_OF_NUMA_TO_MITOTIC_CENTROSOMES,0.33513998733415323,1.7176552485783758,0.0,0.03636147729704861,0.8475,17/92,2.86%,ENSG00000127824;ENSG00000130640;ENSG00000101367;ENSG00000197102;ENSG00000175203;ENSG00000170027;ENSG00000080824;ENSG00000108953;ENSG00000138107;ENSG00000167553;ENSG00000105568;ENSG00000204843;ENSG00000123416;ENSG00000072062;ENSG00000188229;ENSG00000258947;ENSG00000131462
prerank,REACTOME_REGULATION_OF_GLYCOLYSIS_BY_FRUCTOSE_2_6_BISPHOSPHATE_METABOLISM,0.5513998917054757,1.7120270734602898,0.018852115626309174,0.037397049442794955,0.8573,4/12,2.57%,ENSG00000170525;ENSG00000114268;ENSG00000105568;ENSG00000072062
prerank,REACTOME_SIGNALING_BY_ERBB2,0.3771579942636021,1.7072725452228914,0.002390438247011952,0.03807859956706712,0.865,9/50,3.35%,ENSG00000131504;ENSG00000067560;ENSG00000150991;ENSG00000138798;ENSG00000177885;ENSG00000174775;ENSG00000105401;ENSG00000080824;ENSG00000171132
prerank,REACTOME_ASSOCIATION_OF_TRIC_CCT_WITH_TARGET_PROTEINS_DURING_BIOSYNTHESIS,0.39864951468446247,1.7080932504746529,0.0061770761839396015,0.03821399863850465,0.8636,7/39,2.38%,ENSG00000171720;ENSG00000156261;ENSG00000136485;ENSG00000150753;ENSG00000135624;ENSG00000163468;ENSG00000146731
prerank,REACTOME_RHOBTB3_ATPASE_CYCLE,0.5911987434032475,1.707304224148397,0.020048115477145148,0.038248635780446634,0.8649,2/10,2.54%,ENSG00000185359;ENSG00000105355
prerank,REACTOME_ER_TO_GOLGI_ANTEROGRADE_TRANSPORT,0.3047323016572679,1.7052690001880078,0.0,0.03838474317316775,0.8675,24/152,3.39%,ENSG00000077549;ENSG00000127824;ENSG00000103051;ENSG00000073969;ENSG00000105063;ENSG00000197102;ENSG00000175203;ENSG00000197694;ENSG00000134287;ENSG00000138107;ENSG00000105669;ENSG00000198898;ENSG00000174903;ENSG00000122218;ENSG00000167553;ENSG00000204843;ENSG00000143761;ENSG00000123416;ENSG00000188229;ENSG00000170043;ENSG00000105438;ENSG00000258947;ENSG00000166557;ENSG00000184840
prerank,REACTOME_FORMATION_OF_THE_NEPHRIC_DUCT,0.4912910451515467,1.7037443910639192,0.014367816091954023,0.03860764345686243,0.8702,7/17,7.09%,ENSG00000172939;ENSG00000165194;ENSG00000075891;ENSG00000106006;ENSG00000168743;ENSG00000107485;ENSG00000182742
prerank,REACTOME_RIBOSOME_ASSOCIATED_QUALITY_CONTROL,0.3093969844274929,1.69885178351555,0.0,0.039671748046057616,0.8777,23/139,2.51%,ENSG00000130706;ENSG00000150991;ENSG00000163516;ENSG00000100902;ENSG00000100804;ENSG00000087191;ENSG00000100764;ENSG00000103035;ENSG00000070010;ENSG00000175166;ENSG00000013275;ENSG00000108671;ENSG00000185627;ENSG00000173692;ENSG00000108344;ENSG00000115233;ENSG00000041357;ENSG00000101182;ENSG00000099341;ENSG00000126067;ENSG00000165916;ENSG00000142507;ENSG00000165280
prerank,REACTOME_RESPONSE_TO_METAL_IONS,0.5334554796489623,1.6933611159436148,0.017420157610949814,0.040881164050931534,0.886,8/13,8.22%,ENSG00000205358;ENSG00000125144;ENSG00000205362;ENSG00000169715;ENSG00000205364;ENSG00000125148;ENSG00000087250;ENSG00000198417
prerank,REACTOME_CYTOSOLIC_TRNA_AMINOACYLATION,0.4489409128138123,1.69132680985406,0.013255567338282079,0.04123689646995261,0.8891,4/24,1.50%,ENSG00000065427;ENSG00000134440;ENSG00000179115;ENSG00000115866
prerank,REACTOME_BASIGIN_INTERACTIONS,0.4399320876908996,1.6863316851406291,0.013281682346430549,0.042215169903778806,0.8957,6/25,2.82%,ENSG00000005884;ENSG00000069849;ENSG00000172270;ENSG00000196262;ENSG00000141526;ENSG00000198910
prerank,REACTOME_HIV_ELONGATION_ARREST_AND_RECOVERY,0.41381211619462605,1.6868714158114781,0.006238303181534623,0.042261851532072695,0.895,7/32,3.59%,ENSG00000149136;ENSG00000196235;ENSG00000092201;ENSG00000099817;ENSG00000177700;ENSG00000181222;ENSG00000185049
prerank,REACTOME_N_GLYCAN_TRIMMING_IN_THE_ER_AND_CALNEXIN_CALRETICULIN_CYCLE,0.4040455789675954,1.683829517339366,0.005252790544977019,0.04271515993567761,0.8993,9/35,2.99%,ENSG00000150991;ENSG00000100764;ENSG00000110917;ENSG00000127022;ENSG00000089597;ENSG00000165280;ENSG00000179218;ENSG00000167004;ENSG00000135506
prerank,REACTOME_CREATION_OF_C4_AND_C2_ACTIVATORS,0.35143521026908925,1.6794401331826414,0.000970873786407767,0.04328145421845963,0.906,24/67,14.76%,ENSG00000241244;ENSG00000242534;ENSG00000244116;ENSG00000239571;ENSG00000243290;ENSG00000240382;ENSG00000243238;ENSG00000173369;ENSG00000241351;ENSG00000240864;ENSG00000239951;ENSG00000211653;ENSG00000211652;ENSG00000211893;ENSG00000211959;ENSG00000211973;ENSG00000224373;ENSG00000211962;ENSG00000211967;ENSG00000211660;ENSG00000242371;ENSG00000211677;ENSG00000211892;ENSG00000211896
prerank,REACTOME_TRIGLYCERIDE_CATABOLISM,0.4497786906491376,1.67984846365495,0.013577023498694517,0.04338052302005121,0.9054,5/22,2.57%,ENSG00000213639;ENSG00000115159;ENSG00000172531;ENSG00000105355;ENSG00000072062
prerank,REACTOME_POTENTIAL_THERAPEUTICS_FOR_SARS,0.30240947468696866,1.6802674134113451,0.0,0.04346657236308285,0.9046,22/150,5.68%,ENSG00000111642;ENSG00000116478;ENSG00000088832;ENSG00000177885;ENSG00000004478;ENSG00000241244;ENSG00000069849;ENSG00000096384;ENSG00000161203;ENSG00000080824;ENSG00000163399;ENSG00000042753;ENSG00000242534;ENSG00000244116;ENSG00000112715;ENSG00000239571;ENSG00000243290;ENSG00000240382;ENSG00000243238;ENSG00000241351;ENSG00000240864;ENSG00000162434
prerank,REACTOME_THE_ROLE_OF_NEF_IN_HIV_1_REPLICATION_AND_DISEASE_PATHOGENESIS,0.42748148639576,1.6770555597818049,0.010477299185098952,0.04371023873149608,0.9093,9/28,10.16%,ENSG00000100280;ENSG00000161203;ENSG00000106367;ENSG00000143761;ENSG00000042753;ENSG00000172116;ENSG00000178562;ENSG00000129354;ENSG00000101336
prerank,REACTOME_DOWNREGULATION_OF_TGF_BETA_RECEPTOR_SIGNALING,0.43135810092913524,1.6745966086007857,0.01670378619153675,0.044241815978003564,0.9129,6/26,2.45%,ENSG00000166949;ENSG00000150991;ENSG00000082898;ENSG00000213639;ENSG00000105329;ENSG00000172531
prerank,REACTOME_GLUCOCORTICOID_BIOSYNTHESIS,0.5723804963690052,1.6732212503761867,0.023064250411861616,0.04439872951775316,0.9146,10/10,42.78%,ENSG00000179142;ENSG00000160882;ENSG00000117594;ENSG00000115138;ENSG00000148795;ENSG00000203857;ENSG00000170099;ENSG00000176387;ENSG00000231852;ENSG00000203859
prerank,REACTOME_AEROBIC_RESPIRATION_AND_RESPIRATORY_ELECTRON_TRANSPORT,0.2850279169425278,1.667855499094897,0.0,0.04450817263651164,0.9211,37/255,2.66%,ENSG00000166411;ENSG00000073578;ENSG00000125166;ENSG00000131828;ENSG00000062485;ENSG00000067992;ENSG00000150991;ENSG00000143252;ENSG00000067829;ENSG00000158864;ENSG00000101365;ENSG00000105953;ENSG00000136143;ENSG00000139180;ENSG00000134333;ENSG00000140374;ENSG00000173660;ENSG00000154518;ENSG00000179091;ENSG00000186010;ENSG00000159199;ENSG00000241468;ENSG00000014641;ENSG00000178741;ENSG00000108528;ENSG00000168653;ENSG00000100412;ENSG00000010256;ENSG00000213585;ENSG00000126267;ENSG00000110955;ENSG00000167863;ENSG00000101019;ENSG00000126602;ENSG00000152234;ENSG00000166136;ENSG00000165629
prerank,REACTOME_TYPE_I_HEMIDESMOSOME_ASSEMBLY,0.5597377125657511,1.6717165120485191,0.025186934277843367,0.04461521868544917,0.9164,2/11,1.87%,ENSG00000178209;ENSG00000177697
prerank,REACTOME_LDL_CLEARANCE,0.47260087761423253,1.6709214866311128,0.020066889632107024,0.044618115831103485,0.9175,4/18,2.55%,ENSG00000144959;ENSG00000161203;ENSG00000141367;ENSG00000042753
prerank,REACTOME_INSERTION_OF_TAIL_ANCHORED_PROTEINS_INTO_THE_ENDOPLASMIC_RETICULUM_MEMBRANE,0.45322515731281887,1.670088006872266,0.013185654008438819,0.044669322597589295,0.9181,5/22,2.81%,ENSG00000204463;ENSG00000106089;ENSG00000198356;ENSG00000132432;ENSG00000142192
prerank,REACTOME_REGULATION_OF_MITF_M_DEPENDENT_GENES_INVOLVED_IN_LYSOSOME_BIOGENESIS_AND_AUTOPHAGY,0.4852108886717529,1.6679372888973973,0.018770530267480056,0.04467452098815617,0.921,5/17,1.73%,ENSG00000131100;ENSG00000114573;ENSG00000147416;ENSG00000159720;ENSG00000185883
prerank,REACTOME_SCAVENGING_OF_HEME_FROM_PLASMA,0.3487480327816412,1.6685939526437648,0.003755868544600939,0.044675908978975186,0.9205,23/65,13.12%,ENSG00000241244;ENSG00000242534;ENSG00000244116;ENSG00000239571;ENSG00000243290;ENSG00000240382;ENSG00000243238;ENSG00000206172;ENSG00000241351;ENSG00000240864;ENSG00000188536;ENSG00000106927;ENSG00000239951;ENSG00000211653;ENSG00000211652;ENSG00000211959;ENSG00000211973;ENSG00000224373;ENSG00000211890;ENSG00000211962;ENSG00000177575;ENSG00000211967;ENSG00000211660
prerank,REACTOME_RIPK1_MEDIATED_REGULATED_NECROSIS,0.4081602770937086,1.6663824946336345,0.011457670273711012,0.04472697606908395,0.9224,5/32,1.66%,ENSG00000150991;ENSG00000132589;ENSG00000137312;ENSG00000105401;ENSG00000080824
prerank,REACTOME_HEMOSTASIS,0.24555705141041484,1.6686987485023248,0.0,0.044841740682659975,0.9204,81/626,5.49%,ENSG00000077549;ENSG00000127824;ENSG00000126214;ENSG00000131236;ENSG00000137076;ENSG00000170949;ENSG00000116688;ENSG00000116478;ENSG00000067560;ENSG00000169375;ENSG00000143369;ENSG00000158710;ENSG00000157193;ENSG00000035403;ENSG00000026508;ENSG00000138798;ENSG00000162433;ENSG00000103653;ENSG00000078369;ENSG00000182718;ENSG00000177885;ENSG00000197747;ENSG00000071127;ENSG00000005884;ENSG00000197746;ENSG00000241244;ENSG00000124145;ENSG00000069849;ENSG00000087460;ENSG00000174775;ENSG00000172270;ENSG00000196924;ENSG00000105329;ENSG00000130402;ENSG00000172757;ENSG00000156535;ENSG00000075624;ENSG00000116260;ENSG00000198898;ENSG00000167553;ENSG00000090863;ENSG00000196262;ENSG00000108561;ENSG00000108518;ENSG00000164111;ENSG00000072110;ENSG00000105568;ENSG00000138430;ENSG00000108946;ENSG00000063660;ENSG00000123416;ENSG00000141526;ENSG00000072062;ENSG00000188229;ENSG00000174437;ENSG00000258947;ENSG00000142192;ENSG00000242534;ENSG00000198910;ENSG00000244116;ENSG00000094916;ENSG00000112715;ENSG00000135404;ENSG00000135919;ENSG00000114353;ENSG00000239571;ENSG00000171132;ENSG00000084234;ENSG00000243290;ENSG00000102265;ENSG00000240382;ENSG00000243238;ENSG00000100311;ENSG00000179348;ENSG00000241351;ENSG00000058866;ENSG00000101981;ENSG00000090534;ENSG00000167244;ENSG00000164220;ENSG00000240864
prerank,REACTOME_G1_S_SPECIFIC_TRANSCRIPTION,-0.5567470570380483,-1.7553894932244194,0.0007222824124232575,0.04541838237006726,0.6622,17/29,17.31%,ENSG00000171848;ENSG00000189308;ENSG00000170312;ENSG00000164045;ENSG00000094804;ENSG00000176890;ENSG00000183814;ENSG00000132646;ENSG00000167513;ENSG00000169016;ENSG00000198176;ENSG00000093009;ENSG00000112029;ENSG00000101412;ENSG00000133740;ENSG00000080839;ENSG00000205659
prerank,REACTOME_AUTOPHAGY,0.3010554310629961,1.6604891484789335,0.0,0.04618059788392907,0.9277,22/155,2.77%,ENSG00000127824;ENSG00000116688;ENSG00000150991;ENSG00000026025;ENSG00000197102;ENSG00000078668;ENSG00000197548;ENSG00000109971;ENSG00000096384;ENSG00000080824;ENSG00000204435;ENSG00000167553;ENSG00000198925;ENSG00000213585;ENSG00000130724;ENSG00000116288;ENSG00000165637;ENSG00000165280;ENSG00000123416;ENSG00000105355;ENSG00000188229;ENSG00000258947
prerank,REACTOME_MITF_M_REGULATED_MELANOCYTE_DEVELOPMENT,0.2971888049790793,1.6530431884428933,0.0,0.047809265828513615,0.936,21/156,3.83%,ENSG00000128245;ENSG00000065427;ENSG00000131100;ENSG00000131504;ENSG00000114573;ENSG00000116478;ENSG00000169375;ENSG00000147416;ENSG00000159720;ENSG00000082898;ENSG00000197535;ENSG00000170027;ENSG00000115866;ENSG00000108953;ENSG00000166913;ENSG00000185883;ENSG00000075624;ENSG00000127616;ENSG00000099956;ENSG00000154342;ENSG00000137203
prerank,REACTOME_CYTOKINE_SIGNALING_IN_IMMUNE_SYSTEM,0.24699990244602238,1.6536490093368132,0.0,0.0478380096412728,0.9356,74/722,3.00%,ENSG00000127824;ENSG00000166949;ENSG00000213024;ENSG00000130706;ENSG00000068305;ENSG00000150991;ENSG00000169032;ENSG00000108861;ENSG00000151694;ENSG00000140464;ENSG00000026508;ENSG00000026025;ENSG00000103653;ENSG00000100902;ENSG00000100804;ENSG00000087191;ENSG00000094914;ENSG00000182718;ENSG00000100764;ENSG00000177885;ENSG00000106089;ENSG00000103035;ENSG00000165458;ENSG00000175166;ENSG00000013275;ENSG00000177156;ENSG00000147065;ENSG00000109971;ENSG00000108671;ENSG00000185627;ENSG00000184009;ENSG00000174775;ENSG00000173692;ENSG00000114738;ENSG00000108344;ENSG00000196924;ENSG00000115233;ENSG00000105329;ENSG00000080824;ENSG00000172757;ENSG00000075624;ENSG00000110321;ENSG00000135829;ENSG00000041357;ENSG00000166598;ENSG00000184216;ENSG00000100644;ENSG00000167553;ENSG00000101182;ENSG00000108424;ENSG00000196262;ENSG00000102900;ENSG00000099341;ENSG00000114867;ENSG00000129351;ENSG00000127022;ENSG00000127616;ENSG00000126067;ENSG00000165916;ENSG00000105568;ENSG00000148834;ENSG00000065978;ENSG00000142507;ENSG00000143761;ENSG00000123416;ENSG00000072062;ENSG00000122566;ENSG00000188229;ENSG00000185624;ENSG00000258947;ENSG00000182481;ENSG00000142192;ENSG00000075618;ENSG00000112715
prerank,REACTOME_DISORDERS_OF_DEVELOPMENTAL_BIOLOGY,0.47708976025987326,1.6540847779478187,0.01753531417437896,0.04789045154637319,0.9349,4/18,2.57%,ENSG00000171720;ENSG00000116478;ENSG00000169375;ENSG00000072062
prerank,REACTOME_MITOCHONDRIAL_PROTEIN_IMPORT,0.3482317743219696,1.6504568551855041,0.0037914691943127963,0.048368882929535534,0.9384,11/62,2.54%,ENSG00000062485;ENSG00000109519;ENSG00000067829;ENSG00000107959;ENSG00000179091;ENSG00000159199;ENSG00000100412;ENSG00000213585;ENSG00000110955;ENSG00000152234;ENSG00000166136
prerank,REACTOME_CYCLIN_A_B1_B2_ASSOCIATED_EVENTS_DURING_G2_M_TRANSITION,-0.5356317560706012,-1.7338139194560154,0.0022689276331502267,0.049956877332700045,0.7595,16/32,9.11%,ENSG00000166851;ENSG00000134057;ENSG00000140534;ENSG00000145386;ENSG00000170312;ENSG00000164045;ENSG00000123374;ENSG00000123485;ENSG00000166483;ENSG00000101224;ENSG00000129810;ENSG00000158402;ENSG00000136122;ENSG00000127564;ENSG00000157456;ENSG00000104695
prerank,REACTOME_ACTIVATION_OF_THE_PRE_REPLICATIVE_COMPLEX,-0.5370749106811531,-1.744095165481008,0.001078877966914409,0.050167005059799416,0.7125,17/32,13.48%,ENSG00000094804;ENSG00000065328;ENSG00000123374;ENSG00000106399;ENSG00000198056;ENSG00000100479;ENSG00000204086;ENSG00000006634;ENSG00000167513;ENSG00000125885;ENSG00000091651;ENSG00000093009;ENSG00000115350;ENSG00000135336;ENSG00000014138;ENSG00000112312;ENSG00000117748
prerank,REACTOME_MECP2_REGULATES_NEURONAL_RECEPTORS_AND_CHANNELS,0.46979359071186855,1.6418471181583951,0.021621621621621623,0.05036849267853541,0.9459,3/18,0.75%,ENSG00000116478;ENSG00000169375;ENSG00000059804
prerank,REACTOME_MITOCHONDRIAL_CALCIUM_ION_TRANSPORT,0.43683336248784777,1.6418828976619735,0.0136986301369863,0.050563007146916,0.9459,5/23,2.46%,ENSG00000078668;ENSG00000107745;ENSG00000167085;ENSG00000213585;ENSG00000165637
prerank,REACTOME_KERATINIZATION,0.3134559241716328,1.6423691260056092,0.0,0.050645066594075555,0.9458,38/113,14.83%,ENSG00000014216;ENSG00000126247;ENSG00000178172;ENSG00000186207;ENSG00000187223;ENSG00000169474;ENSG00000134762;ENSG00000186049;ENSG00000104055;ENSG00000205420;ENSG00000170486;ENSG00000163202;ENSG00000170523;ENSG00000186844;ENSG00000129437;ENSG00000171401;ENSG00000204889;ENSG00000171403;ENSG00000163216;ENSG00000187180;ENSG00000189337;ENSG00000172155;ENSG00000081277;ENSG00000244094;ENSG00000235942;ENSG00000185479;ENSG00000204021;ENSG00000204539;ENSG00000144283;ENSG00000108244;ENSG00000203782;ENSG00000167754;ENSG00000196734;ENSG00000159455;ENSG00000186832;ENSG00000196805;ENSG00000124102;ENSG00000204572
prerank,REACTOME_NONSENSE_MEDIATED_DECAY_NMD,-0.43764374411986606,-1.729439429851295,0.0,0.05079620878694198,0.7774,67/109,34.03%,ENSG00000105640;ENSG00000198755;ENSG00000149806;ENSG00000221983;ENSG00000115268;ENSG00000136942;ENSG00000105372;ENSG00000177600;ENSG00000089157;ENSG00000130255;ENSG00000162244;ENSG00000182899;ENSG00000109475;ENSG00000142541;ENSG00000137818;ENSG00000172809;ENSG00000142676;ENSG00000131469;ENSG00000110700;ENSG00000167526;ENSG00000142534;ENSG00000177954;ENSG00000144713;ENSG00000163923;ENSG00000116251;ENSG00000063177;ENSG00000100316;ENSG00000185088;ENSG00000156482;ENSG00000140988;ENSG00000171858;ENSG00000071082;ENSG00000108298;ENSG00000113575;ENSG00000143947;ENSG00000148303;ENSG00000125691;ENSG00000265681;ENSG00000165496;ENSG00000111196;ENSG00000197728;ENSG00000118181;ENSG00000124614;ENSG00000161016;ENSG00000037241;ENSG00000145592;ENSG00000149273;ENSG00000188846;ENSG00000108107;ENSG00000161970;ENSG00000105193;ENSG00000163584;ENSG00000197756;ENSG00000136937;ENSG00000229117;ENSG00000198242;ENSG00000145425;ENSG00000138326;ENSG00000134419;ENSG00000170889;ENSG00000083845;ENSG00000140986;ENSG00000197958;ENSG00000171863;ENSG00000070756;ENSG00000089009;ENSG00000137154
prerank,REACTOME_E2F_MEDIATED_REGULATION_OF_DNA_REPLICATION,-0.5848463974720362,-1.7338913104961018,0.0013600395647873392,0.05226280796339723,0.7591,13/22,17.00%,ENSG00000134057;ENSG00000170312;ENSG00000198056;ENSG00000125885;ENSG00000091651;ENSG00000198176;ENSG00000104695;ENSG00000101412;ENSG00000135336;ENSG00000014138;ENSG00000167393;ENSG00000113575;ENSG00000115942
prerank,REACTOME_EUKARYOTIC_TRANSLATION_INITIATION,-0.43687933732618034,-1.735971302542006,0.0,0.053285385578161905,0.7489,76/115,34.38%,ENSG00000105640;ENSG00000198755;ENSG00000149806;ENSG00000221983;ENSG00000115268;ENSG00000136942;ENSG00000105372;ENSG00000177600;ENSG00000089157;ENSG00000130255;ENSG00000162244;ENSG00000182899;ENSG00000109475;ENSG00000142541;ENSG00000137818;ENSG00000172809;ENSG00000178982;ENSG00000142676;ENSG00000131469;ENSG00000175390;ENSG00000110700;ENSG00000158417;ENSG00000167526;ENSG00000142534;ENSG00000177954;ENSG00000144713;ENSG00000163923;ENSG00000116251;ENSG00000063177;ENSG00000100316;ENSG00000185088;ENSG00000156482;ENSG00000140988;ENSG00000171858;ENSG00000071082;ENSG00000187840;ENSG00000108298;ENSG00000184110;ENSG00000143947;ENSG00000148303;ENSG00000125691;ENSG00000265681;ENSG00000165496;ENSG00000197728;ENSG00000118181;ENSG00000124614;ENSG00000161016;ENSG00000037241;ENSG00000145592;ENSG00000104131;ENSG00000149273;ENSG00000100129;ENSG00000188846;ENSG00000108107;ENSG00000161960;ENSG00000125977;ENSG00000161970;ENSG00000105193;ENSG00000163584;ENSG00000197756;ENSG00000070785;ENSG00000229117;ENSG00000198242;ENSG00000145425;ENSG00000138326;ENSG00000134419;ENSG00000170889;ENSG00000083845;ENSG00000140986;ENSG00000151247;ENSG00000197958;ENSG00000171863;ENSG00000070756;ENSG00000089009;ENSG00000137154;ENSG00000156976
prerank,REACTOME_DENGUE_VIRUS_ACTIVATES_MODULATES_INNATE_AND_ADAPTIVE_IMMUNE_RESPONSES,0.4038927695191841,1.6255089080180216,0.015651201788708775,0.05543794947746621,0.9605,5/30,5.23%,ENSG00000140464;ENSG00000096384;ENSG00000006712;ENSG00000080824;ENSG00000166477
prerank,REACTOME_TGF_BETA_RECEPTOR_SIGNALING_ACTIVATES_SMADS,0.3628730057826153,1.6241679912194882,0.008289374529012811,0.055692942643997385,0.9614,9/46,2.45%,ENSG00000166949;ENSG00000150991;ENSG00000088832;ENSG00000082898;ENSG00000213639;ENSG00000105329;ENSG00000082781;ENSG00000129559;ENSG00000172531
prerank,REACTOME_TGF_BETA_RECEPTOR_SIGNALING_IN_EMT_EPITHELIAL_TO_MESENCHYMAL_TRANSITION,0.4796430709501017,1.6223352467672938,0.029580152671755726,0.056130452909877095,0.9629,4/16,1.62%,ENSG00000067560;ENSG00000150991;ENSG00000088832;ENSG00000105329
prerank,REACTOME_INSULIN_RECEPTOR_RECYCLING,0.4027536737156886,1.6205548865784938,0.016033254156769598,0.05651691223782312,0.9642,7/30,3.18%,ENSG00000131100;ENSG00000114573;ENSG00000147416;ENSG00000159720;ENSG00000117984;ENSG00000185883;ENSG00000071553
prerank,REACTOME_PLATELET_ACTIVATION_SIGNALING_AND_AGGREGATION,0.2715232093379208,1.6166195906801553,0.0,0.057699925364515216,0.9659,36/251,5.46%,ENSG00000127824;ENSG00000131236;ENSG00000137076;ENSG00000067560;ENSG00000143369;ENSG00000158710;ENSG00000035403;ENSG00000138798;ENSG00000103653;ENSG00000078369;ENSG00000177885;ENSG00000071127;ENSG00000197746;ENSG00000196924;ENSG00000105329;ENSG00000130402;ENSG00000172757;ENSG00000156535;ENSG00000116260;ENSG00000196262;ENSG00000108518;ENSG00000164111;ENSG00000072110;ENSG00000138430;ENSG00000142192;ENSG00000112715;ENSG00000135404;ENSG00000114353;ENSG00000171132;ENSG00000084234;ENSG00000102265;ENSG00000100311;ENSG00000058866;ENSG00000090534;ENSG00000167244;ENSG00000164220
prerank,REACTOME_RECRUITMENT_OF_MITOTIC_CENTROSOME_PROTEINS_AND_COMPLEXES,0.32370617407493135,1.6153478749092678,0.0011976047904191617,0.05788844533480643,0.9667,14/80,2.86%,ENSG00000127824;ENSG00000130640;ENSG00000101367;ENSG00000197102;ENSG00000175203;ENSG00000170027;ENSG00000080824;ENSG00000108953;ENSG00000138107;ENSG00000105568;ENSG00000204843;ENSG00000072062;ENSG00000188229;ENSG00000131462
prerank,REACTOME_INITIAL_TRIGGERING_OF_COMPLEMENT,0.3318281278882216,1.6139693380892643,0.002152852529601722,0.05813724556155051,0.9675,27/75,14.76%,ENSG00000241244;ENSG00000242534;ENSG00000244116;ENSG00000239571;ENSG00000243290;ENSG00000240382;ENSG00000243238;ENSG00000173369;ENSG00000241351;ENSG00000240864;ENSG00000239951;ENSG00000125730;ENSG00000211653;ENSG00000243649;ENSG00000211652;ENSG00000211893;ENSG00000211959;ENSG00000211973;ENSG00000224373;ENSG00000211962;ENSG00000211967;ENSG00000211660;ENSG00000244731;ENSG00000242371;ENSG00000211677;ENSG00000211892;ENSG00000211896
prerank,REACTOME_LATE_ENDOSOMAL_MICROAUTOPHAGY,0.3893800293140337,1.60665892367048,0.013924050632911392,0.06060310403343062,0.9712,6/34,2.54%,ENSG00000150991;ENSG00000026025;ENSG00000109971;ENSG00000130724;ENSG00000116288;ENSG00000105355
prerank,REACTOME_MATURATION_OF_DENV_PROTEINS,0.35140783060111186,1.6056701665584567,0.004830917874396135,0.06073745952852595,0.9719,13/51,3.08%,ENSG00000150991;ENSG00000082898;ENSG00000108424;ENSG00000127022;ENSG00000185624;ENSG00000118705;ENSG00000179218;ENSG00000182481;ENSG00000167004;ENSG00000244038;ENSG00000122884;ENSG00000163902;ENSG00000072682
prerank,REACTOME_TANDEM_PORE_DOMAIN_POTASSIUM_CHANNELS,0.5367655599256509,1.6034741874931822,0.03604325190228274,0.061263936456565575,0.9734,8/11,15.79%,ENSG00000171303;ENSG00000169427;ENSG00000124780;ENSG00000182450;ENSG00000135750;ENSG00000152315;ENSG00000099337;ENSG00000082482
prerank,REACTOME_FCGR3A_MEDIATED_IL10_SYNTHESIS,0.3153032932305651,1.6006689445495872,0.001336898395721925,0.06211102702523529,0.976,33/90,14.76%,ENSG00000241244;ENSG00000108946;ENSG00000072062;ENSG00000242534;ENSG00000244116;ENSG00000239571;ENSG00000243290;ENSG00000129467;ENSG00000240382;ENSG00000136634;ENSG00000243238;ENSG00000203747;ENSG00000241351;ENSG00000240864;ENSG00000239951;ENSG00000000938;ENSG00000211653;ENSG00000211652;ENSG00000160654;ENSG00000078295;ENSG00000211893;ENSG00000101336;ENSG00000211959;ENSG00000211973;ENSG00000224373;ENSG00000211962;ENSG00000211967;ENSG00000211660;ENSG00000173175;ENSG00000242371;ENSG00000211677;ENSG00000211892;ENSG00000211896
prerank,REACTOME_PHOSPHORYLATION_AND_NUCLEAR_TRANSLOCATION_OF_THE_CRY_PER_KINASE_COMPLEX,0.5056162565705076,1.5984355119883065,0.03653355989804588,0.062497775771162896,0.9775,3/13,2.45%,ENSG00000213639;ENSG00000204435;ENSG00000172531
prerank,REACTOME_SHC1_EVENTS_IN_ERBB2_SIGNALING,0.43063678942827627,1.5989737329597922,0.028616852146263912,0.06253837328869691,0.9771,4/22,3.35%,ENSG00000138798;ENSG00000177885;ENSG00000174775;ENSG00000171132
prerank,REACTOME_ANTIGEN_PROCESSING_UBIQUITINATION_PROTEASOME_DEGRADATION,0.267226261436595,1.5976108098355153,0.0,0.06257770524454195,0.9779,31/292,2.47%,ENSG00000064726;ENSG00000130706;ENSG00000170633;ENSG00000009335;ENSG00000150991;ENSG00000131653;ENSG00000157450;ENSG00000141279;ENSG00000159202;ENSG00000175931;ENSG00000100902;ENSG00000100804;ENSG00000087191;ENSG00000197548;ENSG00000099364;ENSG00000100764;ENSG00000103035;ENSG00000175166;ENSG00000013275;ENSG00000108671;ENSG00000185627;ENSG00000130985;ENSG00000173692;ENSG00000108344;ENSG00000115233;ENSG00000041357;ENSG00000101182;ENSG00000099341;ENSG00000126067;ENSG00000165916;ENSG00000142507
prerank,REACTOME_NERVOUS_SYSTEM_DEVELOPMENT,0.25003923513003834,1.5965859489850769,0.0,0.0627444336451265,0.9782,65/545,2.95%,ENSG00000127824;ENSG00000125753;ENSG00000131236;ENSG00000137076;ENSG00000130706;ENSG00000198911;ENSG00000067560;ENSG00000150991;ENSG00000169032;ENSG00000115091;ENSG00000163466;ENSG00000138071;ENSG00000100902;ENSG00000100804;ENSG00000079805;ENSG00000087191;ENSG00000100345;ENSG00000100764;ENSG00000177885;ENSG00000197694;ENSG00000103035;ENSG00000011009;ENSG00000175166;ENSG00000013275;ENSG00000147065;ENSG00000109971;ENSG00000108671;ENSG00000096384;ENSG00000161203;ENSG00000092964;ENSG00000185627;ENSG00000184009;ENSG00000174775;ENSG00000173692;ENSG00000108344;ENSG00000141367;ENSG00000092841;ENSG00000115233;ENSG00000080824;ENSG00000204435;ENSG00000172757;ENSG00000075624;ENSG00000041357;ENSG00000137845;ENSG00000167553;ENSG00000101182;ENSG00000108518;ENSG00000099341;ENSG00000114867;ENSG00000127616;ENSG00000126067;ENSG00000165916;ENSG00000130429;ENSG00000106683;ENSG00000142507;ENSG00000241685;ENSG00000063660;ENSG00000123416;ENSG00000042753;ENSG00000072062;ENSG00000188229;ENSG00000258947;ENSG00000198910;ENSG00000196923;ENSG00000241553
prerank,REACTOME_TRANSLATION,0.2605175163517572,1.595059328545041,0.0,0.06306376048693903,0.9791,46/360,3.05%,ENSG00000065427;ENSG00000243927;ENSG00000130706;ENSG00000150991;ENSG00000134440;ENSG00000163516;ENSG00000242372;ENSG00000100902;ENSG00000100804;ENSG00000087191;ENSG00000106682;ENSG00000100764;ENSG00000106263;ENSG00000103035;ENSG00000070010;ENSG00000179115;ENSG00000175166;ENSG00000013275;ENSG00000108671;ENSG00000067704;ENSG00000185627;ENSG00000115866;ENSG00000173692;ENSG00000108344;ENSG00000167881;ENSG00000115233;ENSG00000074071;ENSG00000041357;ENSG00000086504;ENSG00000158042;ENSG00000101182;ENSG00000178952;ENSG00000132432;ENSG00000099341;ENSG00000114867;ENSG00000126067;ENSG00000084623;ENSG00000165916;ENSG00000125445;ENSG00000142507;ENSG00000165280;ENSG00000140319;ENSG00000164062;ENSG00000118705;ENSG00000244038;ENSG00000163902
prerank,REACTOME_METABOLISM_OF_RNA,0.2616547200736097,1.5903797002265636,0.0,0.06408382343633706,0.9806,74/720,2.88%,ENSG00000119392;ENSG00000213024;ENSG00000165119;ENSG00000130706;ENSG00000244509;ENSG00000130520;ENSG00000167721;ENSG00000150991;ENSG00000144028;ENSG00000141456;ENSG00000132463;ENSG00000125755;ENSG00000132792;ENSG00000108883;ENSG00000189091;ENSG00000100902;ENSG00000104783;ENSG00000183258;ENSG00000100804;ENSG00000082898;ENSG00000087191;ENSG00000100029;ENSG00000094914;ENSG00000100764;ENSG00000105771;ENSG00000174231;ENSG00000006744;ENSG00000108592;ENSG00000103035;ENSG00000153187;ENSG00000136450;ENSG00000079785;ENSG00000213639;ENSG00000109606;ENSG00000111605;ENSG00000175166;ENSG00000013275;ENSG00000109971;ENSG00000108671;ENSG00000115053;ENSG00000185627;ENSG00000173692;ENSG00000108344;ENSG00000099783;ENSG00000087365;ENSG00000087087;ENSG00000196235;ENSG00000115233;ENSG00000089280;ENSG00000092199;ENSG00000166913;ENSG00000135829;ENSG00000041357;ENSG00000101182;ENSG00000099817;ENSG00000102900;ENSG00000132341;ENSG00000077312;ENSG00000177700;ENSG00000099341;ENSG00000104824;ENSG00000114867;ENSG00000181222;ENSG00000126067;ENSG00000165916;ENSG00000105568;ENSG00000163634;ENSG00000172531;ENSG00000065978;ENSG00000142507;ENSG00000165733;ENSG00000122566;ENSG00000145833;ENSG00000140350
prerank,REACTOME_TRNA_AMINOACYLATION,0.36435386193098235,1.5907801060463163,0.008106116433308769,0.0641804469579428,0.9804,5/42,1.50%,ENSG00000065427;ENSG00000134440;ENSG00000179115;ENSG00000067704;ENSG00000115866
prerank,REACTOME_RHO_GTPASE_EFFECTORS,0.2745943275796413,1.591066452072136,0.0,0.0643336612392989,0.9802,41/275,3.29%,ENSG00000128245;ENSG00000127824;ENSG00000126214;ENSG00000131504;ENSG00000213672;ENSG00000067560;ENSG00000115091;ENSG00000044115;ENSG00000140575;ENSG00000163466;ENSG00000134308;ENSG00000138071;ENSG00000101367;ENSG00000085733;ENSG00000197102;ENSG00000082898;ENSG00000100401;ENSG00000100345;ENSG00000177885;ENSG00000213639;ENSG00000170027;ENSG00000184009;ENSG00000196924;ENSG00000092841;ENSG00000108953;ENSG00000166913;ENSG00000172757;ENSG00000075624;ENSG00000126777;ENSG00000167553;ENSG00000254999;ENSG00000108518;ENSG00000105568;ENSG00000130429;ENSG00000106683;ENSG00000241685;ENSG00000123416;ENSG00000188229;ENSG00000258947;ENSG00000241553;ENSG00000198901
prerank,REACTOME_HCMV_INFECTION,0.3032069185526972,1.5869846134395886,0.0018181818181818182,0.06512983930122584,0.9815,15/114,2.77%,ENSG00000127824;ENSG00000213024;ENSG00000165119;ENSG00000171720;ENSG00000140464;ENSG00000197102;ENSG00000094914;ENSG00000132612;ENSG00000167553;ENSG00000130726;ENSG00000102900;ENSG00000130724;ENSG00000123416;ENSG00000188229;ENSG00000258947
prerank,REACTOME_DISEASES_OF_BRANCHED_CHAIN_AMINO_ACID_CATABOLISM,0.500368758372902,1.5843181499603591,0.04626026805015132,0.06587887965584131,0.9828,3/13,2.74%,ENSG00000248098;ENSG00000103507;ENSG00000127884
prerank,REACTOME_ACTIVATION_OF_ATR_IN_RESPONSE_TO_REPLICATION_STRESS,-0.5175164091504496,-1.702265767233566,0.0019000118750742193,0.06683673531932004,0.8729,20/35,20.44%,ENSG00000164045;ENSG00000094804;ENSG00000065328;ENSG00000123374;ENSG00000106399;ENSG00000149554;ENSG00000158402;ENSG00000006634;ENSG00000125885;ENSG00000091651;ENSG00000111445;ENSG00000093009;ENSG00000163918;ENSG00000049541;ENSG00000135336;ENSG00000117748;ENSG00000115942;ENSG00000092853;ENSG00000097046;ENSG00000133119
prerank,REACTOME_RHO_GTPASES_ACTIVATE_FORMINS,-0.42267048457159884,-1.7040871648673164,0.0,0.06795646291526763,0.8678,50/138,9.56%,ENSG00000166851;ENSG00000143228;ENSG00000115163;ENSG00000178999;ENSG00000089685;ENSG00000198033;ENSG00000156970;ENSG00000134690;ENSG00000152253;ENSG00000138778;ENSG00000142945;ENSG00000080986;ENSG00000117399;ENSG00000153044;ENSG00000155366;ENSG00000137267;ENSG00000197122;ENSG00000167552;ENSG00000102384;ENSG00000137812;ENSG00000121621;ENSG00000117724;ENSG00000174442;ENSG00000161888;ENSG00000070087;ENSG00000104833;ENSG00000129810;ENSG00000072864;ENSG00000150093;ENSG00000120334;ENSG00000166451;ENSG00000175216;ENSG00000184445;ENSG00000101162;ENSG00000157020;ENSG00000149636;ENSG00000164109;ENSG00000123219;ENSG00000173156;ENSG00000068971;ENSG00000154839;ENSG00000186871;ENSG00000151725;ENSG00000075188;ENSG00000175279;ENSG00000169679;ENSG00000040275;ENSG00000163535;ENSG00000104695;ENSG00000107404
prerank,REACTOME_TURBULENT_OSCILLATORY_DISTURBED_FLOW_SHEAR_STRESS_ACTIVATES_SIGNALING_BY_PIEZO1_AND_INTEGRINS_IN_ENDOTHELIAL_CELLS,0.39026505761825603,1.5770522153258588,0.01840855106888361,0.06849483393277304,0.9852,5/29,3.11%,ENSG00000035403;ENSG00000182718;ENSG00000105568;ENSG00000126247;ENSG00000162909
prerank,REACTOME_TRANSFERRIN_ENDOCYTOSIS_AND_RECYCLING,0.38595183270827244,1.573146283853525,0.022235576923076924,0.0698633799217923,0.9869,7/31,3.18%,ENSG00000131100;ENSG00000114573;ENSG00000147416;ENSG00000159720;ENSG00000185883;ENSG00000072274;ENSG00000071553
prerank,REACTOME_IRF3_MEDIATED_INDUCTION_OF_TYPE_I_IFN,0.4982064910207875,1.5713281006358262,0.03781693167168027,0.07032598784700268,0.9874,3/13,2.67%,ENSG00000183258;ENSG00000196419;ENSG00000079246
prerank,REACTOME_TRANSPORT_TO_THE_GOLGI_AND_SUBSEQUENT_MODIFICATION,0.2746428196208787,1.5697551854026122,0.0,0.07068946018185826,0.988,25/182,3.39%,ENSG00000077549;ENSG00000127824;ENSG00000161013;ENSG00000103051;ENSG00000073969;ENSG00000105063;ENSG00000197102;ENSG00000175203;ENSG00000197694;ENSG00000134287;ENSG00000138107;ENSG00000105669;ENSG00000198898;ENSG00000174903;ENSG00000122218;ENSG00000167553;ENSG00000204843;ENSG00000143761;ENSG00000123416;ENSG00000188229;ENSG00000170043;ENSG00000105438;ENSG00000258947;ENSG00000166557;ENSG00000184840
prerank,REACTOME_VESICLE_MEDIATED_TRANSPORT,0.238593062935131,1.5684819331704332,0.0,0.07095489843291855,0.9884,84/711,4.12%,ENSG00000077549;ENSG00000128245;ENSG00000127824;ENSG00000126214;ENSG00000110514;ENSG00000150991;ENSG00000169221;ENSG00000157483;ENSG00000115091;ENSG00000163466;ENSG00000134308;ENSG00000138798;ENSG00000138071;ENSG00000103051;ENSG00000073969;ENSG00000085733;ENSG00000105063;ENSG00000197102;ENSG00000003056;ENSG00000079805;ENSG00000185359;ENSG00000100345;ENSG00000075785;ENSG00000175203;ENSG00000177885;ENSG00000197535;ENSG00000197694;ENSG00000084733;ENSG00000241244;ENSG00000100280;ENSG00000109971;ENSG00000132612;ENSG00000203879;ENSG00000161203;ENSG00000170027;ENSG00000184009;ENSG00000141367;ENSG00000080824;ENSG00000108953;ENSG00000166913;ENSG00000134287;ENSG00000075624;ENSG00000138107;ENSG00000105669;ENSG00000166598;ENSG00000198898;ENSG00000174903;ENSG00000122218;ENSG00000167553;ENSG00000169727;ENSG00000130724;ENSG00000168090;ENSG00000129559;ENSG00000106367;ENSG00000204843;ENSG00000241685;ENSG00000143761;ENSG00000143545;ENSG00000123416;ENSG00000105355;ENSG00000042753;ENSG00000174791;ENSG00000188229;ENSG00000111652;ENSG00000117450;ENSG00000072274;ENSG00000170043;ENSG00000105438;ENSG00000258947;ENSG00000179218;ENSG00000142192;ENSG00000242534;ENSG00000187714;ENSG00000244116;ENSG00000103769;ENSG00000241553;ENSG00000166557;ENSG00000239571;ENSG00000184840;ENSG00000100599;ENSG00000243290;ENSG00000240382;ENSG00000105186;ENSG00000243238
prerank,REACTOME_VLDLR_INTERNALISATION_AND_DEGRADATION,0.4581859252364119,1.564444102622146,0.03114830311483031,0.07235825631113064,0.9895,4/16,2.55%,ENSG00000150991;ENSG00000161203;ENSG00000141367;ENSG00000042753
prerank,REACTOME_BIOSYNTHESIS_OF_THE_N_GLYCAN_PRECURSOR_DOLICHOL_LIPID_LINKED_OLIGOSACCHARIDE_LLO_AND_TRANSFER_TO_A_NASCENT_PROTEIN,-0.44756517605949653,-1.6928434213151282,0.00032865907099035934,0.07272457581927776,0.8997,39/78,27.26%,ENSG00000169084;ENSG00000179085;ENSG00000159921;ENSG00000104522;ENSG00000086848;ENSG00000204386;ENSG00000177511;ENSG00000173540;ENSG00000111726;ENSG00000129255;ENSG00000013375;ENSG00000102032;ENSG00000172269;ENSG00000157353;ENSG00000162066;ENSG00000136840;ENSG00000119899;ENSG00000167508;ENSG00000148803;ENSG00000119523;ENSG00000095380;ENSG00000124357;ENSG00000136908;ENSG00000182858;ENSG00000117143;ENSG00000172339;ENSG00000120697;ENSG00000100417;ENSG00000254685;ENSG00000159063;ENSG00000033011;ENSG00000214160;ENSG00000115525;ENSG00000157350;ENSG00000175283;ENSG00000073849;ENSG00000000419;ENSG00000110080;ENSG00000163933
prerank,REACTOME_PARACETAMOL_ADME,0.40676108172552344,1.5620373449350713,0.027917364600781685,0.07288811447452655,0.9904,4/25,2.14%,ENSG00000108846;ENSG00000103222;ENSG00000110321;ENSG00000084207
prerank,REACTOME_INTRACELLULAR_SIGNALING_BY_SECOND_MESSENGERS,0.26194618524713403,1.560706802554811,0.0,0.0729377133172915,0.9909,37/291,4.65%,ENSG00000130706;ENSG00000111642;ENSG00000171720;ENSG00000116478;ENSG00000150991;ENSG00000140464;ENSG00000138798;ENSG00000100902;ENSG00000100804;ENSG00000087191;ENSG00000100764;ENSG00000177885;ENSG00000103035;ENSG00000175166;ENSG00000013275;ENSG00000108671;ENSG00000185627;ENSG00000173692;ENSG00000108344;ENSG00000115233;ENSG00000204435;ENSG00000041357;ENSG00000184216;ENSG00000101182;ENSG00000099341;ENSG00000126067;ENSG00000165916;ENSG00000105568;ENSG00000142507;ENSG00000108946;ENSG00000072062;ENSG00000182481;ENSG00000171132;ENSG00000129467;ENSG00000141570;ENSG00000100311;ENSG00000186895
prerank,REACTOME_REGULATION_OF_LOCALIZATION_OF_FOXO_TRANSCRIPTION_FACTORS,0.5061454481932335,1.5599962716119484,0.04530201342281879,0.07295550083874143,0.991,3/12,1.67%,ENSG00000134308;ENSG00000170027;ENSG00000166913
prerank,REACTOME_COMPLEMENT_CASCADE,0.29666741825656096,1.5623919366960382,0.0031201248049922,0.07300785313359957,0.9901,37/110,14.76%,ENSG00000241244;ENSG00000242534;ENSG00000244116;ENSG00000179142;ENSG00000239571;ENSG00000243290;ENSG00000240382;ENSG00000243238;ENSG00000173369;ENSG00000157131;ENSG00000241351;ENSG00000240864;ENSG00000134365;ENSG00000239951;ENSG00000125730;ENSG00000211653;ENSG00000243649;ENSG00000211652;ENSG00000080910;ENSG00000117322;ENSG00000160882;ENSG00000211893;ENSG00000211959;ENSG00000109072;ENSG00000211973;ENSG00000224373;ENSG00000211962;ENSG00000211967;ENSG00000244414;ENSG00000211660;ENSG00000244731;ENSG00000242371;ENSG00000196352;ENSG00000116785;ENSG00000211677;ENSG00000211892;ENSG00000211896
prerank,REACTOME_SIGNALING_BY_ROBO_RECEPTORS,0.2759530348493864,1.5610326264253787,0.0,0.07305789091509016,0.9906,27/195,2.57%,ENSG00000125753;ENSG00000131236;ENSG00000130706;ENSG00000067560;ENSG00000150991;ENSG00000100902;ENSG00000100804;ENSG00000087191;ENSG00000100764;ENSG00000103035;ENSG00000175166;ENSG00000013275;ENSG00000108671;ENSG00000185627;ENSG00000173692;ENSG00000108344;ENSG00000115233;ENSG00000041357;ENSG00000101182;ENSG00000108518;ENSG00000099341;ENSG00000114867;ENSG00000126067;ENSG00000165916;ENSG00000142507;ENSG00000063660;ENSG00000072062
prerank,REACTOME_WNT_LIGAND_BIOGENESIS_AND_TRAFFICKING,0.4126390221105292,1.556606833121543,0.022913256955810146,0.07409842500132209,0.9921,9/24,9.49%,ENSG00000069329;ENSG00000115596;ENSG00000111186;ENSG00000154342;ENSG00000105989;ENSG00000169884;ENSG00000135925;ENSG00000188064;ENSG00000143816
prerank,REACTOME_SEMA3A_PAK_DEPENDENT_AXON_REPULSION,0.4597633857335389,1.5554437158609324,0.0372557928214448,0.07432276513415992,0.9923,4/16,2.44%,ENSG00000096384;ENSG00000080824;ENSG00000172757;ENSG00000106683
prerank,REACTOME_GLYCOGEN_STORAGE_DISEASES,0.45839297283913993,1.5508316765501793,0.035398230088495575,0.07552813582567212,0.9928,5/16,3.01%,ENSG00000114480;ENSG00000150991;ENSG00000104812;ENSG00000141349;ENSG00000131482
prerank,REACTOME_SHC1_EVENTS_IN_ERBB4_SIGNALING,0.47474254910073194,1.5511688572220401,0.03738719381177482,0.07566938941219312,0.9928,5/14,13.71%,ENSG00000177885;ENSG00000174775;ENSG00000158458;ENSG00000124882;ENSG00000213281
prerank,REACTOME_SENSORY_PROCESSING_OF_SOUND_BY_OUTER_HAIR_CELLS_OF_THE_COCHLEA,0.3417691785555011,1.549762816422315,0.013964313421256789,0.07572882652956464,0.9931,7/51,1.75%,ENSG00000157483;ENSG00000100345;ENSG00000197694;ENSG00000147065;ENSG00000247596;ENSG00000184009;ENSG00000075624
prerank,REACTOME_RHO_GTPASES_ACTIVATE_CIT,0.43361311368463684,1.5512885097904743,0.03434739941118744,0.07588280055817709,0.9928,6/19,4.13%,ENSG00000067560;ENSG00000100345;ENSG00000213639;ENSG00000092841;ENSG00000198901;ENSG00000133392
prerank,REACTOME_COLLAGEN_CHAIN_TRIMERIZATION,-0.4914753856516633,-1.6853766767113136,0.0026604973973395024,0.07686868823076162,0.9183,18/44,23.91%,ENSG00000168542;ENSG00000197565;ENSG00000204262;ENSG00000134871;ENSG00000108821;ENSG00000049089;ENSG00000182871;ENSG00000163359;ENSG00000130635;ENSG00000142173;ENSG00000160963;ENSG00000196739;ENSG00000164692;ENSG00000142156;ENSG00000060718;ENSG00000114270;ENSG00000171812;ENSG00000188153
prerank,REACTOME_REGULATION_OF_PLK1_ACTIVITY_AT_G2_M_TRANSITION,0.30498796664854694,1.5439057938041358,0.0013175230566534915,0.07793912720793966,0.9936,15/87,2.86%,ENSG00000127824;ENSG00000150991;ENSG00000101367;ENSG00000197102;ENSG00000175203;ENSG00000213639;ENSG00000170027;ENSG00000080824;ENSG00000108953;ENSG00000138107;ENSG00000105568;ENSG00000204843;ENSG00000072062;ENSG00000188229;ENSG00000131462
prerank,REACTOME_SIGNALING_BY_ALK_IN_CANCER,0.3009208358831306,1.536964548659184,0.0013869625520110957,0.08080439294960048,0.995,11/91,2.48%,ENSG00000126214;ENSG00000110841;ENSG00000116478;ENSG00000150991;ENSG00000035403;ENSG00000100345;ENSG00000177885;ENSG00000147065;ENSG00000141367;ENSG00000204843;ENSG00000108946
prerank,REACTOME_CHK1_CHK2_CDS1_MEDIATED_INACTIVATION_OF_CYCLIN_B_CDK1_COMPLEX,0.4633092053340478,1.535734439854377,0.04686795853988283,0.08111178172384526,0.9952,5/15,1.67%,ENSG00000128245;ENSG00000134308;ENSG00000170027;ENSG00000108953;ENSG00000166913
prerank,REACTOME_HCMV_EARLY_EVENTS,0.3021015880518436,1.5324786806685842,0.0054869684499314125,0.0820994425657582,0.996,12/90,2.77%,ENSG00000127824;ENSG00000213024;ENSG00000171720;ENSG00000140464;ENSG00000197102;ENSG00000094914;ENSG00000167553;ENSG00000130726;ENSG00000102900;ENSG00000123416;ENSG00000188229;ENSG00000258947
prerank,REACTOME_ANTI_INFLAMMATORY_RESPONSE_FAVOURING_LEISHMANIA_PARASITE_INFECTION,0.28411769594787556,1.5324960216239238,0.004319654427645789,0.08237674366152713,0.996,29/126,10.28%,ENSG00000151694;ENSG00000078369;ENSG00000100345;ENSG00000241244;ENSG00000087460;ENSG00000108946;ENSG00000072062;ENSG00000242534;ENSG00000244116;ENSG00000114353;ENSG00000239571;ENSG00000243290;ENSG00000129467;ENSG00000240382;ENSG00000136634;ENSG00000243238;ENSG00000203747;ENSG00000241351;ENSG00000170425;ENSG00000240864;ENSG00000239951;ENSG00000000938;ENSG00000211653;ENSG00000211652;ENSG00000160654;ENSG00000078295;ENSG00000211893;ENSG00000101336;ENSG00000211959
prerank,REACTOME_PKA_ACTIVATION_IN_GLUCAGON_SIGNALLING,0.4500955961125013,1.5310854290756002,0.03563056727613689,0.08248743861198188,0.996,4/16,3.81%,ENSG00000087460;ENSG00000108946;ENSG00000072062;ENSG00000129467
prerank,REACTOME_GAB1_SIGNALOSOME,0.45331827093965416,1.5223843653311346,0.047556719022687606,0.08653657032814227,0.9969,3/16,1.13%,ENSG00000138798;ENSG00000103653;ENSG00000177885
prerank,REACTOME_FCERI_MEDIATED_MAPK_ACTIVATION,0.3041031520397159,1.5145924465467007,0.001184834123222749,0.09004870700269595,0.9978,25/83,14.73%,ENSG00000177885;ENSG00000241244;ENSG00000174775;ENSG00000242534;ENSG00000244116;ENSG00000239571;ENSG00000243290;ENSG00000240382;ENSG00000243238;ENSG00000241351;ENSG00000240864;ENSG00000239951;ENSG00000211653;ENSG00000211652;ENSG00000211959;ENSG00000211973;ENSG00000224373;ENSG00000211962;ENSG00000211967;ENSG00000211660;ENSG00000141968;ENSG00000213281;ENSG00000242371;ENSG00000170345;ENSG00000211677
prerank,REACTOME_EPHRIN_SIGNALING,-0.5840682314451558,-1.6681760056891672,0.004639498432601881,0.09143656408317473,0.9515,9/19,20.23%,ENSG00000077264;ENSG00000197122;ENSG00000123143;ENSG00000108947;ENSG00000133216;ENSG00000125266;ENSG00000010810;ENSG00000090776;ENSG00000196411
prerank,REACTOME_AURKA_ACTIVATION_BY_TPX2,0.30935842160176874,1.5101771888247182,0.003236245954692557,0.09202859883419363,0.9984,13/72,2.86%,ENSG00000127824;ENSG00000101367;ENSG00000197102;ENSG00000175203;ENSG00000170027;ENSG00000080824;ENSG00000108953;ENSG00000138107;ENSG00000105568;ENSG00000204843;ENSG00000072062;ENSG00000188229;ENSG00000131462
prerank,REACTOME_CELL_SURFACE_INTERACTIONS_AT_THE_VASCULAR_WALL,0.2640903776979356,1.5067983094885309,0.0,0.09356263487134725,0.9985,29/179,8.62%,ENSG00000026508;ENSG00000177885;ENSG00000005884;ENSG00000241244;ENSG00000124145;ENSG00000069849;ENSG00000174775;ENSG00000172270;ENSG00000105329;ENSG00000090863;ENSG00000196262;ENSG00000063660;ENSG00000141526;ENSG00000242534;ENSG00000198910;ENSG00000244116;ENSG00000239571;ENSG00000243290;ENSG00000240382;ENSG00000243238;ENSG00000241351;ENSG00000240864;ENSG00000149564;ENSG00000101280;ENSG00000239951;ENSG00000211653;ENSG00000211652;ENSG00000007908;ENSG00000169896
prerank,REACTOME_EXPORT_OF_VIRAL_RIBONUCLEOPROTEINS_FROM_NUCLEUS,0.36805372667212716,1.505196175173841,0.029805352798053526,0.0940880110444541,0.9986,5/32,2.10%,ENSG00000213024;ENSG00000082898;ENSG00000094914;ENSG00000102900;ENSG00000132341
prerank,REACTOME_SIGNALING_BY_PDGFRA_TRANSMEMBRANE_JUXTAMEMBRANE_AND_KINASE_DOMAIN_MUTANTS,0.486454645916297,1.503026792700425,0.057585385226370134,0.09431737828969793,0.9987,2/12,1.49%,ENSG00000177885;ENSG00000174775
prerank,REACTOME_KIDNEY_DEVELOPMENT,0.3439989718455429,1.503156578262795,0.019622641509433963,0.09457401733077385,0.9987,13/43,7.09%,ENSG00000172939;ENSG00000165194;ENSG00000075891;ENSG00000106006;ENSG00000185008;ENSG00000168621;ENSG00000168743;ENSG00000005073;ENSG00000054598;ENSG00000145147;ENSG00000107485;ENSG00000123388;ENSG00000182742
prerank,REACTOME_PENTOSE_PHOSPHATE_PATHWAY,0.46920650448731926,1.5037712925839155,0.05905511811023622,0.0945823852033176,0.9987,4/14,4.86%,ENSG00000160211;ENSG00000177156;ENSG00000142657;ENSG00000229937
prerank,REACTOME_INTERACTION_BETWEEN_L1_AND_ANKYRINS,0.3738479411523157,1.5000035224565136,0.027712264150943397,0.0952944377325834,0.9987,4/30,2.82%,ENSG00000197694;ENSG00000184009;ENSG00000075624;ENSG00000198910
prerank,REACTOME_REGULATION_OF_EXPRESSION_OF_SLITS_AND_ROBOS,0.27276012086088536,1.500188970572235,0.00267379679144385,0.095524443082862,0.9987,21/152,2.47%,ENSG00000130706;ENSG00000150991;ENSG00000100902;ENSG00000100804;ENSG00000087191;ENSG00000100764;ENSG00000103035;ENSG00000175166;ENSG00000013275;ENSG00000108671;ENSG00000185627;ENSG00000173692;ENSG00000108344;ENSG00000115233;ENSG00000041357;ENSG00000101182;ENSG00000099341;ENSG00000114867;ENSG00000126067;ENSG00000165916;ENSG00000142507
prerank,REACTOME_METABOLISM_OF_CARBOHYDRATES_AND_CARBOHYDRATE_DERIVATIVES,0.25345187786990525,1.498490094192632,0.0,0.09577650989317785,0.9987,44/289,5.04%,ENSG00000213024;ENSG00000067057;ENSG00000114480;ENSG00000170525;ENSG00000109107;ENSG00000114268;ENSG00000117394;ENSG00000150991;ENSG00000026508;ENSG00000160211;ENSG00000100994;ENSG00000094914;ENSG00000104812;ENSG00000108515;ENSG00000177156;ENSG00000124145;ENSG00000152556;ENSG00000213614;ENSG00000117308;ENSG00000141349;ENSG00000111669;ENSG00000102900;ENSG00000141959;ENSG00000074800;ENSG00000102144;ENSG00000142657;ENSG00000111640;ENSG00000105568;ENSG00000115652;ENSG00000063660;ENSG00000105220;ENSG00000072062;ENSG00000085662;ENSG00000079739;ENSG00000138801;ENSG00000111674;ENSG00000131482;ENSG00000103888;ENSG00000162040;ENSG00000122254;ENSG00000182255;ENSG00000229937;ENSG00000112309;ENSG00000171124
prerank,REACTOME_NFE2L2_REGULATING_ANTI_OXIDANT_DETOXIFICATION_ENZYMES,0.4151362862766705,1.4954076624151698,0.05009920634920635,0.09709793612022549,0.9987,4/20,2.69%,ENSG00000136810;ENSG00000181019;ENSG00000104687;ENSG00000117450
prerank,REACTOME_POSTMITOTIC_NUCLEAR_PORE_COMPLEX_NPC_REFORMATION,0.38308144540155076,1.4923545667966367,0.03907539900935608,0.09775793653800825,0.9987,5/27,2.10%,ENSG00000213024;ENSG00000100401;ENSG00000108424;ENSG00000102900;ENSG00000132341
prerank,REACTOME_HSF1_ACTIVATION,0.36905173820840753,1.4903991913406323,0.03726328649969456,0.09782828324351195,0.9987,7/31,2.86%,ENSG00000004478;ENSG00000096384;ENSG00000080824;ENSG00000108953;ENSG00000165280;ENSG00000132383;ENSG00000230989
prerank,REACTOME_SARS_COV_INFECTIONS,0.24375636092800557,1.4934058462403939,0.0,0.09784695823827552,0.9987,51/449,4.26%,ENSG00000128245;ENSG00000166949;ENSG00000213024;ENSG00000111642;ENSG00000116478;ENSG00000150991;ENSG00000134308;ENSG00000161013;ENSG00000137817;ENSG00000177119;ENSG00000104142;ENSG00000088832;ENSG00000184056;ENSG00000094914;ENSG00000177885;ENSG00000004478;ENSG00000241244;ENSG00000124145;ENSG00000069849;ENSG00000096384;ENSG00000145907;ENSG00000161203;ENSG00000170027;ENSG00000080824;ENSG00000108953;ENSG00000166913;ENSG00000163399;ENSG00000184216;ENSG00000108424;ENSG00000178952;ENSG00000196262;ENSG00000126457;ENSG00000102900;ENSG00000127022;ENSG00000130724;ENSG00000089597;ENSG00000165280;ENSG00000063660;ENSG00000042753;ENSG00000118705;ENSG00000182481;ENSG00000242534;ENSG00000244116;ENSG00000244038;ENSG00000112715;ENSG00000163902;ENSG00000239571;ENSG00000243290;ENSG00000240382;ENSG00000243238;ENSG00000234745
prerank,REACTOME_SIGNALING_BY_TGF_BETA_RECEPTOR_COMPLEX,0.29327419190289433,1.4926549444357562,0.009817671809256662,0.09792964540880182,0.9987,13/93,2.46%,ENSG00000166949;ENSG00000116478;ENSG00000067560;ENSG00000150991;ENSG00000157450;ENSG00000088832;ENSG00000082898;ENSG00000213639;ENSG00000105329;ENSG00000082781;ENSG00000129559;ENSG00000172531;ENSG00000065978
prerank,REACTOME_FOXO_MEDIATED_TRANSCRIPTION,0.310194773353931,1.49081168030785,0.009970089730807577,0.09793141989398942,0.9987,8/64,3.01%,ENSG00000166949;ENSG00000116478;ENSG00000169375;ENSG00000134308;ENSG00000136810;ENSG00000170027;ENSG00000166913;ENSG00000131482
prerank,REACTOME_POSITIVE_EPIGENETIC_REGULATION_OF_RRNA_EXPRESSION,0.31474968339471443,1.4896039542296067,0.014450867052023121,0.0979531254291814,0.9987,7/63,2.15%,ENSG00000204371;ENSG00000111642;ENSG00000116478;ENSG00000157483;ENSG00000075624;ENSG00000099817;ENSG00000177700
prerank,REACTOME_SARS_COV_2_MODULATES_AUTOPHAGY,0.4963780445258753,1.4912827830976692,0.06611570247933884,0.09800156772754642,0.9987,3/11,1.97%,ENSG00000104142;ENSG00000184056;ENSG00000178952
prerank,REACTOME_POST_CHAPERONIN_TUBULIN_FOLDING_PATHWAY,0.4042006166147222,1.4881665625533684,0.04963427377220481,0.09836213031233365,0.9987,6/22,2.90%,ENSG00000127824;ENSG00000167553;ENSG00000123416;ENSG00000188229;ENSG00000258947;ENSG00000105254
prerank,REACTOME_RESPIRATORY_SYNCYTIAL_VIRUS_INFECTION_PATHWAY,0.2837629781176566,1.4831916526240807,0.004966887417218543,0.1008411577270302,0.9988,13/106,2.52%,ENSG00000150991;ENSG00000082898;ENSG00000185825;ENSG00000213639;ENSG00000124145;ENSG00000109971;ENSG00000096384;ENSG00000115053;ENSG00000080824;ENSG00000204435;ENSG00000108424;ENSG00000172531;ENSG00000063660
prerank,REACTOME_NUCLEAR_IMPORT_OF_REV_PROTEIN,0.36187415477437074,1.4817413110003925,0.03742331288343558,0.10134625908775015,0.9989,5/33,2.10%,ENSG00000213024;ENSG00000094914;ENSG00000108424;ENSG00000102900;ENSG00000132341
prerank,REACTOME_LYSOSPHINGOLIPID_AND_LPA_RECEPTORS,-0.6234833896216281,-1.656867350405639,0.005435485958327941,0.10147222009339332,0.9668,6/14,11.00%,ENSG00000064547;ENSG00000267534;ENSG00000129951;ENSG00000105520;ENSG00000213694;ENSG00000184574
prerank,REACTOME_PLASMA_LIPOPROTEIN_CLEARANCE,0.35236994523631604,1.4804342463551858,0.038632045598480054,0.10171846848085564,0.999,6/36,2.55%,ENSG00000150991;ENSG00000144959;ENSG00000161203;ENSG00000141367;ENSG00000115677;ENSG00000042753
prerank,REACTOME_CARGO_RECOGNITION_FOR_CLATHRIN_MEDIATED_ENDOCYTOSIS,0.2818126809691976,1.479195540118908,0.004885993485342019,0.10208431566392578,0.999,14/104,2.88%,ENSG00000150991;ENSG00000138798;ENSG00000003056;ENSG00000185359;ENSG00000177885;ENSG00000161203;ENSG00000141367;ENSG00000169727;ENSG00000168090;ENSG00000129559;ENSG00000042753;ENSG00000111652;ENSG00000072274;ENSG00000187714
prerank,REACTOME_TRANS_GOLGI_NETWORK_VESICLE_BUDDING,0.30351244583333703,1.4774025296742905,0.009635974304068522,0.10244553413318105,0.999,11/72,2.81%,ENSG00000003056;ENSG00000079805;ENSG00000185359;ENSG00000100280;ENSG00000109971;ENSG00000141367;ENSG00000130724;ENSG00000106367;ENSG00000143761;ENSG00000072274;ENSG00000142192
prerank,REACTOME_NEPHRIN_FAMILY_INTERACTIONS,0.3963243678889106,1.4779963999477919,0.04922279792746114,0.10248646976519354,0.999,6/23,5.48%,ENSG00000140575;ENSG00000197694;ENSG00000130402;ENSG00000072110;ENSG00000116218;ENSG00000187391
prerank,REACTOME_ROLE_OF_LAT2_NTAL_LAB_ON_CALCIUM_MOBILIZATION,0.3087115537094015,1.4758585121681542,0.008832188420019628,0.10298084697003838,0.999,19/67,13.12%,ENSG00000177885;ENSG00000241244;ENSG00000242534;ENSG00000244116;ENSG00000239571;ENSG00000243290;ENSG00000240382;ENSG00000243238;ENSG00000241351;ENSG00000240864;ENSG00000239951;ENSG00000211653;ENSG00000211652;ENSG00000211959;ENSG00000211973;ENSG00000224373;ENSG00000211962;ENSG00000211967;ENSG00000211660
prerank,REACTOME_EGFR_DOWNREGULATION,0.366207863707829,1.4746428554108877,0.0356065178032589,0.10339204970855098,0.999,4/30,1.13%,ENSG00000150991;ENSG00000138798;ENSG00000185359;ENSG00000177885
prerank,REACTOME_REGULATION_OF_GENE_EXPRESSION_BY_HYPOXIA_INDUCIBLE_FACTOR,0.4901402526949167,1.4721982077827953,0.06997084548104957,0.10413842514008739,0.999,3/11,3.00%,ENSG00000107159;ENSG00000100644;ENSG00000112715
prerank,REACTOME_WNT5A_DEPENDENT_INTERNALIZATION_OF_FZD2_FZD5_AND_ROR2,0.4760215233305124,1.4723213899655887,0.06941431670281996,0.10438964519664853,0.999,3/12,2.55%,ENSG00000161203;ENSG00000141367;ENSG00000042753
prerank,REACTOME_FIBRONECTIN_MATRIX_FORMATION,-0.5671540641958585,-1.6514007158113342,0.00786222388618495,0.10472788402641825,0.974,11/20,23.91%,ENSG00000168542;ENSG00000197565;ENSG00000204262;ENSG00000150093;ENSG00000134871;ENSG00000108821;ENSG00000130635;ENSG00000164692;ENSG00000161638;ENSG00000114270;ENSG00000188153
prerank,REACTOME_NCAM1_INTERACTIONS,-0.4889651857021919,-1.647722003051296,0.004311851765528493,0.10599204317235626,0.978,17/40,17.68%,ENSG00000167535;ENSG00000168542;ENSG00000171119;ENSG00000067191;ENSG00000204262;ENSG00000125650;ENSG00000130287;ENSG00000134871;ENSG00000196557;ENSG00000049089;ENSG00000163359;ENSG00000130635;ENSG00000142173;ENSG00000142156;ENSG00000006283;ENSG00000188157;ENSG00000151067
prerank,REACTOME_TRANSPORT_OF_CONNEXONS_TO_THE_PLASMA_MEMBRANE,0.4065332453900326,1.4674346366741888,0.051295073641442354,0.106647052813548,0.9992,5/20,2.77%,ENSG00000127824;ENSG00000167553;ENSG00000123416;ENSG00000188229;ENSG00000258947
prerank,REACTOME_MITOPHAGY,0.3468563846290301,1.465597251190192,0.037524687294272545,0.10668887767140459,0.9992,7/37,2.46%,ENSG00000116688;ENSG00000150991;ENSG00000078668;ENSG00000204435;ENSG00000198925;ENSG00000213585;ENSG00000165637
prerank,REACTOME_SEMA4D_INDUCED_CELL_MIGRATION_AND_GROWTH_CONE_COLLAPSE,0.40237173026525735,1.4656272977494333,0.05856299212598425,0.10700191793292267,0.9992,5/20,4.13%,ENSG00000067560;ENSG00000100345;ENSG00000092841;ENSG00000106683;ENSG00000133392
prerank,REACTOME_INTEGRATION_OF_ENERGY_METABOLISM,0.27995702211551826,1.4660135934415044,0.006125574272588055,0.1071385797765073,0.9992,14/104,3.81%,ENSG00000117394;ENSG00000149782;ENSG00000140575;ENSG00000078369;ENSG00000106089;ENSG00000177156;ENSG00000131473;ENSG00000087460;ENSG00000105568;ENSG00000108946;ENSG00000072062;ENSG00000114353;ENSG00000215644;ENSG00000129467
prerank,REACTOME_GLYCOGEN_SYNTHESIS,0.45161201576441956,1.4607944788954614,0.06378233719892953,0.10912205464733905,0.9993,4/14,2.80%,ENSG00000114480;ENSG00000150991;ENSG00000104812;ENSG00000079739
prerank,REACTOME_HIV_TRANSCRIPTION_ELONGATION,0.3348663334747112,1.4590697630248148,0.02791696492483894,0.10982099829495189,0.9993,7/42,3.59%,ENSG00000149136;ENSG00000196235;ENSG00000092201;ENSG00000099817;ENSG00000177700;ENSG00000181222;ENSG00000185049
prerank,REACTOME_BINDING_AND_UPTAKE_OF_LIGANDS_BY_SCAVENGER_RECEPTORS,0.28208452667355216,1.4562549102276918,0.008287292817679558,0.11087208957869395,0.9994,20/98,8.28%,ENSG00000241244;ENSG00000080824;ENSG00000166598;ENSG00000117450;ENSG00000179218;ENSG00000242534;ENSG00000244116;ENSG00000239571;ENSG00000243290;ENSG00000240382;ENSG00000243238;ENSG00000206172;ENSG00000241351;ENSG00000240864;ENSG00000188536;ENSG00000158270;ENSG00000106927;ENSG00000239951;ENSG00000211653;ENSG00000211652
prerank,REACTOME_ANTIMICROBIAL_MECHANISM_OF_IFN_STIMULATED_GENES,0.26129292990235553,1.4566174548773314,0.0028653295128939827,0.11096511632074126,0.9994,20/161,2.80%,ENSG00000127824;ENSG00000213024;ENSG00000150991;ENSG00000094914;ENSG00000109971;ENSG00000184009;ENSG00000196924;ENSG00000075624;ENSG00000110321;ENSG00000135829;ENSG00000167553;ENSG00000108424;ENSG00000102900;ENSG00000114867;ENSG00000129351;ENSG00000105568;ENSG00000123416;ENSG00000188229;ENSG00000258947;ENSG00000182481
prerank,REACTOME_MEMBRANE_TRAFFICKING,0.24457986613755955,1.4534001844146307,0.0,0.11225733852041304,0.9994,70/616,2.96%,ENSG00000077549;ENSG00000128245;ENSG00000127824;ENSG00000126214;ENSG00000110514;ENSG00000150991;ENSG00000169221;ENSG00000157483;ENSG00000115091;ENSG00000163466;ENSG00000134308;ENSG00000138798;ENSG00000138071;ENSG00000103051;ENSG00000073969;ENSG00000085733;ENSG00000105063;ENSG00000197102;ENSG00000003056;ENSG00000079805;ENSG00000185359;ENSG00000100345;ENSG00000075785;ENSG00000175203;ENSG00000177885;ENSG00000197535;ENSG00000197694;ENSG00000084733;ENSG00000100280;ENSG00000109971;ENSG00000132612;ENSG00000203879;ENSG00000161203;ENSG00000170027;ENSG00000184009;ENSG00000141367;ENSG00000108953;ENSG00000166913;ENSG00000134287;ENSG00000075624;ENSG00000138107;ENSG00000105669;ENSG00000198898;ENSG00000174903;ENSG00000122218;ENSG00000167553;ENSG00000169727;ENSG00000130724;ENSG00000168090;ENSG00000129559;ENSG00000106367;ENSG00000204843;ENSG00000241685;ENSG00000143761;ENSG00000143545;ENSG00000123416;ENSG00000105355;ENSG00000042753;ENSG00000174791;ENSG00000188229;ENSG00000111652;ENSG00000072274;ENSG00000170043;ENSG00000105438;ENSG00000258947;ENSG00000142192;ENSG00000187714;ENSG00000103769;ENSG00000241553;ENSG00000166557
prerank,REACTOME_RHOBTB1_GTPASE_CYCLE,0.39100353946632294,1.450467636658404,0.060684647302904564,0.11329440448575422,0.9994,4/23,2.17%,ENSG00000026025;ENSG00000092199;ENSG00000135624;ENSG00000169727
prerank,REACTOME_RHOH_GTPASE_CYCLE,0.3434650718101108,1.4506590641598147,0.03902116402116402,0.11353769245641154,0.9994,6/36,2.71%,ENSG00000103653;ENSG00000075785;ENSG00000141522;ENSG00000165280;ENSG00000123416;ENSG00000072274
prerank,REACTOME_CLASS_I_MHC_MEDIATED_ANTIGEN_PROCESSING_PRESENTATION,0.24178194125105185,1.4474189795453074,0.0,0.11489843964130325,0.9994,37/367,2.93%,ENSG00000064726;ENSG00000130706;ENSG00000170633;ENSG00000009335;ENSG00000150991;ENSG00000131653;ENSG00000157450;ENSG00000141279;ENSG00000159202;ENSG00000175931;ENSG00000100902;ENSG00000100804;ENSG00000087191;ENSG00000197548;ENSG00000099364;ENSG00000100764;ENSG00000103035;ENSG00000185825;ENSG00000175166;ENSG00000013275;ENSG00000108671;ENSG00000185627;ENSG00000130985;ENSG00000173692;ENSG00000108344;ENSG00000115233;ENSG00000082781;ENSG00000041357;ENSG00000101182;ENSG00000132432;ENSG00000099341;ENSG00000127022;ENSG00000126067;ENSG00000165916;ENSG00000142507;ENSG00000179218;ENSG00000167004
prerank,REACTOME_INLB_MEDIATED_ENTRY_OF_LISTERIA_MONOCYTOGENES_INTO_HOST_CELL,0.43735090999239584,1.4466986452883148,0.07660359944623904,0.11496734336648075,0.9994,3/15,1.13%,ENSG00000150991;ENSG00000185359;ENSG00000177885
prerank,REACTOME_STING_MEDIATED_INDUCTION_OF_HOST_IMMUNE_RESPONSES,0.42509600489675037,1.4419514745581448,0.0704727921498662,0.11755438068972618,0.9995,3/16,2.67%,ENSG00000183258;ENSG00000196419;ENSG00000079246
prerank,REACTOME_MET_ACTIVATES_RAS_SIGNALING,0.49990211255557915,1.438654126095138,0.07235041063746578,0.11932769236214803,0.9995,2/10,1.49%,ENSG00000177885;ENSG00000174775
prerank,REACTOME_P75NTR_REGULATES_AXONOGENESIS,0.498019086003437,1.435590982095586,0.08475247524752476,0.12061689807215131,0.9995,3/10,1.79%,ENSG00000067560;ENSG00000115310;ENSG00000141522
prerank,REACTOME_PINK1_PRKN_MEDIATED_MITOPHAGY,0.3554685787622942,1.4360370006634187,0.049879807692307696,0.12069759357166693,0.9995,6/31,2.46%,ENSG00000116688;ENSG00000150991;ENSG00000078668;ENSG00000198925;ENSG00000213585;ENSG00000165637
prerank,REACTOME_DEVELOPMENTAL_LINEAGE_OF_MAMMARY_GLAND_MYOEPITHELIAL_CELLS,0.40058882336557294,1.4282956249900032,0.07264957264957266,0.12511043821592505,0.9997,4/19,4.13%,ENSG00000026508;ENSG00000026025;ENSG00000138798;ENSG00000133392
prerank,REACTOME_RHO_GTPASES_ACTIVATE_KTN1,0.4827438197876886,1.4272437076608102,0.08294209702660407,0.12544323507566082,0.9998,3/11,1.82%,ENSG00000126214;ENSG00000067560;ENSG00000126777
prerank,REACTOME_INSULIN_PROCESSING,0.3717737361811805,1.4261926448450644,0.06736609607951408,0.12578599148037056,0.9998,3/25,2.64%,ENSG00000197535;ENSG00000106089;ENSG00000185624
prerank,REACTOME_FOXO_MEDIATED_TRANSCRIPTION_OF_OXIDATIVE_STRESS_METABOLIC_AND_NEURONAL_GENES,0.3550767565665479,1.4247134635293561,0.057210965435041714,0.12635361842599313,0.9998,5/29,5.73%,ENSG00000166949;ENSG00000116478;ENSG00000169375;ENSG00000131482;ENSG00000146678
prerank,REACTOME_SARS_COV_1_INFECTION,0.2619721694535086,1.4227069406577917,0.0024449877750611247,0.12662368751299238,0.9998,16/139,2.80%,ENSG00000128245;ENSG00000166949;ENSG00000150991;ENSG00000134308;ENSG00000137817;ENSG00000088832;ENSG00000170027;ENSG00000108953;ENSG00000166913;ENSG00000108424;ENSG00000196262;ENSG00000127022;ENSG00000130724;ENSG00000089597;ENSG00000165280;ENSG00000182481
prerank,REACTOME_MITOCHONDRIAL_BIOGENESIS,0.2784530523056442,1.422054291699117,0.014965986394557823,0.12670211146972277,0.9998,12/94,2.66%,ENSG00000171720;ENSG00000023330;ENSG00000172534;ENSG00000154518;ENSG00000159199;ENSG00000241468;ENSG00000173436;ENSG00000132305;ENSG00000110955;ENSG00000167863;ENSG00000152234;ENSG00000165629
prerank,REACTOME_CELLULAR_RESPONSE_TO_HEAT_STRESS,0.27660229890302923,1.4230793562310355,0.014727540500736377,0.12674217030110962,0.9998,13/99,2.86%,ENSG00000213024;ENSG00000158941;ENSG00000094914;ENSG00000004478;ENSG00000109971;ENSG00000096384;ENSG00000080824;ENSG00000108953;ENSG00000170606;ENSG00000102900;ENSG00000165280;ENSG00000132383;ENSG00000230989
prerank,REACTOME_BACTERIAL_INFECTION_PATHWAYS,0.27052020290270845,1.421126795528055,0.00860832137733142,0.12695318515854015,0.9998,13/103,2.61%,ENSG00000150991;ENSG00000169032;ENSG00000184056;ENSG00000185359;ENSG00000075785;ENSG00000177885;ENSG00000106089;ENSG00000096384;ENSG00000080824;ENSG00000108424;ENSG00000074800;ENSG00000102144;ENSG00000160014
prerank,REACTOME_ACTIVATION_OF_BH3_ONLY_PROTEINS,0.3577201590391034,1.4205874116683348,0.04744958481613286,0.1269582811139505,0.9998,5/30,1.67%,ENSG00000128245;ENSG00000134308;ENSG00000170027;ENSG00000108953;ENSG00000166913
prerank,REACTOME_CARGO_TRAFFICKING_TO_THE_PERICILIARY_MEMBRANE,0.29702525552690157,1.4232343234541602,0.021442495126705652,0.12700821409821292,0.9998,10/66,2.91%,ENSG00000127824;ENSG00000156261;ENSG00000088826;ENSG00000167553;ENSG00000150753;ENSG00000163468;ENSG00000123416;ENSG00000188229;ENSG00000258947;ENSG00000103769
prerank,REACTOME_TRAFFICKING_OF_GLUR2_CONTAINING_AMPA_RECEPTORS,0.4092578311776752,1.418929802471331,0.07695852534562211,0.1276553534330588,0.9998,4/17,6.49%,ENSG00000073969;ENSG00000161203;ENSG00000042753;ENSG00000120251
prerank,REACTOME_GLYCOSPHINGOLIPID_CATABOLISM,0.33735009533867477,1.4173956507325836,0.05442176870748299,0.1283260631101114,0.9998,5/36,1.99%,ENSG00000003056;ENSG00000197746;ENSG00000196743;ENSG00000064601;ENSG00000213614
prerank,REACTOME_FORMATION_OF_RNA_POL_II_ELONGATION_COMPLEX,0.30304232541382975,1.4153040950504685,0.024513947590870666,0.12941625190093786,0.9998,9/57,5.23%,ENSG00000149136;ENSG00000006712;ENSG00000196235;ENSG00000092201;ENSG00000099817;ENSG00000177700;ENSG00000181222;ENSG00000185049;ENSG00000166477
prerank,REACTOME_SELENOAMINO_ACID_METABOLISM,-0.410974202233731,-1.626915338017285,0.00117245789810275,0.1308977240548257,0.9901,63/113,29.50%,ENSG00000105640;ENSG00000198755;ENSG00000149806;ENSG00000221983;ENSG00000115268;ENSG00000136942;ENSG00000105372;ENSG00000177600;ENSG00000089157;ENSG00000130255;ENSG00000162244;ENSG00000182899;ENSG00000109475;ENSG00000142541;ENSG00000137818;ENSG00000172809;ENSG00000142676;ENSG00000131469;ENSG00000110700;ENSG00000167526;ENSG00000142534;ENSG00000177954;ENSG00000144713;ENSG00000163923;ENSG00000116251;ENSG00000063177;ENSG00000100316;ENSG00000185088;ENSG00000156482;ENSG00000140988;ENSG00000171858;ENSG00000071082;ENSG00000108298;ENSG00000143947;ENSG00000148303;ENSG00000125691;ENSG00000265681;ENSG00000165496;ENSG00000197728;ENSG00000118181;ENSG00000124614;ENSG00000161016;ENSG00000037241;ENSG00000145592;ENSG00000149273;ENSG00000198431;ENSG00000166741;ENSG00000188846;ENSG00000108107;ENSG00000179918;ENSG00000187742;ENSG00000136628;ENSG00000161970;ENSG00000105193;ENSG00000163584;ENSG00000197756;ENSG00000229117;ENSG00000198242;ENSG00000145425;ENSG00000138326;ENSG00000116761;ENSG00000134419;ENSG00000170889
prerank,REACTOME_REGULATED_NECROSIS,0.30276994784196604,1.4124180878951484,0.024816176470588234,0.1309818552142328,0.9998,6/59,2.28%,ENSG00000150991;ENSG00000132589;ENSG00000137312;ENSG00000105401;ENSG00000080824;ENSG00000130724
prerank,REACTOME_THE_NLRP3_INFLAMMASOME,0.4255044097900712,1.409322016659527,0.08354866494401378,0.13236060585495865,0.9999,3/15,2.81%,ENSG00000136810;ENSG00000096384;ENSG00000142192
prerank,REACTOME_SIGNALLING_TO_ERKS,0.33892855342792216,1.4093493872867084,0.043896572459410706,0.13271308106340154,0.9999,5/34,1.67%,ENSG00000169032;ENSG00000177885;ENSG00000174775;ENSG00000114738;ENSG00000166913
prerank,REACTOME_TP53_REGULATES_TRANSCRIPTION_OF_GENES_INVOLVED_IN_G1_CELL_CYCLE_ARREST,-0.6058875829448056,-1.6127773352462467,0.012210963886723825,0.13290223446778957,0.9947,9/14,16.05%,ENSG00000145386;ENSG00000123374;ENSG00000165891;ENSG00000175305;ENSG00000129173;ENSG00000111276;ENSG00000116017;ENSG00000101412;ENSG00000090097
prerank,REACTOME_LANOSTEROL_BIOSYNTHESIS,-0.6099197281413719,-1.61729444317862,0.011289903970931742,0.13355823911521802,0.9934,9/14,13.68%,ENSG00000163344;ENSG00000104549;ENSG00000079459;ENSG00000205808;ENSG00000160285;ENSG00000110921;ENSG00000167508;ENSG00000067064;ENSG00000112972
prerank,REACTOME_COMPLEX_IV_ASSEMBLY,-0.4639076285292603,-1.6096867729914461,0.005146386093321135,0.1340760067386569,0.9957,22/47,22.02%,ENSG00000112695;ENSG00000131174;ENSG00000131143;ENSG00000183978;ENSG00000187118;ENSG00000127184;ENSG00000168569;ENSG00000138495;ENSG00000111775;ENSG00000176340;ENSG00000183513;ENSG00000178449;ENSG00000148290;ENSG00000135940;ENSG00000163626;ENSG00000014919;ENSG00000131055;ENSG00000101084;ENSG00000232838;ENSG00000181061;ENSG00000189043;ENSG00000161281
prerank,REACTOME_SIGNALING_BY_NTRKS,0.2578056728018217,1.4055861611596736,0.010395010395010396,0.13416742895735773,0.9999,15/134,2.56%,ENSG00000111642;ENSG00000067560;ENSG00000068305;ENSG00000169032;ENSG00000108861;ENSG00000079805;ENSG00000177885;ENSG00000161203;ENSG00000174775;ENSG00000114738;ENSG00000141367;ENSG00000166913;ENSG00000105568;ENSG00000042753;ENSG00000140939
prerank,REACTOME_ESTROGEN_DEPENDENT_NUCLEAR_EVENTS_DOWNSTREAM_OF_ESR_MEMBRANE_SIGNALING,0.3766606190933546,1.4058292310859895,0.0740929994890138,0.1343847015690714,0.9999,3/23,1.01%,ENSG00000152332;ENSG00000138798;ENSG00000082898
prerank,REACTOME_GABA_SYNTHESIS_RELEASE_REUPTAKE_AND_DEGRADATION,0.3949000471374586,1.4038641948242019,0.08173562058526741,0.1350001035931325,0.9999,8/19,12.36%,ENSG00000106089;ENSG00000109971;ENSG00000101152;ENSG00000101438;ENSG00000136750;ENSG00000132164;ENSG00000157103;ENSG00000128683
prerank,REACTOME_FORMATION_OF_THE_URETERIC_BUD,0.3863957118359565,1.401658015419952,0.0876923076923077,0.13618541218492514,0.9999,8/21,6.83%,ENSG00000075891;ENSG00000185008;ENSG00000168621;ENSG00000168743;ENSG00000005073;ENSG00000054598;ENSG00000145147;ENSG00000123388
prerank,REACTOME_MUCOPOLYSACCHARIDOSES,-0.654283140512826,-1.6207226835224622,0.008898924159914995,0.13621428486785356,0.9923,7/11,19.78%,ENSG00000181523;ENSG00000169919;ENSG00000108784;ENSG00000135677;ENSG00000165102;ENSG00000113273;ENSG00000141012
prerank,REACTOME_HDR_THROUGH_HOMOLOGOUS_RECOMBINATION_HRR,-0.43650508119857645,-1.6128666128041245,0.0024336283185840708,0.13646286350880535,0.9947,29/68,18.38%,ENSG00000051341;ENSG00000051180;ENSG00000106399;ENSG00000111247;ENSG00000197299;ENSG00000149554;ENSG00000000460;ENSG00000100479;ENSG00000171792;ENSG00000174371;ENSG00000221983;ENSG00000132646;ENSG00000154920;ENSG00000170315;ENSG00000175482;ENSG00000196584;ENSG00000139618;ENSG00000111445;ENSG00000163918;ENSG00000062822;ENSG00000049541;ENSG00000115350;ENSG00000012048;ENSG00000117748;ENSG00000143947;ENSG00000175643;ENSG00000188827;ENSG00000101773;ENSG00000132207
prerank,REACTOME_FORMATION_OF_TC_NER_PRE_INCISION_COMPLEX,0.3092378498163887,1.400580645123231,0.03414634146341464,0.1365207388176444,0.9999,8/50,2.65%,ENSG00000150991;ENSG00000167986;ENSG00000099817;ENSG00000177700;ENSG00000169727;ENSG00000181222;ENSG00000168090;ENSG00000111652
prerank,REACTOME_SIGNALING_BY_FGFR4_IN_DISEASE,0.47389616231684745,1.3997808241427123,0.09592906086255543,0.13672561023797208,0.9999,2/11,1.49%,ENSG00000177885;ENSG00000174775
prerank,REACTOME_CROSSLINKING_OF_COLLAGEN_FIBRILS,-0.5695890409916599,-1.6176576569481447,0.01082169372090097,0.13688430545929892,0.9932,10/18,15.86%,ENSG00000106333;ENSG00000134013;ENSG00000197565;ENSG00000115318;ENSG00000134871;ENSG00000108821;ENSG00000168487;ENSG00000164692;ENSG00000138131;ENSG00000113083
prerank,REACTOME_FCERI_MEDIATED_CA_2_MOBILIZATION,0.2815846284147369,1.3988259548409177,0.015776699029126214,0.1370324309091874,0.9999,21/82,13.33%,ENSG00000177885;ENSG00000241244;ENSG00000242534;ENSG00000244116;ENSG00000239571;ENSG00000243290;ENSG00000240382;ENSG00000243238;ENSG00000241351;ENSG00000240864;ENSG00000131196;ENSG00000239951;ENSG00000211653;ENSG00000211652;ENSG00000211959;ENSG00000211973;ENSG00000224373;ENSG00000211962;ENSG00000211967;ENSG00000211660;ENSG00000141968
prerank,REACTOME_SARS_COV_2_INFECTION,0.23609871119765966,1.3945074848891512,0.0,0.13979194220760657,0.9999,30/281,3.05%,ENSG00000128245;ENSG00000213024;ENSG00000150991;ENSG00000134308;ENSG00000161013;ENSG00000137817;ENSG00000177119;ENSG00000104142;ENSG00000184056;ENSG00000094914;ENSG00000124145;ENSG00000096384;ENSG00000145907;ENSG00000170027;ENSG00000080824;ENSG00000108953;ENSG00000166913;ENSG00000184216;ENSG00000178952;ENSG00000126457;ENSG00000102900;ENSG00000127022;ENSG00000130724;ENSG00000089597;ENSG00000165280;ENSG00000063660;ENSG00000118705;ENSG00000182481;ENSG00000244038;ENSG00000163902
prerank,REACTOME_RAF_ACTIVATION,0.3362481469526279,1.3924410184169331,0.05628517823639775,0.14051322541333466,0.9999,6/34,2.37%,ENSG00000169032;ENSG00000213639;ENSG00000174775;ENSG00000166913;ENSG00000167085;ENSG00000105568
prerank,REACTOME_NUCLEOTIDE_EXCISION_REPAIR,0.266017166514235,1.392489883347796,0.005357142857142857,0.14087080211705005,0.9999,15/107,2.72%,ENSG00000150991;ENSG00000157450;ENSG00000167986;ENSG00000075624;ENSG00000184900;ENSG00000106628;ENSG00000099817;ENSG00000012061;ENSG00000177700;ENSG00000169727;ENSG00000179262;ENSG00000181222;ENSG00000168090;ENSG00000111652;ENSG00000132383
prerank,REACTOME_DISEASES_ASSOCIATED_WITH_N_GLYCOSYLATION_OF_PROTEINS,-0.5486563869997098,-1.5990805973192705,0.011689291101055807,0.14308016313841634,0.9973,16/20,29.78%,ENSG00000086848;ENSG00000204386;ENSG00000177239;ENSG00000129255;ENSG00000086062;ENSG00000172269;ENSG00000119523;ENSG00000182858;ENSG00000172339;ENSG00000115275;ENSG00000159063;ENSG00000033011;ENSG00000214160;ENSG00000163933;ENSG00000166391;ENSG00000088035
prerank,REACTOME_TRANSCRIPTIONAL_REGULATION_OF_BROWN_AND_BEIGE_ADIPOCYTE_DIFFERENTIATION,0.34847119256639447,1.3877526870438075,0.06449738524113888,0.143651497929928,0.9999,4/29,4.55%,ENSG00000111642;ENSG00000116478;ENSG00000153187;ENSG00000176194
prerank,REACTOME_CELL_DEATH_SIGNALLING_VIA_NRAGE_NRIF_AND_NADE,-0.4259201760720557,-1.5942451402570388,0.003206900364923145,0.14370666887556274,0.9982,29/74,21.38%,ENSG00000102302;ENSG00000131089;ENSG00000137135;ENSG00000179222;ENSG00000050327;ENSG00000129675;ENSG00000166681;ENSG00000171680;ENSG00000221983;ENSG00000146426;ENSG00000170315;ENSG00000205155;ENSG00000090924;ENSG00000002330;ENSG00000138613;ENSG00000161011;ENSG00000162736;ENSG00000156299;ENSG00000164305;ENSG00000110237;ENSG00000064300;ENSG00000143947;ENSG00000165801;ENSG00000154358;ENSG00000142632;ENSG00000101977;ENSG00000214694;ENSG00000142856;ENSG00000114790
prerank,REACTOME_NEUROTRANSMITTER_RELEASE_CYCLE,0.306386167932958,1.3871523670518175,0.042984590429845905,0.1437299565192225,0.9999,6/49,2.88%,ENSG00000144746;ENSG00000143847;ENSG00000106089;ENSG00000109971;ENSG00000101152;ENSG00000187714
prerank,REACTOME_RESOLUTION_OF_D_LOOP_STRUCTURES,-0.4792573767432332,-1.5915783501757952,0.009397392223657935,0.14452547490454412,0.9987,26/36,42.88%,ENSG00000051180;ENSG00000111247;ENSG00000197299;ENSG00000000460;ENSG00000174371;ENSG00000154920;ENSG00000196584;ENSG00000139618;ENSG00000012048;ENSG00000175643;ENSG00000188827;ENSG00000101773;ENSG00000132207;ENSG00000165392;ENSG00000126215;ENSG00000164808;ENSG00000178295;ENSG00000104320;ENSG00000132436;ENSG00000138346;ENSG00000172732;ENSG00000113522;ENSG00000083093;ENSG00000138376;ENSG00000178966;ENSG00000127922
prerank,REACTOME_DEFECTIVE_B4GALT7_CAUSES_EDS_PROGEROID_TYPE,-0.5494225595053757,-1.5956464948887261,0.013486513486513486,0.1449139559277993,0.9978,13/20,20.44%,ENSG00000114646;ENSG00000173546;ENSG00000076716;ENSG00000213420;ENSG00000130287;ENSG00000162512;ENSG00000115884;ENSG00000142798;ENSG00000147257;ENSG00000027847;ENSG00000188157;ENSG00000011465;ENSG00000038427
prerank,REACTOME_DISEASES_ASSOCIATED_WITH_GLYCOSAMINOGLYCAN_METABOLISM,-0.47371724400900683,-1.5999058889130175,0.007368421052631579,0.14531713516327657,0.9973,20/40,17.69%,ENSG00000114646;ENSG00000169105;ENSG00000173546;ENSG00000076716;ENSG00000213420;ENSG00000130287;ENSG00000149541;ENSG00000162512;ENSG00000115884;ENSG00000142798;ENSG00000151348;ENSG00000086062;ENSG00000147257;ENSG00000106809;ENSG00000122863;ENSG00000027847;ENSG00000131873;ENSG00000139329;ENSG00000188157;ENSG00000011465
prerank,REACTOME_METABOLISM_OF_AMINO_ACIDS_AND_DERIVATIVES,0.22677465963188134,1.3838511582823576,0.0,0.14533520575570213,0.9999,37/344,2.84%,ENSG00000248098;ENSG00000065427;ENSG00000125166;ENSG00000130706;ENSG00000104951;ENSG00000103507;ENSG00000100902;ENSG00000100804;ENSG00000087191;ENSG00000088826;ENSG00000181019;ENSG00000100764;ENSG00000180304;ENSG00000105953;ENSG00000103035;ENSG00000175166;ENSG00000013275;ENSG00000108671;ENSG00000185627;ENSG00000115866;ENSG00000173692;ENSG00000108344;ENSG00000115233;ENSG00000104904;ENSG00000041357;ENSG00000101182;ENSG00000099341;ENSG00000104687;ENSG00000126067;ENSG00000165916;ENSG00000101444;ENSG00000142507;ENSG00000102172;ENSG00000130821;ENSG00000127884;ENSG00000138801;ENSG00000140274
prerank,REACTOME_INTERCONVERSION_OF_NUCLEOTIDE_DI_AND_TRIPHOSPHATES,0.34821445952383767,1.3831020452565388,0.07445589919816724,0.14547960238337793,0.9999,6/28,2.94%,ENSG00000136810;ENSG00000162433;ENSG00000004455;ENSG00000143774;ENSG00000104687;ENSG00000167325
prerank,REACTOME_SEMAPHORIN_INTERACTIONS,0.29063465900619556,1.3841035412117166,0.03313840155945419,0.14554787845481418,0.9999,9/64,2.44%,ENSG00000137076;ENSG00000067560;ENSG00000100345;ENSG00000096384;ENSG00000092964;ENSG00000092841;ENSG00000080824;ENSG00000172757;ENSG00000106683
prerank,REACTOME_REGULATION_OF_INSULIN_SECRETION,0.2806921329560071,1.380753061296926,0.0249728555917481,0.1456294269391021,0.9999,9/76,3.21%,ENSG00000117394;ENSG00000149782;ENSG00000140575;ENSG00000078369;ENSG00000106089;ENSG00000087460;ENSG00000108946;ENSG00000072062;ENSG00000114353
prerank,REACTOME_GLUCAGON_SIGNALING_IN_METABOLIC_REGULATION,0.33871293860247226,1.3812068520013145,0.06591337099811675,0.14568368063564963,0.9999,6/32,3.81%,ENSG00000078369;ENSG00000087460;ENSG00000108946;ENSG00000072062;ENSG00000215644;ENSG00000129467
prerank,REACTOME_DNA_DAMAGE_RECOGNITION_IN_GG_NER,0.32148036181233836,1.3821831885901186,0.05124747134187458,0.14580152590079196,0.9999,7/38,2.65%,ENSG00000150991;ENSG00000167986;ENSG00000075624;ENSG00000169727;ENSG00000179262;ENSG00000168090;ENSG00000111652
prerank,REACTOME_SARS_COV_1_MODULATES_HOST_TRANSLATION_MACHINERY,-0.48070214318626214,-1.5804355590184835,0.01355367970514802,0.14592545215092714,0.9993,23/34,34.03%,ENSG00000149806;ENSG00000115268;ENSG00000105372;ENSG00000156508;ENSG00000110700;ENSG00000142534;ENSG00000177954;ENSG00000185088;ENSG00000140988;ENSG00000171858;ENSG00000143947;ENSG00000197728;ENSG00000118181;ENSG00000124614;ENSG00000149273;ENSG00000105193;ENSG00000145425;ENSG00000138326;ENSG00000134419;ENSG00000170889;ENSG00000083845;ENSG00000171863;ENSG00000137154
prerank,REACTOME_SHC_MEDIATED_CASCADE_FGFR1,0.39438162656038617,1.3812604451245816,0.08400188768286927,0.14603994894919312,0.9999,8/18,13.71%,ENSG00000177885;ENSG00000174775;ENSG00000186895;ENSG00000075388;ENSG00000133116;ENSG00000158815;ENSG00000078579;ENSG00000213281
prerank,REACTOME_TRANSPORT_OF_MATURE_TRANSCRIPT_TO_CYTOPLASM,0.27827150778055565,1.3778779817921418,0.02262443438914027,0.14661005410017833,0.9999,8/80,3.53%,ENSG00000119392;ENSG00000213024;ENSG00000125755;ENSG00000094914;ENSG00000136450;ENSG00000102900;ENSG00000163634;ENSG00000111786
prerank,REACTOME_GLYOXYLATE_METABOLISM_AND_GLYCINE_DEGRADATION,0.38479474166677324,1.3786792261658372,0.08422590068159688,0.14677425758059007,0.9999,5/19,6.99%,ENSG00000125166;ENSG00000105953;ENSG00000113492;ENSG00000250799;ENSG00000119689
prerank,REACTOME_THYROXINE_BIOSYNTHESIS,0.4222338961847258,1.3780709712084234,0.09913043478260869,0.1468407560023396,0.9999,7/14,11.14%,ENSG00000140274;ENSG00000140279;ENSG00000140254;ENSG00000197406;ENSG00000135346;ENSG00000105641;ENSG00000115705
prerank,REACTOME_INFLUENZA_VIRAL_RNA_TRANSCRIPTION_AND_REPLICATION,-0.39287362657832037,-1.581377468217532,0.0011554621848739496,0.14752921365596317,0.9993,83/131,34.80%,ENSG00000105640;ENSG00000198755;ENSG00000149806;ENSG00000221983;ENSG00000115268;ENSG00000136942;ENSG00000105372;ENSG00000157020;ENSG00000177600;ENSG00000089157;ENSG00000130255;ENSG00000147669;ENSG00000162244;ENSG00000182899;ENSG00000075188;ENSG00000109475;ENSG00000142541;ENSG00000137818;ENSG00000172809;ENSG00000168002;ENSG00000142676;ENSG00000131469;ENSG00000110700;ENSG00000167526;ENSG00000143799;ENSG00000142534;ENSG00000177954;ENSG00000144713;ENSG00000047410;ENSG00000102580;ENSG00000058804;ENSG00000163923;ENSG00000116251;ENSG00000063177;ENSG00000100316;ENSG00000185088;ENSG00000156482;ENSG00000140988;ENSG00000171858;ENSG00000071082;ENSG00000108298;ENSG00000143947;ENSG00000148303;ENSG00000125691;ENSG00000265681;ENSG00000165496;ENSG00000197728;ENSG00000118181;ENSG00000124614;ENSG00000161016;ENSG00000005075;ENSG00000037241;ENSG00000163002;ENSG00000145592;ENSG00000120253;ENSG00000149273;ENSG00000100142;ENSG00000188846;ENSG00000108107;ENSG00000161970;ENSG00000105193;ENSG00000153201;ENSG00000163584;ENSG00000065150;ENSG00000197756;ENSG00000163882;ENSG00000229117;ENSG00000198242;ENSG00000145425;ENSG00000138326;ENSG00000134419;ENSG00000170889;ENSG00000083845;ENSG00000138750;ENSG00000105258;ENSG00000140986;ENSG00000139496;ENSG00000197958;ENSG00000171863;ENSG00000089009;ENSG00000137154;ENSG00000069248;ENSG00000110713
prerank,REACTOME_ABORTIVE_ELONGATION_OF_HIV_1_TRANSCRIPT_IN_THE_ABSENCE_OF_TAT,0.3658913233067626,1.3759631465353863,0.08556430446194226,0.14768254276257942,0.9999,5/23,3.59%,ENSG00000196235;ENSG00000099817;ENSG00000177700;ENSG00000181222;ENSG00000185049
prerank,REACTOME_CASPASE_ACTIVATION_VIA_DEPENDENCE_RECEPTORS_IN_THE_ABSENCE_OF_LIGAND,-0.6521596620422734,-1.5773839994237486,0.01556420233463035,0.1477182569738526,0.9995,5/10,21.39%,ENSG00000179222;ENSG00000164305;ENSG00000187323;ENSG00000113763;ENSG00000132906
prerank,REACTOME_TELOMERE_C_STRAND_SYNTHESIS_INITIATION,-0.6053449768492815,-1.5832458844912167,0.017370706671930518,0.14774498784179513,0.999,8/13,23.95%,ENSG00000198056;ENSG00000014138;ENSG00000102977;ENSG00000092330;ENSG00000178971;ENSG00000147601;ENSG00000107960;ENSG00000101868
prerank,REACTOME_CALNEXIN_CALRETICULIN_CYCLE,0.3543032143870915,1.3748820702969597,0.07354618015963511,0.14811247490310658,0.9999,6/26,2.99%,ENSG00000150991;ENSG00000127022;ENSG00000089597;ENSG00000179218;ENSG00000167004;ENSG00000135506
prerank,REACTOME_OVARIAN_TUMOR_DOMAIN_PROTEASES,0.32469285946744686,1.3737295392269568,0.06479625918503674,0.14863415430944843,0.9999,5/36,2.51%,ENSG00000167770;ENSG00000067560;ENSG00000150991;ENSG00000145901;ENSG00000165280
prerank,REACTOME_ORGANELLE_BIOGENESIS_AND_MAINTENANCE,0.23140646100617196,1.3723168041787608,0.0,0.1489578620100214,0.9999,33/289,2.91%,ENSG00000127824;ENSG00000171720;ENSG00000156261;ENSG00000023330;ENSG00000101367;ENSG00000197102;ENSG00000088826;ENSG00000175203;ENSG00000170027;ENSG00000080824;ENSG00000108953;ENSG00000172534;ENSG00000138107;ENSG00000154518;ENSG00000159199;ENSG00000167553;ENSG00000241468;ENSG00000150753;ENSG00000173436;ENSG00000132305;ENSG00000163468;ENSG00000110955;ENSG00000167863;ENSG00000105568;ENSG00000204843;ENSG00000152234;ENSG00000123416;ENSG00000072062;ENSG00000188229;ENSG00000165629;ENSG00000258947;ENSG00000131462;ENSG00000103769
prerank,REACTOME_DISEASES_OF_PROGRAMMED_CELL_DEATH,0.29052567284617065,1.3723941038394698,0.037037037037037035,0.14929209790718545,0.9999,9/61,3.11%,ENSG00000014216;ENSG00000108953;ENSG00000160789;ENSG00000108561;ENSG00000126247;ENSG00000117450;ENSG00000167815;ENSG00000142192;ENSG00000162909
prerank,REACTOME_TRANSPORT_OF_SMALL_MOLECULES,0.22454787283279642,1.3711874830899695,0.0,0.1494445398481756,0.9999,74/698,4.01%,ENSG00000164889;ENSG00000065923;ENSG00000131100;ENSG00000130706;ENSG00000131389;ENSG00000114573;ENSG00000117394;ENSG00000115657;ENSG00000150991;ENSG00000143570;ENSG00000144959;ENSG00000147416;ENSG00000159720;ENSG00000059804;ENSG00000108846;ENSG00000103222;ENSG00000177119;ENSG00000100902;ENSG00000100804;ENSG00000087274;ENSG00000078668;ENSG00000078369;ENSG00000087191;ENSG00000100764;ENSG00000107745;ENSG00000103035;ENSG00000017260;ENSG00000175166;ENSG00000013275;ENSG00000108671;ENSG00000069849;ENSG00000161203;ENSG00000185627;ENSG00000087460;ENSG00000173692;ENSG00000172270;ENSG00000108344;ENSG00000141367;ENSG00000115233;ENSG00000225697;ENSG00000163399;ENSG00000185883;ENSG00000139641;ENSG00000115677;ENSG00000041357;ENSG00000101182;ENSG00000167085;ENSG00000198363;ENSG00000108528;ENSG00000099341;ENSG00000213585;ENSG00000126067;ENSG00000165916;ENSG00000129559;ENSG00000165637;ENSG00000142507;ENSG00000108946;ENSG00000143761;ENSG00000165280;ENSG00000141526;ENSG00000042753;ENSG00000072062;ENSG00000185624;ENSG00000174437;ENSG00000072274;ENSG00000103769;ENSG00000135506;ENSG00000071553;ENSG00000110245;ENSG00000144481;ENSG00000129467;ENSG00000165553;ENSG00000158014;ENSG00000066230
prerank,REACTOME_SIGNALING_BY_NOTCH1_HD_DOMAIN_MUTANTS_IN_CANCER,0.4159779044444836,1.3702673227970963,0.09896068685042927,0.1497850088746235,0.9999,4/15,5.53%,ENSG00000150991;ENSG00000151694;ENSG00000137845;ENSG00000128917
prerank,REACTOME_VIRAL_MESSENGER_RNA_SYNTHESIS,0.31419564599954897,1.3693490617279263,0.05312275664034458,0.15007973272231026,0.9999,6/43,2.28%,ENSG00000213024;ENSG00000094914;ENSG00000099817;ENSG00000102900;ENSG00000177700;ENSG00000181222
prerank,REACTOME_CHROMOSOME_MAINTENANCE,-0.40284259205454537,-1.5854809617944807,0.0013848940023436667,0.15078863941994636,0.9989,56/108,27.25%,ENSG00000115163;ENSG00000104147;ENSG00000140451;ENSG00000145386;ENSG00000153044;ENSG00000123374;ENSG00000123485;ENSG00000106399;ENSG00000197299;ENSG00000102384;ENSG00000198056;ENSG00000137812;ENSG00000246705;ENSG00000120334;ENSG00000166451;ENSG00000169689;ENSG00000203760;ENSG00000132646;ENSG00000123219;ENSG00000175482;ENSG00000147669;ENSG00000151725;ENSG00000175279;ENSG00000111445;ENSG00000163918;ENSG00000062822;ENSG00000168002;ENSG00000049541;ENSG00000105968;ENSG00000014138;ENSG00000117748;ENSG00000102977;ENSG00000092330;ENSG00000159055;ENSG00000005075;ENSG00000178971;ENSG00000184260;ENSG00000147601;ENSG00000175792;ENSG00000107960;ENSG00000133119;ENSG00000100142;ENSG00000142856;ENSG00000165392;ENSG00000132475;ENSG00000145912;ENSG00000168802;ENSG00000144749;ENSG00000101868;ENSG00000129534;ENSG00000188486;ENSG00000197903;ENSG00000158373;ENSG00000138092;ENSG00000196890;ENSG00000163882
prerank,REACTOME_GLYCOSAMINOGLYCAN_PROTEIN_LINKAGE_REGION_BIOSYNTHESIS,-0.49959596724229305,-1.583319264530705,0.010958574181117533,0.15093695078592392,0.999,17/29,20.44%,ENSG00000114646;ENSG00000173546;ENSG00000076716;ENSG00000213420;ENSG00000130287;ENSG00000149541;ENSG00000162512;ENSG00000115884;ENSG00000142798;ENSG00000147257;ENSG00000155893;ENSG00000027847;ENSG00000015532;ENSG00000188157;ENSG00000109956;ENSG00000011465;ENSG00000038427
prerank,REACTOME_FORMATION_OF_INCISION_COMPLEX_IN_GG_NER,0.3076572488630416,1.367027025945678,0.05128205128205128,0.15155504710250817,0.9999,7/43,2.72%,ENSG00000150991;ENSG00000157450;ENSG00000167986;ENSG00000184900;ENSG00000012061;ENSG00000179262;ENSG00000132383
prerank,REACTOME_CYTOSOLIC_SENSORS_OF_PATHOGEN_ASSOCIATED_DNA,0.28897475051705424,1.3659025438808132,0.0425531914893617,0.15206954045026796,0.9999,7/63,2.67%,ENSG00000150991;ENSG00000183258;ENSG00000135829;ENSG00000099817;ENSG00000196419;ENSG00000177700;ENSG00000079246
prerank,REACTOME_IRON_UPTAKE_AND_TRANSPORT,0.2920166710318448,1.3621342672621772,0.04245709123757904,0.1546328518612189,0.9999,9/58,3.18%,ENSG00000131100;ENSG00000114573;ENSG00000150991;ENSG00000147416;ENSG00000159720;ENSG00000185883;ENSG00000129559;ENSG00000072274;ENSG00000071553
prerank,REACTOME_PI3K_EVENTS_IN_ERBB2_SIGNALING,0.3982482439259587,1.3614570927720018,0.10314924691921497,0.15473550017213622,0.9999,2/16,1.13%,ENSG00000138798;ENSG00000177885
prerank,REACTOME_ATTENUATION_PHASE,0.3470319099311466,1.360162501453067,0.081374321880651,0.15529962419016774,0.9999,5/28,2.86%,ENSG00000004478;ENSG00000109971;ENSG00000096384;ENSG00000080824;ENSG00000230989
prerank,REACTOME_DISEASES_OF_DNA_REPAIR,-0.44582916253345234,-1.5682557532947714,0.006756756756756757,0.15646152595140578,0.9996,21/50,21.90%,ENSG00000051180;ENSG00000109674;ENSG00000106399;ENSG00000111247;ENSG00000197299;ENSG00000171792;ENSG00000174371;ENSG00000132781;ENSG00000114026;ENSG00000196584;ENSG00000065057;ENSG00000139618;ENSG00000111445;ENSG00000163918;ENSG00000049541;ENSG00000012048;ENSG00000117748;ENSG00000175643;ENSG00000101773;ENSG00000133119;ENSG00000165392
prerank,REACTOME_FANCONI_ANEMIA_PATHWAY,-0.47123878137131425,-1.5692420869185102,0.012405482041587902,0.15791744764627355,0.9996,21/37,19.66%,ENSG00000181544;ENSG00000144554;ENSG00000106399;ENSG00000131944;ENSG00000221983;ENSG00000169689;ENSG00000140525;ENSG00000154920;ENSG00000185504;ENSG00000170315;ENSG00000175279;ENSG00000077152;ENSG00000117748;ENSG00000143947;ENSG00000130997;ENSG00000187741;ENSG00000188827;ENSG00000158169;ENSG00000162607;ENSG00000132207;ENSG00000118655
prerank,REACTOME_DS_GAG_BIOSYNTHESIS,-0.6130958923428107,-1.5614644227887537,0.016020124453859395,0.15863403516958718,0.9998,7/12,20.44%,ENSG00000114646;ENSG00000169105;ENSG00000173546;ENSG00000130287;ENSG00000111817;ENSG00000011465;ENSG00000038427
prerank,REACTOME_TRANSCRIPTION_OF_E2F_TARGETS_UNDER_NEGATIVE_CONTROL_BY_P107_RBL1_AND_P130_RBL2_IN_COMPLEX_WITH_HDAC1,-0.569319904470546,-1.5630250452144951,0.018028240040342914,0.15910022452568592,0.9997,10/16,17.31%,ENSG00000189308;ENSG00000101057;ENSG00000145386;ENSG00000170312;ENSG00000183814;ENSG00000198176;ENSG00000101412;ENSG00000133740;ENSG00000080839;ENSG00000205659
prerank,REACTOME_RNA_POLYMERASE_I_TRANSCRIPTION_INITIATION,0.3050477163422149,1.3547339141798185,0.06387832699619772,0.1592564290826563,1.0,5/47,2.15%,ENSG00000204371;ENSG00000111642;ENSG00000116478;ENSG00000099817;ENSG00000177700
prerank,REACTOME_DEVELOPMENTAL_LINEAGES_OF_THE_MAMMARY_GLAND,0.31901591418513003,1.3523955621128865,0.0744336569579288,0.1607732065114135,1.0,7/37,7.53%,ENSG00000026508;ENSG00000026025;ENSG00000138798;ENSG00000137203;ENSG00000133392;ENSG00000107485;ENSG00000087510
prerank,REACTOME_TP53_REGULATES_TRANSCRIPTION_OF_CELL_CYCLE_GENES,-0.43972466897003654,-1.5390755305868689,0.01207977207977208,0.1607761518244299,1.0,20/49,19.25%,ENSG00000134057;ENSG00000145386;ENSG00000170312;ENSG00000123374;ENSG00000165891;ENSG00000087088;ENSG00000175305;ENSG00000087586;ENSG00000158402;ENSG00000132646;ENSG00000129173;ENSG00000198176;ENSG00000111276;ENSG00000116017;ENSG00000101412;ENSG00000151849;ENSG00000090097;ENSG00000080839;ENSG00000116717;ENSG00000113300
prerank,REACTOME_DISSOLUTION_OF_FIBRIN_CLOT,0.42773982271134636,1.3510499389997204,0.11557788944723618,0.16143944497056587,1.0,3/13,3.12%,ENSG00000182718;ENSG00000197747;ENSG00000135919
prerank,REACTOME_BBSOME_MEDIATED_CARGO_TARGETING_TO_CILIUM,0.36079369241037695,1.3505480299166732,0.09326424870466321,0.16144777567929494,1.0,4/22,2.33%,ENSG00000156261;ENSG00000088826;ENSG00000150753;ENSG00000163468
prerank,REACTOME_POU5F1_OCT4_SOX2_NANOG_ACTIVATE_GENES_RELATED_TO_PROLIFERATION,-0.5992184292139002,-1.5371141039209701,0.023611660730774305,0.16149719640549756,1.0,5/12,9.19%,ENSG00000129682;ENSG00000101115;ENSG00000148200;ENSG00000156925;ENSG00000103449
prerank,REACTOME_POLYMERASE_SWITCHING_ON_THE_C_STRAND_OF_THE_TELOMERE,-0.502641840456682,-1.5632846108978606,0.015993163227933097,0.16172253965374153,0.9997,16/26,23.95%,ENSG00000198056;ENSG00000132646;ENSG00000175482;ENSG00000111445;ENSG00000163918;ENSG00000062822;ENSG00000049541;ENSG00000014138;ENSG00000102977;ENSG00000092330;ENSG00000178971;ENSG00000147601;ENSG00000107960;ENSG00000133119;ENSG00000168802;ENSG00000101868
prerank,REACTOME_HOMOLOGOUS_DNA_PAIRING_AND_STRAND_EXCHANGE,-0.4509980841828948,-1.5395467889418197,0.012475224437448992,0.16242276989761817,1.0,18/42,21.90%,ENSG00000051180;ENSG00000106399;ENSG00000111247;ENSG00000197299;ENSG00000149554;ENSG00000171792;ENSG00000174371;ENSG00000196584;ENSG00000139618;ENSG00000111445;ENSG00000163918;ENSG00000049541;ENSG00000012048;ENSG00000117748;ENSG00000175643;ENSG00000101773;ENSG00000133119;ENSG00000165392
prerank,REACTOME_CS_GAG_BIOSYNTHESIS,-0.5221330958201917,-1.5333823224925558,0.024274274274274275,0.16280918342704503,1.0,9/21,20.44%,ENSG00000114646;ENSG00000173546;ENSG00000130287;ENSG00000123989;ENSG00000171310;ENSG00000122863;ENSG00000131873;ENSG00000011465;ENSG00000038427
prerank,REACTOME_ROS_AND_RNS_PRODUCTION_IN_PHAGOCYTES,0.31935324949092303,1.3482392310187825,0.07236842105263158,0.16303773765369017,1.0,5/36,1.73%,ENSG00000131100;ENSG00000114573;ENSG00000147416;ENSG00000159720;ENSG00000185883
prerank,REACTOME_KILLING_MECHANISMS,-0.609201021483246,-1.5568492896641644,0.018381380587146258,0.1635518679486861,0.9999,7/12,26.90%,ENSG00000107404;ENSG00000114251;ENSG00000051523;ENSG00000155760;ENSG00000161202;ENSG00000004975;ENSG00000177606
prerank,REACTOME_SARS_COV_2_MODULATES_HOST_TRANSLATION_MACHINERY,-0.44239312782377627,-1.5450509774218975,0.013015434231743837,0.16359495304908583,1.0,41/47,51.64%,ENSG00000149806;ENSG00000115268;ENSG00000105372;ENSG00000092208;ENSG00000110700;ENSG00000142534;ENSG00000177954;ENSG00000185088;ENSG00000140988;ENSG00000171858;ENSG00000143947;ENSG00000197728;ENSG00000118181;ENSG00000124614;ENSG00000100028;ENSG00000149273;ENSG00000143977;ENSG00000046647;ENSG00000105193;ENSG00000145425;ENSG00000064703;ENSG00000138326;ENSG00000134419;ENSG00000170889;ENSG00000125743;ENSG00000083845;ENSG00000171863;ENSG00000137154;ENSG00000142252;ENSG00000198034;ENSG00000142937;ENSG00000164587;ENSG00000213741;ENSG00000125835;ENSG00000112306;ENSG00000082516;ENSG00000205571;ENSG00000008988;ENSG00000233927;ENSG00000231500;ENSG00000152147
prerank,REACTOME_ECM_PROTEOGLYCANS,-0.41028121817740143,-1.5342254727283688,0.008423852804256263,0.16379008028560077,1.0,35/71,27.90%,ENSG00000173402;ENSG00000168542;ENSG00000197565;ENSG00000204262;ENSG00000113140;ENSG00000150093;ENSG00000130287;ENSG00000134871;ENSG00000119699;ENSG00000108821;ENSG00000142798;ENSG00000106366;ENSG00000091136;ENSG00000134569;ENSG00000168477;ENSG00000005961;ENSG00000101680;ENSG00000049089;ENSG00000163359;ENSG00000130635;ENSG00000142173;ENSG00000105426;ENSG00000164692;ENSG00000142156;ENSG00000139329;ENSG00000188157;ENSG00000011465;ENSG00000196569;ENSG00000038427;ENSG00000135862;ENSG00000138448;ENSG00000188153;ENSG00000112769;ENSG00000135164;ENSG00000149294
prerank,REACTOME_TRANSCRIPTION_OF_E2F_TARGETS_UNDER_NEGATIVE_CONTROL_BY_DREAM_COMPLEX,-0.54387195620751,-1.5547978102781128,0.019139945314441957,0.16401447363973826,0.9999,11/19,17.31%,ENSG00000189308;ENSG00000164045;ENSG00000094804;ENSG00000131747;ENSG00000183814;ENSG00000132646;ENSG00000198176;ENSG00000101412;ENSG00000133740;ENSG00000080839;ENSG00000205659
prerank,REACTOME_SYNTHESIS_OF_GLYCOSYLPHOSPHATIDYLINOSITOL_GPI,-0.5592678029388048,-1.5398157636052339,0.02157538618664624,0.1644925281975404,1.0,10/16,26.60%,ENSG00000165282;ENSG00000143315;ENSG00000136908;ENSG00000165195;ENSG00000163964;ENSG00000060642;ENSG00000151665;ENSG00000007541;ENSG00000135845;ENSG00000100564
prerank,REACTOME_ALPHA_LINOLENIC_OMEGA3_AND_LINOLEIC_OMEGA6_ACID_METABOLISM,-0.593237782023011,-1.5412456424160428,0.021983773881182937,0.1646847329877205,1.0,5/13,11.84%,ENSG00000149485;ENSG00000066322;ENSG00000134824;ENSG00000101473;ENSG00000101986
prerank,REACTOME_NRAGE_SIGNALS_DEATH_THROUGH_JNK,-0.4256583658348426,-1.5306868896153285,0.009069266523069946,0.16472979925698286,1.0,19/57,21.38%,ENSG00000102302;ENSG00000131089;ENSG00000137135;ENSG00000179222;ENSG00000050327;ENSG00000129675;ENSG00000171680;ENSG00000146426;ENSG00000090924;ENSG00000002330;ENSG00000156299;ENSG00000110237;ENSG00000064300;ENSG00000165801;ENSG00000154358;ENSG00000142632;ENSG00000101977;ENSG00000214694;ENSG00000114790
prerank,REACTOME_BASE_EXCISION_REPAIR_AP_SITE_FORMATION,-0.4784788006088401,-1.542699045907581,0.016440314510364547,0.16488984989099606,1.0,17/32,27.25%,ENSG00000109674;ENSG00000123415;ENSG00000246705;ENSG00000132781;ENSG00000114026;ENSG00000065057;ENSG00000076248;ENSG00000105968;ENSG00000102977;ENSG00000092330;ENSG00000103152;ENSG00000184260;ENSG00000147601;ENSG00000188486;ENSG00000197903;ENSG00000158373;ENSG00000196890
prerank,REACTOME_MITOTIC_PROMETAPHASE,-0.3718498183919893,-1.545747970709086,0.0002041024594346362,0.1651454223232319,1.0,66/199,12.06%,ENSG00000166851;ENSG00000143228;ENSG00000115163;ENSG00000178999;ENSG00000121152;ENSG00000134057;ENSG00000089685;ENSG00000198033;ENSG00000156970;ENSG00000101004;ENSG00000134690;ENSG00000152253;ENSG00000138778;ENSG00000142945;ENSG00000080986;ENSG00000117399;ENSG00000153044;ENSG00000146670;ENSG00000170312;ENSG00000117650;ENSG00000137267;ENSG00000142731;ENSG00000167552;ENSG00000102384;ENSG00000137812;ENSG00000121621;ENSG00000117724;ENSG00000174442;ENSG00000161888;ENSG00000000460;ENSG00000103995;ENSG00000104833;ENSG00000129810;ENSG00000072864;ENSG00000120334;ENSG00000166451;ENSG00000175216;ENSG00000184445;ENSG00000101162;ENSG00000136861;ENSG00000157020;ENSG00000149636;ENSG00000164109;ENSG00000109805;ENSG00000137100;ENSG00000157456;ENSG00000123219;ENSG00000176101;ENSG00000068971;ENSG00000154839;ENSG00000186871;ENSG00000151725;ENSG00000075188;ENSG00000037042;ENSG00000175279;ENSG00000169679;ENSG00000040275;ENSG00000163535;ENSG00000104695;ENSG00000101624;ENSG00000152240;ENSG00000177954;ENSG00000147400;ENSG00000088986;ENSG00000151849;ENSG00000154473
prerank,REACTOME_GLYCOGEN_METABOLISM,0.3473656048137208,1.3442345076463826,0.08279506752789195,0.16591556183740974,1.0,5/26,2.80%,ENSG00000114480;ENSG00000150991;ENSG00000100994;ENSG00000104812;ENSG00000079739
prerank,REACTOME_INTERACTIONS_OF_VPR_WITH_HOST_CELLULAR_PROTEINS,0.31963562485884384,1.3437254653829898,0.07435897435897436,0.1659629468538337,1.0,5/36,2.49%,ENSG00000213024;ENSG00000094914;ENSG00000137309;ENSG00000102900;ENSG00000175334
prerank,REACTOME_KINESINS,-0.42779903771017014,-1.5463274505754376,0.009340535674094081,0.16687935463808926,1.0,20/60,8.70%,ENSG00000090889;ENSG00000104892;ENSG00000237649;ENSG00000186185;ENSG00000198033;ENSG00000112984;ENSG00000138778;ENSG00000163808;ENSG00000142945;ENSG00000137807;ENSG00000137267;ENSG00000161800;ENSG00000084731;ENSG00000167552;ENSG00000121621;ENSG00000104833;ENSG00000136883;ENSG00000101162;ENSG00000138182;ENSG00000174996
prerank,REACTOME_DISEASES_OF_GLYCOSYLATION,-0.3774339707348763,-1.5277105482873663,0.0016746912288046892,0.16719637753497432,1.0,67/141,30.39%,ENSG00000074181;ENSG00000114646;ENSG00000169105;ENSG00000173546;ENSG00000085998;ENSG00000173402;ENSG00000179085;ENSG00000159921;ENSG00000076716;ENSG00000213420;ENSG00000213930;ENSG00000145808;ENSG00000082684;ENSG00000086848;ENSG00000204386;ENSG00000185761;ENSG00000130287;ENSG00000149541;ENSG00000136378;ENSG00000162512;ENSG00000181143;ENSG00000177239;ENSG00000143382;ENSG00000129255;ENSG00000160323;ENSG00000115884;ENSG00000142798;ENSG00000151348;ENSG00000086062;ENSG00000172269;ENSG00000147257;ENSG00000154734;ENSG00000130714;ENSG00000108479;ENSG00000119523;ENSG00000106809;ENSG00000122863;ENSG00000027847;ENSG00000106392;ENSG00000131873;ENSG00000136908;ENSG00000182858;ENSG00000139329;ENSG00000188157;ENSG00000172339;ENSG00000049192;ENSG00000011465;ENSG00000143891;ENSG00000038427;ENSG00000115275;ENSG00000159063;ENSG00000185499;ENSG00000033011;ENSG00000215182;ENSG00000214160;ENSG00000174684;ENSG00000133424;ENSG00000173702;ENSG00000175283;ENSG00000000419;ENSG00000163933;ENSG00000171155;ENSG00000155850;ENSG00000166391;ENSG00000088035;ENSG00000087116;ENSG00000148400
prerank,REACTOME_ROLE_OF_PHOSPHOLIPIDS_IN_PHAGOCYTOSIS,0.2727619872579043,1.3413308942995283,0.03348729792147806,0.16757185024436438,1.0,27/78,14.76%,ENSG00000241244;ENSG00000242534;ENSG00000244116;ENSG00000239571;ENSG00000171132;ENSG00000243290;ENSG00000240382;ENSG00000243238;ENSG00000203747;ENSG00000241351;ENSG00000240864;ENSG00000239951;ENSG00000211653;ENSG00000211652;ENSG00000160654;ENSG00000211893;ENSG00000211959;ENSG00000211973;ENSG00000224373;ENSG00000211962;ENSG00000211967;ENSG00000211660;ENSG00000166428;ENSG00000242371;ENSG00000211677;ENSG00000211892;ENSG00000211896
prerank,REACTOME_METABOLISM_OF_AMINE_DERIVED_HORMONES,0.37268463798522233,1.3403755231141365,0.1050228310502283,0.1679304461757621,1.0,8/20,12.86%,ENSG00000140274;ENSG00000140279;ENSG00000140254;ENSG00000197406;ENSG00000135346;ENSG00000105641;ENSG00000115705;ENSG00000132437
prerank,REACTOME_MITOCHONDRIAL_FATTY_ACID_BETA_OXIDATION_OF_SATURATED_FATTY_ACIDS,0.4651592281544329,1.3394078675311483,0.1321274085725521,0.16833187348658127,1.0,3/10,2.74%,ENSG00000084754;ENSG00000072778;ENSG00000127884
prerank,REACTOME_PEROXISOMAL_PROTEIN_IMPORT,-0.424054681635458,-1.5470314549393607,0.008717031738936076,0.1684902619701212,1.0,30/63,28.69%,ENSG00000117305;ENSG00000115204;ENSG00000086666;ENSG00000005469;ENSG00000221983;ENSG00000115425;ENSG00000170315;ENSG00000104823;ENSG00000107537;ENSG00000138413;ENSG00000101473;ENSG00000197448;ENSG00000095321;ENSG00000242612;ENSG00000157911;ENSG00000110887;ENSG00000116906;ENSG00000131508;ENSG00000072401;ENSG00000143947;ENSG00000119912;ENSG00000109332;ENSG00000112357;ENSG00000148832;ENSG00000007171;ENSG00000127980;ENSG00000162928;ENSG00000113790;ENSG00000131373;ENSG00000179761
prerank,REACTOME_INTEGRIN_SIGNALING,0.34061090686487305,1.337842639685665,0.08977272727272727,0.16920704660666308,1.0,3/27,1.13%,ENSG00000137076;ENSG00000103653;ENSG00000177885
prerank,REACTOME_AFLATOXIN_ACTIVATION_AND_DETOXIFICATION,-0.544788787044563,-1.5240660750948143,0.029449260581336054,0.17099253116016064,1.0,8/17,21.43%,ENSG00000131067;ENSG00000053371;ENSG00000143198;ENSG00000085871;ENSG00000008394;ENSG00000100031;ENSG00000106258;ENSG00000099998
prerank,REACTOME_CYCLIN_D_ASSOCIATED_EVENTS_IN_G1,-0.44329918663358114,-1.547129672953328,0.011350607658793855,0.17123991951378215,1.0,24/47,25.98%,ENSG00000123374;ENSG00000197122;ENSG00000175305;ENSG00000126756;ENSG00000221983;ENSG00000170315;ENSG00000198176;ENSG00000111276;ENSG00000173207;ENSG00000104695;ENSG00000129355;ENSG00000101412;ENSG00000133740;ENSG00000167393;ENSG00000113575;ENSG00000143947;ENSG00000007968;ENSG00000080839;ENSG00000110092;ENSG00000105810;ENSG00000134058;ENSG00000123080;ENSG00000020426;ENSG00000096968
prerank,REACTOME_WNT5A_DEPENDENT_INTERNALIZATION_OF_FZD4,0.40240808644503145,1.3333224487384887,0.11869844179651695,0.17272576618776173,1.0,3/15,2.55%,ENSG00000161203;ENSG00000141367;ENSG00000042753
prerank,REACTOME_SYNTHESIS_OF_SUBSTRATES_IN_N_GLYCAN_BIOSYTHESIS,-0.42318079284861004,-1.5476133411797435,0.0061624649859943975,0.17339569943824956,1.0,29/63,26.51%,ENSG00000169084;ENSG00000179085;ENSG00000159921;ENSG00000104522;ENSG00000204386;ENSG00000177511;ENSG00000173540;ENSG00000111726;ENSG00000013375;ENSG00000102032;ENSG00000157353;ENSG00000162066;ENSG00000136840;ENSG00000119899;ENSG00000167508;ENSG00000148803;ENSG00000095380;ENSG00000124357;ENSG00000136908;ENSG00000117143;ENSG00000120697;ENSG00000100417;ENSG00000254685;ENSG00000115525;ENSG00000157350;ENSG00000175283;ENSG00000073849;ENSG00000000419;ENSG00000110080
prerank,REACTOME_ELASTIC_FIBRE_FORMATION,-0.4436880364848896,-1.5192642232118965,0.014777751919944147,0.17436163983447522,1.0,22/43,26.29%,ENSG00000140564;ENSG00000090006;ENSG00000134013;ENSG00000172638;ENSG00000077942;ENSG00000115318;ENSG00000150093;ENSG00000138080;ENSG00000119699;ENSG00000166482;ENSG00000142449;ENSG00000049323;ENSG00000138131;ENSG00000161638;ENSG00000140092;ENSG00000113083;ENSG00000105855;ENSG00000125965;ENSG00000138448;ENSG00000117122;ENSG00000129038;ENSG00000197614
prerank,REACTOME_MITF_M_DEPENDENT_GENE_EXPRESSION,0.2531831664992482,1.3308567868461523,0.037337662337662336,0.1744887773339813,1.0,12/108,2.35%,ENSG00000131100;ENSG00000131504;ENSG00000114573;ENSG00000116478;ENSG00000169375;ENSG00000147416;ENSG00000159720;ENSG00000197535;ENSG00000185883;ENSG00000075624;ENSG00000127616;ENSG00000099956
prerank,REACTOME_SIGNALING_BY_PTK6,0.28882927242479656,1.3303300545863523,0.05786471067644662,0.17449374047427305,1.0,6/53,1.91%,ENSG00000067560;ENSG00000150991;ENSG00000141456;ENSG00000138798;ENSG00000174775;ENSG00000100644
prerank,REACTOME_INFLAMMASOMES,0.36941148632318194,1.3295143443019966,0.11234329797492767,0.17476474071624554,1.0,3/20,2.81%,ENSG00000136810;ENSG00000096384;ENSG00000142192
prerank,REACTOME_RECOGNITION_AND_ASSOCIATION_OF_DNA_GLYCOSYLASE_WITH_SITE_CONTAINING_AN_AFFECTED_PURINE,-0.49720941180790923,-1.5196211987626322,0.022621096631423653,0.1761032879980007,1.0,14/25,27.25%,ENSG00000109674;ENSG00000246705;ENSG00000132781;ENSG00000114026;ENSG00000105968;ENSG00000102977;ENSG00000092330;ENSG00000103152;ENSG00000184260;ENSG00000147601;ENSG00000188486;ENSG00000197903;ENSG00000158373;ENSG00000196890
prerank,REACTOME_MRNA_DECAY_BY_3_TO_5_EXORIBONUCLEASE,-0.54973605679486,-1.5162673195283871,0.02669902912621359,0.17722008272539458,1.0,14/16,42.86%,ENSG00000110063;ENSG00000120699;ENSG00000077348;ENSG00000107371;ENSG00000171311;ENSG00000140395;ENSG00000178896;ENSG00000141698;ENSG00000075914;ENSG00000083520;ENSG00000112339;ENSG00000198677;ENSG00000123737;ENSG00000204351
prerank,REACTOME_CHOLESTEROL_BIOSYNTHESIS,-0.4863738450836009,-1.5144313551683337,0.023281326182350074,0.17805164890849337,1.0,13/27,14.70%,ENSG00000172893;ENSG00000147155;ENSG00000149809;ENSG00000163344;ENSG00000104549;ENSG00000079459;ENSG00000205808;ENSG00000160285;ENSG00000110921;ENSG00000167508;ENSG00000067064;ENSG00000112972;ENSG00000052802
prerank,REACTOME_SIGNALING_BY_ALK,0.3264696947236262,1.3230925644698357,0.09285277947464875,0.17874615242592826,1.0,4/30,1.91%,ENSG00000171720;ENSG00000116478;ENSG00000169375;ENSG00000100644
prerank,REACTOME_ALK_MUTANTS_BIND_TKIS,0.42744567378896553,1.324499222161835,0.12254483347566182,0.17877622423585662,1.0,3/12,7.42%,ENSG00000141367;ENSG00000108946;ENSG00000171094
prerank,REACTOME_ARACHIDONATE_METABOLISM,0.28382503175323803,1.3234638079303114,0.05668016194331984,0.1788615564806376,1.0,12/57,9.76%,ENSG00000103222;ENSG00000106853;ENSG00000159228;ENSG00000111144;ENSG00000167468;ENSG00000179148;ENSG00000142973;ENSG00000148344;ENSG00000164120;ENSG00000163106;ENSG00000012779;ENSG00000187048
prerank,REACTOME_SARS_COV_1_HOST_INTERACTIONS,0.2584469340690859,1.3235662421801258,0.04518950437317784,0.1792022556531665,1.0,11/94,2.80%,ENSG00000128245;ENSG00000166949;ENSG00000150991;ENSG00000134308;ENSG00000088832;ENSG00000170027;ENSG00000108953;ENSG00000166913;ENSG00000108424;ENSG00000196262;ENSG00000182481
prerank,REACTOME_INTRINSIC_PATHWAY_OF_FIBRIN_CLOT_FORMATION,0.3600563588288556,1.3209803354969991,0.11360083376758728,0.18023247339189696,1.0,5/21,6.29%,ENSG00000170949;ENSG00000108561;ENSG00000135919;ENSG00000101981;ENSG00000113889
prerank,REACTOME_MATURATION_OF_TCA_ENZYMES_AND_REGULATION_OF_TCA_CYCLE,0.3639308596876575,1.3202920239763642,0.12198649951783992,0.18036192901584813,1.0,4/20,2.20%,ENSG00000073578;ENSG00000062485;ENSG00000143252;ENSG00000100412
prerank,REACTOME_TRANSCRIPTION_COUPLED_NUCLEOTIDE_EXCISION_REPAIR_TC_NER,0.26638111417282084,1.3185184993107206,0.04794520547945205,0.1807056582229638,1.0,11/75,2.72%,ENSG00000150991;ENSG00000167986;ENSG00000106628;ENSG00000099817;ENSG00000012061;ENSG00000177700;ENSG00000169727;ENSG00000181222;ENSG00000168090;ENSG00000111652;ENSG00000132383
prerank,REACTOME_INTERLEUKIN_4_AND_INTERLEUKIN_13_SIGNALING,0.2532632830840055,1.319306469565026,0.03298350824587706,0.18080241807140757,1.0,16/105,6.68%,ENSG00000026025;ENSG00000109971;ENSG00000105329;ENSG00000080824;ENSG00000166598;ENSG00000100644;ENSG00000075618;ENSG00000112715;ENSG00000162594;ENSG00000102265;ENSG00000136634;ENSG00000162434;ENSG00000169194;ENSG00000124491;ENSG00000122691;ENSG00000107485
prerank,REACTOME_ESR_MEDIATED_SIGNALING,0.2323478703208389,1.3187678484349021,0.0033783783783783786,0.180888140251181,1.0,17/175,3.21%,ENSG00000116478;ENSG00000152332;ENSG00000138798;ENSG00000082898;ENSG00000078369;ENSG00000004478;ENSG00000096384;ENSG00000174775;ENSG00000117984;ENSG00000080824;ENSG00000011485;ENSG00000099817;ENSG00000126457;ENSG00000177700;ENSG00000181222;ENSG00000182481;ENSG00000114353
prerank,REACTOME_SEMA4D_IN_SEMAPHORIN_SIGNALING,0.3473156658664945,1.3177067107396943,0.11392405063291139,0.1809504229265284,1.0,5/24,4.13%,ENSG00000067560;ENSG00000100345;ENSG00000092841;ENSG00000106683;ENSG00000133392
prerank,REACTOME_RHOF_GTPASE_CYCLE,0.30591534576740215,1.31714041939478,0.08333333333333333,0.1810298921810643,1.0,6/41,2.24%,ENSG00000077549;ENSG00000131504;ENSG00000075785;ENSG00000075624;ENSG00000139641;ENSG00000072110
prerank,REACTOME_GAP_JUNCTION_ASSEMBLY,0.32746845787431794,1.3145006269396828,0.09213759213759214,0.1830261849328701,1.0,9/31,9.47%,ENSG00000127824;ENSG00000167553;ENSG00000123416;ENSG00000188229;ENSG00000258947;ENSG00000121743;ENSG00000187513;ENSG00000121742;ENSG00000188910
prerank,REACTOME_TELOMERE_C_STRAND_LAGGING_STRAND_SYNTHESIS,-0.45868193284898334,-1.5073728811301703,0.022762483613395303,0.18346406186216593,1.0,21/34,23.95%,ENSG00000106399;ENSG00000197299;ENSG00000198056;ENSG00000132646;ENSG00000175482;ENSG00000111445;ENSG00000163918;ENSG00000062822;ENSG00000049541;ENSG00000014138;ENSG00000117748;ENSG00000102977;ENSG00000092330;ENSG00000178971;ENSG00000147601;ENSG00000107960;ENSG00000133119;ENSG00000165392;ENSG00000168802;ENSG00000144749;ENSG00000101868
prerank,REACTOME_HEPARAN_SULFATE_HEPARIN_HS_GAG_METABOLISM,-0.44969443456680835,-1.5099197570740406,0.02095773328650041,0.1836506333600415,1.0,17/39,16.21%,ENSG00000012232;ENSG00000130958;ENSG00000171004;ENSG00000076716;ENSG00000213420;ENSG00000181523;ENSG00000162512;ENSG00000135047;ENSG00000070614;ENSG00000115884;ENSG00000142798;ENSG00000151348;ENSG00000108784;ENSG00000147257;ENSG00000138604;ENSG00000165102;ENSG00000188157
prerank,REACTOME_ACYL_CHAIN_REMODELLING_OF_PC,-0.4893276575822515,-1.5084916018585872,0.024896769492348796,0.18385293527943747,1.0,12/26,21.47%,ENSG00000121316;ENSG00000180089;ENSG00000143797;ENSG00000170890;ENSG00000176485;ENSG00000153395;ENSG00000111684;ENSG00000069764;ENSG00000117215;ENSG00000123739;ENSG00000100078;ENSG00000116711
prerank,REACTOME_HS_GAG_DEGRADATION,-0.5191610911739257,-1.5043701769038416,0.02755511022044088,0.18645743866777953,1.0,11/20,16.21%,ENSG00000076716;ENSG00000213420;ENSG00000181523;ENSG00000162512;ENSG00000135047;ENSG00000115884;ENSG00000142798;ENSG00000108784;ENSG00000147257;ENSG00000165102;ENSG00000188157
prerank,REACTOME_SPECIFICATION_OF_THE_NEURAL_PLATE_BORDER,0.3872823131002177,1.3098632583464735,0.1328195829555757,0.18684749966055192,1.0,7/16,11.26%,ENSG00000154342;ENSG00000137203;ENSG00000135903;ENSG00000075388;ENSG00000087510;ENSG00000163132;ENSG00000105880
prerank,REACTOME_EXTENSION_OF_TELOMERES,-0.4250092242786816,-1.5023547264811643,0.016108762709928025,0.18770718838700653,1.0,26/51,23.95%,ENSG00000140451;ENSG00000145386;ENSG00000123374;ENSG00000106399;ENSG00000197299;ENSG00000198056;ENSG00000132646;ENSG00000175482;ENSG00000111445;ENSG00000163918;ENSG00000062822;ENSG00000049541;ENSG00000014138;ENSG00000117748;ENSG00000102977;ENSG00000092330;ENSG00000178971;ENSG00000147601;ENSG00000175792;ENSG00000107960;ENSG00000133119;ENSG00000165392;ENSG00000145912;ENSG00000168802;ENSG00000144749;ENSG00000101868
prerank,REACTOME_MECHANICAL_LOAD_ACTIVATES_SIGNALING_BY_PIEZO1_AND_INTEGRINS_IN_OSTEOCYTES,-0.5368200296157964,-1.5001216679692,0.029769445148213832,0.18940978582075368,1.0,10/17,26.18%,ENSG00000167535;ENSG00000067191;ENSG00000150093;ENSG00000105605;ENSG00000196557;ENSG00000142798;ENSG00000161638;ENSG00000142208;ENSG00000138448;ENSG00000110218
prerank,REACTOME_ACETYLCHOLINE_NEUROTRANSMITTER_RELEASE_CYCLE,0.3878191024725829,1.3050659674909615,0.14416058394160583,0.1909381257851821,1.0,3/16,2.88%,ENSG00000143847;ENSG00000106089;ENSG00000187714
prerank,REACTOME_DISEASES_OF_CARBOHYDRATE_METABOLISM,0.3175198139021658,1.3026928105845146,0.10493046776232617,0.19265390144593944,1.0,6/33,3.01%,ENSG00000114480;ENSG00000150991;ENSG00000104812;ENSG00000177156;ENSG00000141349;ENSG00000131482
prerank,REACTOME_NUCLEOTIDE_BIOSYNTHESIS,0.40356627411368007,1.3010433597538085,0.13646240764884832,0.1937597465804104,1.0,2/14,2.21%,ENSG00000068120;ENSG00000128050
prerank,REACTOME_GLYCOSAMINOGLYCAN_METABOLISM,-0.37238012045698016,-1.4957852308032977,0.0031598904571308196,0.19493040839067619,1.0,48/133,18.63%,ENSG00000114646;ENSG00000169105;ENSG00000012232;ENSG00000130958;ENSG00000068001;ENSG00000173546;ENSG00000072571;ENSG00000171004;ENSG00000076716;ENSG00000213420;ENSG00000181523;ENSG00000130287;ENSG00000149541;ENSG00000111817;ENSG00000123989;ENSG00000162512;ENSG00000135047;ENSG00000169919;ENSG00000070614;ENSG00000171310;ENSG00000115884;ENSG00000142798;ENSG00000151348;ENSG00000108784;ENSG00000086062;ENSG00000117411;ENSG00000157593;ENSG00000147257;ENSG00000121578;ENSG00000155893;ENSG00000119899;ENSG00000135677;ENSG00000138604;ENSG00000106809;ENSG00000122863;ENSG00000181045;ENSG00000186792;ENSG00000187446;ENSG00000027847;ENSG00000015532;ENSG00000131873;ENSG00000165102;ENSG00000139329;ENSG00000188157;ENSG00000109956;ENSG00000011465;ENSG00000135702;ENSG00000113273
prerank,REACTOME_RHOU_GTPASE_CYCLE,0.30048311236209896,1.2991640630861527,0.08154803040774015,0.19506953898100782,1.0,5/40,1.54%,ENSG00000140575;ENSG00000185359;ENSG00000177885;ENSG00000197694;ENSG00000141367
prerank,REACTOME_NEGATIVE_REGULATION_OF_MAPK_PATHWAY,0.29909983064184964,1.2970846226994872,0.08704735376044569,0.19660846593867456,1.0,6/43,2.37%,ENSG00000150991;ENSG00000169032;ENSG00000174775;ENSG00000166913;ENSG00000011485;ENSG00000105568
prerank,REACTOME_GLUTAMATE_NEUROTRANSMITTER_RELEASE_CYCLE,0.34494796135244665,1.295289035011297,0.12101910828025478,0.1978018560053954,1.0,3/23,1.15%,ENSG00000144746;ENSG00000143847;ENSG00000106089
prerank,REACTOME_FORMATION_OF_THE_CANONICAL_BAF_CBAF_COMPLEX,0.3686660784802551,1.2938581965688705,0.12968299711815562,0.1986632218319208,1.0,3/18,2.35%,ENSG00000075624;ENSG00000127616;ENSG00000099956
prerank,REACTOME_BUDDING_AND_MATURATION_OF_HIV_VIRION,0.32725091001642426,1.2922712732929444,0.12528344671201813,0.1997696524308881,1.0,4/28,2.28%,ENSG00000150991;ENSG00000132612;ENSG00000196262;ENSG00000130724
prerank,REACTOME_GLUCAGON_LIKE_PEPTIDE_1_GLP1_REGULATES_INSULIN_SECRETION,0.2968460632449556,1.291561359193559,0.09971711456859972,0.1999888004584543,1.0,5/41,2.57%,ENSG00000140575;ENSG00000078369;ENSG00000087460;ENSG00000108946;ENSG00000072062
prerank,REACTOME_DENGUE_VIRUS_ATTACHMENT_AND_ENTRY,0.29269436624933554,1.290463465123857,0.09812734082397004,0.20008977291724003,1.0,6/43,2.55%,ENSG00000197548;ENSG00000124145;ENSG00000161203;ENSG00000130985;ENSG00000063660;ENSG00000042753
prerank,REACTOME_GRB2_SOS_PROVIDES_LINKAGE_TO_MAPK_SIGNALING_FOR_INTEGRINS,0.39119212904509043,1.2908816236120872,0.1437389770723104,0.20014108153362997,1.0,2/15,1.13%,ENSG00000137076;ENSG00000177885
prerank,REACTOME_NEGATIVE_REGULATION_OF_NMDA_RECEPTOR_MEDIATED_NEURONAL_TRANSMISSION,-0.51328450008146,-1.4888001669483533,0.03406963684013478,0.205648608896638,1.0,10/20,26.85%,ENSG00000126787;ENSG00000134072;ENSG00000175175;ENSG00000058404;ENSG00000132535;ENSG00000100034;ENSG00000198668;ENSG00000152495;ENSG00000148660;ENSG00000105464
prerank,REACTOME_DNA_STRAND_ELONGATION,-0.46409001574428504,-1.4853546364610788,0.02939764818814495,0.20745478631632847,1.0,16/31,13.48%,ENSG00000101003;ENSG00000147536;ENSG00000131153;ENSG00000106399;ENSG00000198056;ENSG00000181938;ENSG00000132646;ENSG00000125885;ENSG00000175482;ENSG00000111445;ENSG00000093009;ENSG00000163918;ENSG00000062822;ENSG00000049541;ENSG00000014138;ENSG00000117748
prerank,REACTOME_LISTERIA_MONOCYTOGENES_ENTRY_INTO_HOST_CELLS,0.35622197846347364,1.2826303009931324,0.13380281690140844,0.20753394093632932,1.0,3/20,1.13%,ENSG00000150991;ENSG00000185359;ENSG00000177885
prerank,REACTOME_ABERRANT_REGULATION_OF_MITOTIC_G1_S_TRANSITION_IN_CANCER_DUE_TO_RB1_DEFECTS,-0.531131724347876,-1.4836973274224476,0.03637976929902396,0.20822121755589038,1.0,8/17,20.95%,ENSG00000123374;ENSG00000175305;ENSG00000198176;ENSG00000111276;ENSG00000101412;ENSG00000007968;ENSG00000110092;ENSG00000105810
prerank,REACTOME_CONDENSATION_OF_PROPHASE_CHROMOSOMES,-0.4653723425478731,-1.4858871362367865,0.02986685858222382,0.20882292595302698,1.0,17/31,28.71%,ENSG00000166851;ENSG00000134057;ENSG00000170312;ENSG00000246705;ENSG00000151503;ENSG00000105968;ENSG00000184260;ENSG00000119335;ENSG00000136824;ENSG00000132475;ENSG00000113810;ENSG00000188486;ENSG00000197903;ENSG00000147316;ENSG00000158373;ENSG00000196890;ENSG00000146918
prerank,REACTOME_DOWNREGULATION_OF_ERBB2_SIGNALING,0.3190119084186124,1.2797415207849996,0.11734693877551021,0.2100455230441327,1.0,4/29,1.66%,ENSG00000150991;ENSG00000138798;ENSG00000105401;ENSG00000080824
prerank,REACTOME_SIGNALING_BY_FLT3_ITD_AND_TKD_MUTANTS,0.38071568373402415,1.2777189941951086,0.14285714285714285,0.21167217261433624,1.0,2/16,1.49%,ENSG00000177885;ENSG00000174775
prerank,REACTOME_CARDIOGENESIS,0.3310753424943122,1.2749995778230978,0.12301804264625478,0.21398238369706116,1.0,7/26,7.90%,ENSG00000184058;ENSG00000164107;ENSG00000183072;ENSG00000164532;ENSG00000089225;ENSG00000163508;ENSG00000141448
prerank,REACTOME_MICRORNA_MIRNA_BIOGENESIS,0.33628592976394933,1.2728478377774328,0.14608599779492834,0.2157329603347453,1.0,4/24,2.28%,ENSG00000099817;ENSG00000132341;ENSG00000177700;ENSG00000181222
prerank,REACTOME_DISEASES_OF_HEMOSTASIS,-0.5260074194724557,-1.4773866439632741,0.03866700585092852,0.21578601042995116,1.0,7/17,6.95%,ENSG00000169902;ENSG00000185245;ENSG00000115486;ENSG00000108821;ENSG00000149131;ENSG00000160323;ENSG00000185010
prerank,REACTOME_INITIATION_OF_NUCLEAR_ENVELOPE_NE_REFORMATION,0.3593333711046643,1.2723299380183,0.15216310293386376,0.21579082957873694,1.0,4/19,2.49%,ENSG00000160789;ENSG00000108424;ENSG00000105568;ENSG00000175334
prerank,REACTOME_ERYTHROCYTES_TAKE_UP_CARBON_DIOXIDE_AND_RELEASE_OXYGEN,-0.568184251836885,-1.4779057072975292,0.03743945542610289,0.21717684943874768,1.0,5/13,6.69%,ENSG00000133742;ENSG00000112077;ENSG00000004939;ENSG00000166394;ENSG00000159348
prerank,REACTOME_SARS_COV_2_HOST_INTERACTIONS,0.22564693201251484,1.2670836253317868,0.020833333333333332,0.2177973180889488,1.0,17/182,2.80%,ENSG00000128245;ENSG00000213024;ENSG00000150991;ENSG00000134308;ENSG00000104142;ENSG00000184056;ENSG00000094914;ENSG00000096384;ENSG00000145907;ENSG00000170027;ENSG00000080824;ENSG00000108953;ENSG00000166913;ENSG00000184216;ENSG00000178952;ENSG00000102900;ENSG00000182481
prerank,REACTOME_REGULATION_OF_HSF1_MEDIATED_HEAT_SHOCK_RESPONSE,0.25412687196643263,1.2691890977065967,0.06941176470588235,0.21809613944997933,1.0,9/80,2.72%,ENSG00000213024;ENSG00000158941;ENSG00000094914;ENSG00000004478;ENSG00000109971;ENSG00000108953;ENSG00000170606;ENSG00000102900;ENSG00000132383
prerank,REACTOME_PROLONGED_ERK_ACTIVATION_EVENTS,0.39134246782342186,1.2671623788678066,0.16615384615384615,0.21820557566776094,1.0,2/14,1.67%,ENSG00000169032;ENSG00000166913
prerank,REACTOME_SIGNALING_BY_FGFR2_IN_DISEASE,0.29369491877901716,1.2694739348383453,0.11447368421052631,0.21829658741409744,1.0,6/39,4.65%,ENSG00000177885;ENSG00000174775;ENSG00000099817;ENSG00000177700;ENSG00000181222;ENSG00000186895
prerank,REACTOME_PURINE_RIBONUCLEOSIDE_MONOPHOSPHATE_BIOSYNTHESIS,0.4270665027120938,1.2684860612197961,0.16934189406099517,0.2183060959101095,1.0,2/11,2.21%,ENSG00000068120;ENSG00000128050
prerank,REACTOME_NEGATIVE_REGULATION_OF_MET_ACTIVITY,0.34669317967698954,1.2680143510728223,0.1515469323544835,0.2183297114246452,1.0,3/21,1.13%,ENSG00000150991;ENSG00000185359;ENSG00000177885
prerank,REACTOME_TRNA_PROCESSING_IN_THE_NUCLEUS,0.2740324634207094,1.267365812927865,0.09490940465918896,0.21849975627938545,1.0,6/57,2.10%,ENSG00000213024;ENSG00000094914;ENSG00000006744;ENSG00000079785;ENSG00000102900;ENSG00000132341
prerank,REACTOME_MRNA_EDITING,0.44202700625879227,1.26563825698178,0.16515926071569012,0.21879188369214653,1.0,4/10,6.98%,ENSG00000244509;ENSG00000148584;ENSG00000128383;ENSG00000111701
prerank,REACTOME_LATE_SARS_COV_2_INFECTION_EVENTS,0.2594058728196719,1.2643704788189003,0.08287895310796074,0.2195951350497743,1.0,10/74,3.05%,ENSG00000150991;ENSG00000161013;ENSG00000137817;ENSG00000177119;ENSG00000126457;ENSG00000127022;ENSG00000089597;ENSG00000118705;ENSG00000244038;ENSG00000163902
prerank,REACTOME_CLASS_B_2_SECRETIN_FAMILY_RECEPTORS,0.2505448704081941,1.2617734411802268,0.052565707133917394,0.22185897819870304,1.0,16/86,5.87%,ENSG00000078369;ENSG00000088826;ENSG00000087460;ENSG00000115596;ENSG00000215644;ENSG00000154342;ENSG00000105989;ENSG00000163501;ENSG00000004948;ENSG00000169884;ENSG00000164690;ENSG00000135925;ENSG00000112164;ENSG00000120088;ENSG00000118702;ENSG00000145708
prerank,REACTOME_ESTROGEN_DEPENDENT_GENE_EXPRESSION,0.23873368935026656,1.260691561142688,0.039182282793867124,0.22200413385018503,1.0,10/107,2.80%,ENSG00000116478;ENSG00000004478;ENSG00000096384;ENSG00000117984;ENSG00000080824;ENSG00000099817;ENSG00000126457;ENSG00000177700;ENSG00000181222;ENSG00000182481
prerank,REACTOME_VASOPRESSIN_REGULATES_RENAL_WATER_HOMEOSTASIS_VIA_AQUAPORINS,0.29008778598033164,1.2608029936364809,0.11764705882352941,0.22239483668218407,1.0,6/41,3.81%,ENSG00000078369;ENSG00000087460;ENSG00000108946;ENSG00000072062;ENSG00000103769;ENSG00000129467
prerank,REACTOME_ATF6_ATF6_ALPHA_ACTIVATES_CHAPERONES,0.41767167822567114,1.2562125873031074,0.16780684104627766,0.2263100166142409,1.0,2/11,2.80%,ENSG00000166598;ENSG00000179218
prerank,REACTOME_CONSTITUTIVE_SIGNALING_BY_AKT1_E17K_IN_CANCER,-0.4731273461694674,-1.4660728759474606,0.039364303178484106,0.22648220418161388,1.0,22/26,51.32%,ENSG00000167965;ENSG00000175634;ENSG00000111276;ENSG00000119487;ENSG00000002330;ENSG00000117020;ENSG00000132906;ENSG00000142208;ENSG00000150907;ENSG00000184481;ENSG00000140992;ENSG00000186654;ENSG00000164327;ENSG00000105221;ENSG00000118260;ENSG00000105723;ENSG00000135679;ENSG00000213341;ENSG00000118689;ENSG00000205643;ENSG00000103197;ENSG00000198793
prerank,REACTOME_TGFBR3_PTM_REGULATION,-0.5859760670104524,-1.464053487520606,0.04931724777939812,0.228271170625605,1.0,6/11,15.77%,ENSG00000157227;ENSG00000069702;ENSG00000205155;ENSG00000138613;ENSG00000162736;ENSG00000035862
prerank,REACTOME_ADORA2B_MEDIATED_ANTI_INFLAMMATORY_CYTOKINES_PRODUCTION,0.2890101339192616,1.252929564662912,0.11904761904761904,0.22833183673249996,1.0,7/40,4.93%,ENSG00000078369;ENSG00000087460;ENSG00000108946;ENSG00000072062;ENSG00000114353;ENSG00000129467;ENSG00000170425
prerank,REACTOME_TRANSLATION_OF_SARS_COV_2_STRUCTURAL_PROTEINS,0.2655825537857821,1.2532334155601808,0.09066183136899365,0.228506523299592,1.0,9/61,3.05%,ENSG00000150991;ENSG00000161013;ENSG00000137817;ENSG00000126457;ENSG00000127022;ENSG00000089597;ENSG00000118705;ENSG00000244038;ENSG00000163902
prerank,REACTOME_TERMINATION_OF_TRANSLESION_DNA_SYNTHESIS,-0.4545876455870965,-1.466238219065309,0.03203525068476837,0.2285557799472267,1.0,17/32,20.44%,ENSG00000051341;ENSG00000106399;ENSG00000166803;ENSG00000100479;ENSG00000221983;ENSG00000132646;ENSG00000170315;ENSG00000175482;ENSG00000111445;ENSG00000163918;ENSG00000062822;ENSG00000049541;ENSG00000115350;ENSG00000117748;ENSG00000143947;ENSG00000182179;ENSG00000133119
prerank,REACTOME_INTRINSIC_PATHWAY_FOR_APOPTOSIS,0.27054396577408735,1.2534589671353036,0.09819967266775777,0.22878305433327709,1.0,6/55,2.05%,ENSG00000128245;ENSG00000134308;ENSG00000170027;ENSG00000108953;ENSG00000166913;ENSG00000108561
prerank,REACTOME_MET_ACTIVATES_PTK2_SIGNALING,-0.4656963767714377,-1.4683338947014175,0.03611820503465888,0.22911792400763512,1.0,13/28,22.51%,ENSG00000168542;ENSG00000197122;ENSG00000204262;ENSG00000150093;ENSG00000108821;ENSG00000091136;ENSG00000101680;ENSG00000130635;ENSG00000196739;ENSG00000164692;ENSG00000060718;ENSG00000196569;ENSG00000135862
prerank,REACTOME_HOMOLOGY_DIRECTED_REPAIR,-0.37245063168506254,-1.4694249357088944,0.00783400381113699,0.22936111340755416,1.0,61/113,33.55%,ENSG00000051341;ENSG00000035499;ENSG00000163322;ENSG00000051180;ENSG00000145386;ENSG00000123374;ENSG00000106399;ENSG00000111247;ENSG00000197299;ENSG00000149554;ENSG00000111602;ENSG00000000460;ENSG00000100479;ENSG00000171792;ENSG00000174371;ENSG00000221983;ENSG00000132646;ENSG00000154920;ENSG00000170315;ENSG00000175482;ENSG00000196584;ENSG00000139618;ENSG00000111445;ENSG00000163918;ENSG00000062822;ENSG00000049541;ENSG00000143799;ENSG00000115350;ENSG00000002016;ENSG00000012048;ENSG00000117748;ENSG00000067369;ENSG00000143947;ENSG00000175643;ENSG00000188612;ENSG00000188827;ENSG00000101773;ENSG00000132207;ENSG00000092853;ENSG00000129484;ENSG00000133119;ENSG00000165392;ENSG00000005156;ENSG00000169139;ENSG00000126215;ENSG00000164808;ENSG00000188486;ENSG00000197903;ENSG00000158373;ENSG00000149923;ENSG00000178295;ENSG00000196890;ENSG00000075131;ENSG00000104320;ENSG00000132436;ENSG00000138346;ENSG00000173638;ENSG00000137337;ENSG00000152942;ENSG00000172732;ENSG00000184678
prerank,REACTOME_GLUTATHIONE_SYNTHESIS_AND_RECYCLING,-0.5766344445036891,-1.4664412593511928,0.046228391828182294,0.23058431543426078,1.0,9/12,33.74%,ENSG00000131067;ENSG00000178814;ENSG00000128965;ENSG00000001084;ENSG00000100031;ENSG00000006625;ENSG00000099998;ENSG00000023909;ENSG00000171867
prerank,REACTOME_EPHA_MEDIATED_GROWTH_CONE_COLLAPSE,0.3158820991193219,1.2488066290790911,0.14544392523364486,0.23236984636184974,1.0,6/29,5.36%,ENSG00000067560;ENSG00000100345;ENSG00000092841;ENSG00000133392;ENSG00000070886;ENSG00000183317
prerank,REACTOME_ANTIGEN_ACTIVATES_B_CELL_RECEPTOR_BCR_LEADING_TO_GENERATION_OF_SECOND_MESSENGERS,0.25316453978435144,1.2474025101582056,0.0799059929494712,0.2334113463204311,1.0,20/81,13.33%,ENSG00000177885;ENSG00000241244;ENSG00000242534;ENSG00000244116;ENSG00000239571;ENSG00000243290;ENSG00000240382;ENSG00000243238;ENSG00000241351;ENSG00000240864;ENSG00000239951;ENSG00000211653;ENSG00000211652;ENSG00000211959;ENSG00000211973;ENSG00000224373;ENSG00000211962;ENSG00000211967;ENSG00000211660;ENSG00000141968
prerank,REACTOME_ISG15_ANTIVIRAL_MECHANISM,0.25423710227951135,1.246884532148555,0.1014799154334038,0.23346332618233634,1.0,8/72,2.80%,ENSG00000213024;ENSG00000150991;ENSG00000094914;ENSG00000110321;ENSG00000108424;ENSG00000102900;ENSG00000114867;ENSG00000182481
prerank,REACTOME_RECOGNITION_OF_DNA_DAMAGE_BY_PCNA_CONTAINING_REPLICATION_COMPLEX,-0.45893414247442205,-1.45990996006485,0.03711265914004324,0.23447049541580617,1.0,19/30,20.44%,ENSG00000143476;ENSG00000106399;ENSG00000100479;ENSG00000221983;ENSG00000132646;ENSG00000170315;ENSG00000175482;ENSG00000111445;ENSG00000163918;ENSG00000062822;ENSG00000049541;ENSG00000115350;ENSG00000117748;ENSG00000143947;ENSG00000070950;ENSG00000119048;ENSG00000162607;ENSG00000100387;ENSG00000133119
prerank,REACTOME_PLASMA_LIPOPROTEIN_ASSEMBLY_REMODELING_AND_CLEARANCE,0.2529482823493168,1.2432185984603565,0.09651741293532339,0.23653152544800696,1.0,9/73,3.30%,ENSG00000150991;ENSG00000144959;ENSG00000161203;ENSG00000141367;ENSG00000115677;ENSG00000042753;ENSG00000072062;ENSG00000185624;ENSG00000110245
prerank,REACTOME_FLT3_SIGNALING,0.2949268955588574,1.2433921178184872,0.14101738570508693,0.2368572435059554,1.0,4/38,1.49%,ENSG00000150991;ENSG00000103653;ENSG00000177885;ENSG00000174775
prerank,REACTOME_GBP_MEDIATED_HOST_DEFENSE,0.38324083242023166,1.2414025171997816,0.17521739130434782,0.23752462436058172,1.0,2/14,1.75%,ENSG00000184009;ENSG00000075624
prerank,REACTOME_SIGNALING_BY_CYTOSOLIC_FGFR1_FUSION_MUTANTS,0.3554307584478119,1.2417416417844638,0.16908665105386417,0.2376573399187523,1.0,2/18,1.33%,ENSG00000177885;ENSG00000111605
prerank,REACTOME_RAP1_SIGNALLING,0.36809058980657394,1.2396751287670205,0.18266666666666667,0.23906592638647667,1.0,2/16,2.57%,ENSG00000166913;ENSG00000072062
prerank,REACTOME_REGULATION_OF_MECP2_EXPRESSION_AND_ACTIVITY,0.3083873112479961,1.2381774717888272,0.14891041162227603,0.24026923602808728,1.0,4/31,2.57%,ENSG00000171720;ENSG00000116478;ENSG00000169375;ENSG00000072062
prerank,REACTOME_ACTIVATED_NTRK2_SIGNALS_THROUGH_FRS2_AND_FRS3,0.4153028791497089,1.2360240542640646,0.17748397435897437,0.2423237486471762,1.0,2/11,1.49%,ENSG00000177885;ENSG00000174775
prerank,REACTOME_NS1_MEDIATED_EFFECTS_ON_HOST_PATHWAYS,0.2838408204940547,1.2327251215535042,0.13642756680731363,0.24562342390734293,1.0,5/41,2.80%,ENSG00000213024;ENSG00000094914;ENSG00000108424;ENSG00000102900;ENSG00000182481
prerank,REACTOME_CDC42_GTPASE_CYCLE,-0.35682243095975624,-1.4534679558509036,0.004686035613870665,0.24564191051063855,1.0,63/151,29.17%,ENSG00000102302;ENSG00000131089;ENSG00000196155;ENSG00000167617;ENSG00000240771;ENSG00000242173;ENSG00000147799;ENSG00000035499;ENSG00000077264;ENSG00000079482;ENSG00000050327;ENSG00000161800;ENSG00000129675;ENSG00000137962;ENSG00000123143;ENSG00000149357;ENSG00000183856;ENSG00000130158;ENSG00000004777;ENSG00000159314;ENSG00000120318;ENSG00000160007;ENSG00000153404;ENSG00000090924;ENSG00000106636;ENSG00000149798;ENSG00000105137;ENSG00000242247;ENSG00000107957;ENSG00000088986;ENSG00000164691;ENSG00000156299;ENSG00000120802;ENSG00000147251;ENSG00000196935;ENSG00000145819;ENSG00000015285;ENSG00000089639;ENSG00000142632;ENSG00000139734;ENSG00000101977;ENSG00000130669;ENSG00000173327;ENSG00000196220;ENSG00000114790;ENSG00000198752;ENSG00000105647;ENSG00000137942;ENSG00000122574;ENSG00000165895;ENSG00000161791;ENSG00000186635;ENSG00000006740;ENSG00000102981;ENSG00000198844;ENSG00000138639;ENSG00000132694;ENSG00000152767;ENSG00000137843;ENSG00000139117;ENSG00000070831;ENSG00000111348;ENSG00000031081
prerank,REACTOME_IMMUNOREGULATORY_INTERACTIONS_BETWEEN_A_LYMPHOID_AND_A_NON_LYMPHOID_CELL,0.2185234526969824,1.2309807470629177,0.037037037037037035,0.24713297396082715,1.0,52/173,14.21%,ENSG00000241244;ENSG00000242534;ENSG00000244116;ENSG00000239571;ENSG00000243290;ENSG00000240382;ENSG00000167613;ENSG00000243238;ENSG00000168995;ENSG00000234745;ENSG00000203747;ENSG00000239961;ENSG00000105366;ENSG00000172116;ENSG00000241351;ENSG00000211790;ENSG00000240864;ENSG00000204632;ENSG00000158270;ENSG00000105492;ENSG00000239951;ENSG00000174059;ENSG00000178789;ENSG00000125730;ENSG00000211653;ENSG00000104972;ENSG00000211652;ENSG00000160654;ENSG00000239998;ENSG00000158477;ENSG00000161640;ENSG00000104974;ENSG00000105609;ENSG00000158473;ENSG00000211959;ENSG00000105501;ENSG00000211973;ENSG00000160255;ENSG00000224373;ENSG00000186818;ENSG00000211810;ENSG00000111981;ENSG00000211962;ENSG00000211967;ENSG00000211660;ENSG00000188211;ENSG00000112195;ENSG00000150637;ENSG00000163606;ENSG00000105376;ENSG00000242371;ENSG00000039068
prerank,REACTOME_PURINERGIC_SIGNALING_IN_LEISHMANIASIS_INFECTION,0.3189622706440965,1.2293060098336968,0.1744060475161987,0.24863798345551055,1.0,3/25,2.81%,ENSG00000136810;ENSG00000096384;ENSG00000142192
prerank,REACTOME_PROCESSING_AND_ACTIVATION_OF_SUMO,0.42611046600951175,1.2273123605177192,0.19047619047619047,0.24938218499834108,1.0,2/10,1.97%,ENSG00000184900;ENSG00000142230
prerank,REACTOME_HIGH_LAMINAR_FLOW_SHEAR_STRESS_ACTIVATES_SIGNALING_BY_PIEZO1_AND_PECAM1_CDH5_KDR_IN_ENDOTHELIAL_CELLS,0.25778284811055185,1.2281992694112138,0.10665258711721225,0.24938766888569153,1.0,9/66,3.81%,ENSG00000137076;ENSG00000035403;ENSG00000078369;ENSG00000087460;ENSG00000126247;ENSG00000108946;ENSG00000072062;ENSG00000162909;ENSG00000129467
prerank,REACTOME_RESOLUTION_OF_D_LOOP_STRUCTURES_THROUGH_SYNTHESIS_DEPENDENT_STRAND_ANNEALING_SDSA,-0.46258921947553594,-1.4505487111914532,0.04499274310595065,0.24947884853321453,1.0,18/27,42.88%,ENSG00000051180;ENSG00000111247;ENSG00000197299;ENSG00000174371;ENSG00000196584;ENSG00000139618;ENSG00000012048;ENSG00000175643;ENSG00000101773;ENSG00000165392;ENSG00000126215;ENSG00000104320;ENSG00000138346;ENSG00000113522;ENSG00000083093;ENSG00000138376;ENSG00000178966;ENSG00000127922
prerank,REACTOME_REGULATION_OF_PYRUVATE_METABOLISM,0.3002772275038947,1.2275824892122922,0.14835164835164835,0.24956819009437628,1.0,4/32,1.34%,ENSG00000131828;ENSG00000067992;ENSG00000150991;ENSG00000134333
prerank,REACTOME_DARPP_32_EVENTS,0.3223609367226462,1.22195633585264,0.17950079660116836,0.2546545948238728,1.0,4/24,2.57%,ENSG00000105568;ENSG00000172531;ENSG00000108946;ENSG00000072062
prerank,REACTOME_SYNTHESIS_SECRETION_AND_DEACYLATION_OF_GHRELIN,-0.5084355383689044,-1.4413202868205088,0.05155028989160575,0.25467159045012033,1.0,6/18,11.76%,ENSG00000118363;ENSG00000087085;ENSG00000166562;ENSG00000114902;ENSG00000017427;ENSG00000129128
prerank,REACTOME_CHOLESTEROL_BIOSYNTHESIS_VIA_DESMOSTEROL_BLOCH_PATHWAY,-0.5923108615417885,-1.4401863429071544,0.05535499398315283,0.2546831772638536,1.0,5/10,18.80%,ENSG00000172893;ENSG00000147155;ENSG00000149809;ENSG00000052802;ENSG00000116133
prerank,REACTOME_EXTRA_NUCLEAR_ESTROGEN_SIGNALING,0.24987845241068235,1.2222454322603997,0.1017293997965412,0.2548551716564397,1.0,8/72,3.21%,ENSG00000152332;ENSG00000138798;ENSG00000082898;ENSG00000078369;ENSG00000174775;ENSG00000080824;ENSG00000126457;ENSG00000114353
prerank,REACTOME_COMPLEX_I_BIOGENESIS,-0.3911531032707937,-1.4468208815638317,0.02193519652599933,0.254990812124808,1.0,32/68,25.61%,ENSG00000137038;ENSG00000178057;ENSG00000065518;ENSG00000099795;ENSG00000090266;ENSG00000165264;ENSG00000140990;ENSG00000131495;ENSG00000136521;ENSG00000267855;ENSG00000125356;ENSG00000147123;ENSG00000170906;ENSG00000110717;ENSG00000213619;ENSG00000167792;ENSG00000145494;ENSG00000184983;ENSG00000151366;ENSG00000183648;ENSG00000184857;ENSG00000119421;ENSG00000113845;ENSG00000004779;ENSG00000128609;ENSG00000119013;ENSG00000147684;ENSG00000224877;ENSG00000110074;ENSG00000174886;ENSG00000123545;ENSG00000115286
prerank,REACTOME_POLYMERASE_SWITCHING,-0.5450130933243754,-1.4419238763699633,0.053515625,0.2558125675346781,1.0,8/14,11.76%,ENSG00000198056;ENSG00000132646;ENSG00000175482;ENSG00000111445;ENSG00000163918;ENSG00000062822;ENSG00000049541;ENSG00000014138
prerank,REACTOME_FORMATION_OF_THE_EMBRYONIC_STEM_CELL_BAF_ESBAF_COMPLEX,0.346013000365472,1.219885553418064,0.18997107039537126,0.25664654478173193,1.0,3/19,2.35%,ENSG00000075624;ENSG00000127616;ENSG00000099956
prerank,REACTOME_ACTIVATION_OF_AMPK_DOWNSTREAM_OF_NMDARS,0.3094204001509952,1.2193492112400848,0.16332378223495703,0.25674118441949895,1.0,5/28,2.77%,ENSG00000127824;ENSG00000167553;ENSG00000123416;ENSG00000188229;ENSG00000258947
prerank,REACTOME_TRANSPORT_OF_VITAMINS_NUCLEOSIDES_AND_RELATED_MOLECULES,-0.45115336088878344,-1.4380536465987548,0.04535092981403719,0.2569022542587803,1.0,22/30,45.76%,ENSG00000102100;ENSG00000130958;ENSG00000120509;ENSG00000151729;ENSG00000157593;ENSG00000164638;ENSG00000116704;ENSG00000117620;ENSG00000197506;ENSG00000213465;ENSG00000005022;ENSG00000130304;ENSG00000205060;ENSG00000198246;ENSG00000169359;ENSG00000167114;ENSG00000102931;ENSG00000189058;ENSG00000169100;ENSG00000164414;ENSG00000156222;ENSG00000184925
prerank,REACTOME_KSRP_KHSRP_BINDS_AND_DESTABILIZES_MRNA,-0.5159792741025899,-1.4424854799370952,0.05067310134620269,0.2570316371468108,1.0,12/17,37.11%,ENSG00000185386;ENSG00000140694;ENSG00000120699;ENSG00000077348;ENSG00000107371;ENSG00000142208;ENSG00000171311;ENSG00000164924;ENSG00000178896;ENSG00000112062;ENSG00000075914;ENSG00000083520
prerank,REACTOME_UNWINDING_OF_DNA,-0.5801547703497213,-1.4430507309700717,0.05354309888947647,0.2582782155766435,1.0,6/11,8.67%,ENSG00000101003;ENSG00000147536;ENSG00000131153;ENSG00000181938;ENSG00000125885;ENSG00000093009
prerank,REACTOME_DAG1_GLYCOSYLATIONS,-0.5171639324628756,-1.4440630463551654,0.052624839948783614,0.25856575058657444,1.0,14/17,44.49%,ENSG00000165905;ENSG00000085998;ENSG00000173402;ENSG00000144647;ENSG00000130714;ENSG00000185900;ENSG00000174684;ENSG00000133424;ENSG00000181027;ENSG00000176087;ENSG00000162885;ENSG00000118600;ENSG00000009830;ENSG00000164414
prerank,REACTOME_STIMULI_SENSING_CHANNELS,-0.3681504152110692,-1.4350780394265445,0.014625228519195612,0.2611051883560952,1.0,40/100,26.18%,ENSG00000167614;ENSG00000134160;ENSG00000164038;ENSG00000196689;ENSG00000074855;ENSG00000165238;ENSG00000167995;ENSG00000221983;ENSG00000170315;ENSG00000130529;ENSG00000186815;ENSG00000162572;ENSG00000157514;ENSG00000090674;ENSG00000016490;ENSG00000083067;ENSG00000196632;ENSG00000143947;ENSG00000187688;ENSG00000075142;ENSG00000137975;ENSG00000108684;ENSG00000118515;ENSG00000119121;ENSG00000171714;ENSG00000104321;ENSG00000144935;ENSG00000198668;ENSG00000109572;ENSG00000016602;ENSG00000103249;ENSG00000126562;ENSG00000155962;ENSG00000186510;ENSG00000114859;ENSG00000188037;ENSG00000047617;ENSG00000104205;ENSG00000133107;ENSG00000136295
prerank,REACTOME_NUCLEAR_ENVELOPE_BREAKDOWN,0.26467583295702835,1.2145518991361182,0.1297037630104083,0.2620270798146486,1.0,6/52,2.49%,ENSG00000213024;ENSG00000175826;ENSG00000094914;ENSG00000160789;ENSG00000102900;ENSG00000175334
prerank,REACTOME_GOLGI_ASSOCIATED_VESICLE_BIOGENESIS,0.26179064077333036,1.2137731873039543,0.13153310104529617,0.26242065249763513,1.0,7/56,2.71%,ENSG00000079805;ENSG00000100280;ENSG00000109971;ENSG00000141367;ENSG00000106367;ENSG00000143761;ENSG00000072274
prerank,REACTOME_TIE2_SIGNALING,0.34877079369237185,1.2121075799665442,0.2018896071606166,0.26392512274142116,1.0,2/18,1.49%,ENSG00000177885;ENSG00000174775
prerank,REACTOME_UPTAKE_AND_ACTIONS_OF_BACTERIAL_TOXINS,0.30536448869400407,1.2115361545504992,0.18263473053892215,0.26408120673260954,1.0,4/29,1.66%,ENSG00000169032;ENSG00000106089;ENSG00000096384;ENSG00000080824
prerank,REACTOME_SUMOYLATION_OF_RNA_BINDING_PROTEINS,0.27328227738087896,1.209725736997312,0.14825796886582654,0.26578276813409063,1.0,6/45,4.39%,ENSG00000213024;ENSG00000165119;ENSG00000094914;ENSG00000092199;ENSG00000102900;ENSG00000141570
prerank,REACTOME_METABOLISM_OF_NITRIC_OXIDE_NOS3_ACTIVATION_AND_REGULATION,0.35087175779387997,1.2080489187396302,0.1972168905950096,0.26735058402554945,1.0,3/17,2.78%,ENSG00000079805;ENSG00000080824;ENSG00000103018
prerank,REACTOME_INHIBITION_OF_REPLICATION_INITIATION_OF_DAMAGED_DNA_BY_RB1_E2F1,-0.5502557046745377,-1.4289322859586144,0.05591593149974053,0.27017501707020175,1.0,7/13,14.80%,ENSG00000198056;ENSG00000198176;ENSG00000104695;ENSG00000101412;ENSG00000014138;ENSG00000167393;ENSG00000113575
prerank,REACTOME_ATTACHMENT_OF_BACTERIA_TO_EPITHELIAL_CELLS,-0.4848086123332752,-1.4298260202182755,0.051294883022644816,0.27061132460008247,1.0,11/21,28.77%,ENSG00000197565;ENSG00000204262;ENSG00000134871;ENSG00000091136;ENSG00000101680;ENSG00000130635;ENSG00000196569;ENSG00000135862;ENSG00000188153;ENSG00000112769;ENSG00000119888
prerank,REACTOME_ACTIVATION_OF_THE_TFAP2_AP_2_FAMILY_OF_TRANSCRIPTION_FACTORS,0.404666690805518,1.2029954433159866,0.20733197556008146,0.27308372906354983,1.0,3/11,7.53%,ENSG00000137203;ENSG00000116819;ENSG00000087510
prerank,REACTOME_SIGNALING_BY_INSULIN_RECEPTOR,0.24265139348285325,1.202487110549643,0.10615711252653928,0.2731186642421856,1.0,9/77,3.18%,ENSG00000131100;ENSG00000114573;ENSG00000147416;ENSG00000159720;ENSG00000177885;ENSG00000174775;ENSG00000117984;ENSG00000185883;ENSG00000071553
prerank,REACTOME_ASSEMBLY_OF_COLLAGEN_FIBRILS_AND_OTHER_MULTIMERIC_STRUCTURES,-0.39263005764637926,-1.4264058345195456,0.03107122826696579,0.27360363529945103,1.0,22/60,17.15%,ENSG00000106333;ENSG00000136943;ENSG00000168542;ENSG00000134013;ENSG00000197565;ENSG00000204262;ENSG00000115318;ENSG00000134871;ENSG00000135047;ENSG00000108821;ENSG00000168487;ENSG00000049089;ENSG00000182871;ENSG00000163359;ENSG00000130635;ENSG00000142173;ENSG00000196739;ENSG00000164692;ENSG00000142156;ENSG00000138131;ENSG00000113083;ENSG00000060718
prerank,REACTOME_SIGNALING_BY_FGFR2,0.2471792873540726,1.201200212334652,0.12759643916913946,0.2741738124591405,1.0,8/69,2.37%,ENSG00000150991;ENSG00000177885;ENSG00000174775;ENSG00000099783;ENSG00000099817;ENSG00000177700;ENSG00000181222;ENSG00000105568
prerank,REACTOME_FRS_MEDIATED_FGFR1_SIGNALING,0.33537022120555476,1.199328078996093,0.2083127164769916,0.27424679924481926,1.0,8/20,13.71%,ENSG00000177885;ENSG00000174775;ENSG00000186895;ENSG00000075388;ENSG00000133116;ENSG00000158815;ENSG00000078579;ENSG00000213281
prerank,REACTOME_DRUG_ADME,0.2324325385325257,1.1988063191255465,0.10549132947976879,0.2743227268588165,1.0,7/96,2.18%,ENSG00000165704;ENSG00000108846;ENSG00000103222;ENSG00000172270;ENSG00000110321;ENSG00000084207;ENSG00000143774
prerank,REACTOME_SARS_COV_1_ACTIVATES_MODULATES_INNATE_IMMUNE_RESPONSES,0.2775642410432112,1.1993412946207442,0.16947960618846694,0.27480703722646205,1.0,5/40,2.80%,ENSG00000150991;ENSG00000088832;ENSG00000108424;ENSG00000196262;ENSG00000182481
prerank,REACTOME_INTERLEUKIN_15_SIGNALING,0.37075770513901335,1.1998070882577956,0.22010178117048346,0.2748070710909992,1.0,3/14,5.68%,ENSG00000177885;ENSG00000134470;ENSG00000162434
prerank,REACTOME_ERYTHROPOIETIN_ACTIVATES_RAS,0.3728180333185689,1.200179826909936,0.2092320966350302,0.27490138479249404,1.0,2/14,1.49%,ENSG00000177885;ENSG00000174775
prerank,REACTOME_NCAM_SIGNALING_FOR_NEURITE_OUT_GROWTH,-0.3913933436142822,-1.423766361367658,0.03267681289167413,0.2771696843724514,1.0,22/61,17.68%,ENSG00000167535;ENSG00000168542;ENSG00000197122;ENSG00000171119;ENSG00000067191;ENSG00000204262;ENSG00000125650;ENSG00000077782;ENSG00000130287;ENSG00000134871;ENSG00000196557;ENSG00000132670;ENSG00000049089;ENSG00000163359;ENSG00000130635;ENSG00000142173;ENSG00000102882;ENSG00000142156;ENSG00000006283;ENSG00000010810;ENSG00000188157;ENSG00000151067
prerank,REACTOME_REGULATION_OF_TP53_ACTIVITY_THROUGH_ACETYLATION,0.2995032626509743,1.1955018261664114,0.18993135011441648,0.2773985306271426,1.0,3/28,0.71%,ENSG00000111642;ENSG00000116478;ENSG00000140464
prerank,REACTOME_SUMOYLATION_OF_UBIQUITINYLATION_PROTEINS,0.2815792108486075,1.1956052651525757,0.1700404858299595,0.2778363458258547,1.0,4/38,2.10%,ENSG00000213024;ENSG00000140464;ENSG00000094914;ENSG00000102900
prerank,REACTOME_JOSEPHIN_DOMAIN_DUBS,0.38947508443195833,1.1941234947893908,0.22586133560187155,0.27859913034778,1.0,3/12,2.51%,ENSG00000150991;ENSG00000179262;ENSG00000165280
prerank,REACTOME_ENDOSOMAL_SORTING_COMPLEX_REQUIRED_FOR_TRANSPORT_ESCRT,0.29603929371227833,1.1925796202122767,0.20197652872143299,0.2800416183311678,1.0,4/31,2.28%,ENSG00000150991;ENSG00000185359;ENSG00000132612;ENSG00000130724
prerank,REACTOME_SIGNALING_BY_PDGFR_IN_DISEASE,0.3302193657086568,1.1886411713049059,0.20804710500490678,0.2834838828709686,1.0,2/20,1.49%,ENSG00000177885;ENSG00000174775
prerank,REACTOME_SIGNALLING_TO_RAS,0.3284561988563748,1.188161338920493,0.21525338685398895,0.2835301648411392,1.0,3/20,1.51%,ENSG00000177885;ENSG00000174775;ENSG00000114738
prerank,REACTOME_SARS_COV_2_ACTIVATES_MODULATES_INNATE_AND_ADAPTIVE_IMMUNE_RESPONSES,0.22689921482891198,1.1889136387793913,0.11531531531531532,0.28371253157122966,1.0,13/108,5.68%,ENSG00000213024;ENSG00000150991;ENSG00000094914;ENSG00000096384;ENSG00000145907;ENSG00000080824;ENSG00000184216;ENSG00000102900;ENSG00000182481;ENSG00000234745;ENSG00000187608;ENSG00000204632;ENSG00000162434
prerank,REACTOME_REGULATION_OF_MITF_M_DEPENDENT_GENES_INVOLVED_IN_APOPTOSIS,0.3383198477138595,1.1892086341761297,0.2103996148290804,0.283912127506365,1.0,2/18,0.35%,ENSG00000116478;ENSG00000169375
prerank,REACTOME_TRANSLATION_OF_SARS_COV_1_STRUCTURAL_PROTEINS,0.29779507589208815,1.1846241967208426,0.20808909730363423,0.2876721062266012,1.0,4/29,2.30%,ENSG00000150991;ENSG00000137817;ENSG00000127022;ENSG00000089597
prerank,REACTOME_RAB_GEFS_EXCHANGE_GTP_FOR_GDP_ON_RABS,0.2334855026604319,1.1837280486328379,0.1115485564304462,0.2883072251088983,1.0,11/89,4.11%,ENSG00000110514;ENSG00000075785;ENSG00000084733;ENSG00000203879;ENSG00000108953;ENSG00000174903;ENSG00000143545;ENSG00000174791;ENSG00000170043;ENSG00000100599;ENSG00000105186
prerank,REACTOME_MITOCHONDRIAL_TRANSLATION,-0.36004344751401574,-1.4167743783057642,0.015578318395219804,0.2885110880662402,1.0,56/110,32.75%,ENSG00000204822;ENSG00000172586;ENSG00000182180;ENSG00000134056;ENSG00000166902;ENSG00000125901;ENSG00000198015;ENSG00000048544;ENSG00000130349;ENSG00000062582;ENSG00000175756;ENSG00000061794;ENSG00000082515;ENSG00000130312;ENSG00000120662;ENSG00000174547;ENSG00000085760;ENSG00000182154;ENSG00000111639;ENSG00000102738;ENSG00000180992;ENSG00000148187;ENSG00000262814;ENSG00000130921;ENSG00000116221;ENSG00000004779;ENSG00000169288;ENSG00000143436;ENSG00000204568;ENSG00000116898;ENSG00000167862;ENSG00000143314;ENSG00000128626;ENSG00000243147;ENSG00000136522;ENSG00000123297;ENSG00000242485;ENSG00000185608;ENSG00000114686;ENSG00000162910;ENSG00000132591;ENSG00000112996;ENSG00000156928;ENSG00000172590;ENSG00000112110;ENSG00000181991;ENSG00000149792;ENSG00000164347;ENSG00000181610;ENSG00000171421;ENSG00000096080;ENSG00000090263;ENSG00000179271;ENSG00000122140;ENSG00000103707;ENSG00000175110
prerank,REACTOME_ACTIVATION_OF_GENE_EXPRESSION_BY_SREBF_SREBP,-0.41750041780495195,-1.415464768005578,0.0431578947368421,0.28916396758231316,1.0,15/41,13.68%,ENSG00000076555;ENSG00000119927;ENSG00000082014;ENSG00000172893;ENSG00000149809;ENSG00000163344;ENSG00000101849;ENSG00000104549;ENSG00000079459;ENSG00000160285;ENSG00000110921;ENSG00000167508;ENSG00000067064;ENSG00000196132;ENSG00000112972
prerank,REACTOME_COLLAGEN_DEGRADATION,-0.39091645019930316,-1.4171712032588142,0.03412546457934452,0.2901481375978948,1.0,20/60,14.51%,ENSG00000157227;ENSG00000087245;ENSG00000123342;ENSG00000140564;ENSG00000168542;ENSG00000197565;ENSG00000204262;ENSG00000134871;ENSG00000135047;ENSG00000102996;ENSG00000108821;ENSG00000099953;ENSG00000049089;ENSG00000182871;ENSG00000163359;ENSG00000130635;ENSG00000142173;ENSG00000160963;ENSG00000164692;ENSG00000142156
prerank,REACTOME_TRANSPORT_OF_MATURE_MRNAS_DERIVED_FROM_INTRONLESS_TRANSCRIPTS,0.2725895386752283,1.1810483759488422,0.18350515463917524,0.2913547536417787,1.0,4/42,2.10%,ENSG00000213024;ENSG00000125755;ENSG00000094914;ENSG00000102900
prerank,REACTOME_MEIOSIS,-0.37430118393847417,-1.410034768416428,0.032750851741949666,0.2919995235393866,1.0,41/77,36.69%,ENSG00000141756;ENSG00000051180;ENSG00000123374;ENSG00000100242;ENSG00000106399;ENSG00000197299;ENSG00000000460;ENSG00000246705;ENSG00000139618;ENSG00000105968;ENSG00000121211;ENSG00000100918;ENSG00000012048;ENSG00000113368;ENSG00000117748;ENSG00000102977;ENSG00000139351;ENSG00000092330;ENSG00000101773;ENSG00000126803;ENSG00000131470;ENSG00000184260;ENSG00000147601;ENSG00000132475;ENSG00000054654;ENSG00000188486;ENSG00000066923;ENSG00000197903;ENSG00000158373;ENSG00000196890;ENSG00000072501;ENSG00000104320;ENSG00000164754;ENSG00000132436;ENSG00000196074;ENSG00000101972;ENSG00000184678;ENSG00000108055;ENSG00000163041;ENSG00000113522;ENSG00000077935
prerank,REACTOME_TRIGLYCERIDE_METABOLISM,0.28005899990051775,1.180137372064541,0.18447246184472463,0.29200687752473914,1.0,5/35,2.57%,ENSG00000213639;ENSG00000115159;ENSG00000172531;ENSG00000105355;ENSG00000072062
prerank,REACTOME_TRANSLESION_SYNTHESIS_BY_POLK,-0.5042478994093523,-1.4105657254752124,0.06736470291409108,0.2932383592319264,1.0,10/17,14.99%,ENSG00000106399;ENSG00000221983;ENSG00000132646;ENSG00000170315;ENSG00000116670;ENSG00000111445;ENSG00000163918;ENSG00000049541;ENSG00000117748;ENSG00000143947
prerank,REACTOME_SENESCENCE_ASSOCIATED_SECRETORY_PHENOTYPE_SASP,-0.3819595698143231,-1.4125478431587526,0.0318534961154273,0.2936105346129753,1.0,31/69,27.25%,ENSG00000175063;ENSG00000145386;ENSG00000123374;ENSG00000246705;ENSG00000166484;ENSG00000221983;ENSG00000170315;ENSG00000111276;ENSG00000094880;ENSG00000141552;ENSG00000129355;ENSG00000166295;ENSG00000170142;ENSG00000108106;ENSG00000105968;ENSG00000117676;ENSG00000004897;ENSG00000102882;ENSG00000164162;ENSG00000072401;ENSG00000143947;ENSG00000177189;ENSG00000184260;ENSG00000105810;ENSG00000123080;ENSG00000132475;ENSG00000188486;ENSG00000197903;ENSG00000158373;ENSG00000177606;ENSG00000196890
prerank,REACTOME_MATURATION_OF_SARS_COV_2_NUCLEOPROTEIN,0.3573945619257487,1.1781421236181246,0.22845417236662108,0.2941166922383616,1.0,2/15,2.07%,ENSG00000137817;ENSG00000126457
prerank,REACTOME_COMPLEX_III_ASSEMBLY,0.3071119152591378,1.1774807260251252,0.20975883342680876,0.29443103052676367,1.0,4/25,2.39%,ENSG00000173660;ENSG00000179091;ENSG00000010256;ENSG00000101019
prerank,REACTOME_SERINE_METABOLISM,-0.5806496496854372,-1.40454121573062,0.06834868508877319,0.2952316942461388,1.0,6/10,26.82%,ENSG00000168528;ENSG00000139410;ENSG00000146733;ENSG00000111897;ENSG00000135069;ENSG00000092621
prerank,REACTOME_ACYL_CHAIN_REMODELLING_OF_PE,-0.4508297173706202,-1.4106794824999147,0.058269996380745565,0.2954801131691327,1.0,12/28,21.47%,ENSG00000121316;ENSG00000100439;ENSG00000143797;ENSG00000170890;ENSG00000176485;ENSG00000111684;ENSG00000133321;ENSG00000069764;ENSG00000117215;ENSG00000123739;ENSG00000100078;ENSG00000116711
prerank,REACTOME_IL_6_TYPE_CYTOKINE_RECEPTOR_LIGAND_INTERACTIONS,-0.5194655260708707,-1.4071178515327105,0.06870327403970096,0.29637486530783363,1.0,7/15,26.58%,ENSG00000137070;ENSG00000150281;ENSG00000175505;ENSG00000136280;ENSG00000134352;ENSG00000096968;ENSG00000113594
prerank,REACTOME_HS_GAG_BIOSYNTHESIS,-0.43799031753865075,-1.4057129137017081,0.05447144738417335,0.29728851634185927,1.0,12/31,11.46%,ENSG00000012232;ENSG00000130958;ENSG00000171004;ENSG00000076716;ENSG00000213420;ENSG00000162512;ENSG00000070614;ENSG00000115884;ENSG00000142798;ENSG00000151348;ENSG00000147257;ENSG00000138604
prerank,REACTOME_EPH_EPHRIN_MEDIATED_REPULSION_OF_CELLS,0.2572954034553735,1.1748478159554772,0.1823949246629659,0.29741912511558616,1.0,8/51,5.36%,ENSG00000161203;ENSG00000184009;ENSG00000141367;ENSG00000075624;ENSG00000137845;ENSG00000042753;ENSG00000070886;ENSG00000183317
prerank,REACTOME_BASE_EXCISION_REPAIR,-0.3881239851887198,-1.404545798699559,0.03428187317947569,0.2976435876922846,1.0,32/60,27.25%,ENSG00000109674;ENSG00000106399;ENSG00000123415;ENSG00000100479;ENSG00000246705;ENSG00000132781;ENSG00000114026;ENSG00000132646;ENSG00000175482;ENSG00000065057;ENSG00000111445;ENSG00000076248;ENSG00000163918;ENSG00000062822;ENSG00000049541;ENSG00000143799;ENSG00000105968;ENSG00000115350;ENSG00000117748;ENSG00000102977;ENSG00000092330;ENSG00000103152;ENSG00000184260;ENSG00000129484;ENSG00000147601;ENSG00000133119;ENSG00000005156;ENSG00000144749;ENSG00000188486;ENSG00000197903;ENSG00000158373;ENSG00000196890
prerank,REACTOME_PTK6_REGULATES_RHO_GTPASES_RAS_GTPASE_AND_MAP_KINASES,0.36182180241507506,1.174098758279239,0.23670444638186575,0.2978166635100886,1.0,2/14,1.49%,ENSG00000067560;ENSG00000174775
prerank,REACTOME_ACTIVATION_OF_MATRIX_METALLOPROTEINASES,-0.4385714973707256,-1.4023503566584563,0.06182698124621899,0.29809533047780074,1.0,7/30,10.51%,ENSG00000136943;ENSG00000157227;ENSG00000087245;ENSG00000140564;ENSG00000102996;ENSG00000099953;ENSG00000182871
prerank,REACTOME_SPECIFICATION_OF_PRIMORDIAL_GERM_CELLS,0.3950455638972893,1.1725401917840503,0.23973143759873616,0.2993815756600488,1.0,4/11,7.53%,ENSG00000164736;ENSG00000163508;ENSG00000168769;ENSG00000087510
prerank,REACTOME_GOLGI_CISTERNAE_PERICENTRIOLAR_STACK_REORGANIZATION,-0.5237657739997928,-1.3987227315789201,0.06784968684759916,0.2996758025084584,1.0,9/14,24.72%,ENSG00000166851;ENSG00000134057;ENSG00000170312;ENSG00000157456;ENSG00000114745;ENSG00000102882;ENSG00000138768;ENSG00000138069;ENSG00000117475
prerank,REACTOME_PLATELET_ADHESION_TO_EXPOSED_COLLAGEN,-0.5245405655135779,-1.399089545061134,0.07474800366540123,0.30116883330923433,1.0,7/14,21.01%,ENSG00000185245;ENSG00000150093;ENSG00000108821;ENSG00000160323;ENSG00000164692;ENSG00000010810;ENSG00000088053
prerank,REACTOME_SIGNALING_BY_BMP,-0.4432740944011665,-1.4000030905176573,0.059983069294957066,0.3013480862373108,1.0,15/29,34.70%,ENSG00000114739;ENSG00000101938;ENSG00000108854;ENSG00000163430;ENSG00000120693;ENSG00000069702;ENSG00000101665;ENSG00000039319;ENSG00000072401;ENSG00000109332;ENSG00000170365;ENSG00000104899;ENSG00000137834;ENSG00000141646;ENSG00000121989
prerank,REACTOME_SIGNALING_BY_NUCLEAR_RECEPTORS,0.19940366748904698,1.1688692018884803,0.04294478527607362,0.30323449427957216,1.0,20/245,3.21%,ENSG00000131828;ENSG00000171720;ENSG00000116478;ENSG00000067992;ENSG00000152332;ENSG00000138798;ENSG00000082898;ENSG00000078369;ENSG00000004478;ENSG00000096384;ENSG00000174775;ENSG00000117984;ENSG00000080824;ENSG00000011485;ENSG00000099817;ENSG00000126457;ENSG00000177700;ENSG00000181222;ENSG00000182481;ENSG00000114353
prerank,REACTOME_MRNA_CAPPING,0.2924100465838625,1.1691027113211807,0.2108644859813084,0.30350592633576984,1.0,4/29,2.28%,ENSG00000196235;ENSG00000099817;ENSG00000177700;ENSG00000181222
prerank,REACTOME_GAP_FILLING_DNA_REPAIR_SYNTHESIS_AND_LIGATION_IN_GG_NER,-0.4550023907029324,-1.3955244245237446,0.06814618260764685,0.3050747878636689,1.0,16/25,23.29%,ENSG00000106399;ENSG00000100479;ENSG00000221983;ENSG00000132646;ENSG00000170315;ENSG00000175482;ENSG00000111445;ENSG00000163918;ENSG00000062822;ENSG00000049541;ENSG00000115350;ENSG00000117748;ENSG00000143947;ENSG00000133119;ENSG00000005156;ENSG00000144749
prerank,REACTOME_CHONDROITIN_SULFATE_DERMATAN_SULFATE_METABOLISM,-0.4189264314663955,-1.3941181273360337,0.05972979378999763,0.30614182024241554,1.0,14/37,20.44%,ENSG00000114646;ENSG00000169105;ENSG00000173546;ENSG00000130287;ENSG00000111817;ENSG00000123989;ENSG00000169919;ENSG00000171310;ENSG00000122863;ENSG00000186792;ENSG00000131873;ENSG00000011465;ENSG00000113273;ENSG00000038427
prerank,REACTOME_METABOLISM_OF_FAT_SOLUBLE_VITAMINS,0.2610278049067982,1.1571367680313869,0.19583023082650783,0.31922120843404134,1.0,10/47,8.40%,ENSG00000157193;ENSG00000147650;ENSG00000124145;ENSG00000167397;ENSG00000063660;ENSG00000110245;ENSG00000138207;ENSG00000158874;ENSG00000187134;ENSG00000121207
prerank,REACTOME_ACTIVATION_OF_ANTERIOR_HOX_GENES_IN_HINDBRAIN_DEVELOPMENT_DURING_EARLY_EMBRYOGENESIS,0.23432949379753637,1.1566624674125887,0.15474794841735054,0.31926615174432815,1.0,18/77,9.50%,ENSG00000171720;ENSG00000099817;ENSG00000177700;ENSG00000181222;ENSG00000170166;ENSG00000105991;ENSG00000105997;ENSG00000105996;ENSG00000128652;ENSG00000120093;ENSG00000198353;ENSG00000128645;ENSG00000197576;ENSG00000182742;ENSG00000162961;ENSG00000124151;ENSG00000204103;ENSG00000158406
prerank,REACTOME_ANTIGEN_PRESENTATION_FOLDING_ASSEMBLY_AND_PEPTIDE_LOADING_OF_CLASS_I_MHC,0.2904634006175429,1.1559527193471293,0.22485207100591717,0.3196944389397024,1.0,6/29,5.60%,ENSG00000185825;ENSG00000127022;ENSG00000179218;ENSG00000167004;ENSG00000234745;ENSG00000204632
prerank,REACTOME_BRANCHED_CHAIN_AMINO_ACID_CATABOLISM,0.31350074179470566,1.1546237824841923,0.2468257998984256,0.3204009844648733,1.0,3/21,2.74%,ENSG00000248098;ENSG00000103507;ENSG00000127884
prerank,REACTOME_FORMATION_OF_THE_POLYBROMO_BAF_PBAF_COMPLEX,0.33085079302305853,1.1546680244319707,0.2609942638623327,0.3209616252719127,1.0,3/18,2.35%,ENSG00000075624;ENSG00000127616;ENSG00000099956
prerank,REACTOME_DEVELOPMENTAL_LINEAGE_OF_PANCREATIC_ACINAR_CELLS,0.28907874464081657,1.1510208046055255,0.2283840190816935,0.3249563188112392,1.0,7/30,5.79%,ENSG00000125798;ENSG00000139515;ENSG00000168267;ENSG00000115386;ENSG00000179751;ENSG00000169856;ENSG00000243480
prerank,REACTOME_MITOCHONDRIAL_TRNA_AMINOACYLATION,0.3139681244562432,1.1487202138459962,0.24395373291272346,0.3277141575207939,1.0,2/21,1.44%,ENSG00000065427;ENSG00000067704
prerank,REACTOME_ERCC6_CSB_AND_EHMT2_G9A_POSITIVELY_REGULATE_RRNA_EXPRESSION,0.27630232140397426,1.142069286094118,0.23803446075303128,0.33623482351254563,1.0,3/33,0.33%,ENSG00000204371;ENSG00000111642;ENSG00000116478
prerank,REACTOME_FGFR2_ALTERNATIVE_SPLICING,0.29071947601113546,1.1423939078054421,0.24132043255549232,0.3364217131260201,1.0,4/27,2.28%,ENSG00000099783;ENSG00000099817;ENSG00000177700;ENSG00000181222
prerank,REACTOME_GLYCEROPHOSPHOLIPID_BIOSYNTHESIS,-0.3463292115019509,-1.380850698570273,0.02095839915745129,0.3370814382289726,1.0,64/124,34.19%,ENSG00000102230;ENSG00000062282;ENSG00000121316;ENSG00000163295;ENSG00000180089;ENSG00000100884;ENSG00000103066;ENSG00000119927;ENSG00000129219;ENSG00000110536;ENSG00000100439;ENSG00000133027;ENSG00000143797;ENSG00000148343;ENSG00000087085;ENSG00000130517;ENSG00000185813;ENSG00000103502;ENSG00000170890;ENSG00000176485;ENSG00000110697;ENSG00000153395;ENSG00000111684;ENSG00000133321;ENSG00000069764;ENSG00000144645;ENSG00000177666;ENSG00000105223;ENSG00000138029;ENSG00000116906;ENSG00000117215;ENSG00000134255;ENSG00000183765;ENSG00000088766;ENSG00000204310;ENSG00000123739;ENSG00000100288;ENSG00000100078;ENSG00000134324;ENSG00000100344;ENSG00000116711;ENSG00000167588;ENSG00000156471;ENSG00000085788;ENSG00000026652;ENSG00000178773;ENSG00000091039;ENSG00000214530;ENSG00000180488;ENSG00000085719;ENSG00000070214;ENSG00000169692;ENSG00000141179;ENSG00000168389;ENSG00000185000;ENSG00000184381;ENSG00000101290;ENSG00000158786;ENSG00000123684;ENSG00000152642;ENSG00000138018;ENSG00000163898;ENSG00000162836;ENSG00000139163
prerank,REACTOME_FORMATION_OF_THE_DYSTROPHIN_GLYCOPROTEIN_COMPLEX_DGC,-0.4238868213074409,-1.3736538214563525,0.07083531086853347,0.3406211923751344,1.0,17/33,26.67%,ENSG00000102385;ENSG00000173402;ENSG00000101400;ENSG00000127990;ENSG00000107796;ENSG00000142798;ENSG00000091136;ENSG00000101680;ENSG00000138101;ENSG00000170624;ENSG00000188157;ENSG00000163069;ENSG00000196569;ENSG00000172164;ENSG00000135862;ENSG00000159251;ENSG00000112769
prerank,REACTOME_MITOTIC_TELOPHASE_CYTOKINESIS,-0.5307460137718836,-1.3743901689506544,0.07964486225355791,0.34117838443678866,1.0,10/13,39.63%,ENSG00000166851;ENSG00000112984;ENSG00000137807;ENSG00000072501;ENSG00000164754;ENSG00000101972;ENSG00000164190;ENSG00000108055;ENSG00000121892;ENSG00000083642
prerank,REACTOME_TRANSCRIPTIONAL_REGULATION_BY_MECP2,0.23982374575985826,1.1378936261373223,0.2093235831809872,0.341185518645701,1.0,6/61,2.57%,ENSG00000171720;ENSG00000116478;ENSG00000169375;ENSG00000059804;ENSG00000184216;ENSG00000072062
prerank,REACTOME_PROCESSING_OF_DNA_DOUBLE_STRAND_BREAK_ENDS,-0.36842017853941417,-1.3762242643553677,0.03975704030922143,0.34146302392126976,1.0,37/73,33.55%,ENSG00000035499;ENSG00000163322;ENSG00000145386;ENSG00000123374;ENSG00000106399;ENSG00000197299;ENSG00000149554;ENSG00000111602;ENSG00000171792;ENSG00000174371;ENSG00000221983;ENSG00000170315;ENSG00000111445;ENSG00000163918;ENSG00000049541;ENSG00000012048;ENSG00000117748;ENSG00000067369;ENSG00000143947;ENSG00000175643;ENSG00000188612;ENSG00000101773;ENSG00000092853;ENSG00000133119;ENSG00000165392;ENSG00000169139;ENSG00000188486;ENSG00000197903;ENSG00000158373;ENSG00000149923;ENSG00000196890;ENSG00000075131;ENSG00000104320;ENSG00000138346;ENSG00000137337;ENSG00000152942;ENSG00000184678
prerank,REACTOME_TRIGLYCERIDE_BIOSYNTHESIS,-0.5299694268888626,-1.3781461718321357,0.08532643826761474,0.34155235540149265,1.0,8/13,29.58%,ENSG00000062282;ENSG00000119927;ENSG00000198814;ENSG00000134324;ENSG00000187546;ENSG00000185000;ENSG00000166391;ENSG00000124003
prerank,REACTOME_FORMATION_OF_WDR5_CONTAINING_HISTONE_MODIFYING_COMPLEXES,0.2664241732772025,1.138072869271162,0.23982737361282366,0.341560173623196,1.0,3/38,1.77%,ENSG00000163872;ENSG00000171148;ENSG00000172534
prerank,REACTOME_ENERGY_DEPENDENT_REGULATION_OF_MTOR_BY_LKB1_AMPK,-0.43655967058891965,-1.3701221602928506,0.07727769016134903,0.3422952138675821,1.0,24/28,52.25%,ENSG00000149357;ENSG00000167965;ENSG00000082146;ENSG00000116586;ENSG00000083750;ENSG00000109270;ENSG00000116954;ENSG00000111725;ENSG00000266173;ENSG00000188186;ENSG00000118046;ENSG00000134248;ENSG00000025039;ENSG00000132356;ENSG00000155876;ENSG00000181929;ENSG00000177058;ENSG00000102547;ENSG00000100614;ENSG00000115592;ENSG00000131791;ENSG00000103197;ENSG00000198793;ENSG00000106617
prerank,REACTOME_LAMININ_INTERACTIONS,-0.43751217099440304,-1.3748167798473323,0.07078678970373968,0.342607488845111,1.0,14/28,26.67%,ENSG00000197565;ENSG00000150093;ENSG00000134871;ENSG00000142798;ENSG00000091136;ENSG00000101680;ENSG00000182871;ENSG00000196569;ENSG00000114270;ENSG00000116962;ENSG00000135862;ENSG00000138448;ENSG00000188153;ENSG00000112769
prerank,REACTOME_HDR_THROUGH_SINGLE_STRAND_ANNEALING_SSA,-0.4171588781422181,-1.376701518765461,0.06521739130434782,0.34278034943680874,1.0,15/35,21.90%,ENSG00000051180;ENSG00000106399;ENSG00000197299;ENSG00000171792;ENSG00000174371;ENSG00000111445;ENSG00000163918;ENSG00000049541;ENSG00000002016;ENSG00000012048;ENSG00000117748;ENSG00000175643;ENSG00000101773;ENSG00000133119;ENSG00000165392
prerank,REACTOME_COPII_MEDIATED_VESICLE_TRANSPORT,-0.37287437748822777,-1.3705553126909336,0.048785921140565826,0.34365989709004163,1.0,31/67,26.80%,ENSG00000150961;ENSG00000174871;ENSG00000181029;ENSG00000170348;ENSG00000157020;ENSG00000114745;ENSG00000185010;ENSG00000106636;ENSG00000101160;ENSG00000138073;ENSG00000086598;ENSG00000100934;ENSG00000110195;ENSG00000196459;ENSG00000162236;ENSG00000007255;ENSG00000114988;ENSG00000155511;ENSG00000176986;ENSG00000138768;ENSG00000114270;ENSG00000167515;ENSG00000138069;ENSG00000169223;ENSG00000143786;ENSG00000085063;ENSG00000138674;ENSG00000074695;ENSG00000093183;ENSG00000196655;ENSG00000138802
prerank,REACTOME_CELLULAR_RESPONSES_TO_MECHANICAL_STIMULI,0.21898799721124643,1.1356669631903114,0.16793893129770993,0.34393985158584633,1.0,11/98,3.81%,ENSG00000137076;ENSG00000035403;ENSG00000078369;ENSG00000182718;ENSG00000087460;ENSG00000105568;ENSG00000126247;ENSG00000108946;ENSG00000072062;ENSG00000162909;ENSG00000129467
prerank,REACTOME_ADVANCED_GLYCOSYLATION_ENDPRODUCT_RECEPTOR_SIGNALING,0.3561401465040829,1.1349947026585714,0.26900584795321636,0.3442802552500746,1.0,3/13,2.94%,ENSG00000198898;ENSG00000142192;ENSG00000244038
prerank,REACTOME_GLUTATHIONE_CONJUGATION,-0.41994900481839015,-1.3709426240996918,0.07353290567830839,0.34514203520076975,1.0,14/34,16.92%,ENSG00000131067;ENSG00000178814;ENSG00000128965;ENSG00000001084;ENSG00000117448;ENSG00000143198;ENSG00000197448;ENSG00000085871;ENSG00000008394;ENSG00000134184;ENSG00000100577;ENSG00000139684;ENSG00000100031;ENSG00000006625
prerank,REACTOME_FORMATION_OF_THE_EARLY_ELONGATION_COMPLEX,0.2759785594699092,1.1329970912979235,0.24737167594310452,0.34595980719124175,1.0,5/33,3.59%,ENSG00000196235;ENSG00000099817;ENSG00000177700;ENSG00000181222;ENSG00000185049
prerank,REACTOME_TFAP2_AP_2_FAMILY_REGULATES_TRANSCRIPTION_OF_GROWTH_FACTORS_AND_THEIR_RECEPTORS,0.36636903149323213,1.1324870533226312,0.27756813417190773,0.34605329149739567,1.0,4/12,7.68%,ENSG00000112715;ENSG00000137203;ENSG00000087510;ENSG00000135346
prerank,REACTOME_SUMOYLATION,0.20092427535561197,1.1330171078204314,0.12738853503184713,0.3466021073375351,1.0,18/171,4.90%,ENSG00000213024;ENSG00000165119;ENSG00000116478;ENSG00000169375;ENSG00000140464;ENSG00000100401;ENSG00000094914;ENSG00000092199;ENSG00000184900;ENSG00000142230;ENSG00000130726;ENSG00000102900;ENSG00000116288;ENSG00000132383;ENSG00000094916;ENSG00000137203;ENSG00000141570;ENSG00000151623
prerank,REACTOME_G_ALPHA_12_13_SIGNALLING_EVENTS,-0.3636200869351551,-1.3671945568812502,0.04349262277031491,0.34744580922388063,1.0,23/77,19.48%,ENSG00000102302;ENSG00000131089;ENSG00000137135;ENSG00000111664;ENSG00000155366;ENSG00000050327;ENSG00000129675;ENSG00000170214;ENSG00000164050;ENSG00000171680;ENSG00000168243;ENSG00000146426;ENSG00000090924;ENSG00000127920;ENSG00000162188;ENSG00000156299;ENSG00000110237;ENSG00000165801;ENSG00000154358;ENSG00000142632;ENSG00000101977;ENSG00000069966;ENSG00000214694
prerank,REACTOME_AQUAPORIN_MEDIATED_TRANSPORT,0.24929191590462801,1.1279961727653565,0.24105011933174225,0.35234936788623483,1.0,7/50,5.35%,ENSG00000078369;ENSG00000087460;ENSG00000108946;ENSG00000072062;ENSG00000103769;ENSG00000129467;ENSG00000184945
prerank,REACTOME_SIGNALING_BY_NOTCH1_PEST_DOMAIN_MUTANTS_IN_CANCER,0.24009687883764003,1.1240109553842768,0.2304270462633452,0.35717778814022816,1.0,6/58,1.84%,ENSG00000171720;ENSG00000168214;ENSG00000116478;ENSG00000150991;ENSG00000151694;ENSG00000137845
prerank,REACTOME_SYNAPTIC_ADHESION_LIKE_MOLECULES,-0.46208353625421644,-1.3625586781321324,0.08745483991528591,0.35726640953535554,1.0,9/21,12.62%,ENSG00000126787;ENSG00000142949;ENSG00000126243;ENSG00000128011;ENSG00000125675;ENSG00000132535;ENSG00000133318;ENSG00000105426;ENSG00000173621
prerank,REACTOME_SUMOYLATION_OF_CHROMATIN_ORGANIZATION_PROTEINS,0.24271476423347144,1.1242572833867008,0.23593466424682397,0.35747993531236244,1.0,7/57,4.39%,ENSG00000213024;ENSG00000116478;ENSG00000094914;ENSG00000184900;ENSG00000102900;ENSG00000094916;ENSG00000141570
prerank,REACTOME_MET_ACTIVATES_RAP1_AND_RAC1,0.3747829281170725,1.1213698334628186,0.28616978876046234,0.35926093886676624,1.0,1/11,1.13%,ENSG00000177885
prerank,REACTOME_FLT3_SIGNALING_IN_DISEASE,0.2854735786616584,1.1215835131594436,0.27061427780852243,0.3596004668886054,1.0,3/28,1.49%,ENSG00000150991;ENSG00000177885;ENSG00000174775
prerank,REACTOME_GERM_LAYER_FORMATION_AT_GASTRULATION,0.3572644466088921,1.1217007839066304,0.29421419778416086,0.36010532119842537,1.0,3/13,5.93%,ENSG00000166949;ENSG00000133937;ENSG00000163508
prerank,REACTOME_ATTACHMENT_AND_ENTRY,-0.472903191690388,-1.359786865679155,0.09154577288644322,0.36223082911498306,1.0,8/19,8.48%,ENSG00000140564;ENSG00000076716;ENSG00000213420;ENSG00000162512;ENSG00000135047;ENSG00000115884;ENSG00000142798;ENSG00000147257
prerank,REACTOME_HCMV_LATE_EVENTS,0.2313048660609457,1.1140536057033747,0.23123732251521298,0.37033709291016453,1.0,6/69,2.28%,ENSG00000213024;ENSG00000165119;ENSG00000094914;ENSG00000132612;ENSG00000102900;ENSG00000130724
prerank,REACTOME_CELL_CYCLE_CHECKPOINTS,-0.31963196976917374,-1.3555246394217975,0.007572697899838449,0.371441640569767,1.0,93/263,16.05%,ENSG00000166851;ENSG00000175063;ENSG00000143228;ENSG00000115163;ENSG00000178999;ENSG00000075218;ENSG00000134057;ENSG00000089685;ENSG00000035499;ENSG00000163322;ENSG00000156970;ENSG00000134690;ENSG00000152253;ENSG00000138778;ENSG00000142945;ENSG00000145386;ENSG00000080986;ENSG00000117399;ENSG00000153044;ENSG00000170312;ENSG00000164045;ENSG00000094804;ENSG00000065328;ENSG00000123374;ENSG00000166483;ENSG00000106399;ENSG00000175305;ENSG00000197299;ENSG00000102384;ENSG00000149554;ENSG00000137812;ENSG00000121621;ENSG00000117724;ENSG00000174442;ENSG00000161888;ENSG00000171792;ENSG00000129810;ENSG00000072864;ENSG00000158402;ENSG00000174371;ENSG00000221983;ENSG00000120334;ENSG00000166451;ENSG00000175216;ENSG00000184445;ENSG00000006634;ENSG00000157020;ENSG00000149636;ENSG00000164109;ENSG00000072803;ENSG00000127564;ENSG00000185386;ENSG00000157456;ENSG00000123219;ENSG00000170315;ENSG00000125885;ENSG00000068971;ENSG00000154839;ENSG00000186871;ENSG00000151725;ENSG00000091651;ENSG00000075188;ENSG00000111276;ENSG00000094880;ENSG00000175279;ENSG00000169679;ENSG00000141552;ENSG00000111445;ENSG00000093009;ENSG00000163918;ENSG00000040275;ENSG00000163535;ENSG00000104695;ENSG00000166295;ENSG00000170142;ENSG00000108106;ENSG00000049541;ENSG00000177954;ENSG00000135336;ENSG00000088986;ENSG00000154473;ENSG00000012048;ENSG00000004897;ENSG00000117748;ENSG00000067369;ENSG00000164162;ENSG00000072401;ENSG00000113575;ENSG00000143947;ENSG00000117697;ENSG00000175643;ENSG00000183765;ENSG00000090097
prerank,REACTOME_SIGNALING_BY_FGFR_IN_DISEASE,0.2379955413045946,1.1128678477206109,0.24848484848484848,0.3716025032107851,1.0,6/59,2.28%,ENSG00000177885;ENSG00000111605;ENSG00000174775;ENSG00000099817;ENSG00000177700;ENSG00000181222
prerank,REACTOME_RAB_REGULATION_OF_TRAFFICKING,0.20845366981070657,1.1101452375734326,0.19342359767891681,0.37531237348551044,1.0,13/120,4.11%,ENSG00000110514;ENSG00000169221;ENSG00000075785;ENSG00000084733;ENSG00000203879;ENSG00000108953;ENSG00000174903;ENSG00000143545;ENSG00000174791;ENSG00000170043;ENSG00000103769;ENSG00000100599;ENSG00000105186
prerank,REACTOME_SYNTHESIS_SECRETION_AND_INACTIVATION_OF_GLUCOSE_DEPENDENT_INSULINOTROPIC_POLYPEPTIDE_GIP,-0.5291227531828407,-1.3489150071119076,0.09378694338631288,0.376985660632959,1.0,6/12,22.81%,ENSG00000118363;ENSG00000166562;ENSG00000114902;ENSG00000129128;ENSG00000136574;ENSG00000140612
prerank,REACTOME_OPIOID_SIGNALLING,0.21923185929277686,1.10841830927904,0.21948051948051947,0.3774408895958203,1.0,10/87,3.81%,ENSG00000149782;ENSG00000078369;ENSG00000105568;ENSG00000172531;ENSG00000108946;ENSG00000101327;ENSG00000072062;ENSG00000182481;ENSG00000114353;ENSG00000129467
prerank,REACTOME_DEFECTIVE_EXT2_CAUSES_EXOSTOSES_2,-0.5093023858892657,-1.3518631745216665,0.09636997803901305,0.3790611450335826,1.0,7/14,8.48%,ENSG00000076716;ENSG00000213420;ENSG00000162512;ENSG00000115884;ENSG00000142798;ENSG00000151348;ENSG00000147257
prerank,REACTOME_RESOLUTION_OF_ABASIC_SITES_AP_SITES,-0.4044484794827169,-1.3509289810419198,0.08086158192090395,0.37907958588174584,1.0,21/38,23.29%,ENSG00000106399;ENSG00000123415;ENSG00000100479;ENSG00000132781;ENSG00000114026;ENSG00000132646;ENSG00000175482;ENSG00000065057;ENSG00000111445;ENSG00000076248;ENSG00000163918;ENSG00000062822;ENSG00000049541;ENSG00000143799;ENSG00000115350;ENSG00000117748;ENSG00000103152;ENSG00000129484;ENSG00000133119;ENSG00000005156;ENSG00000144749
prerank,REACTOME_TP53_REGULATES_TRANSCRIPTION_OF_DNA_REPAIR_GENES,0.23525729079594093,1.1069308303051495,0.2593607305936073,0.37916878798522047,1.0,7/60,3.59%,ENSG00000149136;ENSG00000196235;ENSG00000092201;ENSG00000099817;ENSG00000177700;ENSG00000181222;ENSG00000185049
prerank,REACTOME_FORMATION_OF_SENESCENCE_ASSOCIATED_HETEROCHROMATIN_FOCI_SAHF,0.3326773980893989,1.1064908316888136,0.30430711610486894,0.3791831542289942,1.0,2/15,1.64%,ENSG00000099991;ENSG00000137309
prerank,REACTOME_ER_QUALITY_CONTROL_COMPARTMENT_ERQC,-0.4566663571305049,-1.3490186724932978,0.09442166728786185,0.3792616514702072,1.0,11/21,20.82%,ENSG00000221983;ENSG00000204308;ENSG00000177239;ENSG00000170315;ENSG00000072849;ENSG00000134109;ENSG00000239305;ENSG00000088298;ENSG00000143947;ENSG00000162298;ENSG00000159461
prerank,REACTOME_NON_INTEGRIN_MEMBRANE_ECM_INTERACTIONS,-0.3582343806385046,-1.3469877682682887,0.05785033417333187,0.379878578422773,1.0,35/77,26.67%,ENSG00000204580;ENSG00000129682;ENSG00000102385;ENSG00000173402;ENSG00000168542;ENSG00000197565;ENSG00000204262;ENSG00000150093;ENSG00000134871;ENSG00000101400;ENSG00000127990;ENSG00000162512;ENSG00000107796;ENSG00000108821;ENSG00000115884;ENSG00000142798;ENSG00000091136;ENSG00000101680;ENSG00000138101;ENSG00000130635;ENSG00000162733;ENSG00000164692;ENSG00000170624;ENSG00000188157;ENSG00000163069;ENSG00000060718;ENSG00000196569;ENSG00000172164;ENSG00000147044;ENSG00000135862;ENSG00000138448;ENSG00000188153;ENSG00000159251;ENSG00000196655;ENSG00000112769
prerank,REACTOME_PROTEIN_LIPOYLATION,-0.5559048016130057,-1.3495187411678866,0.09915921526758308,0.3804462281130426,1.0,6/10,26.70%,ENSG00000150768;ENSG00000121897;ENSG00000137992;ENSG00000175536;ENSG00000004779;ENSG00000140905
prerank,REACTOME_NEGATIVE_REGULATION_OF_FLT3,0.33783889295414127,1.1051405042345956,0.30360281195079086,0.38068488521268234,1.0,2/15,0.88%,ENSG00000150991;ENSG00000103653
prerank,REACTOME_COPI_DEPENDENT_GOLGI_TO_ER_RETROGRADE_TRAFFIC,-0.3472214451473799,-1.3457632223159142,0.04714747039827772,0.3807793001687202,1.0,32/97,11.62%,ENSG00000090889;ENSG00000104892;ENSG00000237649;ENSG00000186185;ENSG00000198033;ENSG00000112984;ENSG00000138778;ENSG00000163808;ENSG00000142945;ENSG00000137807;ENSG00000137267;ENSG00000161800;ENSG00000084731;ENSG00000134970;ENSG00000167552;ENSG00000121621;ENSG00000170348;ENSG00000104833;ENSG00000136240;ENSG00000136883;ENSG00000148248;ENSG00000101162;ENSG00000111481;ENSG00000004059;ENSG00000100196;ENSG00000138182;ENSG00000086598;ENSG00000174996;ENSG00000242247;ENSG00000168374;ENSG00000138160;ENSG00000129083
prerank,REACTOME_FORMATION_OF_AXIAL_MESODERM,0.3728945141649483,1.1043271539273876,0.29642857142857143,0.3813909504636456,1.0,3/11,5.33%,ENSG00000166949;ENSG00000125798;ENSG00000164690
prerank,REACTOME_SIGNALING_BY_FLT3_FUSION_PROTEINS,0.31196628167331264,1.1031282073761817,0.306615161757605,0.3826504026576696,1.0,2/19,1.49%,ENSG00000177885;ENSG00000174775
prerank,REACTOME_RHOJ_GTPASE_CYCLE,-0.3765779194791374,-1.344013373477398,0.06828218774770695,0.38311721306885893,1.0,28/55,36.63%,ENSG00000035499;ENSG00000077264;ENSG00000079482;ENSG00000123143;ENSG00000149357;ENSG00000183856;ENSG00000160007;ENSG00000105137;ENSG00000159259;ENSG00000146729;ENSG00000120802;ENSG00000145819;ENSG00000015285;ENSG00000139734;ENSG00000130669;ENSG00000126785;ENSG00000198752;ENSG00000105647;ENSG00000137942;ENSG00000161791;ENSG00000139117;ENSG00000070831;ENSG00000106299;ENSG00000108262;ENSG00000107863;ENSG00000124126;ENSG00000105281;ENSG00000180900
prerank,REACTOME_PROCESSING_OF_INTRONLESS_PRE_MRNAS,0.30521105372827595,1.1014383745712855,0.3101391650099404,0.38402975294011765,1.0,2/20,1.33%,ENSG00000125755;ENSG00000111605
prerank,REACTOME_HSF1_DEPENDENT_TRANSACTIVATION,0.26028041739820906,1.1016056499105253,0.27905449770190416,0.38444962747298594,1.0,5/38,2.86%,ENSG00000004478;ENSG00000109971;ENSG00000096384;ENSG00000080824;ENSG00000230989
prerank,REACTOME_GLUCAGON_TYPE_LIGAND_RECEPTORS,0.26968493357111456,1.0998254640683336,0.2928311057108141,0.38459701810413355,1.0,5/32,5.70%,ENSG00000078369;ENSG00000087460;ENSG00000215644;ENSG00000112164;ENSG00000118702
prerank,REACTOME_MAP3K8_TPL2_DEPENDENT_MAPK1_3_ACTIVATION,0.3291044789985832,1.0998579866790654,0.3118659020732245,0.38526023836624285,1.0,2/15,0.39%,ENSG00000150991;ENSG00000169032
prerank,REACTOME_GLYCOSPHINGOLIPID_METABOLISM,0.23840544787212567,1.1001713904044448,0.26685133887349954,0.3854659482782581,1.0,5/55,1.99%,ENSG00000003056;ENSG00000197746;ENSG00000196743;ENSG00000064601;ENSG00000213614
prerank,REACTOME_G_ALPHA_S_SIGNALLING_EVENTS,0.20184021398116175,1.0978959310466918,0.22075055187637968,0.3871330415732522,1.0,34/137,11.48%,ENSG00000078369;ENSG00000109606;ENSG00000087460;ENSG00000108946;ENSG00000072062;ENSG00000171509;ENSG00000114353;ENSG00000215644;ENSG00000129467;ENSG00000169676;ENSG00000004948;ENSG00000170425;ENSG00000112164;ENSG00000120088;ENSG00000118702;ENSG00000135346;ENSG00000112541;ENSG00000158748;ENSG00000113448;ENSG00000043591;ENSG00000122679;ENSG00000160013;ENSG00000078295;ENSG00000138039;ENSG00000128655;ENSG00000154165;ENSG00000170128;ENSG00000070031;ENSG00000166603;ENSG00000113231;ENSG00000178015;ENSG00000170820;ENSG00000168229;ENSG00000106113
prerank,REACTOME_PIWI_INTERACTING_RNA_PIRNA_BIOGENESIS,0.276282649896711,1.0959485406364742,0.31056625802685345,0.38752810069843574,1.0,4/29,2.28%,ENSG00000080824;ENSG00000099817;ENSG00000177700;ENSG00000181222
prerank,REACTOME_RESPONSE_OF_EIF2AK1_HRI_TO_HEME_DEFICIENCY,-0.49398619636862673,-1.3414040376204204,0.10240040858018386,0.387796255827144,1.0,10/15,39.83%,ENSG00000128965;ENSG00000162772;ENSG00000153879;ENSG00000125977;ENSG00000106070;ENSG00000169136;ENSG00000101255;ENSG00000086232;ENSG00000087074;ENSG00000172216
prerank,REACTOME_CHYLOMICRON_ASSEMBLY,0.3827507815360166,1.0961983887818008,0.3141852286049238,0.3878373842091888,1.0,3/10,5.99%,ENSG00000185624;ENSG00000110245;ENSG00000158874
prerank,REACTOME_HATS_ACETYLATE_HISTONES,0.21428309911958557,1.0965004335084483,0.2411764705882353,0.38806495584648715,1.0,7/94,2.04%,ENSG00000163872;ENSG00000189091;ENSG00000171148;ENSG00000075624;ENSG00000172534;ENSG00000183207;ENSG00000124422
prerank,REACTOME_FORMATION_OF_NEURONAL_PROGENITOR_AND_NEURONAL_BAF_NPBAF_AND_NBAF,0.2850566855580743,1.0965913605859101,0.3053475935828877,0.38863868660518225,1.0,3/25,2.35%,ENSG00000075624;ENSG00000127616;ENSG00000099956
prerank,REACTOME_DEVELOPMENTAL_LINEAGE_OF_MAMMARY_GLAND_LUMINAL_EPITHELIAL_CELLS,0.29548091322955816,1.0943019181454074,0.3220595658758203,0.38962560582205114,1.0,2/22,0.74%,ENSG00000026508;ENSG00000138798
prerank,REACTOME_SHC_MEDIATED_CASCADE_FGFR3,0.33238389551766934,1.091037745348757,0.3254208027621925,0.3943616362125927,1.0,2/15,1.49%,ENSG00000177885;ENSG00000174775
prerank,REACTOME_CHROMATIN_MODIFICATIONS_DURING_THE_MATERNAL_TO_ZYGOTIC_TRANSITION_MZT,-0.4332364797387025,-1.3367146423917902,0.09887176998665534,0.3985847338326075,1.0,13/26,27.25%,ENSG00000246705;ENSG00000076248;ENSG00000105968;ENSG00000239605;ENSG00000132510;ENSG00000147050;ENSG00000184260;ENSG00000132475;ENSG00000181038;ENSG00000188486;ENSG00000197903;ENSG00000158373;ENSG00000196890
prerank,REACTOME_CELLULAR_HEXOSE_TRANSPORT,0.2958551041086311,1.0870655682504364,0.33416833667334667,0.3996540321305774,1.0,2/20,0.75%,ENSG00000117394;ENSG00000059804
prerank,REACTOME_REGULATION_OF_MITF_M_DEPENDENT_GENES_INVOLVED_IN_PIGMENTATION,0.2508234203241365,1.0872733039937208,0.3075801749271137,0.4000494662460894,1.0,5/42,3.83%,ENSG00000197535;ENSG00000075624;ENSG00000127616;ENSG00000099956;ENSG00000137203
prerank,REACTOME_PRESYNAPTIC_DEPOLARIZATION_AND_CALCIUM_CHANNEL_OPENING,-0.5381970525197619,-1.3350279420562088,0.1070194097314544,0.4009039704455819,1.0,4/11,5.46%,ENSG00000167535;ENSG00000067191;ENSG00000148408;ENSG00000007402
prerank,REACTOME_PEROXISOMAL_LIPID_METABOLISM,-0.42533771304081464,-1.3341146172737004,0.10358180058083252,0.40092384521029334,1.0,19/28,46.43%,ENSG00000005469;ENSG00000115425;ENSG00000107537;ENSG00000101473;ENSG00000095321;ENSG00000101986;ENSG00000242612;ENSG00000107897;ENSG00000181513;ENSG00000113790;ENSG00000131373;ENSG00000072210;ENSG00000087008;ENSG00000213965;ENSG00000103150;ENSG00000140876;ENSG00000161533;ENSG00000060971;ENSG00000100372
prerank,REACTOME_FORMATION_OF_FIBRIN_CLOT_CLOTTING_CASCADE,0.2554142301155162,1.0852970126641732,0.3094289508632138,0.40121713943214365,1.0,6/37,6.29%,ENSG00000170949;ENSG00000108561;ENSG00000135919;ENSG00000101981;ENSG00000124491;ENSG00000113889
prerank,REACTOME_PYRUVATE_METABOLISM,0.2447533599084323,1.085601418179237,0.28527841342486654,0.4014924281890891,1.0,5/47,2.27%,ENSG00000131828;ENSG00000067992;ENSG00000150991;ENSG00000134333;ENSG00000213585
prerank,REACTOME_REGULATION_OF_PYRUVATE_DEHYDROGENASE_PDH_COMPLEX,0.3263821409923733,1.084498337407952,0.3272646536412078,0.40182462562523724,1.0,2/15,0.36%,ENSG00000131828;ENSG00000067992
prerank,REACTOME_NUCLEOTIDE_CATABOLISM,-0.40808199160172215,-1.331229831959785,0.09818875119161107,0.4065969921429138,1.0,15/34,22.19%,ENSG00000198018;ENSG00000125458;ENSG00000188833;ENSG00000170502;ENSG00000197217;ENSG00000112667;ENSG00000165609;ENSG00000185013;ENSG00000136159;ENSG00000198585;ENSG00000170222;ENSG00000187097;ENSG00000147647;ENSG00000197586;ENSG00000138185
prerank,REACTOME_SUMOYLATION_OF_TRANSCRIPTION_COFACTORS,0.24653295288960503,1.0810356737854032,0.31273549359457425,0.4070781595227192,1.0,5/42,4.39%,ENSG00000169375;ENSG00000184900;ENSG00000130726;ENSG00000116288;ENSG00000141570
prerank,REACTOME_SHC_MEDIATED_CASCADE_FGFR4,0.33091767331089517,1.0782715960093274,0.3428949691085613,0.4111120361625184,1.0,2/15,1.49%,ENSG00000177885;ENSG00000174775
prerank,REACTOME_COLLAGEN_BIOSYNTHESIS_AND_MODIFYING_ENZYMES,-0.3609803602431189,-1.327162868928206,0.06870824053452115,0.41322472749319716,1.0,20/67,14.51%,ENSG00000106333;ENSG00000149257;ENSG00000168542;ENSG00000197565;ENSG00000204262;ENSG00000134871;ENSG00000166794;ENSG00000108821;ENSG00000110811;ENSG00000168487;ENSG00000117385;ENSG00000049089;ENSG00000182871;ENSG00000163359;ENSG00000130635;ENSG00000142173;ENSG00000160963;ENSG00000196739;ENSG00000164692;ENSG00000142156
prerank,REACTOME_RHO_GTPASES_ACTIVATE_NADPH_OXIDASES,-0.43993592796274583,-1.3279204117143342,0.10840108401084012,0.41365797911189317,1.0,10/23,32.57%,ENSG00000185386;ENSG00000163932;ENSG00000051523;ENSG00000127445;ENSG00000102882;ENSG00000128340;ENSG00000078142;ENSG00000158517;ENSG00000112062;ENSG00000100365
prerank,REACTOME_REGULATION_OF_ENDOGENOUS_RETROELEMENTS_BY_PIWI_INTERACTING_RNAS_PIRNAS,0.23165330808977921,1.0759134246285438,0.302248126561199,0.4144862086250568,1.0,5/54,2.35%,ENSG00000111642;ENSG00000116478;ENSG00000075624;ENSG00000127616;ENSG00000099956
prerank,REACTOME_NUCLEOTIDE_BINDING_DOMAIN_LEUCINE_RICH_REPEAT_CONTAINING_RECEPTOR_NLR_SIGNALING_PATHWAYS,0.23408362095237936,1.0754417906145721,0.3092269326683292,0.41454553245636605,1.0,5/54,2.81%,ENSG00000150991;ENSG00000136810;ENSG00000096384;ENSG00000184216;ENSG00000142192
prerank,REACTOME_NEF_MEDIATED_DOWNREGULATION_OF_MHC_CLASS_I_COMPLEX_CELL_SURFACE_EXPRESSION,0.3704778036791325,1.0743920520637404,0.33307301835220615,0.41560687304641997,1.0,2/10,2.42%,ENSG00000100280;ENSG00000106367
prerank,REACTOME_MATRIGLYCAN_BIOSYNTHESIS_ON_DAG1,-0.5319660277352315,-1.3244637634634957,0.11804721888755502,0.4159750732149227,1.0,7/11,30.96%,ENSG00000165905;ENSG00000085998;ENSG00000173402;ENSG00000174684;ENSG00000133424;ENSG00000181027;ENSG00000176087
prerank,REACTOME_TP53_REGULATES_TRANSCRIPTION_OF_CELL_DEATH_GENES,-0.3851396655095397,-1.32319637548454,0.09116214335421016,0.4171405512941355,1.0,23/44,32.07%,ENSG00000115129;ENSG00000089685;ENSG00000149932;ENSG00000087088;ENSG00000173530;ENSG00000138794;ENSG00000042286;ENSG00000169372;ENSG00000015475;ENSG00000105327;ENSG00000141391;ENSG00000164938;ENSG00000170855;ENSG00000003400;ENSG00000088808;ENSG00000120868;ENSG00000141682;ENSG00000169230;ENSG00000073282;ENSG00000177595;ENSG00000112378;ENSG00000113916;ENSG00000120889
prerank,REACTOME_MEIOTIC_RECOMBINATION,-0.38350806488623684,-1.3247589669399944,0.09016393442622951,0.41773046310466805,1.0,21/46,30.02%,ENSG00000051180;ENSG00000123374;ENSG00000106399;ENSG00000197299;ENSG00000000460;ENSG00000246705;ENSG00000139618;ENSG00000105968;ENSG00000121211;ENSG00000012048;ENSG00000117748;ENSG00000101773;ENSG00000131470;ENSG00000184260;ENSG00000132475;ENSG00000188486;ENSG00000197903;ENSG00000158373;ENSG00000196890;ENSG00000104320;ENSG00000132436
prerank,REACTOME_ACTIVATED_TAK1_MEDIATES_P38_MAPK_ACTIVATION,0.2872416447167099,1.0716704088191793,0.3458922030350602,0.41972051244119135,1.0,3/22,1.89%,ENSG00000150991;ENSG00000114738;ENSG00000184216
prerank,REACTOME_SIGNALING_BY_KIT_IN_DISEASE,0.30041211069834683,1.0712089351010043,0.3624031007751938,0.4197790256196523,1.0,2/20,1.49%,ENSG00000177885;ENSG00000174775
prerank,REACTOME_PLATELET_AGGREGATION_PLUG_FORMATION,0.2564738909374725,1.0707215384844018,0.32882882882882886,0.4198200359120894,1.0,3/35,1.13%,ENSG00000137076;ENSG00000103653;ENSG00000177885
prerank,REACTOME_MEIOTIC_SYNAPSIS,-0.3795475370120762,-1.3211573123686131,0.09616049809754411,0.4206257071721816,1.0,34/47,48.45%,ENSG00000141756;ENSG00000100242;ENSG00000246705;ENSG00000105968;ENSG00000100918;ENSG00000012048;ENSG00000113368;ENSG00000102977;ENSG00000139351;ENSG00000092330;ENSG00000126803;ENSG00000184260;ENSG00000147601;ENSG00000054654;ENSG00000188486;ENSG00000066923;ENSG00000197903;ENSG00000158373;ENSG00000196890;ENSG00000072501;ENSG00000164754;ENSG00000196074;ENSG00000101972;ENSG00000184678;ENSG00000108055;ENSG00000077935;ENSG00000128513;ENSG00000124635;ENSG00000146047;ENSG00000101191;ENSG00000180596;ENSG00000161860;ENSG00000118007;ENSG00000131018
prerank,REACTOME_TRP_CHANNELS,-0.430760701654042,-1.3195954711064013,0.11690537397478272,0.42263203073705,1.0,9/25,19.54%,ENSG00000134160;ENSG00000196689;ENSG00000130529;ENSG00000090674;ENSG00000083067;ENSG00000187688;ENSG00000119121;ENSG00000104321;ENSG00000144935
prerank,REACTOME_CYTOCHROME_C_MEDIATED_APOPTOTIC_RESPONSE,-0.5056232185212342,-1.317842045061297,0.12197686645636173,0.42268014927497194,1.0,6/13,23.62%,ENSG00000164305;ENSG00000102882;ENSG00000132906;ENSG00000120868;ENSG00000137831;ENSG00000184047
prerank,REACTOME_AMYLOID_FIBER_FORMATION,-0.3571892093309403,-1.31832738499945,0.07583833000222075,0.4238107196352153,1.0,32/67,29.85%,ENSG00000121351;ENSG00000196470;ENSG00000140564;ENSG00000186318;ENSG00000101439;ENSG00000221983;ENSG00000158457;ENSG00000170315;ENSG00000205155;ENSG00000142798;ENSG00000130203;ENSG00000136156;ENSG00000138613;ENSG00000171560;ENSG00000166710;ENSG00000162736;ENSG00000148180;ENSG00000143947;ENSG00000164032;ENSG00000108219;ENSG00000110244;ENSG00000184260;ENSG00000120708;ENSG00000185345;ENSG00000132475;ENSG00000188486;ENSG00000012223;ENSG00000197903;ENSG00000158373;ENSG00000196890;ENSG00000175206;ENSG00000118271
prerank,REACTOME_IRE1ALPHA_ACTIVATES_CHAPERONES,-0.37605585516903706,-1.3165736314296514,0.09344187113047467,0.423889763398312,1.0,28/48,23.34%,ENSG00000012232;ENSG00000166340;ENSG00000065485;ENSG00000128590;ENSG00000124783;ENSG00000068971;ENSG00000100196;ENSG00000044090;ENSG00000106080;ENSG00000138073;ENSG00000109501;ENSG00000242247;ENSG00000124702;ENSG00000134109;ENSG00000102580;ENSG00000120742;ENSG00000070540;ENSG00000158008;ENSG00000144867;ENSG00000074842;ENSG00000162298;ENSG00000149428;ENSG00000182934;ENSG00000174851;ENSG00000090520;ENSG00000044574;ENSG00000138674;ENSG00000162694
prerank,REACTOME_UNFOLDED_PROTEIN_RESPONSE_UPR,-0.34191721382437623,-1.3147804584395426,0.060412147505422994,0.42649353740759294,1.0,43/90,24.21%,ENSG00000012232;ENSG00000157613;ENSG00000166340;ENSG00000065485;ENSG00000128590;ENSG00000124783;ENSG00000143578;ENSG00000172071;ENSG00000068971;ENSG00000100196;ENSG00000213676;ENSG00000044090;ENSG00000162772;ENSG00000106080;ENSG00000138073;ENSG00000109501;ENSG00000242247;ENSG00000124702;ENSG00000134109;ENSG00000102580;ENSG00000120742;ENSG00000108691;ENSG00000140694;ENSG00000070540;ENSG00000153879;ENSG00000158008;ENSG00000051108;ENSG00000144867;ENSG00000074842;ENSG00000182158;ENSG00000162298;ENSG00000149428;ENSG00000182934;ENSG00000120699;ENSG00000174851;ENSG00000140943;ENSG00000077348;ENSG00000090520;ENSG00000044574;ENSG00000107371;ENSG00000138674;ENSG00000162694;ENSG00000125977
prerank,REACTOME_DEFECTS_OF_CONTACT_ACTIVATION_SYSTEM_CAS_AND_KALLIKREIN_KININ_SYSTEM_KKS,-0.49319872239798385,-1.3130385591134472,0.12610504420176807,0.42662864862981664,1.0,5/14,6.95%,ENSG00000169902;ENSG00000185245;ENSG00000115486;ENSG00000149131;ENSG00000185010
prerank,REACTOME_RUNX2_REGULATES_BONE_DEVELOPMENT,-0.4174097829474799,-1.3119035575901867,0.1126896219600289,0.4274710942300375,1.0,19/28,35.10%,ENSG00000197122;ENSG00000018408;ENSG00000108821;ENSG00000242252;ENSG00000068024;ENSG00000102882;ENSG00000094631;ENSG00000137693;ENSG00000074047;ENSG00000198795;ENSG00000106571;ENSG00000178573;ENSG00000135547;ENSG00000170365;ENSG00000176105;ENSG00000164683;ENSG00000137834;ENSG00000141646;ENSG00000114315
prerank,REACTOME_PECAM1_INTERACTIONS,-0.5284965872318627,-1.313482361996338,0.12138574283810792,0.42784154136114116,1.0,6/11,27.90%,ENSG00000197122;ENSG00000168918;ENSG00000010810;ENSG00000138448;ENSG00000179295;ENSG00000176105
prerank,REACTOME_REGULATION_OF_CDH1_POSTTRANSLATIONAL_PROCESSING_AND_TRAFFICKING_TO_PLASMA_MEMBRANE,-0.4106512371311788,-1.3108988944979263,0.11341199133156754,0.42796496018271984,1.0,13/30,12.63%,ENSG00000140564;ENSG00000228474;ENSG00000118363;ENSG00000134910;ENSG00000134825;ENSG00000166562;ENSG00000114902;ENSG00000130714;ENSG00000198856;ENSG00000186111;ENSG00000129562;ENSG00000129128;ENSG00000160613
prerank,REACTOME_RESPIRATORY_ELECTRON_TRANSPORT,-0.320843177928819,-1.3074331686276135,0.03787485732074297,0.4306270932476229,1.0,65/156,23.67%,ENSG00000112695;ENSG00000204922;ENSG00000137038;ENSG00000131174;ENSG00000131143;ENSG00000178057;ENSG00000183978;ENSG00000065518;ENSG00000099795;ENSG00000090266;ENSG00000187118;ENSG00000168273;ENSG00000127184;ENSG00000165264;ENSG00000168569;ENSG00000127540;ENSG00000140990;ENSG00000138495;ENSG00000111775;ENSG00000131495;ENSG00000176340;ENSG00000136521;ENSG00000117118;ENSG00000183513;ENSG00000164405;ENSG00000267855;ENSG00000125356;ENSG00000184076;ENSG00000204370;ENSG00000178449;ENSG00000147123;ENSG00000170906;ENSG00000148290;ENSG00000135940;ENSG00000110717;ENSG00000213619;ENSG00000167792;ENSG00000169021;ENSG00000145494;ENSG00000163626;ENSG00000184983;ENSG00000151366;ENSG00000137288;ENSG00000014919;ENSG00000131055;ENSG00000183648;ENSG00000184857;ENSG00000165060;ENSG00000101084;ENSG00000232838;ENSG00000119421;ENSG00000113845;ENSG00000181061;ENSG00000004779;ENSG00000128609;ENSG00000119013;ENSG00000105379;ENSG00000147684;ENSG00000189043;ENSG00000161281;ENSG00000146701;ENSG00000224877;ENSG00000140740;ENSG00000110074;ENSG00000174886
prerank,REACTOME_SYNTHESIS_OF_PIPS_AT_THE_EARLY_ENDOSOME_MEMBRANE,-0.47520881700121664,-1.3079847164316039,0.13026129488994723,0.4314790612268762,1.0,14/16,49.26%,ENSG00000011405;ENSG00000078142;ENSG00000108389;ENSG00000087053;ENSG00000038210;ENSG00000115020;ENSG00000198825;ENSG00000040933;ENSG00000155252;ENSG00000103043;ENSG00000112367;ENSG00000166912;ENSG00000196455;ENSG00000150712
prerank,REACTOME_RAC3_GTPASE_CYCLE,-0.33923103581315694,-1.308243025101318,0.06677471636952999,0.4332385985007301,1.0,33/92,22.36%,ENSG00000147799;ENSG00000035499;ENSG00000079482;ENSG00000008517;ENSG00000161800;ENSG00000142627;ENSG00000123143;ENSG00000150093;ENSG00000149357;ENSG00000076706;ENSG00000120318;ENSG00000160007;ENSG00000106636;ENSG00000105137;ENSG00000169750;ENSG00000006453;ENSG00000159259;ENSG00000164040;ENSG00000051523;ENSG00000156299;ENSG00000120802;ENSG00000145819;ENSG00000073712;ENSG00000121871;ENSG00000139734;ENSG00000118804;ENSG00000101977;ENSG00000130669;ENSG00000061676;ENSG00000196220;ENSG00000105647;ENSG00000046604;ENSG00000165895
prerank,REACTOME_DNA_DOUBLE_STRAND_BREAK_REPAIR,-0.3227974071104345,-1.305552825709873,0.04308012486992716,0.43368522145204674,1.0,71/143,33.55%,ENSG00000051341;ENSG00000035499;ENSG00000163322;ENSG00000051180;ENSG00000145386;ENSG00000123374;ENSG00000166313;ENSG00000106399;ENSG00000111247;ENSG00000197299;ENSG00000149554;ENSG00000111602;ENSG00000000460;ENSG00000100479;ENSG00000171792;ENSG00000166169;ENSG00000174371;ENSG00000221983;ENSG00000132646;ENSG00000154920;ENSG00000170315;ENSG00000104313;ENSG00000175482;ENSG00000196584;ENSG00000139618;ENSG00000111445;ENSG00000163918;ENSG00000062822;ENSG00000049541;ENSG00000143799;ENSG00000115350;ENSG00000002016;ENSG00000012048;ENSG00000152422;ENSG00000117748;ENSG00000067369;ENSG00000143947;ENSG00000175643;ENSG00000183765;ENSG00000188612;ENSG00000188827;ENSG00000101773;ENSG00000132207;ENSG00000092853;ENSG00000116030;ENSG00000129484;ENSG00000133119;ENSG00000165392;ENSG00000005156;ENSG00000169139;ENSG00000111802;ENSG00000064655;ENSG00000126215;ENSG00000164808;ENSG00000188486;ENSG00000197903;ENSG00000158373;ENSG00000149923;ENSG00000178295;ENSG00000196890;ENSG00000075131;ENSG00000104320;ENSG00000132436;ENSG00000138346;ENSG00000066135;ENSG00000173638;ENSG00000137337;ENSG00000152942;ENSG00000112319;ENSG00000172732;ENSG00000184678
prerank,REACTOME_DEFECTIVE_C1GALT1C1_CAUSES_TNPS,-0.46876172735111943,-1.3046993412017414,0.12853306049366928,0.43374039741948256,1.0,7/17,32.38%,ENSG00000181143;ENSG00000106392;ENSG00000185499;ENSG00000215182;ENSG00000173702;ENSG00000171155;ENSG00000169894
prerank,REACTOME_SEPARATION_OF_SISTER_CHROMATIDS,-0.31671610503789827,-1.3029883591256037,0.04066961076306871,0.4338964090642499,1.0,54/175,9.73%,ENSG00000166851;ENSG00000175063;ENSG00000143228;ENSG00000115163;ENSG00000178999;ENSG00000089685;ENSG00000135476;ENSG00000198033;ENSG00000156970;ENSG00000134690;ENSG00000152253;ENSG00000138778;ENSG00000142945;ENSG00000080986;ENSG00000117399;ENSG00000153044;ENSG00000146670;ENSG00000137267;ENSG00000167552;ENSG00000102384;ENSG00000137812;ENSG00000121621;ENSG00000117724;ENSG00000174442;ENSG00000161888;ENSG00000104833;ENSG00000129810;ENSG00000072864;ENSG00000221983;ENSG00000120334;ENSG00000166451;ENSG00000175216;ENSG00000184445;ENSG00000101162;ENSG00000157020;ENSG00000149636;ENSG00000164109;ENSG00000123219;ENSG00000170315;ENSG00000068971;ENSG00000154839;ENSG00000186871;ENSG00000151725;ENSG00000075188;ENSG00000094880;ENSG00000175279;ENSG00000169679;ENSG00000141552;ENSG00000040275;ENSG00000163535;ENSG00000104695;ENSG00000166295;ENSG00000170142;ENSG00000108106
prerank,REACTOME_REGULATION_OF_MITF_M_DEPENDENT_GENES_INVOLVED_IN_CELL_CYCLE_AND_PROLIFERATION,-0.45887495569516934,-1.303804476473646,0.12732330256669616,0.4339542434167794,1.0,6/18,4.31%,ENSG00000166851;ENSG00000134057;ENSG00000123374;ENSG00000101224;ENSG00000081059;ENSG00000152284
prerank,REACTOME_SPHINGOLIPID_CATABOLISM,0.34688747007182774,1.0618971629402174,0.34456613310867734,0.43473239698115207,1.0,12/12,65.33%,ENSG00000163082;ENSG00000177076;ENSG00000141934;ENSG00000006534;ENSG00000167769;ENSG00000162407;ENSG00000126821;ENSG00000078124;ENSG00000166224;ENSG00000067113;ENSG00000132746;ENSG00000072210
prerank,REACTOME_DEFECTIVE_PYROPTOSIS,-0.409375392671389,-1.3016488323309625,0.1212484993997599,0.435385251834673,1.0,23/30,50.65%,ENSG00000198056;ENSG00000246705;ENSG00000105968;ENSG00000014138;ENSG00000184260;ENSG00000132475;ENSG00000088305;ENSG00000101868;ENSG00000178691;ENSG00000188486;ENSG00000197903;ENSG00000158373;ENSG00000196890;ENSG00000102054;ENSG00000184678;ENSG00000162521;ENSG00000163041;ENSG00000124635;ENSG00000146047;ENSG00000180596;ENSG00000130816;ENSG00000106462;ENSG00000105928
prerank,REACTOME_TP53_REGULATES_TRANSCRIPTION_OF_GENES_INVOLVED_IN_G2_CELL_CYCLE_ARREST,-0.4612845706272081,-1.300759786363027,0.1313245448838669,0.4355666455681289,1.0,7/18,7.83%,ENSG00000134057;ENSG00000170312;ENSG00000087088;ENSG00000087586;ENSG00000158402;ENSG00000132646;ENSG00000198176
prerank,REACTOME_SIGNALING_BY_FGFR1_IN_DISEASE,0.25576289875429503,1.0591373129942327,0.36380597014925375,0.43893012096914336,1.0,3/35,1.49%,ENSG00000177885;ENSG00000111605;ENSG00000174775
prerank,REACTOME_CELL_CYCLE_MITOTIC,-0.29621906422692773,-1.293793686478212,0.004104104104104104,0.43928920859274223,1.0,157/502,15.15%,ENSG00000166851;ENSG00000175063;ENSG00000143228;ENSG00000088325;ENSG00000171320;ENSG00000115163;ENSG00000178999;ENSG00000101003;ENSG00000075218;ENSG00000121152;ENSG00000147536;ENSG00000134057;ENSG00000089685;ENSG00000135476;ENSG00000198033;ENSG00000156970;ENSG00000112984;ENSG00000101004;ENSG00000134690;ENSG00000152253;ENSG00000171848;ENSG00000072571;ENSG00000140534;ENSG00000189308;ENSG00000138778;ENSG00000142945;ENSG00000101057;ENSG00000145386;ENSG00000131153;ENSG00000080986;ENSG00000117399;ENSG00000153044;ENSG00000146670;ENSG00000170312;ENSG00000164045;ENSG00000137807;ENSG00000117650;ENSG00000094804;ENSG00000065328;ENSG00000137267;ENSG00000123374;ENSG00000142731;ENSG00000123485;ENSG00000166483;ENSG00000197122;ENSG00000106399;ENSG00000175305;ENSG00000167552;ENSG00000102384;ENSG00000198056;ENSG00000137812;ENSG00000181938;ENSG00000087586;ENSG00000121621;ENSG00000117724;ENSG00000174442;ENSG00000161888;ENSG00000000460;ENSG00000100479;ENSG00000246705;ENSG00000131747;ENSG00000103995;ENSG00000101224;ENSG00000104833;ENSG00000129810;ENSG00000072864;ENSG00000126756;ENSG00000176890;ENSG00000158402;ENSG00000221983;ENSG00000204086;ENSG00000120334;ENSG00000166451;ENSG00000175216;ENSG00000184445;ENSG00000101162;ENSG00000136861;ENSG00000183814;ENSG00000006634;ENSG00000157020;ENSG00000149636;ENSG00000164109;ENSG00000109805;ENSG00000136122;ENSG00000132646;ENSG00000137100;ENSG00000072803;ENSG00000127564;ENSG00000167513;ENSG00000157456;ENSG00000114745;ENSG00000123219;ENSG00000170315;ENSG00000169016;ENSG00000176101;ENSG00000125885;ENSG00000068971;ENSG00000154839;ENSG00000186871;ENSG00000175482;ENSG00000151725;ENSG00000091651;ENSG00000198176;ENSG00000075188;ENSG00000111276;ENSG00000173207;ENSG00000094880;ENSG00000037042;ENSG00000175279;ENSG00000169679;ENSG00000141552;ENSG00000111445;ENSG00000093009;ENSG00000163918;ENSG00000040275;ENSG00000079335;ENSG00000163535;ENSG00000112029;ENSG00000062822;ENSG00000104695;ENSG00000101624;ENSG00000129355;ENSG00000166295;ENSG00000170142;ENSG00000152240;ENSG00000108106;ENSG00000101412;ENSG00000049541;ENSG00000151503;ENSG00000105968;ENSG00000115350;ENSG00000177954;ENSG00000147400;ENSG00000117020;ENSG00000135336;ENSG00000047410;ENSG00000088986;ENSG00000014138;ENSG00000151849;ENSG00000058804;ENSG00000154473;ENSG00000155034;ENSG00000068903;ENSG00000004897;ENSG00000113368;ENSG00000112312;ENSG00000117748;ENSG00000133740;ENSG00000102882;ENSG00000120802;ENSG00000167393;ENSG00000164162;ENSG00000152082;ENSG00000072401;ENSG00000113575;ENSG00000143947;ENSG00000117697
prerank,REACTOME_DNA_DAMAGE_BYPASS,-0.3717940624257911,-1.2944786415318106,0.10681505277650298,0.43966454629854845,1.0,23/48,20.44%,ENSG00000051341;ENSG00000143476;ENSG00000106399;ENSG00000166803;ENSG00000100479;ENSG00000221983;ENSG00000132646;ENSG00000170315;ENSG00000175482;ENSG00000116670;ENSG00000111445;ENSG00000163918;ENSG00000062822;ENSG00000049541;ENSG00000115350;ENSG00000117748;ENSG00000143947;ENSG00000070950;ENSG00000119048;ENSG00000162607;ENSG00000182179;ENSG00000100387;ENSG00000133119
prerank,REACTOME_SYNTHESIS_OF_PIPS_AT_THE_LATE_ENDOSOME_MEMBRANE,-0.5213960377375795,-1.2950005221669532,0.14032515991471214,0.4405190481054503,1.0,10/11,44.81%,ENSG00000003987;ENSG00000011405;ENSG00000078142;ENSG00000108389;ENSG00000087053;ENSG00000104643;ENSG00000115020;ENSG00000103043;ENSG00000112367;ENSG00000196455
prerank,REACTOME_RETINOID_CYCLE_DISEASE_EVENTS,-0.5331025479597129,-1.291446060880555,0.13666263928044034,0.4415353381763393,1.0,4/10,7.75%,ENSG00000137868;ENSG00000140522;ENSG00000114115;ENSG00000128617
prerank,REACTOME_TIGHT_JUNCTION_INTERACTIONS,-0.41113683591225925,-1.2970207196163601,0.12941319698076456,0.4417594568486571,1.0,9/28,30.77%,ENSG00000164007;ENSG00000157224;ENSG00000178184;ENSG00000165215;ENSG00000158769;ENSG00000132849;ENSG00000102981;ENSG00000171217;ENSG00000184113
prerank,REACTOME_DISEASES_ASSOCIATED_WITH_O_GLYCOSYLATION_OF_PROTEINS,-0.351310266523211,-1.290430001811857,0.0977861831126933,0.442232263007113,1.0,26/66,36.95%,ENSG00000074181;ENSG00000085998;ENSG00000173402;ENSG00000145808;ENSG00000082684;ENSG00000185761;ENSG00000136378;ENSG00000181143;ENSG00000143382;ENSG00000160323;ENSG00000154734;ENSG00000130714;ENSG00000106392;ENSG00000049192;ENSG00000185499;ENSG00000215182;ENSG00000174684;ENSG00000133424;ENSG00000173702;ENSG00000171155;ENSG00000087116;ENSG00000148400;ENSG00000169894;ENSG00000158859;ENSG00000106003;ENSG00000164764
prerank,REACTOME_RRNA_PROCESSING,-0.3105701896172522,-1.2975833985141554,0.03663153586411542,0.442529957334604,1.0,138/201,49.59%,ENSG00000105640;ENSG00000197223;ENSG00000156990;ENSG00000198755;ENSG00000149806;ENSG00000221983;ENSG00000007520;ENSG00000115268;ENSG00000136942;ENSG00000105372;ENSG00000177600;ENSG00000089157;ENSG00000182768;ENSG00000130255;ENSG00000162244;ENSG00000182899;ENSG00000109475;ENSG00000142541;ENSG00000137818;ENSG00000172809;ENSG00000142676;ENSG00000131469;ENSG00000110700;ENSG00000167526;ENSG00000142534;ENSG00000177954;ENSG00000144713;ENSG00000163923;ENSG00000116251;ENSG00000063177;ENSG00000100316;ENSG00000185088;ENSG00000086189;ENSG00000156482;ENSG00000140988;ENSG00000171858;ENSG00000071082;ENSG00000117481;ENSG00000108298;ENSG00000143947;ENSG00000148303;ENSG00000125691;ENSG00000265681;ENSG00000165496;ENSG00000197728;ENSG00000118181;ENSG00000124614;ENSG00000161016;ENSG00000037241;ENSG00000120699;ENSG00000173113;ENSG00000145592;ENSG00000072506;ENSG00000135698;ENSG00000149273;ENSG00000077348;ENSG00000188846;ENSG00000108107;ENSG00000065268;ENSG00000107371;ENSG00000145912;ENSG00000119285;ENSG00000105202;ENSG00000124787;ENSG00000161970;ENSG00000183520;ENSG00000105193;ENSG00000171824;ENSG00000163584;ENSG00000197756;ENSG00000171311;ENSG00000241370;ENSG00000229117;ENSG00000198242;ENSG00000011260;ENSG00000145425;ENSG00000164934;ENSG00000138326;ENSG00000114767;ENSG00000029639;ENSG00000134419;ENSG00000170889;ENSG00000119616;ENSG00000178896;ENSG00000124383;ENSG00000083845;ENSG00000156469;ENSG00000140986;ENSG00000135372;ENSG00000126749;ENSG00000197958;ENSG00000171863;ENSG00000100138;ENSG00000089009;ENSG00000137154;ENSG00000065183;ENSG00000162408;ENSG00000148688;ENSG00000075914;ENSG00000083520;ENSG00000189306;ENSG00000135521;ENSG00000071462;ENSG00000120158;ENSG00000213923;ENSG00000058729;ENSG00000198034;ENSG00000178718;ENSG00000142937;ENSG00000130935;ENSG00000123737;ENSG00000122085;ENSG00000164587;ENSG00000117395;ENSG00000124784;ENSG00000198918;ENSG00000104626;ENSG00000134987;ENSG00000120800;ENSG00000213741;ENSG00000100890;ENSG00000138600;ENSG00000118246;ENSG00000164338;ENSG00000112578;ENSG00000112306;ENSG00000066654;ENSG00000055044;ENSG00000241945;ENSG00000227057;ENSG00000108651;ENSG00000136891;ENSG00000184967;ENSG00000111615;ENSG00000124541;ENSG00000008988;ENSG00000132467;ENSG00000039123
prerank,REACTOME_PERK_REGULATES_GENE_EXPRESSION,-0.3990902307689579,-1.2950822249415719,0.1227630637079456,0.44267199730607676,1.0,22/32,47.81%,ENSG00000172071;ENSG00000162772;ENSG00000108691;ENSG00000140694;ENSG00000153879;ENSG00000051108;ENSG00000120699;ENSG00000077348;ENSG00000044574;ENSG00000107371;ENSG00000125977;ENSG00000171311;ENSG00000178896;ENSG00000075914;ENSG00000083520;ENSG00000172216;ENSG00000066136;ENSG00000001167;ENSG00000123737;ENSG00000118217;ENSG00000120837;ENSG00000169429
prerank,REACTOME_RUNX2_REGULATES_OSTEOBLAST_DIFFERENTIATION,-0.4409005151192289,-1.2958226138133302,0.13217606943583385,0.44292560606090753,1.0,13/21,28.36%,ENSG00000197122;ENSG00000018408;ENSG00000108821;ENSG00000242252;ENSG00000102882;ENSG00000094631;ENSG00000137693;ENSG00000198795;ENSG00000106571;ENSG00000178573;ENSG00000135547;ENSG00000176105;ENSG00000164683
prerank,REACTOME_AKT_PHOSPHORYLATES_TARGETS_IN_THE_NUCLEUS,-0.5306714265787141,-1.29165622306955,0.14116698037106748,0.4432602378239886,1.0,7/10,38.36%,ENSG00000175634;ENSG00000117020;ENSG00000142208;ENSG00000150907;ENSG00000184481;ENSG00000105221;ENSG00000118260
prerank,REACTOME_INTERLEUKIN_3_INTERLEUKIN_5_AND_GM_CSF_SIGNALING,0.23884776407010835,1.0559389312529173,0.3469387755102041,0.44404659828076115,1.0,4/44,2.57%,ENSG00000150991;ENSG00000177885;ENSG00000165458;ENSG00000072062
prerank,REACTOME_SYNTHESIS_OF_PIPS_AT_THE_GOLGI_MEMBRANE,0.3088332745488409,1.0523023543515524,0.36973180076628354,0.4499207255097898,1.0,2/17,2.50%,ENSG00000134287;ENSG00000143761
prerank,REACTOME_TRAF6_MEDIATED_IRF7_ACTIVATION_IN_TLR7_8_OR_9_SIGNALING,0.3340372726729255,1.0486079468986786,0.36830553116769094,0.45598952179971314,1.0,2/13,1.89%,ENSG00000150991;ENSG00000184216
prerank,REACTOME_ACYL_CHAIN_REMODELLING_OF_PG,-0.4611729947696259,-1.2837311097027566,0.1442356526155409,0.4574001291042547,1.0,15/17,48.84%,ENSG00000170890;ENSG00000153395;ENSG00000069764;ENSG00000117215;ENSG00000088766;ENSG00000123739;ENSG00000100078;ENSG00000116711;ENSG00000158786;ENSG00000123684;ENSG00000159337;ENSG00000176454;ENSG00000243708;ENSG00000168907;ENSG00000153246
prerank,REACTOME_NRIF_SIGNALS_CELL_DEATH_FROM_THE_NUCLEUS,-0.46772925516094754,-1.2826828006652673,0.146757241732889,0.45820886043270553,1.0,8/16,14.99%,ENSG00000221983;ENSG00000170315;ENSG00000205155;ENSG00000138613;ENSG00000161011;ENSG00000162736;ENSG00000064300;ENSG00000143947
prerank,REACTOME_ESTABLISHMENT_OF_SISTER_CHROMATID_COHESION,-0.5181902902405502,-1.2841893033607847,0.1470820189274448,0.4584586346717791,1.0,9/11,39.63%,ENSG00000171320;ENSG00000146670;ENSG00000072501;ENSG00000164754;ENSG00000101972;ENSG00000141446;ENSG00000108055;ENSG00000121892;ENSG00000083642
prerank,REACTOME_INTERLEUKIN_35_SIGNALLING,0.34233933515765225,1.0461672888687252,0.37174095878889823,0.4597470363411583,1.0,2/12,5.68%,ENSG00000127022;ENSG00000162434
prerank,REACTOME_PKA_MEDIATED_PHOSPHORYLATION_OF_CREB,0.2921852440218584,1.045424678574329,0.3760310528869481,0.46034400246275875,1.0,3/19,3.81%,ENSG00000108946;ENSG00000072062;ENSG00000129467
prerank,REACTOME_ACTIVATION_OF_SMO,0.2982893282514653,1.0411121616802428,0.3949169110459433,0.4676906128378749,1.0,3/18,5.33%,ENSG00000088826;ENSG00000163501;ENSG00000164690
prerank,REACTOME_DEVELOPMENTAL_CELL_LINEAGES,0.18949041684074838,1.0405441875092607,0.3503480278422274,0.4679321651916618,1.0,21/144,7.90%,ENSG00000026508;ENSG00000026025;ENSG00000138798;ENSG00000182718;ENSG00000072274;ENSG00000125798;ENSG00000152804;ENSG00000139515;ENSG00000168267;ENSG00000137203;ENSG00000164736;ENSG00000133392;ENSG00000115386;ENSG00000179751;ENSG00000164690;ENSG00000169856;ENSG00000243480;ENSG00000107485;ENSG00000075388;ENSG00000087510;ENSG00000141448
prerank,REACTOME_RHOG_GTPASE_CYCLE,-0.34149677469067935,-1.2760766722684744,0.1013215859030837,0.46864905749194913,1.0,27/73,22.91%,ENSG00000242173;ENSG00000147799;ENSG00000035499;ENSG00000079482;ENSG00000050327;ENSG00000142627;ENSG00000150093;ENSG00000149357;ENSG00000076706;ENSG00000160007;ENSG00000106636;ENSG00000242247;ENSG00000159259;ENSG00000213619;ENSG00000164040;ENSG00000120802;ENSG00000162236;ENSG00000139734;ENSG00000118804;ENSG00000101977;ENSG00000128609;ENSG00000130669;ENSG00000128512;ENSG00000173327;ENSG00000114790;ENSG00000046604;ENSG00000177105
prerank,REACTOME_TRANSCRIPTIONAL_REGULATION_OF_PLURIPOTENT_STEM_CELLS,-0.4042343019505156,-1.2783706263993135,0.14217156568686262,0.46886547993531413,1.0,9/28,11.57%,ENSG00000129682;ENSG00000101115;ENSG00000124440;ENSG00000148200;ENSG00000107984;ENSG00000156925;ENSG00000103449;ENSG00000185630;ENSG00000165556
prerank,REACTOME_RAC1_GTPASE_CYCLE,-0.3091397993645829,-1.2772315748301575,0.052550072269254594,0.46986769528875005,1.0,64/177,27.09%,ENSG00000196155;ENSG00000008323;ENSG00000240771;ENSG00000137135;ENSG00000147799;ENSG00000035499;ENSG00000122966;ENSG00000077264;ENSG00000079482;ENSG00000050327;ENSG00000161800;ENSG00000142627;ENSG00000129675;ENSG00000129219;ENSG00000137962;ENSG00000123143;ENSG00000150093;ENSG00000149357;ENSG00000183856;ENSG00000076706;ENSG00000130158;ENSG00000004777;ENSG00000146426;ENSG00000055163;ENSG00000159314;ENSG00000120318;ENSG00000160007;ENSG00000097096;ENSG00000090924;ENSG00000106636;ENSG00000006453;ENSG00000159259;ENSG00000088986;ENSG00000051523;ENSG00000164691;ENSG00000156299;ENSG00000120802;ENSG00000147251;ENSG00000196935;ENSG00000145819;ENSG00000073712;ENSG00000015285;ENSG00000089639;ENSG00000142632;ENSG00000139734;ENSG00000101977;ENSG00000132970;ENSG00000130669;ENSG00000006607;ENSG00000128512;ENSG00000061676;ENSG00000196220;ENSG00000105647;ENSG00000122574;ENSG00000165895;ENSG00000186635;ENSG00000006740;ENSG00000102981;ENSG00000158517;ENSG00000198844;ENSG00000138639;ENSG00000132694;ENSG00000152767;ENSG00000137843
prerank,REACTOME_SYNTHESIS_OF_PA,-0.3842822121497744,-1.2764639484902853,0.1354520933505336,0.4698711721074868,1.0,24/37,39.87%,ENSG00000163295;ENSG00000119927;ENSG00000129219;ENSG00000148343;ENSG00000170890;ENSG00000153395;ENSG00000069764;ENSG00000116906;ENSG00000117215;ENSG00000204310;ENSG00000123739;ENSG00000116711;ENSG00000167588;ENSG00000085788;ENSG00000026652;ENSG00000180488;ENSG00000169692;ENSG00000158786;ENSG00000152642;ENSG00000163898;ENSG00000162836;ENSG00000186281;ENSG00000159337;ENSG00000172954
prerank,REACTOME_CLASS_I_PEROXISOMAL_MEMBRANE_PROTEIN_IMPORT,-0.4381887872954372,-1.2742876143197093,0.15418391669803036,0.47168029292432756,1.0,14/20,41.21%,ENSG00000162735;ENSG00000101417;ENSG00000101986;ENSG00000107897;ENSG00000131779;ENSG00000121680;ENSG00000162928;ENSG00000176894;ENSG00000034693;ENSG00000214253;ENSG00000138138;ENSG00000072210;ENSG00000164751;ENSG00000108733
prerank,REACTOME_POST_TRANSLATIONAL_MODIFICATION_SYNTHESIS_OF_GPI_ANCHORED_PROTEINS,-0.3339656355392002,-1.2734328632380774,0.09397221310578711,0.4718972977517823,1.0,24/82,21.98%,ENSG00000163295;ENSG00000179085;ENSG00000011422;ENSG00000087111;ENSG00000165282;ENSG00000122707;ENSG00000169442;ENSG00000197858;ENSG00000197121;ENSG00000172260;ENSG00000143315;ENSG00000197353;ENSG00000204421;ENSG00000186907;ENSG00000150551;ENSG00000136908;ENSG00000165195;ENSG00000163964;ENSG00000060642;ENSG00000151665;ENSG00000124466;ENSG00000112303;ENSG00000007541;ENSG00000183715
prerank,REACTOME_NOREPINEPHRINE_NEUROTRANSMITTER_RELEASE_CYCLE,0.2970647348143278,1.0377772926787787,0.40151157298063295,0.4723324595618361,1.0,3/18,5.80%,ENSG00000143847;ENSG00000106089;ENSG00000165646
prerank,REACTOME_TELOMERE_MAINTENANCE,-0.335232135621743,-1.2723317964258543,0.09136557144416549,0.472912930325382,1.0,39/82,27.25%,ENSG00000140451;ENSG00000145386;ENSG00000123374;ENSG00000106399;ENSG00000197299;ENSG00000198056;ENSG00000246705;ENSG00000132646;ENSG00000175482;ENSG00000147669;ENSG00000111445;ENSG00000163918;ENSG00000062822;ENSG00000168002;ENSG00000049541;ENSG00000105968;ENSG00000014138;ENSG00000117748;ENSG00000102977;ENSG00000092330;ENSG00000005075;ENSG00000178971;ENSG00000184260;ENSG00000147601;ENSG00000175792;ENSG00000107960;ENSG00000133119;ENSG00000100142;ENSG00000165392;ENSG00000132475;ENSG00000145912;ENSG00000168802;ENSG00000144749;ENSG00000101868;ENSG00000188486;ENSG00000197903;ENSG00000158373;ENSG00000196890;ENSG00000163882
prerank,REACTOME_B_WICH_COMPLEX_POSITIVELY_REGULATES_RRNA_EXPRESSION,0.2313252484655685,1.0366531909776453,0.390612569610183,0.4736622505524765,1.0,4/48,2.15%,ENSG00000157483;ENSG00000075624;ENSG00000099817;ENSG00000177700
prerank,REACTOME_METALLOPROTEASE_DUBS,0.27050924231619106,1.0356307547365389,0.3860793909733551,0.47475201824252583,1.0,3/25,1.62%,ENSG00000158019;ENSG00000150991;ENSG00000115233
prerank,REACTOME_NOTCH4_INTRACELLULAR_DOMAIN_REGULATES_TRANSCRIPTION,0.28655429439950186,1.0351264085349492,0.3906093906093906,0.47486881208116444,1.0,2/20,0.33%,ENSG00000166949;ENSG00000168214
prerank,REACTOME_REGULATION_OF_INNATE_IMMUNE_RESPONSES_TO_CYTOSOLIC_DNA,0.3112823300363215,1.03414566484865,0.38961625282167045,0.47501969762890983,1.0,2/15,0.98%,ENSG00000150991;ENSG00000183258
prerank,REACTOME_INTERLEUKIN_RECEPTOR_SHC_SIGNALING,0.27626649519336305,1.0343552913156737,0.4067622950819672,0.47545205000241114,1.0,3/23,5.68%,ENSG00000177885;ENSG00000165458;ENSG00000162434
prerank,REACTOME_RETROGRADE_TRANSPORT_AT_THE_TRANS_GOLGI_NETWORK,0.23073943381417839,1.0317953761666379,0.38502269288956126,0.4778103860017925,1.0,5/49,4.47%,ENSG00000103051;ENSG00000073969;ENSG00000003056;ENSG00000105355;ENSG00000135823
prerank,REACTOME_CREB1_PHOSPHORYLATION_THROUGH_THE_ACTIVATION_OF_ADENYLATE_CYCLASE,0.33425774655488016,1.0321133192037406,0.3725,0.4780400633103777,1.0,2/12,2.57%,ENSG00000108946;ENSG00000072062
prerank,REACTOME_DEVELOPMENTAL_LINEAGE_OF_MAMMARY_STEM_CELLS,0.31122251259327594,1.0303539967103426,0.40126525079078174,0.47976929290237386,1.0,4/15,7.53%,ENSG00000026508;ENSG00000137203;ENSG00000107485;ENSG00000087510
prerank,REACTOME_THE_CANONICAL_RETINOID_CYCLE_IN_RODS_TWILIGHT_VISION,-0.4372482273598982,-1.2684771086438693,0.15480070193030834,0.4823308950101463,1.0,6/20,11.08%,ENSG00000137868;ENSG00000140522;ENSG00000116745;ENSG00000114115;ENSG00000101412;ENSG00000145476
prerank,REACTOME_TRANSLESION_SYNTHESIS_BY_Y_FAMILY_DNA_POLYMERASES_BYPASSES_LESIONS_ON_DNA_TEMPLATE,-0.3765458122551381,-1.2645127098908646,0.14180586380095783,0.4826263246998437,1.0,16/39,14.99%,ENSG00000051341;ENSG00000106399;ENSG00000166803;ENSG00000100479;ENSG00000221983;ENSG00000132646;ENSG00000170315;ENSG00000175482;ENSG00000116670;ENSG00000111445;ENSG00000163918;ENSG00000062822;ENSG00000049541;ENSG00000115350;ENSG00000117748;ENSG00000143947
prerank,REACTOME_FGFR3_LIGAND_BINDING_AND_ACTIVATION,-0.520759445645597,-1.2657995970573561,0.16646415552855406,0.4833759899088529,1.0,3/10,14.21%,ENSG00000129682;ENSG00000156427;ENSG00000068078
prerank,REACTOME_ANCHORING_FIBRIL_FORMATION,-0.4655746199437935,-1.2650094685385407,0.16679477325134512,0.4834560391588649,1.0,8/15,26.67%,ENSG00000197565;ENSG00000134871;ENSG00000108821;ENSG00000168487;ENSG00000164692;ENSG00000114270;ENSG00000188153;ENSG00000112769
prerank,REACTOME_REGULATION_OF_TP53_ACTIVITY_THROUGH_PHOSPHORYLATION,-0.33054146806553697,-1.266329279759331,0.09718614718614718,0.48412517887471745,1.0,36/88,23.89%,ENSG00000088325;ENSG00000178999;ENSG00000145386;ENSG00000166337;ENSG00000123374;ENSG00000106399;ENSG00000197299;ENSG00000149554;ENSG00000087586;ENSG00000171792;ENSG00000074590;ENSG00000174371;ENSG00000221983;ENSG00000185386;ENSG00000170315;ENSG00000111445;ENSG00000163918;ENSG00000049541;ENSG00000012048;ENSG00000117748;ENSG00000127445;ENSG00000120656;ENSG00000143947;ENSG00000164938;ENSG00000175643;ENSG00000183765;ENSG00000164885;ENSG00000101773;ENSG00000147133;ENSG00000106290;ENSG00000133119;ENSG00000178913;ENSG00000111725;ENSG00000165392;ENSG00000118046;ENSG00000197780
prerank,REACTOME_MITOCHONDRIAL_TRANSLATION_ELONGATION,-0.3313164562364261,-1.2628998075294362,0.10526315789473684,0.4852030032942725,1.0,51/85,36.23%,ENSG00000204822;ENSG00000172586;ENSG00000182180;ENSG00000134056;ENSG00000166902;ENSG00000125901;ENSG00000198015;ENSG00000048544;ENSG00000062582;ENSG00000175756;ENSG00000061794;ENSG00000082515;ENSG00000130312;ENSG00000174547;ENSG00000182154;ENSG00000111639;ENSG00000102738;ENSG00000180992;ENSG00000262814;ENSG00000116221;ENSG00000169288;ENSG00000143436;ENSG00000204568;ENSG00000116898;ENSG00000167862;ENSG00000143314;ENSG00000128626;ENSG00000243147;ENSG00000136522;ENSG00000123297;ENSG00000242485;ENSG00000185608;ENSG00000114686;ENSG00000162910;ENSG00000132591;ENSG00000112996;ENSG00000172590;ENSG00000112110;ENSG00000181991;ENSG00000149792;ENSG00000181610;ENSG00000171421;ENSG00000096080;ENSG00000090263;ENSG00000179271;ENSG00000122140;ENSG00000175110;ENSG00000159111;ENSG00000175581;ENSG00000132300;ENSG00000137547
prerank,REACTOME_SLC_MEDIATED_TRANSPORT_OF_AMINO_ACIDS,-0.38206925945010933,-1.266592795250511,0.1434319526627219,0.4857128871505795,1.0,16/36,28.37%,ENSG00000072041;ENSG00000180773;ENSG00000197119;ENSG00000115902;ENSG00000165349;ENSG00000162383;ENSG00000092068;ENSG00000103257;ENSG00000017483;ENSG00000003989;ENSG00000168003;ENSG00000111371;ENSG00000123643;ENSG00000186335;ENSG00000188338;ENSG00000134294
prerank,REACTOME_EPIGENETIC_REGULATION_OF_GENE_EXPRESSION,0.17348663005637097,1.0254431332509784,0.38095238095238093,0.48824473598236917,1.0,18/270,2.99%,ENSG00000204371;ENSG00000111642;ENSG00000171720;ENSG00000116478;ENSG00000169375;ENSG00000157483;ENSG00000163872;ENSG00000139289;ENSG00000189091;ENSG00000171148;ENSG00000075624;ENSG00000172534;ENSG00000099817;ENSG00000130726;ENSG00000177700;ENSG00000127616;ENSG00000099956;ENSG00000094916
prerank,REACTOME_LAGGING_STRAND_SYNTHESIS,-0.43463732005184474,-1.260331507923606,0.1658512106385648,0.48834270317258727,1.0,13/20,23.95%,ENSG00000106399;ENSG00000198056;ENSG00000132646;ENSG00000175482;ENSG00000111445;ENSG00000163918;ENSG00000062822;ENSG00000049541;ENSG00000014138;ENSG00000117748;ENSG00000133119;ENSG00000144749;ENSG00000101868
prerank,REACTOME_SIGNALING_BY_CSF1_M_CSF_IN_MYELOID_CELLS,0.2539923260826221,1.024180473160953,0.4132132132132132,0.4898012718902222,1.0,3/31,1.26%,ENSG00000150991;ENSG00000177885;ENSG00000165458
prerank,REACTOME_DNA_DAMAGE_TELOMERE_STRESS_INDUCED_SENESCENCE,-0.36215069785053855,-1.26060449489521,0.13773347083763035,0.4898609814651698,1.0,21/47,28.92%,ENSG00000145386;ENSG00000189060;ENSG00000123374;ENSG00000175305;ENSG00000246705;ENSG00000111276;ENSG00000105968;ENSG00000113368;ENSG00000102977;ENSG00000124575;ENSG00000092330;ENSG00000168298;ENSG00000184260;ENSG00000111875;ENSG00000147601;ENSG00000149948;ENSG00000188486;ENSG00000197903;ENSG00000158373;ENSG00000196890;ENSG00000104320
prerank,REACTOME_CELLULAR_SENESCENCE,-0.3088881591499046,-1.2578994099327732,0.07388548269770343,0.4910647086587868,1.0,59/150,27.54%,ENSG00000175063;ENSG00000145386;ENSG00000189060;ENSG00000123374;ENSG00000175305;ENSG00000246705;ENSG00000134954;ENSG00000108984;ENSG00000166484;ENSG00000221983;ENSG00000185386;ENSG00000170315;ENSG00000111752;ENSG00000198176;ENSG00000111276;ENSG00000094880;ENSG00000141552;ENSG00000173894;ENSG00000129355;ENSG00000166295;ENSG00000170142;ENSG00000108106;ENSG00000101412;ENSG00000162889;ENSG00000105968;ENSG00000117676;ENSG00000109339;ENSG00000132510;ENSG00000004897;ENSG00000113368;ENSG00000102977;ENSG00000102882;ENSG00000164162;ENSG00000072401;ENSG00000143947;ENSG00000124575;ENSG00000092330;ENSG00000007968;ENSG00000168298;ENSG00000177189;ENSG00000184260;ENSG00000111875;ENSG00000134686;ENSG00000147601;ENSG00000157557;ENSG00000105810;ENSG00000123080;ENSG00000149948;ENSG00000132475;ENSG00000034152;ENSG00000178691;ENSG00000188486;ENSG00000092847;ENSG00000197903;ENSG00000158373;ENSG00000155363;ENSG00000177606;ENSG00000196890;ENSG00000071054
prerank,REACTOME_BLOOD_GROUP_SYSTEMS_BIOSYNTHESIS,-0.4423225736005483,-1.2585216091439833,0.1688670941782975,0.49148784035985854,1.0,8/18,30.62%,ENSG00000174951;ENSG00000162630;ENSG00000172461;ENSG00000188672;ENSG00000196371;ENSG00000110080;ENSG00000183778;ENSG00000235863
prerank,REACTOME_DEVELOPMENTAL_CELL_LINEAGES_OF_THE_INTEGUMENTARY_SYSTEM,0.21063316153412254,1.0224851211554493,0.4009950248756219,0.4921834148189719,1.0,6/69,4.13%,ENSG00000026508;ENSG00000026025;ENSG00000138798;ENSG00000072274;ENSG00000137203;ENSG00000133392
prerank,REACTOME_TRANSCRIPTION_OF_THE_HIV_GENOME,0.21245527437926393,1.0216428392752828,0.40562248995983935,0.492983503336827,1.0,7/67,3.59%,ENSG00000149136;ENSG00000196235;ENSG00000092201;ENSG00000099817;ENSG00000177700;ENSG00000181222;ENSG00000185049
prerank,REACTOME_SEROTONIN_NEUROTRANSMITTER_RELEASE_CYCLE,0.2937064441392202,1.020379417280169,0.41374474053295934,0.4945473589737215,1.0,3/18,5.80%,ENSG00000143847;ENSG00000106089;ENSG00000165646
prerank,REACTOME_FORMATION_OF_APOPTOSOME,-0.5025585142344414,-1.250589430301634,0.1795624332977588,0.4953516932314063,1.0,5/11,23.62%,ENSG00000102882;ENSG00000132906;ENSG00000120868;ENSG00000137831;ENSG00000184047
prerank,REACTOME_CONDENSATION_OF_PROMETAPHASE_CHROMOSOMES,-0.5191798540232753,-1.2549867935655958,0.1775938042462278,0.4954748318312978,1.0,5/10,6.61%,ENSG00000121152;ENSG00000134057;ENSG00000170312;ENSG00000109805;ENSG00000157456
prerank,REACTOME_DISEASES_OF_METABOLISM,-0.2942477091653088,-1.2509220031389077,0.043504653986240385,0.4965884282560786,1.0,88/263,21.79%,ENSG00000074181;ENSG00000114646;ENSG00000169105;ENSG00000173546;ENSG00000187566;ENSG00000085998;ENSG00000173402;ENSG00000179085;ENSG00000159921;ENSG00000076716;ENSG00000213420;ENSG00000213930;ENSG00000145808;ENSG00000082684;ENSG00000181523;ENSG00000086848;ENSG00000178814;ENSG00000267673;ENSG00000204386;ENSG00000185761;ENSG00000130287;ENSG00000149541;ENSG00000221983;ENSG00000136378;ENSG00000162512;ENSG00000056998;ENSG00000169919;ENSG00000181143;ENSG00000177239;ENSG00000001084;ENSG00000170315;ENSG00000143382;ENSG00000129255;ENSG00000160323;ENSG00000115884;ENSG00000142798;ENSG00000139428;ENSG00000137700;ENSG00000151348;ENSG00000108784;ENSG00000138413;ENSG00000086062;ENSG00000130707;ENSG00000172269;ENSG00000147257;ENSG00000189221;ENSG00000154734;ENSG00000130714;ENSG00000167972;ENSG00000153406;ENSG00000108479;ENSG00000135677;ENSG00000119523;ENSG00000106809;ENSG00000122863;ENSG00000151611;ENSG00000027847;ENSG00000106392;ENSG00000116704;ENSG00000131873;ENSG00000138061;ENSG00000136908;ENSG00000143947;ENSG00000169814;ENSG00000137992;ENSG00000182858;ENSG00000165102;ENSG00000139329;ENSG00000169738;ENSG00000100031;ENSG00000188157;ENSG00000111012;ENSG00000172339;ENSG00000049192;ENSG00000011465;ENSG00000155016;ENSG00000113273;ENSG00000141012;ENSG00000083123;ENSG00000143891;ENSG00000196839;ENSG00000167775;ENSG00000038427;ENSG00000128567;ENSG00000115275;ENSG00000159063;ENSG00000185499;ENSG00000033011
prerank,REACTOME_LYSINE_CATABOLISM,-0.488976530520751,-1.2470729020172138,0.17938981275369908,0.4971194125608859,1.0,7/12,28.81%,ENSG00000008311;ENSG00000103316;ENSG00000188266;ENSG00000164904;ENSG00000105607;ENSG00000179761;ENSG00000109576
prerank,REACTOME_KERATAN_SULFATE_BIOSYNTHESIS,-0.3994482359448905,-1.2529251970978457,0.1638328880252611,0.4972884528691238,1.0,18/28,47.17%,ENSG00000130958;ENSG00000086062;ENSG00000117411;ENSG00000121578;ENSG00000106809;ENSG00000122863;ENSG00000139329;ENSG00000135702;ENSG00000174684;ENSG00000157350;ENSG00000110080;ENSG00000170340;ENSG00000127083;ENSG00000183196;ENSG00000118276;ENSG00000008513;ENSG00000126091;ENSG00000158850
prerank,REACTOME_DCC_MEDIATED_ATTRACTIVE_SIGNALING,-0.47103302629583055,-1.2551422056572603,0.16964516964516965,0.4973019702208159,1.0,6/14,30.28%,ENSG00000197122;ENSG00000010810;ENSG00000187323;ENSG00000099204;ENSG00000070831;ENSG00000106299
prerank,REACTOME_REPRODUCTION,-0.3166957627911875,-1.2513258605738926,0.10023359524315141,0.49762923766427136,1.0,51/113,36.94%,ENSG00000141756;ENSG00000051180;ENSG00000123374;ENSG00000100242;ENSG00000106399;ENSG00000197299;ENSG00000000460;ENSG00000246705;ENSG00000161652;ENSG00000086062;ENSG00000139618;ENSG00000105968;ENSG00000121211;ENSG00000100918;ENSG00000166762;ENSG00000012048;ENSG00000113368;ENSG00000117748;ENSG00000102977;ENSG00000139351;ENSG00000092330;ENSG00000101773;ENSG00000126803;ENSG00000131470;ENSG00000184260;ENSG00000078699;ENSG00000147601;ENSG00000182264;ENSG00000188372;ENSG00000132475;ENSG00000054654;ENSG00000188486;ENSG00000066923;ENSG00000197903;ENSG00000158373;ENSG00000139985;ENSG00000196890;ENSG00000072501;ENSG00000104320;ENSG00000174898;ENSG00000164754;ENSG00000132436;ENSG00000196074;ENSG00000101972;ENSG00000184678;ENSG00000057657;ENSG00000108055;ENSG00000163041;ENSG00000113522;ENSG00000077935;ENSG00000152705
prerank,REACTOME_HEME_BIOSYNTHESIS,-0.47083235406995644,-1.2490567244382749,0.18283870967741936,0.4977634051650692,1.0,8/14,19.23%,ENSG00000158578;ENSG00000188878;ENSG00000066926;ENSG00000256269;ENSG00000014919;ENSG00000188690;ENSG00000143224;ENSG00000118777
prerank,REACTOME_CELL_CYCLE,-0.28427659425352336,-1.2519086979072656,0.005701140228045609,0.4981518802329494,1.0,230/637,22.02%,ENSG00000166851;ENSG00000175063;ENSG00000143228;ENSG00000088325;ENSG00000171320;ENSG00000115163;ENSG00000178999;ENSG00000101003;ENSG00000075218;ENSG00000121152;ENSG00000147536;ENSG00000134057;ENSG00000089685;ENSG00000035499;ENSG00000163322;ENSG00000135476;ENSG00000198033;ENSG00000141756;ENSG00000156970;ENSG00000112984;ENSG00000101004;ENSG00000134690;ENSG00000051180;ENSG00000152253;ENSG00000171848;ENSG00000072571;ENSG00000140534;ENSG00000189308;ENSG00000138778;ENSG00000104147;ENSG00000142945;ENSG00000140451;ENSG00000101057;ENSG00000145386;ENSG00000131153;ENSG00000080986;ENSG00000117399;ENSG00000153044;ENSG00000146670;ENSG00000170312;ENSG00000164045;ENSG00000137807;ENSG00000117650;ENSG00000094804;ENSG00000065328;ENSG00000137267;ENSG00000123374;ENSG00000142731;ENSG00000123485;ENSG00000166483;ENSG00000100242;ENSG00000197122;ENSG00000106399;ENSG00000175305;ENSG00000167552;ENSG00000197299;ENSG00000102384;ENSG00000149554;ENSG00000198056;ENSG00000137812;ENSG00000181938;ENSG00000087586;ENSG00000121621;ENSG00000117724;ENSG00000174442;ENSG00000161888;ENSG00000000460;ENSG00000100479;ENSG00000246705;ENSG00000131747;ENSG00000103995;ENSG00000101224;ENSG00000104833;ENSG00000171792;ENSG00000129810;ENSG00000072864;ENSG00000126756;ENSG00000176890;ENSG00000158402;ENSG00000174371;ENSG00000221983;ENSG00000204086;ENSG00000120334;ENSG00000166451;ENSG00000169689;ENSG00000175216;ENSG00000184445;ENSG00000101162;ENSG00000136861;ENSG00000203760;ENSG00000183814;ENSG00000006634;ENSG00000157020;ENSG00000149636;ENSG00000164109;ENSG00000109805;ENSG00000136122;ENSG00000132646;ENSG00000137100;ENSG00000072803;ENSG00000127564;ENSG00000185386;ENSG00000167513;ENSG00000157456;ENSG00000114745;ENSG00000123219;ENSG00000170315;ENSG00000169016;ENSG00000176101;ENSG00000125885;ENSG00000068971;ENSG00000154839;ENSG00000186871;ENSG00000175482;ENSG00000147669;ENSG00000151725;ENSG00000091651;ENSG00000198176;ENSG00000075188;ENSG00000111276;ENSG00000173207;ENSG00000094880;ENSG00000037042;ENSG00000175279;ENSG00000139618;ENSG00000169679;ENSG00000141552;ENSG00000111445;ENSG00000093009;ENSG00000163918;ENSG00000040275;ENSG00000079335;ENSG00000163535;ENSG00000112029;ENSG00000062822;ENSG00000104695;ENSG00000101624;ENSG00000168002;ENSG00000129355;ENSG00000166295;ENSG00000170142;ENSG00000152240;ENSG00000108106;ENSG00000101412;ENSG00000049541;ENSG00000151503;ENSG00000105968;ENSG00000115350;ENSG00000177954;ENSG00000121211;ENSG00000147400;ENSG00000117020;ENSG00000135336;ENSG00000100918;ENSG00000047410;ENSG00000088986;ENSG00000014138;ENSG00000151849;ENSG00000058804;ENSG00000154473;ENSG00000012048;ENSG00000155034;ENSG00000068903;ENSG00000004897;ENSG00000113368;ENSG00000112312;ENSG00000117748;ENSG00000102977;ENSG00000067369;ENSG00000133740;ENSG00000102882;ENSG00000120802;ENSG00000167393;ENSG00000164162;ENSG00000152082;ENSG00000072401;ENSG00000113575;ENSG00000143947;ENSG00000117697;ENSG00000175643;ENSG00000101639;ENSG00000139351;ENSG00000148019;ENSG00000183765;ENSG00000090097;ENSG00000092330;ENSG00000007968;ENSG00000159377;ENSG00000159055;ENSG00000115942;ENSG00000080839;ENSG00000205659;ENSG00000114670;ENSG00000136811;ENSG00000134324;ENSG00000101773;ENSG00000005075;ENSG00000126803;ENSG00000178971;ENSG00000092853;ENSG00000131470;ENSG00000116030;ENSG00000184260;ENSG00000100387;ENSG00000163002;ENSG00000119638;ENSG00000119408;ENSG00000110092;ENSG00000097046;ENSG00000138768;ENSG00000120253;ENSG00000147601;ENSG00000175792;ENSG00000119335;ENSG00000107960;ENSG00000133119;ENSG00000100142;ENSG00000136824;ENSG00000138069;ENSG00000105810;ENSG00000182923;ENSG00000100519;ENSG00000137822;ENSG00000137285;ENSG00000142856;ENSG00000134058;ENSG00000111206;ENSG00000176014;ENSG00000165392;ENSG00000123080
prerank,REACTOME_O_LINKED_GLYCOSYLATION,-0.315437323705601,-1.2481262779664215,0.10386576040781648,0.4983677410886674,1.0,57/115,45.78%,ENSG00000165905;ENSG00000085998;ENSG00000173402;ENSG00000145808;ENSG00000082684;ENSG00000185761;ENSG00000136378;ENSG00000181143;ENSG00000143382;ENSG00000160323;ENSG00000178234;ENSG00000154734;ENSG00000144647;ENSG00000130714;ENSG00000136840;ENSG00000237172;ENSG00000185900;ENSG00000106392;ENSG00000136542;ENSG00000158089;ENSG00000186998;ENSG00000049192;ENSG00000100626;ENSG00000141429;ENSG00000173269;ENSG00000185499;ENSG00000215182;ENSG00000174684;ENSG00000133424;ENSG00000173702;ENSG00000157350;ENSG00000073849;ENSG00000143641;ENSG00000110080;ENSG00000171155;ENSG00000181027;ENSG00000087116;ENSG00000176087;ENSG00000257594;ENSG00000169894;ENSG00000170340;ENSG00000162885;ENSG00000158859;ENSG00000186866;ENSG00000184005;ENSG00000164764;ENSG00000187210;ENSG00000159674;ENSG00000140835;ENSG00000176597;ENSG00000187676;ENSG00000118600;ENSG00000009830;ENSG00000164414;ENSG00000118276;ENSG00000008513;ENSG00000126091
prerank,REACTOME_REGULATION_OF_MITF_M_DEPENDENT_GENES_INVOLVED_IN_EXTRACELLULAR_MATRIX_FOCAL_ADHESION_AND_EPITHELIAL_TO_MESENCHYMAL_TRANSITION,-0.48855345985557463,-1.247289224372846,0.18031704095112286,0.49869578214081245,1.0,7/12,32.47%,ENSG00000089159;ENSG00000106366;ENSG00000148516;ENSG00000181449;ENSG00000164176;ENSG00000170558;ENSG00000130508
prerank,REACTOME_ATF4_ACTIVATES_GENES_IN_RESPONSE_TO_ENDOPLASMIC_RETICULUM_STRESS,-0.4014433766448348,-1.252938810843516,0.16247417669218617,0.4995689816306998,1.0,19/27,47.81%,ENSG00000162772;ENSG00000108691;ENSG00000140694;ENSG00000153879;ENSG00000051108;ENSG00000120699;ENSG00000077348;ENSG00000107371;ENSG00000171311;ENSG00000178896;ENSG00000075914;ENSG00000083520;ENSG00000172216;ENSG00000066136;ENSG00000001167;ENSG00000123737;ENSG00000118217;ENSG00000120837;ENSG00000169429
prerank,REACTOME_PHOSPHOLIPID_METABOLISM,-0.2971040275352646,-1.2410932684037026,0.0670076726342711,0.4999558421289755,1.0,116/203,42.97%,ENSG00000102230;ENSG00000185133;ENSG00000062282;ENSG00000121316;ENSG00000163295;ENSG00000185361;ENSG00000180089;ENSG00000100884;ENSG00000103066;ENSG00000119927;ENSG00000129219;ENSG00000105559;ENSG00000110536;ENSG00000100439;ENSG00000133027;ENSG00000143797;ENSG00000168118;ENSG00000148343;ENSG00000087085;ENSG00000130517;ENSG00000185813;ENSG00000103502;ENSG00000170890;ENSG00000176485;ENSG00000110697;ENSG00000153395;ENSG00000171862;ENSG00000186111;ENSG00000111684;ENSG00000166908;ENSG00000168918;ENSG00000133321;ENSG00000069764;ENSG00000144645;ENSG00000177666;ENSG00000003987;ENSG00000105223;ENSG00000138029;ENSG00000116906;ENSG00000144566;ENSG00000117215;ENSG00000134255;ENSG00000183765;ENSG00000088766;ENSG00000204310;ENSG00000006007;ENSG00000176783;ENSG00000106086;ENSG00000123739;ENSG00000100288;ENSG00000100078;ENSG00000134324;ENSG00000102010;ENSG00000163629;ENSG00000100344;ENSG00000102886;ENSG00000116711;ENSG00000105647;ENSG00000011405;ENSG00000167588;ENSG00000156471;ENSG00000143398;ENSG00000078142;ENSG00000085788;ENSG00000026652;ENSG00000178773;ENSG00000091039;ENSG00000214530;ENSG00000132376;ENSG00000180488;ENSG00000085719;ENSG00000108389;ENSG00000070214;ENSG00000169692;ENSG00000087053;ENSG00000141179;ENSG00000168389;ENSG00000185000;ENSG00000116095;ENSG00000184381;ENSG00000101290;ENSG00000158786;ENSG00000051382;ENSG00000123684;ENSG00000152642;ENSG00000104643;ENSG00000158555;ENSG00000138018;ENSG00000183578;ENSG00000163898;ENSG00000162836;ENSG00000139163;ENSG00000038210;ENSG00000180957;ENSG00000143845;ENSG00000130653;ENSG00000135241;ENSG00000153982;ENSG00000186281;ENSG00000159337;ENSG00000052126;ENSG00000100241;ENSG00000111666;ENSG00000172954;ENSG00000121879;ENSG00000141506;ENSG00000241973;ENSG00000115020;ENSG00000198825;ENSG00000164303;ENSG00000040933;ENSG00000155252;ENSG00000176454;ENSG00000174915;ENSG00000103043;ENSG00000204385
prerank,REACTOME_PRC2_METHYLATES_HISTONES_AND_DNA,-0.3881166747564109,-1.2414384135855367,0.17276984031696482,0.5011059009016072,1.0,17/31,36.26%,ENSG00000246705;ENSG00000008083;ENSG00000187690;ENSG00000105968;ENSG00000112511;ENSG00000184260;ENSG00000132475;ENSG00000088305;ENSG00000178691;ENSG00000188486;ENSG00000197903;ENSG00000158373;ENSG00000196890;ENSG00000102054;ENSG00000184678;ENSG00000162521;ENSG00000163041
prerank,REACTOME_BETA_OXIDATION_OF_VERY_LONG_CHAIN_FATTY_ACIDS,-0.4983518956534718,-1.243487008158184,0.18503832936822628,0.5014152420669654,1.0,7/11,44.63%,ENSG00000101473;ENSG00000101986;ENSG00000242612;ENSG00000113790;ENSG00000103150;ENSG00000161533;ENSG00000060971
prerank,REACTOME_PHASE_4_RESTING_MEMBRANE_POTENTIAL,0.2904028415323533,1.0162961344484052,0.4190655969797074,0.501685806669713,1.0,10/18,15.79%,ENSG00000171303;ENSG00000169427;ENSG00000124780;ENSG00000182450;ENSG00000135750;ENSG00000124249;ENSG00000152315;ENSG00000184261;ENSG00000099337;ENSG00000082482
prerank,REACTOME_PHASE_0_RAPID_DEPOLARISATION,-0.3853949910043609,-1.241826633848369,0.17097822163397908,0.5021128145002808,1.0,16/31,32.99%,ENSG00000129682;ENSG00000067191;ENSG00000108961;ENSG00000105605;ENSG00000007402;ENSG00000058404;ENSG00000196876;ENSG00000105711;ENSG00000130433;ENSG00000151067;ENSG00000198668;ENSG00000148660;ENSG00000144285;ENSG00000007314;ENSG00000075461;ENSG00000145349
prerank,REACTOME_VITAMIN_B5_PANTOTHENATE_METABOLISM,-0.4250648827065972,-1.2424184697232792,0.18410828424614614,0.502507295489846,1.0,9/20,21.71%,ENSG00000120509;ENSG00000181035;ENSG00000136960;ENSG00000127125;ENSG00000152782;ENSG00000167799;ENSG00000149313;ENSG00000112303;ENSG00000138621
prerank,REACTOME_INFLUENZA_INFECTION,-0.3049219779077258,-1.243821918445533,0.08287464949631322,0.5026123912570601,1.0,88/152,34.80%,ENSG00000105640;ENSG00000100836;ENSG00000198755;ENSG00000149806;ENSG00000221983;ENSG00000115268;ENSG00000136942;ENSG00000105372;ENSG00000157020;ENSG00000177600;ENSG00000089157;ENSG00000130255;ENSG00000147669;ENSG00000162244;ENSG00000182899;ENSG00000075188;ENSG00000109475;ENSG00000142541;ENSG00000137818;ENSG00000172809;ENSG00000168002;ENSG00000142676;ENSG00000131469;ENSG00000110700;ENSG00000167526;ENSG00000143799;ENSG00000142534;ENSG00000177954;ENSG00000144713;ENSG00000047410;ENSG00000102580;ENSG00000058804;ENSG00000163923;ENSG00000116251;ENSG00000063177;ENSG00000100316;ENSG00000185088;ENSG00000156482;ENSG00000140988;ENSG00000171858;ENSG00000071082;ENSG00000108298;ENSG00000143947;ENSG00000148303;ENSG00000125691;ENSG00000204389;ENSG00000265681;ENSG00000165496;ENSG00000196911;ENSG00000197728;ENSG00000118181;ENSG00000124614;ENSG00000161016;ENSG00000005075;ENSG00000037241;ENSG00000163002;ENSG00000145592;ENSG00000120253;ENSG00000149273;ENSG00000100142;ENSG00000102753;ENSG00000188846;ENSG00000108107;ENSG00000161970;ENSG00000105193;ENSG00000153201;ENSG00000163584;ENSG00000065150;ENSG00000197756;ENSG00000163882;ENSG00000229117;ENSG00000198242;ENSG00000145425;ENSG00000138326;ENSG00000134419;ENSG00000170889;ENSG00000083845;ENSG00000138750;ENSG00000105258;ENSG00000140986;ENSG00000139496;ENSG00000197958;ENSG00000171863;ENSG00000117228;ENSG00000089009;ENSG00000137154;ENSG00000069248;ENSG00000110713
prerank,REACTOME_FGFR1C_LIGAND_BINDING_AND_ACTIVATION,-0.5003453550218231,-1.2440737878340151,0.18541722207411357,0.5040897559000553,1.0,3/11,5.96%,ENSG00000129682;ENSG00000077782;ENSG00000069702
prerank,REACTOME_DISEASES_ASSOCIATED_WITH_GLYCOSYLATION_PRECURSOR_BIOSYNTHESIS,0.30031687536643514,1.012282796338956,0.43275388838060386,0.5087414953412838,1.0,3/16,2.80%,ENSG00000178802;ENSG00000117308;ENSG00000079739
prerank,REACTOME_PURINE_CATABOLISM,-0.44790772496020426,-1.230398942136926,0.1943481053307643,0.5088002798680411,1.0,8/16,19.68%,ENSG00000125458;ENSG00000170502;ENSG00000112667;ENSG00000165609;ENSG00000185013;ENSG00000136159;ENSG00000198585;ENSG00000170222
prerank,REACTOME_UNBLOCKING_OF_NMDA_RECEPTORS_GLUTAMATE_BINDING_AND_ACTIVATION,-0.42419938716592276,-1.2308172861750308,0.18966595771299888,0.5096739826425367,1.0,8/20,26.85%,ENSG00000126787;ENSG00000058404;ENSG00000125675;ENSG00000132535;ENSG00000155511;ENSG00000198668;ENSG00000148660;ENSG00000105464
prerank,REACTOME_NEGATIVE_REGULATORS_OF_DDX58_IFIH1_SIGNALING,-0.3786880938116222,-1.234287478470063,0.17080413350754248,0.5098455008180316,1.0,18/34,35.70%,ENSG00000160703;ENSG00000221983;ENSG00000107201;ENSG00000170315;ENSG00000181481;ENSG00000127445;ENSG00000131508;ENSG00000072401;ENSG00000143947;ENSG00000182179;ENSG00000109332;ENSG00000106052;ENSG00000078140;ENSG00000197111;ENSG00000068308;ENSG00000057663;ENSG00000138646;ENSG00000156587
prerank,REACTOME_RHOB_GTPASE_CYCLE,-0.33432214424500273,-1.237096957029416,0.14511814534106107,0.5100013814091305,1.0,24/69,21.53%,ENSG00000240771;ENSG00000242173;ENSG00000147799;ENSG00000035499;ENSG00000122966;ENSG00000079482;ENSG00000050327;ENSG00000161800;ENSG00000160447;ENSG00000123143;ENSG00000183856;ENSG00000076706;ENSG00000011426;ENSG00000114993;ENSG00000160007;ENSG00000131941;ENSG00000088986;ENSG00000177469;ENSG00000110237;ENSG00000145819;ENSG00000139734;ENSG00000101977;ENSG00000198142;ENSG00000105647
prerank,REACTOME_REGULATION_OF_TP53_EXPRESSION_AND_DEGRADATION,-0.3715421489104045,-1.2354908559831304,0.17348144646655636,0.510559249750711,1.0,22/37,33.55%,ENSG00000036672;ENSG00000145386;ENSG00000170312;ENSG00000123374;ENSG00000167965;ENSG00000221983;ENSG00000170315;ENSG00000119487;ENSG00000104695;ENSG00000117020;ENSG00000113575;ENSG00000143947;ENSG00000183765;ENSG00000118515;ENSG00000142208;ENSG00000113328;ENSG00000140992;ENSG00000186654;ENSG00000164327;ENSG00000198625;ENSG00000105221;ENSG00000057657
prerank,REACTOME_EXTRACELLULAR_MATRIX_ORGANIZATION,-0.28737495761291704,-1.231134536895225,0.046941247728649306,0.5108365871689007,1.0,82/306,16.32%,ENSG00000204580;ENSG00000106333;ENSG00000136943;ENSG00000157227;ENSG00000129682;ENSG00000166033;ENSG00000087245;ENSG00000149257;ENSG00000123342;ENSG00000102385;ENSG00000173402;ENSG00000140564;ENSG00000168542;ENSG00000090006;ENSG00000134013;ENSG00000172638;ENSG00000197565;ENSG00000076662;ENSG00000204262;ENSG00000077942;ENSG00000115318;ENSG00000113140;ENSG00000150093;ENSG00000077274;ENSG00000130287;ENSG00000138080;ENSG00000134871;ENSG00000101400;ENSG00000127990;ENSG00000166794;ENSG00000162512;ENSG00000135047;ENSG00000143537;ENSG00000102996;ENSG00000119699;ENSG00000107796;ENSG00000108821;ENSG00000115884;ENSG00000142798;ENSG00000166482;ENSG00000106366;ENSG00000099953;ENSG00000110811;ENSG00000135074;ENSG00000168487;ENSG00000154734;ENSG00000091136;ENSG00000142449;ENSG00000117385;ENSG00000134569;ENSG00000049323;ENSG00000168477;ENSG00000005961;ENSG00000101680;ENSG00000049089;ENSG00000182871;ENSG00000138101;ENSG00000107957;ENSG00000163359;ENSG00000130635;ENSG00000142173;ENSG00000160963;ENSG00000171560;ENSG00000105426;ENSG00000092529;ENSG00000158769;ENSG00000162736;ENSG00000162733;ENSG00000154721;ENSG00000164305;ENSG00000196739;ENSG00000164692;ENSG00000142156;ENSG00000138131;ENSG00000170624;ENSG00000161638;ENSG00000140092;ENSG00000035862;ENSG00000113083;ENSG00000139329;ENSG00000188157;ENSG00000163069
prerank,REACTOME_CREB1_PHOSPHORYLATION_THROUGH_NMDA_RECEPTOR_MEDIATED_ACTIVATION_OF_RAS_SIGNALING,-0.3965916389697793,-1.2359664275191689,0.18838457784285018,0.5112862534921894,1.0,16/27,38.97%,ENSG00000126787;ENSG00000058404;ENSG00000132535;ENSG00000072133;ENSG00000117676;ENSG00000102882;ENSG00000177189;ENSG00000198668;ENSG00000133703;ENSG00000148660;ENSG00000105464;ENSG00000140992;ENSG00000071242;ENSG00000145349;ENSG00000118260;ENSG00000082458
prerank,REACTOME_PCNA_DEPENDENT_LONG_PATCH_BASE_EXCISION_REPAIR,-0.41970986398876997,-1.234496214861166,0.18813601389923057,0.511400654673892,1.0,10/21,13.48%,ENSG00000106399;ENSG00000100479;ENSG00000132646;ENSG00000175482;ENSG00000111445;ENSG00000163918;ENSG00000062822;ENSG00000049541;ENSG00000115350;ENSG00000117748
prerank,REACTOME_ADIPOGENESIS,0.19322817600325007,1.0101672796404433,0.4391080617495712,0.5120879355120793,1.0,9/108,5.18%,ENSG00000111642;ENSG00000171720;ENSG00000198911;ENSG00000116478;ENSG00000153187;ENSG00000105329;ENSG00000112584;ENSG00000176194;ENSG00000169884
prerank,REACTOME_O_GLYCOSYLATION_OF_TSR_DOMAIN_CONTAINING_PROTEINS,-0.3712384909690226,-1.2313975622442987,0.1765814583578749,0.512203915582824,1.0,7/37,8.75%,ENSG00000145808;ENSG00000082684;ENSG00000185761;ENSG00000136378;ENSG00000143382;ENSG00000160323;ENSG00000154734
prerank,REACTOME_ACYL_CHAIN_REMODELLING_OF_PS,-0.4193865033827215,-1.2326080009156928,0.18797460475538405,0.5127904082160867,1.0,9/21,25.08%,ENSG00000170890;ENSG00000176485;ENSG00000111684;ENSG00000069764;ENSG00000144645;ENSG00000117215;ENSG00000123739;ENSG00000116711;ENSG00000091039
prerank,REACTOME_NOTCH3_INTRACELLULAR_DOMAIN_REGULATES_TRANSCRIPTION,-0.39983263657172696,-1.227376163513544,0.18900427611484422,0.5137925025523893,1.0,15/25,35.10%,ENSG00000164434;ENSG00000074181;ENSG00000126787;ENSG00000163909;ENSG00000171611;ENSG00000184384;ENSG00000185630;ENSG00000113645;ENSG00000161021;ENSG00000135547;ENSG00000164683;ENSG00000013619;ENSG00000148400;ENSG00000196782;ENSG00000114315
prerank,REACTOME_THE_ACTIVATION_OF_ARYLSULFATASES,-0.48393544843901926,-1.231483118516719,0.19754537145841494,0.5141077848607906,1.0,8/12,38.02%,ENSG00000006756;ENSG00000101846;ENSG00000180801;ENSG00000113273;ENSG00000144455;ENSG00000141337;ENSG00000129103;ENSG00000183876
prerank,REACTOME_DNA_REPAIR,-0.28742056094734725,-1.2277658827112308,0.05003026023804721,0.5147181119731278,1.0,136/297,31.54%,ENSG00000181544;ENSG00000051341;ENSG00000035499;ENSG00000163322;ENSG00000051180;ENSG00000109674;ENSG00000143476;ENSG00000145386;ENSG00000123374;ENSG00000166313;ENSG00000144554;ENSG00000106399;ENSG00000111247;ENSG00000197299;ENSG00000149554;ENSG00000111602;ENSG00000166803;ENSG00000123415;ENSG00000000460;ENSG00000100479;ENSG00000246705;ENSG00000171792;ENSG00000131788;ENSG00000131944;ENSG00000166169;ENSG00000174371;ENSG00000221983;ENSG00000169689;ENSG00000132781;ENSG00000121022;ENSG00000021776;ENSG00000114026;ENSG00000132646;ENSG00000140525;ENSG00000154920;ENSG00000185504;ENSG00000144524;ENSG00000170315;ENSG00000104313;ENSG00000175482;ENSG00000196584;ENSG00000147669;ENSG00000065057;ENSG00000116670;ENSG00000175279;ENSG00000139618;ENSG00000111445;ENSG00000076248;ENSG00000163918;ENSG00000062822;ENSG00000168002;ENSG00000172780;ENSG00000049541;ENSG00000143799;ENSG00000105968;ENSG00000115350;ENSG00000147400;ENSG00000134574;ENSG00000002016;ENSG00000105619;ENSG00000012048;ENSG00000166200;ENSG00000077152;ENSG00000152422;ENSG00000117748;ENSG00000102977;ENSG00000067369;ENSG00000111358;ENSG00000138303;ENSG00000143947;ENSG00000153391;ENSG00000113812;ENSG00000130997;ENSG00000175643;ENSG00000183765;ENSG00000092330;ENSG00000187741;ENSG00000188612;ENSG00000070950;ENSG00000119048;ENSG00000188827;ENSG00000158169;ENSG00000162607;ENSG00000101773;ENSG00000103152;ENSG00000182179;ENSG00000005075;ENSG00000138663;ENSG00000132207;ENSG00000092853;ENSG00000116030;ENSG00000184260;ENSG00000100387;ENSG00000129484;ENSG00000118655;ENSG00000147601;ENSG00000175792;ENSG00000133119;ENSG00000100142;ENSG00000134058;ENSG00000165392;ENSG00000221829;ENSG00000005156;ENSG00000169139;ENSG00000144749;ENSG00000111802;ENSG00000020426;ENSG00000064655;ENSG00000126215;ENSG00000136518;ENSG00000164808;ENSG00000188486;ENSG00000197903;ENSG00000158373;ENSG00000183161;ENSG00000149923;ENSG00000163743;ENSG00000178295;ENSG00000196890;ENSG00000163882;ENSG00000187790;ENSG00000113318;ENSG00000075131;ENSG00000104320;ENSG00000119318;ENSG00000132436;ENSG00000138346;ENSG00000066135;ENSG00000122512;ENSG00000104884;ENSG00000141030;ENSG00000173638;ENSG00000198612;ENSG00000070501;ENSG00000137337;ENSG00000105258
prerank,REACTOME_GPCR_LIGAND_BINDING,0.1652735955326367,1.007645269258954,0.45454545454545453,0.5161533120341921,1.0,99/377,14.06%,ENSG00000078369;ENSG00000088826;ENSG00000197746;ENSG00000109606;ENSG00000087460;ENSG00000101327;ENSG00000142192;ENSG00000171509;ENSG00000131096;ENSG00000115596;ENSG00000186188;ENSG00000171049;ENSG00000215644;ENSG00000154342;ENSG00000105989;ENSG00000169676;ENSG00000143125;ENSG00000163501;ENSG00000121853;ENSG00000004948;ENSG00000164129;ENSG00000170425;ENSG00000169884;ENSG00000152034;ENSG00000164690;ENSG00000135925;ENSG00000112164;ENSG00000120088;ENSG00000164220;ENSG00000036828;ENSG00000161921;ENSG00000118702;ENSG00000145708;ENSG00000113889;ENSG00000182687;ENSG00000050628;ENSG00000177464;ENSG00000168959;ENSG00000181408;ENSG00000168081;ENSG00000188064;ENSG00000135346;ENSG00000125730;ENSG00000126353;ENSG00000158748;ENSG00000124818;ENSG00000043591;ENSG00000122679;ENSG00000160013;ENSG00000180739;ENSG00000115353;ENSG00000164128;ENSG00000172724;ENSG00000143816;ENSG00000138039;ENSG00000186810;ENSG00000156234;ENSG00000133019;ENSG00000148604;ENSG00000188710;ENSG00000121807;ENSG00000070031;ENSG00000166603;ENSG00000148734;ENSG00000119973;ENSG00000101188;ENSG00000173432;ENSG00000174600;ENSG00000143185;ENSG00000144891;ENSG00000171388;ENSG00000170820;ENSG00000171873;ENSG00000169618;ENSG00000168229;ENSG00000106113;ENSG00000054277;ENSG00000175591;ENSG00000188778;ENSG00000125084;ENSG00000180871;ENSG00000163421;ENSG00000157005;ENSG00000136928;ENSG00000163394;ENSG00000186469;ENSG00000178394;ENSG00000198049;ENSG00000069696;ENSG00000101200;ENSG00000147571;ENSG00000154764;ENSG00000171517;ENSG00000181195;ENSG00000163606;ENSG00000183840;ENSG00000169252;ENSG00000128165;ENSG00000196352
prerank,REACTOME_RNA_POLYMERASE_II_TRANSCRIPTION_TERMINATION,0.2083347217603283,1.006702080601715,0.44817658349328215,0.5162803211287414,1.0,5/66,3.53%,ENSG00000125755;ENSG00000136450;ENSG00000111605;ENSG00000163634;ENSG00000111786
prerank,REACTOME_PROTEIN_HYDROXYLATION,0.28543407705253,1.0070054423873005,0.4317848410757946,0.5165769940400188,1.0,3/19,5.10%,ENSG00000087263;ENSG00000198363;ENSG00000101981
prerank,REACTOME_SIGNALING_BY_ERYTHROPOIETIN,0.2653538580835766,1.005869863585008,0.44109736417428724,0.5170442438038211,1.0,2/25,1.49%,ENSG00000177885;ENSG00000174775
prerank,REACTOME_SIGNALING_BY_ACTIVIN,-0.44306983872481387,-1.2245887443763197,0.20288008155983178,0.5201588446655151,1.0,7/16,14.04%,ENSG00000114739;ENSG00000070404;ENSG00000135503;ENSG00000069702;ENSG00000175550;ENSG00000134363;ENSG00000102882
prerank,REACTOME_COLLAGEN_FORMATION,-0.3188243050599265,-1.2224878219291087,0.1398654513888889,0.5223355657771624,1.0,27/89,17.15%,ENSG00000106333;ENSG00000136943;ENSG00000149257;ENSG00000168542;ENSG00000134013;ENSG00000197565;ENSG00000204262;ENSG00000115318;ENSG00000134871;ENSG00000166794;ENSG00000135047;ENSG00000108821;ENSG00000110811;ENSG00000168487;ENSG00000117385;ENSG00000049089;ENSG00000182871;ENSG00000163359;ENSG00000130635;ENSG00000142173;ENSG00000160963;ENSG00000196739;ENSG00000164692;ENSG00000142156;ENSG00000138131;ENSG00000113083;ENSG00000060718
prerank,REACTOME_ADRENALINE_NORADRENALINE_INHIBITS_INSULIN_SECRETION,-0.3917244722866835,-1.2209595051829143,0.1972121212121212,0.5227802420565877,1.0,10/27,19.42%,ENSG00000167535;ENSG00000111664;ENSG00000168243;ENSG00000007402;ENSG00000127920;ENSG00000162188;ENSG00000184160;ENSG00000174233;ENSG00000151067;ENSG00000069966
prerank,REACTOME_VIRAL_INFECTION_PATHWAYS,0.3087077219871543,1.0,1.0,0.5232600106812259,1.0,138/1023,3.08%,ENSG00000128245;ENSG00000127824;ENSG00000166949;ENSG00000213024;ENSG00000165119;ENSG00000130706;ENSG00000111642;ENSG00000109519;ENSG00000171720;ENSG00000116478;ENSG00000150991;ENSG00000144028;ENSG00000149136;ENSG00000132463;ENSG00000125755;ENSG00000132792;ENSG00000134308;ENSG00000161013;ENSG00000140464;ENSG00000026025;ENSG00000137817;ENSG00000108883;ENSG00000189091;ENSG00000177119;ENSG00000197102;ENSG00000104142;ENSG00000088832;ENSG00000100902;ENSG00000100804;ENSG00000184056;ENSG00000082898;ENSG00000087191;ENSG00000100401;ENSG00000197548;ENSG00000094914;ENSG00000100764;ENSG00000177885;ENSG00000174231;ENSG00000103035;ENSG00000153187;ENSG00000070010;ENSG00000136450;ENSG00000185825;ENSG00000213639;ENSG00000109606;ENSG00000004478;ENSG00000241244;ENSG00000100280;ENSG00000111605;ENSG00000175166;ENSG00000013275;ENSG00000124145;ENSG00000109971;ENSG00000108671;ENSG00000069849;ENSG00000132612;ENSG00000096384;ENSG00000145907;ENSG00000161203;ENSG00000115053;ENSG00000170027;ENSG00000185627;ENSG00000130985;ENSG00000173692;ENSG00000108344;ENSG00000099783;ENSG00000141367;ENSG00000006712;ENSG00000087365;ENSG00000087087;ENSG00000196235;ENSG00000115233;ENSG00000105329;ENSG00000089280;ENSG00000137309;ENSG00000092199;ENSG00000080824;ENSG00000108953;ENSG00000166913;ENSG00000204435;ENSG00000163399;ENSG00000110321;ENSG00000135829;ENSG00000115677;ENSG00000041357;ENSG00000184216;ENSG00000092201;ENSG00000167553;ENSG00000101182;ENSG00000108424;ENSG00000178952;ENSG00000099817;ENSG00000130726;ENSG00000196262;ENSG00000126457;ENSG00000102900;ENSG00000132341;ENSG00000196419;ENSG00000177700;ENSG00000099341;ENSG00000104824;ENSG00000114867;ENSG00000127022;ENSG00000130724;ENSG00000181222;ENSG00000126067;ENSG00000089597;ENSG00000168496;ENSG00000165916;ENSG00000106367;ENSG00000172531;ENSG00000065978;ENSG00000142507;ENSG00000175334;ENSG00000143761;ENSG00000165280;ENSG00000063660;ENSG00000123416;ENSG00000042753;ENSG00000122566;ENSG00000188229;ENSG00000185624;ENSG00000145833;ENSG00000079246;ENSG00000118705;ENSG00000105438;ENSG00000258947;ENSG00000179218;ENSG00000182481;ENSG00000242534;ENSG00000162367;ENSG00000244116;ENSG00000167004;ENSG00000244038;ENSG00000122884;ENSG00000112715;ENSG00000163902;ENSG00000072682
prerank,REACTOME_INFECTIOUS_DISEASE,0.3047886206747626,1.0,1.0,0.5232600106812259,1.0,165/1239,3.08%,ENSG00000128245;ENSG00000127824;ENSG00000166949;ENSG00000213024;ENSG00000165119;ENSG00000130706;ENSG00000213672;ENSG00000111642;ENSG00000109519;ENSG00000171720;ENSG00000116478;ENSG00000150991;ENSG00000169032;ENSG00000144028;ENSG00000157483;ENSG00000115091;ENSG00000149136;ENSG00000132463;ENSG00000151694;ENSG00000125755;ENSG00000132792;ENSG00000163466;ENSG00000134308;ENSG00000136810;ENSG00000161013;ENSG00000140464;ENSG00000026025;ENSG00000138071;ENSG00000137817;ENSG00000108883;ENSG00000189091;ENSG00000177119;ENSG00000197102;ENSG00000104142;ENSG00000088832;ENSG00000100902;ENSG00000100804;ENSG00000184056;ENSG00000082898;ENSG00000078369;ENSG00000185359;ENSG00000087191;ENSG00000100401;ENSG00000100345;ENSG00000197548;ENSG00000094914;ENSG00000075785;ENSG00000100764;ENSG00000177885;ENSG00000197535;ENSG00000106089;ENSG00000174231;ENSG00000103035;ENSG00000153187;ENSG00000070010;ENSG00000136450;ENSG00000185825;ENSG00000213639;ENSG00000109606;ENSG00000004478;ENSG00000241244;ENSG00000100280;ENSG00000111605;ENSG00000175166;ENSG00000013275;ENSG00000124145;ENSG00000109971;ENSG00000108671;ENSG00000069849;ENSG00000132612;ENSG00000096384;ENSG00000145907;ENSG00000161203;ENSG00000115053;ENSG00000170027;ENSG00000185627;ENSG00000184009;ENSG00000087460;ENSG00000130985;ENSG00000173692;ENSG00000108344;ENSG00000099783;ENSG00000141367;ENSG00000006712;ENSG00000087365;ENSG00000087087;ENSG00000196235;ENSG00000115233;ENSG00000105329;ENSG00000089280;ENSG00000137309;ENSG00000092199;ENSG00000080824;ENSG00000108953;ENSG00000166913;ENSG00000204435;ENSG00000163399;ENSG00000075624;ENSG00000110321;ENSG00000135829;ENSG00000115677;ENSG00000041357;ENSG00000184216;ENSG00000092201;ENSG00000167553;ENSG00000254999;ENSG00000101182;ENSG00000108424;ENSG00000178952;ENSG00000099817;ENSG00000130726;ENSG00000196262;ENSG00000126457;ENSG00000102900;ENSG00000132341;ENSG00000196419;ENSG00000177700;ENSG00000099341;ENSG00000104824;ENSG00000074800;ENSG00000114867;ENSG00000102144;ENSG00000127022;ENSG00000130724;ENSG00000181222;ENSG00000126067;ENSG00000089597;ENSG00000168496;ENSG00000165916;ENSG00000130429;ENSG00000106367;ENSG00000172531;ENSG00000065978;ENSG00000142507;ENSG00000108946;ENSG00000241685;ENSG00000175334;ENSG00000143761;ENSG00000165280;ENSG00000063660;ENSG00000123416;ENSG00000042753;ENSG00000072062;ENSG00000122566;ENSG00000160014;ENSG00000188229;ENSG00000185624;ENSG00000145833;ENSG00000079246;ENSG00000118705;ENSG00000105438;ENSG00000258947;ENSG00000179218;ENSG00000182481;ENSG00000142192;ENSG00000242534;ENSG00000162367;ENSG00000244116;ENSG00000167004;ENSG00000244038;ENSG00000241553;ENSG00000122884;ENSG00000112715;ENSG00000163902;ENSG00000072682
prerank,REACTOME_ADAPTIVE_IMMUNE_SYSTEM,0.2183251139322031,1.0,1.0,0.5232600106812259,1.0,95/897,4.91%,ENSG00000077549;ENSG00000127824;ENSG00000064726;ENSG00000126214;ENSG00000125753;ENSG00000130706;ENSG00000170633;ENSG00000009335;ENSG00000150991;ENSG00000131653;ENSG00000157450;ENSG00000141279;ENSG00000159202;ENSG00000103653;ENSG00000197102;ENSG00000175931;ENSG00000088832;ENSG00000100902;ENSG00000100804;ENSG00000079805;ENSG00000087191;ENSG00000197548;ENSG00000099364;ENSG00000075785;ENSG00000175203;ENSG00000100764;ENSG00000177885;ENSG00000103035;ENSG00000185825;ENSG00000241244;ENSG00000100280;ENSG00000175166;ENSG00000013275;ENSG00000108671;ENSG00000161203;ENSG00000170027;ENSG00000185627;ENSG00000130985;ENSG00000174775;ENSG00000173692;ENSG00000108344;ENSG00000141367;ENSG00000117984;ENSG00000115233;ENSG00000164733;ENSG00000166913;ENSG00000204435;ENSG00000082781;ENSG00000115073;ENSG00000064601;ENSG00000138107;ENSG00000041357;ENSG00000198898;ENSG00000100644;ENSG00000167553;ENSG00000101182;ENSG00000196262;ENSG00000132432;ENSG00000099341;ENSG00000127022;ENSG00000126067;ENSG00000165916;ENSG00000105568;ENSG00000106367;ENSG00000204843;ENSG00000142507;ENSG00000143761;ENSG00000165280;ENSG00000123416;ENSG00000042753;ENSG00000072062;ENSG00000188229;ENSG00000118705;ENSG00000258947;ENSG00000179218;ENSG00000242534;ENSG00000244116;ENSG00000167004;ENSG00000244038;ENSG00000135506;ENSG00000163902;ENSG00000239571;ENSG00000109906;ENSG00000243290;ENSG00000240382;ENSG00000167613;ENSG00000243238;ENSG00000168995;ENSG00000234745;ENSG00000203747;ENSG00000239961;ENSG00000105366;ENSG00000172116;ENSG00000241351;ENSG00000211790
prerank,REACTOME_CELLULAR_RESPONSES_TO_STIMULI,0.2504218504114923,1.0,1.0,0.5232600106812259,1.0,104/843,3.21%,ENSG00000077549;ENSG00000127824;ENSG00000213024;ENSG00000131100;ENSG00000137076;ENSG00000204371;ENSG00000130706;ENSG00000129521;ENSG00000171720;ENSG00000114573;ENSG00000169375;ENSG00000150991;ENSG00000033050;ENSG00000158941;ENSG00000035403;ENSG00000147416;ENSG00000135766;ENSG00000136810;ENSG00000159720;ENSG00000160211;ENSG00000138798;ENSG00000165672;ENSG00000108846;ENSG00000103222;ENSG00000196365;ENSG00000197102;ENSG00000100902;ENSG00000100804;ENSG00000087274;ENSG00000082898;ENSG00000078369;ENSG00000087191;ENSG00000089154;ENSG00000181019;ENSG00000099991;ENSG00000094914;ENSG00000182718;ENSG00000175203;ENSG00000100764;ENSG00000107159;ENSG00000103035;ENSG00000070010;ENSG00000004478;ENSG00000175166;ENSG00000013275;ENSG00000177156;ENSG00000109971;ENSG00000108671;ENSG00000096384;ENSG00000168439;ENSG00000185627;ENSG00000087460;ENSG00000173692;ENSG00000114738;ENSG00000254986;ENSG00000108344;ENSG00000115233;ENSG00000137309;ENSG00000080824;ENSG00000108953;ENSG00000204435;ENSG00000170606;ENSG00000185883;ENSG00000126432;ENSG00000138107;ENSG00000041357;ENSG00000072778;ENSG00000166598;ENSG00000198898;ENSG00000100644;ENSG00000160789;ENSG00000167553;ENSG00000197930;ENSG00000101182;ENSG00000178741;ENSG00000102900;ENSG00000084207;ENSG00000099341;ENSG00000104687;ENSG00000142657;ENSG00000126067;ENSG00000126267;ENSG00000165916;ENSG00000105568;ENSG00000126247;ENSG00000204843;ENSG00000142507;ENSG00000108946;ENSG00000165280;ENSG00000123416;ENSG00000072062;ENSG00000188229;ENSG00000185624;ENSG00000117450;ENSG00000132383;ENSG00000143321;ENSG00000167815;ENSG00000258947;ENSG00000179218;ENSG00000230989;ENSG00000205358;ENSG00000112715;ENSG00000162909;ENSG00000125144
prerank,REACTOME_FOXO_MEDIATED_TRANSCRIPTION_OF_CELL_DEATH_GENES,-0.4419165822959106,-1.2226053080136288,0.2055038858453306,0.5240997874971596,1.0,12/16,50.60%,ENSG00000158828;ENSG00000105327;ENSG00000118046;ENSG00000117560;ENSG00000150907;ENSG00000184481;ENSG00000113916;ENSG00000066136;ENSG00000001167;ENSG00000120837;ENSG00000100393;ENSG00000118689
prerank,REACTOME_NEGATIVE_EPIGENETIC_REGULATION_OF_RRNA_EXPRESSION,0.20923953005323187,1.0016977316177564,0.45233463035019456,0.5243450831174189,1.0,5/66,2.15%,ENSG00000116478;ENSG00000169375;ENSG00000189091;ENSG00000099817;ENSG00000177700
prerank,REACTOME_MTORC1_MEDIATED_SIGNALLING,0.2654178168707587,0.9989489857483708,0.4554865424430642,0.5244534611970213,1.0,3/23,2.21%,ENSG00000088832;ENSG00000166913;ENSG00000114867
prerank,REACTOME_REPRESSION_OF_WNT_TARGET_GENES,-0.4593697817733866,-1.2209929277328502,0.21224755700325734,0.5247957636885837,1.0,7/14,17.30%,ENSG00000065717;ENSG00000081059;ENSG00000152284;ENSG00000104964;ENSG00000196781;ENSG00000175029;ENSG00000159692
prerank,REACTOME_DAP12_SIGNALING,0.25521919991344966,1.000910904392511,0.451685393258427,0.5249972212031414,1.0,2/29,1.49%,ENSG00000177885;ENSG00000174775
prerank,REACTOME_METHYLATION,0.3097422494808403,0.9972549237368821,0.4392156862745098,0.5268333592271537,1.0,2/14,2.41%,ENSG00000101444;ENSG00000148834
prerank,REACTOME_DOWNREGULATION_OF_ERBB2_ERBB3_SIGNALING,-0.4657703052328729,-1.2158979583128557,0.20770234986945169,0.5276917674683675,1.0,8/13,22.59%,ENSG00000141736;ENSG00000221983;ENSG00000170315;ENSG00000117020;ENSG00000143947;ENSG00000181852;ENSG00000138592;ENSG00000142208
prerank,REACTOME_DEGRADATION_OF_CYSTEINE_AND_HOMOCYSTEINE,-0.45876053125297483,-1.2162325244755479,0.21071800208116545,0.5287734690099878,1.0,6/14,12.42%,ENSG00000215845;ENSG00000105755;ENSG00000183048;ENSG00000128311;ENSG00000137767;ENSG00000128309
prerank,REACTOME_VISUAL_PHOTOTRANSDUCTION,-0.3171334539950107,-1.2148001230000116,0.15055278560589638,0.52898030825697,1.0,29/90,20.12%,ENSG00000076716;ENSG00000213420;ENSG00000137868;ENSG00000197223;ENSG00000140522;ENSG00000162512;ENSG00000116745;ENSG00000114115;ENSG00000115884;ENSG00000142798;ENSG00000130203;ENSG00000128617;ENSG00000147257;ENSG00000101412;ENSG00000145476;ENSG00000185527;ENSG00000130164;ENSG00000060709;ENSG00000204444;ENSG00000257365;ENSG00000188157;ENSG00000114349;ENSG00000130561;ENSG00000110244;ENSG00000136448;ENSG00000152465;ENSG00000197324;ENSG00000069966;ENSG00000198668
prerank,REACTOME_FRS_MEDIATED_FGFR3_SIGNALING,0.29077615359654185,0.9956955607057871,0.4673433362753751,0.5290994425071011,1.0,2/17,1.49%,ENSG00000177885;ENSG00000174775
prerank,REACTOME_REGULATION_OF_CHOLESTEROL_BIOSYNTHESIS_BY_SREBP_SREBF,-0.3425968321796057,-1.216469793503431,0.17411684005944894,0.5301365573649057,1.0,18/54,13.68%,ENSG00000150961;ENSG00000076555;ENSG00000119927;ENSG00000082014;ENSG00000172893;ENSG00000149809;ENSG00000163344;ENSG00000101849;ENSG00000104549;ENSG00000079459;ENSG00000186480;ENSG00000160285;ENSG00000100934;ENSG00000110921;ENSG00000167508;ENSG00000067064;ENSG00000196132;ENSG00000112972
prerank,REACTOME_TP53_REGULATES_TRANSCRIPTION_OF_CASPASE_ACTIVATORS_AND_CASPASES,-0.4762100809208995,-1.2134499089875004,0.20792731103502765,0.5309969072330231,1.0,6/12,29.22%,ENSG00000138794;ENSG00000169372;ENSG00000003400;ENSG00000120868;ENSG00000073282;ENSG00000177595
prerank,REACTOME_TP53_REGULATES_TRANSCRIPTION_OF_GENES_INVOLVED_IN_CYTOCHROME_C_RELEASE,-0.41850091474890316,-1.2175183291680807,0.20790848047749316,0.5311599189098154,1.0,11/20,28.91%,ENSG00000087088;ENSG00000042286;ENSG00000015475;ENSG00000105327;ENSG00000141391;ENSG00000164938;ENSG00000170855;ENSG00000088808;ENSG00000141682;ENSG00000169230;ENSG00000073282
prerank,REACTOME_TRANSCRIPTIONAL_REGULATION_BY_SMALL_RNAS,0.24100715715135737,0.993737668755473,0.47462096242584045,0.5320713652354166,1.0,4/34,2.28%,ENSG00000099817;ENSG00000132341;ENSG00000177700;ENSG00000181222
prerank,REACTOME_NUCLEAR_SIGNALING_BY_ERBB4,-0.378930325497197,-1.2165154717120295,0.19932595089070776,0.5321202968069836,1.0,9/31,16.04%,ENSG00000197122;ENSG00000113140;ENSG00000123933;ENSG00000117632;ENSG00000205155;ENSG00000130203;ENSG00000138613;ENSG00000162736;ENSG00000137693
prerank,REACTOME_DAP12_INTERACTIONS,0.2357681059378625,0.9929280856069485,0.46055045871559636,0.5327672275739779,1.0,5/37,7.54%,ENSG00000177885;ENSG00000174775;ENSG00000234745;ENSG00000254415;ENSG00000178789
prerank,REACTOME_FRS_MEDIATED_FGFR4_SIGNALING,0.2896397178076723,0.9920224278324951,0.46420631391729655,0.5327917850629669,1.0,2/17,1.49%,ENSG00000177885;ENSG00000174775
prerank,REACTOME_FRS_MEDIATED_FGFR2_SIGNALING,0.27378618083162864,0.992340183996823,0.467622343054869,0.5330624458528693,1.0,4/21,7.06%,ENSG00000177885;ENSG00000174775;ENSG00000186895;ENSG00000075388
prerank,REACTOME_CHROMATIN_ORGANIZATION,0.17006237961459758,0.9906719547545362,0.5165562913907285,0.534557112210013,1.0,14/234,2.35%,ENSG00000204371;ENSG00000111642;ENSG00000171720;ENSG00000116478;ENSG00000163872;ENSG00000189091;ENSG00000171148;ENSG00000075624;ENSG00000172534;ENSG00000183207;ENSG00000124422;ENSG00000126457;ENSG00000127616;ENSG00000099956
prerank,REACTOME_SUMOYLATION_OF_SUMOYLATION_PROTEINS,0.23817073913153164,0.9869033879575116,0.4844641724793913,0.540389066791027,1.0,3/34,2.10%,ENSG00000213024;ENSG00000094914;ENSG00000102900
prerank,REACTOME_CARNITINE_SHUTTLE,-0.4626328239719278,-1.2063382402111353,0.22665281205351345,0.5404228816552106,1.0,5/13,15.16%,ENSG00000178537;ENSG00000076555;ENSG00000165175;ENSG00000157184;ENSG00000110090
prerank,REACTOME_GENE_SILENCING_BY_RNA,0.2063429688539208,0.9869066664761886,0.5015015015015015,0.5412820240199065,1.0,6/66,2.28%,ENSG00000006744;ENSG00000080824;ENSG00000099817;ENSG00000132341;ENSG00000177700;ENSG00000181222
prerank,REACTOME_SIGNALING_BY_HIPPO,-0.41536635467638383,-1.2066303624783505,0.21485943775100402,0.5416129131726699,1.0,9/20,20.22%,ENSG00000018408;ENSG00000126016;ENSG00000114019;ENSG00000166025;ENSG00000164305;ENSG00000114978;ENSG00000137693;ENSG00000150457;ENSG00000113645
prerank,REACTOME_RNA_POLYMERASE_I_TRANSCRIPTION,0.2051798807071074,0.9857123863256304,0.46897253306205494,0.5418454953978447,1.0,5/68,2.15%,ENSG00000204371;ENSG00000111642;ENSG00000116478;ENSG00000099817;ENSG00000177700
prerank,REACTOME_SYNTHESIS_OF_PYROPHOSPHATES_IN_THE_CYTOSOL,-0.4985646363833482,-1.2083282521791043,0.21559204378587637,0.5426144065552932,1.0,2/10,3.84%,ENSG00000122824;ENSG00000196368
prerank,REACTOME_ACTIVATED_PKN1_STIMULATES_TRANSCRIPTION_OF_AR_ANDROGEN_RECEPTOR_REGULATED_GENES_KLK2_AND_KLK3,-0.40231154923700435,-1.2066765656669645,0.21752450980392157,0.5435564106797538,1.0,17/23,48.69%,ENSG00000246705;ENSG00000123143;ENSG00000105968;ENSG00000184260;ENSG00000132475;ENSG00000188486;ENSG00000197903;ENSG00000158373;ENSG00000196890;ENSG00000140396;ENSG00000184678;ENSG00000163041;ENSG00000004487;ENSG00000124635;ENSG00000146047;ENSG00000180596;ENSG00000167751
prerank,REACTOME_CD28_DEPENDENT_PI3K_AKT_SIGNALING,-0.3854826553582267,-1.1912494306406431,0.23104426088028604,0.5442546387491306,1.0,14/26,40.08%,ENSG00000167965;ENSG00000119487;ENSG00000117020;ENSG00000010810;ENSG00000105647;ENSG00000142208;ENSG00000140992;ENSG00000186654;ENSG00000101255;ENSG00000164327;ENSG00000051382;ENSG00000105221;ENSG00000121879;ENSG00000141506
prerank,REACTOME_O_LINKED_GLYCOSYLATION_OF_MUCINS,-0.3362172422196453,-1.2084759825658824,0.18125070934059698,0.544275969844891,1.0,28/57,45.78%,ENSG00000181143;ENSG00000178234;ENSG00000136840;ENSG00000237172;ENSG00000106392;ENSG00000136542;ENSG00000158089;ENSG00000100626;ENSG00000141429;ENSG00000185499;ENSG00000215182;ENSG00000174684;ENSG00000173702;ENSG00000157350;ENSG00000073849;ENSG00000143641;ENSG00000110080;ENSG00000171155;ENSG00000257594;ENSG00000169894;ENSG00000170340;ENSG00000184005;ENSG00000187210;ENSG00000140835;ENSG00000176597;ENSG00000118276;ENSG00000008513;ENSG00000126091
prerank,REACTOME_DUAL_INCISION_IN_GG_NER,-0.35653990983350486,-1.20710178842289,0.1946065841699743,0.5443489747250021,1.0,19/41,20.44%,ENSG00000106399;ENSG00000100479;ENSG00000221983;ENSG00000132646;ENSG00000170315;ENSG00000175482;ENSG00000111445;ENSG00000163918;ENSG00000062822;ENSG00000049541;ENSG00000143799;ENSG00000115350;ENSG00000134574;ENSG00000117748;ENSG00000111358;ENSG00000143947;ENSG00000100387;ENSG00000129484;ENSG00000133119
prerank,REACTOME_PI3K_AKT_SIGNALING_IN_CANCER,-0.3063911878794716,-1.2043598655808212,0.15193815097175992,0.5444652050629366,1.0,43/106,33.53%,ENSG00000129682;ENSG00000141736;ENSG00000197122;ENSG00000066468;ENSG00000167965;ENSG00000077782;ENSG00000163600;ENSG00000175634;ENSG00000156427;ENSG00000111276;ENSG00000119487;ENSG00000002330;ENSG00000171862;ENSG00000117020;ENSG00000068078;ENSG00000160867;ENSG00000010810;ENSG00000176697;ENSG00000140538;ENSG00000128340;ENSG00000169047;ENSG00000132906;ENSG00000105647;ENSG00000113070;ENSG00000142208;ENSG00000033327;ENSG00000177105;ENSG00000113721;ENSG00000225950;ENSG00000140009;ENSG00000150907;ENSG00000184481;ENSG00000090554;ENSG00000140992;ENSG00000179295;ENSG00000115808;ENSG00000186654;ENSG00000164327;ENSG00000185950;ENSG00000101464;ENSG00000051382;ENSG00000140285;ENSG00000105221
prerank,REACTOME_PRE_NOTCH_EXPRESSION_AND_PROCESSING,-0.32403178554425127,-1.19166338029463,0.18713255684969496,0.5449278849550527,1.0,44/68,47.59%,ENSG00000074181;ENSG00000140564;ENSG00000169733;ENSG00000159216;ENSG00000246705;ENSG00000184384;ENSG00000198176;ENSG00000086062;ENSG00000086598;ENSG00000101412;ENSG00000105968;ENSG00000196296;ENSG00000184260;ENSG00000110092;ENSG00000161021;ENSG00000132475;ENSG00000188486;ENSG00000092847;ENSG00000197903;ENSG00000158373;ENSG00000110080;ENSG00000155363;ENSG00000177606;ENSG00000196890;ENSG00000013619;ENSG00000148400;ENSG00000163435;ENSG00000071537;ENSG00000184678;ENSG00000101346;ENSG00000196782;ENSG00000163041;ENSG00000106003;ENSG00000126070;ENSG00000100354;ENSG00000134250;ENSG00000124635;ENSG00000175582;ENSG00000146047;ENSG00000197561;ENSG00000126091;ENSG00000180596;ENSG00000100603;ENSG00000141510
prerank,REACTOME_METABOLISM_OF_STEROIDS,-0.2933501055689528,-1.193411105013071,0.1383399209486166,0.54550211615999,1.0,43/152,19.22%,ENSG00000150961;ENSG00000076555;ENSG00000119927;ENSG00000082014;ENSG00000172893;ENSG00000147155;ENSG00000267673;ENSG00000141447;ENSG00000188878;ENSG00000006025;ENSG00000149809;ENSG00000100300;ENSG00000163344;ENSG00000101849;ENSG00000104549;ENSG00000079459;ENSG00000186480;ENSG00000101846;ENSG00000205808;ENSG00000101473;ENSG00000117859;ENSG00000160285;ENSG00000100934;ENSG00000145545;ENSG00000110921;ENSG00000167508;ENSG00000100600;ENSG00000067064;ENSG00000196132;ENSG00000099377;ENSG00000010270;ENSG00000112972;ENSG00000172345;ENSG00000052802;ENSG00000104826;ENSG00000131748;ENSG00000111012;ENSG00000188612;ENSG00000176986;ENSG00000116133;ENSG00000157978;ENSG00000122787;ENSG00000140943
prerank,REACTOME_DEFENSINS,0.27841224654032987,0.983336549875305,0.4808259587020649,0.5456524779440813,1.0,7/19,12.82%,ENSG00000239839;ENSG00000204548;ENSG00000164821;ENSG00000186146;ENSG00000137462;ENSG00000121807;ENSG00000164822
prerank,REACTOME_CO_INHIBITION_BY_CTLA4,-0.4038698423588549,-1.1919218047247375,0.23071170385142714,0.5460870929660961,1.0,12/21,33.84%,ENSG00000197122;ENSG00000068971;ENSG00000104695;ENSG00000117020;ENSG00000113575;ENSG00000010810;ENSG00000142208;ENSG00000066027;ENSG00000179295;ENSG00000176105;ENSG00000105221;ENSG00000154001
prerank,REACTOME_BIOTIN_TRANSPORT_AND_METABOLISM,-0.4909468863166644,-1.1899582689955295,0.2407531045533449,0.5462206821767697,1.0,4/10,20.52%,ENSG00000076555;ENSG00000120509;ENSG00000169814;ENSG00000128567
prerank,REACTOME_MOLECULES_ASSOCIATED_WITH_ELASTIC_FIBRES,-0.359640363025582,-1.192191940322356,0.21485066698146618,0.5472163847433374,1.0,17/36,31.15%,ENSG00000090006;ENSG00000172638;ENSG00000077942;ENSG00000150093;ENSG00000138080;ENSG00000119699;ENSG00000166482;ENSG00000142449;ENSG00000049323;ENSG00000140092;ENSG00000105855;ENSG00000125965;ENSG00000138448;ENSG00000117122;ENSG00000197614;ENSG00000138829;ENSG00000037749
prerank,REACTOME_DEFECTS_IN_COBALAMIN_B12_METABOLISM,-0.44884974224903507,-1.1934246174207082,0.2373013805678562,0.5474296167753483,1.0,11/14,49.81%,ENSG00000139428;ENSG00000151611;ENSG00000167775;ENSG00000119688;ENSG00000146085;ENSG00000185339;ENSG00000107611;ENSG00000168288;ENSG00000132763;ENSG00000116984;ENSG00000168216
prerank,REACTOME_CS_DS_DEGRADATION,-0.40904727026659854,-1.1867179960719145,0.2443665498247371,0.5482849405712575,1.0,13/20,39.76%,ENSG00000114646;ENSG00000173546;ENSG00000130287;ENSG00000169919;ENSG00000186792;ENSG00000011465;ENSG00000113273;ENSG00000038427;ENSG00000149328;ENSG00000163521;ENSG00000010404;ENSG00000182492;ENSG00000106302
prerank,REACTOME_MITOCHONDRIAL_MRNA_MODIFICATION,-0.48735413955144086,-1.183564722893491,0.2429317968645317,0.5482878185888397,1.0,9/10,49.98%,ENSG00000156990;ENSG00000182768;ENSG00000119705;ENSG00000138095;ENSG00000156469;ENSG00000171103;ENSG00000118246;ENSG00000107951;ENSG00000167112
prerank,REACTOME_ACTIVATION_OF_THE_AP_1_FAMILY_OF_TRANSCRIPTION_FACTORS,-0.49350109895712113,-1.1937645942919357,0.2376971821491169,0.5483510832695927,1.0,5/10,31.60%,ENSG00000185386;ENSG00000109339;ENSG00000102882;ENSG00000177606;ENSG00000112062
prerank,REACTOME_TRNA_MODIFICATION_IN_THE_NUCLEUS_AND_CYTOSOL,-0.34450914262452215,-1.1873251580918718,0.21518105849582173,0.548396223996194,1.0,42/45,63.89%,ENSG00000165118;ENSG00000145996;ENSG00000144034;ENSG00000173113;ENSG00000162623;ENSG00000196976;ENSG00000136628;ENSG00000066651;ENSG00000145331;ENSG00000162971;ENSG00000068438;ENSG00000137760;ENSG00000198874;ENSG00000167264;ENSG00000183665;ENSG00000174177;ENSG00000167118;ENSG00000160193;ENSG00000037897;ENSG00000110060;ENSG00000089195;ENSG00000091127;ENSG00000122435;ENSG00000113272;ENSG00000172315;ENSG00000241058;ENSG00000250305;ENSG00000037474;ENSG00000189007;ENSG00000065457;ENSG00000213638;ENSG00000151576;ENSG00000142544;ENSG00000155275;ENSG00000043514;ENSG00000092094;ENSG00000168806;ENSG00000213339;ENSG00000107614;ENSG00000126814;ENSG00000166166;ENSG00000104907
prerank,REACTOME_YAP1_AND_WWTR1_TAZ_STIMULATED_GENE_EXPRESSION,-0.4394747775146492,-1.184682852951721,0.24850221411825996,0.5486939631236298,1.0,9/15,33.16%,ENSG00000018408;ENSG00000197905;ENSG00000136574;ENSG00000137693;ENSG00000118523;ENSG00000007866;ENSG00000074219;ENSG00000175206;ENSG00000064393
prerank,REACTOME_DNA_METHYLATION,-0.40949154256911063,-1.1840058774793918,0.24662837162837162,0.548832151005414,1.0,15/20,48.44%,ENSG00000246705;ENSG00000105968;ENSG00000184260;ENSG00000132475;ENSG00000088305;ENSG00000188486;ENSG00000197903;ENSG00000158373;ENSG00000196890;ENSG00000184678;ENSG00000163041;ENSG00000124635;ENSG00000146047;ENSG00000180596;ENSG00000130816
prerank,REACTOME_CRMPS_IN_SEMA3A_SIGNALING,-0.43151353274256077,-1.1881331723090922,0.24322240781189772,0.549795859431285,1.0,8/16,23.11%,ENSG00000130827;ENSG00000010810;ENSG00000113657;ENSG00000157851;ENSG00000164885;ENSG00000075213;ENSG00000151640;ENSG00000072832
prerank,REACTOME_OXIDATIVE_STRESS_INDUCED_SENESCENCE,-0.3144242193164622,-1.1874313287693719,0.192850114791735,0.5499918028191205,1.0,47/80,41.38%,ENSG00000246705;ENSG00000108984;ENSG00000221983;ENSG00000185386;ENSG00000170315;ENSG00000111752;ENSG00000198176;ENSG00000173894;ENSG00000129355;ENSG00000101412;ENSG00000162889;ENSG00000105968;ENSG00000109339;ENSG00000132510;ENSG00000102882;ENSG00000143947;ENSG00000007968;ENSG00000184260;ENSG00000134686;ENSG00000105810;ENSG00000123080;ENSG00000132475;ENSG00000034152;ENSG00000178691;ENSG00000188486;ENSG00000092847;ENSG00000197903;ENSG00000158373;ENSG00000155363;ENSG00000177606;ENSG00000196890;ENSG00000071054;ENSG00000112062;ENSG00000198625;ENSG00000102054;ENSG00000184678;ENSG00000162521;ENSG00000163041;ENSG00000065559;ENSG00000126070;ENSG00000173889;ENSG00000100354;ENSG00000141582;ENSG00000010803;ENSG00000135679;ENSG00000204227;ENSG00000121481
prerank,REACTOME_DEFECTS_IN_VITAMIN_AND_COFACTOR_METABOLISM,-0.40233732328867666,-1.1848307058912924,0.24280194440982175,0.5501596870273479,1.0,15/21,49.81%,ENSG00000139428;ENSG00000151611;ENSG00000169814;ENSG00000167775;ENSG00000128567;ENSG00000119688;ENSG00000146085;ENSG00000185339;ENSG00000107611;ENSG00000168288;ENSG00000131844;ENSG00000132763;ENSG00000159267;ENSG00000116984;ENSG00000168216
prerank,REACTOME_TERMINATION_OF_O_GLYCAN_BIOSYNTHESIS,-0.39864034142652205,-1.1938270803469249,0.2287662740235586,0.5501598698084382,1.0,10/23,36.31%,ENSG00000181143;ENSG00000136840;ENSG00000185499;ENSG00000215182;ENSG00000173702;ENSG00000157350;ENSG00000073849;ENSG00000110080;ENSG00000169894;ENSG00000184005
prerank,REACTOME_EGR2_AND_SOX10_MEDIATED_INITIATION_OF_SCHWANN_CELL_MYELINATION,-0.37746056389579513,-1.1941466981760267,0.22557575757575757,0.551193993379225,1.0,17/29,36.01%,ENSG00000102385;ENSG00000100146;ENSG00000173402;ENSG00000018408;ENSG00000091136;ENSG00000122877;ENSG00000105227;ENSG00000137693;ENSG00000164199;ENSG00000196569;ENSG00000135862;ENSG00000138386;ENSG00000176894;ENSG00000104884;ENSG00000113161;ENSG00000152818;ENSG00000112414
prerank,REACTOME_S_PHASE,-0.2924237910141129,-1.1849001784217912,0.15279219431181232,0.5518658653308527,1.0,52/148,14.99%,ENSG00000175063;ENSG00000171320;ENSG00000101003;ENSG00000147536;ENSG00000189308;ENSG00000145386;ENSG00000131153;ENSG00000146670;ENSG00000164045;ENSG00000094804;ENSG00000123374;ENSG00000166483;ENSG00000106399;ENSG00000175305;ENSG00000198056;ENSG00000181938;ENSG00000100479;ENSG00000101224;ENSG00000126756;ENSG00000221983;ENSG00000183814;ENSG00000132646;ENSG00000167513;ENSG00000170315;ENSG00000125885;ENSG00000175482;ENSG00000091651;ENSG00000198176;ENSG00000111276;ENSG00000173207;ENSG00000094880;ENSG00000141552;ENSG00000111445;ENSG00000093009;ENSG00000163918;ENSG00000062822;ENSG00000166295;ENSG00000170142;ENSG00000108106;ENSG00000101412;ENSG00000049541;ENSG00000115350;ENSG00000117020;ENSG00000135336;ENSG00000014138;ENSG00000004897;ENSG00000112312;ENSG00000117748;ENSG00000133740;ENSG00000164162;ENSG00000072401;ENSG00000143947
prerank,REACTOME_NOTCH2_ACTIVATION_AND_TRANSMISSION_OF_SIGNAL_TO_THE_NUCLEUS,-0.40143162660124015,-1.1951633068323844,0.2250370736529906,0.5521042534493561,1.0,9/22,14.99%,ENSG00000221983;ENSG00000110492;ENSG00000170315;ENSG00000205155;ENSG00000138613;ENSG00000198719;ENSG00000162736;ENSG00000214357;ENSG00000143947
prerank,REACTOME_SIALIC_ACID_METABOLISM,-0.3735278325293615,-1.2009920165897265,0.21535334210211646,0.5527095262709578,1.0,11/31,26.51%,ENSG00000159921;ENSG00000204386;ENSG00000177511;ENSG00000111726;ENSG00000136840;ENSG00000119899;ENSG00000095380;ENSG00000115525;ENSG00000157350;ENSG00000073849;ENSG00000110080
prerank,REACTOME_MITOCHONDRIAL_FATTY_ACID_BETA_OXIDATION,-0.3635601959200011,-1.1956141984384425,0.21811284969179706,0.5527668482462582,1.0,19/35,28.39%,ENSG00000176244;ENSG00000167107;ENSG00000167969;ENSG00000005187;ENSG00000122971;ENSG00000155368;ENSG00000138796;ENSG00000151611;ENSG00000138029;ENSG00000124370;ENSG00000167315;ENSG00000004779;ENSG00000100294;ENSG00000123130;ENSG00000112304;ENSG00000111271;ENSG00000116353;ENSG00000141179;ENSG00000146085
prerank,REACTOME_INTEGRIN_CELL_SURFACE_INTERACTIONS,-0.3156357725197341,-1.2001982630227683,0.16995745609250573,0.5530669676059373,1.0,23/82,17.34%,ENSG00000168542;ENSG00000197565;ENSG00000076662;ENSG00000204262;ENSG00000150093;ENSG00000134871;ENSG00000108821;ENSG00000142798;ENSG00000005961;ENSG00000049089;ENSG00000182871;ENSG00000163359;ENSG00000130635;ENSG00000142173;ENSG00000171560;ENSG00000158769;ENSG00000154721;ENSG00000164692;ENSG00000142156;ENSG00000161638;ENSG00000139329;ENSG00000188157;ENSG00000105855
prerank,REACTOME_REPLACEMENT_OF_PROTAMINES_BY_NUCLEOSOMES_IN_THE_MALE_PRONUCLEUS,-0.4159002189224155,-1.1941640063603738,0.23359482007222016,0.5531580121312993,1.0,15/19,45.83%,ENSG00000096063;ENSG00000178804;ENSG00000132475;ENSG00000181038;ENSG00000188486;ENSG00000197903;ENSG00000158373;ENSG00000196890;ENSG00000122304;ENSG00000175646;ENSG00000184678;ENSG00000163041;ENSG00000124635;ENSG00000146047;ENSG00000180596
prerank,REACTOME_PRE_NOTCH_PROCESSING_IN_GOLGI,-0.4219386373328547,-1.195994140264151,0.22726699457686972,0.5536495589624677,1.0,6/18,13.59%,ENSG00000074181;ENSG00000140564;ENSG00000169733;ENSG00000086062;ENSG00000086598;ENSG00000196296
prerank,REACTOME_AKT_PHOSPHORYLATES_TARGETS_IN_THE_CYTOSOL,-0.44935443134871916,-1.1970823118011147,0.2287480680061824,0.554406020376878,1.0,11/14,50.97%,ENSG00000111276;ENSG00000002330;ENSG00000117020;ENSG00000132906;ENSG00000142208;ENSG00000105221;ENSG00000105723;ENSG00000135679;ENSG00000213341;ENSG00000205643;ENSG00000103197
prerank,REACTOME_ASSEMBLY_OF_THE_HIV_VIRION,-0.436470934468353,-1.1962054760358565,0.23570879261727762,0.5550512815596965,1.0,8/16,18.53%,ENSG00000140564;ENSG00000221983;ENSG00000141971;ENSG00000170315;ENSG00000176428;ENSG00000143947;ENSG00000152465;ENSG00000167987
prerank,REACTOME_G_BETA_GAMMA_SIGNALLING_THROUGH_CDC42,-0.4144565403639663,-1.19721565489053,0.23160797092367463,0.5560524756221946,1.0,10/19,30.01%,ENSG00000111664;ENSG00000129675;ENSG00000123143;ENSG00000168243;ENSG00000127920;ENSG00000162188;ENSG00000069966;ENSG00000176533;ENSG00000070831;ENSG00000172354
prerank,REACTOME_AZATHIOPRINE_ADME,0.26344041587428735,0.9772570222517648,0.49264705882352944,0.5566910026203535,1.0,2/22,2.18%,ENSG00000165704;ENSG00000143774
prerank,REACTOME_TRANSPORT_OF_NUCLEOSIDES_AND_FREE_PURINE_AND_PYRIMIDINE_BASES_ACROSS_THE_PLASMA_MEMBRANE,-0.46872824567271476,-1.1976341898013945,0.2341405633061332,0.5568230173115409,1.0,9/12,45.16%,ENSG00000151729;ENSG00000164638;ENSG00000197506;ENSG00000213465;ENSG00000005022;ENSG00000198246;ENSG00000102931;ENSG00000169100;ENSG00000156222
prerank,REACTOME_SIGNALING_BY_NTRK3_TRKC,0.28412566777272585,0.9762015572560977,0.4724664507172605,0.5569256088414469,1.0,2/17,1.49%,ENSG00000177885;ENSG00000174775
prerank,REACTOME_P75NTR_RECRUITS_SIGNALLING_COMPLEXES,0.3080144883361964,0.9755459927061925,0.46137699412258604,0.5573251898840151,1.0,2/13,1.89%,ENSG00000150991;ENSG00000184216
prerank,REACTOME_PRESYNAPTIC_FUNCTION_OF_KAINATE_RECEPTORS,0.27122001943846297,0.9763215256222646,0.4972758791480931,0.5575999900540467,1.0,2/20,1.03%,ENSG00000149782;ENSG00000078369
prerank,REACTOME_HDL_REMODELING,-0.49242365633708785,-1.1980557451306557,0.2311026821999458,0.5576107078997222,1.0,5/10,28.16%,ENSG00000213398;ENSG00000188878;ENSG00000130203;ENSG00000160179;ENSG00000100979
prerank,REACTOME_NGF_STIMULATED_TRANSCRIPTION,0.22818840480125174,0.9745620028782968,0.49206349206349204,0.5583595415308281,1.0,4/39,3.98%,ENSG00000111642;ENSG00000079805;ENSG00000140939;ENSG00000179388
prerank,REACTOME_CARBOXYTERMINAL_POST_TRANSLATIONAL_MODIFICATIONS_OF_TUBULIN,-0.34437957737074876,-1.1793697385760453,0.2286376811594203,0.5590331299499595,1.0,18/43,22.30%,ENSG00000198033;ENSG00000084693;ENSG00000137267;ENSG00000167552;ENSG00000100271;ENSG00000104833;ENSG00000101162;ENSG00000137821;ENSG00000145029;ENSG00000146856;ENSG00000186094;ENSG00000165923;ENSG00000143494;ENSG00000100304;ENSG00000137941;ENSG00000137285;ENSG00000176014;ENSG00000135049
prerank,REACTOME_GLYCOSPHINGOLIPID_BIOSYNTHESIS,-0.409451433069569,-1.1777849661271667,0.25453862526605736,0.5619363058880081,1.0,11/19,45.78%,ENSG00000174951;ENSG00000100422;ENSG00000148154;ENSG00000128242;ENSG00000115525;ENSG00000157350;ENSG00000235863;ENSG00000135454;ENSG00000176597;ENSG00000118276;ENSG00000126091
prerank,REACTOME_PEPTIDE_LIGAND_BINDING_RECEPTORS,0.1730000530527519,0.9698551768161467,0.5668604651162791,0.566830995696709,1.0,42/162,13.60%,ENSG00000197746;ENSG00000101327;ENSG00000142192;ENSG00000171509;ENSG00000131096;ENSG00000171049;ENSG00000143125;ENSG00000121853;ENSG00000164129;ENSG00000152034;ENSG00000164220;ENSG00000161921;ENSG00000113889;ENSG00000182687;ENSG00000181408;ENSG00000168081;ENSG00000125730;ENSG00000126353;ENSG00000115353;ENSG00000164128;ENSG00000172724;ENSG00000186810;ENSG00000156234;ENSG00000188710;ENSG00000121807;ENSG00000166603;ENSG00000148734;ENSG00000119973;ENSG00000101188;ENSG00000173432;ENSG00000143185;ENSG00000144891;ENSG00000171388;ENSG00000169618;ENSG00000180871;ENSG00000163421;ENSG00000157005;ENSG00000163394;ENSG00000198049;ENSG00000101200;ENSG00000181195;ENSG00000163606
prerank,REACTOME_PROSTACYCLIN_SIGNALLING_THROUGH_PROSTACYCLIN_RECEPTOR,0.2759899333020972,0.9679594211142677,0.4916911045943304,0.56790925262277,1.0,2/18,1.48%,ENSG00000078369;ENSG00000087460
prerank,REACTOME_GASTRIN_CREB_SIGNALLING_PATHWAY_VIA_PKC_AND_MAPK,0.2843586098122528,0.9685485089490358,0.48856742883807747,0.5685616216164461,1.0,2/17,1.49%,ENSG00000177885;ENSG00000174775
prerank,REACTOME_P75NTR_SIGNALS_VIA_NF_KB,0.2857219457478148,0.967992423032448,0.49413357400722024,0.5687687939871247,1.0,2/16,1.89%,ENSG00000150991;ENSG00000184216
prerank,REACTOME_SIGNALING_BY_FGFR2_IIIA_TM,0.26924488895551635,0.9666688144478542,0.5060886507549927,0.5695998641318044,1.0,3/19,2.28%,ENSG00000099817;ENSG00000177700;ENSG00000181222
prerank,REACTOME_INTERLEUKIN_27_SIGNALING,0.32390740701516896,0.9650370967825688,0.4715815485996705,0.5700655220183855,1.0,2/11,5.68%,ENSG00000127022;ENSG00000162434
prerank,REACTOME_SUMOYLATION_OF_TRANSCRIPTION_FACTORS,0.26652978611935035,0.9653773486366614,0.5078960774325013,0.5703344066599553,1.0,5/20,7.53%,ENSG00000184900;ENSG00000137203;ENSG00000187098;ENSG00000177374;ENSG00000087510
prerank,REACTOME_REGULATION_OF_SIGNALING_BY_CBL,0.2596138034065937,0.9656394118801307,0.5136501516683518,0.5707443625633919,1.0,2/22,1.13%,ENSG00000150991;ENSG00000177885
prerank,REACTOME_PROCESSING_OF_SMDT1,0.2842254712973455,0.9625120738332432,0.49863636363636366,0.5715287690739204,1.0,2/16,2.01%,ENSG00000107745;ENSG00000167085
prerank,REACTOME_RNA_POLYMERASE_III_CHAIN_ELONGATION,0.2712626186046068,0.963853338555644,0.5194103194103195,0.5715600296797857,1.0,2/18,2.15%,ENSG00000099817;ENSG00000177700
prerank,REACTOME_REGULATION_OF_GLUCOKINASE_BY_GLUCOKINASE_REGULATORY_PROTEIN,0.23959992655303303,0.963365878527923,0.5036363636363637,0.5716232296223672,1.0,3/31,2.10%,ENSG00000213024;ENSG00000094914;ENSG00000102900
prerank,REACTOME_PHOSPHORYLATION_OF_CD3_AND_TCR_ZETA_CHAINS,0.2605351479724242,0.9628901699421615,0.4989327641408751,0.5716792223593167,1.0,7/23,14.51%,ENSG00000103653;ENSG00000211790;ENSG00000160654;ENSG00000211810;ENSG00000232629;ENSG00000179344;ENSG00000167286
prerank,REACTOME_TETRAHYDROBIOPTERIN_BH4_SYNTHESIS_RECYCLING_SALVAGE_AND_REGULATION,0.33043491678758924,0.9596598014752393,0.4803637866887143,0.573582664741,1.0,4/10,11.11%,ENSG00000080824;ENSG00000228716;ENSG00000115353;ENSG00000138669
prerank,REACTOME_SIGNALING_BY_LTK,0.31264163744042456,0.9603518907615529,0.4907139909203467,0.5740057057867203,1.0,4/12,11.30%,ENSG00000177885;ENSG00000189292;ENSG00000196711;ENSG00000062524
prerank,REACTOME_PI_3K_CASCADE_FGFR1,0.2780455260801026,0.9597322475177924,0.5040227165168008,0.5743517642017485,1.0,5/18,10.59%,ENSG00000177885;ENSG00000186895;ENSG00000075388;ENSG00000133116;ENSG00000158815
prerank,REACTOME_RNA_POLYMERASE_II_TRANSCRIBES_SNRNA_GENES,0.19707244849288752,0.9606426356635583,0.5469432314410481,0.5743586107713735,1.0,6/75,2.28%,ENSG00000087087;ENSG00000196235;ENSG00000099817;ENSG00000177700;ENSG00000139579;ENSG00000181222
prerank,REACTOME_FATTY_ACIDS,0.29695107350945804,0.9582958917937883,0.48751076658053405,0.5753308941206645,1.0,14/14,70.32%,ENSG00000142973;ENSG00000187048;ENSG00000186529;ENSG00000186204;ENSG00000134716;ENSG00000171903;ENSG00000171954;ENSG00000186115;ENSG00000198077;ENSG00000186526;ENSG00000197408;ENSG00000100197;ENSG00000162365;ENSG00000197446
prerank,REACTOME_MATERNAL_TO_ZYGOTIC_TRANSITION_MZT,-0.3142311587671182,-1.1725810391174443,0.21101017839553463,0.5758492803255305,1.0,53/74,51.40%,ENSG00000178928;ENSG00000246705;ENSG00000100836;ENSG00000076248;ENSG00000105968;ENSG00000239605;ENSG00000096063;ENSG00000132510;ENSG00000197905;ENSG00000140988;ENSG00000147050;ENSG00000120727;ENSG00000178804;ENSG00000137693;ENSG00000184260;ENSG00000113300;ENSG00000132475;ENSG00000161960;ENSG00000181038;ENSG00000188486;ENSG00000197903;ENSG00000158373;ENSG00000196890;ENSG00000138767;ENSG00000122304;ENSG00000151247;ENSG00000149115;ENSG00000154582;ENSG00000175646;ENSG00000070756;ENSG00000184678;ENSG00000156976;ENSG00000121570;ENSG00000158435;ENSG00000163041;ENSG00000172239;ENSG00000100697;ENSG00000163530;ENSG00000125107;ENSG00000083223;ENSG00000124635;ENSG00000146047;ENSG00000180596;ENSG00000187605;ENSG00000141510;ENSG00000100393;ENSG00000063046;ENSG00000198791;ENSG00000134744;ENSG00000123908;ENSG00000144580;ENSG00000111596;ENSG00000152518
prerank,REACTOME_RAC2_GTPASE_CYCLE,-0.3058028704984515,-1.1701906408658298,0.20153696287477,0.5812263297868552,1.0,30/87,22.36%,ENSG00000147799;ENSG00000035499;ENSG00000079482;ENSG00000161800;ENSG00000142627;ENSG00000129219;ENSG00000123143;ENSG00000150093;ENSG00000149357;ENSG00000076706;ENSG00000102401;ENSG00000160007;ENSG00000105137;ENSG00000006453;ENSG00000159259;ENSG00000164040;ENSG00000051523;ENSG00000156299;ENSG00000120802;ENSG00000145819;ENSG00000139734;ENSG00000118804;ENSG00000101977;ENSG00000130669;ENSG00000128512;ENSG00000128340;ENSG00000061676;ENSG00000105647;ENSG00000046604;ENSG00000165895
prerank,REACTOME_GOLGI_TO_ER_RETROGRADE_TRANSPORT,-0.29142137939720003,-1.1689101834128033,0.18319486801977075,0.5812700595387279,1.0,37/131,11.65%,ENSG00000090889;ENSG00000104892;ENSG00000237649;ENSG00000186185;ENSG00000198033;ENSG00000112984;ENSG00000138778;ENSG00000163808;ENSG00000079462;ENSG00000142945;ENSG00000137807;ENSG00000137267;ENSG00000161800;ENSG00000084731;ENSG00000134970;ENSG00000167552;ENSG00000121621;ENSG00000170348;ENSG00000104833;ENSG00000136240;ENSG00000136883;ENSG00000148248;ENSG00000101162;ENSG00000111481;ENSG00000137100;ENSG00000004059;ENSG00000100196;ENSG00000138182;ENSG00000099246;ENSG00000086598;ENSG00000174996;ENSG00000242247;ENSG00000168374;ENSG00000151746;ENSG00000138160;ENSG00000129083;ENSG00000088986
prerank,REACTOME_LONG_TERM_POTENTIATION,-0.39159026671036723,-1.1656114877369559,0.2618754614816638,0.5816635008340975,1.0,8/22,26.85%,ENSG00000126787;ENSG00000197122;ENSG00000058404;ENSG00000132535;ENSG00000155511;ENSG00000198668;ENSG00000148660;ENSG00000105464
prerank,REACTOME_DEADENYLATION_DEPENDENT_MRNA_DECAY,-0.32613994143066216,-1.1692671565612665,0.22929144536105775,0.5821441419891433,1.0,46/55,53.40%,ENSG00000204392;ENSG00000140694;ENSG00000110063;ENSG00000151065;ENSG00000170860;ENSG00000164167;ENSG00000120699;ENSG00000113300;ENSG00000175324;ENSG00000077348;ENSG00000107371;ENSG00000106355;ENSG00000161960;ENSG00000171311;ENSG00000140395;ENSG00000178896;ENSG00000138767;ENSG00000151247;ENSG00000149115;ENSG00000070756;ENSG00000156976;ENSG00000166889;ENSG00000158435;ENSG00000141698;ENSG00000110367;ENSG00000075914;ENSG00000172239;ENSG00000083520;ENSG00000179151;ENSG00000112339;ENSG00000152520;ENSG00000198677;ENSG00000123737;ENSG00000125107;ENSG00000204351;ENSG00000083223;ENSG00000240857;ENSG00000130332;ENSG00000063046;ENSG00000198791;ENSG00000134744;ENSG00000114127;ENSG00000144580;ENSG00000111596;ENSG00000141543;ENSG00000182973
prerank,REACTOME_TRANSPORT_OF_THE_SLBP_DEPENDANT_MATURE_MRNA,0.22994635504845473,0.9542562702140889,0.538899430740038,0.5825909111130437,1.0,3/35,2.10%,ENSG00000213024;ENSG00000094914;ENSG00000102900
prerank,REACTOME_ONCOGENE_INDUCED_SENESCENCE,-0.35795882158774484,-1.1670473838160877,0.2479515496971856,0.5830892835909085,1.0,14/33,26.77%,ENSG00000134954;ENSG00000221983;ENSG00000170315;ENSG00000198176;ENSG00000129355;ENSG00000101412;ENSG00000102882;ENSG00000143947;ENSG00000007968;ENSG00000157557;ENSG00000105810;ENSG00000123080;ENSG00000092847;ENSG00000155363
prerank,REACTOME_GAMMA_CARBOXYLATION_TRANSPORT_AND_AMINO_TERMINAL_CLEAVAGE_OF_PROTEINS,-0.46965683556592375,-1.1657506491793461,0.266825333862224,0.583144045760927,1.0,3/11,11.00%,ENSG00000140564;ENSG00000115486;ENSG00000242252
prerank,REACTOME_TELOMERE_EXTENSION_BY_TELOMERASE,-0.3876887493751282,-1.1674813427240425,0.25871379479626905,0.5837118704184006,1.0,8/23,23.03%,ENSG00000140451;ENSG00000145386;ENSG00000123374;ENSG00000102977;ENSG00000092330;ENSG00000147601;ENSG00000175792;ENSG00000145912
prerank,REACTOME_ERBB2_ACTIVATES_PTK6_SIGNALING,0.2999956575521218,0.9526725889517854,0.4873417721518987,0.583829597953415,1.0,3/13,11.58%,ENSG00000138798;ENSG00000158458;ENSG00000124882
prerank,REACTOME_REGULATION_OF_FZD_BY_UBIQUITINATION,0.2620392812977303,0.9528848421897073,0.529979674796748,0.5843256487965128,1.0,4/21,4.85%,ENSG00000150991;ENSG00000154342;ENSG00000146374;ENSG00000169218
prerank,REACTOME_RND2_GTPASE_CYCLE,-0.3419455372336751,-1.1657668346653869,0.24699907663896584,0.5850418967019158,1.0,21/42,38.01%,ENSG00000136026;ENSG00000035499;ENSG00000118193;ENSG00000142627;ENSG00000108830;ENSG00000137218;ENSG00000162738;ENSG00000160007;ENSG00000158062;ENSG00000174943;ENSG00000163629;ENSG00000105647;ENSG00000107890;ENSG00000173702;ENSG00000090615;ENSG00000010322;ENSG00000109079;ENSG00000072210;ENSG00000111647;ENSG00000180900;ENSG00000090273
prerank,REACTOME_SEMA3A_PLEXIN_REPULSION_SIGNALING_BY_INHIBITING_INTEGRIN_ADHESION,-0.43556729998673643,-1.1622716791861165,0.2698289269051322,0.5899087025672435,1.0,6/14,19.57%,ENSG00000130827;ENSG00000186111;ENSG00000126458;ENSG00000010810;ENSG00000075213;ENSG00000006607
prerank,REACTOME_ASPIRIN_ADME,0.22633628673982692,0.9469652989345405,0.5509409474367294,0.5924493120330545,1.0,2/35,1.51%,ENSG00000108846;ENSG00000172270
prerank,REACTOME_PROTEIN_PROTEIN_INTERACTIONS_AT_SYNAPSES,-0.3043406987696426,-1.1606951160214833,0.21532293021239704,0.5927685205484192,1.0,27/85,17.92%,ENSG00000179526;ENSG00000126787;ENSG00000196338;ENSG00000142949;ENSG00000126243;ENSG00000128011;ENSG00000170579;ENSG00000131409;ENSG00000136854;ENSG00000185985;ENSG00000104863;ENSG00000169992;ENSG00000051128;ENSG00000125675;ENSG00000179542;ENSG00000132535;ENSG00000133318;ENSG00000105426;ENSG00000067715;ENSG00000173621;ENSG00000103942;ENSG00000173227;ENSG00000082397;ENSG00000121871;ENSG00000110076;ENSG00000155511;ENSG00000140538
prerank,REACTOME_HDACS_DEACETYLATE_HISTONES,0.21016912714195035,0.9476042105245251,0.5796637309847879,0.5930717900300798,1.0,3/48,0.33%,ENSG00000111642;ENSG00000171720;ENSG00000116478
prerank,REACTOME_JNK_C_JUN_KINASES_PHOSPHORYLATION_AND_ACTIVATION_MEDIATED_BY_ACTIVATED_HUMAN_TAK1,0.2596607317348736,0.9470772276607491,0.5392354124748491,0.5931827630302009,1.0,2/21,1.89%,ENSG00000150991;ENSG00000184216
prerank,REACTOME_TRANSCRIPTIONAL_ACTIVATION_OF_MITOCHONDRIAL_BIOGENESIS,0.20636914538996298,0.9434809411904936,0.5757328990228013,0.5983243731292691,1.0,4/53,2.33%,ENSG00000171720;ENSG00000023330;ENSG00000172534;ENSG00000110955
prerank,REACTOME_RHOC_GTPASE_CYCLE,-0.31084216108720697,-1.1582289240646695,0.2266047950502707,0.5984688020425225,1.0,24/73,15.50%,ENSG00000240771;ENSG00000147799;ENSG00000035499;ENSG00000122966;ENSG00000079482;ENSG00000155366;ENSG00000050327;ENSG00000161800;ENSG00000160447;ENSG00000123143;ENSG00000183856;ENSG00000076706;ENSG00000011426;ENSG00000114993;ENSG00000160007;ENSG00000204178;ENSG00000088986;ENSG00000107897;ENSG00000177469;ENSG00000110237;ENSG00000120802;ENSG00000162236;ENSG00000145819;ENSG00000165801
prerank,REACTOME_SIGNALING_BY_WNT_IN_CANCER,-0.3526655543667949,-1.1552592236245876,0.2658333333333333,0.5998613425484808,1.0,19/34,38.59%,ENSG00000102312;ENSG00000107984;ENSG00000183762;ENSG00000068971;ENSG00000104695;ENSG00000175029;ENSG00000108375;ENSG00000113575;ENSG00000174804;ENSG00000159692;ENSG00000066027;ENSG00000173273;ENSG00000134982;ENSG00000113712;ENSG00000155011;ENSG00000154001;ENSG00000163251;ENSG00000177283;ENSG00000164930
prerank,REACTOME_TRANSCRIPTIONAL_REGULATION_BY_E2F6,-0.35563800436973964,-1.1555461773516935,0.2663822727811352,0.6009187474503994,1.0,14/33,24.74%,ENSG00000051180;ENSG00000171848;ENSG00000149554;ENSG00000126756;ENSG00000169016;ENSG00000111752;ENSG00000198176;ENSG00000101412;ENSG00000012048;ENSG00000101773;ENSG00000156374;ENSG00000097046;ENSG00000120868;ENSG00000178691
prerank,REACTOME_NFE2L2_REGULATING_TUMORIGENIC_GENES,0.3270322476364503,0.9416018205011707,0.5099472188388144,0.6010339291978026,1.0,2/10,7.77%,ENSG00000138798;ENSG00000197461
prerank,REACTOME_INTERLEUKIN_6_FAMILY_SIGNALING,-0.38844439262277786,-1.1566725943040044,0.2700775581686265,0.601318642662418,1.0,8/22,27.55%,ENSG00000137070;ENSG00000150281;ENSG00000175505;ENSG00000136280;ENSG00000134352;ENSG00000096968;ENSG00000113594;ENSG00000179295
prerank,REACTOME_PLATELET_SENSITIZATION_BY_LDL,0.2771431254164481,0.9407154629012614,0.5255896751223854,0.6018095934692378,1.0,2/16,2.37%,ENSG00000157193;ENSG00000105568
prerank,REACTOME_REGULATION_OF_IFNG_SIGNALING,-0.4434057764838729,-1.155801637221068,0.2739816031537451,0.6020823218269982,1.0,6/13,27.55%,ENSG00000159128;ENSG00000027697;ENSG00000116030;ENSG00000175354;ENSG00000096968;ENSG00000179295
prerank,REACTOME_IRAK1_RECRUITS_IKK_COMPLEX,0.29827202621105325,0.9392277917934626,0.5073759499329459,0.6038146315249673,1.0,2/13,1.89%,ENSG00000150991;ENSG00000184216
prerank,REACTOME_RHOQ_GTPASE_CYCLE,-0.31945756994596314,-1.1501125536222503,0.24627539503386003,0.6119268131464898,1.0,18/59,21.40%,ENSG00000131089;ENSG00000035499;ENSG00000079482;ENSG00000123143;ENSG00000149357;ENSG00000183856;ENSG00000004777;ENSG00000160007;ENSG00000149798;ENSG00000105137;ENSG00000159259;ENSG00000088986;ENSG00000145819;ENSG00000154358;ENSG00000139734;ENSG00000130669;ENSG00000196220;ENSG00000198752
prerank,REACTOME_CO_STIMULATION_BY_CD28,-0.33045285898929755,-1.1504959674934991,0.26176915029640824,0.6127014693643215,1.0,22/47,33.84%,ENSG00000077264;ENSG00000197122;ENSG00000123143;ENSG00000167965;ENSG00000068971;ENSG00000119487;ENSG00000104695;ENSG00000117020;ENSG00000113575;ENSG00000010810;ENSG00000105647;ENSG00000142208;ENSG00000066027;ENSG00000140992;ENSG00000176105;ENSG00000186654;ENSG00000070831;ENSG00000101255;ENSG00000164327;ENSG00000051382;ENSG00000105221;ENSG00000154001
prerank,REACTOME_ZYGOTIC_GENOME_ACTIVATION_ZGA,-0.47339930839164074,-1.1458195563321094,0.2880064179703169,0.6135600611086354,1.0,9/10,49.70%,ENSG00000178928;ENSG00000197905;ENSG00000137693;ENSG00000121570;ENSG00000163530;ENSG00000083223;ENSG00000141510;ENSG00000100393;ENSG00000134744
prerank,REACTOME_ATP_DEPENDENT_CHROMATIN_REMODELERS,0.2308931720401744,0.9337204644539898,0.562126642771804,0.6137681512464851,1.0,3/31,2.35%,ENSG00000075624;ENSG00000127616;ENSG00000099956
prerank,REACTOME_INTRAFLAGELLAR_TRANSPORT,-0.3221169857147474,-1.146270441581331,0.2611022546117058,0.614092795205651,1.0,33/54,37.80%,ENSG00000128581;ENSG00000198033;ENSG00000137267;ENSG00000084731;ENSG00000167552;ENSG00000104833;ENSG00000213123;ENSG00000101162;ENSG00000122970;ENSG00000119650;ENSG00000118096;ENSG00000088986;ENSG00000119333;ENSG00000125971;ENSG00000138036;ENSG00000138002;ENSG00000137285;ENSG00000176014;ENSG00000114446;ENSG00000163913;ENSG00000068885;ENSG00000101350;ENSG00000081870;ENSG00000105948;ENSG00000197557;ENSG00000032742;ENSG00000096872;ENSG00000075945;ENSG00000157796;ENSG00000131437;ENSG00000101052;ENSG00000109083;ENSG00000123607
prerank,REACTOME_NEGATIVE_REGULATION_OF_FGFR3_SIGNALING,-0.3696488089697363,-1.1443021418481933,0.2821988246816846,0.6143592805507577,1.0,10/26,14.99%,ENSG00000129682;ENSG00000197122;ENSG00000221983;ENSG00000170315;ENSG00000156427;ENSG00000104695;ENSG00000102882;ENSG00000068078;ENSG00000113575;ENSG00000143947
prerank,REACTOME_RRNA_MODIFICATION_IN_THE_MITOCHONDRION,-0.4397257633630687,-1.1474020379943872,0.2833551769331586,0.6144601318484462,1.0,8/13,49.98%,ENSG00000156990;ENSG00000182768;ENSG00000117481;ENSG00000029639;ENSG00000156469;ENSG00000122085;ENSG00000118246;ENSG00000167112
prerank,REACTOME_KERATAN_SULFATE_KERATIN_METABOLISM,-0.3456665107497118,-1.1447798083633989,0.276074345921629,0.6148417994653996,1.0,17/36,34.61%,ENSG00000130958;ENSG00000086062;ENSG00000117411;ENSG00000121578;ENSG00000135677;ENSG00000106809;ENSG00000122863;ENSG00000139329;ENSG00000135702;ENSG00000141012;ENSG00000174684;ENSG00000157350;ENSG00000110080;ENSG00000149328;ENSG00000170340;ENSG00000127083;ENSG00000163521
prerank,REACTOME_GLUTAMATE_AND_GLUTAMINE_METABOLISM,-0.4397423513726419,-1.143452990482151,0.2987302002879958,0.6150582808806305,1.0,6/13,14.43%,ENSG00000183010;ENSG00000171097;ENSG00000166532;ENSG00000104524;ENSG00000143811;ENSG00000059573
prerank,REACTOME_TRANSLESION_SYNTHESIS_BY_POLH,-0.3981637084996629,-1.1465567904554739,0.2860715178794699,0.6151308859260521,1.0,10/19,14.99%,ENSG00000051341;ENSG00000106399;ENSG00000221983;ENSG00000132646;ENSG00000170315;ENSG00000111445;ENSG00000163918;ENSG00000049541;ENSG00000117748;ENSG00000143947
prerank,REACTOME_ION_CHANNEL_TRANSPORT,-0.27796580507556995,-1.1476582750265445,0.19320638188368502,0.6156258583754918,1.0,65/176,26.68%,ENSG00000167614;ENSG00000213760;ENSG00000137726;ENSG00000129244;ENSG00000134160;ENSG00000171130;ENSG00000164038;ENSG00000119929;ENSG00000196689;ENSG00000120509;ENSG00000074855;ENSG00000165238;ENSG00000167995;ENSG00000221983;ENSG00000116039;ENSG00000058404;ENSG00000113732;ENSG00000170315;ENSG00000130529;ENSG00000186815;ENSG00000165240;ENSG00000147614;ENSG00000117410;ENSG00000162572;ENSG00000157514;ENSG00000090674;ENSG00000016490;ENSG00000070961;ENSG00000083067;ENSG00000196296;ENSG00000196632;ENSG00000143947;ENSG00000187688;ENSG00000075142;ENSG00000137975;ENSG00000108684;ENSG00000145246;ENSG00000128524;ENSG00000118515;ENSG00000119121;ENSG00000171714;ENSG00000159363;ENSG00000104321;ENSG00000144935;ENSG00000155097;ENSG00000198668;ENSG00000109572;ENSG00000016602;ENSG00000103249;ENSG00000126562;ENSG00000155962;ENSG00000186510;ENSG00000114859;ENSG00000186009;ENSG00000188037;ENSG00000033627;ENSG00000047617;ENSG00000148660;ENSG00000104205;ENSG00000133107;ENSG00000101974;ENSG00000198523;ENSG00000136295;ENSG00000151418;ENSG00000105929
prerank,REACTOME_RND1_GTPASE_CYCLE,-0.3339439194245549,-1.1354816447918437,0.27936729471970223,0.6167779991590993,1.0,17/42,24.89%,ENSG00000035499;ENSG00000118193;ENSG00000142627;ENSG00000171680;ENSG00000137218;ENSG00000162738;ENSG00000160007;ENSG00000075391;ENSG00000158062;ENSG00000133818;ENSG00000115355;ENSG00000163629;ENSG00000096696;ENSG00000105647;ENSG00000116209;ENSG00000107890;ENSG00000173702
prerank,REACTOME_PHOSPHOLIPASE_C_MEDIATED_CASCADE_FGFR4,-0.47239173865048484,-1.1478791797245786,0.2887693342299933,0.6169100666602731,1.0,3/10,14.55%,ENSG00000129682;ENSG00000156427;ENSG00000160867
prerank,REACTOME_SIRT1_NEGATIVELY_REGULATES_RRNA_EXPRESSION,-0.3711327253888005,-1.1358919938367888,0.2947843041676822,0.6173897735227942,1.0,16/25,46.65%,ENSG00000246705;ENSG00000105968;ENSG00000184260;ENSG00000132475;ENSG00000132275;ENSG00000188486;ENSG00000197903;ENSG00000158373;ENSG00000196890;ENSG00000184678;ENSG00000163041;ENSG00000124635;ENSG00000143498;ENSG00000146047;ENSG00000180596;ENSG00000096717
prerank,REACTOME_MET_PROMOTES_CELL_MOTILITY,-0.33687471668370056,-1.1364282867563904,0.2827960798205219,0.6176441505748842,1.0,14/39,23.09%,ENSG00000168542;ENSG00000197122;ENSG00000204262;ENSG00000150093;ENSG00000108821;ENSG00000091136;ENSG00000101680;ENSG00000130635;ENSG00000196739;ENSG00000164692;ENSG00000060718;ENSG00000196569;ENSG00000135862;ENSG00000131746
prerank,REACTOME_MITOCHONDRIAL_IRON_SULFUR_CLUSTER_BIOGENESIS,-0.4345981398084301,-1.1368448125128767,0.3062532705389848,0.6182559422894379,1.0,9/13,48.19%,ENSG00000267673;ENSG00000165898;ENSG00000165060;ENSG00000244005;ENSG00000135070;ENSG00000161513;ENSG00000182512;ENSG00000155287;ENSG00000100209
prerank,REACTOME_PROCESSIVE_SYNTHESIS_ON_THE_C_STRAND_OF_THE_TELOMERE,-0.3949706294503937,-1.1373885788985243,0.2996221662468514,0.6184548817930285,1.0,11/19,23.29%,ENSG00000106399;ENSG00000197299;ENSG00000132646;ENSG00000175482;ENSG00000062822;ENSG00000117748;ENSG00000102977;ENSG00000092330;ENSG00000147601;ENSG00000165392;ENSG00000144749
prerank,REACTOME_SLBP_DEPENDENT_PROCESSING_OF_REPLICATION_DEPENDENT_HISTONE_PRE_MRNAS,-0.4578050327564317,-1.1417224853236951,0.29601693793833533,0.6184755451167162,1.0,9/11,48.13%,ENSG00000181817;ENSG00000100028;ENSG00000143977;ENSG00000136937;ENSG00000163950;ENSG00000142528;ENSG00000114503;ENSG00000125835;ENSG00000155858
prerank,REACTOME_SODIUM_CALCIUM_EXCHANGERS,-0.45659148739893896,-1.1374835706193973,0.29805644302449413,0.6200634736133116,1.0,5/11,23.93%,ENSG00000089060;ENSG00000183023;ENSG00000075142;ENSG00000198668;ENSG00000155886
prerank,REACTOME_RNA_POLYMERASE_II_TRANSCRIPTION,-0.2542981578984885,-1.1377436000757777,0.029,0.6211596919561247,1.0,577/1274,36.27%,ENSG00000112695;ENSG00000081189;ENSG00000175063;ENSG00000136943;ENSG00000198521;ENSG00000088325;ENSG00000126351;ENSG00000074181;ENSG00000176293;ENSG00000178999;ENSG00000115129;ENSG00000167562;ENSG00000083838;ENSG00000134057;ENSG00000089685;ENSG00000160352;ENSG00000141736;ENSG00000179222;ENSG00000051180;ENSG00000198440;ENSG00000036672;ENSG00000171848;ENSG00000119927;ENSG00000082014;ENSG00000101057;ENSG00000198939;ENSG00000145386;ENSG00000136866;ENSG00000149932;ENSG00000170312;ENSG00000062370;ENSG00000131174;ENSG00000131143;ENSG00000140564;ENSG00000172888;ENSG00000166337;ENSG00000123374;ENSG00000197937;ENSG00000165891;ENSG00000087088;ENSG00000197122;ENSG00000144554;ENSG00000106399;ENSG00000173530;ENSG00000175305;ENSG00000196724;ENSG00000197299;ENSG00000149554;ENSG00000185245;ENSG00000087586;ENSG00000108590;ENSG00000198028;ENSG00000158828;ENSG00000168067;ENSG00000051596;ENSG00000159216;ENSG00000083814;ENSG00000178150;ENSG00000246705;ENSG00000196150;ENSG00000171792;ENSG00000108984;ENSG00000018408;ENSG00000197044;ENSG00000163737;ENSG00000133619;ENSG00000179909;ENSG00000127184;ENSG00000126756;ENSG00000149357;ENSG00000167965;ENSG00000081059;ENSG00000158402;ENSG00000152284;ENSG00000100836;ENSG00000074590;ENSG00000174371;ENSG00000148200;ENSG00000158321;ENSG00000177426;ENSG00000196967;ENSG00000221983;ENSG00000100429;ENSG00000130005;ENSG00000152439;ENSG00000078237;ENSG00000188868;ENSG00000164011;ENSG00000108840;ENSG00000172748;ENSG00000108854;ENSG00000135047;ENSG00000058404;ENSG00000156802;ENSG00000188227;ENSG00000204920;ENSG00000163517;ENSG00000142082;ENSG00000111775;ENSG00000179195;ENSG00000132646;ENSG00000140525;ENSG00000184384;ENSG00000185386;ENSG00000144792;ENSG00000167005;ENSG00000028277;ENSG00000108821;ENSG00000101849;ENSG00000170315;ENSG00000169016;ENSG00000129173;ENSG00000176340;ENSG00000197016;ENSG00000256229;ENSG00000101076;ENSG00000167377;ENSG00000025434;ENSG00000103363;ENSG00000111752;ENSG00000106366;ENSG00000204604;ENSG00000130203;ENSG00000147669;ENSG00000187792;ENSG00000197128;ENSG00000168301;ENSG00000198176;ENSG00000111276;ENSG00000171817;ENSG00000119487;ENSG00000116017;ENSG00000094880;ENSG00000141552;ENSG00000111445;ENSG00000155868;ENSG00000149054;ENSG00000163918;ENSG00000101665;ENSG00000104695;ENSG00000174446;ENSG00000188785;ENSG00000160113;ENSG00000168002;ENSG00000197619;ENSG00000173894;ENSG00000140262;ENSG00000166295;ENSG00000170142;ENSG00000165731;ENSG00000170954;ENSG00000168661;ENSG00000108106;ENSG00000138794;ENSG00000101412;ENSG00000171862;ENSG00000049541;ENSG00000088179;ENSG00000118707;ENSG00000042286;ENSG00000162086;ENSG00000197123;ENSG00000197124;ENSG00000005961;ENSG00000185513;ENSG00000198719;ENSG00000185252;ENSG00000143799;ENSG00000237440;ENSG00000135940;ENSG00000105968;ENSG00000169372;ENSG00000136319;ENSG00000198185;ENSG00000177932;ENSG00000117020;ENSG00000242252;ENSG00000134574;ENSG00000143499;ENSG00000166908;ENSG00000015475;ENSG00000164949;ENSG00000105327;ENSG00000141391;ENSG00000151849;ENSG00000120784;ENSG00000147121;ENSG00000120963;ENSG00000120798;ENSG00000159882;ENSG00000118513;ENSG00000012048;ENSG00000116586;ENSG00000167380;ENSG00000078328;ENSG00000077092;ENSG00000167555;ENSG00000171466;ENSG00000136870;ENSG00000068024;ENSG00000160336;ENSG00000198538;ENSG00000176024;ENSG00000197020;ENSG00000196867;ENSG00000018869;ENSG00000196263;ENSG00000172530;ENSG00000105708;ENSG00000159915;ENSG00000004897;ENSG00000083750;ENSG00000127081;ENSG00000196466;ENSG00000197905;ENSG00000161298;ENSG00000117748;ENSG00000196418;ENSG00000178229;ENSG00000131055;ENSG00000127445;ENSG00000164692;ENSG00000111358;ENSG00000133740;ENSG00000102882;ENSG00000204611;ENSG00000140987;ENSG00000172819;ENSG00000213096;ENSG00000146757;ENSG00000120656;ENSG00000123405;ENSG00000189042;ENSG00000164162;ENSG00000189180;ENSG00000186020;ENSG00000094631;ENSG00000072401;ENSG00000188171;ENSG00000178187;ENSG00000113575;ENSG00000256294;ENSG00000171469;ENSG00000161638;ENSG00000143947;ENSG00000160563;ENSG00000197497;ENSG00000196757;ENSG00000198551;ENSG00000177842;ENSG00000164938;ENSG00000130844;ENSG00000175643;ENSG00000136574;ENSG00000131115;ENSG00000153767;ENSG00000183765;ENSG00000137693;ENSG00000090097;ENSG00000159723;ENSG00000197566;ENSG00000176697;ENSG00000196152;ENSG00000198342;ENSG00000176102;ENSG00000170855;ENSG00000181817;ENSG00000103266;ENSG00000118523;ENSG00000167528;ENSG00000213020;ENSG00000171827;ENSG00000109270;ENSG00000003400;ENSG00000159377;ENSG00000074047;ENSG00000196378;ENSG00000164885;ENSG00000198039;ENSG00000111196;ENSG00000158169;ENSG00000080839;ENSG00000196172;ENSG00000104976;ENSG00000181450;ENSG00000172379;ENSG00000088808;ENSG00000213246;ENSG00000101773;ENSG00000118515;ENSG00000245680;ENSG00000096060;ENSG00000147133;ENSG00000106290;ENSG00000197928;ENSG00000005075;ENSG00000156374;ENSG00000100028;ENSG00000096654;ENSG00000198795;ENSG00000149050;ENSG00000145908;ENSG00000181666;ENSG00000109332;ENSG00000187187;ENSG00000167554;ENSG00000116030;ENSG00000184260;ENSG00000250312;ENSG00000188295;ENSG00000081386;ENSG00000256087;ENSG00000100387;ENSG00000116717;ENSG00000141425;ENSG00000178338;ENSG00000173041;ENSG00000188283;ENSG00000113300;ENSG00000134686;ENSG00000106571;ENSG00000110092;ENSG00000097046;ENSG00000198093;ENSG00000116954;ENSG00000197343;ENSG00000198668;ENSG00000198464;ENSG00000154262;ENSG00000083817;ENSG00000131127;ENSG00000181449;ENSG00000122386;ENSG00000198431;ENSG00000133119;ENSG00000100142;ENSG00000187607;ENSG00000205323;ENSG00000256771;ENSG00000105810;ENSG00000197714;ENSG00000161021;ENSG00000112237;ENSG00000178573;ENSG00000100519;ENSG00000142065;ENSG00000143977;ENSG00000159479;ENSG00000134058;ENSG00000171163;ENSG00000204231;ENSG00000166261;ENSG00000007866;ENSG00000178913;ENSG00000204356;ENSG00000189043;ENSG00000111725;ENSG00000165392;ENSG00000171649;ENSG00000161281;ENSG00000074219;ENSG00000120868;ENSG00000186230;ENSG00000142208;ENSG00000105835;ENSG00000153896;ENSG00000189144;ENSG00000175691;ENSG00000132475;ENSG00000128915;ENSG00000186017;ENSG00000196081;ENSG00000115216;ENSG00000096070;ENSG00000145088;ENSG00000187801;ENSG00000135547;ENSG00000198466;ENSG00000188186;ENSG00000118046;ENSG00000117560;ENSG00000197951;ENSG00000131759;ENSG00000197780;ENSG00000152495;ENSG00000020426;ENSG00000170365;ENSG00000064102;ENSG00000186300;ENSG00000229809;ENSG00000178691;ENSG00000196437;ENSG00000100567;ENSG00000133703;ENSG00000269699;ENSG00000134248;ENSG00000148660;ENSG00000140009;ENSG00000136518;ENSG00000171295;ENSG00000169258;ENSG00000150907;ENSG00000080546;ENSG00000196458;ENSG00000184481;ENSG00000188486;ENSG00000197265;ENSG00000197302;ENSG00000025039;ENSG00000080503;ENSG00000197008;ENSG00000130818;ENSG00000089335;ENSG00000092847;ENSG00000185947;ENSG00000197903;ENSG00000141682;ENSG00000184162;ENSG00000163875;ENSG00000180884;ENSG00000158373;ENSG00000131981;ENSG00000147124;ENSG00000113594;ENSG00000198453;ENSG00000132356;ENSG00000155363;ENSG00000085644;ENSG00000113328;ENSG00000177606;ENSG00000112333;ENSG00000143106;ENSG00000214652;ENSG00000186272;ENSG00000242852;ENSG00000267680;ENSG00000196890;ENSG00000189298;ENSG00000163882;ENSG00000082258;ENSG00000184517;ENSG00000100362;ENSG00000140992;ENSG00000179295;ENSG00000136937;ENSG00000136146;ENSG00000081665;ENSG00000168438;ENSG00000188033;ENSG00000176105;ENSG00000164924;ENSG00000169230;ENSG00000022976;ENSG00000196110;ENSG00000163939;ENSG00000164683;ENSG00000186654;ENSG00000175206;ENSG00000090060;ENSG00000108506;ENSG00000073282;ENSG00000104320;ENSG00000169131;ENSG00000171223;ENSG00000144852;ENSG00000163950;ENSG00000177565;ENSG00000177595;ENSG00000055609;ENSG00000160961;ENSG00000102786;ENSG00000186448;ENSG00000140395;ENSG00000142556;ENSG00000090061;ENSG00000005801;ENSG00000130684;ENSG00000138346;ENSG00000066427;ENSG00000122512;ENSG00000104884;ENSG00000013619;ENSG00000148400;ENSG00000164327;ENSG00000104613;ENSG00000138767;ENSG00000122068;ENSG00000184113;ENSG00000198146;ENSG00000155876;ENSG00000124641;ENSG00000136826;ENSG00000196268;ENSG00000106588;ENSG00000112378;ENSG00000159905;ENSG00000104973;ENSG00000055130;ENSG00000137947;ENSG00000137337;ENSG00000105258;ENSG00000171574;ENSG00000128886;ENSG00000112062;ENSG00000198625;ENSG00000113916;ENSG00000127334;ENSG00000197372;ENSG00000164975;ENSG00000133895;ENSG00000139651;ENSG00000149115;ENSG00000120889;ENSG00000120616;ENSG00000137834;ENSG00000154582;ENSG00000145736;ENSG00000102054;ENSG00000137815;ENSG00000147180;ENSG00000110768;ENSG00000267508;ENSG00000197863;ENSG00000143437;ENSG00000145349;ENSG00000008018;ENSG00000152942;ENSG00000064393;ENSG00000172687;ENSG00000251369;ENSG00000188986;ENSG00000164151;ENSG00000105221;ENSG00000184678;ENSG00000057657;ENSG00000124486;ENSG00000124795;ENSG00000130766;ENSG00000187815;ENSG00000126368;ENSG00000167785;ENSG00000141646;ENSG00000164919;ENSG00000102760;ENSG00000165934;ENSG00000105136;ENSG00000134371;ENSG00000196782;ENSG00000173153;ENSG00000064313;ENSG00000079134;ENSG00000173258;ENSG00000114315;ENSG00000263002;ENSG00000182578;ENSG00000181929;ENSG00000155542;ENSG00000101654;ENSG00000118971;ENSG00000120471;ENSG00000090612;ENSG00000157429;ENSG00000143067;ENSG00000234444;ENSG00000197024;ENSG00000142528;ENSG00000145632;ENSG00000162521;ENSG00000127124;ENSG00000158435;ENSG00000136997;ENSG00000114503;ENSG00000184939;ENSG00000127337;ENSG00000073584;ENSG00000163041;ENSG00000188321
prerank,REACTOME_OLFACTORY_SIGNALING_PATHWAY,0.21269158288107703,0.9293410947900508,0.5994531784005468,0.6215490885272875,1.0,11/42,15.38%,ENSG00000078369;ENSG00000178586;ENSG00000182083;ENSG00000196071;ENSG00000181074;ENSG00000241356;ENSG00000124657;ENSG00000241128;ENSG00000243896;ENSG00000141404;ENSG00000188269
prerank,REACTOME_ASSEMBLY_OF_THE_ORC_COMPLEX_AT_THE_ORIGIN_OF_REPLICATION,-0.3702507989688244,-1.1388410782357898,0.2971560525036461,0.6215827888989609,1.0,13/26,27.25%,ENSG00000246705;ENSG00000091651;ENSG00000105968;ENSG00000135336;ENSG00000025800;ENSG00000115942;ENSG00000184260;ENSG00000132475;ENSG00000188486;ENSG00000197903;ENSG00000158373;ENSG00000164815;ENSG00000196890
prerank,REACTOME_NEGATIVE_REGULATION_OF_FGFR4_SIGNALING,-0.3682107309947329,-1.1393895791475352,0.2905826310003664,0.6217733111412008,1.0,10/26,14.99%,ENSG00000129682;ENSG00000197122;ENSG00000221983;ENSG00000170315;ENSG00000156427;ENSG00000104695;ENSG00000102882;ENSG00000160867;ENSG00000113575;ENSG00000143947
prerank,REACTOME_OTHER_INTERLEUKIN_SIGNALING,-0.38087053813293537,-1.1398854377762433,0.2965722801788376,0.6221750804357743,1.0,11/23,27.67%,ENSG00000008517;ENSG00000157368;ENSG00000185436;ENSG00000115884;ENSG00000164305;ENSG00000076944;ENSG00000243646;ENSG00000132639;ENSG00000103496;ENSG00000106278;ENSG00000220205
prerank,REACTOME_PHASE_II_CONJUGATION_OF_COMPOUNDS,-0.29621805716174227,-1.1380224565076549,0.2517845554834523,0.6221953256748417,1.0,28/90,22.28%,ENSG00000130958;ENSG00000169902;ENSG00000131067;ENSG00000114631;ENSG00000178814;ENSG00000128965;ENSG00000001084;ENSG00000117448;ENSG00000093010;ENSG00000143198;ENSG00000197448;ENSG00000085871;ENSG00000008394;ENSG00000114779;ENSG00000134184;ENSG00000166840;ENSG00000100577;ENSG00000116704;ENSG00000139684;ENSG00000100031;ENSG00000006625;ENSG00000109814;ENSG00000173113;ENSG00000214435;ENSG00000166741;ENSG00000099998;ENSG00000168671;ENSG00000104331
prerank,REACTOME_COHESIN_LOADING_ONTO_CHROMATIN,-0.46892878021824425,-1.132897658480558,0.30331249168551283,0.6226825832587947,1.0,8/10,47.64%,ENSG00000072501;ENSG00000164754;ENSG00000101972;ENSG00000164190;ENSG00000108055;ENSG00000121892;ENSG00000083642;ENSG00000118007
prerank,REACTOME_HDR_THROUGH_MMEJ_ALT_NHEJ,-0.4435046854202852,-1.131653114523202,0.30721865583649943,0.6227298105643957,1.0,10/12,37.71%,ENSG00000051341;ENSG00000139618;ENSG00000143799;ENSG00000002016;ENSG00000101773;ENSG00000129484;ENSG00000005156;ENSG00000104320;ENSG00000113522;ENSG00000073050
prerank,REACTOME_ASPARAGINE_N_LINKED_GLYCOSYLATION,-0.2635067811561727,-1.129968897803875,0.17318548387096774,0.6241553983049128,1.0,133/306,29.78%,ENSG00000150961;ENSG00000198033;ENSG00000174871;ENSG00000169084;ENSG00000179085;ENSG00000137267;ENSG00000159921;ENSG00000134970;ENSG00000167552;ENSG00000181029;ENSG00000170348;ENSG00000104522;ENSG00000104833;ENSG00000228474;ENSG00000086848;ENSG00000136240;ENSG00000204386;ENSG00000134910;ENSG00000177511;ENSG00000221983;ENSG00000101162;ENSG00000204308;ENSG00000102158;ENSG00000111481;ENSG00000157020;ENSG00000173540;ENSG00000177239;ENSG00000137100;ENSG00000134825;ENSG00000111726;ENSG00000004059;ENSG00000114745;ENSG00000170315;ENSG00000129255;ENSG00000185010;ENSG00000177951;ENSG00000013375;ENSG00000100196;ENSG00000086062;ENSG00000117411;ENSG00000102032;ENSG00000106636;ENSG00000172269;ENSG00000101160;ENSG00000138073;ENSG00000086598;ENSG00000121578;ENSG00000157353;ENSG00000162066;ENSG00000198856;ENSG00000136840;ENSG00000242247;ENSG00000213380;ENSG00000168374;ENSG00000119899;ENSG00000100934;ENSG00000129562;ENSG00000072849;ENSG00000134109;ENSG00000239305;ENSG00000129083;ENSG00000088986;ENSG00000167508;ENSG00000148803;ENSG00000119523;ENSG00000124302;ENSG00000088298;ENSG00000095380;ENSG00000151092;ENSG00000124357;ENSG00000110195;ENSG00000095139;ENSG00000136908;ENSG00000196459;ENSG00000104826;ENSG00000143947;ENSG00000162236;ENSG00000007255;ENSG00000182858;ENSG00000114988;ENSG00000117143;ENSG00000172339;ENSG00000120697;ENSG00000136986;ENSG00000173230;ENSG00000155511;ENSG00000162298;ENSG00000176986;ENSG00000100417;ENSG00000138768;ENSG00000254685;ENSG00000116489;ENSG00000114270;ENSG00000005243;ENSG00000167515;ENSG00000138069;ENSG00000159461;ENSG00000115275;ENSG00000137285;ENSG00000159063;ENSG00000033011;ENSG00000169223;ENSG00000176014;ENSG00000143786;ENSG00000085063;ENSG00000138674;ENSG00000214160;ENSG00000115525;ENSG00000033170;ENSG00000158623;ENSG00000074695;ENSG00000107862;ENSG00000157350;ENSG00000175283;ENSG00000093183;ENSG00000073849;ENSG00000196655;ENSG00000000419;ENSG00000110080;ENSG00000138802;ENSG00000181789;ENSG00000152127;ENSG00000163933;ENSG00000166847;ENSG00000166685;ENSG00000136152;ENSG00000104671;ENSG00000114354;ENSG00000166391;ENSG00000124003;ENSG00000158560;ENSG00000119318;ENSG00000088035
prerank,REACTOME_DEGRADATION_OF_THE_EXTRACELLULAR_MATRIX,-0.2810375786493369,-1.1316581399905001,0.2367286870598129,0.6245738853349005,1.0,32/134,14.51%,ENSG00000136943;ENSG00000157227;ENSG00000166033;ENSG00000087245;ENSG00000123342;ENSG00000140564;ENSG00000168542;ENSG00000197565;ENSG00000204262;ENSG00000077274;ENSG00000134871;ENSG00000135047;ENSG00000143537;ENSG00000102996;ENSG00000108821;ENSG00000142798;ENSG00000099953;ENSG00000168487;ENSG00000154734;ENSG00000091136;ENSG00000142449;ENSG00000049089;ENSG00000182871;ENSG00000163359;ENSG00000130635;ENSG00000142173;ENSG00000160963;ENSG00000092529;ENSG00000162736;ENSG00000164305;ENSG00000164692;ENSG00000142156
prerank,REACTOME_G_ALPHA_Z_SIGNALLING_EVENTS,-0.3292518188790001,-1.130213866304113,0.28833930428753035,0.6252592395535002,1.0,14/44,19.42%,ENSG00000111664;ENSG00000126583;ENSG00000168243;ENSG00000128266;ENSG00000163932;ENSG00000091844;ENSG00000127920;ENSG00000164742;ENSG00000162188;ENSG00000065135;ENSG00000184160;ENSG00000174233;ENSG00000143333;ENSG00000069966
prerank,REACTOME_MATURATION_OF_SARS_COV_1_NUCLEOPROTEIN,0.3107967661618581,0.9264769725126942,0.5282093213409649,0.6262770000858969,1.0,1/11,0.77%,ENSG00000137817
prerank,REACTOME_SIGNALING_BY_TYPE_1_INSULIN_LIKE_GROWTH_FACTOR_1_RECEPTOR_IGF1R,-0.32118973916299415,-1.1278922832540885,0.2829358647835147,0.628588394202507,1.0,25/49,33.53%,ENSG00000129682;ENSG00000066468;ENSG00000077782;ENSG00000156427;ENSG00000017427;ENSG00000152270;ENSG00000133124;ENSG00000068078;ENSG00000160867;ENSG00000140443;ENSG00000169047;ENSG00000105647;ENSG00000033327;ENSG00000078142;ENSG00000133703;ENSG00000090554;ENSG00000160691;ENSG00000140992;ENSG00000179295;ENSG00000101255;ENSG00000185950;ENSG00000101464;ENSG00000051382;ENSG00000140285;ENSG00000105221
prerank,REACTOME_MAPK_TARGETS_NUCLEAR_EVENTS_MEDIATED_BY_MAP_KINASES,-0.34743010205951097,-1.116700889099337,0.31558844592981616,0.6317141972826215,1.0,12/31,16.88%,ENSG00000081189;ENSG00000166484;ENSG00000185386;ENSG00000104695;ENSG00000162889;ENSG00000117676;ENSG00000109339;ENSG00000102882;ENSG00000113575;ENSG00000139318;ENSG00000123268;ENSG00000177189
prerank,REACTOME_CASPASE_ACTIVATION_VIA_EXTRINSIC_APOPTOTIC_SIGNALLING_PATHWAY,-0.3651454839827729,-1.126013976483983,0.31100594588035435,0.6324793677524655,1.0,11/26,38.45%,ENSG00000179222;ENSG00000164305;ENSG00000187323;ENSG00000113763;ENSG00000132906;ENSG00000117560;ENSG00000136869;ENSG00000168040;ENSG00000120889;ENSG00000127666;ENSG00000169710
prerank,REACTOME_PLASMA_LIPOPROTEIN_ASSEMBLY,-0.390358624820075,-1.1247586634388058,0.3129973474801061,0.6326437528846861,1.0,8/19,17.52%,ENSG00000099904;ENSG00000130203;ENSG00000130208;ENSG00000168487;ENSG00000138823;ENSG00000142875;ENSG00000165029;ENSG00000110244
prerank,REACTOME_AMINO_ACIDS_REGULATE_MTORC1,-0.31466865624762663,-1.1169384751200913,0.29777015437392795,0.632788886542859,1.0,32/53,34.77%,ENSG00000213760;ENSG00000171130;ENSG00000149357;ENSG00000167965;ENSG00000116039;ENSG00000157020;ENSG00000113732;ENSG00000118162;ENSG00000147614;ENSG00000117410;ENSG00000052795;ENSG00000217128;ENSG00000116586;ENSG00000083750;ENSG00000130147;ENSG00000109270;ENSG00000128524;ENSG00000116954;ENSG00000155097;ENSG00000100150;ENSG00000188186;ENSG00000114388;ENSG00000134248;ENSG00000080546;ENSG00000025039;ENSG00000151418;ENSG00000239282;ENSG00000103091;ENSG00000155876;ENSG00000130766;ENSG00000103148;ENSG00000174206
prerank,REACTOME_PLASMA_LIPOPROTEIN_REMODELING,-0.34182309771612013,-1.1169891058849786,0.3140742509251522,0.634428559859511,1.0,10/33,22.74%,ENSG00000213398;ENSG00000140564;ENSG00000188878;ENSG00000130203;ENSG00000100258;ENSG00000138823;ENSG00000110244;ENSG00000140943;ENSG00000160179;ENSG00000175445
prerank,REACTOME_SIGNALING_BY_LEPTIN,-0.45170014812677045,-1.124782969084459,0.3102429856356558,0.6344299907183872,1.0,8/11,49.27%,ENSG00000169047;ENSG00000116678;ENSG00000096968;ENSG00000179295;ENSG00000185950;ENSG00000174697;ENSG00000126561;ENSG00000178188
prerank,REACTOME_REGULATION_OF_PD_L1_CD274_TRANSCRIPTION,-0.3104485052471292,-1.1217213954657614,0.28700056274620145,0.634572672625265,1.0,27/59,36.26%,ENSG00000246705;ENSG00000018408;ENSG00000081059;ENSG00000152284;ENSG00000162772;ENSG00000105968;ENSG00000134323;ENSG00000197905;ENSG00000137693;ENSG00000184260;ENSG00000007866;ENSG00000074219;ENSG00000132475;ENSG00000178691;ENSG00000188486;ENSG00000197903;ENSG00000158373;ENSG00000177606;ENSG00000116044;ENSG00000196890;ENSG00000125740;ENSG00000055609;ENSG00000102054;ENSG00000184678;ENSG00000162521;ENSG00000136997;ENSG00000163041
prerank,REACTOME_PD_L1_CD274_GLYCOSYLATION_AND_TRANSLOCATION_TO_PLASMA_MEMBRANE,-0.38057689198385125,-1.1145329734684204,0.32913915535069144,0.6346188163325598,1.0,9/21,14.99%,ENSG00000228474;ENSG00000134910;ENSG00000221983;ENSG00000102158;ENSG00000134825;ENSG00000170315;ENSG00000198856;ENSG00000129562;ENSG00000143947
prerank,REACTOME_TNF_RECEPTOR_SUPERFAMILY_TNFSF_MEMBERS_MEDIATING_NON_CANONICAL_NF_KB_PATHWAY,-0.40011074190743967,-1.1133348722932386,0.3274494755691993,0.6346621325922557,1.0,2/17,1.36%,ENSG00000111321;ENSG00000006327
prerank,REACTOME_RAB_GERANYLGERANYLATION,-0.3098746147286096,-1.122877071208112,0.2856660286003828,0.6347211096368077,1.0,31/60,34.17%,ENSG00000105514;ENSG00000118508;ENSG00000179331;ENSG00000155961;ENSG00000168118;ENSG00000112210;ENSG00000167964;ENSG00000099246;ENSG00000169213;ENSG00000172780;ENSG00000134594;ENSG00000169228;ENSG00000139998;ENSG00000109113;ENSG00000172007;ENSG00000144566;ENSG00000137502;ENSG00000117280;ENSG00000184007;ENSG00000138069;ENSG00000129472;ENSG00000172476;ENSG00000069974;ENSG00000197562;ENSG00000080371;ENSG00000108774;ENSG00000166128;ENSG00000100228;ENSG00000255587;ENSG00000123892;ENSG00000167578
prerank,REACTOME_PHOSPHOLIPASE_C_MEDIATED_CASCADE_FGFR2,-0.4194967063224429,-1.1138008811086992,0.33108195869593454,0.6350328806114446,1.0,3/14,7.36%,ENSG00000129682;ENSG00000066468;ENSG00000156427
prerank,REACTOME_APOPTOSIS_INDUCED_DNA_FRAGMENTATION,-0.4490511112207045,-1.1172403960089583,0.3272344346452547,0.635446010466538,1.0,5/11,16.75%,ENSG00000189060;ENSG00000164104;ENSG00000164305;ENSG00000124575;ENSG00000168298
prerank,REACTOME_PHASE_2_PLATEAU_PHASE,-0.4156593529990667,-1.122032791320041,0.321377702965169,0.6354480201097663,1.0,11/15,50.35%,ENSG00000067191;ENSG00000105605;ENSG00000007402;ENSG00000130433;ENSG00000151067;ENSG00000075461;ENSG00000176076;ENSG00000165995;ENSG00000180509;ENSG00000127914;ENSG00000159197
prerank,REACTOME_FGFRL1_MODULATION_OF_FGFR1_SIGNALING,-0.4469589537129396,-1.1124370352130777,0.33182121414276183,0.635547151033697,1.0,5/11,24.59%,ENSG00000129682;ENSG00000156427;ENSG00000166068;ENSG00000198369;ENSG00000127418
prerank,REACTOME_REGULATION_OF_INSULIN_LIKE_GROWTH_FACTOR_IGF_TRANSPORT_AND_UPTAKE_BY_INSULIN_LIKE_GROWTH_FACTOR_BINDING_PROTEINS_IGFBPS,-0.280900604521464,-1.1147225204372042,0.267771756455212,0.6358358919192042,1.0,28/118,14.27%,ENSG00000130528;ENSG00000136026;ENSG00000087245;ENSG00000145386;ENSG00000101938;ENSG00000101439;ENSG00000074855;ENSG00000128564;ENSG00000115457;ENSG00000188878;ENSG00000070404;ENSG00000163430;ENSG00000006118;ENSG00000128595;ENSG00000130203;ENSG00000017427;ENSG00000147257;ENSG00000109501;ENSG00000091136;ENSG00000049323;ENSG00000102580;ENSG00000185269;ENSG00000001036;ENSG00000177666;ENSG00000164054;ENSG00000171560;ENSG00000135052;ENSG00000100342
prerank,REACTOME_SIGNALING_BY_NOTCH3,-0.31988420286512725,-1.12302063902708,0.2923183072677093,0.6361275443344281,1.0,16/49,14.99%,ENSG00000164434;ENSG00000074181;ENSG00000126787;ENSG00000163909;ENSG00000171611;ENSG00000221983;ENSG00000184384;ENSG00000170315;ENSG00000205155;ENSG00000138613;ENSG00000198719;ENSG00000013810;ENSG00000185630;ENSG00000162736;ENSG00000214357;ENSG00000143947
prerank,REACTOME_SYNTHESIS_OF_IP2_IP_AND_INS_IN_THE_CYTOSOL,-0.4198991039700986,-1.1187297500209124,0.32921114293152826,0.6363513776909319,1.0,9/14,44.24%,ENSG00000185133;ENSG00000003987;ENSG00000133731;ENSG00000105655;ENSG00000104643;ENSG00000141401;ENSG00000204084;ENSG00000040933;ENSG00000068383
prerank,REACTOME_RHOV_GTPASE_CYCLE,0.21650851484548705,0.9208324891110043,0.6038487060384871,0.6364826586012738,1.0,3/37,1.54%,ENSG00000140575;ENSG00000197694;ENSG00000141367
prerank,REACTOME_DEVELOPMENTAL_LINEAGE_OF_PANCREATIC_DUCTAL_CELLS,-0.32336314929396426,-1.1173373850466881,0.30843513670738804,0.636962200884207,1.0,15/45,22.51%,ENSG00000168542;ENSG00000204262;ENSG00000108821;ENSG00000080493;ENSG00000091136;ENSG00000101680;ENSG00000130635;ENSG00000196739;ENSG00000164692;ENSG00000136574;ENSG00000137693;ENSG00000060718;ENSG00000196569;ENSG00000135046;ENSG00000135862
prerank,REACTOME_GABA_RECEPTOR_ACTIVATION,-0.3130343212465283,-1.1197187393413324,0.29573481163027493,0.6370111831362145,1.0,17/55,22.10%,ENSG00000011677;ENSG00000113327;ENSG00000131089;ENSG00000022355;ENSG00000111664;ENSG00000123700;ENSG00000168243;ENSG00000127920;ENSG00000164742;ENSG00000162188;ENSG00000065135;ENSG00000168135;ENSG00000174233;ENSG00000204681;ENSG00000069966;ENSG00000166206;ENSG00000177807
prerank,REACTOME_APOPTOTIC_FACTOR_MEDIATED_RESPONSE,-0.38249645086932277,-1.1112928952082797,0.33438049761246547,0.6372066537718524,1.0,8/20,24.73%,ENSG00000087088;ENSG00000164305;ENSG00000102882;ENSG00000132906;ENSG00000120868;ENSG00000137831;ENSG00000184047;ENSG00000030110
prerank,REACTOME_CA2_PATHWAY,-0.3077060774621394,-1.1201957486067176,0.2882822154814066,0.6373593055441422,1.0,32/61,38.90%,ENSG00000111664;ENSG00000168243;ENSG00000081059;ENSG00000152284;ENSG00000127920;ENSG00000134183;ENSG00000185527;ENSG00000114251;ENSG00000162188;ENSG00000180340;ENSG00000174804;ENSG00000087258;ENSG00000069966;ENSG00000198668;ENSG00000132915;ENSG00000107758;ENSG00000133703;ENSG00000092847;ENSG00000176533;ENSG00000182621;ENSG00000155363;ENSG00000150995;ENSG00000168646;ENSG00000172354;ENSG00000096433;ENSG00000138814;ENSG00000136997;ENSG00000163251;ENSG00000126070;ENSG00000100354;ENSG00000164930;ENSG00000114450
prerank,REACTOME_RESOLUTION_OF_AP_SITES_VIA_THE_MULTIPLE_NUCLEOTIDE_PATCH_REPLACEMENT_PATHWAY,-0.3648809646035544,-1.1177362852964607,0.3261082537349988,0.6375489452391784,1.0,14/25,23.29%,ENSG00000106399;ENSG00000100479;ENSG00000132646;ENSG00000175482;ENSG00000111445;ENSG00000163918;ENSG00000062822;ENSG00000049541;ENSG00000143799;ENSG00000115350;ENSG00000117748;ENSG00000129484;ENSG00000133119;ENSG00000144749
prerank,REACTOME_SYNTHESIS_OF_PROSTAGLANDINS_PG_AND_THROMBOXANES_TX,0.2770090793989417,0.9196654654481942,0.5424386040499785,0.6378025077143145,1.0,4/15,8.51%,ENSG00000159228;ENSG00000148344;ENSG00000164120;ENSG00000163106
prerank,REACTOME_GAMMA_CARBOXYLATION_HYPUSINYLATION_HYDROXYLATION_AND_ARYLSULFATASE_ACTIVATION,-0.3102973355354421,-1.1187342627701655,0.2927158273381295,0.6381606840193249,1.0,17/59,18.63%,ENSG00000169902;ENSG00000166965;ENSG00000140564;ENSG00000006756;ENSG00000115486;ENSG00000185010;ENSG00000101846;ENSG00000132507;ENSG00000242252;ENSG00000134146;ENSG00000167363;ENSG00000243789;ENSG00000116237;ENSG00000095059;ENSG00000161016;ENSG00000180801;ENSG00000113273
prerank,REACTOME_BMAL1_CLOCK_NPAS2_ACTIVATES_CIRCADIAN_EXPRESSION,0.23759001834939653,0.9175513735994424,0.5860566448801743,0.6399957797937972,1.0,3/26,5.00%,ENSG00000029153;ENSG00000134107;ENSG00000170485
prerank,REACTOME_BUTYROPHILIN_BTN_FAMILY_INTERACTIONS,0.31813103503311785,0.917951939156386,0.5502562081198266,0.6401873367827223,1.0,10/10,68.20%,ENSG00000165810;ENSG00000112763;ENSG00000090659;ENSG00000186470;ENSG00000026950;ENSG00000124508;ENSG00000111801;ENSG00000113303;ENSG00000118898;ENSG00000158125
prerank,REACTOME_RND3_GTPASE_CYCLE,-0.32510240895948833,-1.1093846324404366,0.31396024642566545,0.6411066316525204,1.0,17/42,24.89%,ENSG00000136026;ENSG00000115963;ENSG00000035499;ENSG00000142627;ENSG00000171680;ENSG00000162738;ENSG00000160007;ENSG00000075391;ENSG00000158062;ENSG00000174943;ENSG00000115355;ENSG00000163629;ENSG00000135622;ENSG00000096696;ENSG00000105647;ENSG00000107890;ENSG00000173702
prerank,REACTOME_RRNA_MODIFICATION_IN_THE_NUCLEUS_AND_CYTOSOL,-0.30716221013406514,-1.1069655648878847,0.3137122237257555,0.6465159996761016,1.0,48/58,59.18%,ENSG00000007520;ENSG00000086189;ENSG00000140988;ENSG00000173113;ENSG00000145912;ENSG00000119285;ENSG00000105202;ENSG00000183520;ENSG00000011260;ENSG00000164934;ENSG00000114767;ENSG00000170889;ENSG00000119616;ENSG00000124383;ENSG00000135372;ENSG00000126749;ENSG00000171863;ENSG00000100138;ENSG00000137154;ENSG00000065183;ENSG00000189306;ENSG00000071462;ENSG00000120158;ENSG00000130935;ENSG00000164587;ENSG00000134987;ENSG00000120800;ENSG00000138600;ENSG00000164338;ENSG00000066654;ENSG00000055044;ENSG00000241945;ENSG00000227057;ENSG00000108651;ENSG00000184967;ENSG00000111615;ENSG00000124541;ENSG00000132467;ENSG00000183751;ENSG00000148843;ENSG00000182117;ENSG00000141076;ENSG00000105671;ENSG00000163811;ENSG00000156697;ENSG00000117597;ENSG00000115946;ENSG00000150990
prerank,REACTOME_TRAF6_MEDIATED_IRF7_ACTIVATION,-0.40332469579034913,-1.1054913563261823,0.3388903028760499,0.6491600281895735,1.0,4/16,19.49%,ENSG00000107201;ENSG00000181481;ENSG00000136560;ENSG00000052723
prerank,REACTOME_ERYTHROPOIETIN_ACTIVATES_PHOSPHOINOSITIDE_3_KINASE_PI3K,-0.43377795182698076,-1.1041128984286797,0.34199762501649295,0.6515243388209516,1.0,9/12,48.55%,ENSG00000187266;ENSG00000096968;ENSG00000185950;ENSG00000101464;ENSG00000051382;ENSG00000121879;ENSG00000141506;ENSG00000254087;ENSG00000121053
prerank,REACTOME_FREE_FATTY_ACIDS_REGULATE_INSULIN_SECRETION,0.30152678033350816,0.9106012934843635,0.5568226504128981,0.6525844434805179,1.0,1/11,0.57%,ENSG00000149782
prerank,REACTOME_DEATH_RECEPTOR_SIGNALING,-0.2713074883230711,-1.102511426696348,0.2832051548534608,0.6545299504977092,1.0,41/149,18.58%,ENSG00000102302;ENSG00000131089;ENSG00000137135;ENSG00000179222;ENSG00000179526;ENSG00000036672;ENSG00000177169;ENSG00000050327;ENSG00000173530;ENSG00000040608;ENSG00000129675;ENSG00000166681;ENSG00000171680;ENSG00000221983;ENSG00000146426;ENSG00000170315;ENSG00000205155;ENSG00000067182;ENSG00000090924;ENSG00000002330;ENSG00000138613;ENSG00000103056;ENSG00000162889;ENSG00000161011;ENSG00000162736;ENSG00000156299;ENSG00000164305;ENSG00000110237;ENSG00000169783;ENSG00000064300;ENSG00000131508;ENSG00000072401;ENSG00000143947;ENSG00000105270;ENSG00000165801;ENSG00000154358;ENSG00000103266;ENSG00000003400;ENSG00000142632;ENSG00000101977;ENSG00000109332
prerank,REACTOME_DECTIN_2_FAMILY,-0.36293173147596003,-1.0994541200641674,0.3461729622266402,0.656531059499999,1.0,8/24,32.38%,ENSG00000111729;ENSG00000181143;ENSG00000010810;ENSG00000185499;ENSG00000215182;ENSG00000173702;ENSG00000166523;ENSG00000169894
prerank,REACTOME_DEFECTIVE_GALNT3_CAUSES_HFTC,-0.4009966205626726,-1.10108095072634,0.3458135658417746,0.6569792461204099,1.0,5/16,32.38%,ENSG00000181143;ENSG00000185499;ENSG00000215182;ENSG00000173702;ENSG00000169894
prerank,REACTOME_FATTY_ACYL_COA_BIOSYNTHESIS,0.21775288985889232,0.9075099521459217,0.6363636363636364,0.6576083028817051,1.0,3/35,2.35%,ENSG00000131238;ENSG00000131473;ENSG00000099797
prerank,REACTOME_REGULATION_OF_GENE_EXPRESSION_IN_BETA_CELLS,-0.3780021767823094,-1.100162975097597,0.3526177683368737,0.6579603380511384,1.0,6/20,11.03%,ENSG00000121351;ENSG00000170608;ENSG00000168067;ENSG00000101076;ENSG00000117020;ENSG00000135100
prerank,REACTOME_SYNTHESIS_OF_PIPS_AT_THE_PLASMA_MEMBRANE,-0.3115272300286859,-1.099537920159312,0.3230733892270587,0.6580510174814305,1.0,26/50,41.62%,ENSG00000185133;ENSG00000105559;ENSG00000168118;ENSG00000171862;ENSG00000186111;ENSG00000166908;ENSG00000168918;ENSG00000144566;ENSG00000176783;ENSG00000106086;ENSG00000102010;ENSG00000163629;ENSG00000105647;ENSG00000011405;ENSG00000143398;ENSG00000132376;ENSG00000087053;ENSG00000116095;ENSG00000051382;ENSG00000104643;ENSG00000038210;ENSG00000052126;ENSG00000121879;ENSG00000141506;ENSG00000040933;ENSG00000155252
prerank,REACTOME_INWARDLY_RECTIFYING_K_CHANNELS,-0.3342512157082105,-1.0969912555045886,0.3381831085876508,0.662107224712029,1.0,11/34,22.34%,ENSG00000111664;ENSG00000123700;ENSG00000168243;ENSG00000127920;ENSG00000162188;ENSG00000168135;ENSG00000006071;ENSG00000204681;ENSG00000069966;ENSG00000177807;ENSG00000121361
prerank,REACTOME_RESPIRATORY_SYNCYTIAL_VIRUS_RSV_ATTACHMENT_AND_ENTRY,-0.36453949852661566,-1.0948340312168083,0.3527595999506112,0.6649897283139213,1.0,10/23,18.65%,ENSG00000140564;ENSG00000076716;ENSG00000213420;ENSG00000162512;ENSG00000115884;ENSG00000142798;ENSG00000147257;ENSG00000144566;ENSG00000188157;ENSG00000140443
prerank,REACTOME_REGULATION_OF_CDH11_FUNCTION,-0.43954060475545165,-1.0941606906237533,0.35160605256172023,0.6652067404720488,1.0,6/11,20.92%,ENSG00000126016;ENSG00000140937;ENSG00000135074;ENSG00000150394;ENSG00000139880;ENSG00000198561
prerank,REACTOME_REDUCTION_OF_CYTOSOLIC_CA_LEVELS,-0.43785519084179264,-1.094989386143282,0.3542654028436019,0.6663056942188728,1.0,8/11,33.96%,ENSG00000183023;ENSG00000070961;ENSG00000196296;ENSG00000075142;ENSG00000198668;ENSG00000067842;ENSG00000058668;ENSG00000118160
prerank,REACTOME_DOWNSTREAM_SIGNALING_OF_ACTIVATED_FGFR3,0.24298611328644287,0.8980149218018677,0.632512315270936,0.6753043374911575,1.0,2/22,1.49%,ENSG00000177885;ENSG00000174775
prerank,REACTOME_CYTOSOLIC_SULFONATION_OF_SMALL_MOLECULES,-0.41173356267473615,-1.0899332804830408,0.3608167485138279,0.6761326355001303,1.0,7/14,39.89%,ENSG00000169902;ENSG00000114631;ENSG00000114779;ENSG00000104331;ENSG00000128294;ENSG00000196502;ENSG00000162813
prerank,REACTOME_PEXOPHAGY,-0.439698739504964,-1.0880167486793937,0.367645123074898,0.6783289517010306,1.0,5/11,14.99%,ENSG00000221983;ENSG00000170315;ENSG00000135093;ENSG00000161011;ENSG00000143947
prerank,REACTOME_NOTCH3_ACTIVATION_AND_TRANSMISSION_OF_SIGNAL_TO_THE_NUCLEUS,-0.35525409884224357,-1.08858280286797,0.3587570621468927,0.6784082791784788,1.0,10/25,14.99%,ENSG00000074181;ENSG00000221983;ENSG00000170315;ENSG00000205155;ENSG00000138613;ENSG00000198719;ENSG00000013810;ENSG00000162736;ENSG00000214357;ENSG00000143947
prerank,REACTOME_INTERLEUKIN_2_FAMILY_SIGNALING,0.21011647486217605,0.8944799460423363,0.6492585428755642,0.6790862796520899,1.0,4/38,5.68%,ENSG00000177885;ENSG00000165458;ENSG00000134470;ENSG00000162434
prerank,REACTOME_STAT5_ACTIVATION_DOWNSTREAM_OF_FLT3_ITD_MUTANTS,0.31219122720353154,0.8945460187081072,0.5899336714787359,0.6799959302668104,1.0,1/10,1.13%,ENSG00000177885
prerank,REACTOME_FGFR2_MUTANT_RECEPTOR_ACTIVATION,0.22359169662085787,0.8950708166552952,0.6383467278989667,0.6800119844797161,1.0,5/29,7.06%,ENSG00000099817;ENSG00000177700;ENSG00000181222;ENSG00000186895;ENSG00000075388
prerank,REACTOME_ACYL_CHAIN_REMODELLING_OF_PI,-0.3974050462347052,-1.0863196419355516,0.3677912157861235,0.6816740615519472,1.0,7/16,21.47%,ENSG00000121316;ENSG00000170890;ENSG00000176485;ENSG00000069764;ENSG00000117215;ENSG00000123739;ENSG00000116711
prerank,REACTOME_SMOOTH_MUSCLE_CONTRACTION,-0.3181972513815988,-1.0832436603168105,0.3553642075866884,0.6819362353902161,1.0,19/42,20.12%,ENSG00000120896;ENSG00000198467;ENSG00000123143;ENSG00000167460;ENSG00000196557;ENSG00000107796;ENSG00000089159;ENSG00000197043;ENSG00000140416;ENSG00000118680;ENSG00000095637;ENSG00000215375;ENSG00000138735;ENSG00000152402;ENSG00000006283;ENSG00000111275;ENSG00000122786;ENSG00000135046;ENSG00000198668
prerank,REACTOME_DOWNSTREAM_SIGNALING_OF_ACTIVATED_FGFR1,0.22627271188529252,0.8916865068702217,0.6510067114093959,0.6823320559112346,1.0,5/28,8.06%,ENSG00000177885;ENSG00000174775;ENSG00000186895;ENSG00000075388;ENSG00000133116
prerank,REACTOME_GP1B_IX_V_ACTIVATION_SIGNALLING,-0.4475324793925911,-1.083682232096897,0.3665446658533279,0.6824150239450446,1.0,4/10,13.82%,ENSG00000197122;ENSG00000185245;ENSG00000108821;ENSG00000164692
prerank,REACTOME_NEUREXINS_AND_NEUROLIGINS,-0.30388745076312507,-1.0841599517192346,0.3461235512546416,0.6827740534268514,1.0,24/55,33.60%,ENSG00000179526;ENSG00000196338;ENSG00000170579;ENSG00000136854;ENSG00000104863;ENSG00000169992;ENSG00000051128;ENSG00000132535;ENSG00000067715;ENSG00000103942;ENSG00000173227;ENSG00000082397;ENSG00000110076;ENSG00000146006;ENSG00000147044;ENSG00000162951;ENSG00000088367;ENSG00000105464;ENSG00000146938;ENSG00000170743;ENSG00000115109;ENSG00000161681;ENSG00000021645;ENSG00000111052
prerank,REACTOME_INSULIN_RECEPTOR_SIGNALLING_CASCADE,-0.3090009690477935,-1.0846868175991407,0.3473684210526316,0.6829842277310809,1.0,24/49,33.53%,ENSG00000129682;ENSG00000066468;ENSG00000077782;ENSG00000156427;ENSG00000152270;ENSG00000102882;ENSG00000068078;ENSG00000160867;ENSG00000169047;ENSG00000105647;ENSG00000033327;ENSG00000078142;ENSG00000133703;ENSG00000090554;ENSG00000160691;ENSG00000140992;ENSG00000179295;ENSG00000106070;ENSG00000101255;ENSG00000185950;ENSG00000101464;ENSG00000051382;ENSG00000140285;ENSG00000105221
prerank,REACTOME_DOWNSTREAM_SIGNALING_OF_ACTIVATED_FGFR4,0.2421768468445783,0.8917859077338963,0.6336831584207896,0.6832000032765685,1.0,2/22,1.49%,ENSG00000177885;ENSG00000174775
prerank,REACTOME_SIGNALING_BY_FGFR1,-0.30842551060538287,-1.0820287515933091,0.35107237068471153,0.683779052039387,1.0,22/49,27.55%,ENSG00000129682;ENSG00000197122;ENSG00000077782;ENSG00000221983;ENSG00000125848;ENSG00000069702;ENSG00000137218;ENSG00000170315;ENSG00000156427;ENSG00000104695;ENSG00000102882;ENSG00000113575;ENSG00000143947;ENSG00000166068;ENSG00000198369;ENSG00000136158;ENSG00000126500;ENSG00000127418;ENSG00000133703;ENSG00000011201;ENSG00000160691;ENSG00000179295
prerank,REACTOME_RAS_PROCESSING,-0.3592405147885116,-1.0801430147352398,0.3691200198585081,0.6840301455674415,1.0,11/23,26.50%,ENSG00000221983;ENSG00000129968;ENSG00000170315;ENSG00000136379;ENSG00000116237;ENSG00000143947;ENSG00000257365;ENSG00000198668;ENSG00000213465;ENSG00000133703;ENSG00000156973
prerank,REACTOME_RHOA_GTPASE_CYCLE,-0.2678454811857848,-1.0847423551432045,0.3124607329842932,0.6846159012663273,1.0,43/145,18.47%,ENSG00000196155;ENSG00000008323;ENSG00000240771;ENSG00000147799;ENSG00000035499;ENSG00000122966;ENSG00000079482;ENSG00000213390;ENSG00000050327;ENSG00000161800;ENSG00000160447;ENSG00000137962;ENSG00000171680;ENSG00000123143;ENSG00000183856;ENSG00000076706;ENSG00000011426;ENSG00000114993;ENSG00000120318;ENSG00000160007;ENSG00000106636;ENSG00000131941;ENSG00000204178;ENSG00000088986;ENSG00000164040;ENSG00000107897;ENSG00000177469;ENSG00000164691;ENSG00000156299;ENSG00000110237;ENSG00000120802;ENSG00000196935;ENSG00000136710;ENSG00000162236;ENSG00000145819;ENSG00000165801;ENSG00000125037;ENSG00000154358;ENSG00000089639;ENSG00000142632;ENSG00000139734;ENSG00000118804;ENSG00000101977
prerank,REACTOME_ACTIVATED_NOTCH1_TRANSMITS_SIGNAL_TO_THE_NUCLEUS,-0.33586990754929363,-1.0802676304045569,0.36522991955817025,0.6854270542881782,1.0,11/31,14.99%,ENSG00000221983;ENSG00000170315;ENSG00000205155;ENSG00000091073;ENSG00000138613;ENSG00000198719;ENSG00000110042;ENSG00000162736;ENSG00000214357;ENSG00000185559;ENSG00000143947
prerank,REACTOME_MET_RECEPTOR_RECYCLING,0.3080376160449188,0.889519418494766,0.605716523101018,0.6854958367619859,1.0,1/10,1.13%,ENSG00000177885
prerank,REACTOME_NUCLEAR_RNA_DECAY,-0.33005034816969125,-1.0803865742235101,0.3593972472710014,0.6868534316315434,1.0,24/34,49.59%,ENSG00000197223;ENSG00000100836;ENSG00000120699;ENSG00000135698;ENSG00000077348;ENSG00000076053;ENSG00000107371;ENSG00000158545;ENSG00000171824;ENSG00000171311;ENSG00000136937;ENSG00000178896;ENSG00000114503;ENSG00000147905;ENSG00000075914;ENSG00000083520;ENSG00000115421;ENSG00000133858;ENSG00000033030;ENSG00000123737;ENSG00000204348;ENSG00000121274;ENSG00000091009;ENSG00000039123
prerank,REACTOME_ACTIVATION_OF_NMDA_RECEPTORS_AND_POSTSYNAPTIC_EVENTS,-0.2791634454946414,-1.0772691740593088,0.34918404841672973,0.6908009448354654,1.0,35/92,27.48%,ENSG00000198033;ENSG00000126787;ENSG00000134072;ENSG00000137267;ENSG00000197122;ENSG00000167552;ENSG00000175175;ENSG00000104833;ENSG00000101162;ENSG00000058404;ENSG00000104863;ENSG00000125675;ENSG00000132535;ENSG00000072133;ENSG00000117676;ENSG00000164742;ENSG00000004660;ENSG00000102882;ENSG00000142875;ENSG00000177189;ENSG00000155511;ENSG00000100034;ENSG00000198668;ENSG00000110931;ENSG00000137285;ENSG00000111725;ENSG00000176014;ENSG00000147044;ENSG00000152495;ENSG00000133703;ENSG00000148660;ENSG00000005249;ENSG00000132356;ENSG00000105464;ENSG00000140992
prerank,REACTOME_REGULATION_OF_TP53_ACTIVITY_THROUGH_ASSOCIATION_WITH_CO_FACTORS,0.2749426397068572,0.8860527348190161,0.6113074204946997,0.6910617652219991,1.0,2/14,3.02%,ENSG00000161642;ENSG00000151615
prerank,REACTOME_MODULATION_OF_HOST_RESPONSES_BY_IFN_STIMULATED_GENES,-0.38038539240806285,-1.0760039075646772,0.38086824835941446,0.6927974734309771,1.0,9/18,35.70%,ENSG00000107201;ENSG00000172071;ENSG00000165949;ENSG00000096060;ENSG00000182179;ENSG00000044574;ENSG00000137959;ENSG00000138646;ENSG00000156587
prerank,REACTOME_DOPAMINE_NEUROTRANSMITTER_RELEASE_CYCLE,0.23624436620682904,0.8810967922839894,0.658074697527617,0.6996438599573146,1.0,2/23,1.15%,ENSG00000143847;ENSG00000106089
prerank,REACTOME_DOWNSTREAM_SIGNALING_OF_ACTIVATED_FGFR2,0.22728010064780638,0.8779059676501614,0.6722013926084628,0.7047099964685047,1.0,4/26,7.06%,ENSG00000177885;ENSG00000174775;ENSG00000186895;ENSG00000075388
prerank,REACTOME_SYNTHESIS_OF_ACTIVE_UBIQUITIN_ROLES_OF_E1_AND_E2_ENZYMES,-0.33402651026804553,-1.0688184340464588,0.3808786760328611,0.7070816416961341,1.0,13/30,16.80%,ENSG00000175063;ENSG00000221983;ENSG00000099804;ENSG00000170315;ENSG00000170142;ENSG00000108106;ENSG00000077152;ENSG00000131508;ENSG00000140367;ENSG00000072401;ENSG00000143947;ENSG00000132388;ENSG00000119048
prerank,REACTOME_NEGATIVE_REGULATION_OF_FGFR2_SIGNALING,-0.3351316837858531,-1.0698124794089094,0.3790526696396288,0.7077236655502853,1.0,10/30,14.99%,ENSG00000129682;ENSG00000197122;ENSG00000066468;ENSG00000221983;ENSG00000170315;ENSG00000156427;ENSG00000104695;ENSG00000102882;ENSG00000113575;ENSG00000143947
prerank,REACTOME_NETRIN_1_SIGNALING,-0.31278377393059426,-1.0691996746980839,0.3806474149976712,0.7077332576577081,1.0,20/42,43.75%,ENSG00000196470;ENSG00000197122;ENSG00000067141;ENSG00000135439;ENSG00000010810;ENSG00000187323;ENSG00000113763;ENSG00000174136;ENSG00000144935;ENSG00000133107;ENSG00000179295;ENSG00000099204;ENSG00000070831;ENSG00000106299;ENSG00000171587;ENSG00000145555;ENSG00000137672;ENSG00000182175;ENSG00000158092;ENSG00000184347
prerank,REACTOME_ETHANOL_OXIDATION,-0.4185871728186394,-1.070042146660617,0.3839717610145117,0.7088329809738283,1.0,3/12,16.48%,ENSG00000131069;ENSG00000196616;ENSG00000111275
prerank,REACTOME_PI_METABOLISM,-0.2810653972039677,-1.0673517404990984,0.3703379634693208,0.7096939768222017,1.0,48/80,45.63%,ENSG00000185133;ENSG00000185361;ENSG00000105559;ENSG00000168118;ENSG00000171862;ENSG00000186111;ENSG00000166908;ENSG00000168918;ENSG00000003987;ENSG00000144566;ENSG00000006007;ENSG00000176783;ENSG00000106086;ENSG00000102010;ENSG00000163629;ENSG00000102886;ENSG00000105647;ENSG00000011405;ENSG00000143398;ENSG00000078142;ENSG00000132376;ENSG00000108389;ENSG00000087053;ENSG00000116095;ENSG00000051382;ENSG00000104643;ENSG00000158555;ENSG00000183578;ENSG00000038210;ENSG00000180957;ENSG00000130653;ENSG00000153982;ENSG00000052126;ENSG00000100241;ENSG00000121879;ENSG00000141506;ENSG00000241973;ENSG00000115020;ENSG00000198825;ENSG00000164303;ENSG00000040933;ENSG00000155252;ENSG00000103043;ENSG00000112367;ENSG00000166912;ENSG00000196455;ENSG00000211456;ENSG00000165782
prerank,REACTOME_NEGATIVE_REGULATION_OF_THE_PI3K_AKT_NETWORK,-0.2687939471157381,-1.0666942145041374,0.35754606454361487,0.7098686252905259,1.0,44/113,33.84%,ENSG00000129682;ENSG00000141736;ENSG00000197122;ENSG00000066468;ENSG00000077782;ENSG00000163600;ENSG00000068971;ENSG00000156427;ENSG00000104695;ENSG00000171862;ENSG00000186111;ENSG00000117020;ENSG00000166908;ENSG00000137331;ENSG00000102882;ENSG00000068078;ENSG00000160867;ENSG00000113575;ENSG00000010810;ENSG00000176697;ENSG00000140538;ENSG00000128340;ENSG00000169047;ENSG00000105647;ENSG00000113070;ENSG00000142208;ENSG00000033327;ENSG00000177105;ENSG00000113721;ENSG00000143398;ENSG00000225950;ENSG00000140009;ENSG00000066027;ENSG00000090554;ENSG00000179295;ENSG00000115808;ENSG00000198001;ENSG00000101255;ENSG00000185950;ENSG00000101464;ENSG00000051382;ENSG00000140285;ENSG00000105221;ENSG00000154001
prerank,REACTOME_ADP_SIGNALLING_THROUGH_P2Y_PURINOCEPTOR_1,-0.3496951753346995,-1.0660575799468948,0.38940316686967114,0.7099594857660336,1.0,11/24,31.60%,ENSG00000111664;ENSG00000197122;ENSG00000168243;ENSG00000088256;ENSG00000127920;ENSG00000162188;ENSG00000069966;ENSG00000116711;ENSG00000176533;ENSG00000172354;ENSG00000112062
prerank,REACTOME_DOWNSTREAM_SIGNAL_TRANSDUCTION,0.22020777528806834,0.8736762480014435,0.6860398860398861,0.7116645970945202,1.0,3/29,4.41%,ENSG00000177885;ENSG00000174775;ENSG00000100311
prerank,REACTOME_FACTORS_INVOLVED_IN_MEGAKARYOCYTE_DEVELOPMENT_AND_PLATELET_PRODUCTION,-0.2625182817269933,-1.0644477345000378,0.3593652119440384,0.7129859649716991,1.0,25/144,4.96%,ENSG00000090889;ENSG00000104892;ENSG00000237649;ENSG00000135596;ENSG00000186185;ENSG00000198033;ENSG00000112984;ENSG00000024422;ENSG00000064961;ENSG00000138778;ENSG00000163808;ENSG00000142945;ENSG00000137807;ENSG00000137267;ENSG00000123374;ENSG00000161800;ENSG00000166483;ENSG00000084731;ENSG00000167552;ENSG00000121621;ENSG00000104833;ENSG00000185022;ENSG00000136883;ENSG00000130158;ENSG00000101162
prerank,REACTOME_P75_NTR_RECEPTOR_MEDIATED_SIGNALLING,-0.2744983198896899,-1.0637199340330583,0.36568532298069667,0.713389771217866,1.0,31/95,21.38%,ENSG00000102302;ENSG00000131089;ENSG00000137135;ENSG00000179222;ENSG00000050327;ENSG00000040608;ENSG00000129675;ENSG00000166681;ENSG00000171680;ENSG00000221983;ENSG00000146426;ENSG00000170315;ENSG00000205155;ENSG00000090924;ENSG00000002330;ENSG00000138613;ENSG00000161011;ENSG00000162736;ENSG00000156299;ENSG00000164305;ENSG00000110237;ENSG00000169783;ENSG00000064300;ENSG00000143947;ENSG00000165801;ENSG00000154358;ENSG00000142632;ENSG00000101977;ENSG00000214694;ENSG00000142856;ENSG00000114790
prerank,REACTOME_TRYPTOPHAN_CATABOLISM,-0.40010055228294494,-1.0626693294438978,0.4014341590612777,0.7147325647962792,1.0,7/14,31.90%,ENSG00000171097;ENSG00000180773;ENSG00000103257;ENSG00000183077;ENSG00000168003;ENSG00000109576;ENSG00000162882
prerank,REACTOME_RHO_GTPASE_CYCLE,-0.24409034016690873,-1.060961529681749,0.3067589249899719,0.7162550347695295,1.0,138/438,22.94%,ENSG00000102302;ENSG00000131089;ENSG00000136026;ENSG00000196155;ENSG00000167617;ENSG00000008323;ENSG00000240771;ENSG00000242173;ENSG00000137135;ENSG00000115963;ENSG00000147799;ENSG00000035499;ENSG00000122966;ENSG00000077264;ENSG00000118193;ENSG00000079482;ENSG00000213390;ENSG00000155366;ENSG00000050327;ENSG00000008517;ENSG00000161800;ENSG00000008853;ENSG00000197122;ENSG00000142627;ENSG00000129675;ENSG00000129219;ENSG00000160447;ENSG00000164050;ENSG00000108830;ENSG00000137962;ENSG00000171680;ENSG00000123143;ENSG00000150093;ENSG00000149357;ENSG00000176788;ENSG00000183856;ENSG00000167460;ENSG00000076706;ENSG00000130158;ENSG00000004777;ENSG00000146426;ENSG00000011426;ENSG00000131016;ENSG00000182504;ENSG00000102401;ENSG00000055163;ENSG00000137218;ENSG00000114993;ENSG00000162738;ENSG00000159314;ENSG00000173156;ENSG00000120318;ENSG00000160007;ENSG00000198780;ENSG00000097096;ENSG00000153404;ENSG00000090924;ENSG00000112079;ENSG00000106636;ENSG00000149798;ENSG00000137133;ENSG00000105137;ENSG00000169750;ENSG00000131941;ENSG00000204178;ENSG00000242247;ENSG00000006453;ENSG00000159259;ENSG00000075391;ENSG00000113758;ENSG00000107957;ENSG00000146729;ENSG00000213619;ENSG00000088986;ENSG00000164040;ENSG00000051523;ENSG00000107897;ENSG00000166200;ENSG00000158062;ENSG00000177469;ENSG00000133818;ENSG00000164691;ENSG00000156299;ENSG00000138735;ENSG00000113368;ENSG00000110237;ENSG00000174943;ENSG00000120802;ENSG00000147251;ENSG00000196586;ENSG00000196935;ENSG00000136710;ENSG00000162236;ENSG00000145819;ENSG00000073712;ENSG00000015285;ENSG00000165801;ENSG00000125037;ENSG00000137992;ENSG00000154358;ENSG00000089639;ENSG00000121871;ENSG00000115355;ENSG00000142632;ENSG00000139734;ENSG00000118804;ENSG00000163629;ENSG00000138663;ENSG00000101977;ENSG00000135622;ENSG00000128609;ENSG00000132970;ENSG00000096696;ENSG00000130669;ENSG00000006607;ENSG00000079387;ENSG00000120899;ENSG00000128512;ENSG00000128340;ENSG00000198142;ENSG00000173327;ENSG00000061676;ENSG00000196220;ENSG00000126785;ENSG00000114790;ENSG00000198752;ENSG00000105647;ENSG00000137942;ENSG00000168421;ENSG00000046604;ENSG00000196700;ENSG00000122574;ENSG00000165895;ENSG00000137831;ENSG00000116209;ENSG00000161791;ENSG00000177105;ENSG00000107890
prerank,REACTOME_IKK_COMPLEX_RECRUITMENT_MEDIATED_BY_RIP1,-0.35597984592966253,-1.061070897364991,0.3948982094677459,0.7177145637394106,1.0,9/22,25.52%,ENSG00000004139;ENSG00000221983;ENSG00000170315;ENSG00000131508;ENSG00000072401;ENSG00000143947;ENSG00000109332;ENSG00000244687;ENSG00000136869
prerank,REACTOME_SYNTHESIS_SECRETION_AND_INACTIVATION_OF_GLUCAGON_LIKE_PEPTIDE_1_GLP_1,-0.3739443209135055,-1.0597388831521894,0.3970870065159065,0.7180864308030915,1.0,6/18,11.76%,ENSG00000111664;ENSG00000118363;ENSG00000166562;ENSG00000114902;ENSG00000165556;ENSG00000129128
prerank,REACTOME_REGULATION_OF_CDH11_GENE_TRANSCRIPTION,0.3017737446126393,0.868293572438169,0.6413484971567831,0.7206949463063365,1.0,3/10,7.31%,ENSG00000129351;ENSG00000103241;ENSG00000152784
prerank,REACTOME_SIGNALING_BY_RHO_GTPASES_MIRO_GTPASES_AND_RHOBTB3,-0.23989801668078428,-1.0564938730623306,0.28582858285828583,0.7259337160944078,1.0,214/661,22.94%,ENSG00000166851;ENSG00000102302;ENSG00000131089;ENSG00000143228;ENSG00000115163;ENSG00000136026;ENSG00000104892;ENSG00000178999;ENSG00000196155;ENSG00000167617;ENSG00000008323;ENSG00000240771;ENSG00000242173;ENSG00000137135;ENSG00000115963;ENSG00000147799;ENSG00000089685;ENSG00000035499;ENSG00000198033;ENSG00000156970;ENSG00000134690;ENSG00000122966;ENSG00000077264;ENSG00000152253;ENSG00000118193;ENSG00000138778;ENSG00000142945;ENSG00000080986;ENSG00000079482;ENSG00000117399;ENSG00000153044;ENSG00000213390;ENSG00000155366;ENSG00000137267;ENSG00000050327;ENSG00000008517;ENSG00000161800;ENSG00000008853;ENSG00000197122;ENSG00000142627;ENSG00000167552;ENSG00000102384;ENSG00000137812;ENSG00000129675;ENSG00000121621;ENSG00000117724;ENSG00000174442;ENSG00000161888;ENSG00000129219;ENSG00000160447;ENSG00000164050;ENSG00000246705;ENSG00000108830;ENSG00000070087;ENSG00000104833;ENSG00000137962;ENSG00000171680;ENSG00000129810;ENSG00000072864;ENSG00000123143;ENSG00000150093;ENSG00000149357;ENSG00000176788;ENSG00000183856;ENSG00000158402;ENSG00000167460;ENSG00000076706;ENSG00000130158;ENSG00000120334;ENSG00000004777;ENSG00000166451;ENSG00000175216;ENSG00000184445;ENSG00000105357;ENSG00000146426;ENSG00000101162;ENSG00000011426;ENSG00000157020;ENSG00000131016;ENSG00000149636;ENSG00000182504;ENSG00000102401;ENSG00000055163;ENSG00000164109;ENSG00000104863;ENSG00000185386;ENSG00000137218;ENSG00000114993;ENSG00000123219;ENSG00000162738;ENSG00000159314;ENSG00000173156;ENSG00000120318;ENSG00000160007;ENSG00000068971;ENSG00000154839;ENSG00000186871;ENSG00000198780;ENSG00000151725;ENSG00000097096;ENSG00000163932;ENSG00000075188;ENSG00000153404;ENSG00000111276;ENSG00000090924;ENSG00000112079;ENSG00000175279;ENSG00000106636;ENSG00000169679;ENSG00000149798;ENSG00000174996;ENSG00000040275;ENSG00000163535;ENSG00000137133;ENSG00000105137;ENSG00000169750;ENSG00000104695;ENSG00000131941;ENSG00000132535;ENSG00000204178;ENSG00000107404;ENSG00000242247;ENSG00000006453;ENSG00000159259;ENSG00000075391;ENSG00000113758;ENSG00000105968;ENSG00000107957;ENSG00000177954;ENSG00000146729;ENSG00000118680;ENSG00000115993;ENSG00000213619;ENSG00000088986;ENSG00000164040;ENSG00000051523;ENSG00000154473;ENSG00000107897;ENSG00000166200;ENSG00000158062;ENSG00000177469;ENSG00000133818;ENSG00000164691;ENSG00000156299;ENSG00000138735;ENSG00000113368;ENSG00000110237;ENSG00000127445;ENSG00000174943;ENSG00000102882;ENSG00000120802;ENSG00000147251;ENSG00000196586;ENSG00000113575;ENSG00000196935;ENSG00000136710;ENSG00000162236;ENSG00000117697;ENSG00000145819;ENSG00000073712;ENSG00000015285;ENSG00000165801;ENSG00000125037;ENSG00000137992;ENSG00000154358;ENSG00000089639;ENSG00000121871;ENSG00000164292;ENSG00000115355;ENSG00000142632;ENSG00000139734;ENSG00000118804;ENSG00000163629;ENSG00000138663;ENSG00000101977;ENSG00000135622;ENSG00000161202;ENSG00000184260;ENSG00000128609;ENSG00000132970;ENSG00000096696;ENSG00000130669;ENSG00000006607;ENSG00000137171;ENSG00000120253;ENSG00000079387;ENSG00000120899;ENSG00000198668;ENSG00000128512;ENSG00000128340;ENSG00000198142;ENSG00000173327;ENSG00000061676;ENSG00000196220;ENSG00000126785;ENSG00000137285;ENSG00000142856;ENSG00000114790;ENSG00000186575;ENSG00000198752;ENSG00000105647;ENSG00000137942;ENSG00000168421;ENSG00000176014;ENSG00000046604;ENSG00000196700;ENSG00000122574;ENSG00000165895;ENSG00000137831;ENSG00000116209;ENSG00000161791;ENSG00000177105;ENSG00000132475;ENSG00000107890
prerank,REACTOME_ACTIVATION_OF_THE_MRNA_UPON_BINDING_OF_THE_CAP_BINDING_COMPLEX_AND_EIFS_AND_SUBSEQUENT_BINDING_TO_43S,-0.2923268121703572,-1.0556430117990019,0.39046860782529574,0.7266591580026226,1.0,34/57,35.49%,ENSG00000149806;ENSG00000115268;ENSG00000105372;ENSG00000178982;ENSG00000175390;ENSG00000110700;ENSG00000142534;ENSG00000177954;ENSG00000185088;ENSG00000140988;ENSG00000171858;ENSG00000187840;ENSG00000184110;ENSG00000143947;ENSG00000197728;ENSG00000118181;ENSG00000124614;ENSG00000104131;ENSG00000149273;ENSG00000100129;ENSG00000161960;ENSG00000125977;ENSG00000105193;ENSG00000145425;ENSG00000138326;ENSG00000134419;ENSG00000170889;ENSG00000083845;ENSG00000151247;ENSG00000171863;ENSG00000070756;ENSG00000137154;ENSG00000156976;ENSG00000149100
prerank,REACTOME_ASPARTATE_AND_ASPARAGINE_METABOLISM,0.3006118160389724,0.8630377921099329,0.6443032949583168,0.7294197516985711,1.0,1/10,0.08%,ENSG00000125166
prerank,REACTOME_DOWNREGULATION_OF_SMAD2_3_SMAD4_TRANSCRIPTIONAL_ACTIVITY,-0.32737707517253534,-1.0539886415888502,0.40389207258834764,0.7297983399426199,1.0,12/31,14.99%,ENSG00000018408;ENSG00000177426;ENSG00000221983;ENSG00000108854;ENSG00000170315;ENSG00000106366;ENSG00000101665;ENSG00000118707;ENSG00000143799;ENSG00000102882;ENSG00000072401;ENSG00000143947
prerank,REACTOME_SLC_MEDIATED_TRANSPORT_OF_ORGANIC_ANIONS,0.20278214615904264,0.8620119525481635,0.7262059973924381,0.730201546710775,1.0,3/38,2.54%,ENSG00000172270;ENSG00000108528;ENSG00000141526
prerank,REACTOME_FORMATION_OF_THE_ANTERIOR_NEURAL_PLATE,-0.435445955362146,-1.0529934195752173,0.40924932975871314,0.7309527266033496,1.0,8/10,54.63%,ENSG00000198795;ENSG00000181449;ENSG00000169554;ENSG00000165588;ENSG00000007372;ENSG00000182968;ENSG00000204531;ENSG00000043355
prerank,REACTOME_INFECTION_WITH_ENTEROBACTERIA,-0.31434033911659814,-1.0519469079333952,0.40177095631641085,0.7322431202946676,1.0,17/38,28.77%,ENSG00000197565;ENSG00000204262;ENSG00000221983;ENSG00000134871;ENSG00000170315;ENSG00000091136;ENSG00000101680;ENSG00000130635;ENSG00000131508;ENSG00000143947;ENSG00000196569;ENSG00000198668;ENSG00000135862;ENSG00000188153;ENSG00000143933;ENSG00000112769;ENSG00000119888
prerank,REACTOME_TRANSCRIPTIONAL_ACTIVITY_OF_SMAD2_SMAD3_SMAD4_HETEROTRIMER,-0.2972451690240702,-1.0510255318969244,0.40814705548621355,0.7331512014274035,1.0,18/51,18.58%,ENSG00000140564;ENSG00000018408;ENSG00000177426;ENSG00000221983;ENSG00000108854;ENSG00000170315;ENSG00000106366;ENSG00000198176;ENSG00000101665;ENSG00000118707;ENSG00000143799;ENSG00000164692;ENSG00000133740;ENSG00000102882;ENSG00000072401;ENSG00000143947;ENSG00000080839;ENSG00000109332
prerank,REACTOME_ABC_TRANSPORTERS_IN_LIPID_HOMEOSTASIS,-0.36934480564634137,-1.0476645240985092,0.4214160180768265,0.7412801444872944,1.0,11/18,37.89%,ENSG00000167972;ENSG00000107331;ENSG00000162735;ENSG00000101986;ENSG00000154258;ENSG00000154262;ENSG00000160179;ENSG00000034693;ENSG00000064687;ENSG00000154263;ENSG00000138075
prerank,REACTOME_SIGNAL_ATTENUATION,0.29392173091365387,0.8546613073063258,0.6644787644787645,0.7427083145516301,1.0,1/10,1.13%,ENSG00000177885
prerank,REACTOME_TRAF3_DEPENDENT_IRF_ACTIVATION_PATHWAY,-0.40343208648195733,-1.0465020438890829,0.42590189462756295,0.7429572903756752,1.0,3/13,19.49%,ENSG00000107201;ENSG00000181481;ENSG00000052723
prerank,REACTOME_CYP2E1_REACTIONS,0.29690367887638647,0.8516017941971618,0.6628322094406981,0.7449826947693851,1.0,10/10,70.32%,ENSG00000255974;ENSG00000130649;ENSG00000138109;ENSG00000198077;ENSG00000165841;ENSG00000138115;ENSG00000197408;ENSG00000100197;ENSG00000167600;ENSG00000197446
prerank,REACTOME_SCAVENGING_BY_CLASS_B_RECEPTORS,0.30057049324505536,0.8519661058349413,0.6702495201535509,0.7454413692970279,1.0,3/10,13.88%,ENSG00000117450;ENSG00000173432;ENSG00000084674
prerank,REACTOME_FGFR1_MUTANT_RECEPTOR_ACTIVATION,0.21791621911055883,0.8521759400482085,0.7090095131505316,0.7461848343716043,1.0,2/28,1.33%,ENSG00000177885;ENSG00000111605
prerank,REACTOME_ORGANIC_ANION_TRANSPORT_BY_SLCO_TRANSPORTERS,0.2854235664977456,0.8499678054747853,0.6623270951993491,0.7468580486965064,1.0,11/11,71.47%,ENSG00000134538;ENSG00000101200;ENSG00000101187;ENSG00000174640;ENSG00000176463;ENSG00000111700;ENSG00000137491;ENSG00000173930;ENSG00000084453;ENSG00000139155;ENSG00000147100
prerank,REACTOME_PROCESSING_OF_CAPPED_INTRONLESS_PRE_MRNA,0.21261445787581262,0.8486967933579177,0.7200694042799306,0.7481107318015172,1.0,2/29,1.33%,ENSG00000125755;ENSG00000111605
prerank,REACTOME_FGFR1_LIGAND_BINDING_AND_ACTIVATION,-0.3868471750142015,-1.0439390391140977,0.4176294950019473,0.7486951624790069,1.0,3/15,5.96%,ENSG00000129682;ENSG00000077782;ENSG00000069702
prerank,REACTOME_ASSEMBLY_OF_ACTIVE_LPL_AND_LIPC_LIPASE_COMPLEXES,-0.36811677541637455,-1.0423657362875645,0.4158428390367554,0.7515394496094006,1.0,5/18,22.74%,ENSG00000140564;ENSG00000100258;ENSG00000110244;ENSG00000140943;ENSG00000175445
prerank,REACTOME_ENTEROBACTERIAL_FACTORS_ANTAGONIZE_HOST_DEFENSE,0.25993115476723744,0.8443776076567665,0.6748438893844781,0.7547779238596604,1.0,2/14,2.61%,ENSG00000150991;ENSG00000160014
prerank,REACTOME_REGULATION_OF_ENDOGENOUS_RETROELEMENTS_BY_KRAB_ZFP_PROTEINS,-0.283620109349702,-1.0401932913208845,0.41837644959857273,0.7561467635063908,1.0,32/65,33.62%,ENSG00000196724;ENSG00000246705;ENSG00000184635;ENSG00000168661;ENSG00000105968;ENSG00000196417;ENSG00000198538;ENSG00000180257;ENSG00000161298;ENSG00000189180;ENSG00000178187;ENSG00000130844;ENSG00000188612;ENSG00000198039;ENSG00000167554;ENSG00000184260;ENSG00000188295;ENSG00000173041;ENSG00000198093;ENSG00000131127;ENSG00000132475;ENSG00000188486;ENSG00000197903;ENSG00000158373;ENSG00000267680;ENSG00000196890;ENSG00000198633;ENSG00000169131;ENSG00000171681;ENSG00000102054;ENSG00000184678;ENSG00000057935
prerank,REACTOME_P130CAS_LINKAGE_TO_MAPK_SIGNALING_FOR_INTEGRINS,-0.3819792610033788,-1.0380125684200063,0.43128692525044954,0.7570756360664413,1.0,4/15,12.25%,ENSG00000050820;ENSG00000197122;ENSG00000005961;ENSG00000171560
prerank,REACTOME_ACTIVATION_OF_KAINATE_RECEPTORS_UPON_GLUTAMATE_BINDING,-0.33059248845073264,-1.0390634927504572,0.4229234675371781,0.7576298385073473,1.0,12/28,26.59%,ENSG00000126787;ENSG00000111664;ENSG00000168243;ENSG00000105737;ENSG00000127920;ENSG00000132535;ENSG00000162188;ENSG00000069966;ENSG00000198668;ENSG00000104490;ENSG00000176533;ENSG00000182621
prerank,REACTOME_SIGNALING_BY_MET,-0.27607585408103846,-1.0384205795749923,0.41201009990119664,0.7576882269687594,1.0,29/76,27.55%,ENSG00000168542;ENSG00000197122;ENSG00000167642;ENSG00000204262;ENSG00000150093;ENSG00000221983;ENSG00000108821;ENSG00000168118;ENSG00000170315;ENSG00000091136;ENSG00000101680;ENSG00000130635;ENSG00000196739;ENSG00000164692;ENSG00000143947;ENSG00000060718;ENSG00000149177;ENSG00000196569;ENSG00000138592;ENSG00000140600;ENSG00000175354;ENSG00000135862;ENSG00000131746;ENSG00000144749;ENSG00000141084;ENSG00000133703;ENSG00000160691;ENSG00000112769;ENSG00000179295
prerank,REACTOME_POSITIVE_REGULATION_OF_CDH1_GENE_TRANSCRIPTION,0.273006127365784,0.8416816817332812,0.6695205479452054,0.7583901409073435,1.0,2/12,3.83%,ENSG00000125798;ENSG00000137203
prerank,REACTOME_PROCESSIVE_SYNTHESIS_ON_THE_LAGGING_STRAND,-0.38429765338588145,-1.03536583003622,0.4342309684101502,0.7594447673534499,1.0,7/15,13.48%,ENSG00000106399;ENSG00000198056;ENSG00000132646;ENSG00000175482;ENSG00000062822;ENSG00000014138;ENSG00000117748
prerank,REACTOME_SYNTHESIS_OF_PE,-0.39625431829661717,-1.0365333534068113,0.4375162043038631,0.7596148127959028,1.0,7/13,36.01%,ENSG00000185813;ENSG00000134255;ENSG00000100288;ENSG00000134324;ENSG00000138018;ENSG00000139163;ENSG00000143845
prerank,REACTOME_ANCHORING_OF_THE_BASAL_BODY_TO_THE_PLASMA_MEMBRANE,-0.2669586391490779,-1.035420563467075,0.4229860365198711,0.7611042707164789,1.0,37/97,23.72%,ENSG00000166851;ENSG00000186638;ENSG00000101004;ENSG00000170312;ENSG00000117650;ENSG00000137267;ENSG00000142731;ENSG00000167552;ENSG00000103995;ENSG00000104833;ENSG00000072864;ENSG00000188878;ENSG00000175216;ENSG00000136861;ENSG00000182504;ENSG00000168778;ENSG00000137100;ENSG00000176101;ENSG00000108641;ENSG00000101624;ENSG00000152240;ENSG00000147400;ENSG00000144061;ENSG00000088986;ENSG00000151849;ENSG00000204852;ENSG00000101639;ENSG00000148019;ENSG00000136811;ENSG00000135315;ENSG00000128881;ENSG00000151466;ENSG00000182923;ENSG00000168014;ENSG00000213066;ENSG00000114107;ENSG00000164953
prerank,REACTOME_SUMOYLATION_OF_IMMUNE_RESPONSE_PROTEINS,0.2886948362668281,0.8384918795309029,0.6882172915072685,0.7629113072548422,1.0,1/10,1.76%,ENSG00000184900
prerank,REACTOME_REGULATION_OF_KIT_SIGNALING,0.24450701527579913,0.8367558122752394,0.6950892857142857,0.7647833974756282,1.0,1/16,1.13%,ENSG00000177885
prerank,REACTOME_INCRETIN_SYNTHESIS_SECRETION_AND_INACTIVATION,-0.35008023527883214,-1.0322057854538649,0.43606762680025046,0.7668840744697303,1.0,7/21,15.77%,ENSG00000111664;ENSG00000118363;ENSG00000166562;ENSG00000114902;ENSG00000165556;ENSG00000129128;ENSG00000136574
prerank,REACTOME_SIGNALING_BY_TGFB_FAMILY_MEMBERS,-0.2531391901178365,-1.0314510699739197,0.4231890091590341,0.7672720675121243,1.0,46/154,18.66%,ENSG00000157227;ENSG00000129682;ENSG00000114739;ENSG00000101938;ENSG00000140564;ENSG00000090006;ENSG00000018408;ENSG00000150093;ENSG00000152284;ENSG00000177426;ENSG00000221983;ENSG00000070404;ENSG00000108854;ENSG00000163430;ENSG00000120693;ENSG00000135503;ENSG00000069702;ENSG00000119699;ENSG00000170315;ENSG00000205155;ENSG00000106366;ENSG00000198176;ENSG00000138613;ENSG00000101665;ENSG00000140262;ENSG00000049323;ENSG00000175550;ENSG00000118707;ENSG00000143799;ENSG00000134323;ENSG00000130725;ENSG00000158769;ENSG00000134363;ENSG00000162736;ENSG00000164692;ENSG00000133740;ENSG00000102882;ENSG00000039319;ENSG00000072401;ENSG00000143947;ENSG00000035862;ENSG00000103266;ENSG00000080839;ENSG00000105855;ENSG00000109332;ENSG00000106799
prerank,REACTOME_ACETYLCHOLINE_BINDING_AND_DOWNSTREAM_EVENTS,-0.41262300992856604,-1.030187017117644,0.43849338854013625,0.7673254018641554,1.0,4/11,26.28%,ENSG00000108556;ENSG00000080644;ENSG00000169684;ENSG00000196811
prerank,REACTOME_PRESYNAPTIC_NICOTINIC_ACETYLCHOLINE_RECEPTORS,-0.41262300992856604,-1.030187017117644,0.43849338854013625,0.7673254018641554,1.0,4/11,26.28%,ENSG00000108556;ENSG00000080644;ENSG00000169684;ENSG00000196811
prerank,REACTOME_MISCELLANEOUS_TRANSPORT_AND_BINDING_EVENTS,-0.32520938544420647,-1.0286359866465251,0.43483994724853137,0.768256341991231,1.0,9/29,21.93%,ENSG00000170113;ENSG00000112077;ENSG00000171017;ENSG00000102158;ENSG00000136802;ENSG00000040531;ENSG00000171492;ENSG00000140157;ENSG00000126545
prerank,REACTOME_REGULATION_OF_BACH1_ACTIVITY,-0.4125398464716701,-1.0288312969428963,0.4411997885835095,0.7694937593621106,1.0,7/11,31.44%,ENSG00000126756;ENSG00000221983;ENSG00000170315;ENSG00000143947;ENSG00000100387;ENSG00000198517;ENSG00000055130
prerank,REACTOME_SYNDECAN_INTERACTIONS,-0.32974918397498354,-1.0250178036793183,0.44475781729000613,0.775194067104868,1.0,9/27,13.82%,ENSG00000129682;ENSG00000168542;ENSG00000204262;ENSG00000150093;ENSG00000162512;ENSG00000108821;ENSG00000115884;ENSG00000130635;ENSG00000164692
prerank,REACTOME_NEUROTRANSMITTER_RECEPTORS_AND_POSTSYNAPTIC_SIGNAL_TRANSMISSION,-0.24670279380974625,-1.0253160007393254,0.4326073556605712,0.7761340339502592,1.0,64/191,26.85%,ENSG00000011677;ENSG00000113327;ENSG00000131089;ENSG00000022355;ENSG00000198033;ENSG00000126787;ENSG00000111664;ENSG00000134072;ENSG00000137267;ENSG00000197122;ENSG00000126583;ENSG00000167552;ENSG00000175175;ENSG00000104833;ENSG00000108556;ENSG00000123700;ENSG00000168243;ENSG00000101162;ENSG00000058404;ENSG00000104863;ENSG00000105737;ENSG00000080644;ENSG00000125675;ENSG00000179841;ENSG00000127920;ENSG00000132535;ENSG00000072133;ENSG00000109738;ENSG00000117676;ENSG00000164742;ENSG00000162188;ENSG00000004660;ENSG00000065135;ENSG00000168135;ENSG00000102882;ENSG00000196586;ENSG00000142875;ENSG00000177189;ENSG00000174233;ENSG00000204681;ENSG00000155511;ENSG00000100034;ENSG00000069966;ENSG00000198668;ENSG00000166206;ENSG00000110931;ENSG00000137285;ENSG00000111725;ENSG00000176014;ENSG00000177807;ENSG00000147044;ENSG00000169684;ENSG00000152495;ENSG00000133703;ENSG00000148660;ENSG00000104490;ENSG00000183020;ENSG00000005249;ENSG00000088367;ENSG00000176533;ENSG00000196811;ENSG00000182621;ENSG00000132356;ENSG00000105464
prerank,REACTOME_SLC_MEDIATED_TRANSPORT_OF_INORGANIC_ANIONS,0.2003823762086879,0.8288840979814744,0.772609819121447,0.7774388726843848,1.0,9/35,11.19%,ENSG00000164889;ENSG00000225697;ENSG00000174502;ENSG00000144290;ENSG00000091137;ENSG00000188687;ENSG00000105641;ENSG00000081800;ENSG00000113504
prerank,REACTOME_RUNX1_INTERACTS_WITH_CO_FACTORS_WHOSE_PRECISE_EFFECT_ON_RUNX1_TARGETS_IS_NOT_KNOWN,0.19761675397147616,0.8269403602709107,0.7835723598435462,0.7796045109653126,1.0,4/36,4.39%,ENSG00000204435;ENSG00000127616;ENSG00000099956;ENSG00000141570
prerank,REACTOME_SMAD2_SMAD3_SMAD4_HETEROTRIMER_REGULATES_TRANSCRIPTION,-0.30806248407945797,-1.0185383321662103,0.454254941413185,0.783136549530379,1.0,14/36,17.18%,ENSG00000140564;ENSG00000018408;ENSG00000177426;ENSG00000221983;ENSG00000170315;ENSG00000106366;ENSG00000198176;ENSG00000101665;ENSG00000118707;ENSG00000164692;ENSG00000133740;ENSG00000102882;ENSG00000143947;ENSG00000080839
prerank,REACTOME_G2_M_DNA_DAMAGE_CHECKPOINT,-0.2745003120920491,-1.0208045868838715,0.453173546382601,0.7838487539786163,1.0,30/72,28.92%,ENSG00000134057;ENSG00000035499;ENSG00000163322;ENSG00000145386;ENSG00000170312;ENSG00000166483;ENSG00000106399;ENSG00000197299;ENSG00000149554;ENSG00000171792;ENSG00000158402;ENSG00000174371;ENSG00000111445;ENSG00000163918;ENSG00000049541;ENSG00000012048;ENSG00000117748;ENSG00000067369;ENSG00000175643;ENSG00000183765;ENSG00000101773;ENSG00000133119;ENSG00000165392;ENSG00000169139;ENSG00000188486;ENSG00000197903;ENSG00000158373;ENSG00000196890;ENSG00000164924;ENSG00000104320
prerank,REACTOME_CLEC7A_DECTIN_1_INDUCES_NFAT_ACTIVATION,-0.4102438711773889,-1.0212911620616412,0.45544948289578363,0.7842471575188379,1.0,8/11,45.83%,ENSG00000198668;ENSG00000168710;ENSG00000107758;ENSG00000150995;ENSG00000096433;ENSG00000138814;ENSG00000123104;ENSG00000072736
prerank,REACTOME_TRANSCRIPTIONAL_REGULATION_BY_TP53,-0.23674162012293481,-1.0185530498831015,0.4435062324085243,0.7849025708862916,1.0,159/349,33.55%,ENSG00000112695;ENSG00000088325;ENSG00000178999;ENSG00000115129;ENSG00000134057;ENSG00000089685;ENSG00000036672;ENSG00000145386;ENSG00000149932;ENSG00000170312;ENSG00000131174;ENSG00000131143;ENSG00000166337;ENSG00000123374;ENSG00000165891;ENSG00000087088;ENSG00000144554;ENSG00000106399;ENSG00000173530;ENSG00000175305;ENSG00000197299;ENSG00000149554;ENSG00000087586;ENSG00000171792;ENSG00000108984;ENSG00000127184;ENSG00000149357;ENSG00000167965;ENSG00000158402;ENSG00000074590;ENSG00000174371;ENSG00000221983;ENSG00000078237;ENSG00000111775;ENSG00000132646;ENSG00000140525;ENSG00000185386;ENSG00000170315;ENSG00000129173;ENSG00000176340;ENSG00000103363;ENSG00000147669;ENSG00000198176;ENSG00000111276;ENSG00000119487;ENSG00000116017;ENSG00000111445;ENSG00000163918;ENSG00000104695;ENSG00000168002;ENSG00000138794;ENSG00000101412;ENSG00000171862;ENSG00000049541;ENSG00000042286;ENSG00000185513;ENSG00000135940;ENSG00000169372;ENSG00000136319;ENSG00000117020;ENSG00000134574;ENSG00000143499;ENSG00000166908;ENSG00000015475;ENSG00000105327;ENSG00000141391;ENSG00000151849;ENSG00000012048;ENSG00000116586;ENSG00000172530;ENSG00000083750;ENSG00000117748;ENSG00000131055;ENSG00000127445;ENSG00000111358;ENSG00000120656;ENSG00000113575;ENSG00000143947;ENSG00000164938;ENSG00000175643;ENSG00000183765;ENSG00000090097;ENSG00000170855;ENSG00000109270;ENSG00000003400;ENSG00000164885;ENSG00000158169;ENSG00000080839;ENSG00000088808;ENSG00000213246;ENSG00000101773;ENSG00000118515;ENSG00000147133;ENSG00000106290;ENSG00000005075;ENSG00000116717;ENSG00000113300;ENSG00000116954;ENSG00000198431;ENSG00000133119;ENSG00000100142;ENSG00000134058;ENSG00000178913;ENSG00000204356;ENSG00000189043;ENSG00000111725;ENSG00000165392;ENSG00000161281;ENSG00000120868;ENSG00000142208;ENSG00000096070;ENSG00000188186;ENSG00000118046;ENSG00000197780;ENSG00000020426;ENSG00000134248;ENSG00000080546;ENSG00000025039;ENSG00000092847;ENSG00000141682;ENSG00000163875;ENSG00000132356;ENSG00000155363;ENSG00000113328;ENSG00000177606;ENSG00000163882;ENSG00000082258;ENSG00000140992;ENSG00000164924;ENSG00000169230;ENSG00000186654;ENSG00000073282;ENSG00000104320;ENSG00000177595;ENSG00000090061;ENSG00000138346;ENSG00000122512;ENSG00000104884;ENSG00000164327;ENSG00000138767;ENSG00000155876;ENSG00000112378;ENSG00000137337;ENSG00000105258;ENSG00000112062;ENSG00000198625;ENSG00000113916;ENSG00000127334;ENSG00000149115;ENSG00000120889;ENSG00000154582;ENSG00000145736;ENSG00000102054;ENSG00000110768;ENSG00000152942;ENSG00000064393;ENSG00000188986;ENSG00000105221;ENSG00000057657
prerank,REACTOME_INTRA_GOLGI_AND_RETROGRADE_GOLGI_TO_ER_TRAFFIC,-0.24344158592029858,-1.016591048863301,0.45195948020055254,0.7851111919533712,1.0,51/199,15.04%,ENSG00000090889;ENSG00000104892;ENSG00000237649;ENSG00000186185;ENSG00000198033;ENSG00000112984;ENSG00000138778;ENSG00000163808;ENSG00000079462;ENSG00000142945;ENSG00000137807;ENSG00000137267;ENSG00000161800;ENSG00000084731;ENSG00000134970;ENSG00000167552;ENSG00000179331;ENSG00000121621;ENSG00000170348;ENSG00000104833;ENSG00000136240;ENSG00000136883;ENSG00000148248;ENSG00000101162;ENSG00000111481;ENSG00000137100;ENSG00000004059;ENSG00000008256;ENSG00000177951;ENSG00000100196;ENSG00000138182;ENSG00000099246;ENSG00000106636;ENSG00000086598;ENSG00000174996;ENSG00000242247;ENSG00000213380;ENSG00000168374;ENSG00000172780;ENSG00000151746;ENSG00000183011;ENSG00000138160;ENSG00000129083;ENSG00000088986;ENSG00000136631;ENSG00000120805;ENSG00000144747;ENSG00000095139;ENSG00000143952;ENSG00000172007;ENSG00000162236
prerank,REACTOME_EVASION_BY_RSV_OF_HOST_INTERFERON_RESPONSES,-0.34192995537239884,-1.016987853448351,0.4645177105037382,0.7857824703037529,1.0,7/22,18.97%,ENSG00000221983;ENSG00000107201;ENSG00000170315;ENSG00000103363;ENSG00000159110;ENSG00000143947;ENSG00000100387
prerank,REACTOME_MISMATCH_REPAIR,-0.37750663547403013,-1.0185817881383652,0.45860201186484395,0.7866404462738017,1.0,6/15,13.48%,ENSG00000106399;ENSG00000174371;ENSG00000132646;ENSG00000175482;ENSG00000062822;ENSG00000117748
prerank,REACTOME_CAMK_IV_MEDIATED_PHOSPHORYLATION_OF_CREB,-0.42195195625684373,-1.0189059630411565,0.4555044630781715,0.7875164753645802,1.0,8/10,38.36%,ENSG00000058404;ENSG00000004660;ENSG00000198668;ENSG00000110931;ENSG00000152495;ENSG00000148660;ENSG00000145349;ENSG00000118260
prerank,REACTOME_MATURATION_OF_SARS_COV_2_SPIKE_PROTEIN,-0.29827560918543844,-1.013666767711262,0.45938997312142105,0.7916984649950922,1.0,22/41,30.72%,ENSG00000099904;ENSG00000228474;ENSG00000134910;ENSG00000102158;ENSG00000177239;ENSG00000134825;ENSG00000198856;ENSG00000136840;ENSG00000129562;ENSG00000088298;ENSG00000115275;ENSG00000033170;ENSG00000104219;ENSG00000157350;ENSG00000073849;ENSG00000110080;ENSG00000152127;ENSG00000163812;ENSG00000166391;ENSG00000124003;ENSG00000104723;ENSG00000188706
prerank,REACTOME_REGULATION_OF_SIGNALING_BY_NODAL,-0.41787265811230734,-1.0124342815947758,0.46661324786324787,0.7934162822299328,1.0,3/10,18.28%,ENSG00000114739;ENSG00000135503;ENSG00000179284
prerank,REACTOME_TGFBR3_EXPRESSION,0.21315997965530842,0.8177448196615528,0.7656765676567657,0.7941248430008072,1.0,3/25,4.18%,ENSG00000166949;ENSG00000129152;ENSG00000111046
prerank,REACTOME_IRS_MEDIATED_SIGNALLING,-0.2940986536351565,-1.0075902644109236,0.46453734147487086,0.7946239687271066,1.0,21/43,33.53%,ENSG00000129682;ENSG00000066468;ENSG00000077782;ENSG00000156427;ENSG00000152270;ENSG00000068078;ENSG00000160867;ENSG00000169047;ENSG00000105647;ENSG00000033327;ENSG00000078142;ENSG00000133703;ENSG00000090554;ENSG00000140992;ENSG00000179295;ENSG00000101255;ENSG00000185950;ENSG00000101464;ENSG00000051382;ENSG00000140285;ENSG00000105221
prerank,REACTOME_GLOBAL_GENOME_NUCLEOTIDE_EXCISION_REPAIR_GG_NER,-0.2650197596909937,-1.0100358993271479,0.46697755124173085,0.7948445548736814,1.0,36/84,23.92%,ENSG00000106399;ENSG00000100479;ENSG00000131788;ENSG00000221983;ENSG00000121022;ENSG00000132646;ENSG00000144524;ENSG00000170315;ENSG00000175482;ENSG00000111445;ENSG00000163918;ENSG00000062822;ENSG00000049541;ENSG00000143799;ENSG00000115350;ENSG00000147400;ENSG00000134574;ENSG00000105619;ENSG00000166200;ENSG00000117748;ENSG00000111358;ENSG00000143947;ENSG00000153391;ENSG00000113812;ENSG00000188612;ENSG00000138663;ENSG00000116030;ENSG00000100387;ENSG00000129484;ENSG00000175792;ENSG00000133119;ENSG00000134058;ENSG00000005156;ENSG00000169139;ENSG00000144749;ENSG00000020426
prerank,REACTOME_ASSEMBLY_AND_CELL_SURFACE_PRESENTATION_OF_NMDA_RECEPTORS,-0.2973009276942775,-1.0068443125935376,0.4713301413056172,0.7949369944627136,1.0,9/42,9.32%,ENSG00000198033;ENSG00000126787;ENSG00000137267;ENSG00000167552;ENSG00000104833;ENSG00000101162;ENSG00000058404;ENSG00000104863;ENSG00000132535
prerank,REACTOME_THE_PHOTOTRANSDUCTION_CASCADE,-0.3189967313507575,-1.007979066571084,0.4695725670127988,0.7952980955246358,1.0,9/29,23.11%,ENSG00000185527;ENSG00000257365;ENSG00000114349;ENSG00000130561;ENSG00000136448;ENSG00000152465;ENSG00000069966;ENSG00000198668;ENSG00000132915
prerank,REACTOME_PURINE_SALVAGE,-0.38714253858794156,-1.0109899559039417,0.4721859493340298,0.7957175658885717,1.0,3/13,2.60%,ENSG00000116337;ENSG00000106992;ENSG00000156136
prerank,REACTOME_TRAF6_MEDIATED_NF_KB_ACTIVATION,-0.3331634905504459,-1.0103416886089505,0.46766843207291536,0.7957628232124432,1.0,5/24,12.86%,ENSG00000163221;ENSG00000168256;ENSG00000107201;ENSG00000204305;ENSG00000181481
prerank,REACTOME_SIGNALING_BY_FGFR,-0.2643173132804246,-1.0083387671127628,0.4683240649874605,0.7960788972270708,1.0,35/84,27.68%,ENSG00000129682;ENSG00000197122;ENSG00000066468;ENSG00000077782;ENSG00000221983;ENSG00000103067;ENSG00000125848;ENSG00000069702;ENSG00000137218;ENSG00000170315;ENSG00000156427;ENSG00000147669;ENSG00000104695;ENSG00000168002;ENSG00000100320;ENSG00000102882;ENSG00000068078;ENSG00000160867;ENSG00000113575;ENSG00000143947;ENSG00000166068;ENSG00000005075;ENSG00000100142;ENSG00000198369;ENSG00000174721;ENSG00000136158;ENSG00000126500;ENSG00000127418;ENSG00000133703;ENSG00000104413;ENSG00000011201;ENSG00000160691;ENSG00000163882;ENSG00000179295;ENSG00000136937
prerank,REACTOME_EARLY_SARS_COV_2_INFECTION_EVENTS,-0.304006264462539,-1.008864987983404,0.46778380929903235,0.7963859203009105,1.0,8/37,8.48%,ENSG00000140564;ENSG00000076716;ENSG00000213420;ENSG00000162512;ENSG00000135047;ENSG00000115884;ENSG00000142798;ENSG00000147257
prerank,REACTOME_METABOLISM_OF_NUCLEOTIDES,-0.2599964770610163,-1.0050258403884078,0.46922660897782587,0.7964965873606429,1.0,34/94,22.89%,ENSG00000103202;ENSG00000116337;ENSG00000171848;ENSG00000106992;ENSG00000198018;ENSG00000156136;ENSG00000176890;ENSG00000128951;ENSG00000168393;ENSG00000125458;ENSG00000166548;ENSG00000103024;ENSG00000179958;ENSG00000188833;ENSG00000170502;ENSG00000047230;ENSG00000114956;ENSG00000197217;ENSG00000155085;ENSG00000112667;ENSG00000165609;ENSG00000185013;ENSG00000173221;ENSG00000136159;ENSG00000198585;ENSG00000106348;ENSG00000170222;ENSG00000187097;ENSG00000196839;ENSG00000198431;ENSG00000147647;ENSG00000197586;ENSG00000138185;ENSG00000178035
prerank,REACTOME_REGULATION_OF_TP53_ACTIVITY,-0.24672952644425866,-1.0052142667754262,0.4832381940840685,0.7977477982566813,1.0,45/154,18.14%,ENSG00000088325;ENSG00000178999;ENSG00000036672;ENSG00000145386;ENSG00000170312;ENSG00000166337;ENSG00000123374;ENSG00000106399;ENSG00000197299;ENSG00000149554;ENSG00000087586;ENSG00000171792;ENSG00000108984;ENSG00000167965;ENSG00000074590;ENSG00000174371;ENSG00000221983;ENSG00000185386;ENSG00000170315;ENSG00000119487;ENSG00000111445;ENSG00000163918;ENSG00000104695;ENSG00000049541;ENSG00000185513;ENSG00000136319;ENSG00000117020;ENSG00000143499;ENSG00000166908;ENSG00000012048;ENSG00000172530;ENSG00000117748;ENSG00000127445;ENSG00000120656;ENSG00000113575;ENSG00000143947;ENSG00000164938;ENSG00000175643;ENSG00000183765;ENSG00000164885;ENSG00000088808;ENSG00000101773;ENSG00000118515;ENSG00000147133;ENSG00000106290
prerank,REACTOME_NR1H3_NR1H2_REGULATE_GENE_EXPRESSION_LINKED_TO_CHOLESTEROL_TRANSPORT_AND_EFFLUX,-0.3032439681852467,-1.0031562856982958,0.4777294629216124,0.7999788659390488,1.0,20/37,39.62%,ENSG00000101849;ENSG00000025434;ENSG00000130203;ENSG00000130208;ENSG00000188042;ENSG00000165029;ENSG00000115548;ENSG00000204231;ENSG00000160179;ENSG00000092847;ENSG00000155363;ENSG00000100979;ENSG00000177565;ENSG00000066135;ENSG00000165097;ENSG00000138075;ENSG00000126070;ENSG00000100354;ENSG00000186350;ENSG00000189058
prerank,REACTOME_E3_UBIQUITIN_LIGASES_UBIQUITINATE_TARGET_PROTEINS,-0.2856360533139387,-1.0021892551662204,0.47472199931216325,0.800914660432723,1.0,26/49,32.64%,ENSG00000221983;ENSG00000131871;ENSG00000132646;ENSG00000170315;ENSG00000170142;ENSG00000157911;ENSG00000176641;ENSG00000131508;ENSG00000072401;ENSG00000143947;ENSG00000070950;ENSG00000119048;ENSG00000136986;ENSG00000168936;ENSG00000109332;ENSG00000169139;ENSG00000162928;ENSG00000197903;ENSG00000158373;ENSG00000155827;ENSG00000185651;ENSG00000146414;ENSG00000140395;ENSG00000155876;ENSG00000137815;ENSG00000077721
prerank,REACTOME_ADENYLATE_CYCLASE_INHIBITORY_PATHWAY,0.26424566499172586,0.8120916187506155,0.7246929267259635,0.8022986063647058,1.0,5/12,15.06%,ENSG00000114353;ENSG00000129467;ENSG00000078295;ENSG00000173175;ENSG00000141404
prerank,REACTOME_UPTAKE_AND_FUNCTION_OF_ANTHRAX_TOXINS,-0.40209147305976745,-0.9994805657074157,0.4855858238561227,0.8031776817727964,1.0,6/11,23.60%,ENSG00000140564;ENSG00000108984;ENSG00000126934;ENSG00000198668;ENSG00000163297;ENSG00000034152
prerank,REACTOME_HYALURONAN_DEGRADATION,-0.3652774385476236,-0.9998735964215865,0.4790326730126061,0.8038513430032275,1.0,6/16,13.72%,ENSG00000068001;ENSG00000072571;ENSG00000169919;ENSG00000119899;ENSG00000186792;ENSG00000187446
prerank,REACTOME_EPIGENETIC_REGULATION_OF_GENE_EXPRESSION_BY_MLL3_AND_MLL4_COMPLEXES,-0.26055770495045655,-1.0003044008018687,0.4818446288115505,0.8044188595586085,1.0,51/91,49.83%,ENSG00000062282;ENSG00000119927;ENSG00000108590;ENSG00000147872;ENSG00000246705;ENSG00000101849;ENSG00000079435;ENSG00000155868;ENSG00000166821;ENSG00000105968;ENSG00000177666;ENSG00000147050;ENSG00000160563;ENSG00000164885;ENSG00000134324;ENSG00000184260;ENSG00000112237;ENSG00000175445;ENSG00000132475;ENSG00000188486;ENSG00000197903;ENSG00000158373;ENSG00000196890;ENSG00000169692;ENSG00000136146;ENSG00000177565;ENSG00000055609;ENSG00000140396;ENSG00000124641;ENSG00000245848;ENSG00000151365;ENSG00000184678;ENSG00000163041;ENSG00000186350;ENSG00000111058;ENSG00000175221;ENSG00000151726;ENSG00000196363;ENSG00000125686;ENSG00000164758;ENSG00000196498;ENSG00000124635;ENSG00000146047;ENSG00000097007;ENSG00000180596;ENSG00000096717;ENSG00000197375;ENSG00000100393;ENSG00000112282;ENSG00000117222;ENSG00000141027
prerank,REACTOME_SIGNAL_REGULATORY_PROTEIN_FAMILY_INTERACTIONS,0.23885025754074715,0.80966730230536,0.7221711131554738,0.805021451048865,1.0,1/16,1.13%,ENSG00000177885
prerank,REACTOME_DEACTIVATION_OF_THE_BETA_CATENIN_TRANSACTIVATING_COMPLEX,-0.2919919242626415,-0.9976692708766574,0.48339957914426,0.8064304385154579,1.0,14/42,17.30%,ENSG00000065717;ENSG00000124766;ENSG00000178585;ENSG00000110693;ENSG00000081059;ENSG00000152284;ENSG00000221983;ENSG00000170315;ENSG00000116128;ENSG00000163348;ENSG00000196781;ENSG00000143947;ENSG00000100211;ENSG00000159692
prerank,REACTOME_RNA_POLYMERASE_III_TRANSCRIPTION_INITIATION_FROM_TYPE_1_PROMOTER,0.20311204262763738,0.8057434180042149,0.802528597230584,0.8102215448371947,1.0,2/28,2.15%,ENSG00000099817;ENSG00000177700
prerank,REACTOME_NEURONAL_SYSTEM,-0.2298528798738805,-0.9955314406039086,0.5181690423609717,0.8105666094581803,1.0,123/382,27.84%,ENSG00000011677;ENSG00000113327;ENSG00000131089;ENSG00000022355;ENSG00000198033;ENSG00000179526;ENSG00000167535;ENSG00000126787;ENSG00000111664;ENSG00000134072;ENSG00000196338;ENSG00000137267;ENSG00000197122;ENSG00000126583;ENSG00000168263;ENSG00000142949;ENSG00000167552;ENSG00000067191;ENSG00000126243;ENSG00000138622;ENSG00000175175;ENSG00000128011;ENSG00000104833;ENSG00000170579;ENSG00000131409;ENSG00000148408;ENSG00000108556;ENSG00000136854;ENSG00000183960;ENSG00000123700;ENSG00000168243;ENSG00000162975;ENSG00000185985;ENSG00000101162;ENSG00000007402;ENSG00000058404;ENSG00000104863;ENSG00000169992;ENSG00000105737;ENSG00000051128;ENSG00000087085;ENSG00000080644;ENSG00000125675;ENSG00000105642;ENSG00000093010;ENSG00000117013;ENSG00000189221;ENSG00000179542;ENSG00000179841;ENSG00000127920;ENSG00000132535;ENSG00000131398;ENSG00000072133;ENSG00000109738;ENSG00000117676;ENSG00000133318;ENSG00000162383;ENSG00000164742;ENSG00000105426;ENSG00000073150;ENSG00000162188;ENSG00000067715;ENSG00000173621;ENSG00000004660;ENSG00000103942;ENSG00000065135;ENSG00000182674;ENSG00000198722;ENSG00000168135;ENSG00000006071;ENSG00000102882;ENSG00000173227;ENSG00000196586;ENSG00000104888;ENSG00000082397;ENSG00000112294;ENSG00000121871;ENSG00000111275;ENSG00000142875;ENSG00000177189;ENSG00000110076;ENSG00000174233;ENSG00000204681;ENSG00000155511;ENSG00000140538;ENSG00000132639;ENSG00000100034;ENSG00000069966;ENSG00000198668;ENSG00000166206;ENSG00000110931;ENSG00000146006;ENSG00000137285;ENSG00000111725;ENSG00000176014;ENSG00000008056;ENSG00000177807;ENSG00000147044;ENSG00000121361;ENSG00000169684;ENSG00000141837;ENSG00000152495;ENSG00000162951;ENSG00000111371;ENSG00000133703;ENSG00000177301;ENSG00000148660;ENSG00000184564;ENSG00000170049;ENSG00000104490;ENSG00000183020;ENSG00000005249;ENSG00000088367;ENSG00000176533;ENSG00000110218;ENSG00000196811;ENSG00000182621;ENSG00000132356;ENSG00000105464;ENSG00000146938;ENSG00000140992;ENSG00000220205;ENSG00000170743
prerank,REACTOME_SURFACTANT_METABOLISM,0.20198643258616605,0.8044792819452978,0.803921568627451,0.8110852908499974,1.0,5/29,7.90%,ENSG00000229183;ENSG00000170425;ENSG00000229859;ENSG00000229415;ENSG00000141448
prerank,REACTOME_SUMOYLATION_OF_DNA_METHYLATION_PROTEINS,-0.3678086870918256,-0.9941047726017255,0.4882238126219909,0.8127461022636112,1.0,10/15,41.38%,ENSG00000111752;ENSG00000173894;ENSG00000116030;ENSG00000134686;ENSG00000088305;ENSG00000173889;ENSG00000141582;ENSG00000010803;ENSG00000204227;ENSG00000121481
prerank,REACTOME_GLYCOGEN_BREAKDOWN_GLYCOGENOLYSIS,-0.36750939082540185,-0.9920614112186208,0.49472077343849385,0.8166404523758171,1.0,10/15,32.59%,ENSG00000164776;ENSG00000067177;ENSG00000056998;ENSG00000068976;ENSG00000198668;ENSG00000044446;ENSG00000171298;ENSG00000163754;ENSG00000102893;ENSG00000100504
prerank,REACTOME_METABOLISM_OF_PORPHYRINS,-0.31833801960748176,-0.9911803080986648,0.4992154496077248,0.8172816943579823,1.0,10/27,19.23%,ENSG00000158578;ENSG00000188878;ENSG00000066926;ENSG00000256269;ENSG00000014919;ENSG00000188690;ENSG00000143224;ENSG00000100292;ENSG00000106605;ENSG00000118777
prerank,REACTOME_NR1H2_AND_NR1H3_MEDIATED_SIGNALING,-0.2861372961963494,-0.9883468979056017,0.5048744122032344,0.8197208240724402,1.0,24/46,39.62%,ENSG00000101849;ENSG00000025434;ENSG00000130203;ENSG00000130208;ENSG00000188042;ENSG00000007944;ENSG00000165029;ENSG00000115548;ENSG00000180530;ENSG00000204231;ENSG00000160179;ENSG00000092847;ENSG00000155363;ENSG00000100979;ENSG00000177565;ENSG00000066135;ENSG00000165097;ENSG00000170231;ENSG00000138075;ENSG00000126070;ENSG00000100354;ENSG00000169710;ENSG00000186350;ENSG00000189058
prerank,REACTOME_ERK_MAPK_TARGETS,-0.33136409559891283,-0.9876914253392846,0.4986473192326611,0.8197544254591214,1.0,10/22,20.58%,ENSG00000081189;ENSG00000166484;ENSG00000185386;ENSG00000104695;ENSG00000117676;ENSG00000102882;ENSG00000113575;ENSG00000139318;ENSG00000177189;ENSG00000164086
prerank,REACTOME_GROWTH_HORMONE_RECEPTOR_SIGNALING,0.21001515548277472,0.7980656672725079,0.7891949152542372,0.8200181130684453,1.0,1/24,0.53%,ENSG00000151694
prerank,REACTOME_ACTIVATION_OF_IRF3_IRF7_MEDIATED_BY_TBK1_IKK_IKBKE,-0.35465947207590454,-0.989479331539531,0.5014603174603175,0.82016743204985,1.0,5/17,14.99%,ENSG00000004139;ENSG00000221983;ENSG00000170315;ENSG00000136560;ENSG00000143947
prerank,REACTOME_DUAL_INCISION_IN_TC_NER,-0.27195577350775946,-0.9885625159778564,0.5008976660682226,0.8209136100954328,1.0,23/62,21.46%,ENSG00000106399;ENSG00000100479;ENSG00000221983;ENSG00000021776;ENSG00000132646;ENSG00000170315;ENSG00000175482;ENSG00000147669;ENSG00000111445;ENSG00000163918;ENSG00000062822;ENSG00000168002;ENSG00000172780;ENSG00000049541;ENSG00000115350;ENSG00000117748;ENSG00000111358;ENSG00000143947;ENSG00000005075;ENSG00000100387;ENSG00000133119;ENSG00000100142;ENSG00000134058
prerank,REACTOME_VITAMIN_D_CALCIFEROL_METABOLISM,-0.3865925037336322,-0.9855648340146618,0.49718402095612313,0.8237833352727896,1.0,4/12,18.82%,ENSG00000100600;ENSG00000111012;ENSG00000188612;ENSG00000157978
prerank,REACTOME_ZINC_TRANSPORTERS,-0.36458800251357026,-0.9835417103442629,0.5007749935417205,0.8239798389133592,1.0,7/15,25.77%,ENSG00000115194;ENSG00000141424;ENSG00000138821;ENSG00000112473;ENSG00000104635;ENSG00000147804;ENSG00000145740
prerank,REACTOME_FGFR2_LIGAND_BINDING_AND_ACTIVATION,-0.3585938737757024,-0.9838753688241679,0.5081988379599742,0.8248441695320655,1.0,3/16,7.36%,ENSG00000129682;ENSG00000066468;ENSG00000156427
prerank,REACTOME_SIGNALING_BY_PDGF,-0.27401688564490867,-0.9840860019714168,0.5101786926034834,0.8260443194980404,1.0,19/58,27.55%,ENSG00000050820;ENSG00000140564;ENSG00000168542;ENSG00000197122;ENSG00000204262;ENSG00000134871;ENSG00000049089;ENSG00000163359;ENSG00000130635;ENSG00000142173;ENSG00000142156;ENSG00000113296;ENSG00000166888;ENSG00000105647;ENSG00000113721;ENSG00000188153;ENSG00000133703;ENSG00000169231;ENSG00000179295
prerank,REACTOME_SPHINGOLIPID_DE_NOVO_BIOSYNTHESIS,-0.2907278563424223,-0.9670601267250897,0.5341739335375913,0.8261962632013083,1.0,15/37,31.26%,ENSG00000090661;ENSG00000143753;ENSG00000123353;ENSG00000184304;ENSG00000063176;ENSG00000143418;ENSG00000223802;ENSG00000118777;ENSG00000119537;ENSG00000172057;ENSG00000198964;ENSG00000156671;ENSG00000176170;ENSG00000101558;ENSG00000090054
prerank,REACTOME_METABOLISM_OF_LIPIDS,-0.21904143877128118,-0.9677075572445002,0.6345,0.826207967289429,1.0,176/731,19.33%,ENSG00000102230;ENSG00000176244;ENSG00000164434;ENSG00000174951;ENSG00000150961;ENSG00000185133;ENSG00000062282;ENSG00000121316;ENSG00000163295;ENSG00000178537;ENSG00000185361;ENSG00000221988;ENSG00000180089;ENSG00000090661;ENSG00000100884;ENSG00000117305;ENSG00000103066;ENSG00000076555;ENSG00000119927;ENSG00000082014;ENSG00000109016;ENSG00000197142;ENSG00000148677;ENSG00000108590;ENSG00000172893;ENSG00000129219;ENSG00000147872;ENSG00000105559;ENSG00000167107;ENSG00000147155;ENSG00000198814;ENSG00000143753;ENSG00000167969;ENSG00000123353;ENSG00000184304;ENSG00000267673;ENSG00000204386;ENSG00000005469;ENSG00000110536;ENSG00000149485;ENSG00000141447;ENSG00000066322;ENSG00000188878;ENSG00000166311;ENSG00000134824;ENSG00000146426;ENSG00000006025;ENSG00000149809;ENSG00000063176;ENSG00000100300;ENSG00000100439;ENSG00000006756;ENSG00000115425;ENSG00000133027;ENSG00000143797;ENSG00000168118;ENSG00000163344;ENSG00000148343;ENSG00000101849;ENSG00000087085;ENSG00000115641;ENSG00000104549;ENSG00000233276;ENSG00000130517;ENSG00000005187;ENSG00000025434;ENSG00000107537;ENSG00000185813;ENSG00000146072;ENSG00000079459;ENSG00000006757;ENSG00000103502;ENSG00000165175;ENSG00000186480;ENSG00000170890;ENSG00000122971;ENSG00000176485;ENSG00000079435;ENSG00000101846;ENSG00000197296;ENSG00000155868;ENSG00000103056;ENSG00000155368;ENSG00000166821;ENSG00000205808;ENSG00000110697;ENSG00000101473;ENSG00000095321;ENSG00000117859;ENSG00000157184;ENSG00000177628;ENSG00000153395;ENSG00000160285;ENSG00000171862;ENSG00000162889;ENSG00000105854;ENSG00000100422;ENSG00000186111;ENSG00000148154;ENSG00000111684;ENSG00000100934;ENSG00000124212;ENSG00000143418;ENSG00000166908;ENSG00000168918;ENSG00000145545;ENSG00000133321;ENSG00000069764;ENSG00000138796;ENSG00000101986;ENSG00000110921;ENSG00000242612;ENSG00000167508;ENSG00000144645;ENSG00000107897;ENSG00000177666;ENSG00000100600;ENSG00000003987;ENSG00000067064;ENSG00000204228;ENSG00000196132;ENSG00000099377;ENSG00000010270;ENSG00000151611;ENSG00000112972;ENSG00000105223;ENSG00000172345;ENSG00000138029;ENSG00000124370;ENSG00000116906;ENSG00000138061;ENSG00000052802;ENSG00000104826;ENSG00000139278;ENSG00000167315;ENSG00000160563;ENSG00000144566;ENSG00000110090;ENSG00000074696;ENSG00000131748;ENSG00000198754;ENSG00000117215;ENSG00000134255;ENSG00000183765;ENSG00000088766;ENSG00000100031;ENSG00000204310;ENSG00000181513;ENSG00000006007;ENSG00000111012;ENSG00000176783;ENSG00000106086;ENSG00000188612;ENSG00000142875;ENSG00000223802;ENSG00000123739;ENSG00000165029;ENSG00000100288;ENSG00000100078;ENSG00000172379;ENSG00000134324;ENSG00000155016;ENSG00000102010;ENSG00000163629;ENSG00000180801;ENSG00000004779;ENSG00000176986;ENSG00000113273;ENSG00000116133;ENSG00000157978;ENSG00000122787;ENSG00000100294;ENSG00000140943;ENSG00000118777;ENSG00000119537;ENSG00000100344
prerank,REACTOME_SIGNALING_BY_NODAL,-0.3372095710279096,-0.9661913904058476,0.5372889896699421,0.8267523506111021,1.0,6/19,18.28%,ENSG00000114739;ENSG00000140564;ENSG00000135503;ENSG00000175550;ENSG00000102882;ENSG00000179284
prerank,REACTOME_UREA_CYCLE,-0.37819031280027915,-0.9694224986662332,0.5265738899933731,0.8268759765918273,1.0,3/12,9.64%,ENSG00000120329;ENSG00000130707;ENSG00000153406
prerank,REACTOME_TBC_RABGAPS,-0.2826863326962398,-0.965310369824178,0.5357225971608098,0.8273286019042583,1.0,18/42,30.66%,ENSG00000177169;ENSG00000168118;ENSG00000034713;ENSG00000170296;ENSG00000154710;ENSG00000172780;ENSG00000134594;ENSG00000167291;ENSG00000172007;ENSG00000144566;ENSG00000162065;ENSG00000099992;ENSG00000121749;ENSG00000029725;ENSG00000104946;ENSG00000108774;ENSG00000166128;ENSG00000140941
prerank,REACTOME_SIGNALING_BY_SCF_KIT,0.18141304182720036,0.79180800121062,0.8473177441540578,0.8273630313787448,1.0,2/43,1.49%,ENSG00000177885;ENSG00000174775
prerank,REACTOME_TRANSLATION_OF_REPLICASE_AND_ASSEMBLY_OF_THE_REPLICATION_TRANSCRIPTION_COMPLEX,0.24271689679942554,0.7923722743176514,0.7553423462712604,0.8277237917460005,1.0,14/14,75.74%,ENSG00000130724;ENSG00000115561;ENSG00000126581;ENSG00000083937;ENSG00000136003;ENSG00000101421;ENSG00000164695;ENSG00000254505;ENSG00000198382;ENSG00000196455;ENSG00000176108;ENSG00000140941;ENSG00000147457;ENSG00000078142
prerank,REACTOME_SIGNALING_BY_FGFR3,-0.29053951803665845,-0.9677143582527566,0.5261348820670855,0.8278841858479894,1.0,11/37,14.99%,ENSG00000129682;ENSG00000197122;ENSG00000221983;ENSG00000137218;ENSG00000170315;ENSG00000156427;ENSG00000104695;ENSG00000102882;ENSG00000068078;ENSG00000113575;ENSG00000143947
prerank,REACTOME_SLC_MEDIATED_TRANSMEMBRANE_TRANSPORT,-0.2299203271616161,-0.9695252234066406,0.5766615930999492,0.8283104264447222,1.0,78/235,28.93%,ENSG00000115194;ENSG00000102100;ENSG00000130958;ENSG00000133460;ENSG00000004939;ENSG00000159216;ENSG00000141424;ENSG00000120509;ENSG00000158296;ENSG00000183048;ENSG00000072041;ENSG00000151729;ENSG00000180773;ENSG00000197496;ENSG00000114923;ENSG00000124067;ENSG00000169241;ENSG00000197119;ENSG00000080493;ENSG00000157593;ENSG00000089060;ENSG00000183023;ENSG00000138821;ENSG00000119899;ENSG00000181856;ENSG00000139370;ENSG00000115902;ENSG00000040531;ENSG00000110911;ENSG00000164638;ENSG00000165349;ENSG00000112473;ENSG00000162383;ENSG00000100075;ENSG00000092068;ENSG00000103257;ENSG00000181045;ENSG00000116704;ENSG00000155380;ENSG00000104635;ENSG00000104888;ENSG00000075142;ENSG00000117620;ENSG00000091664;ENSG00000017483;ENSG00000164707;ENSG00000003989;ENSG00000198668;ENSG00000142494;ENSG00000113073;ENSG00000100156;ENSG00000147804;ENSG00000196517;ENSG00000197506;ENSG00000136856;ENSG00000168575;ENSG00000213465;ENSG00000155886;ENSG00000168003;ENSG00000111371;ENSG00000005022;ENSG00000123643;ENSG00000186335;ENSG00000145740;ENSG00000118596;ENSG00000179520;ENSG00000188338;ENSG00000130304;ENSG00000147606;ENSG00000070214;ENSG00000091138;ENSG00000090020;ENSG00000158467;ENSG00000134294;ENSG00000155850;ENSG00000147100;ENSG00000110446;ENSG00000205060
prerank,REACTOME_CONSTITUTIVE_SIGNALING_BY_ABERRANT_PI3K_IN_CANCER,-0.25696365285731904,-0.9732296043389272,0.5319805910895457,0.8288875576214879,1.0,28/79,33.01%,ENSG00000129682;ENSG00000141736;ENSG00000197122;ENSG00000066468;ENSG00000077782;ENSG00000163600;ENSG00000156427;ENSG00000068078;ENSG00000160867;ENSG00000010810;ENSG00000176697;ENSG00000140538;ENSG00000128340;ENSG00000169047;ENSG00000105647;ENSG00000113070;ENSG00000033327;ENSG00000177105;ENSG00000113721;ENSG00000225950;ENSG00000140009;ENSG00000090554;ENSG00000179295;ENSG00000115808;ENSG00000185950;ENSG00000101464;ENSG00000051382;ENSG00000140285
prerank,REACTOME_NUCLEAR_EVENTS_KINASE_AND_TRANSCRIPTION_FACTOR_ACTIVATION,-0.26663487849861794,-0.9677426549999372,0.5380130074007625,0.8295107775418589,1.0,20/61,20.58%,ENSG00000081189;ENSG00000117318;ENSG00000128564;ENSG00000166484;ENSG00000185386;ENSG00000172201;ENSG00000104695;ENSG00000122877;ENSG00000140262;ENSG00000162889;ENSG00000117676;ENSG00000102882;ENSG00000113575;ENSG00000139318;ENSG00000123268;ENSG00000177189;ENSG00000164885;ENSG00000118515;ENSG00000140600;ENSG00000164086
prerank,REACTOME_METABOLIC_DISORDERS_OF_BIOLOGICAL_OXIDATION_ENZYMES,-0.29715467927116146,-0.9604958230348061,0.5349085727855616,0.8295319509282278,1.0,9/33,17.91%,ENSG00000178814;ENSG00000267673;ENSG00000001084;ENSG00000189221;ENSG00000116704;ENSG00000138061;ENSG00000100031;ENSG00000111012;ENSG00000155016
prerank,REACTOME_THROMBIN_SIGNALLING_THROUGH_PROTEINASE_ACTIVATED_RECEPTORS_PARS,-0.3028512707907139,-0.9723214080979095,0.5228499460237496,0.8295454034676516,1.0,7/31,14.04%,ENSG00000111664;ENSG00000197122;ENSG00000168243;ENSG00000088256;ENSG00000127920;ENSG00000162188;ENSG00000102882
prerank,REACTOME_ZINC_INFLUX_INTO_CELLS_BY_THE_SLC39_GENE_FAMILY,-0.40134405354554936,-0.9695893466183442,0.5255788906838987,0.829852115121013,1.0,5/10,20.98%,ENSG00000141424;ENSG00000138821;ENSG00000112473;ENSG00000104635;ENSG00000147804
prerank,REACTOME_HEME_SIGNALING,0.17793213722612236,0.7892241115323531,0.8514628657164292,0.8301107382274445,1.0,5/47,5.67%,ENSG00000171720;ENSG00000082898;ENSG00000206172;ENSG00000170485;ENSG00000188536
prerank,REACTOME_GABA_B_RECEPTOR_ACTIVATION,-0.28885494837747416,-0.9733970545170652,0.5231757151196731,0.8301762934083255,1.0,12/40,22.10%,ENSG00000111664;ENSG00000123700;ENSG00000168243;ENSG00000127920;ENSG00000164742;ENSG00000162188;ENSG00000065135;ENSG00000168135;ENSG00000174233;ENSG00000204681;ENSG00000069966;ENSG00000177807
prerank,REACTOME_CA_DEPENDENT_EVENTS,-0.2936982592810369,-0.9697586576894192,0.5206981955419271,0.8311328064068503,1.0,14/36,25.72%,ENSG00000126583;ENSG00000058404;ENSG00000163932;ENSG00000164742;ENSG00000004660;ENSG00000173020;ENSG00000142875;ENSG00000174233;ENSG00000198668;ENSG00000110931;ENSG00000116711;ENSG00000152495;ENSG00000148660;ENSG00000005249
prerank,REACTOME_RNA_POLYMERASE_I_PROMOTER_ESCAPE,-0.27627525135773345,-0.960516206413751,0.5425519696795682,0.8311493554183937,1.0,30/48,47.26%,ENSG00000246705;ENSG00000147669;ENSG00000105968;ENSG00000111358;ENSG00000184260;ENSG00000100142;ENSG00000134058;ENSG00000132475;ENSG00000066379;ENSG00000020426;ENSG00000117877;ENSG00000188486;ENSG00000197903;ENSG00000158373;ENSG00000196890;ENSG00000163882;ENSG00000104884;ENSG00000145736;ENSG00000110768;ENSG00000184678;ENSG00000163041;ENSG00000134480;ENSG00000105849;ENSG00000124635;ENSG00000143498;ENSG00000146047;ENSG00000085721;ENSG00000180596;ENSG00000068654;ENSG00000125630
prerank,REACTOME_SUMOYLATION_OF_DNA_REPLICATION_PROTEINS,-0.2775085428583338,-0.9590827972716395,0.5451921966986033,0.8314233490093915,1.0,15/45,19.64%,ENSG00000178999;ENSG00000089685;ENSG00000134690;ENSG00000087586;ENSG00000131747;ENSG00000131788;ENSG00000157020;ENSG00000132646;ENSG00000075188;ENSG00000047410;ENSG00000058804;ENSG00000188612;ENSG00000116030;ENSG00000163002;ENSG00000120253
prerank,REACTOME_REGULATION_OF_NF_KAPPA_B_SIGNALING,-0.34705986588179116,-0.9735050755027456,0.5187562940584088,0.8316298982427623,1.0,6/17,17.38%,ENSG00000160703;ENSG00000221983;ENSG00000170315;ENSG00000143947;ENSG00000102921;ENSG00000166130
prerank,REACTOME_REGULATION_OF_ENDOGENOUS_RETROELEMENTS_BY_THE_HUMAN_SILENCING_HUB_HUSH_COMPLEX,-0.3057177789226072,-0.9583089795980305,0.5390822594243044,0.8317064440164806,1.0,20/28,45.83%,ENSG00000246705;ENSG00000105968;ENSG00000163946;ENSG00000184260;ENSG00000076053;ENSG00000132475;ENSG00000188486;ENSG00000197903;ENSG00000158373;ENSG00000196890;ENSG00000196199;ENSG00000171681;ENSG00000133422;ENSG00000184678;ENSG00000163041;ENSG00000143379;ENSG00000033030;ENSG00000124635;ENSG00000146047;ENSG00000180596
prerank,REACTOME_CILIUM_ASSEMBLY,-0.23169463353842384,-0.9615256718772309,0.5853158326497129,0.8319216976414227,1.0,64/195,23.72%,ENSG00000166851;ENSG00000186638;ENSG00000128581;ENSG00000198033;ENSG00000101004;ENSG00000170312;ENSG00000117650;ENSG00000137267;ENSG00000142731;ENSG00000084731;ENSG00000167552;ENSG00000103995;ENSG00000104833;ENSG00000213123;ENSG00000072864;ENSG00000137343;ENSG00000175970;ENSG00000188878;ENSG00000175216;ENSG00000101162;ENSG00000136861;ENSG00000113966;ENSG00000182504;ENSG00000168778;ENSG00000137100;ENSG00000176101;ENSG00000174483;ENSG00000108641;ENSG00000101624;ENSG00000132259;ENSG00000152240;ENSG00000168374;ENSG00000122970;ENSG00000119650;ENSG00000147400;ENSG00000118096;ENSG00000128285;ENSG00000144061;ENSG00000088986;ENSG00000151849;ENSG00000119333;ENSG00000204852;ENSG00000094631;ENSG00000125971;ENSG00000101639;ENSG00000148019;ENSG00000138036;ENSG00000138002;ENSG00000136811;ENSG00000135315;ENSG00000140463;ENSG00000128881;ENSG00000151466;ENSG00000182923;ENSG00000137285;ENSG00000168014;ENSG00000214413;ENSG00000176014;ENSG00000114446;ENSG00000213066;ENSG00000163913;ENSG00000068885;ENSG00000114107;ENSG00000164953
prerank,REACTOME_NUCLEAR_RECEPTOR_TRANSCRIPTION_PATHWAY,-0.276637316997359,-0.9753501567738581,0.5197218422252622,0.8319833146740301,1.0,27/51,46.59%,ENSG00000126351;ENSG00000148200;ENSG00000101076;ENSG00000025434;ENSG00000160113;ENSG00000120798;ENSG00000077092;ENSG00000172819;ENSG00000204231;ENSG00000115216;ENSG00000131759;ENSG00000140009;ENSG00000184162;ENSG00000112333;ENSG00000144852;ENSG00000126368;ENSG00000173153;ENSG00000136931;ENSG00000069667;ENSG00000186350;ENSG00000113580;ENSG00000174738;ENSG00000125686;ENSG00000196498;ENSG00000198963;ENSG00000112033;ENSG00000148572
prerank,REACTOME_SIGNALING_BY_FGFR4,-0.2905117153574559,-0.9621020848562272,0.5391644908616188,0.8321317311211713,1.0,11/36,14.99%,ENSG00000129682;ENSG00000197122;ENSG00000221983;ENSG00000137218;ENSG00000170315;ENSG00000156427;ENSG00000104695;ENSG00000102882;ENSG00000160867;ENSG00000113575;ENSG00000143947
prerank,REACTOME_TRANSMISSION_ACROSS_CHEMICAL_SYNAPSES,-0.22898337714146144,-0.9706851831224056,0.5766386384358221,0.8321486490016271,1.0,82/252,26.85%,ENSG00000011677;ENSG00000113327;ENSG00000131089;ENSG00000022355;ENSG00000198033;ENSG00000167535;ENSG00000126787;ENSG00000111664;ENSG00000134072;ENSG00000137267;ENSG00000197122;ENSG00000126583;ENSG00000167552;ENSG00000067191;ENSG00000175175;ENSG00000104833;ENSG00000148408;ENSG00000108556;ENSG00000136854;ENSG00000123700;ENSG00000168243;ENSG00000101162;ENSG00000007402;ENSG00000058404;ENSG00000104863;ENSG00000105737;ENSG00000087085;ENSG00000080644;ENSG00000125675;ENSG00000093010;ENSG00000189221;ENSG00000179841;ENSG00000127920;ENSG00000132535;ENSG00000072133;ENSG00000109738;ENSG00000117676;ENSG00000162383;ENSG00000164742;ENSG00000162188;ENSG00000067715;ENSG00000004660;ENSG00000065135;ENSG00000198722;ENSG00000168135;ENSG00000102882;ENSG00000196586;ENSG00000104888;ENSG00000112294;ENSG00000111275;ENSG00000142875;ENSG00000177189;ENSG00000174233;ENSG00000204681;ENSG00000155511;ENSG00000132639;ENSG00000100034;ENSG00000069966;ENSG00000198668;ENSG00000166206;ENSG00000110931;ENSG00000137285;ENSG00000111725;ENSG00000176014;ENSG00000008056;ENSG00000177807;ENSG00000147044;ENSG00000169684;ENSG00000141837;ENSG00000152495;ENSG00000111371;ENSG00000133703;ENSG00000148660;ENSG00000104490;ENSG00000183020;ENSG00000005249;ENSG00000088367;ENSG00000176533;ENSG00000196811;ENSG00000182621;ENSG00000132356;ENSG00000105464
prerank,REACTOME_PHOSPHOLIPASE_C_MEDIATED_CASCADE_FGFR1,-0.3693936074486286,-0.9607364309895157,0.5383807899225823,0.8322674878764692,1.0,2/13,4.39%,ENSG00000129682;ENSG00000077782
prerank,REACTOME_SIGNALING_BY_ERBB4,-0.27083895430456006,-0.9738489802964436,0.5237611468563044,0.8324448714354187,1.0,12/56,9.32%,ENSG00000113327;ENSG00000022355;ENSG00000197122;ENSG00000113140;ENSG00000123933;ENSG00000221983;ENSG00000117632;ENSG00000170315;ENSG00000205155;ENSG00000130203;ENSG00000138613;ENSG00000132535
prerank,REACTOME_NPAS4_REGULATES_EXPRESSION_OF_TARGET_GENES,-0.32205177443384214,-0.9625807086501007,0.5418518518518518,0.8326028337222421,1.0,8/22,22.76%,ENSG00000179222;ENSG00000165731;ENSG00000164949;ENSG00000102882;ENSG00000176697;ENSG00000164885;ENSG00000172379;ENSG00000105835
prerank,REACTOME_TRANSCRIPTIONAL_REGULATION_BY_NPAS4,-0.2968004426565531,-0.9743912486200599,0.5174467071573181,0.8327651868663677,1.0,17/34,39.92%,ENSG00000179222;ENSG00000165731;ENSG00000164949;ENSG00000102882;ENSG00000176697;ENSG00000164885;ENSG00000172379;ENSG00000105835;ENSG00000092847;ENSG00000155363;ENSG00000143437;ENSG00000145632;ENSG00000176749;ENSG00000126070;ENSG00000100354;ENSG00000135679;ENSG00000113580
prerank,REACTOME_CO_STIMULATION_BY_ICOS,-0.3999086176659029,-0.9697913769111768,0.5211933045356372,0.8327747456326685,1.0,5/10,40.08%,ENSG00000163600;ENSG00000105647;ENSG00000051382;ENSG00000121879;ENSG00000141506
prerank,REACTOME_SUMOYLATION_OF_INTRACELLULAR_RECEPTORS,-0.3014026101597831,-0.9551869458182742,0.5455202312138728,0.8329302321771207,1.0,15/29,39.92%,ENSG00000126351;ENSG00000131788;ENSG00000025434;ENSG00000120798;ENSG00000068024;ENSG00000078043;ENSG00000188612;ENSG00000116030;ENSG00000131759;ENSG00000144852;ENSG00000136931;ENSG00000069667;ENSG00000186350;ENSG00000033800;ENSG00000113580
prerank,REACTOME_SUMOYLATION_OF_DNA_DAMAGE_RESPONSE_AND_REPAIR_PROTEINS,-0.25462345521933316,-0.9571515189271643,0.5594728171334432,0.8329715495609977,1.0,45/75,41.48%,ENSG00000197299;ENSG00000157020;ENSG00000111752;ENSG00000075188;ENSG00000169189;ENSG00000173894;ENSG00000143799;ENSG00000147400;ENSG00000156831;ENSG00000002016;ENSG00000163029;ENSG00000047410;ENSG00000058804;ENSG00000012048;ENSG00000078043;ENSG00000152422;ENSG00000185115;ENSG00000188612;ENSG00000116030;ENSG00000163002;ENSG00000134686;ENSG00000120253;ENSG00000165392;ENSG00000153201;ENSG00000072501;ENSG00000107672;ENSG00000067066;ENSG00000164754;ENSG00000255150;ENSG00000138750;ENSG00000137337;ENSG00000139496;ENSG00000101972;ENSG00000069248;ENSG00000110713;ENSG00000108055;ENSG00000173889;ENSG00000155561;ENSG00000141582;ENSG00000033800;ENSG00000010803;ENSG00000095319;ENSG00000204227;ENSG00000121481;ENSG00000108559
prerank,REACTOME_UBIQUINOL_BIOSYNTHESIS,-0.3652719442579926,-0.9544886834425276,0.5461366328814006,0.8330093382320608,1.0,9/13,38.94%,ENSG00000186603;ENSG00000164494;ENSG00000088682;ENSG00000132423;ENSG00000119723;ENSG00000173085;ENSG00000123815;ENSG00000167113;ENSG00000148459
prerank,REACTOME_ENDOSOMAL_VACUOLAR_PATHWAY,-0.3899347731347137,-0.9769238660951498,0.5142554037926005,0.8330310763677596,1.0,7/11,36.06%,ENSG00000136943;ENSG00000135047;ENSG00000166710;ENSG00000113441;ENSG00000204592;ENSG00000163131;ENSG00000204525
prerank,REACTOME_ACTIVATION_OF_PPARGC1A_PGC_1ALPHA_BY_PHOSPHORYLATION,-0.4026293469367758,-0.9761130260892891,0.5175450300200134,0.8334532622831746,1.0,8/10,52.25%,ENSG00000185386;ENSG00000111725;ENSG00000188130;ENSG00000112062;ENSG00000181929;ENSG00000115592;ENSG00000131791;ENSG00000106617
prerank,REACTOME_N_GLYCAN_ANTENNAE_ELONGATION_IN_THE_MEDIAL_TRANS_GOLGI,-0.3192289489956672,-0.9753605012703496,0.5166400589463342,0.8337151814852305,1.0,11/25,29.51%,ENSG00000177511;ENSG00000086062;ENSG00000117411;ENSG00000121578;ENSG00000124302;ENSG00000104826;ENSG00000033170;ENSG00000073849;ENSG00000110080;ENSG00000152127;ENSG00000166391
prerank,REACTOME_PLATELET_CALCIUM_HOMEOSTASIS,-0.308446371578337,-0.9554570728087127,0.5424015462672143,0.8339023035013545,1.0,17/26,45.56%,ENSG00000160991;ENSG00000183023;ENSG00000070961;ENSG00000196296;ENSG00000075142;ENSG00000198668;ENSG00000167323;ENSG00000135124;ENSG00000067842;ENSG00000150995;ENSG00000096433;ENSG00000058668;ENSG00000118160;ENSG00000089041;ENSG00000137672;ENSG00000123104;ENSG00000109991
prerank,REACTOME_TP53_REGULATES_TRANSCRIPTION_OF_DEATH_RECEPTORS_AND_LIGANDS,-0.3832745781552469,-0.9785214286300413,0.516171100678143,0.8340191903549015,1.0,6/12,38.45%,ENSG00000149932;ENSG00000173530;ENSG00000088808;ENSG00000073282;ENSG00000120889;ENSG00000169710
prerank,REACTOME_INTERLEUKIN_2_SIGNALING,-0.39368019171884505,-0.9777283796646026,0.5160132890365449,0.8343997572667798,1.0,4/11,26.54%,ENSG00000105639;ENSG00000120899;ENSG00000100385;ENSG00000160691
prerank,REACTOME_SIGNALING_BY_NOTCH1,-0.2607627360799344,-0.9770470811615564,0.5280177187153932,0.834470020933379,1.0,21/74,14.99%,ENSG00000065717;ENSG00000163909;ENSG00000221983;ENSG00000100429;ENSG00000108840;ENSG00000163517;ENSG00000184384;ENSG00000101849;ENSG00000170315;ENSG00000205155;ENSG00000091073;ENSG00000138613;ENSG00000198719;ENSG00000196781;ENSG00000110042;ENSG00000068024;ENSG00000162736;ENSG00000214357;ENSG00000185559;ENSG00000094631;ENSG00000143947
prerank,REACTOME_N_GLYCAN_ANTENNAE_ELONGATION,-0.36108641921434104,-0.9556467022457273,0.5475019414962464,0.8350926522937033,1.0,7/14,27.09%,ENSG00000177511;ENSG00000086062;ENSG00000117411;ENSG00000121578;ENSG00000073849;ENSG00000110080;ENSG00000152127
prerank,REACTOME_TNFR1_INDUCED_NF_KAPPA_B_SIGNALING_PATHWAY,-0.3052183950506904,-0.9787386098003569,0.5147058823529411,0.8352224836090324,1.0,5/31,7.08%,ENSG00000179526;ENSG00000036672;ENSG00000221983;ENSG00000170315;ENSG00000067182
prerank,REACTOME_DIGESTION,0.2204373669137614,0.7827539708648349,0.782025819265144,0.8385760387578959,1.0,2/19,5.79%,ENSG00000174876;ENSG00000243480
prerank,REACTOME_METABOLISM_OF_FOLATE_AND_PTERINES,-0.3361952690621974,-0.941412232165696,0.5656578447511713,0.8404838328380987,1.0,10/17,46.74%,ENSG00000136010;ENSG00000076351;ENSG00000176974;ENSG00000100714;ENSG00000065911;ENSG00000173638;ENSG00000182199;ENSG00000136877;ENSG00000120254;ENSG00000178700
prerank,REACTOME_LGI_ADAM_INTERACTIONS,-0.3542726884917014,-0.9377759663364866,0.5774502198086372,0.841085863888221,1.0,8/14,30.34%,ENSG00000132535;ENSG00000099365;ENSG00000153012;ENSG00000073670;ENSG00000008277;ENSG00000108231;ENSG00000006116;ENSG00000075461
prerank,REACTOME_METABOLISM_OF_COFACTORS,-0.30807769499643284,-0.9418114017099751,0.5699071207430341,0.8411361497532308,1.0,11/25,25.74%,ENSG00000186603;ENSG00000138413;ENSG00000150787;ENSG00000164494;ENSG00000088682;ENSG00000137880;ENSG00000132423;ENSG00000119723;ENSG00000198668;ENSG00000142208;ENSG00000173085
prerank,REACTOME_REGULATION_OF_PTEN_GENE_TRANSCRIPTION,-0.2612398659209742,-0.9497186222383746,0.5688176895306859,0.8415337023203487,1.0,34/60,41.54%,ENSG00000111676;ENSG00000101115;ENSG00000149357;ENSG00000167965;ENSG00000108840;ENSG00000111752;ENSG00000173894;ENSG00000171862;ENSG00000116586;ENSG00000083750;ENSG00000102882;ENSG00000109270;ENSG00000134686;ENSG00000116954;ENSG00000188186;ENSG00000178691;ENSG00000134248;ENSG00000025039;ENSG00000177606;ENSG00000112333;ENSG00000155876;ENSG00000179632;ENSG00000102054;ENSG00000124216;ENSG00000057935;ENSG00000162521;ENSG00000019549;ENSG00000173889;ENSG00000141582;ENSG00000010803;ENSG00000177058;ENSG00000204227;ENSG00000121481;ENSG00000071655
prerank,REACTOME_RAS_ACTIVATION_UPON_CA2_INFLUX_THROUGH_NMDA_RECEPTOR,-0.3259199917432185,-0.9355170627117907,0.5716440422322775,0.8416044316141957,1.0,7/19,26.85%,ENSG00000126787;ENSG00000058404;ENSG00000132535;ENSG00000198668;ENSG00000133703;ENSG00000148660;ENSG00000105464
prerank,REACTOME_MYD88_INDEPENDENT_TLR4_CASCADE,-0.24043059664781774,-0.9428575135732591,0.5974468085106382,0.8418679046544528,1.0,27/107,17.38%,ENSG00000004139;ENSG00000081189;ENSG00000160703;ENSG00000163221;ENSG00000108984;ENSG00000166484;ENSG00000221983;ENSG00000168256;ENSG00000072803;ENSG00000185386;ENSG00000170315;ENSG00000104695;ENSG00000162889;ENSG00000117676;ENSG00000109339;ENSG00000204305;ENSG00000136560;ENSG00000102882;ENSG00000131508;ENSG00000072401;ENSG00000113575;ENSG00000143947;ENSG00000139318;ENSG00000123268;ENSG00000177189;ENSG00000102921;ENSG00000166130
prerank,REACTOME_PKR_MEDIATED_SIGNALING,-0.25049647789006485,-0.9359498437527153,0.6001321149399979,0.8421832595598113,1.0,33/74,31.11%,ENSG00000181544;ENSG00000198033;ENSG00000170312;ENSG00000137267;ENSG00000167552;ENSG00000104833;ENSG00000108984;ENSG00000131944;ENSG00000169689;ENSG00000101162;ENSG00000185504;ENSG00000175279;ENSG00000104695;ENSG00000102580;ENSG00000113575;ENSG00000204389;ENSG00000187741;ENSG00000158169;ENSG00000126803;ENSG00000116030;ENSG00000137285;ENSG00000175354;ENSG00000176014;ENSG00000221829;ENSG00000125977;ENSG00000066027;ENSG00000183161;ENSG00000143621;ENSG00000187790;ENSG00000180228;ENSG00000176170;ENSG00000204390;ENSG00000178462
prerank,REACTOME_RAF_INDEPENDENT_MAPK1_3_ACTIVATION,-0.31546502658409875,-0.9440610405986591,0.5579827736861815,0.8422177071956993,1.0,10/23,27.55%,ENSG00000170312;ENSG00000130829;ENSG00000126934;ENSG00000111266;ENSG00000102882;ENSG00000139318;ENSG00000164086;ENSG00000134352;ENSG00000096968;ENSG00000179295
prerank,REACTOME_NEPHRON_DEVELOPMENT,-0.3868358517726026,-0.9420132756230277,0.5647961243439644,0.8422685528633559,1.0,3/10,19.93%,ENSG00000101076;ENSG00000198719;ENSG00000170561
prerank,REACTOME_TNFR1_INDUCED_PROAPOPTOTIC_SIGNALING,-0.31261134192447626,-0.9385166328842944,0.5748547410063048,0.8425508805293268,1.0,3/23,7.08%,ENSG00000179526;ENSG00000036672;ENSG00000067182
prerank,REACTOME_ACTIVATION_OF_RAC1,-0.3698281913731613,-0.9378259543897994,0.5694644493911222,0.8425783454813817,1.0,2/12,3.88%,ENSG00000077264;ENSG00000123143
prerank,REACTOME_FGFR2B_LIGAND_BINDING_AND_ACTIVATION,-0.3900685949165098,-0.9431011785180009,0.5676075268817204,0.8429128683668192,1.0,2/10,2.67%,ENSG00000129682;ENSG00000066468
prerank,REACTOME_PREGNENOLONE_BIOSYNTHESIS,-0.3736368356797459,-0.9497487809699685,0.5553658216209116,0.8431192872011118,1.0,4/12,15.21%,ENSG00000267673;ENSG00000100300;ENSG00000010270;ENSG00000131748
prerank,REACTOME_DEVELOPMENTAL_LINEAGE_OF_MAMMARY_GLAND_ALVEOLAR_CELLS,-0.3425348942613827,-0.9395586235755079,0.5729974160206718,0.8433045655539452,1.0,12/16,58.77%,ENSG00000185499;ENSG00000119888;ENSG00000171345;ENSG00000170421;ENSG00000091409;ENSG00000140545;ENSG00000184254;ENSG00000091831;ENSG00000148513;ENSG00000172179;ENSG00000157404;ENSG00000082175
prerank,REACTOME_DEADENYLATION_OF_MRNA,-0.30505123841967524,-0.9361360265424233,0.5676824086439237,0.8433420307606269,1.0,21/25,53.40%,ENSG00000140694;ENSG00000113300;ENSG00000161960;ENSG00000138767;ENSG00000151247;ENSG00000149115;ENSG00000070756;ENSG00000156976;ENSG00000158435;ENSG00000172239;ENSG00000152520;ENSG00000125107;ENSG00000083223;ENSG00000240857;ENSG00000063046;ENSG00000198791;ENSG00000134744;ENSG00000144580;ENSG00000111596;ENSG00000141543;ENSG00000182973
prerank,REACTOME_TRANSCRIPTIONAL_REGULATION_BY_VENTX,-0.2821345147201765,-0.944263542806409,0.5686390532544379,0.8433561378194014,1.0,9/39,14.73%,ENSG00000175063;ENSG00000094880;ENSG00000141552;ENSG00000166295;ENSG00000170142;ENSG00000108106;ENSG00000004897;ENSG00000164162;ENSG00000072401
prerank,REACTOME_NEUROTOXICITY_OF_CLOSTRIDIUM_TOXINS,0.2694298291719891,0.7784647475309635,0.7906165180302442,0.8436981160225125,1.0,3/10,8.57%,ENSG00000106089;ENSG00000143858;ENSG00000122012
prerank,REACTOME_SEROTONIN_RECEPTORS,-0.37584054551522267,-0.9385374180354713,0.5712395819552851,0.8441138848729994,1.0,4/11,38.32%,ENSG00000179546;ENSG00000102468;ENSG00000164270;ENSG00000135914
prerank,REACTOME_REGULATION_OF_CDH1_GENE_TRANSCRIPTION,-0.2568841033792975,-0.9330394227108607,0.6016078606520768,0.8441961556941175,1.0,31/62,36.36%,ENSG00000246705;ENSG00000152284;ENSG00000225663;ENSG00000140262;ENSG00000118707;ENSG00000105968;ENSG00000196781;ENSG00000175029;ENSG00000121741;ENSG00000119138;ENSG00000102882;ENSG00000067225;ENSG00000159692;ENSG00000184260;ENSG00000148516;ENSG00000132475;ENSG00000169554;ENSG00000178691;ENSG00000188486;ENSG00000197903;ENSG00000158373;ENSG00000196890;ENSG00000023734;ENSG00000196199;ENSG00000136826;ENSG00000102054;ENSG00000184678;ENSG00000124216;ENSG00000162521;ENSG00000163041;ENSG00000019549
prerank,REACTOME_GPVI_MEDIATED_ACTIVATION_CASCADE,-0.28771196303033686,-0.944454475816351,0.5617520344662518,0.8445287573490772,1.0,15/34,40.08%,ENSG00000204420;ENSG00000108821;ENSG00000164692;ENSG00000010810;ENSG00000128340;ENSG00000088053;ENSG00000105647;ENSG00000177105;ENSG00000140992;ENSG00000179295;ENSG00000070831;ENSG00000051382;ENSG00000160293;ENSG00000121879;ENSG00000141506
prerank,REACTOME_CYTOPROTECTION_BY_HMOX1,-0.2604101285360417,-0.9333036851020375,0.6002490660024906,0.8451834589275291,1.0,12/58,10.63%,ENSG00000112695;ENSG00000101294;ENSG00000082014;ENSG00000131174;ENSG00000131143;ENSG00000127184;ENSG00000188878;ENSG00000111775;ENSG00000101849;ENSG00000176340;ENSG00000178078;ENSG00000135940
prerank,REACTOME_KETONE_BODY_METABOLISM,0.26928577676320486,0.7760900015685944,0.8006993006993007,0.8459130559987407,1.0,1/10,1.61%,ENSG00000081760
prerank,REACTOME_RHOD_GTPASE_CYCLE,-0.2664916254835068,-0.9444829822423104,0.5774296094459582,0.8461032868642806,1.0,16/52,18.17%,ENSG00000147799;ENSG00000035499;ENSG00000161800;ENSG00000164050;ENSG00000076706;ENSG00000131016;ENSG00000173156;ENSG00000160007;ENSG00000137133;ENSG00000113758;ENSG00000164040;ENSG00000113368;ENSG00000120802;ENSG00000145819;ENSG00000139734;ENSG00000118804
prerank,REACTOME_RET_SIGNALING,-0.2809203774377037,-0.9449897253522299,0.5677517922200024,0.8465227635551599,1.0,17/39,33.41%,ENSG00000125170;ENSG00000197122;ENSG00000171119;ENSG00000125650;ENSG00000166484;ENSG00000165731;ENSG00000142875;ENSG00000105647;ENSG00000115325;ENSG00000033327;ENSG00000160691;ENSG00000179295;ENSG00000106070;ENSG00000185950;ENSG00000101464;ENSG00000051382;ENSG00000101134
prerank,REACTOME_REGULATION_OF_BETA_CELL_DEVELOPMENT,-0.27818416123121736,-0.9313530117744774,0.5843592449290655,0.8465362643547355,1.0,19/38,35.10%,ENSG00000121351;ENSG00000170608;ENSG00000168067;ENSG00000184384;ENSG00000101076;ENSG00000117020;ENSG00000135100;ENSG00000173404;ENSG00000205922;ENSG00000161021;ENSG00000142208;ENSG00000150907;ENSG00000013619;ENSG00000148400;ENSG00000125820;ENSG00000105221;ENSG00000163623;ENSG00000196782;ENSG00000114315
prerank,REACTOME_NEGATIVE_REGULATION_OF_FGFR1_SIGNALING,-0.29633315393102566,-0.9461763022928128,0.5614625932162617,0.8469353201432215,1.0,9/30,14.99%,ENSG00000129682;ENSG00000197122;ENSG00000077782;ENSG00000221983;ENSG00000170315;ENSG00000104695;ENSG00000102882;ENSG00000113575;ENSG00000143947
prerank,REACTOME_INTERLEUKIN_17_SIGNALING,-0.25287325454701765,-0.9302986093331811,0.6038363454928485,0.8473873178426907,1.0,20/67,17.57%,ENSG00000081189;ENSG00000056736;ENSG00000108984;ENSG00000177663;ENSG00000166484;ENSG00000221983;ENSG00000072803;ENSG00000185386;ENSG00000170315;ENSG00000104695;ENSG00000162889;ENSG00000117676;ENSG00000109339;ENSG00000102882;ENSG00000113575;ENSG00000143947;ENSG00000139318;ENSG00000123268;ENSG00000177189;ENSG00000074842
prerank,REACTOME_PROTEIN_UBIQUITINATION,-0.25489552949495126,-0.9464718306904378,0.5754300838112042,0.8478794228844689,1.0,37/69,34.69%,ENSG00000175063;ENSG00000221983;ENSG00000131871;ENSG00000132646;ENSG00000099804;ENSG00000170315;ENSG00000170142;ENSG00000108106;ENSG00000077152;ENSG00000157911;ENSG00000176641;ENSG00000131508;ENSG00000140367;ENSG00000072401;ENSG00000143947;ENSG00000132388;ENSG00000070950;ENSG00000119048;ENSG00000136986;ENSG00000168936;ENSG00000109332;ENSG00000169139;ENSG00000162928;ENSG00000197903;ENSG00000158373;ENSG00000155827;ENSG00000185651;ENSG00000033178;ENSG00000146414;ENSG00000140395;ENSG00000078140;ENSG00000155876;ENSG00000104343;ENSG00000137815;ENSG00000077721;ENSG00000124486;ENSG00000134371
prerank,REACTOME_SIGNALING_BY_RECEPTOR_TYROSINE_KINASES,-0.21581172544624735,-0.9450731625914797,0.6869182264037634,0.8479694073525451,1.0,180/519,27.90%,ENSG00000113327;ENSG00000081189;ENSG00000213760;ENSG00000129682;ENSG00000022355;ENSG00000141736;ENSG00000050820;ENSG00000077264;ENSG00000140564;ENSG00000168542;ENSG00000087088;ENSG00000197122;ENSG00000160271;ENSG00000142949;ENSG00000149554;ENSG00000066468;ENSG00000167642;ENSG00000171130;ENSG00000204262;ENSG00000117318;ENSG00000123143;ENSG00000113140;ENSG00000150093;ENSG00000167965;ENSG00000128564;ENSG00000077782;ENSG00000166484;ENSG00000123933;ENSG00000221983;ENSG00000134871;ENSG00000116039;ENSG00000103067;ENSG00000100246;ENSG00000113732;ENSG00000125848;ENSG00000055163;ENSG00000117632;ENSG00000069702;ENSG00000101447;ENSG00000185386;ENSG00000108821;ENSG00000137218;ENSG00000089159;ENSG00000110492;ENSG00000168118;ENSG00000170315;ENSG00000205155;ENSG00000156427;ENSG00000130203;ENSG00000147669;ENSG00000163932;ENSG00000119487;ENSG00000172201;ENSG00000017427;ENSG00000138613;ENSG00000106976;ENSG00000147614;ENSG00000104695;ENSG00000117410;ENSG00000168002;ENSG00000091136;ENSG00000122877;ENSG00000132535;ENSG00000140262;ENSG00000162889;ENSG00000152270;ENSG00000101680;ENSG00000049089;ENSG00000078549;ENSG00000117676;ENSG00000163359;ENSG00000130635;ENSG00000167601;ENSG00000117020;ENSG00000126934;ENSG00000142173;ENSG00000144118;ENSG00000063245;ENSG00000133124;ENSG00000051523;ENSG00000105894;ENSG00000105426;ENSG00000134323;ENSG00000106211;ENSG00000105639;ENSG00000162736;ENSG00000156299;ENSG00000196739;ENSG00000164692;ENSG00000100320;ENSG00000102882;ENSG00000068078;ENSG00000142156;ENSG00000160867;ENSG00000113575;ENSG00000113296;ENSG00000143947;ENSG00000166888;ENSG00000010810;ENSG00000137693;ENSG00000176697;ENSG00000181852;ENSG00000103266;ENSG00000166068;ENSG00000142875;ENSG00000139318;ENSG00000123268;ENSG00000177189;ENSG00000164885;ENSG00000119912;ENSG00000060718;ENSG00000152214;ENSG00000107338;ENSG00000128524;ENSG00000118515;ENSG00000140538;ENSG00000005075;ENSG00000140443;ENSG00000149177;ENSG00000196569;ENSG00000132970;ENSG00000138592;ENSG00000140600;ENSG00000165197;ENSG00000120899;ENSG00000155097;ENSG00000198668;ENSG00000100142;ENSG00000164086;ENSG00000166206;ENSG00000061676;ENSG00000198369;ENSG00000168710;ENSG00000174721;ENSG00000169047;ENSG00000198561;ENSG00000175354;ENSG00000105647;ENSG00000136158;ENSG00000126500;ENSG00000113070;ENSG00000135862;ENSG00000173511;ENSG00000142208;ENSG00000033327;ENSG00000188130;ENSG00000113721;ENSG00000131746;ENSG00000144749;ENSG00000138448;ENSG00000188153;ENSG00000141084;ENSG00000225950;ENSG00000078142;ENSG00000127418;ENSG00000033627;ENSG00000138386;ENSG00000133703;ENSG00000104413;ENSG00000158517;ENSG00000090554;ENSG00000169231;ENSG00000183020;ENSG00000096968;ENSG00000143801;ENSG00000011201;ENSG00000151418;ENSG00000160691;ENSG00000112769;ENSG00000105929;ENSG00000163882;ENSG00000140992;ENSG00000125740;ENSG00000179295;ENSG00000106278;ENSG00000106070;ENSG00000136937;ENSG00000150995;ENSG00000062598;ENSG00000176105
prerank,REACTOME_INTERFERON_GAMMA_SIGNALING,-0.24049535635103478,-0.9264750854837666,0.6269334775554354,0.8482633979593893,1.0,27/93,29.11%,ENSG00000198019;ENSG00000204613;ENSG00000121236;ENSG00000132274;ENSG00000163462;ENSG00000058404;ENSG00000163932;ENSG00000179583;ENSG00000159128;ENSG00000132256;ENSG00000101665;ENSG00000027697;ENSG00000166710;ENSG00000102882;ENSG00000134253;ENSG00000167333;ENSG00000116030;ENSG00000101871;ENSG00000175354;ENSG00000110171;ENSG00000104228;ENSG00000148660;ENSG00000204592;ENSG00000096968;ENSG00000179295;ENSG00000149294;ENSG00000067066
prerank,REACTOME_P38MAPK_EVENTS,-0.35651407642450944,-0.928537824754231,0.577587326321257,0.8482720296624251,1.0,5/13,11.23%,ENSG00000197122;ENSG00000160271;ENSG00000185386;ENSG00000162889;ENSG00000144118
prerank,REACTOME_DDX58_IFIH1_MEDIATED_INDUCTION_OF_INTERFERON_ALPHA_BETA,-0.25186240044698904,-0.9270031495294585,0.6083426028921023,0.8486393230080301,1.0,25/67,30.74%,ENSG00000160703;ENSG00000163221;ENSG00000221983;ENSG00000168256;ENSG00000107201;ENSG00000170315;ENSG00000204305;ENSG00000181481;ENSG00000136560;ENSG00000127445;ENSG00000131508;ENSG00000072401;ENSG00000143947;ENSG00000003400;ENSG00000182179;ENSG00000109332;ENSG00000052723;ENSG00000106052;ENSG00000149476;ENSG00000168040;ENSG00000078140;ENSG00000095015;ENSG00000189403;ENSG00000197111;ENSG00000068308
prerank,REACTOME_SENSORY_PERCEPTION_OF_TASTE,-0.29727259251936244,-0.9276155361593856,0.5857037763609613,0.8488181087129569,1.0,6/27,12.75%,ENSG00000111664;ENSG00000123700;ENSG00000130529;ENSG00000255837;ENSG00000162572;ENSG00000105711
prerank,REACTOME_SULFUR_AMINO_ACID_METABOLISM,-0.2970608818743792,-0.9287924092260081,0.583070579674994,0.8492726801837844,1.0,14/27,38.21%,ENSG00000215845;ENSG00000105755;ENSG00000183048;ENSG00000128311;ENSG00000137767;ENSG00000128309;ENSG00000145293;ENSG00000116761;ENSG00000100348;ENSG00000139631;ENSG00000139531;ENSG00000132840;ENSG00000182551;ENSG00000120053
prerank,REACTOME_TNF_SIGNALING,-0.2603828440207062,-0.9240091113076668,0.6135873880004536,0.8523106511173044,1.0,14/54,18.58%,ENSG00000179526;ENSG00000036672;ENSG00000177169;ENSG00000221983;ENSG00000170315;ENSG00000067182;ENSG00000103056;ENSG00000162889;ENSG00000131508;ENSG00000072401;ENSG00000143947;ENSG00000105270;ENSG00000103266;ENSG00000109332
prerank,REACTOME_FERTILIZATION,-0.2997507186770031,-0.9167977776073459,0.603176527643065,0.8528052133683277,1.0,10/25,43.22%,ENSG00000161652;ENSG00000086062;ENSG00000166762;ENSG00000182264;ENSG00000188372;ENSG00000139985;ENSG00000174898;ENSG00000152705;ENSG00000099338;ENSG00000133962
prerank,REACTOME_VEGFR2_MEDIATED_VASCULAR_PERMEABILITY,-0.2938594898744022,-0.9174528409699398,0.5996105634659852,0.8529103757479727,1.0,13/27,33.53%,ENSG00000077264;ENSG00000123143;ENSG00000167965;ENSG00000119487;ENSG00000117020;ENSG00000198668;ENSG00000198561;ENSG00000142208;ENSG00000140992;ENSG00000186654;ENSG00000101255;ENSG00000164327;ENSG00000105221
prerank,REACTOME_REGULATION_OF_TBK1_IKK_MEDIATED_ACTIVATION_OF_IRF3_IRF7_UPON_TLR3_LIGATION,-0.3772460520933117,-0.9175271843383169,0.6021548284118117,0.854309033693869,1.0,4/10,14.99%,ENSG00000221983;ENSG00000170315;ENSG00000136560;ENSG00000143947
prerank,REACTOME_NF_KB_ACTIVATION_THROUGH_FADD_RIP_1_PATHWAY_MEDIATED_BY_CASPASE_8_AND_10,-0.36184481705660276,-0.9178170165492391,0.6051064955681968,0.8552402468734733,1.0,3/12,16.67%,ENSG00000107201;ENSG00000181481;ENSG00000003400
prerank,REACTOME_P2Y_RECEPTORS,-0.36698706512456436,-0.9149109935153784,0.6061976326639181,0.8554173266281654,1.0,4/11,44.13%,ENSG00000078589;ENSG00000244165;ENSG00000169313;ENSG00000169860
prerank,REACTOME_RUNX3_REGULATES_NOTCH_SIGNALING,0.2344256697173332,0.7681964230292483,0.8042534722222222,0.8559359716242463,1.0,1/14,0.33%,ENSG00000168214
prerank,REACTOME_SIGNAL_TRANSDUCTION_BY_L1,-0.31366661881632607,-0.9116138931363845,0.6103126575895108,0.8564277841579896,1.0,7/20,14.98%,ENSG00000123143;ENSG00000150093;ENSG00000077782;ENSG00000005961;ENSG00000126934;ENSG00000102882;ENSG00000161638
prerank,REACTOME_HYALURONAN_METABOLISM,-0.31519094273489867,-0.9122684573672769,0.6073001887979862,0.8565362247953472,1.0,6/20,13.72%,ENSG00000068001;ENSG00000072571;ENSG00000169919;ENSG00000119899;ENSG00000186792;ENSG00000187446
prerank,REACTOME_METAL_ION_SLC_TRANSPORTERS,-0.2667915692158888,-0.917919152093561,0.6080547818012999,0.8565909799388262,1.0,20/44,34.63%,ENSG00000115194;ENSG00000141424;ENSG00000089060;ENSG00000183023;ENSG00000138821;ENSG00000110911;ENSG00000112473;ENSG00000104635;ENSG00000075142;ENSG00000198668;ENSG00000147804;ENSG00000155886;ENSG00000145740;ENSG00000090020;ENSG00000136052;ENSG00000181804;ENSG00000136868;ENSG00000118160;ENSG00000089472;ENSG00000198689
prerank,REACTOME_PROTEIN_METHYLATION,-0.3277990854232816,-0.9127176069594578,0.6056107686501446,0.8571060385356293,1.0,9/17,29.34%,ENSG00000156508;ENSG00000144401;ENSG00000140988;ENSG00000185238;ENSG00000150456;ENSG00000198668;ENSG00000105379;ENSG00000151657;ENSG00000118894
prerank,REACTOME_REGULATION_OF_CDH1_MRNA_TRANSLATION_BY_MICRORNAS,-0.3667760141837724,-0.9133610029942666,0.6112061028541366,0.8572362777810778,1.0,6/11,38.31%,ENSG00000134323;ENSG00000092847;ENSG00000155363;ENSG00000136997;ENSG00000126070;ENSG00000100354
prerank,REACTOME_PROTEIN_LOCALIZATION,-0.2243323420384173,-0.9182705981980029,0.6704286601780907,0.8573754068409087,1.0,92/161,41.21%,ENSG00000117305;ENSG00000115204;ENSG00000217930;ENSG00000086666;ENSG00000005469;ENSG00000221983;ENSG00000151729;ENSG00000138495;ENSG00000115425;ENSG00000170315;ENSG00000104823;ENSG00000107537;ENSG00000205981;ENSG00000138413;ENSG00000101473;ENSG00000166816;ENSG00000197448;ENSG00000095321;ENSG00000150779;ENSG00000126768;ENSG00000162735;ENSG00000250479;ENSG00000101417;ENSG00000101986;ENSG00000242612;ENSG00000106803;ENSG00000107897;ENSG00000120742;ENSG00000157911;ENSG00000110887;ENSG00000116906;ENSG00000103121;ENSG00000131508;ENSG00000072401;ENSG00000143947;ENSG00000162236;ENSG00000165060;ENSG00000131779;ENSG00000128654;ENSG00000119912;ENSG00000100292;ENSG00000109332;ENSG00000175768;ENSG00000100216;ENSG00000112357;ENSG00000121680;ENSG00000105197;ENSG00000148832;ENSG00000181924;ENSG00000125611;ENSG00000007171;ENSG00000127980;ENSG00000162928;ENSG00000173085;ENSG00000176894;ENSG00000170791;ENSG00000113790;ENSG00000166347;ENSG00000220205;ENSG00000131373;ENSG00000179761;ENSG00000102178;ENSG00000034693;ENSG00000075336;ENSG00000105819;ENSG00000101558;ENSG00000104980;ENSG00000164284;ENSG00000214253;ENSG00000106554;ENSG00000173171;ENSG00000124486;ENSG00000171867;ENSG00000138138;ENSG00000072210;ENSG00000036473;ENSG00000087008;ENSG00000134375;ENSG00000127554;ENSG00000130204;ENSG00000213965;ENSG00000164751;ENSG00000103150;ENSG00000144381;ENSG00000157326;ENSG00000163528;ENSG00000140876;ENSG00000154174;ENSG00000134809;ENSG00000196683;ENSG00000168275;ENSG00000108733
prerank,REACTOME_SIGNALING_BY_NOTCH2,-0.27870261921098005,-0.9067214324428162,0.6227872163478674,0.8577650964671688,1.0,10/33,14.99%,ENSG00000221983;ENSG00000184384;ENSG00000110492;ENSG00000170315;ENSG00000205155;ENSG00000138613;ENSG00000198719;ENSG00000162736;ENSG00000214357;ENSG00000143947
prerank,REACTOME_SENSORY_PERCEPTION,-0.21587394985023275,-0.9079807518503815,0.7146780592004882,0.858125136192038,1.0,62/226,23.11%,ENSG00000130830;ENSG00000111664;ENSG00000129749;ENSG00000076716;ENSG00000136425;ENSG00000213420;ENSG00000137868;ENSG00000123700;ENSG00000197223;ENSG00000140522;ENSG00000151491;ENSG00000162512;ENSG00000007402;ENSG00000116745;ENSG00000114115;ENSG00000177106;ENSG00000130529;ENSG00000115884;ENSG00000142798;ENSG00000130203;ENSG00000128617;ENSG00000117013;ENSG00000147257;ENSG00000255837;ENSG00000132259;ENSG00000162572;ENSG00000101412;ENSG00000168124;ENSG00000145476;ENSG00000070961;ENSG00000185527;ENSG00000130164;ENSG00000105711;ENSG00000175029;ENSG00000148180;ENSG00000060709;ENSG00000082397;ENSG00000204444;ENSG00000257365;ENSG00000188157;ENSG00000169214;ENSG00000114349;ENSG00000181609;ENSG00000130561;ENSG00000110244;ENSG00000136448;ENSG00000152465;ENSG00000132639;ENSG00000164061;ENSG00000185933;ENSG00000197324;ENSG00000069966;ENSG00000238243;ENSG00000116489;ENSG00000068615;ENSG00000198668;ENSG00000102003;ENSG00000008056;ENSG00000147044;ENSG00000111913;ENSG00000175445;ENSG00000132915
prerank,REACTOME_RIBAVIRIN_ADME,-0.3772701542815635,-0.9085908097406872,0.6128386494061123,0.8583607512365099,1.0,6/10,45.76%,ENSG00000106992;ENSG00000196839;ENSG00000197506;ENSG00000198246;ENSG00000125877;ENSG00000076685
prerank,REACTOME_MITOTIC_PROPHASE,-0.2333079934573008,-0.907063278279763,0.6623362679836805,0.8585577822709548,1.0,46/99,34.80%,ENSG00000166851;ENSG00000134057;ENSG00000170312;ENSG00000246705;ENSG00000157020;ENSG00000157456;ENSG00000114745;ENSG00000075188;ENSG00000104695;ENSG00000151503;ENSG00000105968;ENSG00000047410;ENSG00000058804;ENSG00000113368;ENSG00000102882;ENSG00000120802;ENSG00000113575;ENSG00000134324;ENSG00000184260;ENSG00000163002;ENSG00000119638;ENSG00000119408;ENSG00000138768;ENSG00000120253;ENSG00000119335;ENSG00000136824;ENSG00000138069;ENSG00000132475;ENSG00000113810;ENSG00000117475;ENSG00000188486;ENSG00000143420;ENSG00000153201;ENSG00000197903;ENSG00000147316;ENSG00000158373;ENSG00000196890;ENSG00000146918;ENSG00000100749;ENSG00000138750;ENSG00000139496;ENSG00000184678;ENSG00000161904;ENSG00000069248;ENSG00000175470;ENSG00000110713
prerank,REACTOME_TICAM1_DEPENDENT_ACTIVATION_OF_IRF3_IRF7,-0.3611381073696217,-0.9183661661013928,0.6014521452145215,0.8587372122309943,1.0,4/12,14.99%,ENSG00000221983;ENSG00000170315;ENSG00000136560;ENSG00000143947
prerank,REACTOME_MTOR_SIGNALLING,-0.2691195885474994,-0.9091115965676764,0.625631387290027,0.858771818601374,1.0,21/40,35.22%,ENSG00000149357;ENSG00000167965;ENSG00000082146;ENSG00000116586;ENSG00000083750;ENSG00000187840;ENSG00000109270;ENSG00000116954;ENSG00000111725;ENSG00000266173;ENSG00000142208;ENSG00000188186;ENSG00000118046;ENSG00000134248;ENSG00000025039;ENSG00000132356;ENSG00000155876;ENSG00000151247;ENSG00000105221;ENSG00000137154;ENSG00000181929
prerank,REACTOME_PHENYLALANINE_AND_TYROSINE_METABOLISM,-0.36887682523493737,-0.9186854314243549,0.5936419260441607,0.8596181236740055,1.0,6/11,23.82%,ENSG00000171097;ENSG00000151552;ENSG00000100577;ENSG00000187741;ENSG00000158104;ENSG00000166228
prerank,REACTOME_SIGNALING_BY_TGFBR3,-0.2658816748253256,-0.9193243584922811,0.6088607594936709,0.8597731337385324,1.0,24/46,38.62%,ENSG00000157227;ENSG00000129682;ENSG00000152284;ENSG00000069702;ENSG00000205155;ENSG00000138613;ENSG00000140262;ENSG00000134323;ENSG00000162736;ENSG00000035862;ENSG00000106799;ENSG00000131759;ENSG00000092847;ENSG00000143801;ENSG00000155363;ENSG00000141480;ENSG00000123159;ENSG00000141646;ENSG00000092969;ENSG00000121989;ENSG00000117362;ENSG00000126070;ENSG00000100354;ENSG00000186350
prerank,REACTOME_SPRY_REGULATION_OF_FGF_SIGNALING,-0.3299107493221684,-0.9092791897114737,0.6065009560229445,0.8599556263486282,1.0,7/16,14.99%,ENSG00000197122;ENSG00000221983;ENSG00000170315;ENSG00000104695;ENSG00000102882;ENSG00000113575;ENSG00000143947
prerank,REACTOME_BIOLOGICAL_OXIDATIONS,-0.22100904236036067,-0.9198133221526219,0.6773104083512435,0.8602658893373317,1.0,48/198,22.28%,ENSG00000130958;ENSG00000169902;ENSG00000131480;ENSG00000131069;ENSG00000131067;ENSG00000114631;ENSG00000196616;ENSG00000053371;ENSG00000178814;ENSG00000267673;ENSG00000143819;ENSG00000128965;ENSG00000001084;ENSG00000117448;ENSG00000093010;ENSG00000189221;ENSG00000143198;ENSG00000197448;ENSG00000085871;ENSG00000175756;ENSG00000008394;ENSG00000124212;ENSG00000145476;ENSG00000114779;ENSG00000134184;ENSG00000172831;ENSG00000166840;ENSG00000100577;ENSG00000116704;ENSG00000138061;ENSG00000137274;ENSG00000139684;ENSG00000100031;ENSG00000111012;ENSG00000111275;ENSG00000006625;ENSG00000172379;ENSG00000109814;ENSG00000155016;ENSG00000106258;ENSG00000173113;ENSG00000214435;ENSG00000131471;ENSG00000166741;ENSG00000099998;ENSG00000168671;ENSG00000148832;ENSG00000104331
prerank,REACTOME_TRNA_MODIFICATION_IN_THE_MITOCHONDRION,-0.3599589288476975,-0.8959177121389581,0.6298511430090378,0.8638283409028485,1.0,6/11,44.17%,ENSG00000128694;ENSG00000072506;ENSG00000130299;ENSG00000135297;ENSG00000171103;ENSG00000100890
prerank,REACTOME_REMOVAL_OF_AMINOTERMINAL_PROPEPTIDES_FROM_GAMMA_CARBOXYLATED_PROTEINS,-0.37094652354946533,-0.8959637168445255,0.6284643191859687,0.8652493281207848,1.0,2/10,11.00%,ENSG00000140564;ENSG00000242252
prerank,REACTOME_FATTY_ACID_METABOLISM,-0.21840973344257014,-0.8961343313244394,0.7175825313049777,0.8664130954462501,1.0,81/168,40.49%,ENSG00000176244;ENSG00000178537;ENSG00000221988;ENSG00000076555;ENSG00000197142;ENSG00000167107;ENSG00000167969;ENSG00000005469;ENSG00000149485;ENSG00000066322;ENSG00000134824;ENSG00000115425;ENSG00000233276;ENSG00000005187;ENSG00000107537;ENSG00000165175;ENSG00000122971;ENSG00000155368;ENSG00000101473;ENSG00000095321;ENSG00000157184;ENSG00000162889;ENSG00000105854;ENSG00000124212;ENSG00000138796;ENSG00000101986;ENSG00000242612;ENSG00000107897;ENSG00000204228;ENSG00000151611;ENSG00000138029;ENSG00000124370;ENSG00000138061;ENSG00000167315;ENSG00000110090;ENSG00000074696;ENSG00000100031;ENSG00000181513;ENSG00000155016;ENSG00000004779;ENSG00000100294;ENSG00000165996;ENSG00000123130;ENSG00000099998;ENSG00000116711;ENSG00000112304;ENSG00000107317;ENSG00000152463;ENSG00000111271;ENSG00000123983;ENSG00000130304;ENSG00000116353;ENSG00000113790;ENSG00000170522;ENSG00000141179;ENSG00000131373;ENSG00000146085;ENSG00000148334;ENSG00000179477;ENSG00000133422;ENSG00000151365;ENSG00000184227;ENSG00000205560;ENSG00000072210;ENSG00000172497;ENSG00000087008;ENSG00000162365;ENSG00000140043;ENSG00000117480;ENSG00000157870;ENSG00000145439;ENSG00000213965;ENSG00000103150;ENSG00000103740;ENSG00000169710;ENSG00000186350;ENSG00000188921;ENSG00000140876;ENSG00000130948;ENSG00000118402;ENSG00000151726
prerank,REACTOME_POST_TRANSLATIONAL_PROTEIN_MODIFICATION,-0.20055134589439716,-0.8981223775625923,0.9251,0.8668303825062796,1.0,513/1381,31.90%,ENSG00000175063;ENSG00000130528;ENSG00000126351;ENSG00000105514;ENSG00000136026;ENSG00000178999;ENSG00000150961;ENSG00000169902;ENSG00000089685;ENSG00000165905;ENSG00000035499;ENSG00000163295;ENSG00000163322;ENSG00000166965;ENSG00000198033;ENSG00000084693;ENSG00000134690;ENSG00000174871;ENSG00000036672;ENSG00000132879;ENSG00000085998;ENSG00000169515;ENSG00000143476;ENSG00000145386;ENSG00000169084;ENSG00000101938;ENSG00000117399;ENSG00000170312;ENSG00000173402;ENSG00000179085;ENSG00000164045;ENSG00000137267;ENSG00000118508;ENSG00000140564;ENSG00000159921;ENSG00000011422;ENSG00000166337;ENSG00000087111;ENSG00000165282;ENSG00000134970;ENSG00000167552;ENSG00000197299;ENSG00000179331;ENSG00000124440;ENSG00000087586;ENSG00000181029;ENSG00000170348;ENSG00000100271;ENSG00000155961;ENSG00000162063;ENSG00000122707;ENSG00000145808;ENSG00000101439;ENSG00000131747;ENSG00000112146;ENSG00000169442;ENSG00000082684;ENSG00000104522;ENSG00000104833;ENSG00000131788;ENSG00000228474;ENSG00000086848;ENSG00000136240;ENSG00000162032;ENSG00000116661;ENSG00000126756;ENSG00000074855;ENSG00000204386;ENSG00000134910;ENSG00000177511;ENSG00000128564;ENSG00000185761;ENSG00000188878;ENSG00000221983;ENSG00000136378;ENSG00000197858;ENSG00000089723;ENSG00000101162;ENSG00000204308;ENSG00000070404;ENSG00000137821;ENSG00000102158;ENSG00000137692;ENSG00000111481;ENSG00000108854;ENSG00000157020;ENSG00000145029;ENSG00000181143;ENSG00000173540;ENSG00000121022;ENSG00000163430;ENSG00000177239;ENSG00000006756;ENSG00000131871;ENSG00000159069;ENSG00000107201;ENSG00000132646;ENSG00000115486;ENSG00000006118;ENSG00000137100;ENSG00000072803;ENSG00000134825;ENSG00000111726;ENSG00000099804;ENSG00000004059;ENSG00000168118;ENSG00000144524;ENSG00000114745;ENSG00000170315;ENSG00000143382;ENSG00000129255;ENSG00000160323;ENSG00000197121;ENSG00000172260;ENSG00000135093;ENSG00000185010;ENSG00000177951;ENSG00000138081;ENSG00000112210;ENSG00000025434;ENSG00000103363;ENSG00000128595;ENSG00000013375;ENSG00000140365;ENSG00000100196;ENSG00000111752;ENSG00000167964;ENSG00000130203;ENSG00000143315;ENSG00000168301;ENSG00000075188;ENSG00000044090;ENSG00000086062;ENSG00000178234;ENSG00000146856;ENSG00000099246;ENSG00000169189;ENSG00000117411;ENSG00000102032;ENSG00000106636;ENSG00000172269;ENSG00000101160;ENSG00000147257;ENSG00000138073;ENSG00000086598;ENSG00000150768;ENSG00000143164;ENSG00000101846;ENSG00000154734;ENSG00000156508;ENSG00000169213;ENSG00000101665;ENSG00000109501;ENSG00000121578;ENSG00000144647;ENSG00000091136;ENSG00000157353;ENSG00000130714;ENSG00000173894;ENSG00000162066;ENSG00000198856;ENSG00000136840;ENSG00000170142;ENSG00000242247;ENSG00000213380;ENSG00000183655;ENSG00000108106;ENSG00000168374;ENSG00000049323;ENSG00000172780;ENSG00000188215;ENSG00000119899;ENSG00000171862;ENSG00000214717;ENSG00000132507;ENSG00000237172;ENSG00000143799;ENSG00000147400;ENSG00000100934;ENSG00000129562;ENSG00000197353;ENSG00000156831;ENSG00000242252;ENSG00000134574;ENSG00000002016;ENSG00000072849;ENSG00000204421;ENSG00000134109;ENSG00000124006;ENSG00000163029;ENSG00000239305;ENSG00000134146;ENSG00000047410;ENSG00000102580;ENSG00000129083;ENSG00000185269;ENSG00000088986;ENSG00000151876;ENSG00000186907;ENSG00000144401;ENSG00000146021;ENSG00000134594;ENSG00000001036;ENSG00000173163;ENSG00000120798;ENSG00000167508;ENSG00000058804;ENSG00000105619;ENSG00000185900;ENSG00000177666;ENSG00000164054;ENSG00000012048;ENSG00000161040;ENSG00000171560;ENSG00000169228;ENSG00000166200;ENSG00000155034;ENSG00000167363;ENSG00000130725;ENSG00000161011;ENSG00000077152;ENSG00000068024;ENSG00000078043;ENSG00000148803;ENSG00000119523;ENSG00000139998;ENSG00000181481;ENSG00000165501;ENSG00000109113;ENSG00000124302;ENSG00000243789;ENSG00000152422;ENSG00000088298;ENSG00000135052;ENSG00000116237;ENSG00000095380;ENSG00000151092;ENSG00000186094;ENSG00000107872;ENSG00000124357;ENSG00000067369;ENSG00000157911;ENSG00000140988;ENSG00000185238;ENSG00000106392;ENSG00000110195;ENSG00000176641;ENSG00000100342;ENSG00000095139;ENSG00000150551;ENSG00000205220;ENSG00000131508;ENSG00000136908;ENSG00000136542;ENSG00000196459;ENSG00000140367;ENSG00000072401;ENSG00000147912;ENSG00000104826;ENSG00000158089;ENSG00000172007;ENSG00000120696;ENSG00000143947;ENSG00000162236;ENSG00000153391;ENSG00000144566;ENSG00000113812;ENSG00000007255;ENSG00000121897;ENSG00000165923;ENSG00000144744;ENSG00000095059;ENSG00000165195;ENSG00000137992;ENSG00000185115;ENSG00000182858;ENSG00000114988;ENSG00000117143;ENSG00000169918;ENSG00000198881;ENSG00000175536;ENSG00000163964;ENSG00000186998;ENSG00000132388;ENSG00000188612;ENSG00000159377;ENSG00000070950;ENSG00000119048;ENSG00000172339;ENSG00000049192;ENSG00000166192;ENSG00000119912;ENSG00000100626;ENSG00000143494;ENSG00000120697;ENSG00000159692;ENSG00000136986;ENSG00000173230;ENSG00000049449;ENSG00000060642;ENSG00000137502;ENSG00000118518;ENSG00000161677;ENSG00000118412;ENSG00000150456;ENSG00000155511;ENSG00000174989;ENSG00000141429;ENSG00000161016;ENSG00000168936;ENSG00000180801;ENSG00000138663;ENSG00000100304;ENSG00000162298;ENSG00000004779;ENSG00000176986;ENSG00000151665;ENSG00000109332;ENSG00000113273;ENSG00000106799;ENSG00000092853;ENSG00000116030;ENSG00000184260;ENSG00000124466;ENSG00000100387;ENSG00000163002;ENSG00000113739;ENSG00000117280;ENSG00000157778;ENSG00000140943;ENSG00000134686;ENSG00000137941;ENSG00000100417;ENSG00000138592;ENSG00000112303;ENSG00000118564;ENSG00000138768;ENSG00000120253;ENSG00000079387;ENSG00000172845;ENSG00000254685;ENSG00000175792;ENSG00000173269;ENSG00000116489;ENSG00000114270;ENSG00000198668;ENSG00000184007;ENSG00000005243;ENSG00000167515;ENSG00000038427;ENSG00000171621;ENSG00000138069;ENSG00000129472;ENSG00000159461;ENSG00000136153;ENSG00000204264;ENSG00000180530;ENSG00000100519;ENSG00000115275;ENSG00000007541;ENSG00000137285;ENSG00000105379;ENSG00000159063;ENSG00000185499;ENSG00000152583;ENSG00000033011;ENSG00000169223;ENSG00000176014;ENSG00000165392;ENSG00000183715;ENSG00000143786;ENSG00000169019;ENSG00000135049;ENSG00000085063;ENSG00000215182;ENSG00000135862;ENSG00000132963;ENSG00000185345;ENSG00000111671;ENSG00000138674;ENSG00000169139;ENSG00000100221;ENSG00000214160;ENSG00000115525;ENSG00000033170;ENSG00000088305;ENSG00000174684;ENSG00000131759;ENSG00000158623;ENSG00000163013;ENSG00000124356;ENSG00000151657;ENSG00000133424;ENSG00000154277;ENSG00000170365;ENSG00000074695;ENSG00000116750;ENSG00000178691;ENSG00000100567;ENSG00000163635;ENSG00000173702;ENSG00000159593;ENSG00000107862;ENSG00000157350;ENSG00000136518;ENSG00000111832;ENSG00000172476;ENSG00000184481;ENSG00000162928;ENSG00000175283;ENSG00000135845;ENSG00000156381;ENSG00000153201;ENSG00000093183;ENSG00000197903;ENSG00000073849;ENSG00000196655;ENSG00000143641;ENSG00000196372;ENSG00000000419;ENSG00000077097;ENSG00000158373;ENSG00000110080;ENSG00000100564;ENSG00000140905;ENSG00000081692;ENSG00000138802;ENSG00000095261;ENSG00000143106;ENSG00000116044;ENSG00000181789;ENSG00000170558;ENSG00000152127;ENSG00000196890;ENSG00000163933;ENSG00000135164;ENSG00000166847;ENSG00000072501;ENSG00000141933;ENSG00000110801;ENSG00000107672;ENSG00000069974;ENSG00000065802;ENSG00000087448;ENSG00000166685;ENSG00000136152;ENSG00000100225;ENSG00000168646;ENSG00000171155;ENSG00000155827;ENSG00000071246;ENSG00000175575;ENSG00000164934;ENSG00000185651;ENSG00000130338;ENSG00000144852;ENSG00000067066;ENSG00000033178;ENSG00000104671;ENSG00000156219;ENSG00000184979;ENSG00000118894;ENSG00000181027;ENSG00000146414;ENSG00000090432;ENSG00000140395;ENSG00000114354;ENSG00000166391;ENSG00000078140;ENSG00000124003;ENSG00000197562;ENSG00000158560;ENSG00000119318;ENSG00000088035;ENSG00000164754;ENSG00000160886;ENSG00000118496;ENSG00000080371;ENSG00000087116;ENSG00000104723;ENSG00000066427;ENSG00000141480;ENSG00000144455;ENSG00000255150;ENSG00000184182;ENSG00000108774;ENSG00000166128;ENSG00000141030;ENSG00000109466;ENSG00000068308;ENSG00000128294;ENSG00000140396;ENSG00000164663;ENSG00000155876;ENSG00000176087;ENSG00000178462;ENSG00000198612;ENSG00000141337;ENSG00000182568;ENSG00000104343;ENSG00000106588;ENSG00000138750;ENSG00000070501;ENSG00000173273;ENSG00000055130;ENSG00000137337;ENSG00000198625;ENSG00000114999;ENSG00000133895;ENSG00000101464;ENSG00000100228;ENSG00000134982;ENSG00000115363
prerank,REACTOME_INHIBITION_OF_DNA_RECOMBINATION_AT_TELOMERE,-0.2691996403587071,-0.8964835806195571,0.643562030075188,0.8672149372086893,1.0,16/37,27.25%,ENSG00000246705;ENSG00000147669;ENSG00000168002;ENSG00000105968;ENSG00000102977;ENSG00000092330;ENSG00000005075;ENSG00000184260;ENSG00000147601;ENSG00000100142;ENSG00000132475;ENSG00000188486;ENSG00000197903;ENSG00000158373;ENSG00000196890;ENSG00000163882
prerank,REACTOME_SYNTHESIS_OF_PC,-0.2907791274641292,-0.9007933560471477,0.6217870257037944,0.8673496040969874,1.0,11/26,28.04%,ENSG00000102230;ENSG00000133027;ENSG00000087085;ENSG00000153395;ENSG00000134255;ENSG00000100288;ENSG00000134324;ENSG00000214530;ENSG00000070214;ENSG00000141179;ENSG00000168389
prerank,REACTOME_STRIATED_MUSCLE_CONTRACTION,-0.27192729898714363,-0.8971474842284763,0.6385927505330491,0.8673592467321984,1.0,8/35,15.18%,ENSG00000129991;ENSG00000198467;ENSG00000105048;ENSG00000134571;ENSG00000167460;ENSG00000140416;ENSG00000163157;ENSG00000173991
prerank,REACTOME_TOLL_LIKE_RECEPTOR_CASCADES,-0.21883172091810466,-0.8985644042308186,0.7155092353730265,0.8674321573101739,1.0,63/168,33.07%,ENSG00000004139;ENSG00000081189;ENSG00000136943;ENSG00000160703;ENSG00000163221;ENSG00000110057;ENSG00000108984;ENSG00000166484;ENSG00000221983;ENSG00000135047;ENSG00000168256;ENSG00000072803;ENSG00000185386;ENSG00000170315;ENSG00000106976;ENSG00000104695;ENSG00000174516;ENSG00000162889;ENSG00000088179;ENSG00000139370;ENSG00000117676;ENSG00000109339;ENSG00000100600;ENSG00000171560;ENSG00000204305;ENSG00000136560;ENSG00000102882;ENSG00000131508;ENSG00000072401;ENSG00000113575;ENSG00000143947;ENSG00000197329;ENSG00000139318;ENSG00000123268;ENSG00000177189;ENSG00000102921;ENSG00000166130;ENSG00000109332;ENSG00000164086;ENSG00000137161;ENSG00000160678;ENSG00000034152;ENSG00000160959;ENSG00000244687;ENSG00000078142;ENSG00000131381;ENSG00000136869;ENSG00000101916;ENSG00000177606;ENSG00000179295;ENSG00000198001;ENSG00000168040;ENSG00000174130;ENSG00000184979;ENSG00000095015;ENSG00000189403;ENSG00000055130;ENSG00000112062;ENSG00000071242;ENSG00000120280;ENSG00000134070;ENSG00000163131;ENSG00000110330
prerank,REACTOME_DEPOLYMERIZATION_OF_THE_NUCLEAR_LAMINA,-0.33121684048359734,-0.8932291005077518,0.6328235445315512,0.8678844005618217,1.0,5/15,17.71%,ENSG00000134057;ENSG00000170312;ENSG00000113368;ENSG00000120802;ENSG00000134324
prerank,REACTOME_METABOLISM_OF_VITAMINS_AND_COFACTORS,-0.21669400612066783,-0.9011538688183969,0.7208991993430507,0.8681226438174346,1.0,74/192,31.53%,ENSG00000136010;ENSG00000076555;ENSG00000186603;ENSG00000076716;ENSG00000213420;ENSG00000124615;ENSG00000163382;ENSG00000120509;ENSG00000197223;ENSG00000162512;ENSG00000114115;ENSG00000115884;ENSG00000142798;ENSG00000139428;ENSG00000138356;ENSG00000181035;ENSG00000130203;ENSG00000138413;ENSG00000136960;ENSG00000150787;ENSG00000147257;ENSG00000127125;ENSG00000164494;ENSG00000152782;ENSG00000167799;ENSG00000130164;ENSG00000088682;ENSG00000151611;ENSG00000060709;ENSG00000169814;ENSG00000204444;ENSG00000137880;ENSG00000138617;ENSG00000132423;ENSG00000188157;ENSG00000149313;ENSG00000185803;ENSG00000112874;ENSG00000119723;ENSG00000110244;ENSG00000157978;ENSG00000102575;ENSG00000076351;ENSG00000197324;ENSG00000112303;ENSG00000198668;ENSG00000167775;ENSG00000128567;ENSG00000166741;ENSG00000176974;ENSG00000138621;ENSG00000142208;ENSG00000175445;ENSG00000105835;ENSG00000103485;ENSG00000100714;ENSG00000147813;ENSG00000119688;ENSG00000259431;ENSG00000173085;ENSG00000166347;ENSG00000146085;ENSG00000164172;ENSG00000065911;ENSG00000118271;ENSG00000197594;ENSG00000198074;ENSG00000244005;ENSG00000123815;ENSG00000122696;ENSG00000172890;ENSG00000173638;ENSG00000168925;ENSG00000106733
prerank,REACTOME_INTERFERON_SIGNALING,-0.21159171908496294,-0.8987321158552755,0.7481039538881585,0.8686160161231115,1.0,96/267,31.31%,ENSG00000198019;ENSG00000204613;ENSG00000181544;ENSG00000198033;ENSG00000185201;ENSG00000121236;ENSG00000170312;ENSG00000137267;ENSG00000140564;ENSG00000167552;ENSG00000132274;ENSG00000163462;ENSG00000104833;ENSG00000108984;ENSG00000131944;ENSG00000221983;ENSG00000169689;ENSG00000101162;ENSG00000142089;ENSG00000157020;ENSG00000058404;ENSG00000107201;ENSG00000185504;ENSG00000170315;ENSG00000172071;ENSG00000163932;ENSG00000165949;ENSG00000075188;ENSG00000179583;ENSG00000159128;ENSG00000175279;ENSG00000132256;ENSG00000101665;ENSG00000104695;ENSG00000170142;ENSG00000164163;ENSG00000159110;ENSG00000027697;ENSG00000047410;ENSG00000102580;ENSG00000135828;ENSG00000058804;ENSG00000166710;ENSG00000127445;ENSG00000102882;ENSG00000113575;ENSG00000143947;ENSG00000257365;ENSG00000204389;ENSG00000187741;ENSG00000196911;ENSG00000158169;ENSG00000134253;ENSG00000096060;ENSG00000182179;ENSG00000126803;ENSG00000167333;ENSG00000116030;ENSG00000163002;ENSG00000101871;ENSG00000120253;ENSG00000044574;ENSG00000204264;ENSG00000102753;ENSG00000185745;ENSG00000137285;ENSG00000175354;ENSG00000176014;ENSG00000221829;ENSG00000136068;ENSG00000068079;ENSG00000110171;ENSG00000161960;ENSG00000125977;ENSG00000104228;ENSG00000148660;ENSG00000066027;ENSG00000119922;ENSG00000153201;ENSG00000204592;ENSG00000096968;ENSG00000183161;ENSG00000143621;ENSG00000179295;ENSG00000187790;ENSG00000149294;ENSG00000137193;ENSG00000067066;ENSG00000184979;ENSG00000180228;ENSG00000176170;ENSG00000204390;ENSG00000132530;ENSG00000137959;ENSG00000178462;ENSG00000138750
prerank,REACTOME_ION_HOMEOSTASIS,-0.2539342322886797,-0.8994294230927378,0.6455739577384352,0.8687021161684263,1.0,23/52,33.96%,ENSG00000137726;ENSG00000129244;ENSG00000129991;ENSG00000104936;ENSG00000160991;ENSG00000058404;ENSG00000183023;ENSG00000070961;ENSG00000196296;ENSG00000075142;ENSG00000144935;ENSG00000198668;ENSG00000168710;ENSG00000155962;ENSG00000148660;ENSG00000167323;ENSG00000198523;ENSG00000067842;ENSG00000150995;ENSG00000096433;ENSG00000058668;ENSG00000145349;ENSG00000118160
prerank,REACTOME_REGULATION_OF_GENE_EXPRESSION_IN_LATE_STAGE_BRANCHING_MORPHOGENESIS_PANCREATIC_BUD_PRECURSOR_CELLS,0.2325774371174134,0.7553368099267785,0.8139122729286664,0.8720560587983505,1.0,2/14,5.58%,ENSG00000168214;ENSG00000169856
prerank,REACTOME_PLATELET_HOMEOSTASIS,-0.23496622065710804,-0.8904616309162461,0.6889083351564209,0.8720849765705474,1.0,34/81,33.96%,ENSG00000111664;ENSG00000160991;ENSG00000168243;ENSG00000068971;ENSG00000127920;ENSG00000183023;ENSG00000104695;ENSG00000160191;ENSG00000070961;ENSG00000162188;ENSG00000138735;ENSG00000196296;ENSG00000152402;ENSG00000113575;ENSG00000075142;ENSG00000069966;ENSG00000198668;ENSG00000116711;ENSG00000007171;ENSG00000066027;ENSG00000167323;ENSG00000176533;ENSG00000135124;ENSG00000179295;ENSG00000067842;ENSG00000150995;ENSG00000172354;ENSG00000112062;ENSG00000096433;ENSG00000072952;ENSG00000135643;ENSG00000058668;ENSG00000154001;ENSG00000118160
prerank,REACTOME_RSV_HOST_INTERACTIONS,-0.23073089124976365,-0.8790453169911995,0.7041734417344173,0.8723437521115277,1.0,30/84,32.91%,ENSG00000076716;ENSG00000108590;ENSG00000213420;ENSG00000221983;ENSG00000162512;ENSG00000107201;ENSG00000170315;ENSG00000115884;ENSG00000142798;ENSG00000103363;ENSG00000147257;ENSG00000155868;ENSG00000159110;ENSG00000143947;ENSG00000160563;ENSG00000188157;ENSG00000100387;ENSG00000112237;ENSG00000159479;ENSG00000152944;ENSG00000136869;ENSG00000155111;ENSG00000136146;ENSG00000174130;ENSG00000124641;ENSG00000168329;ENSG00000104973;ENSG00000154582;ENSG00000166266;ENSG00000161920
prerank,REACTOME_REGULATED_PROTEOLYSIS_OF_P75NTR,-0.3536991261253261,-0.879478554074208,0.6503394116864102,0.8729843274710366,1.0,4/11,14.09%,ENSG00000205155;ENSG00000138613;ENSG00000162736;ENSG00000064300
prerank,REACTOME_VOLTAGE_GATED_POTASSIUM_CHANNELS,-0.2655983076573095,-0.8891585354167942,0.6495979186376537,0.8732205565823781,1.0,6/38,13.71%,ENSG00000168263;ENSG00000183960;ENSG00000162975;ENSG00000117013;ENSG00000131398;ENSG00000182674
prerank,REACTOME_PROLACTIN_RECEPTOR_SIGNALING,-0.32408766338626027,-0.8798624544466491,0.6490911434833054,0.873737420886115,1.0,10/15,56.55%,ENSG00000100387;ENSG00000096968;ENSG00000179295;ENSG00000055130;ENSG00000166167;ENSG00000126561;ENSG00000178188;ENSG00000113558;ENSG00000259384;ENSG00000172179
prerank,REACTOME_HIV_TRANSCRIPTION_INITIATION,-0.2542076299119123,-0.8773188556592418,0.6735046675118128,0.8742182792437746,1.0,27/45,42.79%,ENSG00000166337;ENSG00000147669;ENSG00000168002;ENSG00000111358;ENSG00000120656;ENSG00000153767;ENSG00000147133;ENSG00000106290;ENSG00000005075;ENSG00000100142;ENSG00000134058;ENSG00000178913;ENSG00000197780;ENSG00000020426;ENSG00000197265;ENSG00000163882;ENSG00000104884;ENSG00000137947;ENSG00000105258;ENSG00000145736;ENSG00000110768;ENSG00000064313;ENSG00000134480;ENSG00000130699;ENSG00000141384;ENSG00000140307;ENSG00000102978
prerank,REACTOME_METABOLISM_OF_WATER_SOLUBLE_VITAMINS_AND_COFACTORS,-0.21978589028938,-0.8750067577290989,0.738004650179666,0.8742525494704907,1.0,51/122,35.90%,ENSG00000136010;ENSG00000076555;ENSG00000124615;ENSG00000163382;ENSG00000120509;ENSG00000139428;ENSG00000138356;ENSG00000181035;ENSG00000136960;ENSG00000127125;ENSG00000152782;ENSG00000167799;ENSG00000151611;ENSG00000169814;ENSG00000138617;ENSG00000149313;ENSG00000185803;ENSG00000112874;ENSG00000157978;ENSG00000102575;ENSG00000076351;ENSG00000112303;ENSG00000167775;ENSG00000128567;ENSG00000166741;ENSG00000176974;ENSG00000138621;ENSG00000105835;ENSG00000103485;ENSG00000100714;ENSG00000147813;ENSG00000119688;ENSG00000259431;ENSG00000166347;ENSG00000146085;ENSG00000164172;ENSG00000065911;ENSG00000197594;ENSG00000244005;ENSG00000122696;ENSG00000172890;ENSG00000173638;ENSG00000168925;ENSG00000106733;ENSG00000185339;ENSG00000107611;ENSG00000182199;ENSG00000138496;ENSG00000168288;ENSG00000102699;ENSG00000131844
prerank,REACTOME_REGULATION_OF_ENDOGENOUS_RETROELEMENTS,-0.22651086808711587,-0.8800741948914589,0.7176571551169277,0.8748179272240217,1.0,40/99,29.56%,ENSG00000082014;ENSG00000196724;ENSG00000246705;ENSG00000110987;ENSG00000184635;ENSG00000168661;ENSG00000105968;ENSG00000196417;ENSG00000198538;ENSG00000180257;ENSG00000161298;ENSG00000189180;ENSG00000178187;ENSG00000163946;ENSG00000130844;ENSG00000188612;ENSG00000099385;ENSG00000198039;ENSG00000167554;ENSG00000184260;ENSG00000188295;ENSG00000173041;ENSG00000198093;ENSG00000131127;ENSG00000076053;ENSG00000132475;ENSG00000136518;ENSG00000188486;ENSG00000080503;ENSG00000197903;ENSG00000158373;ENSG00000133884;ENSG00000267680;ENSG00000196890;ENSG00000198633;ENSG00000184402;ENSG00000134627;ENSG00000169131;ENSG00000196199;ENSG00000171681
prerank,REACTOME_RNA_POLYMERASE_III_TRANSCRIPTION_TERMINATION,-0.2922055092326569,-0.8754122545068154,0.6627182806203443,0.8749251571670922,1.0,11/23,30.83%,ENSG00000141905;ENSG00000147669;ENSG00000121851;ENSG00000147862;ENSG00000100142;ENSG00000162599;ENSG00000163882;ENSG00000138385;ENSG00000113356;ENSG00000161980;ENSG00000058600
prerank,REACTOME_TICAM1_RIP1_MEDIATED_IKK_COMPLEX_RECRUITMENT,-0.3104338903741682,-0.8807181743835544,0.6517487777359909,0.8750568595824364,1.0,7/18,24.23%,ENSG00000221983;ENSG00000170315;ENSG00000131508;ENSG00000072401;ENSG00000143947;ENSG00000109332;ENSG00000244687
prerank,REACTOME_FORMATION_OF_THE_BETA_CATENIN_TCF_TRANSACTIVATING_COMPLEX,-0.2528205643068897,-0.8867387725919169,0.664994298745724,0.8750821530940862,1.0,33/49,51.22%,ENSG00000065717;ENSG00000246705;ENSG00000081059;ENSG00000152284;ENSG00000116128;ENSG00000163348;ENSG00000105968;ENSG00000196781;ENSG00000184260;ENSG00000175792;ENSG00000132475;ENSG00000188486;ENSG00000197903;ENSG00000158373;ENSG00000196890;ENSG00000168646;ENSG00000133895;ENSG00000184678;ENSG00000134371;ENSG00000136997;ENSG00000163041;ENSG00000196363;ENSG00000124635;ENSG00000148737;ENSG00000146047;ENSG00000180596;ENSG00000164362;ENSG00000106829;ENSG00000100393;ENSG00000171016;ENSG00000117222;ENSG00000168148;ENSG00000168036
prerank,REACTOME_REGULATION_OF_TP53_ACTIVITY_THROUGH_METHYLATION,-0.30786353234948144,-0.8873203644899611,0.6408511691203761,0.8754357055831246,1.0,7/19,15.94%,ENSG00000221983;ENSG00000170315;ENSG00000185513;ENSG00000136319;ENSG00000143499;ENSG00000143947;ENSG00000183765
prerank,REACTOME_RECEPTOR_TYPE_TYROSINE_PROTEIN_PHOSPHATASES,-0.30852376777171225,-0.8812196410836511,0.6538753799392097,0.8755630601099719,1.0,7/19,17.92%,ENSG00000142949;ENSG00000131409;ENSG00000185985;ENSG00000179542;ENSG00000105426;ENSG00000121871;ENSG00000140538
prerank,REACTOME_METABOLISM_OF_ANGIOTENSINOGEN_TO_ANGIOTENSINS,-0.31297050543152055,-0.8757830691874726,0.6533179309459632,0.8756829873189067,1.0,5/17,23.41%,ENSG00000182220;ENSG00000196549;ENSG00000101160;ENSG00000080618;ENSG00000153002
prerank,REACTOME_INACTIVATION_OF_CSF3_G_CSF_SIGNALING,-0.28520629501776973,-0.8733955818258619,0.6638882078940916,0.8759024578075536,1.0,7/25,18.58%,ENSG00000221983;ENSG00000170315;ENSG00000103363;ENSG00000131508;ENSG00000072401;ENSG00000143947;ENSG00000109332
prerank,REACTOME_SIGNAL_AMPLIFICATION,-0.2707081369174998,-0.8723196813209603,0.6752890690189534,0.8765008866131546,1.0,17/31,44.13%,ENSG00000111664;ENSG00000197122;ENSG00000168243;ENSG00000088256;ENSG00000127920;ENSG00000162188;ENSG00000065135;ENSG00000069966;ENSG00000116711;ENSG00000176533;ENSG00000172354;ENSG00000112062;ENSG00000127837;ENSG00000114450;ENSG00000174021;ENSG00000169313;ENSG00000169860
prerank,REACTOME_NICOTINATE_METABOLISM,-0.27481883127500883,-0.8660907441145134,0.6762111876283677,0.8765116200417501,1.0,12/28,35.74%,ENSG00000163382;ENSG00000138617;ENSG00000112874;ENSG00000166741;ENSG00000105835;ENSG00000103485;ENSG00000147813;ENSG00000122696;ENSG00000172890;ENSG00000106733;ENSG00000138496;ENSG00000102699
prerank,REACTOME_TP53_REGULATES_TRANSCRIPTION_OF_ADDITIONAL_CELL_CYCLE_GENES_WHOSE_EXACT_ROLE_IN_THE_P53_PATHWAY_REMAIN_UNCERTAIN,-0.2996281772985921,-0.8813027316280181,0.6489322305888162,0.8769133912894543,1.0,14/21,53.40%,ENSG00000158402;ENSG00000151849;ENSG00000113300;ENSG00000138767;ENSG00000149115;ENSG00000102760;ENSG00000145632;ENSG00000158435;ENSG00000125107;ENSG00000141510;ENSG00000198791;ENSG00000144580;ENSG00000111596;ENSG00000182973
prerank,REACTOME_MISCELLANEOUS_SUBSTRATES,0.2420980765172791,0.7503591590053814,0.8208469055374593,0.8772888992574583,1.0,3/12,9.76%,ENSG00000021461;ENSG00000142973;ENSG00000187048
prerank,REACTOME_G_PROTEIN_BETA_GAMMA_SIGNALLING,-0.27109874575231424,-0.8663901354513165,0.6823925863521483,0.8774143966669485,1.0,14/30,30.01%,ENSG00000111664;ENSG00000129675;ENSG00000123143;ENSG00000168243;ENSG00000127920;ENSG00000117020;ENSG00000162188;ENSG00000069966;ENSG00000142208;ENSG00000176533;ENSG00000182621;ENSG00000140992;ENSG00000070831;ENSG00000172354
prerank,REACTOME_RA_BIOSYNTHESIS_PATHWAY,-0.2961329679828298,-0.8702561674368064,0.667540247098465,0.87748949305557,1.0,12/21,53.84%,ENSG00000166426;ENSG00000095596;ENSG00000072042;ENSG00000157326;ENSG00000139547;ENSG00000196139;ENSG00000165092;ENSG00000240857;ENSG00000135437;ENSG00000118514;ENSG00000184254;ENSG00000248144
prerank,REACTOME_MUSCLE_CONTRACTION,-0.2113475615426505,-0.8815178645844869,0.7568924874449113,0.8780012242609617,1.0,49/197,20.12%,ENSG00000129682;ENSG00000137726;ENSG00000129244;ENSG00000129991;ENSG00000120896;ENSG00000198467;ENSG00000067191;ENSG00000105048;ENSG00000104936;ENSG00000018408;ENSG00000123143;ENSG00000160991;ENSG00000134571;ENSG00000108961;ENSG00000105605;ENSG00000123700;ENSG00000167460;ENSG00000196557;ENSG00000007402;ENSG00000058404;ENSG00000107796;ENSG00000089159;ENSG00000196876;ENSG00000196549;ENSG00000197043;ENSG00000183023;ENSG00000120049;ENSG00000140416;ENSG00000070961;ENSG00000118680;ENSG00000163157;ENSG00000095637;ENSG00000215375;ENSG00000105711;ENSG00000138735;ENSG00000196296;ENSG00000168135;ENSG00000152402;ENSG00000006283;ENSG00000173991;ENSG00000075142;ENSG00000136574;ENSG00000111275;ENSG00000130433;ENSG00000151067;ENSG00000122786;ENSG00000144935;ENSG00000135046;ENSG00000198668
prerank,REACTOME_BETA_CATENIN_PHOSPHORYLATION_CASCADE,-0.3094671751973535,-0.8665404738508187,0.6659859604339502,0.8785973891102313,1.0,8/17,33.84%,ENSG00000068971;ENSG00000104695;ENSG00000113575;ENSG00000066027;ENSG00000181274;ENSG00000134982;ENSG00000113712;ENSG00000154001
prerank,REACTOME_TRAFFICKING_OF_AMPA_RECEPTORS,-0.27470774905936435,-0.8825785518613106,0.6515369836695485,0.8789080208499747,1.0,18/31,39.69%,ENSG00000126787;ENSG00000126583;ENSG00000058404;ENSG00000125675;ENSG00000179841;ENSG00000132535;ENSG00000196586;ENSG00000155511;ENSG00000148660;ENSG00000183020;ENSG00000088367;ENSG00000006116;ENSG00000075461;ENSG00000140396;ENSG00000145349;ENSG00000156298;ENSG00000100151;ENSG00000135679
prerank,REACTOME_TOLL_LIKE_RECEPTOR_9_TLR9_CASCADE,-0.22207820315494228,-0.8702768104395721,0.7338872909342709,0.8789290846639368,1.0,43/108,32.97%,ENSG00000081189;ENSG00000160703;ENSG00000163221;ENSG00000108984;ENSG00000166484;ENSG00000221983;ENSG00000168256;ENSG00000072803;ENSG00000185386;ENSG00000170315;ENSG00000104695;ENSG00000174516;ENSG00000162889;ENSG00000139370;ENSG00000117676;ENSG00000109339;ENSG00000204305;ENSG00000102882;ENSG00000113575;ENSG00000143947;ENSG00000197329;ENSG00000139318;ENSG00000123268;ENSG00000177189;ENSG00000102921;ENSG00000166130;ENSG00000164086;ENSG00000034152;ENSG00000160959;ENSG00000244687;ENSG00000078142;ENSG00000131381;ENSG00000136869;ENSG00000177606;ENSG00000198001;ENSG00000184979;ENSG00000095015;ENSG00000189403;ENSG00000055130;ENSG00000112062;ENSG00000071242;ENSG00000120280;ENSG00000134070
prerank,REACTOME_THROMBOXANE_SIGNALLING_THROUGH_TP_RECEPTOR,-0.28696493238554815,-0.8631217364986405,0.6748671034738534,0.879144435395999,1.0,5/23,12.54%,ENSG00000111664;ENSG00000168243;ENSG00000088256;ENSG00000127920;ENSG00000162188
prerank,REACTOME_MYOGENESIS,-0.28125368152217683,-0.8816295628778698,0.6587014240888245,0.8792935268061847,1.0,7/28,12.92%,ENSG00000081189;ENSG00000066032;ENSG00000108984;ENSG00000152284;ENSG00000185386;ENSG00000140262;ENSG00000067141
prerank,REACTOME_CD209_DC_SIGN_SIGNALING,-0.2948274248498922,-0.8669304300155589,0.6642389828416245,0.8793248428180891,1.0,5/21,16.63%,ENSG00000077264;ENSG00000076662;ENSG00000123143;ENSG00000010810;ENSG00000142875
prerank,REACTOME_CARDIAC_CONDUCTION,-0.21662302632616384,-0.8675874299541028,0.7577004219409282,0.8795669533723807,1.0,45/126,33.96%,ENSG00000129682;ENSG00000137726;ENSG00000129244;ENSG00000129991;ENSG00000067191;ENSG00000104936;ENSG00000018408;ENSG00000160991;ENSG00000108961;ENSG00000105605;ENSG00000123700;ENSG00000007402;ENSG00000058404;ENSG00000196876;ENSG00000196549;ENSG00000183023;ENSG00000120049;ENSG00000070961;ENSG00000105711;ENSG00000196296;ENSG00000168135;ENSG00000075142;ENSG00000136574;ENSG00000130433;ENSG00000151067;ENSG00000144935;ENSG00000198668;ENSG00000168710;ENSG00000155962;ENSG00000114388;ENSG00000148660;ENSG00000167323;ENSG00000198523;ENSG00000067842;ENSG00000150995;ENSG00000175206;ENSG00000144285;ENSG00000007314;ENSG00000075461;ENSG00000096433;ENSG00000058668;ENSG00000145349;ENSG00000064393;ENSG00000176076;ENSG00000118160
prerank,REACTOME_SIGNALING_BY_CSF3_G_CSF,-0.2708766089920685,-0.8636596598092847,0.6898711309165362,0.8795987621575132,1.0,14/30,32.82%,ENSG00000221983;ENSG00000170315;ENSG00000103363;ENSG00000131508;ENSG00000072401;ENSG00000143947;ENSG00000109332;ENSG00000033327;ENSG00000133703;ENSG00000096968;ENSG00000160691;ENSG00000179295;ENSG00000154582;ENSG00000166266
prerank,REACTOME_NUCLEAR_PORE_COMPLEX_NPC_DISASSEMBLY,-0.2686898231954792,-0.8828784266998292,0.6588346979945413,0.8798147129452367,1.0,11/35,19.64%,ENSG00000134057;ENSG00000170312;ENSG00000157020;ENSG00000157456;ENSG00000075188;ENSG00000047410;ENSG00000058804;ENSG00000163002;ENSG00000119638;ENSG00000119408;ENSG00000120253
prerank,REACTOME_GPER1_SIGNALING,-0.2596007023997028,-0.8836221762661416,0.6658180976625782,0.8798462278906325,1.0,13/42,19.42%,ENSG00000111664;ENSG00000197122;ENSG00000150093;ENSG00000168243;ENSG00000128266;ENSG00000127920;ENSG00000164742;ENSG00000162188;ENSG00000065135;ENSG00000161638;ENSG00000142875;ENSG00000174233;ENSG00000069966
prerank,REACTOME_SIGNALING_BY_VEGF,-0.22219787988675146,-0.8681369574379987,0.7380824852704874,0.8800096968569282,1.0,47/105,34.54%,ENSG00000050820;ENSG00000077264;ENSG00000197122;ENSG00000123143;ENSG00000167965;ENSG00000055163;ENSG00000185386;ENSG00000089159;ENSG00000163932;ENSG00000119487;ENSG00000162889;ENSG00000167601;ENSG00000117020;ENSG00000051523;ENSG00000106211;ENSG00000010810;ENSG00000142875;ENSG00000107338;ENSG00000132970;ENSG00000165197;ENSG00000120899;ENSG00000198668;ENSG00000061676;ENSG00000168710;ENSG00000198561;ENSG00000105647;ENSG00000173511;ENSG00000142208;ENSG00000188130;ENSG00000138448;ENSG00000133703;ENSG00000158517;ENSG00000140992;ENSG00000150995;ENSG00000062598;ENSG00000186654;ENSG00000070831;ENSG00000101255;ENSG00000176170;ENSG00000164327;ENSG00000112062;ENSG00000051382;ENSG00000096433;ENSG00000100365;ENSG00000105221;ENSG00000150630;ENSG00000127837
prerank,REACTOME_NEGATIVE_REGULATION_OF_TCF_DEPENDENT_SIGNALING_BY_WNT_LIGAND_ANTAGONISTS,-0.3188491124303053,-0.8613763784409559,0.6732202518632743,0.8809384613087753,1.0,3/15,11.69%,ENSG00000107984;ENSG00000183762;ENSG00000114251
prerank,REACTOME_NOTCH2_INTRACELLULAR_DOMAIN_REGULATES_TRANSCRIPTION,0.24200721023424515,0.7447345984482691,0.8370432591348173,0.8831119032773853,1.0,2/12,6.81%,ENSG00000168214;ENSG00000197921
prerank,REACTOME_INTERLEUKIN_7_SIGNALING,0.20327818696330946,0.7426525820665373,0.8476044852191641,0.8831529638083401,1.0,2/21,5.68%,ENSG00000127616;ENSG00000162434
prerank,REACTOME_PYRIMIDINE_CATABOLISM,0.24227220015998385,0.7427450438522588,0.8330529857022708,0.8843167046212439,1.0,2/12,4.30%,ENSG00000116981;ENSG00000113492
prerank,REACTOME_DAG_AND_IP3_SIGNALING,-0.25372499551379873,-0.8561011822901833,0.6970862470862471,0.8847617383404376,1.0,18/40,33.26%,ENSG00000126583;ENSG00000058404;ENSG00000163932;ENSG00000164742;ENSG00000004660;ENSG00000173020;ENSG00000142875;ENSG00000174233;ENSG00000198668;ENSG00000110931;ENSG00000168710;ENSG00000152495;ENSG00000148660;ENSG00000005249;ENSG00000150995;ENSG00000096433;ENSG00000145349;ENSG00000121281
prerank,REACTOME_MRNA_DECAY_BY_5_TO_3_EXORIBONUCLEASE,-0.3212477164759977,-0.8568580257964713,0.6814651825006471,0.8848440219107274,1.0,9/14,37.95%,ENSG00000204392;ENSG00000151065;ENSG00000170860;ENSG00000164167;ENSG00000175324;ENSG00000106355;ENSG00000166889;ENSG00000110367;ENSG00000179151
prerank,REACTOME_BUTYRATE_RESPONSE_FACTOR_1_BRF1_BINDS_AND_DESTABILIZES_MRNA,-0.3108998063780039,-0.8572634983029647,0.6791995921488657,0.8855599418003531,1.0,9/16,37.11%,ENSG00000162889;ENSG00000120699;ENSG00000077348;ENSG00000107371;ENSG00000142208;ENSG00000171311;ENSG00000178896;ENSG00000075914;ENSG00000083520
prerank,REACTOME_HDMS_DEMETHYLATE_HISTONES,-0.2832592477724705,-0.857714077321283,0.6858722358722359,0.8862045750197286,1.0,11/24,45.24%,ENSG00000186280;ENSG00000132510;ENSG00000147050;ENSG00000115548;ENSG00000006459;ENSG00000066135;ENSG00000165097;ENSG00000150347;ENSG00000120733;ENSG00000004487;ENSG00000170854
prerank,REACTOME_REACTIONS_SPECIFIC_TO_THE_COMPLEX_N_GLYCAN_SYNTHESIS_PATHWAY,-0.3511093803988567,-0.8516015903421372,0.6868227424749164,0.8884896378071623,1.0,4/10,29.51%,ENSG00000124302;ENSG00000104826;ENSG00000033170;ENSG00000166391
prerank,REACTOME_DENGUE_VIRUS_MODULATES_APOPTOSIS,-0.3084932442822811,-0.8522419382701066,0.6835247064894853,0.8887895422830661,1.0,6/16,35.18%,ENSG00000167965;ENSG00000119487;ENSG00000078142;ENSG00000186654;ENSG00000164327;ENSG00000160551
prerank,REACTOME_NOTCH_HLH_TRANSCRIPTION_PATHWAY,-0.27237536911976584,-0.85278083081147,0.6983800773694391,0.8892816589094531,1.0,8/28,14.72%,ENSG00000074181;ENSG00000100429;ENSG00000108840;ENSG00000163517;ENSG00000184384;ENSG00000101849;ENSG00000068024;ENSG00000094631
prerank,REACTOME_DIGESTION_AND_ABSORPTION,0.19841994030781235,0.7347779589118874,0.8709150326797386,0.8912408405683283,1.0,2/23,5.79%,ENSG00000174876;ENSG00000243480
prerank,REACTOME_REGULATION_OF_EXPRESSION_AND_FUNCTION_OF_TYPE_II_CLASSICAL_CADHERINS,-0.26400642054080203,-0.8475540875329768,0.7088154598592389,0.8912948501759197,1.0,11/31,26.77%,ENSG00000100146;ENSG00000163909;ENSG00000126016;ENSG00000140937;ENSG00000135074;ENSG00000150394;ENSG00000139880;ENSG00000198561;ENSG00000169554;ENSG00000092847;ENSG00000155363
prerank,REACTOME_NUCLEAR_EVENTS_STIMULATED_BY_ALK_SIGNALING_IN_CANCER,-0.2599470358367497,-0.8477281589674615,0.7086219250059709,0.8924429716296898,1.0,15/34,39.83%,ENSG00000134057;ENSG00000163600;ENSG00000180644;ENSG00000102882;ENSG00000100387;ENSG00000111206;ENSG00000092847;ENSG00000155363;ENSG00000171223;ENSG00000091732;ENSG00000148400;ENSG00000055130;ENSG00000137154;ENSG00000126070;ENSG00000172216
prerank,REACTOME_RIP_MEDIATED_NFKB_ACTIVATION_VIA_ZBP1,0.21768203782852455,0.7325411625930472,0.846118511713367,0.8925466918400441,1.0,1/16,1.80%,ENSG00000135829
prerank,REACTOME_SIGNALING_BY_NTRK2_TRKB,-0.27569166527038647,-0.8479710368734837,0.6959500795301603,0.8934746620486244,1.0,10/25,27.55%,ENSG00000197122;ENSG00000137218;ENSG00000156299;ENSG00000010810;ENSG00000176697;ENSG00000164885;ENSG00000225950;ENSG00000133703;ENSG00000160691;ENSG00000179295
prerank,REACTOME_NOTCH1_INTRACELLULAR_DOMAIN_REGULATES_TRANSCRIPTION,-0.24105924019302719,-0.843339423152873,0.7274916848262415,0.8972636818672315,1.0,22/48,31.44%,ENSG00000065717;ENSG00000163909;ENSG00000221983;ENSG00000100429;ENSG00000108840;ENSG00000163517;ENSG00000184384;ENSG00000101849;ENSG00000170315;ENSG00000196781;ENSG00000068024;ENSG00000094631;ENSG00000143947;ENSG00000100387;ENSG00000161021;ENSG00000112237;ENSG00000135547;ENSG00000164683;ENSG00000177565;ENSG00000013619;ENSG00000148400;ENSG00000055130
prerank,REACTOME_BETA_DEFENSINS,0.23495610534716688,0.7236864168843965,0.8709942481511914,0.9011869887240322,1.0,12/12,76.52%,ENSG00000204548;ENSG00000186146;ENSG00000137462;ENSG00000121807;ENSG00000180483;ENSG00000174125;ENSG00000205882;ENSG00000164825;ENSG00000180424;ENSG00000171711;ENSG00000112486;ENSG00000180383
prerank,REACTOME_NF_KB_IS_ACTIVATED_AND_SIGNALS_SURVIVAL,-0.32362064799261464,-0.8385902258804748,0.7037037037037037,0.9039961171529829,1.0,5/13,14.99%,ENSG00000221983;ENSG00000170315;ENSG00000161011;ENSG00000064300;ENSG00000143947
prerank,REACTOME_SNRNP_ASSEMBLY,-0.2313681071976133,-0.8213665955388623,0.7664357897127285,0.9052050063685735,1.0,34/52,47.62%,ENSG00000157020;ENSG00000092208;ENSG00000075188;ENSG00000047410;ENSG00000058804;ENSG00000100028;ENSG00000163002;ENSG00000120253;ENSG00000143977;ENSG00000046647;ENSG00000153201;ENSG00000136937;ENSG00000064703;ENSG00000125743;ENSG00000138750;ENSG00000139496;ENSG00000074201;ENSG00000069248;ENSG00000110713;ENSG00000114503;ENSG00000155561;ENSG00000142252;ENSG00000095319;ENSG00000100462;ENSG00000108559;ENSG00000116455;ENSG00000136243;ENSG00000125835;ENSG00000146707;ENSG00000113569;ENSG00000137574;ENSG00000082516;ENSG00000205571;ENSG00000164902
prerank,REACTOME_INOSITOL_PHOSPHATE_METABOLISM,-0.2397667463556101,-0.836770187507937,0.7415756181713629,0.9056992502577892,1.0,18/48,34.07%,ENSG00000122824;ENSG00000185133;ENSG00000115556;ENSG00000161714;ENSG00000196368;ENSG00000171862;ENSG00000168918;ENSG00000003987;ENSG00000107789;ENSG00000138193;ENSG00000198668;ENSG00000114805;ENSG00000133731;ENSG00000182621;ENSG00000105655;ENSG00000104643;ENSG00000086544;ENSG00000141401
prerank,REACTOME_SIGNALING_BY_CTNNB1_PHOSPHO_SITE_MUTANTS,-0.3077088493133459,-0.8356076646120655,0.7137718396711202,0.9062315042564513,1.0,7/15,33.84%,ENSG00000068971;ENSG00000104695;ENSG00000113575;ENSG00000066027;ENSG00000134982;ENSG00000113712;ENSG00000154001
prerank,REACTOME_TRISTETRAPROLIN_TTP_ZFP36_BINDS_AND_DESTABILIZES_MRNA,-0.29777993824446436,-0.8215607505838676,0.7248313605701922,0.9063268877631852,1.0,9/16,37.11%,ENSG00000162889;ENSG00000120699;ENSG00000077348;ENSG00000128016;ENSG00000107371;ENSG00000171311;ENSG00000178896;ENSG00000075914;ENSG00000083520
prerank,REACTOME_CYTOSOLIC_IRON_SULFUR_CLUSTER_ASSEMBLY,-0.31441914286585315,-0.8219165241820326,0.7254388263033796,0.9071838043327444,1.0,6/13,34.86%,ENSG00000095906;ENSG00000062822;ENSG00000144021;ENSG00000166595;ENSG00000104884;ENSG00000005194
prerank,REACTOME_SIGNALING_BY_GPCR,-0.18674333545659239,-0.8222140177240355,0.9535767883941971,0.9081286808701441,1.0,149/605,27.48%,ENSG00000102302;ENSG00000131089;ENSG00000131477;ENSG00000240771;ENSG00000137135;ENSG00000197696;ENSG00000111664;ENSG00000121351;ENSG00000161610;ENSG00000155366;ENSG00000050327;ENSG00000197122;ENSG00000126583;ENSG00000064547;ENSG00000267534;ENSG00000129675;ENSG00000170214;ENSG00000164050;ENSG00000129951;ENSG00000213906;ENSG00000171680;ENSG00000121957;ENSG00000163737;ENSG00000123143;ENSG00000132329;ENSG00000150093;ENSG00000163736;ENSG00000101850;ENSG00000168243;ENSG00000169508;ENSG00000128266;ENSG00000169248;ENSG00000166484;ENSG00000160801;ENSG00000146426;ENSG00000058404;ENSG00000172572;ENSG00000149295;ENSG00000100077;ENSG00000197993;ENSG00000139574;ENSG00000088256;ENSG00000047597;ENSG00000100739;ENSG00000108379;ENSG00000078589;ENSG00000128617;ENSG00000163932;ENSG00000090924;ENSG00000091844;ENSG00000105520;ENSG00000127920;ENSG00000131355;ENSG00000255837;ENSG00000104695;ENSG00000168398;ENSG00000171408;ENSG00000204174;ENSG00000213694;ENSG00000144648;ENSG00000152270;ENSG00000078549;ENSG00000117676;ENSG00000117020;ENSG00000184574;ENSG00000134183;ENSG00000128285;ENSG00000114251;ENSG00000164742;ENSG00000110148;ENSG00000184451;ENSG00000155760;ENSG00000162188;ENSG00000108691;ENSG00000179921;ENSG00000156299;ENSG00000148926;ENSG00000138835;ENSG00000004660;ENSG00000110237;ENSG00000173020;ENSG00000065135;ENSG00000180340;ENSG00000102882;ENSG00000184984;ENSG00000104826;ENSG00000113575;ENSG00000161638;ENSG00000165801;ENSG00000102780;ENSG00000184160;ENSG00000179546;ENSG00000154358;ENSG00000142875;ENSG00000117298;ENSG00000177189;ENSG00000164535;ENSG00000114349;ENSG00000164885;ENSG00000174804;ENSG00000174233;ENSG00000204681;ENSG00000142632;ENSG00000143333;ENSG00000163686;ENSG00000101977;ENSG00000113300;ENSG00000163734;ENSG00000069966;ENSG00000214694;ENSG00000135046;ENSG00000198668;ENSG00000153933;ENSG00000110931;ENSG00000168710;ENSG00000114790;ENSG00000116711;ENSG00000105647;ENSG00000113070;ENSG00000134200;ENSG00000142208;ENSG00000163735;ENSG00000107758;ENSG00000135824;ENSG00000111432;ENSG00000013583;ENSG00000065989;ENSG00000152495;ENSG00000170775;ENSG00000170498;ENSG00000198121;ENSG00000166073;ENSG00000133703;ENSG00000132911;ENSG00000244165;ENSG00000198844;ENSG00000148660;ENSG00000126262;ENSG00000005249;ENSG00000145214;ENSG00000176533;ENSG00000132694;ENSG00000160691;ENSG00000182621;ENSG00000166863;ENSG00000147437;ENSG00000102468;ENSG00000174788;ENSG00000140992
prerank,REACTOME_POTASSIUM_CHANNELS,-0.21246036644672317,-0.8226737701987008,0.801363193768257,0.9088234135846208,1.0,15/95,13.89%,ENSG00000111664;ENSG00000168263;ENSG00000138622;ENSG00000183960;ENSG00000123700;ENSG00000168243;ENSG00000162975;ENSG00000105642;ENSG00000117013;ENSG00000127920;ENSG00000131398;ENSG00000162188;ENSG00000182674;ENSG00000168135;ENSG00000006071
prerank,REACTOME_BICARBONATE_TRANSPORTERS,-0.34036886065807875,-0.8234055242054032,0.7299504619092247,0.9090806935303221,1.0,3/10,8.30%,ENSG00000004939;ENSG00000114923;ENSG00000080493
prerank,REACTOME_INTERLEUKIN_20_FAMILY_SIGNALING,-0.28675390663107275,-0.8239707718721099,0.7317318576279713,0.9096050132678108,1.0,10/19,51.08%,ENSG00000185436;ENSG00000105639;ENSG00000243646;ENSG00000096968;ENSG00000179295;ENSG00000142224;ENSG00000138378;ENSG00000115415;ENSG00000126561;ENSG00000170581
prerank,REACTOME_METABOLISM_OF_STEROID_HORMONES,-0.25438288249170704,-0.8326669477989965,0.7311891763588891,0.9097468966105584,1.0,7/35,15.21%,ENSG00000267673;ENSG00000100300;ENSG00000101846;ENSG00000145545;ENSG00000010270;ENSG00000104826;ENSG00000131748
prerank,REACTOME_APOPTOTIC_CLEAVAGE_OF_CELL_ADHESION_PROTEINS,-0.33232910576543895,-0.8315368892623085,0.711016498137307,0.910173428978925,1.0,3/11,22.17%,ENSG00000164305;ENSG00000096696;ENSG00000046604
prerank,REACTOME_SCAVENGING_BY_CLASS_A_RECEPTORS,-0.2897982737945085,-0.8306129214547463,0.7174490699734278,0.9102598455850605,1.0,5/19,13.82%,ENSG00000168542;ENSG00000134871;ENSG00000108821;ENSG00000130203;ENSG00000164692
prerank,REACTOME_DISASSEMBLY_OF_THE_DESTRUCTION_COMPLEX_AND_RECRUITMENT_OF_AXIN_TO_THE_MEMBRANE,-0.2586607802239435,-0.8242903486741169,0.741360626128838,0.9105350705283213,1.0,15/30,41.97%,ENSG00000068971;ENSG00000104695;ENSG00000107404;ENSG00000180340;ENSG00000113575;ENSG00000161202;ENSG00000066027;ENSG00000004975;ENSG00000181274;ENSG00000134982;ENSG00000113712;ENSG00000154001;ENSG00000163251;ENSG00000133275;ENSG00000112640
prerank,REACTOME_TRAF6_MEDIATED_INDUCTION_OF_TAK1_COMPLEX_WITHIN_TLR4_COMPLEX,-0.3004272841857569,-0.8242949570475706,0.7265893744426042,0.9119799478301782,1.0,3/16,6.72%,ENSG00000004139;ENSG00000221983;ENSG00000170315
prerank,REACTOME_G_PROTEIN_MEDIATED_EVENTS,-0.23314160694844327,-0.8250817291652652,0.7553384825079509,0.9121491346099666,1.0,22/52,33.26%,ENSG00000126583;ENSG00000058404;ENSG00000088256;ENSG00000163932;ENSG00000164742;ENSG00000004660;ENSG00000173020;ENSG00000065135;ENSG00000142875;ENSG00000174233;ENSG00000198668;ENSG00000110931;ENSG00000168710;ENSG00000116711;ENSG00000152495;ENSG00000148660;ENSG00000005249;ENSG00000182621;ENSG00000150995;ENSG00000096433;ENSG00000145349;ENSG00000121281
prerank,REACTOME_G_PROTEIN_ACTIVATION,-0.2698988399470178,-0.8138514019971127,0.744623325549957,0.9128962470404,1.0,5/23,12.54%,ENSG00000111664;ENSG00000168243;ENSG00000088256;ENSG00000127920;ENSG00000162188
prerank,REACTOME_RECEPTOR_MEDIATED_MITOPHAGY,-0.33990772683849957,-0.8280403895675406,0.7197912484945805,0.9131152224299307,1.0,2/10,2.40%,ENSG00000177169;ENSG00000197122
prerank,REACTOME_SYNTHESIS_OF_BILE_ACIDS_AND_BILE_SALTS,-0.2534938462099487,-0.8253314181606632,0.7459124000477384,0.9131921706309171,1.0,6/33,18.87%,ENSG00000141447;ENSG00000006025;ENSG00000101473;ENSG00000117859;ENSG00000099377;ENSG00000122787
prerank,REACTOME_CREATINE_METABOLISM,-0.32684130468746075,-0.8141888181582922,0.7344283837056504,0.9137937939566871,1.0,2/11,5.01%,ENSG00000223572;ENSG00000130005
prerank,REACTOME_AMINE_LIGAND_BINDING_RECEPTORS,-0.2560058716995189,-0.8266591337345247,0.735975975975976,0.9139176975185576,1.0,6/32,16.15%,ENSG00000170214;ENSG00000101850;ENSG00000149295;ENSG00000184984;ENSG00000184160;ENSG00000179546
prerank,REACTOME_TOLL_LIKE_RECEPTOR_TLR1_TLR2_CASCADE,-0.20921213425359814,-0.8256497031421408,0.809220985691574,0.9141186151056835,1.0,26/114,17.38%,ENSG00000081189;ENSG00000160703;ENSG00000163221;ENSG00000108984;ENSG00000166484;ENSG00000221983;ENSG00000168256;ENSG00000072803;ENSG00000185386;ENSG00000170315;ENSG00000104695;ENSG00000174516;ENSG00000162889;ENSG00000117676;ENSG00000109339;ENSG00000171560;ENSG00000204305;ENSG00000102882;ENSG00000113575;ENSG00000143947;ENSG00000197329;ENSG00000139318;ENSG00000123268;ENSG00000177189;ENSG00000102921;ENSG00000166130
prerank,REACTOME_ADP_SIGNALLING_THROUGH_P2Y_PURINOCEPTOR_12,-0.2782493605477887,-0.8098083344728156,0.74675,0.9148831032573304,1.0,6/20,19.42%,ENSG00000111664;ENSG00000168243;ENSG00000127920;ENSG00000162188;ENSG00000065135;ENSG00000069966
prerank,REACTOME_REGULATION_OF_TBK1_IKK_IKBKE_MEDIATED_ACTIVATION_OF_IRF3_IRF7,-0.3119072510322086,-0.810654253988054,0.7418048844194854,0.9150235320545902,1.0,4/13,14.99%,ENSG00000221983;ENSG00000170315;ENSG00000136560;ENSG00000143947
prerank,REACTOME_SYNTHESIS_OF_IP3_AND_IP4_IN_THE_CYTOSOL,-0.26357007276201183,-0.8142417331714173,0.7413625304136253,0.9151484666740388,1.0,9/26,26.59%,ENSG00000185133;ENSG00000115556;ENSG00000161714;ENSG00000171862;ENSG00000168918;ENSG00000138193;ENSG00000198668;ENSG00000114805;ENSG00000182621
prerank,REACTOME_COBALAMIN_CBL_VITAMIN_B12_TRANSPORT_AND_METABOLISM,-0.2738239646447594,-0.8108248130564456,0.7429245283018868,0.9161868197241184,1.0,10/22,34.42%,ENSG00000139428;ENSG00000151611;ENSG00000157978;ENSG00000167775;ENSG00000119688;ENSG00000146085;ENSG00000168925;ENSG00000185339;ENSG00000107611;ENSG00000168288
prerank,REACTOME_ERKS_ARE_INACTIVATED,-0.3092826004881006,-0.8077938587880699,0.7459593326381647,0.916559285849292,1.0,6/13,20.58%,ENSG00000166484;ENSG00000104695;ENSG00000102882;ENSG00000113575;ENSG00000139318;ENSG00000164086
prerank,REACTOME_KERATAN_SULFATE_DEGRADATION,-0.29833087217628296,-0.7900084474945599,0.7661446874595574,0.923039092249472,1.0,7/14,34.61%,ENSG00000135677;ENSG00000106809;ENSG00000139329;ENSG00000141012;ENSG00000149328;ENSG00000127083;ENSG00000163521
prerank,REACTOME_DEVELOPMENTAL_CELL_LINEAGES_OF_THE_EXOCRINE_PANCREAS,-0.20966854801205587,-0.793139631788496,0.8295168182316205,0.9241997608024609,1.0,18/79,19.77%,ENSG00000129682;ENSG00000168542;ENSG00000204262;ENSG00000185615;ENSG00000180535;ENSG00000108821;ENSG00000080493;ENSG00000170890;ENSG00000091136;ENSG00000101680;ENSG00000130635;ENSG00000196739;ENSG00000164692;ENSG00000136574;ENSG00000137693;ENSG00000060718;ENSG00000196569;ENSG00000135046
prerank,REACTOME_NITRIC_OXIDE_STIMULATES_GUANYLATE_CYCLASE,-0.2680824912206515,-0.7901220548848054,0.7698983387056781,0.9242809953918714,1.0,7/21,32.57%,ENSG00000160191;ENSG00000138735;ENSG00000152402;ENSG00000007171;ENSG00000150995;ENSG00000072952;ENSG00000135643
prerank,REACTOME_ION_TRANSPORT_BY_P_TYPE_ATPASES,-0.22251772144982807,-0.7919794484985191,0.8060599182932365,0.9244415269262299,1.0,17/54,27.69%,ENSG00000137726;ENSG00000129244;ENSG00000119929;ENSG00000120509;ENSG00000058404;ENSG00000165240;ENSG00000070961;ENSG00000196296;ENSG00000075142;ENSG00000145246;ENSG00000159363;ENSG00000198668;ENSG00000186009;ENSG00000148660;ENSG00000101974;ENSG00000198523;ENSG00000067842
prerank,REACTOME_TRNA_PROCESSING,-0.20200246062537539,-0.7995350762977571,0.8466609953211399,0.92477003656534,1.0,63/113,47.48%,ENSG00000128694;ENSG00000157020;ENSG00000165118;ENSG00000075188;ENSG00000105171;ENSG00000167272;ENSG00000047410;ENSG00000145996;ENSG00000058804;ENSG00000184575;ENSG00000135974;ENSG00000144034;ENSG00000163002;ENSG00000173113;ENSG00000120253;ENSG00000172336;ENSG00000072506;ENSG00000162623;ENSG00000124787;ENSG00000196976;ENSG00000136628;ENSG00000066651;ENSG00000153201;ENSG00000170892;ENSG00000145331;ENSG00000241370;ENSG00000162971;ENSG00000068438;ENSG00000087302;ENSG00000138750;ENSG00000198860;ENSG00000137760;ENSG00000139496;ENSG00000130299;ENSG00000198874;ENSG00000167264;ENSG00000069248;ENSG00000183665;ENSG00000110713;ENSG00000174177;ENSG00000148688;ENSG00000167118;ENSG00000155561;ENSG00000160193;ENSG00000095319;ENSG00000171262;ENSG00000037897;ENSG00000178718;ENSG00000100220;ENSG00000108559;ENSG00000135297;ENSG00000171103;ENSG00000072756;ENSG00000110060;ENSG00000089195;ENSG00000136243;ENSG00000100890;ENSG00000101811;ENSG00000176261;ENSG00000146707;ENSG00000113569;ENSG00000091127;ENSG00000122435
prerank,REACTOME_FORMATION_OF_THE_NON_CANONICAL_BAF_NCBAF_COMPLEX,-0.2823681799368929,-0.7876575096053784,0.766979219462747,0.924952959862402,1.0,8/17,28.08%,ENSG00000082014;ENSG00000110987;ENSG00000099385;ENSG00000136518;ENSG00000063169;ENSG00000080503;ENSG00000112624;ENSG00000184402
prerank,REACTOME_G_ALPHA_Q_SIGNALLING_EVENTS,-0.19198341047400064,-0.7983605243603235,0.8849748382458663,0.9250757818432488,1.0,50/195,27.79%,ENSG00000240771;ENSG00000197696;ENSG00000111664;ENSG00000161610;ENSG00000064547;ENSG00000170214;ENSG00000213906;ENSG00000101850;ENSG00000168243;ENSG00000166484;ENSG00000139574;ENSG00000088256;ENSG00000100739;ENSG00000078589;ENSG00000163932;ENSG00000091844;ENSG00000127920;ENSG00000168398;ENSG00000117676;ENSG00000184574;ENSG00000128285;ENSG00000110148;ENSG00000162188;ENSG00000138835;ENSG00000173020;ENSG00000102882;ENSG00000184984;ENSG00000102780;ENSG00000177189;ENSG00000164535;ENSG00000143333;ENSG00000163686;ENSG00000069966;ENSG00000135046;ENSG00000153933;ENSG00000105647;ENSG00000113070;ENSG00000170498;ENSG00000198121;ENSG00000133703;ENSG00000132911;ENSG00000244165;ENSG00000126262;ENSG00000145214;ENSG00000176533;ENSG00000182621;ENSG00000166863;ENSG00000147437;ENSG00000102468;ENSG00000150995
prerank,REACTOME_G_BETA_GAMMA_SIGNALLING_THROUGH_PI3KGAMMA,-0.2651828251799454,-0.7973520479186309,0.7666749011857708,0.925148387206862,1.0,14/23,42.48%,ENSG00000111664;ENSG00000168243;ENSG00000127920;ENSG00000117020;ENSG00000162188;ENSG00000069966;ENSG00000142208;ENSG00000176533;ENSG00000140992;ENSG00000172354;ENSG00000105221;ENSG00000114450;ENSG00000141506;ENSG00000174021
prerank,REACTOME_CD28_DEPENDENT_VAV1_PATHWAY,-0.3141419071202354,-0.8011268735280592,0.7499333866240341,0.9252327594508472,1.0,3/12,15.17%,ENSG00000077264;ENSG00000123143;ENSG00000010810
prerank,REACTOME_NUCLEOTIDE_SALVAGE,-0.26355991643808035,-0.7933050954141538,0.7678175092478422,0.9253836643025262,1.0,14/23,43.90%,ENSG00000116337;ENSG00000106992;ENSG00000156136;ENSG00000166548;ENSG00000114956;ENSG00000196839;ENSG00000025708;ENSG00000130717;ENSG00000130021;ENSG00000007001;ENSG00000137198;ENSG00000198931;ENSG00000198276;ENSG00000168803
prerank,REACTOME_ENOS_ACTIVATION,-0.30244646286934906,-0.7902704183020831,0.7680933852140078,0.9254833037008974,1.0,6/13,22.59%,ENSG00000161544;ENSG00000136448;ENSG00000152465;ENSG00000198668;ENSG00000175893;ENSG00000142208
prerank,REACTOME_MITOCHONDRIAL_RNA_DEGRADATION,-0.3110729534294241,-0.7938490047682067,0.7623722966697625,0.9260134409745381,1.0,4/12,17.54%,ENSG00000164896;ENSG00000156502;ENSG00000076043;ENSG00000119705
prerank,REACTOME_INTERACTION_WITH_CUMULUS_CELLS_AND_THE_ZONA_PELLUCIDA,-0.32969924407911344,-0.7995873628309346,0.7512891709639032,0.9261242586729481,1.0,3/10,27.08%,ENSG00000086062;ENSG00000188372;ENSG00000139985
prerank,REACTOME_PHOSPHORYLATED_BMAL1_CLOCK_ARNTL_CLOCK_ACTIVATES_EXPRESSION_OF_CORE_CLOCK_GENES,0.18821176910685747,0.6972851192926683,0.9020217729393468,0.9261690176293074,1.0,2/22,5.00%,ENSG00000134107;ENSG00000170485
prerank,REACTOME_REGULATION_OF_RUNX1_EXPRESSION_AND_ACTIVITY,-0.2850200105965018,-0.7942323668960516,0.7629507364144236,0.9268827764384858,1.0,10/17,38.31%,ENSG00000197122;ENSG00000159216;ENSG00000110092;ENSG00000105810;ENSG00000092847;ENSG00000155363;ENSG00000179295;ENSG00000118971;ENSG00000126070;ENSG00000100354
prerank,REACTOME_ELEVATION_OF_CYTOSOLIC_CA2_LEVELS,-0.2939089632973418,-0.7948430155152981,0.7620574653668548,0.9274138034077264,1.0,9/15,45.56%,ENSG00000160991;ENSG00000167323;ENSG00000135124;ENSG00000150995;ENSG00000096433;ENSG00000089041;ENSG00000137672;ENSG00000123104;ENSG00000109991
prerank,REACTOME_PEPTIDE_HORMONE_METABOLISM,-0.2059905402992947,-0.7811111805923001,0.8514342018830743,0.9327674362376969,1.0,24/81,27.94%,ENSG00000111664;ENSG00000168280;ENSG00000182220;ENSG00000118363;ENSG00000087085;ENSG00000166562;ENSG00000196549;ENSG00000114902;ENSG00000017427;ENSG00000101160;ENSG00000165556;ENSG00000129128;ENSG00000104826;ENSG00000136574;ENSG00000080618;ENSG00000139269;ENSG00000134200;ENSG00000140612;ENSG00000153002;ENSG00000155980;ENSG00000145740;ENSG00000220205;ENSG00000138190;ENSG00000069974
prerank,REACTOME_MASTL_FACILITATES_MITOTIC_PROGRESSION,-0.31976188608854156,-0.7759643431654397,0.7832532051282052,0.9369857045673994,1.0,4/10,14.80%,ENSG00000134057;ENSG00000170312;ENSG00000104695;ENSG00000113575
prerank,REACTOME_TP53_REGULATES_TRANSCRIPTION_OF_SEVERAL_ADDITIONAL_CELL_DEATH_GENES_WHOSE_SPECIFIC_ROLES_IN_P53_DEPENDENT_APOPTOSIS_REMAIN_UNCERTAIN,-0.291639825260783,-0.7738290109405804,0.7842036553524804,0.9370348868381367,1.0,2/14,0.99%,ENSG00000115129;ENSG00000089685
prerank,REACTOME_TRAFFICKING_AND_PROCESSING_OF_ENDOSOMAL_TLR,-0.29502545151620224,-0.772206691573539,0.7880820836621941,0.9377785699012824,1.0,4/13,12.14%,ENSG00000136943;ENSG00000110057;ENSG00000135047;ENSG00000100600
prerank,REACTOME_VEGFR2_MEDIATED_CELL_PROLIFERATION,-0.2665949778129255,-0.7647234389591153,0.7956827309236948,0.9377913893363051,1.0,9/19,32.32%,ENSG00000197122;ENSG00000163932;ENSG00000198668;ENSG00000168710;ENSG00000133703;ENSG00000140992;ENSG00000150995;ENSG00000176170;ENSG00000096433
prerank,REACTOME_IRAK4_DEFICIENCY_TLR2_4,-0.2750755275333612,-0.7763784447536825,0.7843562587724895,0.9378464999176278,1.0,6/18,29.65%,ENSG00000171560;ENSG00000160678;ENSG00000136869;ENSG00000198001;ENSG00000174130;ENSG00000189403
prerank,REACTOME_ENDOGENOUS_STEROLS,-0.2534022534756609,-0.7741815901213888,0.7951189749847468,0.937978462046173,1.0,10/25,38.62%,ENSG00000267673;ENSG00000145476;ENSG00000138061;ENSG00000172379;ENSG00000106546;ENSG00000140396;ENSG00000143437;ENSG00000036530;ENSG00000161513;ENSG00000186350
prerank,REACTOME_TRANSCRIPTIONAL_REGULATION_BY_THE_AP_2_TFAP2_FAMILY_OF_TRANSCRIPTION_FACTORS,-0.23278380065722126,-0.7649337268302343,0.8199475691134414,0.9389182204355662,1.0,4/34,7.56%,ENSG00000141736;ENSG00000101057;ENSG00000156802;ENSG00000130203
prerank,REACTOME_INTERLEUKIN_6_SIGNALING,-0.3073041289093624,-0.7653393689397553,0.7908689248895434,0.9397956360343698,1.0,6/11,46.59%,ENSG00000134352;ENSG00000096968;ENSG00000179295;ENSG00000110395;ENSG00000136244;ENSG00000115415
prerank,REACTOME_DNA_DOUBLE_STRAND_BREAK_RESPONSE,-0.2127720480077514,-0.7616481431771035,0.849763673193788,0.9403323648439909,1.0,24/55,36.36%,ENSG00000035499;ENSG00000163322;ENSG00000166313;ENSG00000221983;ENSG00000170315;ENSG00000104313;ENSG00000012048;ENSG00000067369;ENSG00000143947;ENSG00000183765;ENSG00000116030;ENSG00000169139;ENSG00000064655;ENSG00000188486;ENSG00000197903;ENSG00000158373;ENSG00000196890;ENSG00000104320;ENSG00000066135;ENSG00000137337;ENSG00000112319;ENSG00000184678;ENSG00000105393;ENSG00000113522
prerank,REACTOME_REVERSIBLE_HYDRATION_OF_CARBON_DIOXIDE,-0.2960822261735461,-0.7579349561096039,0.8066536203522505,0.9408280307086518,1.0,5/12,24.53%,ENSG00000133742;ENSG00000118298;ENSG00000074410;ENSG00000167434;ENSG00000169239
prerank,REACTOME_RNA_POLYMERASE_III_TRANSCRIPTION,-0.22491524625560244,-0.760039641277711,0.8401068276823037,0.9409785443164737,1.0,21/41,44.02%,ENSG00000141905;ENSG00000147669;ENSG00000174446;ENSG00000121851;ENSG00000147862;ENSG00000104976;ENSG00000100142;ENSG00000162599;ENSG00000163882;ENSG00000138385;ENSG00000113356;ENSG00000161980;ENSG00000058600;ENSG00000164975;ENSG00000119041;ENSG00000155115;ENSG00000166478;ENSG00000023608;ENSG00000186141;ENSG00000072135;ENSG00000122034
prerank,REACTOME_PHOSPHORYLATION_OF_CLOCK_ACETYLATION_OF_BMAL1_ARNTL_AT_TARGET_GENE_PROMOTERS,-0.3079111632148348,-0.7654740528782423,0.799549250961156,0.9410272693843493,1.0,6/11,52.77%,ENSG00000049246;ENSG00000161395;ENSG00000126368;ENSG00000069667;ENSG00000134852;ENSG00000118058
prerank,REACTOME_G_ALPHA_I_SIGNALLING_EVENTS,-0.17888966917329807,-0.7584340086537903,0.9482164572355087,0.9416087779688562,1.0,63/257,26.00%,ENSG00000111664;ENSG00000197122;ENSG00000126583;ENSG00000064547;ENSG00000267534;ENSG00000121957;ENSG00000163737;ENSG00000163736;ENSG00000168243;ENSG00000169508;ENSG00000128266;ENSG00000169248;ENSG00000058404;ENSG00000088256;ENSG00000100739;ENSG00000128617;ENSG00000163932;ENSG00000091844;ENSG00000127920;ENSG00000255837;ENSG00000104695;ENSG00000168398;ENSG00000204174;ENSG00000213694;ENSG00000184574;ENSG00000134183;ENSG00000128285;ENSG00000164742;ENSG00000184451;ENSG00000162188;ENSG00000138835;ENSG00000004660;ENSG00000173020;ENSG00000065135;ENSG00000113575;ENSG00000184160;ENSG00000179546;ENSG00000142875;ENSG00000114349;ENSG00000164885;ENSG00000174233;ENSG00000204681;ENSG00000143333;ENSG00000113300;ENSG00000163734;ENSG00000069966;ENSG00000135046;ENSG00000198668;ENSG00000110931;ENSG00000168710;ENSG00000116711;ENSG00000163735;ENSG00000107758;ENSG00000135824;ENSG00000013583;ENSG00000065989;ENSG00000152495;ENSG00000170775;ENSG00000198121;ENSG00000132911;ENSG00000148660;ENSG00000005249;ENSG00000176533
prerank,REACTOME_SPHINGOLIPID_METABOLISM,-0.1962503779646314,-0.7659601502405791,0.8823906767881963,0.9418110919614445,1.0,42/104,38.02%,ENSG00000174951;ENSG00000090661;ENSG00000143753;ENSG00000123353;ENSG00000184304;ENSG00000204386;ENSG00000166311;ENSG00000063176;ENSG00000006756;ENSG00000101846;ENSG00000103056;ENSG00000177628;ENSG00000100422;ENSG00000148154;ENSG00000143418;ENSG00000223802;ENSG00000180801;ENSG00000113273;ENSG00000118777;ENSG00000119537;ENSG00000128242;ENSG00000172057;ENSG00000115525;ENSG00000157350;ENSG00000198964;ENSG00000149328;ENSG00000156671;ENSG00000176170;ENSG00000144455;ENSG00000235863;ENSG00000101558;ENSG00000104763;ENSG00000141337;ENSG00000090054;ENSG00000163521;ENSG00000072210;ENSG00000129103;ENSG00000132746;ENSG00000067113;ENSG00000100596;ENSG00000135454;ENSG00000183876
prerank,REACTOME_EPIGENETIC_REGULATION_BY_WDR5_CONTAINING_HISTONE_MODIFYING_COMPLEXES,-0.19358450220450277,-0.7679246498409948,0.8893222304205756,0.9420481660383162,1.0,63/120,49.83%,ENSG00000062282;ENSG00000119927;ENSG00000108590;ENSG00000147872;ENSG00000246705;ENSG00000101849;ENSG00000079435;ENSG00000155868;ENSG00000166821;ENSG00000105968;ENSG00000177666;ENSG00000147050;ENSG00000160563;ENSG00000103510;ENSG00000164885;ENSG00000134324;ENSG00000184260;ENSG00000038219;ENSG00000112237;ENSG00000175445;ENSG00000145919;ENSG00000132475;ENSG00000188486;ENSG00000197903;ENSG00000158373;ENSG00000129292;ENSG00000196890;ENSG00000169692;ENSG00000136146;ENSG00000177565;ENSG00000055609;ENSG00000151332;ENSG00000140396;ENSG00000124641;ENSG00000245848;ENSG00000133895;ENSG00000151365;ENSG00000184678;ENSG00000164985;ENSG00000111727;ENSG00000163041;ENSG00000186350;ENSG00000111058;ENSG00000120071;ENSG00000175221;ENSG00000151726;ENSG00000196363;ENSG00000125686;ENSG00000025293;ENSG00000164758;ENSG00000196498;ENSG00000124635;ENSG00000146047;ENSG00000097007;ENSG00000180596;ENSG00000036549;ENSG00000096717;ENSG00000197375;ENSG00000139718;ENSG00000100393;ENSG00000112282;ENSG00000117222;ENSG00000141027
prerank,REACTOME_REGULATION_OF_LIPID_METABOLISM_BY_PPARALPHA,-0.19334850626264347,-0.7665444462321866,0.8875013228913112,0.9424463888378904,1.0,54/116,44.44%,ENSG00000082014;ENSG00000148677;ENSG00000108590;ENSG00000147872;ENSG00000149485;ENSG00000146426;ENSG00000101849;ENSG00000115641;ENSG00000025434;ENSG00000146072;ENSG00000079459;ENSG00000155868;ENSG00000166821;ENSG00000157184;ENSG00000196132;ENSG00000112972;ENSG00000139278;ENSG00000160563;ENSG00000110090;ENSG00000165029;ENSG00000172379;ENSG00000198431;ENSG00000112237;ENSG00000159479;ENSG00000204231;ENSG00000152944;ENSG00000130304;ENSG00000155111;ENSG00000136146;ENSG00000106546;ENSG00000101255;ENSG00000177565;ENSG00000140396;ENSG00000124641;ENSG00000104973;ENSG00000143437;ENSG00000161920;ENSG00000126368;ENSG00000113161;ENSG00000173153;ENSG00000069667;ENSG00000186350;ENSG00000066136;ENSG00000175221;ENSG00000151726;ENSG00000125686;ENSG00000156603;ENSG00000001167;ENSG00000130772;ENSG00000143344;ENSG00000164758;ENSG00000167910;ENSG00000196498;ENSG00000161533
prerank,REACTOME_SYNTHESIS_OF_VERY_LONG_CHAIN_FATTY_ACYL_COAS,-0.24488047884382663,-0.7451273182185528,0.8339057899901865,0.943924977554828,1.0,11/24,40.49%,ENSG00000197142;ENSG00000066322;ENSG00000074696;ENSG00000165996;ENSG00000123983;ENSG00000170522;ENSG00000103740;ENSG00000188921;ENSG00000130948;ENSG00000118402;ENSG00000151726
prerank,REACTOME_PYROPTOSIS,-0.23962084197780886,-0.7453190896382881,0.8338805788641614,0.9450797658351936,1.0,16/27,56.17%,ENSG00000087088;ENSG00000164305;ENSG00000030110;ENSG00000073282;ENSG00000147457;ENSG00000189403;ENSG00000196954;ENSG00000176108;ENSG00000115008;ENSG00000197561;ENSG00000254505;ENSG00000141510;ENSG00000105928;ENSG00000164695;ENSG00000101421;ENSG00000172115
prerank,REACTOME_PI_3K_CASCADE_FGFR2,-0.2606034085372447,-0.7459539318456487,0.8173527549081697,0.9457256374509355,1.0,3/19,7.36%,ENSG00000129682;ENSG00000066468;ENSG00000156427
prerank,REACTOME_ANDROGEN_BIOSYNTHESIS,-0.30966928337001765,-0.7503885964414594,0.8119143239625167,0.9459721670946614,1.0,2/10,14.79%,ENSG00000145545;ENSG00000104826
prerank,REACTOME_INTRA_GOLGI_TRAFFIC,-0.21748057492418316,-0.7514128191879872,0.8472998137802608,0.9461191911037202,1.0,21/44,39.64%,ENSG00000179331;ENSG00000008256;ENSG00000177951;ENSG00000106636;ENSG00000213380;ENSG00000172780;ENSG00000136631;ENSG00000172007;ENSG00000162236;ENSG00000137502;ENSG00000166685;ENSG00000136152;ENSG00000100228;ENSG00000099940;ENSG00000151532;ENSG00000198162;ENSG00000257923;ENSG00000187627;ENSG00000108669;ENSG00000124222;ENSG00000108433
prerank,REACTOME_M_DECAY_DEGRADATION_OF_MATERNAL_MRNAS_BY_MATERNALLY_STORED_FACTORS,-0.23553724107052276,-0.7525163543198338,0.8276725062567036,0.9461710330923778,1.0,22/30,53.40%,ENSG00000140988;ENSG00000120727;ENSG00000113300;ENSG00000161960;ENSG00000138767;ENSG00000151247;ENSG00000149115;ENSG00000154582;ENSG00000070756;ENSG00000156976;ENSG00000158435;ENSG00000172239;ENSG00000100697;ENSG00000125107;ENSG00000063046;ENSG00000198791;ENSG00000123908;ENSG00000144580;ENSG00000111596;ENSG00000152518;ENSG00000141543;ENSG00000182973
prerank,REACTOME_INDUCTION_OF_CELL_CELL_FUSION,-0.2877864076083053,-0.7489222315162449,0.8155188126546022,0.9463646510128912,1.0,2/13,4.13%,ENSG00000140564;ENSG00000074855
prerank,REACTOME_PYRIMIDINE_SALVAGE,-0.30016966421685504,-0.7475082000872024,0.8150457741807086,0.9466556888417107,1.0,9/11,51.70%,ENSG00000156136;ENSG00000166548;ENSG00000025708;ENSG00000130717;ENSG00000130021;ENSG00000007001;ENSG00000198276;ENSG00000143179;ENSG00000183696
prerank,REACTOME_SYNTHESIS_OF_BILE_ACIDS_AND_BILE_SALTS_VIA_7ALPHA_HYDROXYCHOLESTEROL,-0.24770888718019982,-0.7462018006203802,0.8342561830933924,0.9468235543617691,1.0,15/23,61.81%,ENSG00000101473;ENSG00000099377;ENSG00000122787;ENSG00000140396;ENSG00000083807;ENSG00000186350;ENSG00000167910;ENSG00000196139;ENSG00000151632;ENSG00000168306;ENSG00000172817;ENSG00000073734;ENSG00000175215;ENSG00000180432;ENSG00000198610
prerank,REACTOME_NON_CANONICAL_INFLAMMASOME_ACTIVATION,-0.2783900335305217,-0.7392722807034512,0.8260981912144703,0.9493716530552745,1.0,6/14,33.54%,ENSG00000164305;ENSG00000198668;ENSG00000021355;ENSG00000143933;ENSG00000196954;ENSG00000117228
prerank,REACTOME_SLC_TRANSPORTER_DISORDERS,-0.19038470969508697,-0.7372712135677348,0.9072298243723736,0.9502756648891562,1.0,35/95,34.80%,ENSG00000102100;ENSG00000112077;ENSG00000004939;ENSG00000168067;ENSG00000157020;ENSG00000197496;ENSG00000075188;ENSG00000080493;ENSG00000119899;ENSG00000012983;ENSG00000110911;ENSG00000047410;ENSG00000058804;ENSG00000155380;ENSG00000117620;ENSG00000163002;ENSG00000120253;ENSG00000147804;ENSG00000168575;ENSG00000168003;ENSG00000186335;ENSG00000153201;ENSG00000179520;ENSG00000091138;ENSG00000155850;ENSG00000126895;ENSG00000138750;ENSG00000198246;ENSG00000181804;ENSG00000139496;ENSG00000169359;ENSG00000089472;ENSG00000069248;ENSG00000198689;ENSG00000110713
prerank,REACTOME_RNA_POLYMERASE_I_TRANSCRIPTION_TERMINATION,-0.2278480737622461,-0.7319313593878819,0.8546176046176046,0.9521079457666056,1.0,13/31,32.75%,ENSG00000147669;ENSG00000177469;ENSG00000111358;ENSG00000100142;ENSG00000134058;ENSG00000066379;ENSG00000020426;ENSG00000117877;ENSG00000163882;ENSG00000125482;ENSG00000104884;ENSG00000145736;ENSG00000110768
prerank,REACTOME_MAPK3_ERK1_ACTIVATION,-0.30426002955442444,-0.7343445353749612,0.8312644932478516,0.9521808763083234,1.0,5/10,27.55%,ENSG00000170312;ENSG00000102882;ENSG00000134352;ENSG00000096968;ENSG00000179295
prerank,REACTOME_NOTCH4_ACTIVATION_AND_TRANSMISSION_OF_SIGNAL_TO_THE_NUCLEUS,-0.2938844846985983,-0.7328075128129662,0.8356925519248578,0.9525256347983697,1.0,5/11,27.92%,ENSG00000205155;ENSG00000138613;ENSG00000162736;ENSG00000143801;ENSG00000164924
prerank,REACTOME_SLC_MEDIATED_TRANSPORT_OF_NEUROTRANSMITTERS,-0.2554966055449489,-0.7285292609044666,0.8452830188679246,0.9544856103385241,1.0,5/19,26.14%,ENSG00000072041;ENSG00000104888;ENSG00000091664;ENSG00000196517;ENSG00000179520
prerank,REACTOME_TRANSCRIPTIONAL_REGULATION_OF_TESTIS_DIFFERENTIATION,-0.28358021106490516,-0.7272261652038374,0.8450777879461367,0.9545221719504121,1.0,7/12,47.91%,ENSG00000136574;ENSG00000107317;ENSG00000104899;ENSG00000169946;ENSG00000136931;ENSG00000183770;ENSG00000125398
prerank,REACTOME_TRANSCRIPTIONAL_REGULATION_OF_GRANULOPOIESIS,-0.21041086651198654,-0.7240756624079723,0.8862275449101796,0.9565110564295463,1.0,22/47,39.83%,ENSG00000123374;ENSG00000159216;ENSG00000246705;ENSG00000198176;ENSG00000101412;ENSG00000105968;ENSG00000118513;ENSG00000184260;ENSG00000132475;ENSG00000131759;ENSG00000188486;ENSG00000197903;ENSG00000158373;ENSG00000196890;ENSG00000245848;ENSG00000184678;ENSG00000124795;ENSG00000136997;ENSG00000163041;ENSG00000118260;ENSG00000186350;ENSG00000172216
prerank,REACTOME_RUNX3_REGULATES_P14_ARF,-0.29886441691266646,-0.721953200907827,0.8439498933901919,0.9573886977886212,1.0,4/10,24.97%,ENSG00000159216;ENSG00000068024;ENSG00000110092;ENSG00000133703
prerank,REACTOME_MITOCHONDRIAL_UNFOLDED_PROTEIN_RESPONSE_UPRMT,-0.25713501146533224,-0.7193415666742139,0.8416381387092684,0.958755745215796,1.0,15/17,54.66%,ENSG00000142082;ENSG00000115317;ENSG00000204389;ENSG00000142208;ENSG00000169136;ENSG00000115541;ENSG00000144381;ENSG00000086061;ENSG00000185122;ENSG00000121691;ENSG00000204388;ENSG00000118689;ENSG00000113013;ENSG00000091831;ENSG00000164816
prerank,REACTOME_XENOBIOTICS,-0.2391314625876672,-0.7127612981054672,0.8629121896998888,0.9599825513886857,1.0,12/22,54.80%,ENSG00000172379;ENSG00000106258;ENSG00000106546;ENSG00000197446;ENSG00000167600;ENSG00000143437;ENSG00000160870;ENSG00000100197;ENSG00000197408;ENSG00000073067;ENSG00000138115;ENSG00000165841
prerank,REACTOME_TNFS_BIND_THEIR_PHYSIOLOGICAL_RECEPTORS,-0.22730891920572865,-0.7150146498354504,0.8696599298075759,0.9604498089768074,1.0,8/28,30.69%,ENSG00000067182;ENSG00000243509;ENSG00000117560;ENSG00000117586;ENSG00000158813;ENSG00000125726;ENSG00000215788;ENSG00000131080
prerank,REACTOME_PHYSIOLOGICAL_FACTORS,-0.2682458898353983,-0.7128272104954626,0.854318418314256,0.9612922651734646,1.0,6/14,33.16%,ENSG00000018408;ENSG00000196549;ENSG00000136574;ENSG00000114388;ENSG00000175206;ENSG00000064393
prerank,REACTOME_EFFECTS_OF_PIP2_HYDROLYSIS,-0.23253682087818855,-0.7152517954412777,0.8683062757450933,0.9615879507322743,1.0,17/26,53.93%,ENSG00000163932;ENSG00000102780;ENSG00000164535;ENSG00000163686;ENSG00000153933;ENSG00000145214;ENSG00000150995;ENSG00000065357;ENSG00000096433;ENSG00000027075;ENSG00000137672;ENSG00000123104;ENSG00000077044;ENSG00000172575;ENSG00000136267;ENSG00000142185;ENSG00000100997
prerank,REACTOME_PI3K_EVENTS_IN_ERBB4_SIGNALING,0.22408427100790043,0.6478921164044263,0.9384676458912267,0.961755908657515,1.0,10/10,77.60%,ENSG00000158458;ENSG00000124882;ENSG00000169752;ENSG00000178568;ENSG00000145675;ENSG00000157168;ENSG00000174808;ENSG00000185737;ENSG00000121879;ENSG00000113070
prerank,REACTOME_NONHOMOLOGOUS_END_JOINING_NHEJ,-0.2048000718074339,-0.7073411549752628,0.8979827089337176,0.9639773247432096,1.0,24/45,45.83%,ENSG00000035499;ENSG00000163322;ENSG00000166169;ENSG00000012048;ENSG00000152422;ENSG00000067369;ENSG00000169139;ENSG00000111802;ENSG00000188486;ENSG00000197903;ENSG00000158373;ENSG00000196890;ENSG00000104320;ENSG00000137337;ENSG00000184678;ENSG00000105393;ENSG00000113522;ENSG00000080345;ENSG00000174405;ENSG00000138376;ENSG00000152457;ENSG00000124635;ENSG00000146047;ENSG00000180596
prerank,REACTOME_CGMP_EFFECTS,-0.2617028215999694,-0.7055084858183658,0.8630875931158489,0.9643890801630577,1.0,5/15,32.57%,ENSG00000160191;ENSG00000138735;ENSG00000150995;ENSG00000072952;ENSG00000135643
prerank,REACTOME_INTERLEUKIN_10_SIGNALING,0.14932517403249618,0.6356474367432025,0.9790257104194858,0.9671993526036935,1.0,7/39,11.26%,ENSG00000102265;ENSG00000136634;ENSG00000162434;ENSG00000172724;ENSG00000114013;ENSG00000121807;ENSG00000028137
prerank,REACTOME_CASPASE_ACTIVATION_VIA_DEATH_RECEPTORS_IN_THE_PRESENCE_OF_LIGAND,-0.25528319659870874,-0.700999356686582,0.8686075949367089,0.9672962253970627,1.0,6/16,38.45%,ENSG00000117560;ENSG00000136869;ENSG00000168040;ENSG00000120889;ENSG00000127666;ENSG00000169710
prerank,REACTOME_TAK1_DEPENDENT_IKK_AND_NF_KAPPA_B_ACTIVATION,-0.20169515557191667,-0.6904969188601187,0.913952413952414,0.971421279707361,1.0,9/43,17.38%,ENSG00000160703;ENSG00000163221;ENSG00000221983;ENSG00000168256;ENSG00000170315;ENSG00000204305;ENSG00000143947;ENSG00000102921;ENSG00000166130
prerank,REACTOME_BILE_ACID_AND_BILE_SALT_METABOLISM,-0.2007232051868525,-0.6918415071940738,0.9113380526865499,0.9715831638287017,1.0,19/44,44.86%,ENSG00000141447;ENSG00000188878;ENSG00000006025;ENSG00000101473;ENSG00000117859;ENSG00000099377;ENSG00000172345;ENSG00000122787;ENSG00000100652;ENSG00000140396;ENSG00000170231;ENSG00000084453;ENSG00000083807;ENSG00000036530;ENSG00000125255;ENSG00000186350;ENSG00000163959;ENSG00000167910;ENSG00000196139
prerank,REACTOME_TICAM1_TRAF6_DEPENDENT_INDUCTION_OF_TAK1_COMPLEX,-0.2764158682207388,-0.6868393712423139,0.8774483853890948,0.9718917073576175,1.0,3/11,14.99%,ENSG00000221983;ENSG00000170315;ENSG00000143947
prerank,REACTOME_IRAK2_MEDIATED_ACTIVATION_OF_TAK1_COMPLEX,-0.2870019226842451,-0.6925245903267125,0.880644731583855,0.9723476160456163,1.0,3/10,14.99%,ENSG00000221983;ENSG00000170315;ENSG00000143947
prerank,REACTOME_CHEMOKINE_RECEPTORS_BIND_CHEMOKINES,-0.19436311568682976,-0.6869520207283778,0.9236842105263158,0.9731727294192992,1.0,9/51,22.68%,ENSG00000163737;ENSG00000163736;ENSG00000169248;ENSG00000144648;ENSG00000184451;ENSG00000108691;ENSG00000113300;ENSG00000163734;ENSG00000163735
prerank,REACTOME_OTHER_SEMAPHORIN_INTERACTIONS,-0.2411678518684673,-0.6930154260745892,0.881626999118499,0.973291309297576,1.0,3/19,13.49%,ENSG00000198753;ENSG00000150093;ENSG00000081237
prerank,REACTOME_REGULATION_OF_NPAS4_GENE_EXPRESSION,-0.2598778354245705,-0.6778907885437321,0.8878565820465847,0.978057594861281,1.0,7/13,50.10%,ENSG00000092847;ENSG00000155363;ENSG00000126070;ENSG00000100354;ENSG00000113580;ENSG00000174576;ENSG00000123908
prerank,REACTOME_GENERATION_OF_SECOND_MESSENGER_MOLECULES,0.14547487620327096,0.6082424550781009,0.9801536491677336,0.9782949251891682,1.0,9/35,15.75%,ENSG00000125753;ENSG00000211790;ENSG00000160654;ENSG00000211810;ENSG00000232629;ENSG00000179344;ENSG00000167286;ENSG00000113263;ENSG00000180370
prerank,REACTOME_ZBP1_DAI_MEDIATED_INDUCTION_OF_TYPE_I_IFNS,0.1681378074217252,0.6042985989113446,0.9788385826771654,0.9783526440934842,1.0,1/20,1.80%,ENSG00000135829
prerank,REACTOME_CYTOCHROME_P450_ARRANGED_BY_SUBSTRATE_TYPE,-0.18512222963890024,-0.6716377398557467,0.9488993710691824,0.9789369413703425,1.0,24/62,43.81%,ENSG00000267673;ENSG00000124212;ENSG00000145476;ENSG00000138061;ENSG00000111012;ENSG00000172379;ENSG00000155016;ENSG00000106258;ENSG00000095596;ENSG00000106546;ENSG00000197446;ENSG00000140396;ENSG00000167600;ENSG00000143437;ENSG00000162365;ENSG00000036530;ENSG00000161513;ENSG00000127948;ENSG00000186350;ENSG00000160870;ENSG00000100197;ENSG00000059377;ENSG00000167910;ENSG00000197408
prerank,REACTOME_RRNA_PROCESSING_IN_THE_MITOCHONDRION,-0.24062287585889203,-0.6724637580129779,0.8983267339379231,0.9796743062928205,1.0,9/17,44.87%,ENSG00000156990;ENSG00000182768;ENSG00000117481;ENSG00000072506;ENSG00000029639;ENSG00000156469;ENSG00000122085;ENSG00000100890;ENSG00000118246
prerank,REACTOME_DISEASES_ASSOCIATED_WITH_SURFACTANT_METABOLISM,0.20583894750357712,0.5930544805069905,0.962543893874366,0.9809295921424626,1.0,5/10,16.15%,ENSG00000229415;ENSG00000168484;ENSG00000100368;ENSG00000198223;ENSG00000168878
prerank,REACTOME_PHASE_I_FUNCTIONALIZATION_OF_COMPOUNDS,-0.17234007473765978,-0.6725780616240248,0.9655799037947621,0.9809698962112203,1.0,39/102,41.47%,ENSG00000131480;ENSG00000131069;ENSG00000196616;ENSG00000267673;ENSG00000143819;ENSG00000189221;ENSG00000175756;ENSG00000124212;ENSG00000145476;ENSG00000172831;ENSG00000138061;ENSG00000137274;ENSG00000111012;ENSG00000111275;ENSG00000172379;ENSG00000155016;ENSG00000106258;ENSG00000131471;ENSG00000148832;ENSG00000095596;ENSG00000106546;ENSG00000172828;ENSG00000197446;ENSG00000140396;ENSG00000159231;ENSG00000167600;ENSG00000143437;ENSG00000197894;ENSG00000162365;ENSG00000036530;ENSG00000161513;ENSG00000127948;ENSG00000108602;ENSG00000186350;ENSG00000117791;ENSG00000196344;ENSG00000160870;ENSG00000100197;ENSG00000059377
prerank,REACTOME_NOD1_2_SIGNALING_PATHWAY,-0.19939364898192882,-0.6544412703997724,0.9367416656850042,0.9820261135271782,1.0,27/35,57.57%,ENSG00000108984;ENSG00000221983;ENSG00000185386;ENSG00000170315;ENSG00000143947;ENSG00000132906;ENSG00000188130;ENSG00000244687;ENSG00000112062;ENSG00000196954;ENSG00000134070;ENSG00000110330;ENSG00000127837;ENSG00000213341;ENSG00000104312;ENSG00000187796;ENSG00000175104;ENSG00000055208;ENSG00000177889;ENSG00000106144;ENSG00000135341;ENSG00000106100;ENSG00000064012;ENSG00000104365;ENSG00000100324;ENSG00000156711;ENSG00000078747
prerank,REACTOME_INTERLEUKIN_37_SIGNALING,-0.20835666938062458,-0.6056738262060026,0.9506989515726411,0.9828479828461348,1.0,10/20,47.31%,ENSG00000137496;ENSG00000088179;ENSG00000163629;ENSG00000175354;ENSG00000179295;ENSG00000076201;ENSG00000169410;ENSG00000110786;ENSG00000072135;ENSG00000183735
prerank,REACTOME_UPTAKE_OF_DIETARY_COBALAMINS_INTO_ENTEROCYTES,-0.26997399620036383,-0.6545668620935776,0.9082986995575815,0.9833119675169005,1.0,5/10,49.81%,ENSG00000119688;ENSG00000168925;ENSG00000107611;ENSG00000134827;ENSG00000168216
prerank,REACTOME_ANTIMICROBIAL_PEPTIDES,-0.17778270028218335,-0.6421664891355879,0.9603210490617228,0.9833540502072243,1.0,5/59,7.47%,ENSG00000008438;ENSG00000126550;ENSG00000177556;ENSG00000120509;ENSG00000165240
prerank,REACTOME_INTERFERON_ALPHA_BETA_SIGNALING,-0.17803358828613197,-0.6503812531491543,0.9623655913978495,0.9834169319607913,1.0,17/64,30.54%,ENSG00000185201;ENSG00000221983;ENSG00000142089;ENSG00000170315;ENSG00000165949;ENSG00000164163;ENSG00000159110;ENSG00000135828;ENSG00000143947;ENSG00000204264;ENSG00000185745;ENSG00000068079;ENSG00000119922;ENSG00000204592;ENSG00000179295;ENSG00000184979;ENSG00000132530
prerank,REACTOME_PEPTIDE_HORMONE_BIOSYNTHESIS,-0.24443207893987073,-0.6070305436750157,0.9413245033112583,0.9835706903290319,1.0,3/11,22.56%,ENSG00000104826;ENSG00000139269;ENSG00000134200
prerank,REACTOME_GLUCURONIDATION,-0.22249302055723547,-0.6457810800228518,0.9153386454183267,0.9837515039007778,1.0,4/20,21.65%,ENSG00000130958;ENSG00000116704;ENSG00000109814;ENSG00000168671
prerank,REACTOME_PKMTS_METHYLATE_HISTONE_LYSINES,-0.18964422334303813,-0.6556496221055246,0.9429460580912863,0.9839329348761784,1.0,28/45,55.51%,ENSG00000145391;ENSG00000133247;ENSG00000143499;ENSG00000136169;ENSG00000178691;ENSG00000181555;ENSG00000183576;ENSG00000165671;ENSG00000055609;ENSG00000171681;ENSG00000104885;ENSG00000152455;ENSG00000102054;ENSG00000147548;ENSG00000162521;ENSG00000185420;ENSG00000143379;ENSG00000196363;ENSG00000183955;ENSG00000139718;ENSG00000117222;ENSG00000106462;ENSG00000110066;ENSG00000164256;ENSG00000118058;ENSG00000077150;ENSG00000181090;ENSG00000129691
prerank,REACTOME_SYNTHESIS_OF_BILE_ACIDS_AND_BILE_SALTS_VIA_27_HYDROXYCHOLESTEROL,-0.24742452259419034,-0.6572950891342512,0.9092802290771834,0.9841544877354264,1.0,7/14,46.94%,ENSG00000099377;ENSG00000122787;ENSG00000140396;ENSG00000186350;ENSG00000167910;ENSG00000196139;ENSG00000151632
prerank,REACTOME_COMMON_PATHWAY_OF_FIBRIN_CLOT_FORMATION,-0.22384696431046924,-0.6629936592635828,0.9102055982164974,0.9841640897031462,1.0,3/22,12.25%,ENSG00000163737;ENSG00000185010;ENSG00000171560
prerank,REACTOME_SIGNALING_BY_RETINOIC_ACID,-0.19142485156127872,-0.6429862786908344,0.9449261776423717,0.9841843076377061,1.0,26/39,54.08%,ENSG00000166426;ENSG00000150768;ENSG00000143320;ENSG00000005882;ENSG00000077092;ENSG00000172819;ENSG00000204231;ENSG00000131759;ENSG00000095596;ENSG00000140992;ENSG00000168291;ENSG00000072042;ENSG00000186350;ENSG00000157326;ENSG00000139547;ENSG00000091140;ENSG00000196139;ENSG00000165092;ENSG00000112033;ENSG00000110435;ENSG00000240857;ENSG00000135437;ENSG00000118514;ENSG00000184254;ENSG00000248144;ENSG00000004799
prerank,REACTOME_Z_DECAY_DEGRADATION_OF_MATERNAL_MRNAS_BY_ZYGOTICALLY_EXPRESSED_FACTORS,-0.23921056097587975,-0.6084262176557234,0.9442904290429043,0.9842561699671808,1.0,10/12,52.39%,ENSG00000100836;ENSG00000161960;ENSG00000151247;ENSG00000070756;ENSG00000156976;ENSG00000172239;ENSG00000083223;ENSG00000063046;ENSG00000134744;ENSG00000141543
prerank,REACTOME_ALPHA_PROTEIN_KINASE_1_SIGNALING_PATHWAY,-0.26113955193042704,-0.6469604150799978,0.9164363732070009,0.9843477192051482,1.0,3/11,14.99%,ENSG00000221983;ENSG00000170315;ENSG00000143947
prerank,REACTOME_DIFFERENTIATION_OF_KERATINOCYTES_IN_INTERFOLLICULAR_EPIDERMIS_IN_MAMMALIAN_SKIN,-0.1896068662983109,-0.6373188688861074,0.9537504401925109,0.9849862168858937,1.0,8/39,23.29%,ENSG00000173546;ENSG00000150093;ENSG00000186395;ENSG00000198719;ENSG00000137693;ENSG00000118777;ENSG00000205076;ENSG00000144749
prerank,REACTOME_REGULATION_BY_C_FLIP,-0.24564490825536478,-0.6086996222158867,0.9444006309148265,0.9854611707494054,1.0,4/11,38.45%,ENSG00000117560;ENSG00000168040;ENSG00000120889;ENSG00000169710
prerank,REACTOME_RMTS_METHYLATE_HISTONE_ARGININES,-0.19393059293335282,-0.657320408668282,0.934952703491767,0.9855184551248599,1.0,22/41,46.08%,ENSG00000082014;ENSG00000246705;ENSG00000105968;ENSG00000140988;ENSG00000185238;ENSG00000184260;ENSG00000110092;ENSG00000136518;ENSG00000188486;ENSG00000080503;ENSG00000096968;ENSG00000163939;ENSG00000181218;ENSG00000102054;ENSG00000073584;ENSG00000139613;ENSG00000100462;ENSG00000196363;ENSG00000196787;ENSG00000116455;ENSG00000198890;ENSG00000108604
prerank,REACTOME_FOXO_MEDIATED_TRANSCRIPTION_OF_CELL_CYCLE_GENES,-0.22303753072459642,-0.6240443516582775,0.9362676504261545,0.9858146748139871,1.0,13/17,50.76%,ENSG00000111276;ENSG00000090097;ENSG00000116717;ENSG00000150907;ENSG00000184481;ENSG00000136826;ENSG00000141646;ENSG00000103479;ENSG00000175387;ENSG00000133639;ENSG00000176165;ENSG00000118689;ENSG00000205643
prerank,REACTOME_PASSIVE_TRANSPORT_BY_AQUAPORINS,-0.25368114395648483,-0.6588061191033895,0.9064918032786885,0.9858561465969766,1.0,1/13,0.36%,ENSG00000165269
prerank,REACTOME_PI_3K_CASCADE_FGFR4,-0.22617114448981504,-0.6106651320942283,0.9423301727497078,0.9858694681110923,1.0,3/15,14.55%,ENSG00000129682;ENSG00000156427;ENSG00000160867
prerank,REACTOME_REGULATION_OF_IFNA_IFNB_SIGNALING,-0.23499915125617615,-0.6127225829891702,0.9454403741231489,0.986232073675668,1.0,6/13,51.08%,ENSG00000159110;ENSG00000179295;ENSG00000184979;ENSG00000142166;ENSG00000115415;ENSG00000170581
prerank,REACTOME_CLASS_A_1_RHODOPSIN_LIKE_RECEPTORS,-0.14720990222669394,-0.6280599615857133,0.9982814395471088,0.9863118681238873,1.0,30/274,12.86%,ENSG00000197696;ENSG00000161610;ENSG00000064547;ENSG00000267534;ENSG00000170214;ENSG00000129951;ENSG00000213906;ENSG00000163737;ENSG00000163736;ENSG00000101850;ENSG00000169508;ENSG00000169248;ENSG00000149295;ENSG00000197993;ENSG00000139574;ENSG00000047597;ENSG00000100739;ENSG00000078589;ENSG00000128617;ENSG00000105520;ENSG00000168398;ENSG00000204174;ENSG00000213694;ENSG00000144648;ENSG00000184574;ENSG00000128285;ENSG00000110148;ENSG00000184451;ENSG00000108691;ENSG00000179921
prerank,REACTOME_DISEASES_OF_IMMUNE_SYSTEM,-0.1936815894802294,-0.6205423305510652,0.9478724693902291,0.986323809382173,1.0,16/31,55.55%,ENSG00000110057;ENSG00000171560;ENSG00000160678;ENSG00000136869;ENSG00000198001;ENSG00000174130;ENSG00000189403;ENSG00000127666;ENSG00000010671;ENSG00000213341;ENSG00000172936;ENSG00000100906;ENSG00000174125;ENSG00000077150;ENSG00000150455;ENSG00000104365
prerank,REACTOME_PI_3K_CASCADE_FGFR3,-0.23208661072353315,-0.625094522970139,0.9337774294670846,0.9866019232933435,1.0,3/15,14.21%,ENSG00000129682;ENSG00000156427;ENSG00000068078
prerank,REACTOME_RUNX1_REGULATES_GENES_INVOLVED_IN_MEGAKARYOCYTE_DIFFERENTIATION_AND_PLATELET_FUNCTION,-0.17394982191871547,-0.6143129335979194,0.9717077604817634,0.986804957552803,1.0,16/52,29.28%,ENSG00000185245;ENSG00000159216;ENSG00000246705;ENSG00000163737;ENSG00000005961;ENSG00000105968;ENSG00000123405;ENSG00000184260;ENSG00000132475;ENSG00000188486;ENSG00000092847;ENSG00000197903;ENSG00000158373;ENSG00000155363;ENSG00000196890;ENSG00000055609
prerank,REACTOME_REGULATION_OF_TLR_BY_ENDOGENOUS_LIGAND,-0.21179097814699316,-0.6293203371109564,0.9360667996011964,0.9869670441647429,1.0,7/22,36.95%,ENSG00000171560;ENSG00000160678;ENSG00000136869;ENSG00000174130;ENSG00000189403;ENSG00000129988;ENSG00000133661
prerank,REACTOME_HEME_DEGRADATION,-0.22794827374272128,-0.616016599874666,0.9432751540041068,0.9873014088724612,1.0,6/15,32.33%,ENSG00000188878;ENSG00000100292;ENSG00000106605;ENSG00000118777;ENSG00000090013;ENSG00000103415
prerank,REACTOME_RECYCLING_OF_BILE_ACIDS_AND_SALTS,-0.22231276107397901,-0.6307870803268624,0.9331052831622957,0.9874861200162391,1.0,10/18,42.55%,ENSG00000188878;ENSG00000172345;ENSG00000100652;ENSG00000140396;ENSG00000170231;ENSG00000084453;ENSG00000083807;ENSG00000125255;ENSG00000186350;ENSG00000163959
prerank,REACTOME_CLASS_C_3_METABOTROPIC_GLUTAMATE_PHEROMONE_RECEPTORS,-0.20921001716999005,-0.5849606812103207,0.9595560091860168,0.990032250641048,1.0,8/17,44.51%,ENSG00000255837;ENSG00000204681;ENSG00000173662;ENSG00000164082;ENSG00000127364;ENSG00000169962;ENSG00000212124;ENSG00000124493
prerank,REACTOME_SLC_MEDIATED_TRANSPORT_OF_ORGANIC_CATIONS,-0.2194665606255113,-0.5733606673353664,0.9651147540983607,0.9900563983150402,1.0,1/13,3.24%,ENSG00000159216
prerank,REACTOME_SYNTHESIS_OF_BILE_ACIDS_AND_BILE_SALTS_VIA_24_HYDROXYCHOLESTEROL,-0.22071698045701238,-0.5758203271520028,0.9640297145836049,0.9905770399102294,1.0,6/13,46.94%,ENSG00000099377;ENSG00000122787;ENSG00000083807;ENSG00000036530;ENSG00000196139;ENSG00000151632
prerank,REACTOME_EXPRESSION_OF_BMAL_ARNTL_CLOCK_AND_NPAS2,-0.17730958330806135,-0.5788804576580079,0.9756241864868063,0.9908643676548395,1.0,3/34,6.66%,ENSG00000081189;ENSG00000082014;ENSG00000101849
prerank,REACTOME_RNA_POLYMERASE_III_TRANSCRIPTION_INITIATION_FROM_TYPE_3_PROMOTER,-0.17811229659802336,-0.5572033271325753,0.9781480140045877,0.9935318848192692,1.0,14/28,43.90%,ENSG00000147669;ENSG00000174446;ENSG00000121851;ENSG00000104976;ENSG00000100142;ENSG00000163882;ENSG00000113356;ENSG00000161980;ENSG00000058600;ENSG00000164975;ENSG00000166478;ENSG00000023608;ENSG00000186141;ENSG00000072135
prerank,REACTOME_THE_CRY_PER_KINASE_COMPLEX_REPRESSES_TRANSACTIVATION_BY_THE_BMAL_CLOCK_ARNTL_CLOCK_COMPLEX,-0.20674478524278475,-0.5494099674529583,0.9716834755624515,0.9941927103639424,1.0,5/14,39.55%,ENSG00000049246;ENSG00000161395;ENSG00000126368;ENSG00000069667;ENSG00000213923
prerank,REACTOME_RORA_B_C_AND_NR1D1_REV_ERBA_REGULATE_GENE_EXPRESSION,-0.17843859956474453,-0.5435489528427531,0.982330002437241,0.9942595041324711,1.0,17/25,57.68%,ENSG00000082014;ENSG00000101849;ENSG00000110090;ENSG00000180530;ENSG00000177565;ENSG00000140396;ENSG00000126368;ENSG00000069667;ENSG00000186350;ENSG00000125686;ENSG00000137574;ENSG00000100393;ENSG00000141027;ENSG00000198646;ENSG00000142453;ENSG00000072310;ENSG00000130589
prerank,REACTOME_TRANSCRIPTIONAL_REGULATION_OF_WHITE_ADIPOCYTE_DIFFERENTIATION,-0.138334194461855,-0.5258812311680182,0.9980500487487812,0.9951999671664762,1.0,33/84,44.13%,ENSG00000082014;ENSG00000108590;ENSG00000101849;ENSG00000155868;ENSG00000122877;ENSG00000181856;ENSG00000160563;ENSG00000181444;ENSG00000112237;ENSG00000159479;ENSG00000152944;ENSG00000175445;ENSG00000155111;ENSG00000136146;ENSG00000177565;ENSG00000221869;ENSG00000140396;ENSG00000124641;ENSG00000136826;ENSG00000245848;ENSG00000104973;ENSG00000161920;ENSG00000186350;ENSG00000075292;ENSG00000172216;ENSG00000175221;ENSG00000232810;ENSG00000125686;ENSG00000156603;ENSG00000130772;ENSG00000164758;ENSG00000112576;ENSG00000196498
prerank,REACTOME_EICOSANOID_LIGAND_BINDING_RECEPTORS,-0.1960255075769037,-0.5325064371473036,0.9791560102301791,0.9952941423676669,1.0,1/15,3.47%,ENSG00000213906
prerank,REACTOME_HORMONE_LIGAND_BINDING_RECEPTORS,-0.20121267576878693,-0.4979798154187491,0.9855826992390869,0.9953460399162252,1.0,3/11,27.07%,ENSG00000104826;ENSG00000134200;ENSG00000147437
prerank,REACTOME_VXPX_CARGO_TARGETING_TO_CILIUM,-0.17429573629070355,-0.5005698833341087,0.9899218946837994,0.996372134311551,1.0,5/19,32.02%,ENSG00000132259;ENSG00000168374;ENSG00000107862;ENSG00000138190;ENSG00000127328
prerank,REACTOME_DIFFERENTIATION_OF_NAIVE_CD_T_CELLS_TO_T_HELPER_1_CELLS_TH1_CELLS,-0.20879627629457298,-0.5061088286313606,0.9865446716899893,0.996982425147925,1.0,1/10,3.24%,ENSG00000159216
prerank,REACTOME_NUCLEOTIDE_LIKE_PURINERGIC_RECEPTORS,-0.16203892219999272,-0.43025841775645957,0.9970180215221055,0.9987602395671544,1.0,1/14,7.51%,ENSG00000078589
prerank,REACTOME_EICOSANOIDS,0.13737383011512266,0.4249126726676975,1.0,0.9996246281222754,1.0,4/12,16.97%,ENSG00000142973;ENSG00000187048;ENSG00000186529;ENSG00000186204
