ENSG00000105953	1.0
ENSG00000068305	1.0
ENSG00000055070	1.0
ENSG00000107159	1.0
ENSG00000107819	1.0
ENSG00000229697	1.0
ENSG00000042493	1.0
ENSG00000108424	1.0
ENSG00000108515	1.0
ENSG00000229183	1.0
ENSG00000108592	1.0
ENSG00000059804	1.0
ENSG00000108846	1.0
ENSG00000108861	1.0
ENSG00000108883	1.0
ENSG00000108946	1.0
ENSG00000109107	1.0
ENSG00000125166	1.0
ENSG00000215498	1.0
ENSG00000214753	1.0
ENSG00000117394	1.0
ENSG00000054611	1.0
ENSG00000106683	1.0
ENSG00000106682	1.0
ENSG00000111642	1.0
ENSG00000003056	1.0
ENSG00000110514	1.0
ENSG00000065427	1.0
ENSG00000110880	1.0
ENSG00000065923	1.0
ENSG00000111144	1.0
ENSG00000041357	1.0
ENSG00000111605	1.0
ENSG00000111674	1.0
ENSG00000106263	1.0
ENSG00000105355	1.0
ENSG00000111786	1.0
ENSG00000067057	1.0
ENSG00000109606	1.0
ENSG00000112715	1.0
ENSG00000109519	1.0
ENSG00000061656	1.0
ENSG00000106089	1.0
ENSG00000068120	1.0
ENSG00000118785	1.0
ENSG00000110031	1.0
ENSG00000104812	1.0
ENSG00000067836	1.0
ENSG00000214517	1.0
ENSG00000115159	1.0
ENSG00000115233	1.0
ENSG00000067992	1.0
ENSG00000100764	1.0
ENSG00000115310	1.0
ENSG00000115419	1.0
ENSG00000214193	1.0
ENSG00000115657	1.0
ENSG00000214081	1.0
ENSG00000115762	1.0
ENSG00000115866	1.0
ENSG00000104951	1.0
ENSG00000214078	1.0
ENSG00000116688	1.0
ENSG00000137845	1.0
ENSG00000102007	1.0
ENSG00000168894	1.0
ENSG00000067829	1.0
ENSG00000114573	1.0
ENSG00000067704	1.0
ENSG00000069329	1.0
ENSG00000213672	1.0
ENSG00000119321	1.0
ENSG00000104783	1.0
ENSG00000213639	1.0
ENSG00000119392	1.0
ENSG00000104687	1.0
ENSG00000213585	1.0
ENSG00000213024	1.0
ENSG00000237686	1.0
ENSG00000114480	1.0
ENSG00000104419	1.0
ENSG00000069956	1.0
ENSG00000205129	1.0
ENSG00000137817	1.0
ENSG00000116871	1.0
ENSG00000114268	1.0
ENSG00000116863	1.0
ENSG00000116478	1.0
ENSG00000225697	1.0
ENSG00000002834	1.0
ENSG00000099991	1.0
ENSG00000135829	1.0
ENSG00000204463	1.0
ENSG00000204371	1.0
ENSG00000103932	1.0
ENSG00000072110	1.0
ENSG00000071127	1.0
ENSG00000103591	1.0
ENSG00000127824	1.0
ENSG00000203879	1.0
ENSG00000131238	1.0
ENSG00000128245	1.0
ENSG00000128578	1.0
ENSG00000126214	1.0
ENSG00000129245	1.0
ENSG00000103966	1.0
ENSG00000103507	1.0
ENSG00000035403	1.0
ENSG00000104142	1.0
ENSG00000196365	1.0
ENSG00000135723	1.0
ENSG00000126777	1.0
ENSG00000204843	1.0
ENSG00000103855	1.0
ENSG00000259261	1.0
ENSG00000130640	1.0
ENSG00000125755	1.0
ENSG00000198363	1.0
ENSG00000073969	1.0
ENSG00000125753	1.0
ENSG00000272870	1.0
ENSG00000125744	1.0
ENSG00000130706	1.0
ENSG00000125629	1.0
ENSG00000129521	1.0
ENSG00000130821	1.0
ENSG00000240240	1.0
ENSG00000197747	1.0
ENSG00000131236	1.0
ENSG00000197694	1.0
ENSG00000198898	1.0
ENSG00000198911	1.0
ENSG00000198925	1.0
ENSG00000135766	1.0
ENSG00000075415	1.0
ENSG00000064726	1.0
ENSG00000136143	1.0
ENSG00000074603	1.0
ENSG00000132463	1.0
ENSG00000132612	1.0
ENSG00000272872	1.0
ENSG00000102908	1.0
ENSG00000197226	1.0
ENSG00000132792	1.0
ENSG00000134107	1.0
ENSG00000006744	1.0
ENSG00000197102	1.0
ENSG00000134308	1.0
ENSG00000196968	1.0
ENSG00000134440	1.0
ENSG00000131389	1.0
ENSG00000125505	1.0
ENSG00000124422	1.0
ENSG00000104341	1.0
ENSG00000109736	1.0
ENSG00000062485	1.0
ENSG00000258947	1.0
ENSG00000103035	1.0
ENSG00000131828	1.0
ENSG00000137076	1.0
ENSG00000102265	1.0
ENSG00000136238	1.0
ENSG00000196923	1.0
ENSG00000136279	1.0
ENSG00000136485	1.0
ENSG00000136682	1.0
ENSG00000136810	1.0
ENSG00000075618	1.0
ENSG00000137312	1.0
ENSG00000103051	1.0
ENSG00000137404	1.0
ENSG00000137776	1.0
ENSG00000136450	1.0
ENSG00000241244	1.0
ENSG00000135245	1.0
ENSG00000134590	1.0
ENSG00000131504	1.0
ENSG00000131653	1.0
ENSG00000162433	1.0
ENSG00000105063	1.0
ENSG00000162613	1.0
ENSG00000009335	1.0
ENSG00000196154	1.0
ENSG00000189091	1.0
ENSG00000138798	1.0
ENSG00000188976	1.0
ENSG00000033050	1.0
ENSG00000188677	1.0
ENSG00000139289	1.0
ENSG00000077549	1.0
ENSG00000187109	1.0
ENSG00000139697	1.0
ENSG00000186918	1.0
ENSG00000256940	1.0
ENSG00000140350	1.0
ENSG00000140374	1.0
ENSG00000078369	1.0
ENSG00000140464	1.0
ENSG00000140478	1.0
ENSG00000186352	1.0
ENSG00000140553	1.0
ENSG00000138107	1.0
ENSG00000140521	1.0
ENSG00000140575	1.0
ENSG00000142657	1.0
ENSG00000141456	1.0
ENSG00000242372	1.0
ENSG00000141526	1.0
ENSG00000141562	1.0
ENSG00000185359	1.0
ENSG00000101367	1.0
ENSG00000101365	1.0
ENSG00000142634	1.0
ENSG00000142669	1.0
ENSG00000143847	1.0
ENSG00000143252	1.0
ENSG00000143369	1.0
ENSG00000185182	1.0
ENSG00000162734	1.0
ENSG00000079785	1.0
ENSG00000143570	1.0
ENSG00000079805	1.0
ENSG00000140939	1.0
ENSG00000158019	1.0
ENSG00000144028	1.0
ENSG00000141279	1.0
ENSG00000244509	1.0
ENSG00000144320	1.0
ENSG00000028528	1.0
ENSG00000145040	1.0
ENSG00000184056	1.0
ENSG00000270505	1.0
ENSG00000145730	1.0
ENSG00000145833	1.0
ENSG00000145860	1.0
ENSG00000183629	1.0
ENSG00000183258	1.0
ENSG00000146376	1.0
ENSG00000081760	1.0
ENSG00000182944	1.0
ENSG00000182718	1.0
ENSG00000147140	1.0
ENSG00000147416	1.0
ENSG00000181458	1.0
ENSG00000147650	1.0
ENSG00000149136	1.0
ENSG00000100804	1.0
ENSG00000149782	1.0
ENSG00000029153	1.0
ENSG00000155229	1.0
ENSG00000151694	1.0
ENSG00000026508	1.0
ENSG00000152332	1.0
ENSG00000152556	1.0
ENSG00000082898	1.0
ENSG00000153113	1.0
ENSG00000153187	1.0
ENSG00000153214	1.0
ENSG00000100401	1.0
ENSG00000100644	1.0
ENSG00000026025	1.0
ENSG00000156261	1.0
ENSG00000181019	1.0
ENSG00000011009	1.0
ENSG00000156642	1.0
ENSG00000180304	1.0
ENSG00000157193	1.0
ENSG00000157450	1.0
ENSG00000078618	1.0
ENSG00000101266	1.0
ENSG00000157483	1.0
ENSG00000166949	1.0
ENSG00000179335	1.0
ENSG00000159202	1.0
ENSG00000179218	1.0
ENSG00000178802	1.0
ENSG00000159352	1.0
ENSG00000158710	1.0
ENSG00000084754	1.0
ENSG00000159720	1.0
ENSG00000085117	1.0
ENSG00000247095	1.0
ENSG00000160211	1.0
ENSG00000247596	1.0
ENSG00000160410	1.0
ENSG00000160789	1.0
ENSG00000100092	1.0
ENSG00000161013	1.0
ENSG00000161642	1.0
ENSG00000158864	1.0
ENSG00000175826	1.0
ENSG00000159167	1.0
ENSG00000158941	1.0
ENSG00000084090	1.0
ENSG00000085733	1.0
ENSG00000162909	1.0
ENSG00000178209	1.0
ENSG00000248098	1.0
ENSG00000177963	1.0
ENSG00000177885	1.0
ENSG00000163516	1.0
ENSG00000099364	1.0
ENSG00000177731	1.0
ENSG00000163931	1.0
ENSG00000085377	1.0
ENSG00000177453	1.0
ENSG00000177150	1.0
ENSG00000164096	1.0
ENSG00000177119	1.0
ENSG00000176171	1.0
ENSG00000161958	1.0
ENSG00000175931	1.0
ENSG00000100029	1.0
ENSG00000164687	1.0
ENSG00000159399	1.0
ENSG00000166963	1.0
ENSG00000022277	1.0
ENSG00000165119	1.0
ENSG00000175203	1.0
ENSG00000165458	1.0
ENSG00000013563	1.0
ENSG00000165637	1.0
ENSG00000165672	1.0
ENSG00000087191	1.0
ENSG00000165704	1.0
ENSG00000165733	1.0
ENSG00000094914	1.0
ENSG00000166171	1.0
ENSG00000166333	1.0
ENSG00000166411	1.0
ENSG00000087263	1.0
ENSG00000092201	1.0
ENSG00000087274	1.0
ENSG00000174791	1.0
ENSG00000174231	1.0
ENSG00000138071	1.0
ENSG00000164889	1.0
ENSG00000166477	1.0
ENSG00000087470	1.0
ENSG00000170633	1.0
ENSG00000088826	1.0
ENSG00000015479	1.0
ENSG00000171720	1.0
ENSG00000089154	1.0
ENSG00000167721	1.0
ENSG00000167770	1.0
ENSG00000172939	1.0
ENSG00000170949	1.0
ENSG00000091542	1.0
ENSG00000250687	1.0
ENSG00000168209	1.0
ENSG00000170525	1.0
ENSG00000168214	1.0
ENSG00000170515	1.0
ENSG00000169375	1.0
ENSG00000169221	1.0
ENSG00000172534	1.0
ENSG00000164466	1.0
ENSG00000084733	0.9996156212394667
ENSG00000255302	0.9995722109439633
ENSG00000115091	0.9992136216193948
ENSG00000073578	0.9991008701588189
ENSG00000128989	0.9989455721186955
ENSG00000103653	0.9973932236769609
ENSG00000102225	0.99634278673396
ENSG00000250411	0.9942683275609323
ENSG00000171208	0.994120985083278
ENSG00000230572	0.9940772138771279
ENSG00000150991	0.992449342131847
ENSG00000221926	0.991482518339351
ENSG00000132589	0.9894142987519998
ENSG00000159840	0.9893647886091146
ENSG00000103222	0.9893091055070695
ENSG00000130638	0.9883921819648416
ENSG00000136830	0.9875693365138978
ENSG00000100345	0.9863200408272308
ENSG00000082153	0.9847417318199976
ENSG00000078668	0.9846765053242044
ENSG00000197535	0.9828197407427
ENSG00000101152	0.9826793334674317
ENSG00000163191	0.9825337118741351
ENSG00000044115	0.9810095230287021
ENSG00000131100	0.9807910686169041
ENSG00000100902	0.9780518313399653
ENSG00000156515	0.977821803171345
ENSG00000160202	0.9777631836120186
ENSG00000165678	0.9764265133658425
ENSG00000088832	0.975889133630738
ENSG00000130520	0.9744414143059403
ENSG00000169032	0.9738241499640921
ENSG00000205266	0.9736129355628882
ENSG00000013364	0.9723922730617254
ENSG00000176871	0.9719103306240491
ENSG00000198910	0.9690566876093032
ENSG00000139180	0.9688740231563413
ENSG00000163466	0.9652126881939544
ENSG00000144959	0.9622225185364568
ENSG00000184640	0.9617540636027231
ENSG00000159228	0.9565698686771529
ENSG00000241553	0.9525522652310903
ENSG00000253264	0.9507796007546032
ENSG00000100243	0.9501985692828583
ENSG00000124145	0.9494181995385438
ENSG00000176393	0.9488143135219818
ENSG00000122359	0.9484029832414709
ENSG00000163872	0.9469748613796884
ENSG00000135919	0.9459899571029518
ENSG00000092964	0.9458715145317496
ENSG00000237850	0.9380101741669491
ENSG00000014216	0.9365838210952757
ENSG00000185033	0.9299523654893858
ENSG00000205215	0.9267447931537198
ENSG00000100994	0.9209046863432764
ENSG00000243927	0.9208060462069547
ENSG00000106853	0.9207141470134852
ENSG00000063660	0.9192304203868531
ENSG00000152256	0.9186137471464024
ENSG00000110841	0.916007191981359
ENSG00000139921	0.9115376369366097
ENSG00000145901	0.9030304418989155
ENSG00000197548	0.8977053955689174
ENSG00000057019	0.8969183923988098
ENSG00000235733	0.891816384344833
ENSG00000067560	0.8879356631867787
ENSG00000105771	0.8819026676612334
ENSG00000103888	0.8792511789812985
ENSG00000152952	0.876484165752301
ENSG00000075785	0.8729643775059897
ENSG00000082781	0.872051179986538
ENSG00000023330	0.8713345728333965
ENSG00000104765	0.8634819699240515
ENSG00000174876	0.8418838179664114
ENSG00000159335	0.8311041643814754
ENSG00000197157	0.8302107974123079
ENSG00000127463	0.8301960941013153
ENSG00000159208	0.8257442562077082
ENSG00000108344	0.8187292525660124
ENSG00000167553	0.8169552167633889
ENSG00000177181	0.8167841400950817
ENSG00000201816	0.816736972625588
ENSG00000167881	0.8144948248856452
ENSG00000138594	0.8143013784364108
ENSG00000177697	0.8133622911888276
ENSG00000164733	0.8121044148990799
ENSG00000115053	0.8088881847764877
ENSG00000080824	0.8086566662119918
ENSG00000117984	0.8081693955938198
ENSG00000170606	0.8076134019746413
ENSG00000069849	0.8074101469421227
ENSG00000143569	0.8060010957146315
ENSG00000155660	0.8058294032100821
ENSG00000168439	0.80546892765838
ENSG00000170027	0.8053399200627367
ENSG00000122566	0.8051474685897175
ENSG00000087365	0.8049668443395117
ENSG00000116260	0.8041742257955253
ENSG00000114867	0.8036782667116853
ENSG00000072682	0.8033761179730594
ENSG00000087087	0.8023414814574987
ENSG00000099783	0.802166008087984
ENSG00000108671	0.8017816279968062
ENSG00000204435	0.8010872677306335
ENSG00000145907	0.7997232425952234
ENSG00000096384	0.798894690126273
ENSG00000089280	0.7984060248298466
ENSG00000197746	0.7983883005303911
ENSG00000143870	0.7978257496104886
ENSG00000130985	0.7972248265417885
ENSG00000160213	0.7971375116576849
ENSG00000163902	0.7969394416305648
ENSG00000013275	0.7966200728825845
ENSG00000196235	0.7963250928482615
ENSG00000109971	0.7962383057426523
ENSG00000139641	0.7958427226412468
ENSG00000185624	0.7954021387338481
ENSG00000100280	0.7950148216657014
ENSG00000108953	0.7948892166104748
ENSG00000004478	0.7946161317114089
ENSG00000174437	0.7944779607636843
ENSG00000135404	0.7941801864037628
ENSG00000165280	0.7937534682141132
ENSG00000079739	0.7922434840878558
ENSG00000185883	0.7919922421783285
ENSG00000110917	0.791827404720705
ENSG00000115677	0.7917740359985761
ENSG00000141522	0.7915133569779711
ENSG00000185627	0.791318534722435
ENSG00000005884	0.7911842278175352
ENSG00000006712	0.7908772318672177
ENSG00000174903	0.7906794789015952
ENSG00000196743	0.7906749691342869
ENSG00000173692	0.7900884239685224
ENSG00000134287	0.7899547390067203
ENSG00000141367	0.7893134875314352
ENSG00000185825	0.789288492920303
ENSG00000064601	0.7892701451402591
ENSG00000164111	0.7892522322922173
ENSG00000171603	0.7881390413933407
ENSG00000163399	0.7867955558562638
ENSG00000110321	0.7865668406502884
ENSG00000017260	0.7852406883006648
ENSG00000132432	0.7844139206685234
ENSG00000166598	0.7842476207197215
ENSG00000087460	0.7837357824650126
ENSG00000092199	0.783288504294986
ENSG00000083444	0.7828618396448703
ENSG00000082641	0.7827033905543348
ENSG00000161203	0.7824308088995708
ENSG00000092841	0.7823504958964376
ENSG00000213719	0.7823149534233538
ENSG00000103512	0.7815447885657598
ENSG00000254986	0.7812118387215501
ENSG00000030582	0.7803300270620914
ENSG00000105329	0.7801424332224183
ENSG00000139644	0.7796286440310236
ENSG00000179115	0.779614232030649
ENSG00000107959	0.7793226185851512
ENSG00000177156	0.778825920205267
ENSG00000167397	0.7777377080898285
ENSG00000071553	0.7776062053489354
ENSG00000175166	0.7773058624811788
ENSG00000122218	0.7763328130673937
ENSG00000102393	0.7759371793662588
ENSG00000213614	0.7751016153392964
ENSG00000196924	0.7750473927812616
ENSG00000108039	0.7736579901258882
ENSG00000122884	0.7723740325323016
ENSG00000108588	0.7718221250660398
ENSG00000168615	0.7718120184666302
ENSG00000115652	0.7715064844906789
ENSG00000166913	0.7700691244729767
ENSG00000163956	0.7700123924049369
ENSG00000115073	0.7691305133946127
ENSG00000127022	0.7674011072040572
ENSG00000084234	0.7672535458834151
ENSG00000118705	0.7663916852026538
ENSG00000134333	0.7647711234518286
ENSG00000197930	0.7645423030762932
ENSG00000105438	0.7639750002992671
ENSG00000257407	0.7628741212366466
ENSG00000184009	0.7625175502978605
ENSG00000143761	0.7614172923241669
ENSG00000075624	0.7612866155605098
ENSG00000104805	0.7611268137199203
ENSG00000089597	0.760978924619077
ENSG00000124155	0.7607028560543612
ENSG00000130402	0.7592417404952763
ENSG00000143545	0.757648614863133
ENSG00000244038	0.7553567766290588
ENSG00000140497	0.7552764137116899
ENSG00000142192	0.7539372514852478
ENSG00000105402	0.7535505367196373
ENSG00000138801	0.7526442329440286
ENSG00000131473	0.75221050656004
ENSG00000172757	0.7509525181505223
ENSG00000151176	0.7498082999109743
ENSG00000166557	0.7488013665744246
ENSG00000147065	0.7487293908202495
ENSG00000090863	0.7472589449447156
ENSG00000178804	0.747081708746258
ENSG00000004455	0.7437667889622261
ENSG00000184840	0.7418295990194947
ENSG00000014641	0.7398836732956648
ENSG00000072778	0.7396537325676276
ENSG00000167986	0.7395238375627005
ENSG00000138119	0.7350100568576503
ENSG00000178586	0.7338198948045938
ENSG00000140391	0.7316467787330647
ENSG00000185164	0.7310854408037273
ENSG00000167004	0.7308120202274029
ENSG00000103145	0.7294690444344303
ENSG00000135506	0.7271972523762522
ENSG00000103226	0.7263954099867189
ENSG00000236761	0.7261602714970876
ENSG00000232360	0.7201154748828766
ENSG00000183607	0.719563208212401
ENSG00000126432	0.7169476406386162
ENSG00000112818	0.7144575008413458
ENSG00000109919	0.7139710388746134
ENSG00000159495	0.7138446054950951
ENSG00000054148	0.702344349312287
ENSG00000115234	0.7016945893218203
ENSG00000236102	0.6991485933746218
ENSG00000259342	0.6987559347761085
ENSG00000273493	0.6966907681725094
ENSG00000142230	0.6922820131041882
ENSG00000237614	0.689766134950986
ENSG00000171148	0.6893971354152759
ENSG00000149575	0.688804747697684
ENSG00000242114	0.6871641942460485
ENSG00000234626	0.6845718402608758
ENSG00000074071	0.6845506356085937
ENSG00000256022	0.6755105384490312
ENSG00000156535	0.6753179777755203
ENSG00000108231	0.6742979535138454
ENSG00000261446	0.6715971281515878
ENSG00000105568	0.6693074127140595
ENSG00000197084	0.6609701566731057
ENSG00000174775	0.6594598005620298
ENSG00000141668	0.6594490086699818
ENSG00000196262	0.6517820236722631
ENSG00000150753	0.6495659507550622
ENSG00000261722	0.6489695439057819
ENSG00000125445	0.6488727155758134
ENSG00000085662	0.6486426902771714
ENSG00000122548	0.6476011160749837
ENSG00000168653	0.6469710922293437
ENSG00000166473	0.6442444940121388
ENSG00000162641	0.6436556982916111
ENSG00000100412	0.6429210508945493
ENSG00000005448	0.6424721182024706
ENSG00000224192	0.6421913771865526
ENSG00000167674	0.6415060901267964
ENSG00000242419	0.6414211257143059
ENSG00000108528	0.6413935355549671
ENSG00000198445	0.6408030937310074
ENSG00000129351	0.6404860714325926
ENSG00000148834	0.6397887091047647
ENSG00000268505	0.6390030766915242
ENSG00000173660	0.6384419389754192
ENSG00000157765	0.6364029168189129
ENSG00000144746	0.6336687677205906
ENSG00000153060	0.6328464746830706
ENSG00000196419	0.6328009759099791
ENSG00000099974	0.6321594934793588
ENSG00000143774	0.6316777501773982
ENSG00000137309	0.6314440163373238
ENSG00000255394	0.6312479383784473
ENSG00000234921	0.6305079459914875
ENSG00000254999	0.630117585989308
ENSG00000168703	0.629897623340137
ENSG00000220660	0.6297150995887995
ENSG00000116288	0.6293710631799947
ENSG00000126602	0.627413350709757
ENSG00000173457	0.6273209320514368
ENSG00000104824	0.6271894552732424
ENSG00000166535	0.6269202575374087
ENSG00000136634	0.6265246866635188
ENSG00000128050	0.6263957271236722
ENSG00000127616	0.6260743156356399
ENSG00000103187	0.6258487553082435
ENSG00000077312	0.6251132969556523
ENSG00000074800	0.6248234426296382
ENSG00000130726	0.6243191939729207
ENSG00000179262	0.6235049581347913
ENSG00000272519	0.6232415363591359
ENSG00000106244	0.6226806029665437
ENSG00000111667	0.6219718379260604
ENSG00000126067	0.6218683480696734
ENSG00000225579	0.6216955816757173
ENSG00000146731	0.6204459696247462
ENSG00000244122	0.6198151431151004
ENSG00000172270	0.6196052040787656
ENSG00000148948	0.6187410904434705
ENSG00000167863	0.6185846570960181
ENSG00000265556	0.6178005288581563
ENSG00000141858	0.6175801520767015
ENSG00000170890	0.6172799004132463
ENSG00000105669	0.6164721489994942
ENSG00000132305	0.6157655276962073
ENSG00000105401	0.6148242219412736
ENSG00000114023	0.6145874581509982
ENSG00000260041	0.6143352021062469
ENSG00000141349	0.6123184104240755
ENSG00000272161	0.611463780169931
ENSG00000108518	0.6104143440390153
ENSG00000106367	0.6100571745993757
ENSG00000163634	0.609863051234744
ENSG00000267690	0.6097633992094122
ENSG00000227508	0.6084242494090832
ENSG00000175334	0.6082734748083003
ENSG00000241468	0.6078813929585685
ENSG00000135624	0.607491976886884
ENSG00000175262	0.606652727531358
ENSG00000204655	0.6061722345333829
ENSG00000260551	0.6059035225417828
ENSG00000072062	0.6044033538106026
ENSG00000129235	0.6043040908933426
ENSG00000230912	0.6042483002864887
ENSG00000259033	0.6037879492804945
ENSG00000167468	0.603479757696125
ENSG00000164112	0.6031613425658395
ENSG00000140522	0.6024735225543809
ENSG00000106631	0.6023140624672125
ENSG00000025772	0.6022944312092244
ENSG00000241577	0.6013208045928309
ENSG00000160877	0.6003160725537617
ENSG00000099817	0.6002488243382076
ENSG00000099956	0.5991784400132734
ENSG00000255226	0.5985437498266293
ENSG00000115241	0.5965978155912282
ENSG00000234089	0.5947022959475092
ENSG00000261013	0.594404465931544
ENSG00000197430	0.5940169886632956
ENSG00000253457	0.5931039359923647
ENSG00000125551	0.5930110805926503
ENSG00000182271	0.5928536625145291
ENSG00000186010	0.5925418269552025
ENSG00000139579	0.5924701639728469
ENSG00000097021	0.5899037006104575
ENSG00000173436	0.5893530740175681
ENSG00000244701	0.5886699345702604
ENSG00000138430	0.5880523335975292
ENSG00000261598	0.5868951106859506
ENSG00000183207	0.5863929741007674
ENSG00000178952	0.5856812328134424
ENSG00000181273	0.5847461836899366
ENSG00000157570	0.5835966097280565
ENSG00000111640	0.5835614840721683
ENSG00000130724	0.5832677530646386
ENSG00000125975	0.5832662673627373
ENSG00000165629	0.5812659127003887
ENSG00000110955	0.5811115762007408
ENSG00000132341	0.5799869057487206
ENSG00000126457	0.5797551003917933
ENSG00000152234	0.5797200794398838
ENSG00000011485	0.5795226380296339
ENSG00000235705	0.5791296919940445
ENSG00000079246	0.5785099464818053
ENSG00000100884	0.5783690618936543
ENSG00000101182	0.5779377558162755
ENSG00000159197	0.5774994542630438
ENSG00000177700	0.5774489827834015
ENSG00000147588	0.5766034902866897
ENSG00000126247	0.5747202097203392
ENSG00000070010	0.5745531507725792
ENSG00000239672	0.5742636410709723
ENSG00000160014	0.5735594725674316
ENSG00000184258	0.5729148389306489
ENSG00000163468	0.5721767901525807
ENSG00000226921	0.5712438420041743
ENSG00000265787	0.5711422925754719
ENSG00000141959	0.5705683014689158
ENSG00000102900	0.5701961171617191
ENSG00000179144	0.5699356889230411
ENSG00000129559	0.569016490400881
ENSG00000148357	0.5690129359416329
ENSG00000126545	0.567969654232948
ENSG00000111328	0.5677249789333916
ENSG00000117308	0.5668285694958599
ENSG00000237524	0.5665794582464243
ENSG00000167815	0.5665152812917935
ENSG00000254585	0.5662217839240855
ENSG00000180697	0.5650708541679723
ENSG00000154518	0.564749691553128
ENSG00000196465	0.5643210923111548
ENSG00000119383	0.5640797937860889
ENSG00000269931	0.5639398216831037
ENSG00000172531	0.563072725305034
ENSG00000170523	0.5629311461547606
ENSG00000254997	0.5628882201182734
ENSG00000101327	0.562702825961737
ENSG00000204140	0.5625047239866867
ENSG00000260937	0.562425636292667
ENSG00000254654	0.5624189804401598
ENSG00000150656	0.5622904385650958
ENSG00000254489	0.562181049107084
ENSG00000189171	0.5615061776048085
ENSG00000101444	0.5615025952851049
ENSG00000114738	0.5606284604188863
ENSG00000034510	0.5602426624522074
ENSG00000103056	0.5595992928662887
ENSG00000260951	0.5580736649526961
ENSG00000118702	0.5575537588448365
ENSG00000104872	0.5573539483099199
ENSG00000179091	0.5566567652337
ENSG00000042753	0.5556768892067516
ENSG00000229249	0.555371093372917
ENSG00000099797	0.5545695069540726
ENSG00000230768	0.5544945737836737
ENSG00000116147	0.5541794956782162
ENSG00000100983	0.5534234509032987
ENSG00000032444	0.552974003841727
ENSG00000186431	0.5510872410571803
ENSG00000162949	0.5509872984759263
ENSG00000089693	0.5480502215160397
ENSG00000159199	0.5480228957379076
ENSG00000115523	0.5474894054505741
ENSG00000084207	0.547028996878083
ENSG00000104904	0.5469253896235333
ENSG00000181222	0.5467046308822214
ENSG00000233602	0.5460727694821683
ENSG00000164062	0.545165071608521
ENSG00000102898	0.5446157572779273
ENSG00000108561	0.5442894833808487
ENSG00000222004	0.5435752180146523
ENSG00000126267	0.5435484362852738
ENSG00000261014	0.5431658561665347
ENSG00000159261	0.5421471075536024
ENSG00000237396	0.5414277321984469
ENSG00000223784	0.5412204294949376
ENSG00000266977	0.5406079652932303
ENSG00000225126	0.540329227567313
ENSG00000203782	0.5390897594741897
ENSG00000140835	0.5379720142352922
ENSG00000077279	0.5368126288187773
ENSG00000111652	0.5365792430044771
ENSG00000012061	0.5362859893224616
ENSG00000167085	0.5347510658900756
ENSG00000248307	0.5342907974805553
ENSG00000105427	0.5338035913285963
ENSG00000165916	0.5333277758001471
ENSG00000114013	0.5332064151604028
ENSG00000101019	0.5326748765495806
ENSG00000111669	0.5321935716814368
ENSG00000116031	0.5315451367555903
ENSG00000101405	0.5300492378568173
ENSG00000162706	0.5299542375526309
ENSG00000105220	0.5298327190942207
ENSG00000100097	0.5279154056172204
ENSG00000240935	0.5264707257997818
ENSG00000259680	0.5264040880064365
ENSG00000234148	0.5261782589940611
ENSG00000084623	0.5242694199880475
ENSG00000114455	0.5241829840917429
ENSG00000250708	0.5240144464542533
ENSG00000168090	0.5235347682492835
ENSG00000169474	0.5234779129011053
ENSG00000124227	0.5230124563318186
ENSG00000254237	0.5227023584256316
ENSG00000238012	0.5223444746559944
ENSG00000259862	0.5218021632295011
ENSG00000250141	0.5217566566588683
ENSG00000261615	0.52057878331967
ENSG00000178741	0.5196223911564384
ENSG00000149179	0.5184646588323831
ENSG00000187690	0.5182170746835644
ENSG00000184216	0.5178887067506874
ENSG00000182083	0.5169527407907837
ENSG00000228714	0.5164785223753312
ENSG00000198356	0.5164128118600071
ENSG00000111181	0.5160736043122047
ENSG00000170043	0.5157065703156187
ENSG00000205452	0.5155607339068002
ENSG00000240972	0.5155081208459869
ENSG00000111701	0.51537854611249
ENSG00000103018	0.5145094342308918
ENSG00000095627	0.5144552983231161
ENSG00000230989	0.5143105324986728
ENSG00000164344	0.5133314219694349
ENSG00000184144	0.5132040303867729
ENSG00000244564	0.5116735567266362
ENSG00000158042	0.5108328399071942
ENSG00000260361	0.510060631799913
ENSG00000145309	0.5087484968225968
ENSG00000171314	0.5083604954721994
ENSG00000237248	0.508095326514185
ENSG00000255187	0.5076251441047086
ENSG00000070886	0.5070584806411023
ENSG00000164600	0.506081225622558
ENSG00000140264	0.5058434346622966
ENSG00000184900	0.5057829903272542
ENSG00000179520	0.5056356176821544
ENSG00000086504	0.5049265864425758
ENSG00000102172	0.5041762153814542
ENSG00000087128	0.503461883560993
ENSG00000228789	0.5027478967584846
ENSG00000186732	0.5026890010564535
ENSG00000211896	0.5015583854304739
ENSG00000113648	0.5007375487734573
ENSG00000205456	0.5006917866364917
ENSG00000148965	0.5006732542974308
ENSG00000228058	0.5004377849001009
ENSG00000273073	0.4992380076723524
ENSG00000243300	0.49869655259917756
ENSG00000179142	0.49791228072651417
ENSG00000166211	0.4979020243205883
ENSG00000251175	0.4972730609551608
ENSG00000183908	0.4971887567577835
ENSG00000241818	0.49524105647020256
ENSG00000267057	0.4950632174772496
ENSG00000160752	0.4945551097159204
ENSG00000173267	0.4938679974790192
ENSG00000168334	0.49384090890722376
ENSG00000185985	0.49344349261594256
ENSG00000211749	0.4918520111768745
ENSG00000198883	0.4906962031207136
ENSG00000236173	0.49007446008728683
ENSG00000243197	0.4893828599934238
ENSG00000187510	0.48911408655785693
ENSG00000130309	0.48896439050454
ENSG00000166863	0.487860097192214
ENSG00000130429	0.4872649304133472
ENSG00000172500	0.4867006831296248
ENSG00000223732	0.4859292986616639
ENSG00000229454	0.48557325680153496
ENSG00000143554	0.4854716972808255
ENSG00000142507	0.48485075859368587
ENSG00000211454	0.4848106182474037
ENSG00000124102	0.4847283304930625
ENSG00000099341	0.48448029336945986
ENSG00000154608	0.48419354288575267
ENSG00000224107	0.48375241143617087
ENSG00000106624	0.4835111362405886
ENSG00000167195	0.48308614107116243
ENSG00000225298	0.4814526920733726
ENSG00000122711	0.4812434607628324
ENSG00000203908	0.4806041452818077
ENSG00000138892	0.4804488930472013
ENSG00000172967	0.4803856252549352
ENSG00000204588	0.4803698360500843
ENSG00000090402	0.4793012469157578
ENSG00000235711	0.47895982489735234
ENSG00000155918	0.47848873180861284
ENSG00000127884	0.4770523154770261
ENSG00000143006	0.4770346953878162
ENSG00000105254	0.4758887529956639
ENSG00000260402	0.475506013136777
ENSG00000228108	0.47497609803011476
ENSG00000241635	0.47464850965606065
ENSG00000258535	0.47413863023925273
ENSG00000256757	0.47379487064480563
ENSG00000102290	0.47366376832511214
ENSG00000107745	0.4725866380497197
ENSG00000248505	0.47254145830471717
ENSG00000166136	0.47250099242986354
ENSG00000231150	0.4715363522849112
ENSG00000100362	0.47153173040689733
ENSG00000265671	0.47141673089082725
ENSG00000124493	0.47139418031166413
ENSG00000105701	0.47109742616603567
ENSG00000242732	0.4709001557873438
ENSG00000218823	0.47086607885702403
ENSG00000142549	0.47072304101927953
ENSG00000178690	0.4702396925418699
ENSG00000111245	0.4701006614193861
ENSG00000134339	0.47004057351333484
ENSG00000236116	0.4697533359645951
ENSG00000264876	0.4696943184634872
ENSG00000079102	0.46963418664409184
ENSG00000256115	0.469080178475469
ENSG00000159455	0.46795267089296444
ENSG00000232258	0.467294152305773
ENSG00000173626	0.4666954489437545
ENSG00000196436	0.4664869944136385
ENSG00000253745	0.46607156481121614
ENSG00000222788	0.46511832518889396
ENSG00000189001	0.46468425604860575
ENSG00000121440	0.46413914433680414
ENSG00000225647	0.4640421963441197
ENSG00000250978	0.46389105849095036
ENSG00000187513	0.462752507086974
ENSG00000147614	0.4627489911723053
ENSG00000188257	0.46274257207365754
ENSG00000255167	0.46245547931017117
ENSG00000196862	0.4622957680862143
ENSG00000250244	0.46188610831461996
ENSG00000223863	0.4616375989106256
ENSG00000259108	0.46025988658100436
ENSG00000264659	0.45982172369332575
ENSG00000238107	0.4593863410608501
ENSG00000226722	0.45900169213491315
ENSG00000239994	0.45855941553058543
ENSG00000258826	0.4584204050613565
ENSG00000272163	0.45701655194613844
ENSG00000237094	0.4560466330313364
ENSG00000215367	0.4556457329998762
ENSG00000261439	0.45552645041191075
ENSG00000162981	0.45477831845391026
ENSG00000262061	0.45477381503046876
ENSG00000167325	0.45449539087637003
ENSG00000143001	0.45417273162815053
ENSG00000091482	0.4540034805492128
ENSG00000166603	0.45348079400941543
ENSG00000196767	0.4533673047928326
ENSG00000103310	0.4533486830578546
ENSG00000166396	0.45297582160654204
ENSG00000226992	0.4525115050402606
ENSG00000172061	0.45211595201083665
ENSG00000263946	0.45195941335519585
ENSG00000241449	0.45184669657788623
ENSG00000080644	0.45169164723908306
ENSG00000264422	0.4510606630476257
ENSG00000226644	0.45083328965006797
ENSG00000170967	0.4497274625181922
ENSG00000135824	0.44916795841540247
ENSG00000253972	0.4490493110021081
ENSG00000259218	0.4486137830578385
ENSG00000259326	0.44830971537910425
ENSG00000184385	0.4478230305535864
ENSG00000165731	0.4477682479587781
ENSG00000174992	0.4472422184262399
ENSG00000162761	0.4465965648746786
ENSG00000262097	0.44635449265151883
ENSG00000183801	0.44566983532344584
ENSG00000228718	0.445646297771491
ENSG00000124664	0.4448044467769372
ENSG00000169727	0.44449773361001466
ENSG00000167680	0.44411415288136635
ENSG00000241685	0.44386391800847513
ENSG00000164645	0.44359905083487083
ENSG00000211655	0.4433330022081725
ENSG00000250590	0.4423897539741781
ENSG00000269186	0.44211538468071887
ENSG00000166923	0.44195236801033455
ENSG00000182329	0.4410532191469678
ENSG00000104738	0.4409811352086046
ENSG00000271401	0.4394015263541453
ENSG00000214614	0.43878745319088575
ENSG00000163239	0.43857153246992886
ENSG00000102144	0.43758739184741424
ENSG00000184148	0.4375051400038579
ENSG00000203987	0.4374879483280736
ENSG00000186288	0.437439518300466
ENSG00000253740	0.43724285875918056
ENSG00000106628	0.43688319354439065
ENSG00000212766	0.43674428418310596
ENSG00000251018	0.43649447545231324
ENSG00000228055	0.43628366658896267
ENSG00000254377	0.43619542785317167
ENSG00000147081	0.4355102100521968
ENSG00000146006	0.434956494887464
ENSG00000179300	0.4348007478909668
ENSG00000152977	0.43402883825142413
ENSG00000255247	0.4340143106735581
ENSG00000231475	0.43372094837849207
ENSG00000251584	0.4327729632206694
ENSG00000204065	0.4326997964036241
ENSG00000186094	0.43269433987301564
ENSG00000185008	0.43236755028748397
ENSG00000146285	0.4318072212833377
ENSG00000236262	0.43133417324872125
ENSG00000265786	0.4309590613659573
ENSG00000247765	0.43067872646021854
ENSG00000223581	0.4306247386319795
ENSG00000206129	0.43025527055287416
ENSG00000117450	0.4301182253525966
ENSG00000136002	0.42888390989405223
ENSG00000228829	0.4284850683585648
ENSG00000121350	0.4272981699253475
ENSG00000233970	0.4267664932063937
ENSG00000238063	0.42670943246586623
ENSG00000206142	0.4265604637753835
ENSG00000151079	0.42615844677178805
ENSG00000163623	0.4260547631255325
ENSG00000183760	0.42556397255456724
ENSG00000257829	0.425543390096486
ENSG00000197213	0.42523556412328145
ENSG00000233977	0.4249136993175915
ENSG00000232324	0.4248211050855457
ENSG00000142609	0.4245697403114004
ENSG00000203886	0.4244130653332365
ENSG00000237919	0.423974889014052
ENSG00000206190	0.42377873781355446
ENSG00000273356	0.4234798916508924
ENSG00000156097	0.42338262176807673
ENSG00000094916	0.4233365377686513
ENSG00000113905	0.42315144105942837
ENSG00000078549	0.42272716746522976
ENSG00000177335	0.4225496688806931
ENSG00000251322	0.4221680151925695
ENSG00000236894	0.421744885077584
ENSG00000114353	0.4213733298370601
ENSG00000254528	0.42065377508615853
ENSG00000257711	0.41830989133482577
ENSG00000188015	0.41829408702673665
ENSG00000146216	0.41811400738143933
ENSG00000118898	0.41761474866628556
ENSG00000130035	0.41759174581044434
ENSG00000196407	0.41759084437180216
ENSG00000259481	0.4175363559834602
ENSG00000233516	0.4174875442384407
ENSG00000178233	0.4172068486039995
ENSG00000159166	0.4171652561503465
ENSG00000122136	0.4170326154158408
ENSG00000225488	0.41683509060092483
ENSG00000203985	0.4157593370655994
ENSG00000091138	0.4157280400625718
ENSG00000121634	0.41554475878098085
ENSG00000214822	0.41501120354268606
ENSG00000138650	0.41488869942361006
ENSG00000250360	0.4141557872452384
ENSG00000169402	0.4139566095635019
ENSG00000255671	0.4137972374197967
ENSG00000186207	0.4133636315017577
ENSG00000123307	0.41315834923329775
ENSG00000254647	0.413146008204766
ENSG00000069998	0.4119199225122241
ENSG00000253141	0.41109531082910356
ENSG00000124733	0.4104191782538993
ENSG00000225328	0.4086516030250573
ENSG00000226825	0.4086286473827836
ENSG00000260822	0.40826693107639445
ENSG00000253397	0.4080902862929001
ENSG00000247877	0.4080367372340661
ENSG00000144596	0.40780700269052295
ENSG00000272078	0.40765895976900124
ENSG00000130988	0.40698286040035536
ENSG00000235009	0.40664288848996133
ENSG00000128849	0.4060015033851667
ENSG00000262352	0.405721966931021
ENSG00000180871	0.4053438107684717
ENSG00000176358	0.4048978809041319
ENSG00000167751	0.4048132599848462
ENSG00000232685	0.40438195401825183
ENSG00000262888	0.4039887031709839
ENSG00000120210	0.4038033943120112
ENSG00000105675	0.40379021286876626
ENSG00000164434	0.40373780489011746
ENSG00000225263	0.40349851711198315
ENSG00000272406	0.403083675019031
ENSG00000213203	0.40303895448989424
ENSG00000166960	0.4027584574000631
ENSG00000166596	0.4024390685476775
ENSG00000203472	0.402395442573356
ENSG00000183206	0.4021544189541788
ENSG00000100167	0.401903797194896
ENSG00000139767	0.40184217759597796
ENSG00000144820	0.40165284242475474
ENSG00000237423	0.40127082034930583
ENSG00000189332	0.40120789571687965
ENSG00000261275	0.4007844101077753
ENSG00000267316	0.40047719592997977
ENSG00000258710	0.4004056145743342
ENSG00000204790	0.4003689141621676
ENSG00000254334	0.40032297948587514
ENSG00000254630	0.4002279008773544
ENSG00000105549	0.4000803274515745
ENSG00000075043	0.3998175271170974
ENSG00000226903	0.3996373977102343
ENSG00000173338	0.399448149533131
ENSG00000169214	0.3993866034855458
ENSG00000226070	0.39893474568134635
ENSG00000260614	0.3987738902965685
ENSG00000231720	0.3986446274995721
ENSG00000163618	0.39767048396673044
ENSG00000198829	0.39766554425017664
ENSG00000233038	0.3965682705577558
ENSG00000269091	0.3962420288161934
ENSG00000161896	0.3962243618520678
ENSG00000141431	0.39617259482066625
ENSG00000168243	0.3958154257447377
ENSG00000215512	0.3953623632682406
ENSG00000255171	0.39503666397313886
ENSG00000100557	0.39480301879532864
ENSG00000064300	0.39477154887952803
ENSG00000172023	0.3947584863546083
ENSG00000225767	0.3945829030809045
ENSG00000234952	0.3939206996129203
ENSG00000231902	0.39376106907238895
ENSG00000176979	0.393557587306564
ENSG00000182093	0.3926291141229732
ENSG00000205866	0.3922270213519601
ENSG00000261863	0.3915829351812421
ENSG00000237440	0.39138288184324366
ENSG00000259284	0.39120109891771193
ENSG00000175229	0.39085554466948835
ENSG00000100565	0.39074831853377034
ENSG00000260884	0.390327909483944
ENSG00000235434	0.3899426467894118
ENSG00000198077	0.3890040457749131
ENSG00000188981	0.3884029175699064
ENSG00000173557	0.38827012356673274
ENSG00000227713	0.3882645287231852
ENSG00000133665	0.3876706843584812
ENSG00000256204	0.3873893970669169
ENSG00000254753	0.38631531533051255
ENSG00000254671	0.3862940925989433
ENSG00000211931	0.3861778284757298
ENSG00000065978	0.38614641559894225
ENSG00000248300	0.38557744738739474
ENSG00000228838	0.38534706549039166
ENSG00000234918	0.3852793427745984
ENSG00000164591	0.38492015341778885
ENSG00000095970	0.38462102645806695
ENSG00000198183	0.3844569048427493
ENSG00000157884	0.3842878428637877
ENSG00000151067	0.3835449774523447
ENSG00000253696	0.38352833755419824
ENSG00000237119	0.38334837184601844
ENSG00000196570	0.383312746545329
ENSG00000145721	0.38202432194263247
ENSG00000184647	0.38201198753843135
ENSG00000233079	0.38198370093086864
ENSG00000176769	0.38193711348406745
ENSG00000010282	0.3818938277656967
ENSG00000205971	0.3817701957955093
ENSG00000233179	0.38176642301593877
ENSG00000237579	0.38163289176536175
ENSG00000226287	0.3803456021422307
ENSG00000261242	0.3800529836206057
ENSG00000228857	0.37967563806628046
ENSG00000167165	0.3796323409089031
ENSG00000260701	0.37902526239118783
ENSG00000221332	0.37893128071494897
ENSG00000116039	0.3789269960678894
ENSG00000231252	0.3785923463156098
ENSG00000172458	0.37811012911562014
ENSG00000226527	0.3780616312378713
ENSG00000169129	0.3775837933259538
ENSG00000118997	0.3774642400988677
ENSG00000006740	0.37741190980965333
ENSG00000185737	0.37710397968908915
ENSG00000162728	0.3770642271797864
ENSG00000235160	0.37654880466963925
ENSG00000104497	0.37641238899899476
ENSG00000175264	0.376369836091055
ENSG00000178562	0.376249871813104
ENSG00000204657	0.37600906588398164
ENSG00000168496	0.3760084710971343
ENSG00000234689	0.37581099530606155
ENSG00000167941	0.3756830726012921
ENSG00000099326	0.3748110691419648
ENSG00000171931	0.374546593744554
ENSG00000175646	0.37399707789276215
ENSG00000205085	0.37362411098659987
ENSG00000205882	0.3734257672925414
ENSG00000145423	0.3732560705870669
ENSG00000231630	0.37315237377915333
ENSG00000124678	0.37311556275237545
ENSG00000165259	0.37244638450128753
ENSG00000168754	0.3717001885291267
ENSG00000215853	0.3714148839601943
ENSG00000236938	0.37050589632427244
ENSG00000124812	0.3700826408979607
ENSG00000215881	0.36988116428784235
ENSG00000188039	0.3693384638006534
ENSG00000146839	0.36807389558830605
ENSG00000214819	0.3677520855230769
ENSG00000186838	0.36762131559252453
ENSG00000259361	0.36718319430568225
ENSG00000267868	0.3669281878899078
ENSG00000124313	0.366865824742139
ENSG00000260418	0.3668405690902339
ENSG00000136698	0.3668252896731825
ENSG00000260711	0.3667625392266738
ENSG00000052850	0.3666424738840115
ENSG00000224265	0.36656162355759303
ENSG00000235570	0.3665471821391211
ENSG00000137392	0.3665435856500474
ENSG00000254869	0.36635630996035995
ENSG00000237286	0.36551714819603065
ENSG00000112118	0.36532190314273993
ENSG00000188996	0.36527763905226296
ENSG00000160882	0.3652416916495336
ENSG00000057149	0.3651672374816102
ENSG00000154316	0.36502015822521394
ENSG00000264914	0.36470749057040885
ENSG00000167139	0.36411682739282725
ENSG00000169618	0.3641133337509148
ENSG00000234139	0.364021807310567
ENSG00000187021	0.3639083648334587
ENSG00000044012	0.3635606288702389
ENSG00000111783	0.3627348691262142
ENSG00000256389	0.3626161019391989
ENSG00000166523	0.36260783884399794
ENSG00000196344	0.36252467481156847
ENSG00000104967	0.36246967192339286
ENSG00000224383	0.3621438662677039
ENSG00000197745	0.36192442439680805
ENSG00000067842	0.3615418457290318
ENSG00000265069	0.3615283870540409
ENSG00000157542	0.3612883750792355
ENSG00000180440	0.36069063997325457
ENSG00000267627	0.3593116311449096
ENSG00000266729	0.35892038279416494
ENSG00000256969	0.3587985259646851
ENSG00000161911	0.3583445328624886
ENSG00000065809	0.35777334909355796
ENSG00000120645	0.3576841578256955
ENSG00000128610	0.3576123305817045
ENSG00000077498	0.3575170012543314
ENSG00000224259	0.357048371676681
ENSG00000134398	0.3565467208119719
ENSG00000177398	0.35653551896880975
ENSG00000198125	0.3560395870530666
ENSG00000158457	0.3558398647073999
ENSG00000188393	0.35570378063311225
ENSG00000176907	0.3555595826579534
ENSG00000188783	0.3552337562339116
ENSG00000106852	0.35503638092088985
ENSG00000180745	0.35458726573422994
ENSG00000227562	0.35437852829435057
ENSG00000254645	0.35427502787789966
ENSG00000254109	0.3541613616477828
ENSG00000152214	0.3541576415827452
ENSG00000137251	0.35406356190629396
ENSG00000171102	0.35373410604396294
ENSG00000100453	0.35372221724701003
ENSG00000226856	0.35361147371579316
ENSG00000140067	0.3534551220908859
ENSG00000086548	0.35340338734557397
ENSG00000250038	0.3530426098939927
ENSG00000240005	0.3528082373038237
ENSG00000157502	0.3527529241301415
ENSG00000126583	0.3524825555169504
ENSG00000143321	0.3512246455952066
ENSG00000197641	0.35114890684750244
ENSG00000147119	0.35112782368417417
ENSG00000163520	0.3509905328763383
ENSG00000227098	0.35095360838268697
ENSG00000250241	0.34991163896942523
ENSG00000164299	0.3491923931644254
ENSG00000204616	0.34884441540132993
ENSG00000100341	0.3487293956706068
ENSG00000173918	0.3486136404119766
ENSG00000180483	0.3484781843271534
ENSG00000187372	0.3483456314398441
ENSG00000161681	0.34747817984784657
ENSG00000167754	0.34730726006387336
ENSG00000224717	0.34708653577519577
ENSG00000106823	0.34648860996546715
ENSG00000254222	0.34635455114912816
ENSG00000010256	0.3461665953522184
ENSG00000261353	0.34568263443960245
ENSG00000233644	0.3453812284904145
ENSG00000225924	0.3451414943558997
ENSG00000253626	0.345097210670519
ENSG00000267401	0.34425581861923105
ENSG00000255260	0.34423572048319717
ENSG00000258227	0.3439792035703535
ENSG00000158270	0.34373607761503244
ENSG00000169509	0.34362838361011994
ENSG00000267651	0.34347186554736364
ENSG00000243063	0.34325150292862183
ENSG00000015592	0.3432030706119842
ENSG00000254744	0.3430590862700025
ENSG00000215595	0.3430254245946456
ENSG00000234169	0.34291008172246285
ENSG00000233542	0.34266733094087165
ENSG00000163217	0.34221491454416464
ENSG00000158815	0.341911622776627
ENSG00000164161	0.341780218455235
ENSG00000110328	0.3414202425652666
ENSG00000233405	0.34141075477955973
ENSG00000167332	0.34139753437681275
ENSG00000176771	0.34118088151603265
ENSG00000206422	0.34096948809171823
ENSG00000189433	0.3408064890271607
ENSG00000273080	0.34066324602926734
ENSG00000176635	0.34059681565621536
ENSG00000125337	0.34057797815165514
ENSG00000135638	0.3399164039502829
ENSG00000135447	0.33978096421142645
ENSG00000139445	0.33938655210388946
ENSG00000228723	0.3393138418322772
ENSG00000267712	0.3388715102486677
ENSG00000266957	0.33832203736521405
ENSG00000178977	0.3380276378182916
ENSG00000254887	0.3378442196266007
ENSG00000246090	0.3378304728635182
ENSG00000256167	0.33770055343222527
ENSG00000250343	0.3375258091524571
ENSG00000049249	0.3374902621732121
ENSG00000230676	0.3373756848005689
ENSG00000225194	0.3373185418451563
ENSG00000272636	0.33672754138716243
ENSG00000007306	0.3366383115561429
ENSG00000224458	0.33660755873659487
ENSG00000136688	0.33635470904181575
ENSG00000233605	0.33477165294768496
ENSG00000272135	0.3345744561178874
ENSG00000110076	0.3344702434652149
ENSG00000223485	0.334301711453187
ENSG00000211890	0.3338459399597349
ENSG00000168772	0.33375997525709766
ENSG00000131050	0.3337218418193102
ENSG00000196218	0.3337158284216435
ENSG00000186340	0.33325425741600867
ENSG00000229224	0.3330914847776463
ENSG00000233820	0.3329788286404636
ENSG00000260305	0.3328147394501686
ENSG00000262823	0.3326287097220375
ENSG00000116209	0.3325829898128625
ENSG00000235296	0.332548595471831
ENSG00000175676	0.3324223939438058
ENSG00000253447	0.3323716058048576
ENSG00000205181	0.33222172416873486
ENSG00000134343	0.33220335745684215
ENSG00000159409	0.3321534291147068
ENSG00000135406	0.33182250033449234
ENSG00000127743	0.3317939936113028
ENSG00000233850	0.3317565718905855
ENSG00000241684	0.3317066341587569
ENSG00000169371	0.33137197777181826
ENSG00000169894	0.33109432497154545
ENSG00000259720	0.33085259324148075
ENSG00000187791	0.3307018448785508
ENSG00000182481	0.330699716280884
ENSG00000162383	0.3302949745854076
ENSG00000178404	0.3295552514483895
ENSG00000259504	0.32937189529340993
ENSG00000241233	0.3292501592817052
ENSG00000166959	0.3292053010860905
ENSG00000105339	0.3289474200286684
ENSG00000230300	0.328941170504526
ENSG00000186642	0.32885538370434153
ENSG00000201134	0.3288498371545423
ENSG00000166509	0.3288194876922388
ENSG00000234646	0.3283368886267304
ENSG00000109193	0.3282079228585175
ENSG00000162188	0.3280345928233308
ENSG00000230035	0.3273792138502305
ENSG00000237862	0.3268957826739469
ENSG00000228295	0.32687994849812974
ENSG00000187323	0.32640699118056005
ENSG00000159337	0.32635492541690936
ENSG00000266614	0.3261514566192454
ENSG00000121905	0.3261424208863537
ENSG00000236980	0.3260723378906636
ENSG00000174469	0.32606154921351505
ENSG00000267489	0.3260452559539404
ENSG00000173093	0.32599791785072574
ENSG00000142621	0.32534951897160114
ENSG00000198650	0.32507806422674634
ENSG00000154227	0.32460449263604807
ENSG00000260528	0.32423843261481844
ENSG00000072274	0.3242312633382787
ENSG00000167656	0.32401870160752755
ENSG00000125255	0.3239865927787826
ENSG00000186049	0.32396277639364257
ENSG00000179362	0.32368449052017856
ENSG00000231290	0.32363235522447575
ENSG00000123416	0.3236226001267313
ENSG00000099822	0.32332699297789524
ENSG00000159763	0.3232939635330394
ENSG00000132518	0.3232821751246473
ENSG00000231057	0.32323517710465643
ENSG00000174807	0.32306737630629434
ENSG00000157064	0.3224837181466733
ENSG00000154760	0.3223326534951616
ENSG00000099954	0.3220838481013366
ENSG00000224260	0.3219279630938192
ENSG00000253505	0.32186166859269605
ENSG00000203797	0.3218559094068407
ENSG00000205890	0.3218400893665405
ENSG00000224517	0.3216743777094355
ENSG00000253859	0.321553552458578
ENSG00000146674	0.3214561617222418
ENSG00000109511	0.32119015361505654
ENSG00000213753	0.32113876572002686
ENSG00000169752	0.32111401417679564
ENSG00000267779	0.3210670191954217
ENSG00000211935	0.3206616889304328
ENSG00000224048	0.32030051459907494
ENSG00000255474	0.3201742910843328
ENSG00000264176	0.3196434894879916
ENSG00000105388	0.3194789952803574
ENSG00000013725	0.3192496857958096
ENSG00000211945	0.31922021802919676
ENSG00000123352	0.31902534973577534
ENSG00000162692	0.31887874596862464
ENSG00000271774	0.318460392876333
ENSG00000159248	0.3181703774220017
ENSG00000260401	0.31793155211602375
ENSG00000132170	0.3178599856926818
ENSG00000007216	0.317849409581737
ENSG00000261156	0.31776691220787323
ENSG00000162069	0.31775153713464044
ENSG00000187730	0.31769414950483554
ENSG00000143401	0.3173944655917198
ENSG00000211594	0.31712607012373906
ENSG00000130475	0.3170094152668217
ENSG00000154065	0.31668377040385676
ENSG00000149926	0.3165350228549473
ENSG00000259678	0.31630533282136963
ENSG00000235293	0.31610921733902764
ENSG00000228021	0.3159123810926532
ENSG00000171989	0.31585410504123757
ENSG00000100079	0.31565098343462616
ENSG00000259219	0.31544749802716976
ENSG00000196415	0.31535459179892955
ENSG00000168081	0.3152034863491846
ENSG00000211595	0.31492862144144906
ENSG00000251603	0.3147248982583062
ENSG00000138759	0.31423048695528033
ENSG00000105509	0.31393342248965816
ENSG00000177234	0.313716485824292
ENSG00000237512	0.313547195993918
ENSG00000233002	0.31330666138881225
ENSG00000163792	0.3132227316301659
ENSG00000227101	0.3129187674552878
ENSG00000198049	0.31243351072641756
ENSG00000188897	0.3124032491218409
ENSG00000223754	0.31219139636849613
ENSG00000267480	0.3121909015738069
ENSG00000174871	0.311759940517806
ENSG00000248474	0.31152992591295114
ENSG00000203859	0.311340895035928
ENSG00000237521	0.3113243648614674
ENSG00000126950	0.3112795617890849
ENSG00000139364	0.3111661849093612
ENSG00000066468	0.31103318586841255
ENSG00000179399	0.3110325934382132
ENSG00000260461	0.31054676121786584
ENSG00000229613	0.3105442477200462
ENSG00000077009	0.31035859029307966
ENSG00000204669	0.3100182424771416
ENSG00000160223	0.3099985268926533
ENSG00000178826	0.3097192778864797
ENSG00000171291	0.3094442335970746
ENSG00000225885	0.3092203902144075
ENSG00000226390	0.3090182267959891
ENSG00000211690	0.30870774430426495
ENSG00000235779	0.3085336173790685
ENSG00000132026	0.3084789840042099
ENSG00000266733	0.3084660167144191
ENSG00000132437	0.3083957566507829
ENSG00000251307	0.30821492866075006
ENSG00000087303	0.3079609138996253
ENSG00000112559	0.3078359768590351
ENSG00000187664	0.30762190830416314
ENSG00000186832	0.30723644541223805
ENSG00000213022	0.3071867216251776
ENSG00000211685	0.3067840709884384
ENSG00000163202	0.30670979073242277
ENSG00000208035	0.3066922297558301
ENSG00000138813	0.30662292478905107
ENSG00000118307	0.30652762278916446
ENSG00000065371	0.306468236011193
ENSG00000178084	0.3064262184165505
ENSG00000113430	0.3063609774119971
ENSG00000230539	0.306284538502813
ENSG00000226423	0.305850351810965
ENSG00000262222	0.30581117890083465
ENSG00000180083	0.30558080324013326
ENSG00000165694	0.30508035364376007
ENSG00000258654	0.3049234399072036
ENSG00000057593	0.30481480017002327
ENSG00000246430	0.30462837856892233
ENSG00000231013	0.3042109937862698
ENSG00000104537	0.3042051652965996
ENSG00000021488	0.30417431786431526
ENSG00000253634	0.3040947736595967
ENSG00000228512	0.3040745162764764
ENSG00000182901	0.3039052365269166
ENSG00000166111	0.3037695159243292
ENSG00000131737	0.30373563949643834
ENSG00000231983	0.30356661934245177
ENSG00000263860	0.3034668850959239
ENSG00000234721	0.3031826067946066
ENSG00000106714	0.3028295994006487
ENSG00000185666	0.30273135658577366
ENSG00000124479	0.3025234990245327
ENSG00000237986	0.30250716300916225
ENSG00000240386	0.3024854864434887
ENSG00000253641	0.30247758251900714
ENSG00000254290	0.30226833227803684
ENSG00000231394	0.3022364914719351
ENSG00000138767	0.3021410479565956
ENSG00000255337	0.30180123252028457
ENSG00000122870	0.3017665812122805
ENSG00000132383	0.30168048294776373
ENSG00000010292	0.3015555093379714
ENSG00000146904	0.3014888774496405
ENSG00000186153	0.30135953201556687
ENSG00000267743	0.30091731368431596
ENSG00000185518	0.3006434176630801
ENSG00000200345	0.3004295812465687
ENSG00000233246	0.30038270054861704
ENSG00000107105	0.3003751407913151
ENSG00000006071	0.3001984625481513
ENSG00000264012	0.29982878346706765
ENSG00000159450	0.2997316207126155
ENSG00000236445	0.29966647780041766
ENSG00000112539	0.299589719585039
ENSG00000261621	0.29941555207543447
ENSG00000262999	0.29940461378356287
ENSG00000166578	0.29881558111966866
ENSG00000271952	0.298806179877108
ENSG00000234476	0.2987083525586267
ENSG00000137634	0.29862852853445965
ENSG00000101440	0.29852010366858406
ENSG00000225746	0.29826747343231585
ENSG00000259093	0.298087576721598
ENSG00000093072	0.297955154218299
ENSG00000258670	0.2973260250137155
ENSG00000249736	0.29709436261025024
ENSG00000135116	0.29701066169174184
ENSG00000228027	0.29699999235694974
ENSG00000182183	0.2969587610577613
ENSG00000137077	0.29692812527688606
ENSG00000250415	0.29670860902366525
ENSG00000259390	0.2966886936422599
ENSG00000172005	0.29667258180359646
ENSG00000257943	0.2966261595151025
ENSG00000125514	0.29649677448979617
ENSG00000135362	0.29643144858060144
ENSG00000263724	0.2961679130347825
ENSG00000078328	0.29616704383512427
ENSG00000143341	0.29598820147626914
ENSG00000120370	0.29594693952502427
ENSG00000264514	0.29583604429242794
ENSG00000135823	0.2957982247346851
ENSG00000128298	0.2955482767206139
ENSG00000136697	0.2955326288803164
ENSG00000066032	0.2955188769667394
ENSG00000254338	0.29541062969914655
ENSG00000259957	0.29510571721390644
ENSG00000261154	0.2947493494176854
ENSG00000168000	0.294741730656646
ENSG00000259647	0.29452324652703
ENSG00000237136	0.29451108942285154
ENSG00000239542	0.2944509664629784
ENSG00000224177	0.29397963851430653
ENSG00000186007	0.2936288035723793
ENSG00000103460	0.29355948537432
ENSG00000230479	0.29320259762592293
ENSG00000105711	0.29289871351276053
ENSG00000188373	0.292838358463799
ENSG00000118526	0.2924309975500152
ENSG00000176124	0.29220894072632
ENSG00000252711	0.29186495494673115
ENSG00000196230	0.29164755048066127
ENSG00000105929	0.2916175904191327
ENSG00000254111	0.29142195664726467
ENSG00000008118	0.2913906217933615
ENSG00000167117	0.290805168402235
ENSG00000072832	0.2907896979958904
ENSG00000101938	0.2905694227433355
ENSG00000225643	0.290428693995753
ENSG00000140319	0.29023889060485475
ENSG00000114346	0.2901726804104452
ENSG00000273001	0.2900410592864715
ENSG00000185615	0.28998794948629025
ENSG00000261416	0.2896168364865883
ENSG00000183644	0.2893362507495012
ENSG00000166928	0.2892317905632189
ENSG00000133135	0.2888793098971183
ENSG00000075891	0.2888442536012157
ENSG00000152208	0.2887039255998225
ENSG00000225877	0.2884928801300919
ENSG00000117154	0.28846979714425514
ENSG00000224559	0.2883647957750899
ENSG00000198597	0.2883540951440111
ENSG00000241544	0.2882233597368269
ENSG00000267152	0.2880898480211205
ENSG00000182156	0.2880727952652873
ENSG00000141314	0.2880024495052491
ENSG00000259658	0.2879219884973425
ENSG00000079689	0.28775303735653135
ENSG00000233529	0.2876723128149943
ENSG00000187492	0.2868376781820514
ENSG00000183580	0.2868000265781132
ENSG00000243716	0.28678160888783855
ENSG00000198768	0.2866726120482068
ENSG00000133800	0.28645225179239064
ENSG00000223764	0.2863631272455489
ENSG00000225140	0.2862384442406194
ENSG00000256916	0.28619504762342496
ENSG00000239589	0.2861600947812384
ENSG00000263618	0.2860636141358215
ENSG00000144218	0.2860610986455707
ENSG00000184599	0.2860392172503792
ENSG00000235881	0.28590872327308925
ENSG00000184811	0.2858992346927427
ENSG00000172889	0.2858424601547036
ENSG00000128250	0.2857811409195181
ENSG00000118245	0.28530605495924166
ENSG00000183621	0.28524068724961427
ENSG00000211445	0.2851354547329912
ENSG00000187012	0.2850984887529242
ENSG00000261879	0.28495868901167065
ENSG00000205696	0.2848793881937164
ENSG00000005513	0.2847909144153329
ENSG00000271659	0.2847203477651794
ENSG00000163803	0.2846938673137289
ENSG00000147223	0.2846910175940416
ENSG00000062096	0.2846419656247694
ENSG00000182175	0.28454523118341135
ENSG00000111199	0.28438771756791215
ENSG00000251283	0.2842553503766512
ENSG00000134853	0.2841335151411888
ENSG00000182557	0.283809192769064
ENSG00000196132	0.2836670025252539
ENSG00000144619	0.28358551989646186
ENSG00000170486	0.2835606872703076
ENSG00000130643	0.28353192162641694
ENSG00000143850	0.28308902990056706
ENSG00000260780	0.28301940177019813
ENSG00000253267	0.282989108537115
ENSG00000042980	0.2829066045815769
ENSG00000187775	0.2828135343565985
ENSG00000229190	0.2825403912338009
ENSG00000075388	0.28248261281669595
ENSG00000188229	0.2824399633108188
ENSG00000260922	0.2824122644201361
ENSG00000257964	0.28196154626982484
ENSG00000230099	0.2818946576899204
ENSG00000268981	0.28171620411256737
ENSG00000233754	0.2806946779699049
ENSG00000140623	0.2806724194254693
ENSG00000204967	0.28046412203539717
ENSG00000184905	0.2804321782034396
ENSG00000229086	0.2804004787401033
ENSG00000213231	0.280179564869268
ENSG00000161912	0.28015017247876073
ENSG00000124302	0.2800708533402567
ENSG00000124203	0.2797910880454999
ENSG00000145681	0.2794405195891374
ENSG00000223831	0.27930453609497863
ENSG00000122490	0.27927308515393734
ENSG00000272323	0.27881289557320255
ENSG00000227496	0.27868297816792986
ENSG00000254417	0.27851697388353713
ENSG00000204071	0.27847540722630515
ENSG00000188175	0.2782196990655419
ENSG00000138669	0.2781805594722868
ENSG00000205632	0.2781302516663797
ENSG00000250190	0.27807204978284483
ENSG00000249396	0.2780688216802616
ENSG00000237101	0.2780624346754135
ENSG00000186335	0.2778305537668835
ENSG00000197632	0.2776997652415323
ENSG00000225938	0.2776277359963617
ENSG00000244050	0.2775882837105341
ENSG00000163885	0.27730079169662614
ENSG00000067715	0.27723077767122306
ENSG00000251676	0.27722238359259777
ENSG00000168995	0.27711521456949395
ENSG00000236924	0.2770620099751713
ENSG00000188536	0.27701976901666736
ENSG00000186710	0.2767478134535091
ENSG00000263429	0.27669456946294524
ENSG00000259721	0.27652439845495236
ENSG00000273409	0.2764952542001544
ENSG00000162552	0.27642264981044185
ENSG00000169851	0.2761589623762437
ENSG00000224276	0.2757585009683956
ENSG00000076716	0.2755336226823728
ENSG00000171729	0.2751434261366579
ENSG00000226733	0.2749329736274493
ENSG00000154001	0.27486369819728296
ENSG00000237036	0.27467967516692804
ENSG00000256542	0.2745770589071075
ENSG00000233415	0.274534365014796
ENSG00000112584	0.2741918365510825
ENSG00000240747	0.2741312752651517
ENSG00000260136	0.27375100573680267
ENSG00000234988	0.27358579449007814
ENSG00000180525	0.2733166335314918
ENSG00000272254	0.2732482425621827
ENSG00000236543	0.27303746112620475
ENSG00000157060	0.27300780288180837
ENSG00000067141	0.27299947188586393
ENSG00000149970	0.27298552921526387
ENSG00000224918	0.2727533930335082
ENSG00000203335	0.2726496781504075
ENSG00000075290	0.2726425883376622
ENSG00000166342	0.2723501274134785
ENSG00000111752	0.272093174525496
ENSG00000040608	0.27193213055980214
ENSG00000144057	0.27181651300962084
ENSG00000121904	0.2712857977075822
ENSG00000230189	0.27106103909577794
ENSG00000204614	0.2710472676214368
ENSG00000178602	0.27100731571852177
ENSG00000152822	0.27091772650963697
ENSG00000110696	0.27089994194317657
ENSG00000160191	0.27067373601713607
ENSG00000234177	0.27061803773385384
ENSG00000103034	0.27054610535826673
ENSG00000185294	0.2704975449938969
ENSG00000244411	0.2704530909340539
ENSG00000169193	0.2703843961004866
ENSG00000228826	0.2698966194112402
ENSG00000236438	0.2695551523223936
ENSG00000230091	0.26953382131171666
ENSG00000133063	0.26945250243689167
ENSG00000249684	0.26916168324614986
ENSG00000261656	0.26894098176102776
ENSG00000253313	0.26882723699758837
ENSG00000177679	0.2686334892396691
ENSG00000181449	0.26856282193857917
ENSG00000055813	0.2684276775757577
ENSG00000267174	0.268361596522507
ENSG00000204025	0.2681634907003112
ENSG00000227910	0.2680855870320158
ENSG00000224281	0.26806698405024454
ENSG00000115263	0.2679917922191055
ENSG00000225626	0.26793439360706595
ENSG00000198354	0.267819610682714
ENSG00000250742	0.26724835279422177
ENSG00000198062	0.2671684463845181
ENSG00000122824	0.2670936922361211
ENSG00000170037	0.2668810328587494
ENSG00000176956	0.2668276483728229
ENSG00000007402	0.26681641642458587
ENSG00000143882	0.26678518383903227
ENSG00000186976	0.26653654488013534
ENSG00000176593	0.26640828814177797
ENSG00000269887	0.26625118043186347
ENSG00000173698	0.2661457567419503
ENSG00000140259	0.26586495091941353
ENSG00000102034	0.265725953000014
ENSG00000227660	0.26558519368000466
ENSG00000269300	0.2652377829560799
ENSG00000100314	0.26513471172415537
ENSG00000235875	0.26504675804446154
ENSG00000112299	0.265034247312812
ENSG00000128482	0.2648500901173956
ENSG00000002726	0.26475533155111286
ENSG00000129673	0.26452297715116946
ENSG00000258616	0.26451585358563223
ENSG00000188811	0.26393965393898045
ENSG00000215187	0.26362178270438874
ENSG00000163738	0.2636033698032192
ENSG00000253161	0.26346522916025505
ENSG00000125462	0.2623777831611971
ENSG00000242828	0.2622055019982701
ENSG00000168309	0.2620792177867257
ENSG00000203784	0.262013463496962
ENSG00000101542	0.2617168754954635
ENSG00000152348	0.2617092066585791
ENSG00000204361	0.2615651302147928
ENSG00000213777	0.26156146291868754
ENSG00000227599	0.2615061495617925
ENSG00000232874	0.2614683579685204
ENSG00000258098	0.2611183469490215
ENSG00000258464	0.26091666706325545
ENSG00000224308	0.26064449135780277
ENSG00000253361	0.26063447524017946
ENSG00000234211	0.26058720282622194
ENSG00000187942	0.26047738229849693
ENSG00000230848	0.2604046490786349
ENSG00000251076	0.2603946905520831
ENSG00000073605	0.2603337955719549
ENSG00000163833	0.2602819502797735
ENSG00000211642	0.2601140777627411
ENSG00000242775	0.26005921725819614
ENSG00000185915	0.26002421848964397
ENSG00000230051	0.259971538299288
ENSG00000260440	0.2599575900521647
ENSG00000159251	0.2598823843902369
ENSG00000151033	0.25983118363511437
ENSG00000141505	0.25979475900594795
ENSG00000204711	0.25966847021652617
ENSG00000204936	0.25952420669326304
ENSG00000176381	0.25950868992666565
ENSG00000164746	0.2594569168685066
ENSG00000225756	0.2591058730421263
ENSG00000228216	0.25906206668754717
ENSG00000259282	0.25903261071207284
ENSG00000148346	0.25890878690604113
ENSG00000255672	0.25884983935373107
ENSG00000214688	0.258848672927122
ENSG00000265158	0.25880013683333725
ENSG00000205704	0.2587554679375257
ENSG00000260737	0.25841962661828854
ENSG00000036448	0.25838639773709304
ENSG00000178235	0.2583687123446796
ENSG00000153253	0.2580690870499409
ENSG00000206072	0.25804374072771075
ENSG00000163017	0.2574244817807134
ENSG00000137699	0.25731469249540195
ENSG00000235470	0.2569667922497567
ENSG00000269155	0.2569540407589288
ENSG00000022567	0.2566861368163522
ENSG00000135931	0.25658613551222986
ENSG00000239930	0.256392579592136
ENSG00000112562	0.2562928535410789
ENSG00000263674	0.256144167738245
ENSG00000100234	0.25613324913205004
ENSG00000125510	0.25583592494115703
ENSG00000211957	0.255834147907972
ENSG00000238022	0.2558228215698479
ENSG00000100218	0.25580040084841293
ENSG00000106952	0.25579813138156626
ENSG00000267416	0.25577127896845364
ENSG00000171819	0.25574168544741505
ENSG00000260492	0.2556948338045917
ENSG00000215182	0.2556385877465519
ENSG00000148053	0.25513309894937364
ENSG00000268182	0.25503610667487076
ENSG00000101331	0.2546981327839064
ENSG00000204347	0.254651758181774
ENSG00000140519	0.2545937025183638
ENSG00000169684	0.25425355169535924
ENSG00000170367	0.2542196205256231
ENSG00000268038	0.2541920595028053
ENSG00000007264	0.25400626218948164
ENSG00000249515	0.25392997201598067
ENSG00000261251	0.25384373010691363
ENSG00000205562	0.25357456825177116
ENSG00000164089	0.25347691890055923
ENSG00000263489	0.253449812284245
ENSG00000164707	0.2532571994259045
ENSG00000151790	0.25316969981622583
ENSG00000106648	0.2528526220765219
ENSG00000249479	0.25282035345575227
ENSG00000258837	0.2527127652574279
ENSG00000129244	0.25268795662966115
ENSG00000236306	0.2524884740815654
ENSG00000100078	0.252303502341682
ENSG00000171124	0.2522847235886303
ENSG00000260517	0.2521787988184194
ENSG00000153707	0.25211627134384673
ENSG00000170075	0.2520873090834508
ENSG00000132465	0.25195432583162636
ENSG00000196476	0.2519070379475963
ENSG00000074416	0.2518740725716042
ENSG00000223697	0.25179966673712384
ENSG00000226871	0.2517417236706716
ENSG00000215186	0.2517133460669718
ENSG00000186952	0.2515438581551581
ENSG00000235049	0.251518317432613
ENSG00000155816	0.251514237325263
ENSG00000184361	0.25150245791903947
ENSG00000141448	0.25140747468161906
ENSG00000254281	0.25139784220567085
ENSG00000106113	0.2513356701021521
ENSG00000141750	0.2511795388793061
ENSG00000273466	0.25115000140261534
ENSG00000105825	0.25109651900032404
ENSG00000139200	0.250833443408911
ENSG00000149311	0.25075887878078973
ENSG00000253679	0.25048922749719726
ENSG00000115665	0.2504132772954808
ENSG00000258399	0.25041189207278025
ENSG00000265115	0.25041007156246375
ENSG00000181211	0.2501180642515701
ENSG00000158321	0.2500743849384859
ENSG00000268530	0.24972924201081548
ENSG00000213085	0.24961973302650864
ENSG00000252311	0.24936464121328106
ENSG00000238194	0.2492813593847134
ENSG00000228280	0.24917136791392802
ENSG00000198598	0.24898705814539457
ENSG00000169933	0.24891501775410707
ENSG00000262920	0.24834721341040078
ENSG00000155511	0.24796420179468726
ENSG00000171791	0.24792678408620739
ENSG00000187954	0.24791214654400306
ENSG00000226567	0.24789014618564398
ENSG00000077080	0.24776383323543305
ENSG00000100122	0.24776189361729828
ENSG00000086696	0.24766005913938272
ENSG00000135144	0.2476003707865333
ENSG00000226938	0.24727538082457845
ENSG00000268649	0.24684237221347072
ENSG00000144741	0.24679655432840342
ENSG00000167900	0.24676391939377695
ENSG00000258487	0.2465327411340279
ENSG00000241158	0.24645611236345544
ENSG00000272632	0.24622710945353266
ENSG00000162745	0.2462171323086524
ENSG00000108947	0.24604461015422374
ENSG00000105609	0.24597330498288028
ENSG00000214290	0.24596467196258942
ENSG00000173376	0.24585876138510465
ENSG00000233862	0.24576450758568313
ENSG00000090659	0.24546671400525755
ENSG00000187105	0.24544596828570486
ENSG00000198822	0.24536220826144106
ENSG00000273172	0.2452189098571127
ENSG00000271631	0.24517675255785654
ENSG00000225929	0.24502329557444513
ENSG00000175894	0.24487323327173427
ENSG00000235994	0.24487205741216167
ENSG00000196090	0.24482054861314073
ENSG00000224532	0.24476794165125249
ENSG00000133019	0.24462180729927518
ENSG00000142619	0.24401773012204453
ENSG00000204542	0.24388654560454937
ENSG00000125285	0.24385045984582088
ENSG00000157404	0.24380771746655805
ENSG00000016490	0.24380591278962394
ENSG00000174948	0.2437358698822738
ENSG00000273369	0.24356437274688836
ENSG00000165895	0.24347728573294747
ENSG00000108242	0.24327140900375133
ENSG00000248445	0.24302053401154233
ENSG00000145113	0.24298396218980933
ENSG00000185442	0.2429651720932744
ENSG00000228031	0.24293739916668033
ENSG00000163283	0.2429112576151402
ENSG00000205858	0.24282561504740507
ENSG00000263982	0.24281873458523262
ENSG00000208024	0.24278412609829036
ENSG00000253381	0.24269162910583053
ENSG00000101280	0.24263990651003553
ENSG00000214237	0.24251465794625005
ENSG00000101850	0.2421690601280584
ENSG00000141433	0.24208563480842438
ENSG00000176753	0.24205581116570563
ENSG00000129214	0.24196184882079952
ENSG00000260672	0.24194965234917087
ENSG00000259439	0.2418986551096105
ENSG00000150337	0.24173795627764716
ENSG00000182902	0.24158524541196447
ENSG00000260202	0.24155953409045017
ENSG00000121297	0.24146796086061562
ENSG00000132840	0.24138458320799194
ENSG00000142973	0.24134574585885704
ENSG00000226155	0.24131478304953036
ENSG00000227088	0.24111264248655173
ENSG00000146090	0.2409484425527304
ENSG00000269072	0.2409443999140728
ENSG00000124237	0.24069963923398263
ENSG00000267138	0.24066299782390344
ENSG00000226025	0.24065682481284179
ENSG00000165935	0.24029204343777488
ENSG00000174015	0.2402444033126636
ENSG00000146350	0.24004390313183666
ENSG00000183186	0.24003922489521745
ENSG00000237380	0.24003639813185473
ENSG00000163206	0.2399737080127191
ENSG00000080511	0.23987712306490483
ENSG00000159556	0.23941648931276682
ENSG00000258647	0.23931549108869454
ENSG00000132704	0.23919110673550925
ENSG00000203785	0.23915768996830145
ENSG00000064835	0.23910199643149288
ENSG00000249592	0.23872035976535355
ENSG00000163114	0.2384730970506943
ENSG00000120057	0.2382906642204543
ENSG00000206181	0.2381669527003769
ENSG00000177553	0.23814299874779876
ENSG00000249231	0.23794394526678242
ENSG00000171724	0.2377919487374871
ENSG00000041982	0.23775900509908054
ENSG00000169760	0.23768692799997937
ENSG00000272823	0.237517946279717
ENSG00000161249	0.23749955526570932
ENSG00000130595	0.2374150583845258
ENSG00000183307	0.23733606410385932
ENSG00000166104	0.23731559001192504
ENSG00000205177	0.23699961841577677
ENSG00000261655	0.2369382905230868
ENSG00000102003	0.23663017347834758
ENSG00000162591	0.23656703140951452
ENSG00000234104	0.2365229771346875
ENSG00000100053	0.23648415328114902
ENSG00000105428	0.2363894016077368
ENSG00000100228	0.23624996068885018
ENSG00000259203	0.23614654416811498
ENSG00000061918	0.23613263150836517
ENSG00000213171	0.23608983640145964
ENSG00000257918	0.23587124595047038
ENSG00000186790	0.23582414419253195
ENSG00000135298	0.23562968547734742
ENSG00000145506	0.23545765846387834
ENSG00000262983	0.23535770144538604
ENSG00000211937	0.23534656428385214
ENSG00000230805	0.23513600198676765
ENSG00000250490	0.23513188998260404
ENSG00000255655	0.23511802807865245
ENSG00000235194	0.2350209296362098
ENSG00000206579	0.2349505075371323
ENSG00000149927	0.23494129175301404
ENSG00000196821	0.23487859933576694
ENSG00000260412	0.23485711574221413
ENSG00000163689	0.23465954730839966
ENSG00000226235	0.23406707808126703
ENSG00000109956	0.23404290737506117
ENSG00000235942	0.23396206397703745
ENSG00000230749	0.23395110038035205
ENSG00000269729	0.2338868773473295
ENSG00000260172	0.23380402196074468
ENSG00000224614	0.23376644028684557
ENSG00000231113	0.2337320324910599
ENSG00000204923	0.233524259362776
ENSG00000258502	0.23350624036984513
ENSG00000189410	0.23339625104950512
ENSG00000151789	0.2333250605265671
ENSG00000145864	0.2332824349768221
ENSG00000138675	0.23310612972815292
ENSG00000269970	0.23297062216444453
ENSG00000100767	0.23257529920318287
ENSG00000018625	0.23254585751565804
ENSG00000124171	0.23228675323036097
ENSG00000211976	0.2322692493634535
ENSG00000162951	0.23225404247304127
ENSG00000261040	0.2322388258108068
ENSG00000166924	0.2320970180774391
ENSG00000266013	0.23201547021848623
ENSG00000147113	0.2319971783835284
ENSG00000269896	0.2314712313332754
ENSG00000267694	0.2314492560010626
ENSG00000100665	0.23142713494447986
ENSG00000164047	0.23140577631793313
ENSG00000223458	0.23114419290294852
ENSG00000235687	0.2309614736090715
ENSG00000189068	0.23094086037863026
ENSG00000152439	0.230928341466361
ENSG00000138083	0.23087461705470003
ENSG00000146950	0.2308442186735158
ENSG00000198889	0.23079667728059694
ENSG00000110243	0.23052648859366465
ENSG00000184774	0.2303478575818605
ENSG00000169035	0.23013808672613445
ENSG00000164488	0.2299206412278325
ENSG00000131462	0.2298920686446435
ENSG00000267365	0.22978215823848003
ENSG00000226954	0.22932608117393305
ENSG00000226272	0.22926277878886236
ENSG00000233117	0.2290851326021106
ENSG00000113073	0.2290584487141274
ENSG00000231492	0.22903514976725514
ENSG00000196358	0.2290180906532151
ENSG00000170561	0.2290135451531563
ENSG00000149403	0.22894708312049628
ENSG00000273209	0.22893357943898462
ENSG00000131126	0.2288496080276059
ENSG00000270038	0.22883936955572026
ENSG00000265751	0.22864168193002365
ENSG00000164330	0.2285876762997765
ENSG00000249645	0.2284618333513444
ENSG00000095596	0.22822999695298818
ENSG00000220785	0.22813126869012068
ENSG00000260877	0.22773355341909207
ENSG00000235202	0.22756739520080038
ENSG00000117501	0.22756127559408657
ENSG00000244474	0.22755167116210595
ENSG00000217442	0.22725519144576878
ENSG00000107282	0.22718353608064512
ENSG00000198734	0.22693329977037435
ENSG00000197408	0.22658571696750163
ENSG00000167654	0.2263839814524211
ENSG00000183571	0.22600879419412712
ENSG00000135835	0.2258623372615698
ENSG00000230623	0.2258092539143124
ENSG00000236751	0.22572912488961605
ENSG00000104055	0.2256958443352166
ENSG00000184292	0.22550378419730155
ENSG00000261384	0.22545274015211025
ENSG00000111249	0.22540888620525235
ENSG00000183578	0.22501791753568479
ENSG00000263300	0.22489364984369908
ENSG00000181409	0.224792308025348
ENSG00000109182	0.2245701893040093
ENSG00000229671	0.224477691898614
ENSG00000211771	0.2244717487384167
ENSG00000251619	0.22439246025328385
ENSG00000164764	0.22438725098026535
ENSG00000249334	0.22436725981094785
ENSG00000156564	0.22434692711030157
ENSG00000230601	0.22428133261841499
ENSG00000272549	0.22416792949987197
ENSG00000268804	0.2240928537940492
ENSG00000116141	0.22399287998811812
ENSG00000241388	0.22395841306019704
ENSG00000243649	0.223937250773377
ENSG00000240563	0.22380082569004345
ENSG00000211716	0.2236895445969176
ENSG00000259087	0.22343490233836816
ENSG00000168621	0.22338548475664277
ENSG00000154478	0.223327349811431
ENSG00000204544	0.22324053695777568
ENSG00000197421	0.22312812411101923
ENSG00000211904	0.22306198843272496
ENSG00000118492	0.22302414695329142
ENSG00000229188	0.22291578474625418
ENSG00000273030	0.22282425015420593
ENSG00000224945	0.22281457487548284
ENSG00000163145	0.22272373593282113
ENSG00000196167	0.2226663858485296
ENSG00000180878	0.22246802705814273
ENSG00000260759	0.22238059836026047
ENSG00000180764	0.22226904797191271
ENSG00000211930	0.22226692527227732
ENSG00000185873	0.22219587125071172
ENSG00000168004	0.222193254249212
ENSG00000142615	0.2218955893853849
ENSG00000218416	0.2217917041469426
ENSG00000185823	0.22168371563893352
ENSG00000071246	0.22163520049977858
ENSG00000069431	0.22151479988219647
ENSG00000160188	0.22139250927551468
ENSG00000168135	0.2213064745454265
ENSG00000215386	0.22127357072690645
ENSG00000236120	0.22121638141480227
ENSG00000249642	0.22113607433005722
ENSG00000204653	0.22107218215190616
ENSG00000168502	0.22101684013056078
ENSG00000198901	0.2207437541815347
ENSG00000196475	0.22065302558202937
ENSG00000260183	0.22064263725852884
ENSG00000203786	0.22012199487158468
ENSG00000255148	0.21994680022553315
ENSG00000253961	0.2198698833710433
ENSG00000085265	0.2197340797830576
ENSG00000254602	0.21970699572214047
ENSG00000248455	0.21915627694168327
ENSG00000132872	0.21910199640389671
ENSG00000184984	0.2188603508072129
ENSG00000140297	0.21886026341377907
ENSG00000115165	0.2187611313115112
ENSG00000262003	0.21849710240901277
ENSG00000196109	0.2184447712503499
ENSG00000261568	0.21843858564002616
ENSG00000239906	0.21808808836918225
ENSG00000248197	0.21782194275044375
ENSG00000094755	0.21760615296552577
ENSG00000184845	0.21743760656559474
ENSG00000261168	0.21713954481109576
ENSG00000231711	0.21703633481823337
ENSG00000243352	0.21701931657022677
ENSG00000146039	0.2169943212544443
ENSG00000253988	0.21681771704982333
ENSG00000272259	0.21678837894681058
ENSG00000260926	0.21676226928426945
ENSG00000267662	0.21672529493192427
ENSG00000170477	0.21663256025589184
ENSG00000177202	0.21651072056195297
ENSG00000253368	0.21631420537349166
ENSG00000163879	0.21624096161617334
ENSG00000255181	0.21617424739156466
ENSG00000262445	0.21615899630203894
ENSG00000260577	0.21613123074926555
ENSG00000211961	0.21597485996766164
ENSG00000173227	0.21583920821892844
ENSG00000261177	0.21564834611656947
ENSG00000134769	0.21556489639695986
ENSG00000244026	0.21539780551266996
ENSG00000267574	0.2153674228194853
ENSG00000263812	0.2152749585990914
ENSG00000229262	0.21523233549821086
ENSG00000120332	0.21517182676629365
ENSG00000100209	0.21513854918905606
ENSG00000257198	0.21509039522523143
ENSG00000234300	0.21496308027885047
ENSG00000182993	0.21481359516224807
ENSG00000101464	0.21460533636424084
ENSG00000249695	0.21457481060135986
ENSG00000196782	0.21454547727255457
ENSG00000233081	0.2144176285869921
ENSG00000224186	0.21435051039797526
ENSG00000180861	0.21430879804643288
ENSG00000243981	0.2142235891641
ENSG00000242317	0.21416614960479485
ENSG00000231062	0.21415502020792365
ENSG00000211917	0.21411963624124297
ENSG00000155011	0.2140669505221462
ENSG00000226454	0.2140216188614037
ENSG00000115361	0.2139909473188626
ENSG00000177646	0.21390064517334517
ENSG00000077274	0.21382171300131358
ENSG00000228100	0.2137129640122759
ENSG00000224635	0.21364959209333656
ENSG00000118231	0.21358712589343143
ENSG00000088756	0.21346815467835034
ENSG00000182853	0.2134095328970138
ENSG00000158825	0.2131411037703297
ENSG00000170442	0.21309724602119595
ENSG00000250754	0.2127193362258364
ENSG00000261618	0.2127083329610564
ENSG00000231532	0.212693074952103
ENSG00000188877	0.21260886948275215
ENSG00000267922	0.21254484819046948
ENSG00000250930	0.2124975932561728
ENSG00000271734	0.2124747646473708
ENSG00000211734	0.21245805568427611
ENSG00000064270	0.2124550787335684
ENSG00000091137	0.21240479569768866
ENSG00000230155	0.21239620158905215
ENSG00000183715	0.21236680355758808
ENSG00000261625	0.21232619596894708
ENSG00000211769	0.2122630028168777
ENSG00000149451	0.21224973694708527
ENSG00000129596	0.2122235358995619
ENSG00000224309	0.21217681637105534
ENSG00000258035	0.21205282908159995
ENSG00000229901	0.2117253345736274
ENSG00000260630	0.21164565729595086
ENSG00000235888	0.21152496430552437
ENSG00000081913	0.2114438419895044
ENSG00000204001	0.2112743402853634
ENSG00000178395	0.21127307969782172
ENSG00000249173	0.21113279817705877
ENSG00000211804	0.21107517112160523
ENSG00000133067	0.21103845326135473
ENSG00000249242	0.21101736215593125
ENSG00000268560	0.21082568843161598
ENSG00000165023	0.21075677063327602
ENSG00000248485	0.21075660501798965
ENSG00000250056	0.2105451017860256
ENSG00000140450	0.210486101864221
ENSG00000134001	0.21025020479019174
ENSG00000259591	0.2102046096782293
ENSG00000179776	0.2101269807249566
ENSG00000230023	0.21000488070718948
ENSG00000188931	0.20998202258444087
ENSG00000252051	0.2097936719873439
ENSG00000234650	0.20962738366540368
ENSG00000182606	0.20951962793264922
ENSG00000170624	0.20951577450776826
ENSG00000261327	0.20950895056396535
ENSG00000083307	0.20948681398812918
ENSG00000182791	0.20935187792049637
ENSG00000141404	0.20917053038509703
ENSG00000127152	0.20913072757120177
ENSG00000067445	0.20891319427921684
ENSG00000261616	0.20872587801985154
ENSG00000225050	0.20867928757767018
ENSG00000103184	0.2085864919600886
ENSG00000080854	0.208569769751064
ENSG00000271320	0.20855971379479366
ENSG00000251320	0.20850989547893195
ENSG00000259803	0.20840693922308962
ENSG00000237702	0.20839348626630638
ENSG00000250421	0.20837731531936332
ENSG00000108387	0.20819429281821034
ENSG00000169469	0.20812396066000072
ENSG00000171509	0.2080574764934613
ENSG00000259341	0.20789784491936958
ENSG00000261558	0.20785872587029952
ENSG00000223911	0.20752173549299568
ENSG00000100346	0.20744880638269314
ENSG00000228618	0.20729456319261264
ENSG00000109685	0.2072617156495764
ENSG00000159713	0.20720818069807723
ENSG00000177359	0.20720635617770378
ENSG00000198648	0.20715023707941338
ENSG00000235052	0.20698809433530707
ENSG00000254981	0.20692648948799763
ENSG00000165188	0.20678131108063713
ENSG00000205488	0.2066744439405801
ENSG00000244752	0.20657399461226666
ENSG00000099365	0.20623457318846783
ENSG00000167723	0.20588091501526873
ENSG00000256797	0.20580140619265985
ENSG00000254337	0.2057748348976376
ENSG00000214922	0.20572394432284447
ENSG00000127585	0.20558637165773197
ENSG00000204688	0.2053195224192308
ENSG00000128253	0.2052954485160381
ENSG00000164741	0.2052143384850107
ENSG00000185662	0.2051383408224634
ENSG00000268287	0.20492964378882084
ENSG00000018280	0.2047634373994207
ENSG00000163687	0.20475930581373447
ENSG00000152117	0.20473661672446686
ENSG00000254064	0.20473024066170842
ENSG00000183844	0.20465741766719048
ENSG00000156253	0.20458592092779693
ENSG00000140563	0.2045840654235287
ENSG00000163995	0.20455237800571835
ENSG00000164142	0.20453967775821869
ENSG00000221949	0.20437718002494742
ENSG00000138944	0.20429377560076212
ENSG00000234215	0.20425257197104263
ENSG00000266036	0.20413451407561212
ENSG00000257989	0.20413228319930243
ENSG00000269271	0.20406568842569284
ENSG00000235419	0.20389725014797744
ENSG00000261368	0.20377336378829503
ENSG00000089356	0.2037429832391182
ENSG00000108691	0.20354698042985842
ENSG00000170423	0.2034167879246127
ENSG00000188580	0.20341089990496042
ENSG00000180264	0.20332862265702323
ENSG00000115266	0.20317876605782859
ENSG00000188089	0.20278133518427643
ENSG00000132932	0.20277671721714308
ENSG00000185652	0.20277130208757344
ENSG00000204624	0.2027705012058061
ENSG00000117215	0.2027616435352091
ENSG00000103769	0.20239441075190534
ENSG00000127903	0.2023599572335688
ENSG00000100604	0.20233746417242027
ENSG00000100433	0.20209933696283944
ENSG00000104267	0.2020038615408013
ENSG00000183876	0.20189879962219992
ENSG00000162542	0.20186281179717258
ENSG00000067840	0.2016569977527356
ENSG00000146278	0.20147255416657583
ENSG00000111817	0.2014487783341865
ENSG00000250222	0.20141751008516695
ENSG00000156006	0.20115940651469555
ENSG00000054803	0.2011413324096285
ENSG00000160716	0.20102070053453436
ENSG00000199488	0.2008927867710555
ENSG00000234736	0.20087361891510813
ENSG00000163421	0.20086966239634418
ENSG00000273079	0.2008534652916818
ENSG00000186407	0.20085122488157636
ENSG00000184908	0.20078000474925917
ENSG00000008516	0.2007051923756369
ENSG00000152894	0.20066099760579692
ENSG00000063015	0.20055067985609965
ENSG00000136720	0.2005248143676508
ENSG00000271721	0.20046830949513694
ENSG00000151338	0.20045944861701726
ENSG00000188755	0.20033793839278569
ENSG00000105205	0.2001997101119597
ENSG00000112297	0.2001105227465807
ENSG00000134193	0.19988172596238463
ENSG00000273091	0.19987545517624072
ENSG00000230454	0.199670710137122
ENSG00000173805	0.199647702902932
ENSG00000179674	0.1996286752586336
ENSG00000254427	0.19943003963680828
ENSG00000256008	0.19935893971887153
ENSG00000263072	0.1992433483294216
ENSG00000154930	0.19922485656919076
ENSG00000267879	0.19913722206145712
ENSG00000145945	0.19912978780234947
ENSG00000175325	0.19896711790842447
ENSG00000142178	0.19893682668576385
ENSG00000140932	0.1988944939526025
ENSG00000063601	0.19885434554706483
ENSG00000270010	0.1987141155256411
ENSG00000174611	0.1985961193394663
ENSG00000187527	0.19837237369967098
ENSG00000272690	0.1981712196611245
ENSG00000269821	0.19808087625247195
ENSG00000221852	0.1980281692042991
ENSG00000182983	0.19783635940001076
ENSG00000152578	0.19778162369530228
ENSG00000251171	0.19762982312096944
ENSG00000138623	0.19762450940372012
ENSG00000231808	0.19754294677917184
ENSG00000230698	0.19753007259225885
ENSG00000128567	0.19736507503026468
ENSG00000261520	0.197345182199413
ENSG00000214100	0.19728839094613537
ENSG00000272226	0.1972502014511892
ENSG00000187223	0.19718268870482913
ENSG00000081665	0.1969806876396758
ENSG00000215478	0.19692673809524597
ENSG00000126266	0.19689598494212368
ENSG00000205786	0.19687332334781216
ENSG00000167755	0.19684701597155452
ENSG00000137766	0.19677405573312923
ENSG00000207279	0.19665306487143064
ENSG00000186907	0.19641413096253824
ENSG00000224511	0.1962233919548777
ENSG00000272420	0.19613043562997245
ENSG00000248890	0.19581908123945957
ENSG00000115138	0.19562481966628265
ENSG00000152705	0.19561788149631387
ENSG00000183034	0.1954290811893986
ENSG00000197971	0.19533285431455671
ENSG00000224078	0.19520389151539286
ENSG00000230690	0.19512819224262934
ENSG00000172794	0.19509045555344584
ENSG00000259168	0.1950779150015105
ENSG00000257663	0.19504455132850995
ENSG00000103522	0.19491130302062465
ENSG00000244731	0.1948842910887818
ENSG00000111432	0.19487375915741767
ENSG00000269068	0.19471128817229055
ENSG00000131943	0.19465784622058124
ENSG00000254703	0.194624107322797
ENSG00000181291	0.19461549307086412
ENSG00000108176	0.1942979676104859
ENSG00000164611	0.1942905286607386
ENSG00000242076	0.19428916936838259
ENSG00000272912	0.19421229663520045
ENSG00000235643	0.19419142958829605
ENSG00000224128	0.1941822537073461
ENSG00000204385	0.1940927752181707
ENSG00000101203	0.1940385287940003
ENSG00000187003	0.1939367457360892
ENSG00000119522	0.1937730012534018
ENSG00000134760	0.1936542030206494
ENSG00000259023	0.1935614157972645
ENSG00000212710	0.1935100088017856
ENSG00000244437	0.1934898976975672
ENSG00000235812	0.19336596421870578
ENSG00000171298	0.1932533501236311
ENSG00000226490	0.19321115353437102
ENSG00000258099	0.19290290364901064
ENSG00000211764	0.19285095105530647
ENSG00000237989	0.1927698150131918
ENSG00000171316	0.19271568014115759
ENSG00000142583	0.1925840120749811
ENSG00000186973	0.19256114530722312
ENSG00000132514	0.1925132953754678
ENSG00000217236	0.19239064976906683
ENSG00000130649	0.1923506185641941
ENSG00000154153	0.19221474209883116
ENSG00000264790	0.19220849186288924
ENSG00000237513	0.1920211595564274
ENSG00000185479	0.19200677464412874
ENSG00000196141	0.19200164683262422
ENSG00000234719	0.19199290475441844
ENSG00000257354	0.19187713361477043
ENSG00000267012	0.19186326672360576
ENSG00000143867	0.19185030283645532
ENSG00000174950	0.19177071552530456
ENSG00000253731	0.19176871305120669
ENSG00000125850	0.1917068439994445
ENSG00000185684	0.1916643556119002
ENSG00000241345	0.1914733742712107
ENSG00000254932	0.1910571987061993
ENSG00000230725	0.19086800397741022
ENSG00000170807	0.19084390403862828
ENSG00000128052	0.19079433626650033
ENSG00000153094	0.1907763980031778
ENSG00000123594	0.19073133896682326
ENSG00000161634	0.19071599260192817
ENSG00000260300	0.19061820522067707
ENSG00000177108	0.19034184707638802
ENSG00000261193	0.19026975183097838
ENSG00000259604	0.1902273274219095
ENSG00000159173	0.19021906997884286
ENSG00000246763	0.19021661548941138
ENSG00000203930	0.19004568489248097
ENSG00000225807	0.19004007697509429
ENSG00000221818	0.18995015787370972
ENSG00000083937	0.1899399571452034
ENSG00000109654	0.1899233122079742
ENSG00000196260	0.18989532306125634
ENSG00000180447	0.18985251458926555
ENSG00000248121	0.18982636038065603
ENSG00000237638	0.18973636489778145
ENSG00000180875	0.1897106776340136
ENSG00000236253	0.1894989800780955
ENSG00000227467	0.18944818545100484
ENSG00000111049	0.1893121052001152
ENSG00000165192	0.18925951840903577
ENSG00000136110	0.1891951692700311
ENSG00000054598	0.18917364986971297
ENSG00000184601	0.18897460169017455
ENSG00000175077	0.18895508667342842
ENSG00000261693	0.18892392513999567
ENSG00000223701	0.18879743544632155
ENSG00000135697	0.18875473707144375
ENSG00000138696	0.1886898334022089
ENSG00000189280	0.18864266758166925
ENSG00000141560	0.18853094165426154
ENSG00000185024	0.18852379515596818
ENSG00000245293	0.18851651420093885
ENSG00000187151	0.18847280487403517
ENSG00000089169	0.18846592525039774
ENSG00000258857	0.18829182818855528
ENSG00000248572	0.18821921906415162
ENSG00000272619	0.18799714169916837
ENSG00000089094	0.18799632390596077
ENSG00000150783	0.18793649870811135
ENSG00000128408	0.18791394826728847
ENSG00000229821	0.1878783600926408
ENSG00000236304	0.18786005382220194
ENSG00000013293	0.18783970250586868
ENSG00000186088	0.1878202475315418
ENSG00000261325	0.1877809833217523
ENSG00000008735	0.18773662187579743
ENSG00000203729	0.18769687346736674
ENSG00000043591	0.1876363676110684
ENSG00000117600	0.1874848304021972
ENSG00000078900	0.18737834481394056
ENSG00000201207	0.18726032275197269
ENSG00000205642	0.18720752973928612
ENSG00000254943	0.18712787642050444
ENSG00000255344	0.18698748855461855
ENSG00000226174	0.18687464454531932
ENSG00000242086	0.18685007169987133
ENSG00000151929	0.18684404908266616
ENSG00000147041	0.18681046312203486
ENSG00000132681	0.18666444232308055
ENSG00000267053	0.18651846428733165
ENSG00000257740	0.18648563280052555
ENSG00000183250	0.1864522171311247
ENSG00000213023	0.18622656293877382
ENSG00000261329	0.1861195093085879
ENSG00000082684	0.1860401539521337
ENSG00000007314	0.18587453036383406
ENSG00000160791	0.18585567672509984
ENSG00000251259	0.18581422508954626
ENSG00000135750	0.18577415282807985
ENSG00000196734	0.18577041544466888
ENSG00000149043	0.18572296835658753
ENSG00000122592	0.1857012609999995
ENSG00000233656	0.18565249972814812
ENSG00000222939	0.1856371829975012
ENSG00000230033	0.1855782069532519
ENSG00000196273	0.1855284907644419
ENSG00000158714	0.18545169350407775
ENSG00000162367	0.18536328530900104
ENSG00000189295	0.18531630566815327
ENSG00000117281	0.18507964026200763
ENSG00000172476	0.18505318811215998
ENSG00000230839	0.18504231855762399
ENSG00000267731	0.18500352461053127
ENSG00000152954	0.18497766486964107
ENSG00000233718	0.1849759065569192
ENSG00000269826	0.184740768775582
ENSG00000260777	0.1845663960187065
ENSG00000226245	0.18452933160823037
ENSG00000100448	0.18449217276110397
ENSG00000259840	0.18447586694956142
ENSG00000149289	0.18445786724788804
ENSG00000155269	0.18426008437677677
ENSG00000258590	0.1842553850094295
ENSG00000179477	0.1842114803060102
ENSG00000087495	0.18409423311626627
ENSG00000170962	0.18399310541983338
ENSG00000184108	0.18397942081127883
ENSG00000164318	0.1839149687385888
ENSG00000185634	0.1837356431703674
ENSG00000261039	0.18363242346556752
ENSG00000185052	0.18354185125634648
ENSG00000162897	0.18351994375629443
ENSG00000054356	0.18351455730306898
ENSG00000253301	0.18342746168372126
ENSG00000259518	0.1833884291130885
ENSG00000234062	0.18337568794485448
ENSG00000272102	0.18335115715347072
ENSG00000256321	0.18319316777741923
ENSG00000171045	0.18319079032610697
ENSG00000253965	0.18314875499846028
ENSG00000259941	0.18314369324493618
ENSG00000260450	0.18298446279533986
ENSG00000140057	0.18297451986723212
ENSG00000182742	0.18294333798530982
ENSG00000183625	0.182504214266217
ENSG00000260969	0.18243916829509255
ENSG00000112337	0.18242826497041453
ENSG00000248994	0.18242433340066277
ENSG00000111218	0.18241331979733522
ENSG00000187180	0.18234383649570973
ENSG00000256050	0.18234325233185422
ENSG00000129151	0.18226995330602702
ENSG00000254130	0.18220756369074143
ENSG00000259676	0.18217771193599597
ENSG00000224222	0.1821399644236148
ENSG00000170209	0.1820086326261099
ENSG00000211673	0.18200776943859376
ENSG00000130294	0.18191541271699885
ENSG00000077782	0.18181726759598527
ENSG00000166527	0.18177737039510977
ENSG00000008196	0.18167893409351765
ENSG00000228923	0.1816454992463743
ENSG00000271871	0.18164237234238811
ENSG00000268707	0.18154977346683498
ENSG00000181350	0.1814424049348322
ENSG00000268055	0.18108144730950304
ENSG00000226488	0.18091159702491155
ENSG00000122852	0.180905548824827
ENSG00000144724	0.18075042164979527
ENSG00000170128	0.1806216352946397
ENSG00000143355	0.1805259902309999
ENSG00000223401	0.1805162606248636
ENSG00000236711	0.18046554776038337
ENSG00000153292	0.18041041987855144
ENSG00000230533	0.18033353897552407
ENSG00000202198	0.1802437909765766
ENSG00000149021	0.1802422324260997
ENSG00000167281	0.18014586485740258
ENSG00000181408	0.1800329490753121
ENSG00000149231	0.18003150676942403
ENSG00000272940	0.18000829963398113
ENSG00000174600	0.17997640555063676
ENSG00000116132	0.17985882269712672
ENSG00000180287	0.1798415279731671
ENSG00000240253	0.17970204658203404
ENSG00000253887	0.17961265836661577
ENSG00000224790	0.17955904026069125
ENSG00000257083	0.17939607260215773
ENSG00000160808	0.17922327888487488
ENSG00000227729	0.1792155788713763
ENSG00000102891	0.17906956115010297
ENSG00000161270	0.17897515351465554
ENSG00000241472	0.1788194175426545
ENSG00000243062	0.17878096141501576
ENSG00000147082	0.178737287745385
ENSG00000173404	0.17868473027969367
ENSG00000234551	0.17857699680237604
ENSG00000105649	0.17855317242038127
ENSG00000183434	0.17849843384902964
ENSG00000161692	0.17848659316462645
ENSG00000163646	0.17847171733366607
ENSG00000237234	0.17845851067156104
ENSG00000273329	0.1782928985578378
ENSG00000260469	0.17819434764069442
ENSG00000187806	0.17812550912655323
ENSG00000008128	0.1781236887343396
ENSG00000266708	0.17807226942083165
ENSG00000255310	0.17800531810643005
ENSG00000205838	0.17795879044831597
ENSG00000170647	0.1779231223595794
ENSG00000026652	0.17791543816420607
ENSG00000227911	0.17789916666206884
ENSG00000272425	0.17787834081401055
ENSG00000019485	0.17784606573026385
ENSG00000170356	0.1778181693118499
ENSG00000163637	0.1775953772351877
ENSG00000173535	0.17751724187094142
ENSG00000225334	0.17751602408235034
ENSG00000234028	0.17739191719632297
ENSG00000105738	0.17737992504754496
ENSG00000253955	0.1773731461839223
ENSG00000128604	0.17728970508444686
ENSG00000259459	0.17726711389181782
ENSG00000248627	0.17720164691370166
ENSG00000172292	0.17718851514526834
ENSG00000215475	0.1771840577759456
ENSG00000267026	0.17714610124729857
ENSG00000172215	0.17709304834929984
ENSG00000253125	0.17702761301151826
ENSG00000184163	0.17699705594635606
ENSG00000268027	0.1769829559091165
ENSG00000255246	0.17679743703981465
ENSG00000171201	0.1767241578729848
ENSG00000258308	0.17671881431993874
ENSG00000103316	0.1765845647823352
ENSG00000116171	0.17648839535639405
ENSG00000251399	0.1764088985224015
ENSG00000165383	0.17625456125804373
ENSG00000170703	0.17615337442092027
ENSG00000119661	0.17614931942296197
ENSG00000167100	0.17596808393329644
ENSG00000047617	0.17589953132247538
ENSG00000235461	0.17587238015462803
ENSG00000170899	0.17578340393164393
ENSG00000133392	0.1755720705413215
ENSG00000234855	0.17554011682821535
ENSG00000211898	0.17551232995796906
ENSG00000158055	0.17545943489500138
ENSG00000196946	0.17533692927168332
ENSG00000126233	0.1753122975956558
ENSG00000132622	0.1752617681092481
ENSG00000183628	0.17521178647044877
ENSG00000102935	0.17519626614260364
ENSG00000176919	0.17503325552876325
ENSG00000259370	0.174881589329416
ENSG00000106991	0.17486818818707417
ENSG00000109794	0.17476006079865436
ENSG00000142687	0.17466834256773334
ENSG00000145244	0.17462256809505394
ENSG00000261800	0.17459359017320497
ENSG00000183570	0.17453858476415673
ENSG00000264924	0.17441150435080388
ENSG00000166927	0.17415008096381301
ENSG00000146143	0.17405367420047346
ENSG00000141655	0.17404463122238245
ENSG00000231334	0.1739751776535412
ENSG00000111859	0.17396709308639413
ENSG00000103089	0.17391431988516093
ENSG00000147526	0.17379525083835645
ENSG00000198156	0.17364948127535995
ENSG00000171551	0.17356607402298851
ENSG00000070915	0.17342342957860968
ENSG00000175877	0.17341622191627537
ENSG00000133962	0.17318198318281675
ENSG00000229116	0.17306515181291315
ENSG00000256422	0.17306436437020323
ENSG00000234162	0.17296756071123864
ENSG00000261054	0.1729396284050384
ENSG00000234377	0.17283811722784326
ENSG00000163638	0.172837511284331
ENSG00000198576	0.1727785529055028
ENSG00000184557	0.17272531468169072
ENSG00000168397	0.17272446985109435
ENSG00000224965	0.17267970807139688
ENSG00000136842	0.17266637032304888
ENSG00000155886	0.17263081465947816
ENSG00000237233	0.1726230017637298
ENSG00000187726	0.17248606873008865
ENSG00000099840	0.17231011914013128
ENSG00000189013	0.1722703900358813
ENSG00000148719	0.17219885285252778
ENSG00000266835	0.17206075355057848
ENSG00000153303	0.17202514602079888
ENSG00000253644	0.1719801501855649
ENSG00000188517	0.1718913293686002
ENSG00000168356	0.17182058259340893
ENSG00000226281	0.17181382080201035
ENSG00000203756	0.1716922443527884
ENSG00000255565	0.17166287601023655
ENSG00000241054	0.17165570860258583
ENSG00000211650	0.17160779147423488
ENSG00000112139	0.17150015338098634
ENSG00000144230	0.171424672511715
ENSG00000157870	0.17137192087603603
ENSG00000205864	0.171364887699879
ENSG00000185156	0.1712126028152039
ENSG00000258460	0.17118594551288946
ENSG00000147206	0.17117438068867608
ENSG00000234006	0.17116224980508687
ENSG00000164483	0.17113837891085137
ENSG00000132259	0.1710082840142284
ENSG00000267112	0.17081519650511945
ENSG00000163464	0.17074884012590763
ENSG00000245812	0.17069672603811759
ENSG00000257949	0.17054661261396764
ENSG00000149633	0.17038464482112015
ENSG00000105409	0.17033361643505818
ENSG00000114654	0.17022391470943066
ENSG00000078725	0.17022203560416016
ENSG00000019169	0.1701999641064782
ENSG00000124440	0.17015184711248432
ENSG00000164326	0.17006584281233383
ENSG00000248767	0.16990642055587113
ENSG00000130558	0.16985842852493804
ENSG00000253260	0.16985804978429475
ENSG00000107807	0.1697629663315996
ENSG00000169252	0.16973793532621562
ENSG00000236453	0.1696562332666065
ENSG00000059377	0.16962986950277603
ENSG00000132970	0.16956520970737765
ENSG00000261485	0.16956477501945355
ENSG00000133256	0.16951634139055405
ENSG00000110318	0.16951275313540526
ENSG00000272514	0.1695122196759924
ENSG00000272797	0.16945276796088904
ENSG00000150627	0.16944581863047947
ENSG00000182389	0.16941784931960502
ENSG00000176571	0.16930965646990104
ENSG00000187642	0.169284496012031
ENSG00000211599	0.1691806936201128
ENSG00000238102	0.1691616912412195
ENSG00000227053	0.16909045647551157
ENSG00000172020	0.16905259141913098
ENSG00000232528	0.169034001607413
ENSG00000150625	0.16901332952214942
ENSG00000124215	0.16894366984323783
ENSG00000228436	0.16860034982099936
ENSG00000178171	0.168583639384013
ENSG00000263612	0.16855604926642997
ENSG00000170745	0.16840555315718442
ENSG00000267225	0.16821241930364672
ENSG00000260769	0.168116771845076
ENSG00000160180	0.16805147012381116
ENSG00000145632	0.16786172149390732
ENSG00000151322	0.1676810929509418
ENSG00000263826	0.16767835374579199
ENSG00000267279	0.16756330327670388
ENSG00000158764	0.1675523190262318
ENSG00000114541	0.16755004829467057
ENSG00000234828	0.167458733009753
ENSG00000092051	0.16742726718489487
ENSG00000134612	0.16740406622507398
ENSG00000227678	0.16732234025595716
ENSG00000159289	0.16714758212708825
ENSG00000154721	0.16714474759051523
ENSG00000156453	0.16712736806281092
ENSG00000169306	0.16710026008093903
ENSG00000259004	0.16701710772306977
ENSG00000229740	0.16700011978360885
ENSG00000205361	0.16697685862553402
ENSG00000109205	0.16697254226206448
ENSG00000015413	0.16695256864320673
ENSG00000266357	0.16693855079691833
ENSG00000223652	0.16684702771593996
ENSG00000265544	0.1668411325863166
ENSG00000162438	0.16672053046426427
ENSG00000108465	0.16668414123704478
ENSG00000148219	0.1665408498314136
ENSG00000234676	0.16615091824973716
ENSG00000229175	0.16614277744615524
ENSG00000254340	0.16609634654170646
ENSG00000134716	0.16603853067484775
ENSG00000168065	0.1659839354815238
ENSG00000269332	0.16591368070417678
ENSG00000258342	0.1659085219309635
ENSG00000265929	0.16587456205776152
ENSG00000259786	0.16574538304111486
ENSG00000204539	0.16574134683413733
ENSG00000162892	0.16572395413578933
ENSG00000143839	0.16553722098559587
ENSG00000155966	0.16549982793161622
ENSG00000273002	0.1654792802101659
ENSG00000267250	0.16546209748292506
ENSG00000137872	0.16524558674019452
ENSG00000196209	0.16524420790008731
ENSG00000258642	0.16514893579942558
ENSG00000107295	0.1650331503864324
ENSG00000256650	0.16495787571747855
ENSG00000234232	0.16481884770590782
ENSG00000253678	0.16480242934812428
ENSG00000125845	0.16480200877128448
ENSG00000163630	0.16463113297007026
ENSG00000103528	0.16463078158813715
ENSG00000227248	0.16458309924054726
ENSG00000177946	0.16455665337567238
ENSG00000227200	0.16451735172849213
ENSG00000123496	0.16446523495240561
ENSG00000259475	0.1644546851004236
ENSG00000254266	0.16442158482737979
ENSG00000171540	0.164352314500541
ENSG00000141469	0.16432146590710017
ENSG00000253733	0.1643133472347844
ENSG00000100095	0.16415458021935003
ENSG00000234484	0.16414467511740538
ENSG00000266106	0.16408417001808662
ENSG00000078579	0.16404543954509387
ENSG00000230596	0.16397269619631238
ENSG00000135821	0.1639050973306968
ENSG00000253309	0.16382570988326473
ENSG00000261296	0.1638254445232714
ENSG00000203897	0.16381968042517103
ENSG00000186471	0.163769935989297
ENSG00000249623	0.16370239405545073
ENSG00000188997	0.1636778010521942
ENSG00000135114	0.16356991021714373
ENSG00000235527	0.16341778714345967
ENSG00000103381	0.16340143840900145
ENSG00000135502	0.1634004000034448
ENSG00000268754	0.16339581610126053
ENSG00000177103	0.16329395580492534
ENSG00000228748	0.16328481154291552
ENSG00000197614	0.16327480472882616
ENSG00000143125	0.16326046605006095
ENSG00000165646	0.1631708052247447
ENSG00000184156	0.16316007603866178
ENSG00000211682	0.16310783156969166
ENSG00000187773	0.1630493009012144
ENSG00000178226	0.16298044810063272
ENSG00000246528	0.16296651580606292
ENSG00000205084	0.16290824398982684
ENSG00000235772	0.16284616986896583
ENSG00000105523	0.1627615562724889
ENSG00000132510	0.1627579986934371
ENSG00000181036	0.16274605689014598
ENSG00000225472	0.1626662458719903
ENSG00000267207	0.16263897811759187
ENSG00000266610	0.162621305399975
ENSG00000200237	0.1625952823015775
ENSG00000162267	0.16249080249758663
ENSG00000244586	0.1624847885106797
ENSG00000180785	0.16246358427746022
ENSG00000173467	0.16241504287944108
ENSG00000267579	0.1623724183646098
ENSG00000233590	0.16232273977876588
ENSG00000112759	0.16222488359419995
ENSG00000179673	0.1621500715583597
ENSG00000128242	0.1621198177286396
ENSG00000219200	0.16202624601894478
ENSG00000220575	0.16198254327444195
ENSG00000196169	0.16195299949017272
ENSG00000188133	0.16187839871561893
ENSG00000227175	0.16171376888478362
ENSG00000162873	0.16160984077919216
ENSG00000137507	0.1614615439019138
ENSG00000144285	0.16146139250500502
ENSG00000254635	0.16128140091027943
ENSG00000244479	0.16127994395685508
ENSG00000269190	0.1610446468987261
ENSG00000168490	0.16098807983323016
ENSG00000183035	0.1608531215400204
ENSG00000109705	0.16074428818873843
ENSG00000137801	0.16061643025929295
ENSG00000236384	0.16052101293127885
ENSG00000228261	0.16051361313134338
ENSG00000181378	0.16050248305547132
ENSG00000181781	0.160406090595139
ENSG00000157168	0.1602944705039031
ENSG00000231329	0.16018655227078749
ENSG00000258696	0.1601511421206192
ENSG00000259188	0.16007852607272288
ENSG00000251718	0.15988893134890803
ENSG00000161640	0.15968277716412116
ENSG00000141480	0.15965810346762344
ENSG00000113492	0.15963890263915004
ENSG00000106125	0.15958955737067426
ENSG00000230226	0.15953665278519247
ENSG00000126775	0.15949413648951838
ENSG00000226581	0.15944247375196063
ENSG00000272724	0.15932785968348795
ENSG00000211750	0.15928851065587346
ENSG00000267337	0.15922896286166743
ENSG00000124875	0.15911726213927246
ENSG00000186788	0.1590564390471172
ENSG00000125207	0.15902227805623603
ENSG00000158023	0.15887033643479853
ENSG00000161940	0.15881942274633332
ENSG00000166275	0.15866551786914762
ENSG00000136928	0.1586612197607602
ENSG00000211721	0.15860843388789547
ENSG00000226453	0.15859133678085868
ENSG00000123094	0.15853462877172841
ENSG00000272788	0.1585007865696466
ENSG00000116544	0.1584743659515513
ENSG00000116254	0.1582777060140852
ENSG00000139174	0.1582344294210838
ENSG00000153495	0.15820324631363936
ENSG00000117616	0.15807071076993195
ENSG00000257700	0.1580550557241791
ENSG00000196460	0.15801828374268267
ENSG00000117139	0.15801711095239424
ENSG00000269993	0.1579752591021717
ENSG00000133401	0.15791057866941793
ENSG00000243273	0.15768440001610862
ENSG00000006047	0.15765593966016933
ENSG00000173237	0.15753377451407413
ENSG00000134138	0.1575209799796249
ENSG00000273036	0.15747379696505104
ENSG00000050438	0.15747010519742433
ENSG00000224361	0.1574553413544948
ENSG00000127863	0.15739247124089317
ENSG00000145147	0.15718652925102172
ENSG00000104415	0.15715594279755885
ENSG00000076554	0.157030547981726
ENSG00000254364	0.1569904453553932
ENSG00000257151	0.15681860048446783
ENSG00000263563	0.15680509399791598
ENSG00000249456	0.15675616923983937
ENSG00000258952	0.156736601515705
ENSG00000253764	0.15667871941586564
ENSG00000054793	0.15664906665306377
ENSG00000259611	0.15661544007225525
ENSG00000178836	0.15661333265841626
ENSG00000255746	0.15643113754775384
ENSG00000227744	0.1564019948745763
ENSG00000168453	0.15637095736591822
ENSG00000155980	0.15629249238335818
ENSG00000212694	0.15628430259105386
ENSG00000267061	0.15620654520993837
ENSG00000006611	0.1562029764885402
ENSG00000228403	0.15609889637129348
ENSG00000249637	0.15603763246983027
ENSG00000269918	0.1559882234506753
ENSG00000124780	0.15595992308812878
ENSG00000146070	0.15594088713757004
ENSG00000224301	0.15592992854959054
ENSG00000267420	0.1559057100400718
ENSG00000157131	0.15583620183127178
ENSG00000232715	0.15570139967043395
ENSG00000149269	0.15566358233358946
ENSG00000173442	0.1556396598609575
ENSG00000230910	0.1556342114530529
ENSG00000229557	0.15553459855082963
ENSG00000085276	0.15553335062638518
ENSG00000127083	0.1554980105089927
ENSG00000198471	0.15547152225004668
ENSG00000171033	0.15545439020878793
ENSG00000115540	0.15533179459888324
ENSG00000182333	0.1553221074006903
ENSG00000273056	0.15531647519463543
ENSG00000245275	0.15526427649889607
ENSG00000214711	0.1552497736146008
ENSG00000203952	0.155191037718881
ENSG00000049759	0.15518089942621405
ENSG00000170820	0.15515827094937662
ENSG00000224973	0.15511579510398632
ENSG00000104755	0.15509424425300367
ENSG00000269463	0.15507662645607767
ENSG00000130032	0.15500750712164812
ENSG00000250772	0.15500007460555065
ENSG00000267505	0.15496613464854248
ENSG00000125531	0.15485220259901666
ENSG00000228140	0.15480948033883934
ENSG00000166220	0.15466603602024032
ENSG00000151892	0.15463295362332796
ENSG00000160856	0.15452295549274364
ENSG00000234068	0.15450250175732005
ENSG00000161082	0.15447349917967657
ENSG00000267890	0.15434414064690194
ENSG00000154856	0.15414386950220038
ENSG00000120440	0.1541304873253302
ENSG00000163827	0.15411013571758647
ENSG00000270058	0.1541055879995099
ENSG00000182492	0.154020578779116
ENSG00000116205	0.15386945631325255
ENSG00000166073	0.1537080016445953
ENSG00000162413	0.15360958007659598
ENSG00000131096	0.15359395526893693
ENSG00000007237	0.15351086392851498
ENSG00000183379	0.1534979989180334
ENSG00000197461	0.15339804027699122
ENSG00000159398	0.1532821747826798
ENSG00000125869	0.15323762288925336
ENSG00000154611	0.15323056531916213
ENSG00000178795	0.15320103269470042
ENSG00000267262	0.15312188098112944
ENSG00000174279	0.15311907053613982
ENSG00000032742	0.15296891938561363
ENSG00000224968	0.15275796238027883
ENSG00000258010	0.15269397324802658
ENSG00000153976	0.15261952300462767
ENSG00000250156	0.15261666615042446
ENSG00000248717	0.15241683897838443
ENSG00000187969	0.15235424023994693
ENSG00000184313	0.15229703281384688
ENSG00000075711	0.15219054551202338
ENSG00000183077	0.15196176713171639
ENSG00000170989	0.15196084079771377
ENSG00000143921	0.15188733137956723
ENSG00000261666	0.15187229320331097
ENSG00000232554	0.15177147282982695
ENSG00000177558	0.15175687921846293
ENSG00000083097	0.15172111083883677
ENSG00000149452	0.15163745075480062
ENSG00000197980	0.15160802345285962
ENSG00000188011	0.15146583731384755
ENSG00000257787	0.15143255568404745
ENSG00000232306	0.15141401954882205
ENSG00000255045	0.15140968094345153
ENSG00000151224	0.151359090422994
ENSG00000106829	0.15120583231217632
ENSG00000258068	0.15114715632529174
ENSG00000044524	0.15109075049639986
ENSG00000101883	0.1509261810424658
ENSG00000151617	0.1509028346218424
ENSG00000019505	0.15086544185038187
ENSG00000249673	0.1508213530669349
ENSG00000205363	0.15078435391743739
ENSG00000144649	0.15049121403078414
ENSG00000132470	0.15046721084663628
ENSG00000176148	0.1504285202541551
ENSG00000255335	0.15040417484856183
ENSG00000150201	0.15037304640976012
ENSG00000155275	0.15033262748351128
ENSG00000143845	0.15023343511815535
ENSG00000164683	0.14998108771888985
ENSG00000103710	0.14993462921604261
ENSG00000110195	0.14967065076086072
ENSG00000261760	0.14965594786689684
ENSG00000205853	0.1493143651213129
ENSG00000164266	0.14929747998421083
ENSG00000118473	0.14922215496140545
ENSG00000125966	0.14916004280045025
ENSG00000173702	0.14904644013550516
ENSG00000100191	0.14900613703393595
ENSG00000131503	0.14899739107837595
ENSG00000206913	0.1489765725851302
ENSG00000260807	0.14878008954377786
ENSG00000196932	0.14863697263621822
ENSG00000230550	0.14856655781302597
ENSG00000197558	0.14850217703582214
ENSG00000170323	0.14841546677264383
ENSG00000182836	0.1483989895497515
ENSG00000025708	0.1483336474361916
ENSG00000115461	0.14830052165969354
ENSG00000178796	0.14815757064923551
ENSG00000233776	0.14810449317674523
ENSG00000235263	0.148052177286492
ENSG00000261379	0.14800732999431965
ENSG00000226091	0.14794380374536464
ENSG00000228314	0.14793907551932284
ENSG00000158113	0.14792848384879953
ENSG00000206991	0.14792428802629431
ENSG00000140968	0.14791888048421487
ENSG00000063587	0.14780106670293436
ENSG00000107929	0.14777825677234735
ENSG00000106341	0.1477510469542631
ENSG00000239881	0.14762121242149084
ENSG00000143549	0.14760073182295774
ENSG00000163295	0.14750738784920814
ENSG00000185010	0.14748936901569376
ENSG00000228672	0.14739035571850367
ENSG00000245857	0.14736960703825086
ENSG00000254535	0.1473095515219609
ENSG00000222019	0.14728132435852648
ENSG00000268355	0.14727430343532388
ENSG00000270750	0.14720609553808628
ENSG00000144642	0.14716769701225507
ENSG00000203727	0.14714179501050584
ENSG00000075275	0.14713034820086457
ENSG00000239149	0.1470967679585662
ENSG00000203923	0.1470763355358582
ENSG00000256463	0.14703377028252862
ENSG00000056487	0.1470130768411575
ENSG00000228784	0.14682510437307994
ENSG00000262006	0.14675698187778075
ENSG00000255007	0.1466971777096917
ENSG00000131686	0.14669323586435734
ENSG00000150750	0.1465978928500027
ENSG00000267104	0.1465857509031867
ENSG00000248529	0.1465613342438976
ENSG00000235351	0.14653816530299957
ENSG00000140675	0.14650715444598905
ENSG00000257595	0.14649708568586628
ENSG00000181381	0.1464791693031695
ENSG00000131094	0.14632926950039327
ENSG00000118689	0.14628389425589305
ENSG00000244137	0.14618678361377024
ENSG00000258077	0.14610465412586637
ENSG00000151062	0.14609667482941946
ENSG00000150471	0.14603028829195042
ENSG00000264954	0.14594413101322345
ENSG00000272221	0.14571055628897045
ENSG00000089127	0.14568016343238654
ENSG00000187260	0.1454060409696203
ENSG00000164816	0.14535303879301797
ENSG00000168658	0.145348686604704
ENSG00000265413	0.14531082064143463
ENSG00000134765	0.14521266631497132
ENSG00000106804	0.1451310199362872
ENSG00000101144	0.1450348923327811
ENSG00000130584	0.1449646504038613
ENSG00000249163	0.14494688712314252
ENSG00000253220	0.14492322927072165
ENSG00000161835	0.14492196580598016
ENSG00000271130	0.14489784922937954
ENSG00000177301	0.1448456755649603
ENSG00000103199	0.1447946281567285
ENSG00000154642	0.14475570148718453
ENSG00000211678	0.14473582910460925
ENSG00000136206	0.144733243090998
ENSG00000256582	0.1447054710950435
ENSG00000135299	0.14466101861022307
ENSG00000214548	0.14464485089106094
ENSG00000197057	0.14458332724858325
ENSG00000149295	0.1445167965691243
ENSG00000230565	0.1445116549612795
ENSG00000130287	0.1443684583483451
ENSG00000196781	0.1443576017280268
ENSG00000121270	0.14430447242123412
ENSG00000137462	0.14423095337163705
ENSG00000233610	0.14418999929398857
ENSG00000134594	0.14413776948614454
ENSG00000224311	0.14409729833385176
ENSG00000164176	0.14409388703176607
ENSG00000104047	0.1439555390620444
ENSG00000255346	0.14386567576646248
ENSG00000259828	0.14382700559332684
ENSG00000123500	0.14379364361909963
ENSG00000259804	0.14366989935141894
ENSG00000175311	0.143656116355539
ENSG00000101188	0.14364325518828647
ENSG00000134444	0.1435891567435692
ENSG00000102174	0.1435716417274875
ENSG00000214176	0.1435709676515009
ENSG00000272368	0.14345869792972898
ENSG00000173369	0.14343771825833485
ENSG00000261400	0.1433478813494946
ENSG00000222057	0.14331203551611282
ENSG00000120885	0.14321479963249262
ENSG00000183287	0.1430708064259234
ENSG00000182870	0.1430507512381256
ENSG00000188523	0.14304442134778994
ENSG00000153093	0.14300113430721617
ENSG00000185507	0.14299899159048168
ENSG00000166143	0.14288935006408643
ENSG00000048540	0.142811902502066
ENSG00000167912	0.14277407324308844
ENSG00000092067	0.14269585567602827
ENSG00000231196	0.1426717336147112
ENSG00000111052	0.14245412835621463
ENSG00000229240	0.14239297977196275
ENSG00000131386	0.14238754123308284
ENSG00000174403	0.1423420561872344
ENSG00000203808	0.14229472405967747
ENSG00000244203	0.14221740798245452
ENSG00000069188	0.1420603073757596
ENSG00000229027	0.1419660942458345
ENSG00000237070	0.14188186341904196
ENSG00000248525	0.14187799271367862
ENSG00000135248	0.14172952309652365
ENSG00000077522	0.14165992632393243
ENSG00000171872	0.14153358941789196
ENSG00000250366	0.1415064329157394
ENSG00000165462	0.14144490097211415
ENSG00000081800	0.1411719259256019
ENSG00000126500	0.14117189457722046
ENSG00000250103	0.14112228868121912
ENSG00000092820	0.14109979948173157
ENSG00000254094	0.14100380256616885
ENSG00000157330	0.14100101891470307
ENSG00000169715	0.14082955280228981
ENSG00000230587	0.140800977999332
ENSG00000251664	0.14077763187197734
ENSG00000136383	0.14075114104389286
ENSG00000134121	0.14066895447673944
ENSG00000112499	0.14052211915862078
ENSG00000176029	0.14049465097939895
ENSG00000267777	0.1403844880535181
ENSG00000165495	0.1401433327399062
ENSG00000130363	0.14004448030036776
ENSG00000145920	0.14003932207526204
ENSG00000154274	0.14001101010093042
ENSG00000162373	0.13995513494558764
ENSG00000234977	0.13967224851302618
ENSG00000158525	0.13957321503747577
ENSG00000158106	0.13944346796251894
ENSG00000211707	0.13939548282063852
ENSG00000060709	0.13933888271364814
ENSG00000166478	0.1393192629853759
ENSG00000256499	0.13927923149288324
ENSG00000231721	0.1391570669108182
ENSG00000166206	0.1390575656219728
ENSG00000139044	0.13901216833253627
ENSG00000257335	0.1389937592232513
ENSG00000086205	0.1389186310153303
ENSG00000251616	0.1388817894086607
ENSG00000227603	0.1388797722395987
ENSG00000256967	0.13886910764741445
ENSG00000204022	0.13886027586359573
ENSG00000224814	0.13884003829451474
ENSG00000255545	0.13875116225927897
ENSG00000248809	0.13864573288147608
ENSG00000224153	0.1385706093665684
ENSG00000139547	0.1385640181489145
ENSG00000271579	0.13850802636491366
ENSG00000254813	0.13850525134041147
ENSG00000182782	0.13848999681846474
ENSG00000223855	0.1384835173601231
ENSG00000188662	0.13848222467455984
ENSG00000186009	0.13845948640679606
ENSG00000105641	0.13844295487980562
ENSG00000171476	0.1384151818632775
ENSG00000243290	0.13827914981528644
ENSG00000108878	0.1381414224963633
ENSG00000143632	0.13797773634264687
ENSG00000255258	0.137929716814855
ENSG00000236299	0.1378970083071991
ENSG00000233262	0.1378028729402685
ENSG00000139304	0.137737836820643
ENSG00000166387	0.13767109290243584
ENSG00000138400	0.1375468886296416
ENSG00000142185	0.13751320475968543
ENSG00000178403	0.1375080542278
ENSG00000008056	0.13749542401254278
ENSG00000105650	0.13746828944673473
ENSG00000144962	0.13735776939383504
ENSG00000186844	0.13726884818882845
ENSG00000233101	0.13713807700342162
ENSG00000196361	0.13704956173909588
ENSG00000267714	0.13697439126992417
ENSG00000255183	0.13672097287499785
ENSG00000254651	0.13662522397319288
ENSG00000226686	0.13654432900620384
ENSG00000258789	0.13648949986569425
ENSG00000250579	0.13648602401098708
ENSG00000137727	0.13644151513357605
ENSG00000245526	0.13635319641271937
ENSG00000132972	0.1363450167218121
ENSG00000202461	0.13610637417311633
ENSG00000267654	0.1360631828503054
ENSG00000090376	0.13595873566231131
ENSG00000176236	0.13589702582959529
ENSG00000256888	0.13582142648934425
ENSG00000049239	0.13571448206700576
ENSG00000189269	0.13563407391395166
ENSG00000211807	0.13558224930858342
ENSG00000236841	0.13548788980625748
ENSG00000138439	0.13546726901909434
ENSG00000232490	0.13527162481946942
ENSG00000182013	0.13526458339896896
ENSG00000263013	0.13523885257929225
ENSG00000230401	0.13523032272637403
ENSG00000246016	0.1352159455785502
ENSG00000272755	0.13515499864911895
ENSG00000211974	0.13512285817298597
ENSG00000237312	0.13506222737420215
ENSG00000079691	0.1348305391966933
ENSG00000226762	0.13479791357970838
ENSG00000236301	0.1347706231583543
ENSG00000199698	0.13476208104020615
ENSG00000222012	0.13474133235206343
ENSG00000124143	0.13472175923818397
ENSG00000136856	0.1346953905484134
ENSG00000167632	0.13468531177016585
ENSG00000106610	0.13464065232128575
ENSG00000271218	0.13457283259719466
ENSG00000259269	0.1345373599176407
ENSG00000236996	0.13447308020507287
ENSG00000181322	0.13443046984253337
ENSG00000138755	0.13442872061406264
ENSG00000162877	0.1343736728158742
ENSG00000211765	0.13433917569502696
ENSG00000242600	0.13428038698601608
ENSG00000101448	0.13426297494719597
ENSG00000225881	0.1342491970099693
ENSG00000161267	0.13422861751917647
ENSG00000213088	0.13412544635838008
ENSG00000100302	0.13412483068805736
ENSG00000181995	0.13408204158225212
ENSG00000179761	0.13405753283253596
ENSG00000182450	0.13399613849687375
ENSG00000163050	0.13391355746219213
ENSG00000108244	0.13389630284036858
ENSG00000197753	0.1338889101442835
ENSG00000205426	0.133793643670725
ENSG00000065609	0.13378764109012176
ENSG00000172031	0.13378134970872702
ENSG00000104327	0.1337644022799096
ENSG00000224565	0.13374636362774361
ENSG00000232807	0.13372837703096319
ENSG00000231056	0.13367288362100882
ENSG00000182968	0.13366988693953274
ENSG00000145936	0.13358877611583497
ENSG00000198812	0.13334240911813056
ENSG00000111291	0.13328406585392893
ENSG00000261226	0.13323891946075594
ENSG00000120088	0.13317790686524034
ENSG00000231609	0.13316498259445653
ENSG00000200356	0.1331524728068032
ENSG00000260721	0.13313838960922486
ENSG00000167850	0.13313161694999964
ENSG00000135333	0.13310295854284915
ENSG00000153317	0.13305920689384898
ENSG00000133328	0.13302557911432888
ENSG00000272784	0.13297999052103404
ENSG00000144229	0.13294520529949727
ENSG00000124343	0.13278474407583296
ENSG00000144048	0.1327535443349639
ENSG00000267252	0.13270074856286396
ENSG00000123243	0.1326713865942395
ENSG00000110455	0.1326039155542751
ENSG00000203690	0.1325362408018924
ENSG00000163945	0.1324949111707696
ENSG00000170324	0.13245978909996348
ENSG00000205678	0.13239841975643474
ENSG00000103494	0.13236609131074073
ENSG00000224505	0.13231320314457506
ENSG00000260213	0.13227698003451271
ENSG00000198326	0.1322297765573246
ENSG00000169439	0.13222184877931653
ENSG00000224661	0.13220250204435757
ENSG00000211767	0.13217625340496264
ENSG00000112902	0.13213862078602223
ENSG00000204128	0.13212590532138613
ENSG00000151948	0.13210284840300623
ENSG00000139194	0.132062665194024
ENSG00000157423	0.13191451492923356
ENSG00000158816	0.13189001810467071
ENSG00000237330	0.13188614305998647
ENSG00000204572	0.13183046113684704
ENSG00000198796	0.13175256766674992
ENSG00000178401	0.13174253165697802
ENSG00000183248	0.13172155817531306
ENSG00000149089	0.13158295582688817
ENSG00000258604	0.13153311413379698
ENSG00000250305	0.13147361979925476
ENSG00000197136	0.13140892704415608
ENSG00000007908	0.13139997648464208
ENSG00000153162	0.13131598989872906
ENSG00000250431	0.1311679256980247
ENSG00000261136	0.13115797594759337
ENSG00000250436	0.13113130449388022
ENSG00000259636	0.13108099229400505
ENSG00000156886	0.13101323082817284
ENSG00000169783	0.13101310484496054
ENSG00000169876	0.1309949505808532
ENSG00000259417	0.13098942637669087
ENSG00000170909	0.13094613816948542
ENSG00000156219	0.13086900438729132
ENSG00000253485	0.1308536079030278
ENSG00000165806	0.1308425007486984
ENSG00000253364	0.13076547332374155
ENSG00000268595	0.13068610615670462
ENSG00000259649	0.13068323657083303
ENSG00000223999	0.13065404794428837
ENSG00000132967	0.1306198797674356
ENSG00000073464	0.1306049241179137
ENSG00000169174	0.130467754651574
ENSG00000231903	0.13037261446992043
ENSG00000184985	0.1303669592668255
ENSG00000233321	0.13028838478275562
ENSG00000080224	0.13023304721390128
ENSG00000262543	0.13020068924241146
ENSG00000169427	0.13008947985645114
ENSG00000141569	0.13002455577755523
ENSG00000215067	0.12997110218243457
ENSG00000171873	0.12981538942485304
ENSG00000167749	0.12967916226153764
ENSG00000120659	0.12961623576501813
ENSG00000200556	0.1295533570602314
ENSG00000211593	0.12954668960584415
ENSG00000141096	0.1295255436629661
ENSG00000228325	0.12943063640824137
ENSG00000179088	0.12942171084743426
ENSG00000239388	0.12941286233535587
ENSG00000183067	0.1293192841671722
ENSG00000233621	0.12931275339151616
ENSG00000163254	0.12929049519418068
ENSG00000143126	0.12919314909221669
ENSG00000211914	0.129148025604104
ENSG00000223956	0.12911783803593924
ENSG00000233144	0.12910636996169478
ENSG00000235092	0.12900570871153083
ENSG00000271265	0.12887149548007293
ENSG00000259887	0.12883018464674612
ENSG00000182327	0.12872286675375344
ENSG00000148942	0.12870212869217945
ENSG00000186191	0.12868077036780634
ENSG00000254119	0.12863867973291243
ENSG00000170382	0.12860190618638834
ENSG00000258874	0.12852561375646343
ENSG00000183098	0.12847782071433245
ENSG00000160963	0.1284139202843546
ENSG00000205018	0.12839477647758346
ENSG00000260859	0.1283602994353812
ENSG00000123454	0.128273429437596
ENSG00000245148	0.12822417580811063
ENSG00000156574	0.1281680232748541
ENSG00000164512	0.12815426707970312
ENSG00000101204	0.12813551751727492
ENSG00000250906	0.12811480516206042
ENSG00000227800	0.12807970255700196
ENSG00000267014	0.12805796756080579
ENSG00000156234	0.12798213927282198
ENSG00000188385	0.12794722366295752
ENSG00000142700	0.12792991889099214
ENSG00000108950	0.12779370066221096
ENSG00000178726	0.1277826266230937
ENSG00000224764	0.12764099620028313
ENSG00000267414	0.12763589946927678
ENSG00000269113	0.12741483178831636
ENSG00000130762	0.12734658777375674
ENSG00000171595	0.12732341488622279
ENSG00000262576	0.1272964362746214
ENSG00000116874	0.12725781252133728
ENSG00000253358	0.12720634428511302
ENSG00000152969	0.12720219290256307
ENSG00000265460	0.12710542320862794
ENSG00000226328	0.12704796812364383
ENSG00000055118	0.12691168918931806
ENSG00000234745	0.12690950208827512
ENSG00000172461	0.1269091978689758
ENSG00000204941	0.12687625985771978
ENSG00000180638	0.12682255651713326
ENSG00000143995	0.1268198800896554
ENSG00000111875	0.12674485645326872
ENSG00000244040	0.12670720950997394
ENSG00000178248	0.1267061140145831
ENSG00000178996	0.12669070153050677
ENSG00000258949	0.12665817238727706
ENSG00000252623	0.12664942407834556
ENSG00000198569	0.12664406860026967
ENSG00000124721	0.12663861042716484
ENSG00000230140	0.12656840189210006
ENSG00000123700	0.1265568896558269
ENSG00000165868	0.12644009180123006
ENSG00000223561	0.12630095176788547
ENSG00000231529	0.12628927989095917
ENSG00000104290	0.1262391320588414
ENSG00000266933	0.12619989901341677
ENSG00000248138	0.12616049805271912
ENSG00000228528	0.12615058295022052
ENSG00000239219	0.12608264633158583
ENSG00000270681	0.12601754277959043
ENSG00000080031	0.12585308453336697
ENSG00000250565	0.12581883045081677
ENSG00000144283	0.12579049930617336
ENSG00000228695	0.125633932157023
ENSG00000185158	0.12555499384788993
ENSG00000178053	0.12552916008539117
ENSG00000023572	0.12530228402841015
ENSG00000162078	0.12523161846564435
ENSG00000069667	0.12522520353987976
ENSG00000053770	0.1251212891237652
ENSG00000259495	0.1250153870210291
ENSG00000258331	0.12499728332303772
ENSG00000249743	0.12496778683379617
ENSG00000184634	0.12489183127680747
ENSG00000002587	0.12488292347730945
ENSG00000253647	0.12487307882387788
ENSG00000173699	0.12485210747681652
ENSG00000270110	0.1248351206738425
ENSG00000176641	0.12464024335359047
ENSG00000106236	0.12462381948175483
ENSG00000125999	0.12458985300573189
ENSG00000174946	0.12456160652912929
ENSG00000109272	0.12448937793829651
ENSG00000264919	0.12445686524209787
ENSG00000227802	0.12442989376378
ENSG00000167702	0.12437918484498112
ENSG00000126107	0.12434672697885141
ENSG00000215397	0.12433989223491082
ENSG00000183747	0.1243156266865677
ENSG00000111885	0.12431471808860373
ENSG00000228201	0.12431342606248319
ENSG00000170381	0.12425375243484504
ENSG00000186493	0.12417568734933848
ENSG00000226742	0.12414307148183856
ENSG00000244468	0.12402676247380029
ENSG00000171621	0.12399321922691908
ENSG00000157219	0.12392069138122497
ENSG00000228863	0.1238971583536086
ENSG00000231672	0.12388752297176842
ENSG00000092054	0.123854434303859
ENSG00000272944	0.1238160607146166
ENSG00000141519	0.12379604871073768
ENSG00000188825	0.12364826613438851
ENSG00000198173	0.12362721173884017
ENSG00000162374	0.12354361564664806
ENSG00000231970	0.12349688423783411
ENSG00000160469	0.1234747810267105
ENSG00000231824	0.12343049176619636
ENSG00000054523	0.12339199111030852
ENSG00000262179	0.1233547838406901
ENSG00000162522	0.12329088961005241
ENSG00000142494	0.12325482417725664
ENSG00000138738	0.12317528932025024
ENSG00000183150	0.12315037822242991
ENSG00000258875	0.12313241512417439
ENSG00000189275	0.1231276692018819
ENSG00000037280	0.12307327862659623
ENSG00000232415	0.12305063010842465
ENSG00000197410	0.12304648965653153
ENSG00000238021	0.12304359842679724
ENSG00000232153	0.12296109262575516
ENSG00000273175	0.12294821750530605
ENSG00000167531	0.12291595938686939
ENSG00000235024	0.12288210352469764
ENSG00000120149	0.12287949115230257
ENSG00000169203	0.12287688897955307
ENSG00000258689	0.12283095082204776
ENSG00000263958	0.12278163795731167
ENSG00000257725	0.12272077666274495
ENSG00000207128	0.12260302617139796
ENSG00000149506	0.12248098630298809
ENSG00000164128	0.12239046418436117
ENSG00000272168	0.12232654727413994
ENSG00000101180	0.12220035268602536
ENSG00000258556	0.12216670581491651
ENSG00000227076	0.12203181341175506
ENSG00000135547	0.12202768698829014
ENSG00000169635	0.12196750928477651
ENSG00000166323	0.12185372038845665
ENSG00000162398	0.12173634579744919
ENSG00000246465	0.12150314273253016
ENSG00000169696	0.12133919195155829
ENSG00000145242	0.12125614524653949
ENSG00000272668	0.12123608112367101
ENSG00000105737	0.12103480229861452
ENSG00000260802	0.12096050975804706
ENSG00000128040	0.12090478483149192
ENSG00000173391	0.12086491214117245
ENSG00000172995	0.12086418472498006
ENSG00000231427	0.12081934804457894
ENSG00000160224	0.12076590662161313
ENSG00000215458	0.1207284397020727
ENSG00000171357	0.12072719790114994
ENSG00000236052	0.12071040407233857
ENSG00000188042	0.12070834070037151
ENSG00000188425	0.12054571972810924
ENSG00000118160	0.12054309861277535
ENSG00000175946	0.12053512848245607
ENSG00000179743	0.12048357549006083
ENSG00000259322	0.12043420947413064
ENSG00000232680	0.12042212242509209
ENSG00000180438	0.12042149373204025
ENSG00000254519	0.12038718794358605
ENSG00000254415	0.1203391211709981
ENSG00000122133	0.12032429328425587
ENSG00000205396	0.12032332146372715
ENSG00000205746	0.12031532547755686
ENSG00000188687	0.12029595098426449
ENSG00000248593	0.1202662540261854
ENSG00000124507	0.1201959449121599
ENSG00000211968	0.12015515356640916
ENSG00000204584	0.12014315827998767
ENSG00000187961	0.12012916904303106
ENSG00000234678	0.12010635834011207
ENSG00000185808	0.12004691805348444
ENSG00000233005	0.11999942091868698
ENSG00000228401	0.11997081402923149
ENSG00000272849	0.1199121864416528
ENSG00000182132	0.11988494313310616
ENSG00000204091	0.11988074329188536
ENSG00000149488	0.11986526506415296
ENSG00000139797	0.11984556728947982
ENSG00000226197	0.11975729627939868
ENSG00000227066	0.11974896408668623
ENSG00000260317	0.11967240320706951
ENSG00000197446	0.11962795772205603
ENSG00000253716	0.11960854010044586
ENSG00000165588	0.11954334757717744
ENSG00000237453	0.1195362276871823
ENSG00000198417	0.11949290164405446
ENSG00000162576	0.11941517852019623
ENSG00000070601	0.11936484967414818
ENSG00000229127	0.11928202054350279
ENSG00000246695	0.11917952989791525
ENSG00000174567	0.11898796635631048
ENSG00000260776	0.11893716580116798
ENSG00000053438	0.11888980283232353
ENSG00000131771	0.11879638823771166
ENSG00000099957	0.11878255604209476
ENSG00000235010	0.11866949965766027
ENSG00000169744	0.11863364627341877
ENSG00000203392	0.11861618480659986
ENSG00000224525	0.11857783587954529
ENSG00000211665	0.11856126608660711
ENSG00000094963	0.11843233905349959
ENSG00000268568	0.11840815995868459
ENSG00000136478	0.11839321882500964
ENSG00000132703	0.11821640573642744
ENSG00000253105	0.11821518892783378
ENSG00000267269	0.11818878751791617
ENSG00000115468	0.11816984855185853
ENSG00000115507	0.11809941462758067
ENSG00000163394	0.1180884313134487
ENSG00000222001	0.11806483526633538
ENSG00000261671	0.11806096885388384
ENSG00000262223	0.1180594982915335
ENSG00000233508	0.1180520670596581
ENSG00000186265	0.11802567862141511
ENSG00000258414	0.11799660327351824
ENSG00000225526	0.11796089548629007
ENSG00000267038	0.11793791974932955
ENSG00000180155	0.11786923732489818
ENSG00000225582	0.11771973626883625
ENSG00000272927	0.11752381390652267
ENSG00000211611	0.11739618077881264
ENSG00000253661	0.11722093248309062
ENSG00000260750	0.11721771070624509
ENSG00000231663	0.11706289022123562
ENSG00000126778	0.11704174032844894
ENSG00000249346	0.11704057511449117
ENSG00000226739	0.11698234493040505
ENSG00000179071	0.11690321437799134
ENSG00000171864	0.11688071330916827
ENSG00000226812	0.11684099560266414
ENSG00000184221	0.1166956782076023
ENSG00000170759	0.11667948525579286
ENSG00000186842	0.11664547768892608
ENSG00000111863	0.11664319943018597
ENSG00000227145	0.11663918241873716
ENSG00000266958	0.11660596188753591
ENSG00000229167	0.11651645650789888
ENSG00000241696	0.11634516972333908
ENSG00000107651	0.11626542773128623
ENSG00000263342	0.11626054647650053
ENSG00000160284	0.1162488580414458
ENSG00000078053	0.11622720050015811
ENSG00000124406	0.11619494454901291
ENSG00000233609	0.11613998509887202
ENSG00000184860	0.11606460891303905
ENSG00000260135	0.11590939256750143
ENSG00000163673	0.11582503055219284
ENSG00000174450	0.11580034223079805
ENSG00000113966	0.11576715406672666
ENSG00000188505	0.11564427314530645
ENSG00000111087	0.11563977410218018
ENSG00000248517	0.11557639266043762
ENSG00000050030	0.11554103639796898
ENSG00000267623	0.11553617384631143
ENSG00000254823	0.11553443138829955
ENSG00000007174	0.11550593326573333
ENSG00000260465	0.11545891116148255
ENSG00000204460	0.11538259368627735
ENSG00000082258	0.11534037680834985
ENSG00000231412	0.11530060117670304
ENSG00000186198	0.11521715133749533
ENSG00000267732	0.11520656264297013
ENSG00000204536	0.11518946552362297
ENSG00000197847	0.11503218553003314
ENSG00000267530	0.11498096244638734
ENSG00000260977	0.1148610592056496
ENSG00000103671	0.11482022631575117
ENSG00000184408	0.11477562119238849
ENSG00000196118	0.11474036498332696
ENSG00000142698	0.11471077484371839
ENSG00000166246	0.1147014651707341
ENSG00000172538	0.11466922787004785
ENSG00000262801	0.11452909423663926
ENSG00000172927	0.1144734072153959
ENSG00000011347	0.11443074815621346
ENSG00000093134	0.1144080414139943
ENSG00000056277	0.11437206531430566
ENSG00000198160	0.11418328953465151
ENSG00000197927	0.11407421672073426
ENSG00000139910	0.11406992706838026
ENSG00000162687	0.11405910646984196
ENSG00000238217	0.11403442003911568
ENSG00000267166	0.11394766215713825
ENSG00000162594	0.11391750617380603
ENSG00000261121	0.1138403193407711
ENSG00000112164	0.11378136168752251
ENSG00000259966	0.1137694215890721
ENSG00000173213	0.11373776146440173
ENSG00000254775	0.11365313539937949
ENSG00000243444	0.11363571922516136
ENSG00000183463	0.11358128274708634
ENSG00000259213	0.1135710239579999
ENSG00000185303	0.11355797809604207
ENSG00000272279	0.11355348327811399
ENSG00000188004	0.11351758936100298
ENSG00000198759	0.11346699683587236
ENSG00000082497	0.11340824011768191
ENSG00000258926	0.11338341185524237
ENSG00000248008	0.1133597551107568
ENSG00000127946	0.11333574392974799
ENSG00000207258	0.11325998901415923
ENSG00000160179	0.11322243690202893
ENSG00000271178	0.11318917363008274
ENSG00000262185	0.11306027517602213
ENSG00000249412	0.11298221282565257
ENSG00000231487	0.11295410094484848
ENSG00000170558	0.11295164054021689
ENSG00000250462	0.11292820156016248
ENSG00000241935	0.11283953282435988
ENSG00000168679	0.1128237483314456
ENSG00000182985	0.11270480671180128
ENSG00000225564	0.11264000827097687
ENSG00000200084	0.11241517918839894
ENSG00000162434	0.11239266876880571
ENSG00000267669	0.1123566854528888
ENSG00000238083	0.11223433197217769
ENSG00000180549	0.1121990926572205
ENSG00000185028	0.11219734079050414
ENSG00000165685	0.1121711171369042
ENSG00000254802	0.1120647390673839
ENSG00000170248	0.11205208142844181
ENSG00000184999	0.11198697621830656
ENSG00000071282	0.11198408188378473
ENSG00000268864	0.11196927164402326
ENSG00000168785	0.11191940931326605
ENSG00000204837	0.1118919204949862
ENSG00000211688	0.11188647145213282
ENSG00000169885	0.1118206289368382
ENSG00000198121	0.11178712218573583
ENSG00000226939	0.111698546518197
ENSG00000262869	0.11162280187334206
ENSG00000107779	0.11162086743759181
ENSG00000272915	0.11141745355417587
ENSG00000198873	0.11137386071874023
ENSG00000110046	0.11135535479991132
ENSG00000247708	0.11133444361306766
ENSG00000177380	0.11130474603928198
ENSG00000242407	0.11119501634618567
ENSG00000186448	0.11118602725634052
ENSG00000249669	0.11113493812522446
ENSG00000255366	0.11112825191874931
ENSG00000100241	0.11110953744311058
ENSG00000126733	0.11108642759589671
ENSG00000267564	0.11101542012233279
ENSG00000249787	0.11099113410535755
ENSG00000168539	0.11077418619811108
ENSG00000105398	0.11069611625357978
ENSG00000180376	0.11066112379567872
ENSG00000074054	0.1105980606799375
ENSG00000100784	0.11058989145819087
ENSG00000271234	0.11057496212096996
ENSG00000246214	0.1105523502022836
ENSG00000172016	0.11055035084085718
ENSG00000255313	0.11048955635976809
ENSG00000167207	0.1103797935171904
ENSG00000255091	0.1102821029429697
ENSG00000267131	0.11023567430085279
ENSG00000229980	0.11016297473248748
ENSG00000249808	0.1100845956577472
ENSG00000183741	0.11006866034315888
ENSG00000211706	0.10988453951885147
ENSG00000151150	0.10981277109668053
ENSG00000072071	0.10972596965088188
ENSG00000175766	0.10958638124484832
ENSG00000206432	0.10947488335667299
ENSG00000235537	0.10945411100706615
ENSG00000239855	0.10944201419965927
ENSG00000129951	0.10940615094583683
ENSG00000267383	0.1093957184802703
ENSG00000163380	0.10926091584915909
ENSG00000088992	0.10925694441756906
ENSG00000121380	0.10920551615122887
ENSG00000254659	0.10912703833064352
ENSG00000223960	0.10911751968319927
ENSG00000173868	0.10908838016720224
ENSG00000180747	0.10907456145687
ENSG00000234807	0.1090568242613359
ENSG00000154118	0.10904573859010247
ENSG00000230219	0.10899101847049808
ENSG00000272885	0.10893404579214172
ENSG00000164880	0.10888496888608512
ENSG00000272744	0.10885064439983583
ENSG00000226506	0.1088191393723803
ENSG00000260887	0.10869208326012925
ENSG00000149716	0.10865909190309142
ENSG00000237463	0.10853611171829125
ENSG00000162631	0.10853243576084615
ENSG00000182752	0.1085277612310751
ENSG00000187546	0.1084784623132129
ENSG00000228242	0.10844661318988091
ENSG00000187848	0.10844352567380033
ENSG00000257048	0.10841738490477137
ENSG00000164929	0.10840264137120226
ENSG00000205856	0.10831644765720938
ENSG00000131379	0.1082983401084705
ENSG00000181323	0.10829691961190369
ENSG00000267432	0.10828541790801549
ENSG00000078295	0.1082390358109071
ENSG00000272597	0.10819576314752966
ENSG00000211789	0.10818022788377046
ENSG00000176177	0.10811667103336697
ENSG00000260118	0.1079977222940387
ENSG00000142273	0.1078511246517857
ENSG00000211674	0.10783554582322985
ENSG00000224079	0.1078195987450159
ENSG00000225798	0.10779409845674781
ENSG00000163093	0.10769192962486418
ENSG00000162931	0.10761723822663827
ENSG00000187957	0.1076166893755266
ENSG00000241962	0.10760380516252921
ENSG00000273045	0.1075552169665901
ENSG00000262686	0.10749723741597439
ENSG00000145335	0.10741328820886498
ENSG00000237975	0.10739460476346796
ENSG00000255364	0.10735773473987553
ENSG00000039987	0.1073535862058761
ENSG00000273203	0.10729979800949763
ENSG00000211651	0.10727271231469482
ENSG00000104722	0.10725482283547372
ENSG00000068654	0.1072390326656869
ENSG00000125355	0.10719377422297605
ENSG00000141384	0.1071069011662793
ENSG00000106018	0.10704156599785697
ENSG00000083720	0.10687621433373473
ENSG00000158545	0.10686396636133355
ENSG00000272789	0.10670361205110979
ENSG00000130720	0.10663901042784851
ENSG00000257086	0.10660920958840658
ENSG00000171431	0.106572314180017
ENSG00000154655	0.10655227407044898
ENSG00000265964	0.1065166738735468
ENSG00000146038	0.10651605418043131
ENSG00000185736	0.1064836446834736
ENSG00000152784	0.10646447547014559
ENSG00000115607	0.10645302846694249
ENSG00000270947	0.10643571365884319
ENSG00000235026	0.10642209852751239
ENSG00000245904	0.10642026278807082
ENSG00000246394	0.10641805224732104
ENSG00000261175	0.10636511126009385
ENSG00000129170	0.10635418378046158
ENSG00000189325	0.1062172070954428
ENSG00000104888	0.10619648615392796
ENSG00000146910	0.10617566032109771
ENSG00000224116	0.10593100427876445
ENSG00000162913	0.1059076697719965
ENSG00000165092	0.10585920055315601
ENSG00000251081	0.10575731405708111
ENSG00000172901	0.10573231719311105
ENSG00000256577	0.10568555496667953
ENSG00000239961	0.1056782036179238
ENSG00000169710	0.10565080055489484
ENSG00000101438	0.10561080777766674
ENSG00000267339	0.1055503908641664
ENSG00000102962	0.10546335280346097
ENSG00000174326	0.10543847636608783
ENSG00000133477	0.10525071982365475
ENSG00000235750	0.10517679575281047
ENSG00000185522	0.10509400797110402
ENSG00000173714	0.10505862473094396
ENSG00000235032	0.10504474690777421
ENSG00000258909	0.10497614105795794
ENSG00000125046	0.10494686470898928
ENSG00000267002	0.10474496049551907
ENSG00000235166	0.10474379237593712
ENSG00000271086	0.10473300412751052
ENSG00000162992	0.10472211122597619
ENSG00000189252	0.10468739224964585
ENSG00000083067	0.10457170469533317
ENSG00000196305	0.10423657042139212
ENSG00000163629	0.1040931936845515
ENSG00000238212	0.10401108346656507
ENSG00000165966	0.10396775673723924
ENSG00000228639	0.10393975300575753
ENSG00000272529	0.1039033434669061
ENSG00000236829	0.10388247662614214
ENSG00000239282	0.10387983966327119
ENSG00000127366	0.10386667391408633
ENSG00000254988	0.10371518315666006
ENSG00000249407	0.10369136954714997
ENSG00000154553	0.10365865577839495
ENSG00000238276	0.10363756109306288
ENSG00000270111	0.10359611846866357
ENSG00000174827	0.10359511030189683
ENSG00000206702	0.10351248790141598
ENSG00000232401	0.10348562167895392
ENSG00000253643	0.10341103733440304
ENSG00000065665	0.10336678093793017
ENSG00000117834	0.10331576798423847
ENSG00000197859	0.10326536204026304
ENSG00000151025	0.10311753177346827
ENSG00000171517	0.10305802220735005
ENSG00000270344	0.10303713201202114
ENSG00000004809	0.10303296372194848
ENSG00000254206	0.10297152620907579
ENSG00000006128	0.10290491406699087
ENSG00000133121	0.10289676083803068
ENSG00000171115	0.10289503695692592
ENSG00000211942	0.10261932502905813
ENSG00000232555	0.102577361669548
ENSG00000175591	0.1024046985556828
ENSG00000269025	0.10239968307121905
ENSG00000127415	0.10236536342430336
ENSG00000180626	0.10232907943248182
ENSG00000263413	0.10230098507112961
ENSG00000272650	0.10212995463727936
ENSG00000164066	0.10195349677279864
ENSG00000228909	0.10193800220836224
ENSG00000091129	0.10178958212683886
ENSG00000125741	0.10173710767013922
ENSG00000216588	0.10166191652513223
ENSG00000183662	0.1016466146036179
ENSG00000177508	0.10162583540967773
ENSG00000186020	0.10159351635872249
ENSG00000169231	0.10157828391168655
ENSG00000260000	0.10157170342826372
ENSG00000200418	0.10154506388520712
ENSG00000100554	0.10153620383317108
ENSG00000177519	0.10142537339901181
ENSG00000040933	0.10140758372510739
ENSG00000189184	0.10140458279602371
ENSG00000211684	0.1012860618497089
ENSG00000235374	0.10126478017214025
ENSG00000264964	0.10114826525581289
ENSG00000259572	0.10106674838522567
ENSG00000005381	0.10106578215036288
ENSG00000172340	0.10106539585936836
ENSG00000205420	0.10102858056038122
ENSG00000236935	0.10102530864373072
ENSG00000176438	0.10100261477274808
ENSG00000184293	0.10094661918856596
ENSG00000215808	0.10086753198289578
ENSG00000270020	0.10086464766870495
ENSG00000220161	0.1008531084884583
ENSG00000136546	0.10083657208703412
ENSG00000256742	0.10077105088558391
ENSG00000260340	0.10076902537975108
ENSG00000054967	0.10073170207921445
ENSG00000038382	0.10058575956577043
ENSG00000266903	0.10055879714204008
ENSG00000254370	0.10050577279132233
ENSG00000179299	0.10045923595437034
ENSG00000168269	0.1004591724498074
ENSG00000172568	0.10045402372376788
ENSG00000261448	0.10044693003375249
ENSG00000213221	0.10044162390555988
ENSG00000181790	0.10041684196480971
ENSG00000105186	0.10039025091931464
ENSG00000177710	0.10038821763043693
ENSG00000271321	0.10031459244982677
ENSG00000080573	0.10029539885446415
ENSG00000196900	0.1002921836091446
ENSG00000259298	0.10027699901308362
ENSG00000222033	0.10026266139157869
ENSG00000197273	0.10024323402785096
ENSG00000260394	0.10009211030665255
ENSG00000240219	0.10008776705518385
ENSG00000142910	0.10004509861745392
ENSG00000258520	0.10002585363904237
ENSG00000042832	0.1000197102472904
ENSG00000267762	0.10001806440882954
ENSG00000070729	0.0999984579963904
ENSG00000118263	0.0998922216745406
ENSG00000255085	0.09988765566169011
ENSG00000259107	0.09988348208171605
ENSG00000264843	0.09978573369268928
ENSG00000230461	0.09975580084262692
ENSG00000214347	0.09971095219129422
ENSG00000066735	0.09959957804185371
ENSG00000110245	0.09954359074831087
ENSG00000150594	0.09947681200084912
ENSG00000143167	0.09944396968020852
ENSG00000166450	0.09937750360493314
ENSG00000231867	0.09934455910573137
ENSG00000183317	0.09932272292264144
ENSG00000113552	0.09923709300791383
ENSG00000232527	0.09920156461987917
ENSG00000176092	0.0991706945797477
ENSG00000263847	0.09912603626033878
ENSG00000162415	0.09911896536969378
ENSG00000144452	0.09911510654076161
ENSG00000270164	0.09900575615871765
ENSG00000126705	0.09889472771722674
ENSG00000111581	0.09888584741426754
ENSG00000066382	0.09886995361016071
ENSG00000215559	0.09882162106134218
ENSG00000254521	0.09878429759374918
ENSG00000173401	0.09875402065374939
ENSG00000169598	0.09874570311834363
ENSG00000225399	0.09871546792715491
ENSG00000264443	0.09868320953742016
ENSG00000196329	0.0986788441761135
ENSG00000138162	0.09864030613079722
ENSG00000121210	0.09860187365279116
ENSG00000197557	0.09857357040115922
ENSG00000204983	0.09853761646721537
ENSG00000236427	0.09844581416596054
ENSG00000257642	0.09818794990188073
ENSG00000100744	0.09795925085763102
ENSG00000254514	0.09795543875519419
ENSG00000127603	0.09793899581762688
ENSG00000198914	0.09786486143110995
ENSG00000165556	0.09786165796027002
ENSG00000181234	0.09778007960779433
ENSG00000251257	0.09768611084536416
ENSG00000251249	0.09757264287740575
ENSG00000251059	0.09753936235469829
ENSG00000186575	0.09745222386657892
ENSG00000175857	0.09742744828669747
ENSG00000269495	0.09741640928080297
ENSG00000186163	0.097260227934171
ENSG00000065989	0.09725591506368203
ENSG00000136541	0.0971497529502321
ENSG00000205277	0.09712249648913773
ENSG00000259359	0.09703957059775425
ENSG00000169181	0.09703128339287992
ENSG00000122025	0.09701503535762179
ENSG00000086570	0.09700980279962623
ENSG00000060718	0.09695543177392496
ENSG00000188766	0.09691456085262895
ENSG00000256508	0.09688973472592721
ENSG00000231589	0.09685734087604536
ENSG00000140505	0.09684904440468345
ENSG00000176884	0.09684220048758996
ENSG00000250740	0.0968258983545367
ENSG00000182022	0.09682511667053006
ENSG00000129451	0.09680871443379702
ENSG00000162989	0.0967468989770206
ENSG00000197779	0.0967164871934314
ENSG00000108852	0.09664536066128582
ENSG00000131951	0.09662147147788613
ENSG00000243836	0.09656858954259206
ENSG00000246223	0.09654202976570003
ENSG00000243466	0.09653416235814127
ENSG00000120738	0.09653250766007182
ENSG00000180509	0.09646827775329148
ENSG00000237797	0.09643197367844603
ENSG00000107902	0.09642612861915212
ENSG00000178722	0.09641419259055661
ENSG00000121594	0.09641015081782522
ENSG00000109101	0.0961932620176924
ENSG00000091513	0.09609817182951441
ENSG00000247950	0.09609569282090558
ENSG00000173846	0.09606414016031839
ENSG00000152463	0.09601228470401213
ENSG00000161905	0.0959922527894328
ENSG00000177455	0.09599183369624531
ENSG00000196295	0.09587143811480137
ENSG00000197124	0.09583942016612879
ENSG00000141376	0.09577061300981549
ENSG00000168509	0.09569361592884906
ENSG00000144648	0.09566377495166156
ENSG00000273107	0.09565386392422015
ENSG00000180917	0.09559136947565272
ENSG00000125084	0.09556932238264726
ENSG00000183018	0.09542459708933215
ENSG00000167664	0.09541728897269985
ENSG00000214313	0.09536836349160005
ENSG00000185875	0.09530373175834117
ENSG00000233844	0.0952418582868888
ENSG00000249216	0.09517690747955343
ENSG00000225302	0.09517135601638294
ENSG00000132394	0.09517092797611615
ENSG00000131746	0.09516366708566171
ENSG00000261360	0.0950963162261369
ENSG00000266677	0.09509477426794732
ENSG00000007516	0.0950717955392606
ENSG00000250576	0.09506629665768451
ENSG00000074317	0.09505745856619252
ENSG00000143257	0.09495663465584592
ENSG00000269935	0.09487098032538688
ENSG00000224731	0.09480217694699666
ENSG00000118402	0.09478891280965085
ENSG00000188676	0.09470900743829813
ENSG00000137709	0.09469451281244967
ENSG00000269930	0.09469426509060663
ENSG00000147724	0.09466446041153875
ENSG00000144476	0.09459782820616414
ENSG00000124782	0.09458992581550629
ENSG00000177200	0.09447899903792667
ENSG00000162426	0.09438022828290293
ENSG00000211912	0.09437899580231957
ENSG00000172724	0.09432887480093433
ENSG00000265788	0.09421965379407116
ENSG00000123901	0.09415974324126153
ENSG00000259031	0.09411014843759058
ENSG00000232860	0.09408099745496523
ENSG00000243244	0.09406082969401774
ENSG00000211785	0.09403989890165931
ENSG00000272525	0.09402468181859636
ENSG00000132702	0.09401926983763076
ENSG00000255306	0.09399043590891232
ENSG00000176920	0.09398109425582413
ENSG00000185989	0.09391751156666861
ENSG00000226320	0.09375885693800567
ENSG00000113580	0.09371994031546205
ENSG00000180777	0.09368169158171957
ENSG00000254419	0.0936485450884108
ENSG00000123572	0.09363249546281516
ENSG00000146122	0.09361644225284493
ENSG00000231691	0.09359854340663509
ENSG00000223799	0.09355693806771792
ENSG00000176383	0.09342476156564783
ENSG00000260468	0.09341657540347059
ENSG00000112486	0.09335363441715328
ENSG00000256381	0.09330502740074231
ENSG00000230487	0.09327948399154606
ENSG00000251293	0.09327253944430658
ENSG00000267270	0.09314481152864063
ENSG00000254844	0.09312440700248326
ENSG00000174225	0.09312373946765717
ENSG00000267150	0.09307661880768836
ENSG00000225063	0.09305913954667511
ENSG00000273212	0.09304517121456657
ENSG00000058404	0.09300418328327287
ENSG00000228265	0.09294472620418115
ENSG00000261971	0.09288437811317007
ENSG00000244627	0.09279888603599362
ENSG00000136457	0.09276995208502936
ENSG00000205560	0.09252816959450727
ENSG00000164675	0.09251059933858974
ENSG00000122691	0.09241001954027017
ENSG00000260057	0.09239628316049586
ENSG00000232812	0.09235007305539567
ENSG00000227217	0.09232124579958634
ENSG00000181195	0.09209857300559499
ENSG00000173451	0.09203248252720253
ENSG00000149742	0.0919712228640488
ENSG00000171533	0.09197087217849886
ENSG00000184471	0.09192219927517153
ENSG00000187098	0.09182007281769478
ENSG00000267466	0.09181039501253463
ENSG00000186409	0.09179534665711175
ENSG00000261703	0.09179369322442432
ENSG00000232197	0.09178677167323346
ENSG00000185215	0.09178482580487479
ENSG00000159579	0.0916994189810103
ENSG00000261240	0.09169887699713675
ENSG00000237510	0.09167249982102099
ENSG00000176896	0.09166785810565603
ENSG00000130701	0.09163748290838059
ENSG00000113532	0.09145898705032951
ENSG00000233230	0.09145448869446393
ENSG00000065618	0.09138376607594711
ENSG00000253196	0.09135234140965087
ENSG00000178965	0.0913213278488707
ENSG00000272914	0.09132090744665744
ENSG00000151014	0.0912719199247829
ENSG00000216560	0.09126238086549487
ENSG00000154263	0.0912589244349511
ENSG00000196557	0.09125533819122178
ENSG00000248174	0.09124747487225626
ENSG00000248764	0.09119838705226457
ENSG00000231883	0.09119388033457065
ENSG00000091656	0.09111389992656305
ENSG00000263391	0.09108486839495167
ENSG00000250252	0.09103826125810577
ENSG00000261711	0.09100531173608384
ENSG00000198270	0.09100263239658002
ENSG00000136514	0.09096691891890218
ENSG00000121769	0.09094445689158204
ENSG00000146352	0.0907760484100566
ENSG00000202000	0.09076826962668827
ENSG00000231868	0.0907219564375441
ENSG00000127922	0.09072014160154929
ENSG00000242110	0.0906832331953038
ENSG00000131620	0.0906814127296347
ENSG00000117877	0.0906434580235922
ENSG00000256427	0.0906050958115796
ENSG00000223343	0.09043193547576589
ENSG00000225979	0.09036534690914744
ENSG00000214955	0.09021034739124012
ENSG00000136213	0.09019823074449018
ENSG00000266896	0.09011344003424782
ENSG00000258859	0.09009422082763097
ENSG00000186834	0.09003637553256394
ENSG00000236446	0.08996624940260367
ENSG00000069535	0.0898509032378616
ENSG00000002016	0.08980095753794082
ENSG00000168300	0.08977370942038498
ENSG00000223469	0.08975352527043623
ENSG00000253210	0.08973893066666028
ENSG00000247728	0.08967057369805498
ENSG00000178363	0.08962408419794876
ENSG00000232031	0.08950676756559961
ENSG00000179178	0.08945561424250337
ENSG00000141564	0.08941954554941134
ENSG00000184497	0.08934831255315712
ENSG00000146755	0.08934810152245176
ENSG00000141294	0.08927632951366138
ENSG00000273198	0.08924399255198434
ENSG00000149968	0.08917180582156736
ENSG00000132321	0.08913132591322048
ENSG00000132182	0.08905944764357021
ENSG00000258545	0.08902929337248744
ENSG00000267348	0.0889658901941408
ENSG00000225830	0.08895693350855272
ENSG00000138670	0.08893302931665881
ENSG00000072201	0.08882464485768193
ENSG00000105204	0.08869954244034006
ENSG00000267583	0.08867449025669782
ENSG00000231671	0.08862981138657333
ENSG00000156398	0.08849602471593321
ENSG00000197181	0.08849237360662832
ENSG00000253931	0.0884057775220306
ENSG00000146469	0.08840139763278221
ENSG00000164116	0.08840021612012294
ENSG00000254860	0.08834640691849138
ENSG00000250282	0.08833267145532075
ENSG00000167653	0.08830368957768076
ENSG00000142173	0.08830172727075158
ENSG00000197272	0.08826241814166913
ENSG00000231817	0.08825750695370083
ENSG00000197768	0.08825471292832465
ENSG00000156170	0.08823044960097848
ENSG00000265766	0.08817672175032887
ENSG00000108819	0.08815933050710156
ENSG00000171365	0.08800460659570097
ENSG00000172728	0.08799503402188025
ENSG00000131203	0.08796733957274183
ENSG00000140199	0.08795576829172846
ENSG00000157005	0.08794361360572123
ENSG00000272123	0.08787161758466944
ENSG00000002079	0.08782212239951392
ENSG00000224689	0.08771818168864964
ENSG00000230971	0.08770368677680351
ENSG00000137809	0.0876636751945794
ENSG00000187134	0.0875687519859849
ENSG00000178038	0.0875410760742179
ENSG00000226232	0.08747787092286141
ENSG00000269957	0.0874489395070146
ENSG00000231061	0.08743553327071152
ENSG00000106733	0.08742996376832624
ENSG00000163817	0.08739514530188108
ENSG00000269387	0.08731510124142416
ENSG00000260634	0.08728490777244469
ENSG00000184500	0.08726732312071861
ENSG00000226833	0.08724050559479202
ENSG00000167081	0.08715037592472141
ENSG00000136883	0.08706222720267354
ENSG00000053108	0.0870348121633131
ENSG00000064687	0.08690948885791072
ENSG00000179456	0.08685406090401382
ENSG00000256568	0.08680467754261412
ENSG00000006059	0.08674070014548918
ENSG00000169972	0.08671485584770666
ENSG00000070731	0.0866945686579701
ENSG00000152611	0.08667028936021004
ENSG00000172771	0.08650045593413358
ENSG00000121797	0.0864983455430588
ENSG00000219438	0.08645323251955683
ENSG00000272695	0.0864489564432862
ENSG00000125149	0.08642412620363915
ENSG00000248359	0.08641109908010325
ENSG00000133661	0.08639817610766953
ENSG00000168993	0.08639514428107908
ENSG00000256092	0.0863849513454662
ENSG00000226286	0.08637228180147871
ENSG00000109618	0.08636010201808952
ENSG00000241131	0.08633269530762377
ENSG00000238185	0.08621346139500319
ENSG00000215252	0.08612832577436991
ENSG00000149328	0.08606904470581345
ENSG00000119608	0.08606887628282678
ENSG00000169826	0.08602807051686456
ENSG00000258484	0.08591733210543406
ENSG00000250686	0.085897299190409
ENSG00000198189	0.0858825818777349
ENSG00000268536	0.08587365217181486
ENSG00000163635	0.08586709286552274
ENSG00000225913	0.08584582174749356
ENSG00000259905	0.08582420945955072
ENSG00000188293	0.08569779444734205
ENSG00000198947	0.0856885149786113
ENSG00000101342	0.08566339434210524
ENSG00000167459	0.08549183183659892
ENSG00000236024	0.0852837855938049
ENSG00000173214	0.08519901702497346
ENSG00000198488	0.08519837971425348
ENSG00000131697	0.08519404391759933
ENSG00000124103	0.085183541876382
ENSG00000143297	0.08515920360684315
ENSG00000272953	0.08506140564623266
ENSG00000229021	0.08506071173508123
ENSG00000183396	0.08495002092261772
ENSG00000227006	0.08486994671350123
ENSG00000049618	0.08481194736041409
ENSG00000039068	0.08478224794331468
ENSG00000105880	0.08475981160052215
ENSG00000146963	0.0847042366280979
ENSG00000100836	0.08464767872036427
ENSG00000125447	0.084604988548596
ENSG00000197562	0.08456426735597256
ENSG00000196730	0.08453432657022808
ENSG00000137691	0.08451005311878901
ENSG00000141200	0.08449359880342322
ENSG00000226754	0.08446849692749558
ENSG00000176840	0.08439525621236088
ENSG00000255375	0.08438967337745096
ENSG00000178828	0.08434751739014335
ENSG00000253878	0.08433755764262862
ENSG00000249201	0.08432731177762598
ENSG00000207342	0.08425203591101682
ENSG00000170748	0.0841945453066717
ENSG00000166507	0.08416210839490912
ENSG00000260230	0.08408415859735952
ENSG00000204252	0.08398128883520872
ENSG00000230453	0.08397822188546145
ENSG00000267079	0.08396186247641957
ENSG00000267051	0.08391797887498509
ENSG00000173811	0.08382770282351193
ENSG00000226711	0.08382119974443669
ENSG00000256139	0.08381906732677002
ENSG00000107771	0.08371648746181726
ENSG00000106278	0.08370799692239084
ENSG00000260997	0.0835928795351022
ENSG00000150628	0.0835433659503666
ENSG00000099864	0.08353916135901085
ENSG00000204666	0.08349589642320754
ENSG00000264745	0.0834815994123026
ENSG00000165496	0.08337254892292201
ENSG00000177875	0.08335297106848705
ENSG00000249317	0.08333418425487493
ENSG00000130957	0.08331897892435225
ENSG00000152092	0.08326151519815017
ENSG00000273325	0.08322050550467086
ENSG00000255794	0.08317664015827186
ENSG00000261701	0.08292986562617277
ENSG00000064201	0.08291416553955155
ENSG00000211669	0.08290179347808913
ENSG00000255680	0.08278070160370943
ENSG00000254810	0.08273976677345285
ENSG00000161955	0.08273805907023202
ENSG00000101463	0.08272105961060294
ENSG00000183036	0.082717925922005
ENSG00000261060	0.08271111993630553
ENSG00000260349	0.08270788620152336
ENSG00000236333	0.08269309659272661
ENSG00000112320	0.08265903241741324
ENSG00000142677	0.08264730927802111
ENSG00000156239	0.08263741386156886
ENSG00000141582	0.08261929180283079
ENSG00000267226	0.08257331570246773
ENSG00000211728	0.08255979637850341
ENSG00000124564	0.08254208377559169
ENSG00000269621	0.08253949887376777
ENSG00000185742	0.08252425654558859
ENSG00000120451	0.08248751217042116
ENSG00000172733	0.08247565566450898
ENSG00000183049	0.08246633073708454
ENSG00000145692	0.08243912645369078
ENSG00000204414	0.08237394489253513
ENSG00000204278	0.08225895666893734
ENSG00000163218	0.08220175225008775
ENSG00000183735	0.08213386006419188
ENSG00000171587	0.08207559165409162
ENSG00000263843	0.08207095424459188
ENSG00000249833	0.08206253657782026
ENSG00000273149	0.08205299213647743
ENSG00000175866	0.08201798272508798
ENSG00000188403	0.0819889507152467
ENSG00000215912	0.08196531886173686
ENSG00000248713	0.08194209444660094
ENSG00000268403	0.08188387849387913
ENSG00000251221	0.08186056312370815
ENSG00000144659	0.08184002031138915
ENSG00000227352	0.08170510767322359
ENSG00000112874	0.08170409149775759
ENSG00000180817	0.08166046329716603
ENSG00000126217	0.08162565495314467
ENSG00000108370	0.08161472337398612
ENSG00000158553	0.08133690476952404
ENSG00000119973	0.08128196092725593
ENSG00000131187	0.08126723295762117
ENSG00000102595	0.08120599279128426
ENSG00000211924	0.08117063547253922
ENSG00000211829	0.08115529796362764
ENSG00000243629	0.08115345712726785
ENSG00000204176	0.08104953107040025
ENSG00000121039	0.08102511580715732
ENSG00000135740	0.08094022226052688
ENSG00000188895	0.080937226904368
ENSG00000152595	0.08087339118885395
ENSG00000126460	0.08082461722748602
ENSG00000255546	0.08076275986390535
ENSG00000181830	0.08075942725654928
ENSG00000271931	0.08073354258261922
ENSG00000127252	0.08065689007333132
ENSG00000131446	0.0805922059722155
ENSG00000114650	0.08042222137080635
ENSG00000267302	0.08041535033434943
ENSG00000260139	0.08038941155231094
ENSG00000254317	0.08029933568607417
ENSG00000263586	0.08022105086415854
ENSG00000135929	0.0802192851370751
ENSG00000183779	0.08019175194303108
ENSG00000164329	0.08018196836762126
ENSG00000242512	0.08010791374956328
ENSG00000230148	0.08010269498174694
ENSG00000120688	0.08006081349266037
ENSG00000203711	0.0800320550310627
ENSG00000263201	0.07997601938350041
ENSG00000141698	0.07992736951425417
ENSG00000189023	0.0798835440299499
ENSG00000188508	0.07978473108044226
ENSG00000187624	0.07976423283542022
ENSG00000160862	0.07970531514398349
ENSG00000087076	0.07965735685058006
ENSG00000172209	0.07957499199279328
ENSG00000145536	0.07954425095994577
ENSG00000169860	0.07944399410324032
ENSG00000126218	0.07941202955748872
ENSG00000227719	0.07940731701562265
ENSG00000263717	0.07940469069465506
ENSG00000168702	0.07930595749229297
ENSG00000171206	0.07928180049822475
ENSG00000268095	0.0792576197866075
ENSG00000241058	0.07922391420629515
ENSG00000076826	0.07919432453299291
ENSG00000104059	0.07911332145512628
ENSG00000198719	0.07904558259381878
ENSG00000265752	0.07887246708611162
ENSG00000188917	0.07876809526011419
ENSG00000127311	0.07869242414679767
ENSG00000228174	0.07867146938426184
ENSG00000234438	0.07866298206396394
ENSG00000259287	0.07863234067364977
ENSG00000254681	0.07862501847358416
ENSG00000096006	0.07861952822461515
ENSG00000218358	0.07858796896057352
ENSG00000163346	0.07858037686963915
ENSG00000156011	0.07857593693166431
ENSG00000189238	0.07857443089665983
ENSG00000154258	0.0785479903765407
ENSG00000226533	0.07850019302546363
ENSG00000244681	0.07843630439382143
ENSG00000163216	0.07843567909491989
ENSG00000250506	0.07840997452872966
ENSG00000256750	0.07832473955747221
ENSG00000250986	0.0782805755575906
ENSG00000169900	0.07818720856945793
ENSG00000160951	0.07806818741433696
ENSG00000235054	0.07806414161564867
ENSG00000123843	0.07797624393444136
ENSG00000171189	0.07793067092529649
ENSG00000092978	0.07791531786359229
ENSG00000184226	0.07783063864459505
ENSG00000167098	0.07776442910042669
ENSG00000254855	0.07771246939468424
ENSG00000152409	0.07764918879796023
ENSG00000221866	0.07762459981564485
ENSG00000236393	0.07756455819438157
ENSG00000206557	0.07749703179779344
ENSG00000224322	0.0773250465091524
ENSG00000232070	0.07727833404968631
ENSG00000166979	0.07727780266699158
ENSG00000258038	0.07714193668647562
ENSG00000188153	0.07710732948532795
ENSG00000166329	0.0770955762305956
ENSG00000226435	0.07703674579091002
ENSG00000215296	0.07698566276255137
ENSG00000167992	0.07698557512867898
ENSG00000187173	0.07696692698989693
ENSG00000112273	0.07692371273218712
ENSG00000247970	0.07682325087334729
ENSG00000134532	0.07679449786902381
ENSG00000196408	0.07677600526583306
ENSG00000240707	0.07669928272996818
ENSG00000163046	0.07668642037915441
ENSG00000068885	0.07668427474717188
ENSG00000234677	0.07663150784396566
ENSG00000260573	0.07652153198747391
ENSG00000239677	0.07647332071337964
ENSG00000174808	0.07646357178575447
ENSG00000230246	0.07645314821540516
ENSG00000112659	0.07644486991928146
ENSG00000198099	0.07641986135968404
ENSG00000237937	0.0763836528308155
ENSG00000269364	0.07634730948383184
ENSG00000142149	0.0763456555489701
ENSG00000047188	0.07634209782751644
ENSG00000102967	0.0763402951517762
ENSG00000141627	0.07632976387191115
ENSG00000172803	0.07632057200115905
ENSG00000187516	0.07622723345109161
ENSG00000258102	0.07618923661894894
ENSG00000164081	0.07615890030156724
ENSG00000179862	0.07604300483159343
ENSG00000229578	0.07600984335755201
ENSG00000163600	0.07598865331755356
ENSG00000259762	0.07596115063586617
ENSG00000199719	0.07593139326273479
ENSG00000228798	0.07587160059210896
ENSG00000249948	0.07583026681908978
ENSG00000270039	0.0757621734145828
ENSG00000106460	0.07568606443983539
ENSG00000101384	0.07562287315662752
ENSG00000227959	0.07557991320224677
ENSG00000239268	0.07538361848891428
ENSG00000258643	0.0753037636827667
ENSG00000170801	0.07522752832311452
ENSG00000259170	0.07513951430912935
ENSG00000151422	0.0750668097400713
ENSG00000228679	0.07506187067141301
ENSG00000249261	0.0749572569791872
ENSG00000133980	0.07495065184151328
ENSG00000050426	0.07488163383629365
ENSG00000101098	0.07486393679044756
ENSG00000119328	0.07482318931176346
ENSG00000065325	0.07480456740068542
ENSG00000182950	0.0747562680335272
ENSG00000132693	0.07465151305530893
ENSG00000223511	0.07465086233293494
ENSG00000149124	0.07453933853542072
ENSG00000021461	0.0744905308988777
ENSG00000153294	0.07438507538401185
ENSG00000235280	0.07429781143804104
ENSG00000272144	0.07422713065078934
ENSG00000165078	0.07421358727518168
ENSG00000166292	0.07415920863610181
ENSG00000164283	0.07413462293934558
ENSG00000271991	0.07411626189846454
ENSG00000149050	0.0740947588170997
ENSG00000230838	0.0740704154652505
ENSG00000150893	0.07389928449727945
ENSG00000260624	0.07385805790627087
ENSG00000271155	0.07377862992387985
ENSG00000251095	0.07370748203941746
ENSG00000234056	0.07369165272499667
ENSG00000149300	0.07369131472024337
ENSG00000273084	0.07361234506153469
ENSG00000163508	0.07347935293568653
ENSG00000125378	0.07343175092723131
ENSG00000204103	0.07341270920115162
ENSG00000255129	0.07336772628023214
ENSG00000121690	0.07335318383776035
ENSG00000269925	0.07332195849840017
ENSG00000183426	0.07329428225782086
ENSG00000125257	0.07318944531577509
ENSG00000070808	0.07316508807971989
ENSG00000260286	0.07315913954920417
ENSG00000173013	0.07315494440796089
ENSG00000171401	0.07310829833171684
ENSG00000171885	0.07291637017035635
ENSG00000099985	0.07283934897173028
ENSG00000196990	0.0728261467898732
ENSG00000149564	0.07280968996408177
ENSG00000257137	0.07279200977001299
ENSG00000230939	0.07269244724386703
ENSG00000124568	0.07267956862873048
ENSG00000267506	0.07262440089014155
ENSG00000249896	0.07258133084272722
ENSG00000174521	0.07255769736339701
ENSG00000092850	0.07251873069258985
ENSG00000237941	0.07249802481719136
ENSG00000168743	0.07239021820426395
ENSG00000273348	0.07236197919679244
ENSG00000122121	0.0723527972480904
ENSG00000109339	0.07233756515332446
ENSG00000225449	0.07228367688164927
ENSG00000172361	0.0722619307999699
ENSG00000204709	0.07218365438341912
ENSG00000250062	0.0721219231446848
ENSG00000154734	0.07208710212449154
ENSG00000185038	0.07202781363990152
ENSG00000145850	0.07192744547128727
ENSG00000126773	0.07188635267888754
ENSG00000230250	0.0718755135008029
ENSG00000179314	0.07182498217803945
ENSG00000054282	0.07180806039256904
ENSG00000259954	0.07177998619319115
ENSG00000260708	0.07173662162725103
ENSG00000241269	0.07173264294025206
ENSG00000105251	0.07171241915898174
ENSG00000242515	0.0716500110707099
ENSG00000233093	0.07163327461526103
ENSG00000197467	0.07159538545261257
ENSG00000200530	0.07145658700286872
ENSG00000082701	0.07141419813339511
ENSG00000075035	0.07134153314109204
ENSG00000169397	0.07126749455250758
ENSG00000213625	0.07126698366594564
ENSG00000166828	0.07119811205487947
ENSG00000259436	0.0711894962457853
ENSG00000134775	0.0711799744163435
ENSG00000260083	0.07117795171419172
ENSG00000174514	0.07092745337313366
ENSG00000141052	0.07086399975199997
ENSG00000240632	0.0708021182334726
ENSG00000101751	0.07075214832792454
ENSG00000151838	0.07063517303255273
ENSG00000255561	0.07055492022585108
ENSG00000226800	0.0704749536559448
ENSG00000136367	0.07031215750684772
ENSG00000236154	0.07030007678808547
ENSG00000231574	0.07023068127676346
ENSG00000273216	0.07020908523590652
ENSG00000165392	0.07018050863881542
ENSG00000143536	0.07010360991767484
ENSG00000238287	0.07009626295695259
ENSG00000126461	0.07006327086529529
ENSG00000169562	0.07004111730390616
ENSG00000134200	0.07003729804023595
ENSG00000266916	0.07003638825842584
ENSG00000260487	0.07000143715919904
ENSG00000124785	0.06998730506893258
ENSG00000227375	0.06993924673671681
ENSG00000118432	0.06992517188070213
ENSG00000183971	0.06987599106114506
ENSG00000169903	0.06986760393654512
ENSG00000151474	0.06982296731467152
ENSG00000177576	0.0698224367149638
ENSG00000257095	0.069762383655807
ENSG00000164129	0.06973240556034943
ENSG00000107562	0.06968879410870787
ENSG00000258999	0.06967864331099571
ENSG00000167106	0.06965133659503264
ENSG00000178055	0.06963696304076539
ENSG00000260403	0.06961558883860075
ENSG00000258704	0.06959508593401464
ENSG00000100628	0.06956311838785689
ENSG00000146151	0.0695484810305802
ENSG00000206149	0.0695303641327234
ENSG00000167904	0.06952816601175127
ENSG00000087237	0.0694721258373423
ENSG00000157087	0.06945091329484487
ENSG00000179588	0.06943164434893379
ENSG00000117643	0.06942140172442546
ENSG00000122778	0.06939435295547258
ENSG00000205670	0.06935039209035576
ENSG00000121454	0.06933795712309077
ENSG00000272969	0.06931885486715506
ENSG00000244198	0.06930512481939188
ENSG00000102078	0.06927593157722023
ENSG00000116990	0.06926279567925708
ENSG00000203685	0.06926162010568437
ENSG00000205279	0.0692519509947982
ENSG00000183891	0.06917382642199543
ENSG00000248144	0.06914993250217472
ENSG00000174456	0.06909654590299197
ENSG00000183960	0.06908267822245762
ENSG00000257923	0.06904156129692662
ENSG00000171735	0.06902573806062917
ENSG00000228737	0.0690154555797351
ENSG00000267707	0.06899604417960115
ENSG00000185972	0.06892331873965651
ENSG00000243284	0.06889703394922098
ENSG00000223991	0.06887421376046432
ENSG00000261080	0.06886285463032915
ENSG00000163362	0.06879526076198372
ENSG00000068097	0.06873170297691922
ENSG00000267733	0.0686362688658051
ENSG00000205502	0.06861797735386088
ENSG00000224132	0.06859105286824496
ENSG00000226005	0.0685415224384125
ENSG00000188306	0.06848338754363414
ENSG00000261636	0.06840871479638522
ENSG00000187764	0.06839891122611408
ENSG00000234684	0.06838623191405757
ENSG00000138698	0.0682815825678027
ENSG00000174502	0.06826164336532048
ENSG00000254389	0.0682268366979144
ENSG00000249740	0.06822326112719179
ENSG00000266714	0.06810707185173337
ENSG00000162490	0.06808004000564383
ENSG00000147202	0.06804842607913275
ENSG00000230442	0.06794752576754681
ENSG00000103449	0.06794562911169377
ENSG00000267491	0.06790008460050379
ENSG00000272217	0.06778509395940135
ENSG00000272491	0.0677532386152917
ENSG00000267560	0.06774251793731745
ENSG00000121101	0.06772599641593025
ENSG00000132329	0.06770453282625022
ENSG00000250786	0.06770111334888584
ENSG00000211803	0.06764944351039337
ENSG00000100478	0.06762870403775723
ENSG00000235478	0.06760522405384384
ENSG00000269906	0.06759847753174308
ENSG00000148123	0.06756353361016476
ENSG00000157036	0.06755884128231116
ENSG00000268658	0.06755761647322078
ENSG00000214510	0.06749668207649973
ENSG00000122756	0.06739576289581706
ENSG00000267517	0.06739240188214657
ENSG00000154269	0.06738125060142641
ENSG00000102858	0.0673562734259816
ENSG00000104112	0.0673513685553282
ENSG00000166479	0.06732771273758664
ENSG00000174576	0.06728062209812435
ENSG00000233725	0.06721318465330905
ENSG00000258919	0.06716471555599357
ENSG00000167984	0.06715938588815296
ENSG00000237836	0.06712064789856753
ENSG00000005206	0.06707648421430834
ENSG00000137571	0.06707467603410544
ENSG00000158427	0.06706934298611733
ENSG00000244056	0.06703543601393291
ENSG00000235518	0.06701896817800024
ENSG00000211667	0.06697281423070289
ENSG00000173120	0.06678065012605683
ENSG00000181031	0.06668099204307221
ENSG00000185904	0.06659855780530721
ENSG00000154146	0.06655257664575309
ENSG00000261856	0.06644116239491149
ENSG00000135318	0.06634432703436266
ENSG00000143171	0.06634212787261307
ENSG00000167619	0.06633501928948182
ENSG00000135052	0.06630822697946237
ENSG00000143786	0.06627564387025897
ENSG00000074755	0.06624307492020565
ENSG00000187535	0.06618014108282821
ENSG00000179133	0.06615601915490688
ENSG00000158445	0.06609082024049018
ENSG00000105855	0.06600367600133805
ENSG00000259426	0.06595425471763638
ENSG00000151418	0.0658892290695201
ENSG00000204352	0.06584758146968328
ENSG00000242173	0.06583119407654014
ENSG00000211659	0.06582428835627097
ENSG00000065060	0.06581526200259158
ENSG00000165661	0.06579205872943739
ENSG00000230131	0.06578911749273542
ENSG00000230400	0.06575369683886856
ENSG00000214491	0.06560597651691724
ENSG00000087258	0.06560429469472684
ENSG00000100296	0.06558749736358438
ENSG00000261441	0.06554811561453944
ENSG00000226308	0.06551232787456507
ENSG00000108622	0.06551034442647152
ENSG00000180346	0.06550633169737519
ENSG00000148734	0.06549807844102973
ENSG00000238460	0.06540320030256774
ENSG00000185596	0.06536782397959007
ENSG00000273360	0.06510277611308646
ENSG00000269903	0.06502243998977564
ENSG00000161405	0.06501530370842756
ENSG00000235597	0.06498863384790865
ENSG00000170322	0.06490842564050969
ENSG00000134240	0.06483179067283751
ENSG00000187689	0.06477653919190196
ENSG00000223635	0.06475969378657687
ENSG00000188487	0.06472044132148613
ENSG00000143184	0.06466621084569368
ENSG00000260166	0.06465546751055351
ENSG00000163702	0.06465024887137649
ENSG00000180259	0.06460779272793804
ENSG00000261143	0.06458810406483395
ENSG00000211666	0.06458500163834224
ENSG00000251179	0.0645540276505776
ENSG00000254859	0.06454989990036064
ENSG00000236975	0.06442039329513638
ENSG00000255587	0.06440603487844165
ENSG00000154479	0.06430695850153811
ENSG00000226419	0.06427724138301283
ENSG00000229012	0.06427003980553625
ENSG00000118690	0.06425764529691791
ENSG00000151327	0.06425523339360706
ENSG00000226650	0.06425188050741659
ENSG00000211663	0.06413353872793381
ENSG00000157240	0.06397465455699303
ENSG00000189157	0.06395469541946186
ENSG00000230552	0.0638944530532699
ENSG00000254066	0.06386629057782534
ENSG00000198798	0.06385212087816572
ENSG00000214655	0.06380999861666736
ENSG00000257741	0.06380220234776823
ENSG00000114948	0.06376191863395819
ENSG00000170231	0.06373877040412412
ENSG00000110427	0.06372734454687312
ENSG00000253537	0.06372586232499655
ENSG00000149972	0.06366526967653807
ENSG00000165379	0.06365999185266946
ENSG00000250406	0.0636407430243846
ENSG00000211772	0.0635545111502902
ENSG00000157150	0.06352415911921772
ENSG00000225437	0.06347916721563185
ENSG00000185198	0.06340818654177416
ENSG00000143507	0.0634031904304102
ENSG00000235914	0.06320835922457779
ENSG00000251381	0.0631773360005512
ENSG00000006283	0.06317247029229844
ENSG00000046653	0.06311122208385478
ENSG00000151962	0.06311082959860337
ENSG00000118420	0.06308501296338775
ENSG00000137726	0.0630593981128802
ENSG00000228538	0.06303569609472626
ENSG00000204860	0.06302800759604055
ENSG00000063180	0.0630224688286749
ENSG00000100731	0.06294166463061823
ENSG00000174325	0.06280955263382704
ENSG00000170364	0.06263269910063274
ENSG00000255760	0.0626067275432256
ENSG00000269439	0.06260265046917146
ENSG00000114861	0.0625486938624431
ENSG00000105278	0.06254345114283
ENSG00000175773	0.06251610133515939
ENSG00000167210	0.062436214058186223
ENSG00000224660	0.06242968454177933
ENSG00000085741	0.06239504918119776
ENSG00000140481	0.062319666804065754
ENSG00000234303	0.062305373842917566
ENSG00000271889	0.06229430734843411
ENSG00000247624	0.06219129383322275
ENSG00000257612	0.06210451074715939
ENSG00000115041	0.06209776225048391
ENSG00000227012	0.06207278218326029
ENSG00000132635	0.06207009594713275
ENSG00000167798	0.06202846406698859
ENSG00000161298	0.062024630417813365
ENSG00000232259	0.062016970826418216
ENSG00000204677	0.06199850322734646
ENSG00000100413	0.06196054596424272
ENSG00000224382	0.06192123285289863
ENSG00000186075	0.06184811522203293
ENSG00000188321	0.06184260141280307
ENSG00000137648	0.06183201866515908
ENSG00000227946	0.06180150865758072
ENSG00000270048	0.06174078985255105
ENSG00000267247	0.061735196759669764
ENSG00000226145	0.06160924527919209
ENSG00000143556	0.061583018109514276
ENSG00000170234	0.06152212684325464
ENSG00000126091	0.06142373412117497
ENSG00000230404	0.061359796969919556
ENSG00000183395	0.06133992313181902
ENSG00000108759	0.06132324754693452
ENSG00000156140	0.06121414689191451
ENSG00000231764	0.06117666118639109
ENSG00000136869	0.06112019572551364
ENSG00000168781	0.06111604959392003
ENSG00000250850	0.06109930205198166
ENSG00000162493	0.0610644334677557
ENSG00000112799	0.06106052626973413
ENSG00000199836	0.0610515342740392
ENSG00000125740	0.061035648043917146
ENSG00000232023	0.06101342190705328
ENSG00000205861	0.0609732423986844
ENSG00000233017	0.06095781726116001
ENSG00000167769	0.06094862973634285
ENSG00000155926	0.0609189399301473
ENSG00000229314	0.06091747764687461
ENSG00000269044	0.06091490454292603
ENSG00000206249	0.06088273654714116
ENSG00000272858	0.060873556141113117
ENSG00000237412	0.06085078409769018
ENSG00000235819	0.060842430166732075
ENSG00000149292	0.06082488583659518
ENSG00000268583	0.060808716139815866
ENSG00000163874	0.06080519091122771
ENSG00000173209	0.06079161257719434
ENSG00000256030	0.06073250670285257
ENSG00000179292	0.06070711754016367
ENSG00000185477	0.06070426335375134
ENSG00000168350	0.060680202566265384
ENSG00000145781	0.06065256832703447
ENSG00000261504	0.06062628252361524
ENSG00000250286	0.06061166477179358
ENSG00000125089	0.06057306480985991
ENSG00000169621	0.060556603676390264
ENSG00000199490	0.060549628387266186
ENSG00000229582	0.06047850213604988
ENSG00000233729	0.06042451792476955
ENSG00000137177	0.0604225408726049
ENSG00000239649	0.06042229560132206
ENSG00000272686	0.06040970518439104
ENSG00000047056	0.06034730161613111
ENSG00000181074	0.060345816346871306
ENSG00000226306	0.06030131136530614
ENSG00000125851	0.0602748184642139
ENSG00000228037	0.06026723880975915
ENSG00000131864	0.06025846231990517
ENSG00000273027	0.06025507871505709
ENSG00000207561	0.0602478416842791
ENSG00000071991	0.06023234165693392
ENSG00000151612	0.060170490851715996
ENSG00000228750	0.06006548101914677
ENSG00000143093	0.06004503876714251
ENSG00000237863	0.06004357210182332
ENSG00000179979	0.06002254054642142
ENSG00000266680	0.059922896861362096
ENSG00000198939	0.059771978112231894
ENSG00000204136	0.05970158778848522
ENSG00000144445	0.05957697973517728
ENSG00000183837	0.059565266524989946
ENSG00000233251	0.05950593909580659
ENSG00000160161	0.05948035594402645
ENSG00000224961	0.05947424935477241
ENSG00000158158	0.05944328614967875
ENSG00000228486	0.059420411540689555
ENSG00000268686	0.05928800037392623
ENSG00000088002	0.059276111899137396
ENSG00000113389	0.05926949794507719
ENSG00000197782	0.05921480239395582
ENSG00000168944	0.059186103612988816
ENSG00000099917	0.05911300743674186
ENSG00000273183	0.05903459839920622
ENSG00000164484	0.05901101945774889
ENSG00000260196	0.05900929519847664
ENSG00000007062	0.05899934367473758
ENSG00000139973	0.05895310220723049
ENSG00000251615	0.05893793544277348
ENSG00000100249	0.058888098775434994
ENSG00000159374	0.05882033604197168
ENSG00000185974	0.05881910056758133
ENSG00000258985	0.05880777918292446
ENSG00000116731	0.05859089610878643
ENSG00000250091	0.05855206516704037
ENSG00000255121	0.058520601021435414
ENSG00000156885	0.05846244441627868
ENSG00000142748	0.058448754511231105
ENSG00000072163	0.05829559239315385
ENSG00000257218	0.05827528647384628
ENSG00000206573	0.05824170047313082
ENSG00000181092	0.058158178391236603
ENSG00000259704	0.05803487557281617
ENSG00000101443	0.05801236314851099
ENSG00000141664	0.05794563721398749
ENSG00000237424	0.05792533087693208
ENSG00000249049	0.05782919750877724
ENSG00000261758	0.05782572252012197
ENSG00000204300	0.05779273109024152
ENSG00000165985	0.057675902082825026
ENSG00000254872	0.05767374875409459
ENSG00000228422	0.05767332626674704
ENSG00000231106	0.057650752563288554
ENSG00000264859	0.05762302098775396
ENSG00000248408	0.05761519077018762
ENSG00000169564	0.05758492206684007
ENSG00000272181	0.05748638373681936
ENSG00000266010	0.05742972072078012
ENSG00000174740	0.05733681287319947
ENSG00000245556	0.05732999216500323
ENSG00000120254	0.057268828879656786
ENSG00000211689	0.05722718446066111
ENSG00000147145	0.057161416874966786
ENSG00000267039	0.05715925455177273
ENSG00000230067	0.0570873581795357
ENSG00000111886	0.05707810432541849
ENSG00000239474	0.05705131486341131
ENSG00000198182	0.05696021711725607
ENSG00000154102	0.05682564253625677
ENSG00000254815	0.0568235242577515
ENSG00000235931	0.056717714538957464
ENSG00000143353	0.056707886955019715
ENSG00000133048	0.05660742286953946
ENSG00000133812	0.05655216106557526
ENSG00000176623	0.05655087227048394
ENSG00000120251	0.05653454010469594
ENSG00000182040	0.056455978405418605
ENSG00000163012	0.056443499982305134
ENSG00000108381	0.05643948697026646
ENSG00000170959	0.05637718815679604
ENSG00000124659	0.056350815335571625
ENSG00000230185	0.05632464756542088
ENSG00000172943	0.0562833446793376
ENSG00000232310	0.056274119760855834
ENSG00000105655	0.05617202201250304
ENSG00000182648	0.05612752634978846
ENSG00000175048	0.056109419017592366
ENSG00000147231	0.05603587215273098
ENSG00000118513	0.05601630824995807
ENSG00000063046	0.055969977936423776
ENSG00000251364	0.05596062125904466
ENSG00000243406	0.05586869559150642
ENSG00000225880	0.05585570485387592
ENSG00000135842	0.055767767783601485
ENSG00000109466	0.05573302343113529
ENSG00000261026	0.055671935695608354
ENSG00000166961	0.05564720632527398
ENSG00000206077	0.05564071812339222
ENSG00000170677	0.0556068846506399
ENSG00000102243	0.0555888047465567
ENSG00000108175	0.05557899546465017
ENSG00000129116	0.05553265192020529
ENSG00000147027	0.05549767143279105
ENSG00000162782	0.055414065256982115
ENSG00000100312	0.05541251451253215
ENSG00000230040	0.05540193391784509
ENSG00000248489	0.05536563660692595
ENSG00000170345	0.05531640799010251
ENSG00000272667	0.05514195266543798
ENSG00000233332	0.05512917648761384
ENSG00000198723	0.05503551610410384
ENSG00000153531	0.05489707228201346
ENSG00000186074	0.05488738753188471
ENSG00000169570	0.05484593531349646
ENSG00000169750	0.05484483632838377
ENSG00000197360	0.05479903512783446
ENSG00000166482	0.054786456869069244
ENSG00000260249	0.054786079425637624
ENSG00000175548	0.05462849553510751
ENSG00000151917	0.05456979496595182
ENSG00000262031	0.05446851130008712
ENSG00000134183	0.05442904186227482
ENSG00000103472	0.05436514473110532
ENSG00000136487	0.05435791660697764
ENSG00000009780	0.05434165749213693
ENSG00000234741	0.05433523935283402
ENSG00000236244	0.054271606044372867
ENSG00000131558	0.054256951719378055
ENSG00000168631	0.05417835696920226
ENSG00000117122	0.05417343816637654
ENSG00000241106	0.05409248980222148
ENSG00000156858	0.05392955281036227
ENSG00000230084	0.05374044371180409
ENSG00000130338	0.05370103941027837
ENSG00000160593	0.05369278387281473
ENSG00000242808	0.053666294457401564
ENSG00000242802	0.05363506241663929
ENSG00000164120	0.053632384640425634
ENSG00000140600	0.05355466908687867
ENSG00000150676	0.05352149668656914
ENSG00000230978	0.05348448307131104
ENSG00000140326	0.053472007720525516
ENSG00000174353	0.05342963499079745
ENSG00000197619	0.05340520901289869
ENSG00000244617	0.05339136233312747
ENSG00000234871	0.05337195073782719
ENSG00000163110	0.05334924784661066
ENSG00000142528	0.0532459277395565
ENSG00000156103	0.053225063744697376
ENSG00000169347	0.05319334238864859
ENSG00000255916	0.05318457034786772
ENSG00000030304	0.053130701187740215
ENSG00000188191	0.053035791315101166
ENSG00000267388	0.05294709575351364
ENSG00000182798	0.052925329621762884
ENSG00000256064	0.05290339642328257
ENSG00000164073	0.05281808833914625
ENSG00000215915	0.05275786532567728
ENSG00000234962	0.05267693724789391
ENSG00000137764	0.05261785728302226
ENSG00000229011	0.052496931013773285
ENSG00000147697	0.052478899423644476
ENSG00000234688	0.052445369633476124
ENSG00000227925	0.052328465215793374
ENSG00000227230	0.05231231198918218
ENSG00000173295	0.0521921520480797
ENSG00000070018	0.0520835788447116
ENSG00000166780	0.052054887568475205
ENSG00000069122	0.05202953444466041
ENSG00000130653	0.05199838194383455
ENSG00000110497	0.05198072687329369
ENSG00000164100	0.05197821206177489
ENSG00000229770	0.051967265413342956
ENSG00000211905	0.05194394848103001
ENSG00000249007	0.05192056516701782
ENSG00000105255	0.0519065656797153
ENSG00000055208	0.05188036607921953
ENSG00000254507	0.05187891182379811
ENSG00000197506	0.05185388828719506
ENSG00000123610	0.051839365892418776
ENSG00000167014	0.051717160575385446
ENSG00000162755	0.05156811627894076
ENSG00000233705	0.05156734444022493
ENSG00000164821	0.051546632113213864
ENSG00000176153	0.05152260071238701
ENSG00000104921	0.05148548369910544
ENSG00000265352	0.05144205685528047
ENSG00000093217	0.05143168477511795
ENSG00000178700	0.05142487683691899
ENSG00000169302	0.05138266856492435
ENSG00000273117	0.051368747708437246
ENSG00000169016	0.051354680114415574
ENSG00000235954	0.051260562954425604
ENSG00000137337	0.05125215012752338
ENSG00000261707	0.05121749775009121
ENSG00000117868	0.05119384604897714
ENSG00000113068	0.051149784918054
ENSG00000223745	0.05105630343106382
ENSG00000150275	0.05104390252591107
ENSG00000160181	0.05091270412670901
ENSG00000237200	0.05088348671254983
ENSG00000241852	0.05085123088041721
ENSG00000109684	0.05080784368614588
ENSG00000174156	0.050800767962648985
ENSG00000163312	0.05078308216258809
ENSG00000255595	0.05078278466987807
ENSG00000164325	0.05073445085074879
ENSG00000255191	0.05071998497745911
ENSG00000218672	0.05070016162654456
ENSG00000232973	0.050642123497527614
ENSG00000269952	0.05063045217105322
ENSG00000128274	0.050481421427312156
ENSG00000231367	0.05045626319747187
ENSG00000071575	0.050431013046039475
ENSG00000170579	0.050404368898797625
ENSG00000121741	0.050354944320294415
ENSG00000233041	0.05034311571703887
ENSG00000079156	0.05033843401334415
ENSG00000178031	0.05033443453944009
ENSG00000239799	0.05031721389109478
ENSG00000146776	0.050312940177019705
ENSG00000148400	0.05030210499280985
ENSG00000234186	0.05028012304140228
ENSG00000137218	0.050278954441296264
ENSG00000254139	0.0502517285260804
ENSG00000137561	0.050190757885886894
ENSG00000258955	0.050161626607491794
ENSG00000234997	0.05005011332768694
ENSG00000075975	0.05000433792252523
ENSG00000100181	0.04991690044398989
ENSG00000135966	0.04989357535863048
ENSG00000255420	0.0498897485000771
ENSG00000145743	0.049867294695783215
ENSG00000236272	0.0498401967245643
ENSG00000253100	0.04978677292351397
ENSG00000119888	0.04975008043033213
ENSG00000261338	0.04965680454312871
ENSG00000166398	0.049656562625011835
ENSG00000260616	0.04962744380059059
ENSG00000167641	0.04958955893505301
ENSG00000113749	0.04958529809181211
ENSG00000231851	0.04947576292387068
ENSG00000185046	0.04945717952008777
ENSG00000173452	0.049430816123885224
ENSG00000221571	0.04936822136003349
ENSG00000011201	0.049352372838479264
ENSG00000118369	0.04935133920339685
ENSG00000162946	0.049293782190769075
ENSG00000176083	0.04926802961301302
ENSG00000260198	0.04923968722750938
ENSG00000165905	0.04922681471183332
ENSG00000167693	0.04920964855450438
ENSG00000172062	0.049176893380673325
ENSG00000230499	0.04916456454436924
ENSG00000214691	0.049164286955319936
ENSG00000244171	0.04914880868826366
ENSG00000100461	0.049076456836767424
ENSG00000154252	0.04907158583740823
ENSG00000126012	0.04905351275082581
ENSG00000081479	0.04905173795063966
ENSG00000151846	0.04901568172307913
ENSG00000264069	0.04882322739019984
ENSG00000181827	0.04878953441398348
ENSG00000211698	0.04878733531314339
ENSG00000174059	0.0486902382154597
ENSG00000167523	0.04867647652041218
ENSG00000233175	0.04850379816838646
ENSG00000148832	0.04849207328157368
ENSG00000215148	0.04849192847214567
ENSG00000188641	0.04846688141571809
ENSG00000237457	0.048393488045956
ENSG00000146540	0.04832636982483751
ENSG00000154330	0.04820045191944766
ENSG00000130723	0.048171438188388205
ENSG00000150394	0.04811083638802671
ENSG00000236819	0.04807605481277122
ENSG00000253392	0.04805914871341277
ENSG00000155087	0.04783120908338123
ENSG00000166402	0.04781741928322014
ENSG00000064933	0.04780339247997567
ENSG00000185177	0.04779829024100346
ENSG00000156096	0.047794149758862314
ENSG00000005102	0.04779354261185298
ENSG00000095303	0.04777604542628189
ENSG00000234279	0.04777043184565577
ENSG00000173801	0.047667002163022554
ENSG00000249746	0.04763117376370074
ENSG00000172247	0.04759690579714704
ENSG00000206026	0.04754183750201557
ENSG00000185798	0.04752247987245317
ENSG00000268049	0.047455712343981826
ENSG00000132031	0.04743257150835434
ENSG00000260645	0.047422228444974124
ENSG00000047644	0.04740619818118086
ENSG00000273355	0.04740584089998601
ENSG00000130518	0.047377773311663374
ENSG00000211938	0.047344772078884434
ENSG00000188000	0.04725362223230811
ENSG00000110367	0.047171466556682695
ENSG00000133858	0.0470479586454875
ENSG00000048342	0.047047883855447115
ENSG00000249602	0.04702107446168724
ENSG00000165837	0.0469860989273152
ENSG00000243449	0.04689863301989128
ENSG00000231633	0.0468928693579973
ENSG00000239705	0.04689003338602493
ENSG00000124194	0.04687519890568548
ENSG00000235314	0.046860951277813756
ENSG00000161653	0.046840565167899584
ENSG00000131398	0.046818600070803296
ENSG00000126467	0.04679440303444271
ENSG00000108830	0.04676367390299374
ENSG00000178597	0.04675623935495343
ENSG00000148600	0.04675188831019583
ENSG00000137673	0.046749536907706446
ENSG00000154265	0.046637590286097375
ENSG00000225879	0.046617888824328935
ENSG00000198496	0.04658288310148162
ENSG00000132837	0.04651587922038436
ENSG00000101812	0.046473917907421836
ENSG00000167178	0.04641991637978182
ENSG00000273419	0.04632782689304382
ENSG00000178750	0.046239668439460146
ENSG00000196159	0.04612974866071973
ENSG00000222112	0.0461004442457853
ENSG00000139546	0.04605253665777376
ENSG00000188933	0.04602416952816957
ENSG00000015520	0.046022266180853366
ENSG00000154556	0.046010640453759244
ENSG00000266405	0.045965050867429635
ENSG00000262905	0.04595485145467837
ENSG00000121068	0.04592262818105608
ENSG00000172379	0.045847967977380666
ENSG00000151575	0.04582503091306722
ENSG00000223597	0.04580666575619352
ENSG00000183486	0.0457187375251602
ENSG00000130822	0.045685839845031495
ENSG00000152760	0.04554002594397066
ENSG00000187838	0.04542127750891778
ENSG00000154928	0.04539085417463862
ENSG00000182095	0.04537103391791453
ENSG00000164604	0.04535533326520147
ENSG00000198535	0.04528552500512939
ENSG00000255507	0.04524440540917163
ENSG00000146267	0.04521944737120043
ENSG00000243955	0.04519401271679446
ENSG00000183337	0.045173286700875837
ENSG00000178409	0.0451463896386497
ENSG00000223923	0.04514299988249837
ENSG00000144810	0.04510145022514145
ENSG00000036549	0.045078637042278435
ENSG00000138678	0.045032827182228896
ENSG00000266274	0.04500834117051555
ENSG00000111906	0.04488414867111068
ENSG00000225950	0.04480617941556542
ENSG00000242339	0.04477126775138851
ENSG00000162065	0.04470510185981147
ENSG00000237062	0.044677907626289315
ENSG00000215834	0.04464865085234071
ENSG00000267786	0.04456027046268485
ENSG00000176532	0.04455873256562448
ENSG00000188227	0.04448783608823326
ENSG00000197852	0.04448548122589635
ENSG00000237556	0.044334246588632054
ENSG00000132563	0.044291476437392285
ENSG00000205485	0.04425386607002224
ENSG00000273267	0.044238059199603
ENSG00000198870	0.04422113293992025
ENSG00000201273	0.04421781940107672
ENSG00000231953	0.04418566618321007
ENSG00000171199	0.04418431505692122
ENSG00000242242	0.04416239191634941
ENSG00000259712	0.044156518162725256
ENSG00000138308	0.04407129046576519
ENSG00000102038	0.04402638868151443
ENSG00000237460	0.043937016115905614
ENSG00000140538	0.043896295104586036
ENSG00000261603	0.04383050303094027
ENSG00000232470	0.04382843366334277
ENSG00000109832	0.04380668453684455
ENSG00000267729	0.04366235723261758
ENSG00000255359	0.043594467250824165
ENSG00000164418	0.043522703181034794
ENSG00000187595	0.043485866661986616
ENSG00000180432	0.04348320069134326
ENSG00000173578	0.04344716313396546
ENSG00000225762	0.04344321444999988
ENSG00000227885	0.04342070089972405
ENSG00000143858	0.04341791318872468
ENSG00000266599	0.04335209205731849
ENSG00000260878	0.04331090548874661
ENSG00000164900	0.0432157055370721
ENSG00000163739	0.04319881448246132
ENSG00000050628	0.04317846031332895
ENSG00000184675	0.04313908924183507
ENSG00000258785	0.04310573883678792
ENSG00000251532	0.04310479155753888
ENSG00000187024	0.04309613423042791
ENSG00000155592	0.04304959546584719
ENSG00000254760	0.043001576747052184
ENSG00000101336	0.04298150273911405
ENSG00000099960	0.04294750247048862
ENSG00000247934	0.042935499869056315
ENSG00000188807	0.042920768944587406
ENSG00000267776	0.04277317397312652
ENSG00000211950	0.04267335819106499
ENSG00000259788	0.042671368175239976
ENSG00000155890	0.042667001047370645
ENSG00000084628	0.0426060946602449
ENSG00000095739	0.04255993615483078
ENSG00000237886	0.04255909714968342
ENSG00000182636	0.04252090067825165
ENSG00000229388	0.04251754926469964
ENSG00000212724	0.04249392934717422
ENSG00000246523	0.0424920058434346
ENSG00000173838	0.04241730385260367
ENSG00000135898	0.04240349160818613
ENSG00000188488	0.04237933902884716
ENSG00000164855	0.04227568937401771
ENSG00000261888	0.04227010436431766
ENSG00000198520	0.042252206228991174
ENSG00000103742	0.042244331661861256
ENSG00000272970	0.042213373929368636
ENSG00000105963	0.04218046028010014
ENSG00000149557	0.042150651645761705
ENSG00000232354	0.04213639108655598
ENSG00000106541	0.04210242496469263
ENSG00000206560	0.04205424914544986
ENSG00000235078	0.0420273740498025
ENSG00000167414	0.04196713852787792
ENSG00000236172	0.04194747632111295
ENSG00000128606	0.04186038494546551
ENSG00000152217	0.041838047162863656
ENSG00000145349	0.0418175190682013
ENSG00000114248	0.041640960286645434
ENSG00000104863	0.04157283674267509
ENSG00000177640	0.04149419395709586
ENSG00000129455	0.041469295798437944
ENSG00000186806	0.04146095677221928
ENSG00000258676	0.041452587894563964
ENSG00000106070	0.041416646058924034
ENSG00000273366	0.04141283011905439
ENSG00000229869	0.04136623845574605
ENSG00000163098	0.04133080130796962
ENSG00000188070	0.04130776214672127
ENSG00000251136	0.04126601679140851
ENSG00000233912	0.041223441847280995
ENSG00000079974	0.041215165065631165
ENSG00000062038	0.04118895591060201
ENSG00000211625	0.04117367057878374
ENSG00000047365	0.04106741273206915
ENSG00000270108	0.041036382050561704
ENSG00000246526	0.040918599988171156
ENSG00000160360	0.04088678707990989
ENSG00000166391	0.04087270241023333
ENSG00000263105	0.04086143557138455
ENSG00000235077	0.040768278488391374
ENSG00000271065	0.04072379298038675
ENSG00000260879	0.04061566121591742
ENSG00000230061	0.04061447256976658
ENSG00000248576	0.04061025462773182
ENSG00000170956	0.04044574922112987
ENSG00000117020	0.040399179909856864
ENSG00000148143	0.04034286609040927
ENSG00000101782	0.04017636800481683
ENSG00000188659	0.04013952414954258
ENSG00000164588	0.040107009176539865
ENSG00000225891	0.04008663462375206
ENSG00000177464	0.04006470909582438
ENSG00000249631	0.039910791545319846
ENSG00000163993	0.03989457700479737
ENSG00000249599	0.039889431668142405
ENSG00000174080	0.039861746503866646
ENSG00000125945	0.03981618178423307
ENSG00000003096	0.03976655834001641
ENSG00000163599	0.03976356446839002
ENSG00000185274	0.0397433264553928
ENSG00000256120	0.03972732231797638
ENSG00000225511	0.03971770541137665
ENSG00000249106	0.039674665085651206
ENSG00000256031	0.03965235440209747
ENSG00000251543	0.03960832636665401
ENSG00000110931	0.039474883362695445
ENSG00000251867	0.03936232343434676
ENSG00000166002	0.03928787696004177
ENSG00000137124	0.03920625619708984
ENSG00000112619	0.03913814351899614
ENSG00000184492	0.039123008981265084
ENSG00000256690	0.03912248144306929
ENSG00000266947	0.03910984863461331
ENSG00000154380	0.03910118087686665
ENSG00000237675	0.03905797412431955
ENSG00000211788	0.03905736313565522
ENSG00000074211	0.03905396286393925
ENSG00000264177	0.039047680977776
ENSG00000198915	0.03903772049939502
ENSG00000241769	0.03899150700705101
ENSG00000226668	0.038916270231142525
ENSG00000189409	0.038908380885173566
ENSG00000175414	0.03890740643352997
ENSG00000242338	0.03888691426789248
ENSG00000158477	0.03884636741069647
ENSG00000267097	0.03879590008802958
ENSG00000006534	0.03878977749208734
ENSG00000256943	0.03871612348713227
ENSG00000165312	0.03867119628191129
ENSG00000233184	0.03860336520546781
ENSG00000267751	0.03855153716757842
ENSG00000105516	0.038515225034298606
ENSG00000162878	0.03845047167201465
ENSG00000116701	0.038358558034436774
ENSG00000105088	0.038318050448788554
ENSG00000261377	0.038291108998983914
ENSG00000225698	0.03828924084881291
ENSG00000271918	0.03824598347938157
ENSG00000185271	0.038224000040723016
ENSG00000258410	0.03820301263671255
ENSG00000099814	0.03819573315284486
ENSG00000237015	0.03816366728386589
ENSG00000172782	0.03816110806606998
ENSG00000246067	0.03813880240978773
ENSG00000263823	0.03812880985038225
ENSG00000103175	0.03812148686806527
ENSG00000255829	0.038112000706007176
ENSG00000171132	0.03811054237102973
ENSG00000023516	0.03809999046987378
ENSG00000238120	0.0380968013862375
ENSG00000184887	0.038044205747076454
ENSG00000162711	0.03804094268289182
ENSG00000225028	0.03800136784807484
ENSG00000160256	0.03796855205494176
ENSG00000204681	0.037852045179850746
ENSG00000267342	0.03784964143712277
ENSG00000204287	0.03777859753360269
ENSG00000141837	0.03773412546064314
ENSG00000182667	0.03768800144097195
ENSG00000130477	0.037557581471518775
ENSG00000230794	0.03755425881723484
ENSG00000168517	0.03754357204241798
ENSG00000167476	0.037512189098663606
ENSG00000241990	0.037443642776556096
ENSG00000167920	0.037407522130157966
ENSG00000154975	0.03739497787182877
ENSG00000265265	0.03736749940604622
ENSG00000142235	0.037257325621424586
ENSG00000066629	0.03725021804470541
ENSG00000101004	0.03724652338848444
ENSG00000153993	0.037221718947621385
ENSG00000144583	0.037166697867009324
ENSG00000271857	0.03712301956407793
ENSG00000051620	0.03705559080597953
ENSG00000130304	0.03705546627589307
ENSG00000244502	0.03700795910577637
ENSG00000171443	0.03698512151109323
ENSG00000272760	0.03698181078484919
ENSG00000196600	0.03695222742593485
ENSG00000055332	0.03694321834362002
ENSG00000146063	0.03693940124660289
ENSG00000140320	0.03691231374199866
ENSG00000170961	0.03688756710361352
ENSG00000104435	0.036878051698342684
ENSG00000272631	0.03683988093575241
ENSG00000263680	0.03675809063568369
ENSG00000125249	0.03668299906117678
ENSG00000141293	0.03662993591651498
ENSG00000131059	0.03659093316461526
ENSG00000106178	0.03658290542093301
ENSG00000005981	0.03657678558584565
ENSG00000120341	0.036569239018773736
ENSG00000148735	0.03655970529185115
ENSG00000179909	0.03642894157907661
ENSG00000064547	0.03642685532839862
ENSG00000246095	0.036422053722435344
ENSG00000161960	0.03641270287244347
ENSG00000110435	0.03636346924996681
ENSG00000240021	0.0362458734895601
ENSG00000109072	0.03622159599085095
ENSG00000165349	0.036191477663269245
ENSG00000235997	0.03613254565619006
ENSG00000088448	0.036114062048274054
ENSG00000189357	0.036110408057658194
ENSG00000135643	0.03609914759587962
ENSG00000196660	0.03609871018361033
ENSG00000121388	0.0360877711487857
ENSG00000152785	0.036025196103444346
ENSG00000090539	0.03595512585644167
ENSG00000136932	0.03595334011330786
ENSG00000231105	0.03594598545926386
ENSG00000259104	0.03590710117991147
ENSG00000081248	0.035852263857881095
ENSG00000079931	0.035842631760671484
ENSG00000178789	0.03578957725716325
ENSG00000227306	0.035761119324700275
ENSG00000273486	0.035660916732447534
ENSG00000170017	0.03560056634247721
ENSG00000273006	0.035445679983190814
ENSG00000243978	0.03538504179795421
ENSG00000087299	0.03536706785463384
ENSG00000186174	0.03535805930309599
ENSG00000109265	0.03534575779605764
ENSG00000178445	0.03534165548512913
ENSG00000225470	0.03532318797797429
ENSG00000167916	0.03530545867644519
ENSG00000254122	0.03529682886779284
ENSG00000197134	0.035223636260849345
ENSG00000182118	0.035215457601378564
ENSG00000257267	0.035166745840787605
ENSG00000145990	0.03515085701131104
ENSG00000134365	0.03510561594083006
ENSG00000101017	0.03509864888891334
ENSG00000112379	0.03500775753656571
ENSG00000204011	0.03499991040535266
ENSG00000259863	0.034983407140275924
ENSG00000164074	0.03494264589193885
ENSG00000232284	0.034939630163958846
ENSG00000154025	0.034915169698599424
ENSG00000250078	0.03488488617994312
ENSG00000065675	0.03484397430618169
ENSG00000205500	0.03473869345755354
ENSG00000234694	0.034725759396400546
ENSG00000188493	0.03469185038205658
ENSG00000130812	0.03469042934993416
ENSG00000113100	0.034689719553164355
ENSG00000165841	0.034654798688498634
ENSG00000138336	0.03459966985957985
ENSG00000236054	0.03455271738419308
ENSG00000188452	0.03454575353939715
ENSG00000128805	0.034507840349605745
ENSG00000151208	0.03446266932998587
ENSG00000261320	0.03439031764420042
ENSG00000257557	0.03438986769053365
ENSG00000111816	0.03437171428644459
ENSG00000254560	0.03421826292022434
ENSG00000205106	0.034201435493897536
ENSG00000258920	0.03417339188746227
ENSG00000178372	0.03416821394945058
ENSG00000126464	0.034031093089279096
ENSG00000153446	0.03403096525111882
ENSG00000146556	0.03392915385812589
ENSG00000185730	0.033916747602956265
ENSG00000233441	0.033879888984603035
ENSG00000183793	0.03379960729754572
ENSG00000128596	0.03376054155700836
ENSG00000140992	0.03369864701542302
ENSG00000234548	0.03369287367337637
ENSG00000203872	0.03365677536771461
ENSG00000259178	0.03365343903276652
ENSG00000179604	0.03365002118496907
ENSG00000105967	0.03361770950958243
ENSG00000150764	0.033581818349667
ENSG00000228115	0.033528175066302346
ENSG00000228153	0.03352070227473858
ENSG00000049089	0.03351247535987234
ENSG00000108813	0.033497048381878614
ENSG00000186529	0.03346560158122802
ENSG00000196811	0.03344213555741837
ENSG00000231948	0.03342913725236829
ENSG00000178860	0.03342714819326931
ENSG00000211899	0.03340117708020185
ENSG00000102048	0.03335188251009469
ENSG00000251003	0.033243410718259314
ENSG00000102359	0.033225908623281786
ENSG00000118496	0.033220224442833235
ENSG00000269843	0.033219305301728674
ENSG00000136918	0.033193362006433524
ENSG00000171532	0.033088973344021166
ENSG00000172137	0.03304175859965319
ENSG00000188859	0.03294905606997811
ENSG00000183775	0.03290707736331688
ENSG00000184347	0.03289613351437759
ENSG00000250131	0.03287265105011339
ENSG00000267626	0.03280917525672766
ENSG00000251339	0.03280417879663222
ENSG00000272369	0.03271828576761404
ENSG00000272347	0.03270942924902975
ENSG00000114315	0.032701894426763634
ENSG00000136003	0.03267839323893118
ENSG00000254990	0.032649204149422406
ENSG00000169062	0.03260988732966208
ENSG00000124232	0.03258433926281423
ENSG00000140873	0.03253844346248114
ENSG00000183778	0.03252200952797102
ENSG00000249145	0.032454521296650274
ENSG00000254531	0.03234969811854471
ENSG00000272308	0.03232886328864759
ENSG00000204576	0.03231311874645093
ENSG00000180385	0.03226478148299994
ENSG00000250510	0.032237075941675686
ENSG00000186479	0.03221527083244191
ENSG00000202533	0.03220106585561355
ENSG00000125450	0.03214531544936272
ENSG00000248787	0.03210720581993054
ENSG00000169641	0.03205796938905081
ENSG00000171503	0.03205267292583236
ENSG00000242816	0.031977786403812214
ENSG00000058668	0.031924245276460095
ENSG00000224863	0.0319094468473855
ENSG00000175727	0.03188222587072009
ENSG00000196605	0.03186544561424731
ENSG00000268078	0.03179793485281879
ENSG00000102970	0.031786450001496824
ENSG00000262728	0.03175238371042455
ENSG00000263878	0.031718253940987484
ENSG00000163060	0.03167159143815601
ENSG00000135541	0.03164296600813743
ENSG00000214425	0.031616793311462166
ENSG00000184271	0.031579137911381894
ENSG00000258428	0.031576796460075496
ENSG00000019102	0.031541724479861255
ENSG00000267421	0.03150199845951529
ENSG00000154165	0.03149467210645995
ENSG00000197119	0.031489854510776016
ENSG00000166471	0.031452984108829574
ENSG00000134490	0.031420732823001174
ENSG00000197162	0.0313221584412684
ENSG00000150867	0.031284562205835975
ENSG00000166159	0.031284413018285884
ENSG00000204323	0.03127088184332005
ENSG00000258844	0.031239122111436535
ENSG00000151414	0.031224555266143872
ENSG00000235944	0.031189255511251845
ENSG00000164187	0.031171786820485048
ENSG00000234225	0.031152620067385728
ENSG00000165215	0.031143028596035238
ENSG00000255100	0.031085457957530593
ENSG00000125375	0.03087493417402909
ENSG00000109118	0.030868526663014206
ENSG00000256633	0.030849676145088045
ENSG00000250582	0.030735232237314003
ENSG00000129933	0.03072713673601757
ENSG00000248476	0.030663271506372825
ENSG00000263167	0.03063033057102582
ENSG00000233891	0.030609202885500064
ENSG00000180251	0.030581552894178188
ENSG00000186715	0.03057270079657437
ENSG00000114113	0.030570822125804753
ENSG00000244879	0.030521097386735807
ENSG00000165655	0.030466693684445767
ENSG00000257599	0.030402559792426898
ENSG00000164953	0.030337899919789635
ENSG00000166750	0.030309219124214692
ENSG00000236463	0.030272299187498408
ENSG00000161381	0.030252212697575276
ENSG00000204618	0.030211349363503448
ENSG00000186160	0.03018006267986184
ENSG00000183798	0.030180019773099698
ENSG00000143493	0.030176958144140453
ENSG00000258843	0.03014305313321186
ENSG00000236716	0.03012377080498907
ENSG00000141965	0.030106087055199238
ENSG00000264608	0.030100208798252703
ENSG00000251688	0.0300102318821458
ENSG00000258223	0.029996898263924043
ENSG00000196366	0.02993053258038314
ENSG00000259365	0.02990931809171582
ENSG00000010626	0.02986212912378905
ENSG00000229294	0.029828366349404334
ENSG00000257842	0.029780614323797527
ENSG00000229089	0.029776495660725155
ENSG00000255571	0.029703321333451216
ENSG00000239998	0.02967114618125466
ENSG00000137501	0.029625602596204725
ENSG00000172238	0.029585789209420232
ENSG00000234362	0.029520605171900804
ENSG00000244734	0.029493119561493364
ENSG00000157625	0.029490184433526245
ENSG00000170379	0.029482289233776493
ENSG00000119946	0.029406182934632374
ENSG00000233633	0.029401944525757173
ENSG00000083828	0.02936208758772385
ENSG00000180104	0.02933213092191278
ENSG00000186897	0.029324890201192
ENSG00000162994	0.029323332450154505
ENSG00000140798	0.029319674965714526
ENSG00000181915	0.02930724348470015
ENSG00000112494	0.02926106948880358
ENSG00000258987	0.029236124521999862
ENSG00000183347	0.02919684998228833
ENSG00000267282	0.02910239690998795
ENSG00000106692	0.029071093857579555
ENSG00000116213	0.029066901933434197
ENSG00000101470	0.028975542519253494
ENSG00000151376	0.028938344502683844
ENSG00000255200	0.0289341059047441
ENSG00000018510	0.028889484369848617
ENSG00000186081	0.028877877731070978
ENSG00000189127	0.028856904294519925
ENSG00000100036	0.028834057809405733
ENSG00000114054	0.02881783751257716
ENSG00000230074	0.028795867458657698
ENSG00000006576	0.028734220433498825
ENSG00000241770	0.028670130674169902
ENSG00000254966	0.028656864058875353
ENSG00000267423	0.028644417639141384
ENSG00000186073	0.028620192777687903
ENSG00000165046	0.028594125440533302
ENSG00000167703	0.028531402892625346
ENSG00000263264	0.028525530408753275
ENSG00000170837	0.02850738043851342
ENSG00000139656	0.02850560801118096
ENSG00000174953	0.0284999858894619
ENSG00000064195	0.028477373707781695
ENSG00000128510	0.028468610131690886
ENSG00000184402	0.028423868296636456
ENSG00000260793	0.02842005551912119
ENSG00000248698	0.02840111089887354
ENSG00000255153	0.02835177300196734
ENSG00000115756	0.028317574769776588
ENSG00000136297	0.028277572060094514
ENSG00000170927	0.02823070253104576
ENSG00000116883	0.028210407235745194
ENSG00000104324	0.028150326625891564
ENSG00000099625	0.028119806249982338
ENSG00000229425	0.028102741158699596
ENSG00000234520	0.02806904791511311
ENSG00000164122	0.028048548615384306
ENSG00000177465	0.027991335919470783
ENSG00000121351	0.027927616758606888
ENSG00000259062	0.02791936119154359
ENSG00000138834	0.027911472671147575
ENSG00000235890	0.02790085583674662
ENSG00000198626	0.02789812410954373
ENSG00000172156	0.027830515888780827
ENSG00000138185	0.027828663325222713
ENSG00000164946	0.027827124540280135
ENSG00000153789	0.02777688639249032
ENSG00000265579	0.027765435568870123
ENSG00000262692	0.02772025064104855
ENSG00000122432	0.02768516088078532
ENSG00000272138	0.02766999742557541
ENSG00000235119	0.027632961152469937
ENSG00000236387	0.027597337736547267
ENSG00000203876	0.027576546997354345
ENSG00000131018	0.02756294045662644
ENSG00000253797	0.027560327397836426
ENSG00000157782	0.027493893272513725
ENSG00000116396	0.02744539513451083
ENSG00000257270	0.02744254328970852
ENSG00000270130	0.02742531901207923
ENSG00000272783	0.027397524022024555
ENSG00000271380	0.027330836540871317
ENSG00000118276	0.027295982231748006
ENSG00000132164	0.02723456684001646
ENSG00000268758	0.02719667226240796
ENSG00000110777	0.027192141493598943
ENSG00000227181	0.02717039322640291
ENSG00000271551	0.027127239391689706
ENSG00000237378	0.027111510470833933
ENSG00000230970	0.02707550726211938
ENSG00000153930	0.027066089937845206
ENSG00000034677	0.02702662014659274
ENSG00000261190	0.027003581147146072
ENSG00000258659	0.02697916213618945
ENSG00000171643	0.02696424372084194
ENSG00000265345	0.026924552818317515
ENSG00000171992	0.02691039947832219
ENSG00000075426	0.02685148787805791
ENSG00000253476	0.02676404788556641
ENSG00000162105	0.02661996088865015
ENSG00000135625	0.02659105352214164
ENSG00000179168	0.026590855821572834
ENSG00000172350	0.02657705625221185
ENSG00000180257	0.026525505534088056
ENSG00000114857	0.026521846222013368
ENSG00000264553	0.02642536397985884
ENSG00000120907	0.026324241165368356
ENSG00000163935	0.02631966397595198
ENSG00000261526	0.026317991598302948
ENSG00000140853	0.026308053017508604
ENSG00000215486	0.026263585662674727
ENSG00000179914	0.026219832195373938
ENSG00000223382	0.026194500932670506
ENSG00000263279	0.026172276500859626
ENSG00000137221	0.02613912301443566
ENSG00000224223	0.026102818175397946
ENSG00000270028	0.026046116875714453
ENSG00000139725	0.026039324080521675
ENSG00000227051	0.026019314028765006
ENSG00000167615	0.02595424619886666
ENSG00000196236	0.025899243759287982
ENSG00000254357	0.025849822353249063
ENSG00000227260	0.0257366964767467
ENSG00000177614	0.025726898972031176
ENSG00000214650	0.02572046104637038
ENSG00000102053	0.025637998875446266
ENSG00000004777	0.02563142066011248
ENSG00000254428	0.025612548227758047
ENSG00000228084	0.025593305463718297
ENSG00000168878	0.025590135152099736
ENSG00000251226	0.025552869477819984
ENSG00000170788	0.025503435326316826
ENSG00000198252	0.025414306242842466
ENSG00000118298	0.025408897705313294
ENSG00000128918	0.025362142260729748
ENSG00000229117	0.02532070503247974
ENSG00000179240	0.02532036046099284
ENSG00000229431	0.02525345748193142
ENSG00000268621	0.025189641087489223
ENSG00000164197	0.025185301512252734
ENSG00000183475	0.025077309335075126
ENSG00000259156	0.025006938687723856
ENSG00000116957	0.024993021543349148
ENSG00000168491	0.024941526230261468
ENSG00000112992	0.024908106934562246
ENSG00000261403	0.024897292590912556
ENSG00000236336	0.024784779480419683
ENSG00000147180	0.024720694437420976
ENSG00000148344	0.024709446611416386
ENSG00000230510	0.02469396774671595
ENSG00000257523	0.024690700349604633
ENSG00000226194	0.02467392786017064
ENSG00000248371	0.024656535242544075
ENSG00000198948	0.024543034382131124
ENSG00000267909	0.024443372047243006
ENSG00000253123	0.024425977659607634
ENSG00000165568	0.024385619387079283
ENSG00000259384	0.024348399677843968
ENSG00000171798	0.024321737169197055
ENSG00000231597	0.02428195386708154
ENSG00000169031	0.024208503965855277
ENSG00000229393	0.024194066579309226
ENSG00000177076	0.024168698074121808
ENSG00000137802	0.02403313248999317
ENSG00000235410	0.02401510262365769
ENSG00000223201	0.024012370826818508
ENSG00000255169	0.024002844861985118
ENSG00000249859	0.023998099420919905
ENSG00000246777	0.02398673846153443
ENSG00000272293	0.023976166907182073
ENSG00000178177	0.02397402311516239
ENSG00000182168	0.023888363848508565
ENSG00000158813	0.023884134379035027
ENSG00000196872	0.023877714415325713
ENSG00000161031	0.02375763670169384
ENSG00000265717	0.023751435634020046
ENSG00000258586	0.023729954582803137
ENSG00000253470	0.02372860556486489
ENSG00000119139	0.023632775043378684
ENSG00000198315	0.023610065754780862
ENSG00000225720	0.02360848166890661
ENSG00000173208	0.023529231603523826
ENSG00000272861	0.023528679474350778
ENSG00000125485	0.023518614270536364
ENSG00000263033	0.023514489765306568
ENSG00000176022	0.02347802809628674
ENSG00000143816	0.02344250669431691
ENSG00000236753	0.023429913897801358
ENSG00000203857	0.023344270829601887
ENSG00000022976	0.02331246007095178
ENSG00000095981	0.023304724138757837
ENSG00000153002	0.023289663912375858
ENSG00000164031	0.023239153626104958
ENSG00000114030	0.02323013271395946
ENSG00000152932	0.023222853775148655
ENSG00000261638	0.023214935435875717
ENSG00000260030	0.02306989415492411
ENSG00000162194	0.023047431573092414
ENSG00000254938	0.022981633763626164
ENSG00000170290	0.022926315950865916
ENSG00000055609	0.02280113000274331
ENSG00000136051	0.02279982816123649
ENSG00000237626	0.02276855175045034
ENSG00000134461	0.02275481605615126
ENSG00000122223	0.02273414385612993
ENSG00000253829	0.022725771847126097
ENSG00000215022	0.022709030001272223
ENSG00000205143	0.022659894109987366
ENSG00000101638	0.022654059105420288
ENSG00000178951	0.022653326744327407
ENSG00000232465	0.02263409280619544
ENSG00000104879	0.02263135587254772
ENSG00000235118	0.02262734662795518
ENSG00000259315	0.02255592580746857
ENSG00000129159	0.022462573679736142
ENSG00000124486	0.022409174735488868
ENSG00000225640	0.02238428122461178
ENSG00000255234	0.02232024672810895
ENSG00000197891	0.022295020551204026
ENSG00000184672	0.022274347046228105
ENSG00000250295	0.0222396713332067
ENSG00000240710	0.022237859342225885
ENSG00000107736	0.022177151896417113
ENSG00000237934	0.021997840071284136
ENSG00000238123	0.02190786114423382
ENSG00000233316	0.021825465543991784
ENSG00000198643	0.021792917644738452
ENSG00000246820	0.021773666377004064
ENSG00000040731	0.0216666536531005
ENSG00000183813	0.02164952408065024
ENSG00000176024	0.02163378425447804
ENSG00000206145	0.021578666630911902
ENSG00000152583	0.021479909269384923
ENSG00000175352	0.02146605795105816
ENSG00000197253	0.02145638903140057
ENSG00000262693	0.02144360246985988
ENSG00000213714	0.02143060235072003
ENSG00000248391	0.021415746183700124
ENSG00000184945	0.021402565673286134
ENSG00000157766	0.021383831477474358
ENSG00000227258	0.021382893586557206
ENSG00000148498	0.02129661107315739
ENSG00000181215	0.021295967590985176
ENSG00000127870	0.02127154864749925
ENSG00000118194	0.021241969853677656
ENSG00000144061	0.021195665681130516
ENSG00000138600	0.02115999027882598
ENSG00000137474	0.021037120496467887
ENSG00000136014	0.02102992825879224
ENSG00000153404	0.020973403276292046
ENSG00000215244	0.02095716202643616
ENSG00000166265	0.020931076290878314
ENSG00000183655	0.02092252476322254
ENSG00000189241	0.020910370790959254
ENSG00000162366	0.02088714703914163
ENSG00000198382	0.020859856988371783
ENSG00000224418	0.020854703523123908
ENSG00000171303	0.020783405945219435
ENSG00000260011	0.020779913331121946
ENSG00000185267	0.020746211425366923
ENSG00000250208	0.020744233702820525
ENSG00000175582	0.02062189461725339
ENSG00000160785	0.02062071677125288
ENSG00000196581	0.020569741442843625
ENSG00000197363	0.020553420944048106
ENSG00000186615	0.020533422010690083
ENSG00000228421	0.020530252451166353
ENSG00000125538	0.020519829427305236
ENSG00000258573	0.020518555890540302
ENSG00000157103	0.020517593927874556
ENSG00000168079	0.02051125404284382
ENSG00000200737	0.020468621453030522
ENSG00000249158	0.020459127576490266
ENSG00000176204	0.020434236688875895
ENSG00000273233	0.020211582509782167
ENSG00000204442	0.020200924067062642
ENSG00000250685	0.02017861766999629
ENSG00000234022	0.020178008546178017
ENSG00000251369	0.020133058322449715
ENSG00000103335	0.020117685355616866
ENSG00000197822	0.02004813248656534
ENSG00000140379	0.02004032809170586
ENSG00000185252	0.020003552153746273
ENSG00000267801	0.01996730269876501
ENSG00000181722	0.019907008469181475
ENSG00000012779	0.019833763638434476
ENSG00000149346	0.019690263651923612
ENSG00000204540	0.019642086484713106
ENSG00000089177	0.019611108672870525
ENSG00000273314	0.01960864961961306
ENSG00000198842	0.01954271084038539
ENSG00000175455	0.01951328155138876
ENSG00000139988	0.019478729821205798
ENSG00000112787	0.01946861528658328
ENSG00000183454	0.019461969529620315
ENSG00000069869	0.019456234465629274
ENSG00000028116	0.019433541910525598
ENSG00000244513	0.01933424729205213
ENSG00000182674	0.019304312257287792
ENSG00000136099	0.019243780467679494
ENSG00000224286	0.019220833038809726
ENSG00000231023	0.019220544189719746
ENSG00000122733	0.019118859665436805
ENSG00000162526	0.018974848854590665
ENSG00000171811	0.01896127929622682
ENSG00000137393	0.018945475478753693
ENSG00000227533	0.018815607753853714
ENSG00000229644	0.018785515761020388
ENSG00000175711	0.018760565869994084
ENSG00000138614	0.01874938365213663
ENSG00000169398	0.01863714149743312
ENSG00000184305	0.0185356186247716
ENSG00000163531	0.018436214114218252
ENSG00000196867	0.018425435960656378
ENSG00000180769	0.01837551305818863
ENSG00000142408	0.01834945610691463
ENSG00000232494	0.018347031422632387
ENSG00000184486	0.018339613560347745
ENSG00000197885	0.018320640289788415
ENSG00000227549	0.018297008987042895
ENSG00000228189	0.018229493833827437
ENSG00000138246	0.01821515722707545
ENSG00000181072	0.01817009241159906
ENSG00000185774	0.01816943635360624
ENSG00000204187	0.018113814760007507
ENSG00000035664	0.01807580222289107
ENSG00000137098	0.01807505213327598
ENSG00000167130	0.01804044777221092
ENSG00000242507	0.018001385640522116
ENSG00000142599	0.018000586714075784
ENSG00000242616	0.017946060191956992
ENSG00000102098	0.017919086691101205
ENSG00000231612	0.01790587914495423
ENSG00000178301	0.0178746870492148
ENSG00000198169	0.017863463934422397
ENSG00000126549	0.01785840405833161
ENSG00000060749	0.017773878720265923
ENSG00000168748	0.01776772404798943
ENSG00000160868	0.01772150829660002
ENSG00000154096	0.017712472957746472
ENSG00000164309	0.017635928662773415
ENSG00000188730	0.017632319520664685
ENSG00000144362	0.01757022297979227
ENSG00000144191	0.017543464765804373
ENSG00000179388	0.0174390798281594
ENSG00000189362	0.017372973237272493
ENSG00000227527	0.017341853428496146
ENSG00000185344	0.01729367571912399
ENSG00000211949	0.017281877806503365
ENSG00000228452	0.01724241801168791
ENSG00000241484	0.017195073513285752
ENSG00000186297	0.017129588764343673
ENSG00000258100	0.017043954616069
ENSG00000143951	0.017016656814439868
ENSG00000256612	0.016976591791691753
ENSG00000253798	0.01695880095371627
ENSG00000257261	0.016901423353348655
ENSG00000270195	0.016832941310374272
ENSG00000165548	0.016775999529094587
ENSG00000106976	0.01674095480719373
ENSG00000227855	0.016738879138190832
ENSG00000140022	0.016691025556940353
ENSG00000131626	0.016685299986314295
ENSG00000196123	0.016679302596829038
ENSG00000178662	0.016668163442581596
ENSG00000143772	0.016578232064224485
ENSG00000150510	0.016558424658365878
ENSG00000077063	0.01652345038590708
ENSG00000258352	0.01650551706902692
ENSG00000204856	0.01650017307418028
ENSG00000140506	0.016491010508335124
ENSG00000131127	0.016451206173681454
ENSG00000266446	0.016439062538084803
ENSG00000096088	0.016389862911294184
ENSG00000000005	0.0162914184160885
ENSG00000254789	0.016184981972406254
ENSG00000261675	0.016175743480826288
ENSG00000272746	0.016107179540298056
ENSG00000185298	0.01609142855903989
ENSG00000134452	0.015987080531254527
ENSG00000236950	0.015983761067472457
ENSG00000144410	0.01596514030849261
ENSG00000134253	0.015895124290475016
ENSG00000244256	0.015829158852912473
ENSG00000115561	0.015801986351528408
ENSG00000172867	0.015777281337952864
ENSG00000160408	0.015763353728404317
ENSG00000175175	0.015763117848144548
ENSG00000248773	0.015661485493279947
ENSG00000231040	0.015654202604568512
ENSG00000236464	0.015628851211825445
ENSG00000164506	0.015534930320326046
ENSG00000250509	0.015528896490973665
ENSG00000185917	0.015462388931244186
ENSG00000110900	0.015458808956959835
ENSG00000171617	0.01537761499720336
ENSG00000150756	0.015320975151088989
ENSG00000256732	0.015264446469214654
ENSG00000253489	0.015252960964893925
ENSG00000224846	0.01524936494501361
ENSG00000259120	0.01520474898660451
ENSG00000115290	0.0151876072824908
ENSG00000172201	0.015182811106411176
ENSG00000253766	0.015162468695256504
ENSG00000125319	0.015137771039560155
ENSG00000259366	0.015130608347234675
ENSG00000107104	0.015113796947800795
ENSG00000163536	0.014992676276293304
ENSG00000170370	0.01485208980977748
ENSG00000236708	0.014823891110521181
ENSG00000125888	0.014811497870018897
ENSG00000101981	0.014807888142868375
ENSG00000182150	0.014693458278465688
ENSG00000248727	0.014654984722689779
ENSG00000136695	0.014525975638535193
ENSG00000156413	0.014523703584623515
ENSG00000268388	0.014502606067388735
ENSG00000162496	0.01448456891952743
ENSG00000151458	0.014458023255857322
ENSG00000196208	0.014407794715661781
ENSG00000177084	0.014386633838563645
ENSG00000134817	0.01438014939838328
ENSG00000138640	0.014373717457122126
ENSG00000101746	0.014311092839717432
ENSG00000242715	0.014246290370409476
ENSG00000180044	0.014153064439395013
ENSG00000273265	0.014099414786621578
ENSG00000091128	0.014067149765836007
ENSG00000164694	0.014047044229821282
ENSG00000175745	0.01398802130800525
ENSG00000177340	0.013884690015465884
ENSG00000108771	0.013858741910200978
ENSG00000234170	0.013813663986144809
ENSG00000165219	0.013792381704812007
ENSG00000203710	0.013784599176324575
ENSG00000263627	0.013719427161215103
ENSG00000211643	0.013708268794131895
ENSG00000147862	0.013568385344454148
ENSG00000160741	0.013565541828627792
ENSG00000231784	0.013524938827392141
ENSG00000155666	0.013492616737383223
ENSG00000237803	0.013461456184679532
ENSG00000172717	0.0134403226777835
ENSG00000253540	0.013418194333187028
ENSG00000203818	0.013379532335909383
ENSG00000100146	0.013374801602028974
ENSG00000136315	0.013254990200111116
ENSG00000111046	0.013228641187503776
ENSG00000184428	0.013209048743986873
ENSG00000157927	0.01320150082444016
ENSG00000155875	0.013177950996157373
ENSG00000264265	0.01317277345600143
ENSG00000169291	0.013164065294571481
ENSG00000116032	0.013157349762873416
ENSG00000165626	0.013152537936597763
ENSG00000253374	0.013150988102930805
ENSG00000169006	0.013136536432685197
ENSG00000250961	0.013072553352896588
ENSG00000168746	0.012996912921514614
ENSG00000269961	0.012901067090104412
ENSG00000135312	0.0128813299482744
ENSG00000166734	0.012859626000912838
ENSG00000148082	0.012816732881713921
ENSG00000253230	0.012813774228702224
ENSG00000261120	0.012804366431655723
ENSG00000103264	0.01273666865115941
ENSG00000137834	0.012726822313189778
ENSG00000136630	0.012621807720079481
ENSG00000124935	0.012597610807578041
ENSG00000154957	0.01257397758781953
ENSG00000273098	0.012539826972205015
ENSG00000141556	0.012510862569198755
ENSG00000224563	0.012506731505715019
ENSG00000143393	0.012412384620019923
ENSG00000130675	0.012408251388432712
ENSG00000249885	0.012386973270808843
ENSG00000188624	0.012354953675620894
ENSG00000215447	0.012301688013957701
ENSG00000236714	0.012297701698513075
ENSG00000144668	0.01226832218906626
ENSG00000130270	0.012263973656631899
ENSG00000197785	0.012237438323650318
ENSG00000162961	0.012216284620637063
ENSG00000250519	0.012210129793663649
ENSG00000235688	0.012178487948551364
ENSG00000010030	0.012169735926154557
ENSG00000198854	0.012167704784548539
ENSG00000243024	0.012146042425657422
ENSG00000103037	0.012096338590869227
ENSG00000188001	0.012091798888322458
ENSG00000145824	0.01202015802763401
ENSG00000243566	0.011977462402593675
ENSG00000174407	0.011909369606969422
ENSG00000270096	0.011896512431981865
ENSG00000175336	0.01180986309653087
ENSG00000270919	0.011757014014195155
ENSG00000245164	0.011746468291207623
ENSG00000128815	0.011704254383531287
ENSG00000156687	0.0116566800584188
ENSG00000148408	0.01164944809701618
ENSG00000230445	0.011579361816721034
ENSG00000157617	0.01155773614197697
ENSG00000252699	0.01147524568496916
ENSG00000254153	0.011471946159005153
ENSG00000250420	0.011464043475714503
ENSG00000232903	0.01144169224671776
ENSG00000241878	0.011360970904492396
ENSG00000136935	0.01130017366789704
ENSG00000237438	0.011268044915208497
ENSG00000173406	0.011210812052269814
ENSG00000117054	0.011147549751858055
ENSG00000271945	0.011127810870460442
ENSG00000177888	0.011035805629403095
ENSG00000243156	0.01100465865586675
ENSG00000138379	0.010990004020314581
ENSG00000231188	0.010959292567050749
ENSG00000116218	0.010909976637682561
ENSG00000010379	0.01084394889946938
ENSG00000249228	0.01081641130302402
ENSG00000197283	0.010800740152219879
ENSG00000168032	0.010737381860302708
ENSG00000125823	0.010711798550065543
ENSG00000117592	0.010688206037817283
ENSG00000062725	0.01060355697631965
ENSG00000267510	0.010553323964366035
ENSG00000258454	0.010475278117250575
ENSG00000139946	0.010466263671375708
ENSG00000255968	0.010458037428007438
ENSG00000249490	0.01045343005541377
ENSG00000270557	0.010437218285329841
ENSG00000112186	0.010178824096104266
ENSG00000235021	0.010147435590529774
ENSG00000254862	0.010144625528243356
ENSG00000169504	0.01003813282991195
ENSG00000048405	0.010017659134499368
ENSG00000153832	0.010016973543934826
ENSG00000151835	0.009996328928454146
ENSG00000108018	0.0099739574975366
ENSG00000155760	0.009871682389435366
ENSG00000036054	0.009865627399459065
ENSG00000183496	0.009748964230189339
ENSG00000189366	0.00972054247504972
ENSG00000170264	0.009715925384640611
ENSG00000162771	0.009687517867486672
ENSG00000174332	0.00965143654338485
ENSG00000167741	0.009646522499479504
ENSG00000249096	0.009632231044902628
ENSG00000060558	0.009592965983786117
ENSG00000161992	0.00957962136420254
ENSG00000232412	0.009564042271200668
ENSG00000173597	0.009532093182838652
ENSG00000230600	0.009487432812716357
ENSG00000214866	0.009453817640959983
ENSG00000170498	0.0094011692525382
ENSG00000259969	0.009396583984925044
ENSG00000267254	0.009381872426962312
ENSG00000234740	0.009349737706358052
ENSG00000266239	0.00930391744266812
ENSG00000250584	0.009290450731411992
ENSG00000233930	0.009237051189859846
ENSG00000171346	0.009207597446136528
ENSG00000230630	0.00916683686372366
ENSG00000204713	0.009142699455304548
ENSG00000205795	0.009064974022258365
ENSG00000056558	0.008984752329876056
ENSG00000198435	0.008912660220683266
ENSG00000228231	0.00891109666727985
ENSG00000113504	0.008905294143710885
ENSG00000198142	0.008718364177228377
ENSG00000225264	0.008648113561457338
ENSG00000124243	0.00861211057439637
ENSG00000186326	0.00857436856966931
ENSG00000158092	0.008570417335294067
ENSG00000231326	0.008553353119113316
ENSG00000260565	0.008341517095577622
ENSG00000007047	0.008240340502565058
ENSG00000060140	0.008175791300003343
ENSG00000112936	0.008056022267771024
ENSG00000137707	0.007982945511579853
ENSG00000236213	0.007877553346912647
ENSG00000198670	0.007876228402740937
ENSG00000268006	0.007844941407333605
ENSG00000230729	0.007778666374543386
ENSG00000106927	0.0077709668722041325
ENSG00000272902	0.007722766709429285
ENSG00000267260	0.007714099064869195
ENSG00000172493	0.007648154802330609
ENSG00000255031	0.0076432084152116
ENSG00000141441	0.007581538866568094
ENSG00000186628	0.007547605338325214
ENSG00000253552	0.007533016822717009
ENSG00000258279	0.007468472833362272
ENSG00000255236	0.007427571018237211
ENSG00000213853	0.007415842194914424
ENSG00000124159	0.007408076855426993
ENSG00000102271	0.007397618707856601
ENSG00000237126	0.007379248775286618
ENSG00000135119	0.007377517022707281
ENSG00000137440	0.007368079910543113
ENSG00000268318	0.007358717947559157
ENSG00000147459	0.007321706704885411
ENSG00000109458	0.007297097622820825
ENSG00000062524	0.00726693755613983
ENSG00000118094	0.007200433952746055
ENSG00000173950	0.007153962680434445
ENSG00000136504	0.0071465355109727735
ENSG00000021852	0.007142910410891767
ENSG00000168329	0.007076757120698218
ENSG00000146360	0.0070492530182666435
ENSG00000144730	0.007035300642039388
ENSG00000167470	0.006966088787166536
ENSG00000266088	0.006961606789645414
ENSG00000252464	0.00695688603118394
ENSG00000049130	0.0069523431497788835
ENSG00000011105	0.00691252340837023
ENSG00000077380	0.006895178032787719
ENSG00000173226	0.006850880574200469
ENSG00000254006	0.006682666769440182
ENSG00000166016	0.006671822041323328
ENSG00000156853	0.006652539675134239
ENSG00000265749	0.006612069665121734
ENSG00000113088	0.0065589895229911654
ENSG00000082126	0.0064670308933780785
ENSG00000272720	0.00641186444009767
ENSG00000075073	0.006382794611612619
ENSG00000267405	0.006316304817755469
ENSG00000136802	0.006315152594184248
ENSG00000186334	0.006250237736365127
ENSG00000113209	0.006211603987576808
ENSG00000226752	0.006102919921751493
ENSG00000211574	0.006091995225751656
ENSG00000188910	0.006086198689276845
ENSG00000196263	0.006080869042959902
ENSG00000236618	0.006048858938638935
ENSG00000156860	0.0060017190849206425
ENSG00000251775	0.005998087195033364
ENSG00000118946	0.005989344003463959
ENSG00000171953	0.005904350766684052
ENSG00000236263	0.005872209759215652
ENSG00000150401	0.005862573962552631
ENSG00000258675	0.005796052356799031
ENSG00000248285	0.00576193703609551
ENSG00000177879	0.005759872010067557
ENSG00000178878	0.005703161135093948
ENSG00000112242	0.005693632697185036
ENSG00000129450	0.005648221532823516
ENSG00000251429	0.005624967658232949
ENSG00000115970	0.005608346137731646
ENSG00000234967	0.005599828261057427
ENSG00000160326	0.005577362808952824
ENSG00000196693	0.005544152499276533
ENSG00000258418	0.005509328820902937
ENSG00000273238	0.005465884982676528
ENSG00000168137	0.0054624999176271505
ENSG00000272017	0.005435600644296379
ENSG00000269883	0.005432414058707868
ENSG00000226471	0.005401608647573886
ENSG00000232057	0.005401380643706988
ENSG00000233198	0.00537997496882725
ENSG00000175093	0.0053210662103342354
ENSG00000139514	0.0053113218478704205
ENSG00000112303	0.005297600284396076
ENSG00000235257	0.005292204771315534
ENSG00000169436	0.005275144747178162
ENSG00000206538	0.005183742531297719
ENSG00000137225	0.0051790322695091096
ENSG00000149418	0.0051633823252863476
ENSG00000226715	0.005142983527526068
ENSG00000259684	0.005071730918291495
ENSG00000016602	0.004998255920063421
ENSG00000117472	0.0049388312255000955
ENSG00000267549	0.004907106221217594
ENSG00000228677	0.004899736474657468
ENSG00000237401	0.004849896229135009
ENSG00000179407	0.004837679339618761
ENSG00000251493	0.0047711201590374674
ENSG00000118579	0.004743398167122326
ENSG00000163939	0.004742600716298062
ENSG00000248801	0.004709394750485041
ENSG00000114491	0.004704123528759707
ENSG00000197381	0.004698557054791941
ENSG00000117013	0.004692796154466272
ENSG00000124334	0.004563223894871848
ENSG00000156265	0.00452769229142147
ENSG00000150636	0.004469750352303237
ENSG00000169184	0.004322613261429575
ENSG00000267289	0.004200036461727841
ENSG00000188833	0.004181685391815515
ENSG00000235098	0.004154496924956508
ENSG00000101349	0.004131668705697367
ENSG00000205863	0.004020821932485763
ENSG00000258975	0.0040093841646695605
ENSG00000259039	0.0038978826441995462
ENSG00000267304	0.0038450658086433
ENSG00000259623	0.003836477268407412
ENSG00000177337	0.003729004713833417
ENSG00000179915	0.0037126918238918893
ENSG00000239767	0.003708748439225751
ENSG00000088727	0.0036443114579038927
ENSG00000185863	0.003616494724452579
ENSG00000231738	0.0035936713962081424
ENSG00000261019	0.0035498069924075892
ENSG00000146276	0.0034445178433766266
ENSG00000144597	0.003432640971213985
ENSG00000271966	0.0033992936648994387
ENSG00000169908	0.0033797370537631544
ENSG00000097007	0.0033422657676289713
ENSG00000254286	0.0032995312432591017
ENSG00000128739	0.003255482290062117
ENSG00000187860	0.0032542824356636135
ENSG00000166736	0.0031627894399246514
ENSG00000162670	0.0031279832663637652
ENSG00000207129	0.0031246415126167104
ENSG00000173511	0.0030295043776906727
ENSG00000268555	0.003023214279946229
ENSG00000142453	0.0030000976275734725
ENSG00000260927	0.0029432137546625547
ENSG00000114626	0.0029307565290355164
ENSG00000232520	0.0028924264518388476
ENSG00000159082	0.002866411070616026
ENSG00000163728	0.0027871831323615925
ENSG00000129038	0.0027699367478675185
ENSG00000112706	0.0027355624251077515
ENSG00000253181	0.0027040102099369356
ENSG00000176945	0.0025498962605039477
ENSG00000178394	0.0025409052530076526
ENSG00000267213	0.002532344436446232
ENSG00000159387	0.0024882624581841206
ENSG00000227640	0.002465026853635921
ENSG00000184524	0.0024593916125632553
ENSG00000266441	0.002415416749600441
ENSG00000175155	0.002407351760099097
ENSG00000227940	0.0023782452794309794
ENSG00000180011	0.002357040249353348
ENSG00000196184	0.0022803675573916937
ENSG00000165102	0.0021970056990927578
ENSG00000220205	0.0021944444621506687
ENSG00000166086	0.0021814377758004877
ENSG00000131482	0.0021351144892798324
ENSG00000133083	0.0020415072145425484
ENSG00000133574	0.0019780944144753843
ENSG00000141485	0.0019241901383859616
ENSG00000239941	0.0017923593724349374
ENSG00000256025	0.001791976316137145
ENSG00000162714	0.0017727959613391686
ENSG00000161649	0.0017490502757266935
ENSG00000241720	0.001737486061974547
ENSG00000258365	0.0017349417377656717
ENSG00000236341	0.0017260463109756152
ENSG00000134759	0.001680641474756328
ENSG00000102125	0.001462252372546935
ENSG00000153827	0.0014605678380184006
ENSG00000170100	0.0013488126577907433
ENSG00000143226	0.001277757601408691
ENSG00000264151	0.0012015380288037392
ENSG00000165322	0.0011937459881590229
ENSG00000162430	0.001187233473656013
ENSG00000259327	0.001115158210189593
ENSG00000179912	0.0011027638185903132
ENSG00000222179	0.0011014856478430701
ENSG00000237950	0.0010593045169702275
ENSG00000168779	0.0010558487908971514
ENSG00000005339	0.001015701315903339
ENSG00000203963	0.0010011178293438672
ENSG00000259245	0.0009948048506418505
ENSG00000233222	0.000986242137783755
ENSG00000246451	0.0009425293472675733
ENSG00000120279	0.000929782794157008
ENSG00000227078	0.000896782475745761
ENSG00000163125	0.000805301593109764
ENSG00000237753	0.0007249215829947531
ENSG00000187867	0.0006617245630935464
ENSG00000157343	0.0006586032848181489
ENSG00000140479	0.0006520187328860061
ENSG00000166448	0.0005591356220457921
ENSG00000119682	0.0005540470214215887
ENSG00000156313	0.0005446633732493211
ENSG00000181634	0.0005341879690132778
ENSG00000254456	0.0005233411785217079
ENSG00000259403	0.0005223424119180642
ENSG00000205269	0.0004265492268302751
ENSG00000170638	0.00040224210709016717
ENSG00000244575	0.0003838568929841468
ENSG00000132965	0.000355140338682558
ENSG00000163155	0.0003391258789686713
ENSG00000125631	0.0002565387663597818
ENSG00000271653	0.00023656039031960674
ENSG00000227036	0.00023020589406064218
ENSG00000207009	0.00022676012688171987
ENSG00000160182	0.00019904303977846816
ENSG00000162040	0.00011197002868734707
ENSG00000241316	8.261808640352974e-05
ENSG00000175224	5.53730305501432e-05
ENSG00000166091	2.616848425529561e-05
ENSG00000179755	9.51244703273512e-13
ENSG00000204566	9.413960487898064e-13
ENSG00000254269	9.383527546954478e-13
ENSG00000210117	9.3501946486842e-13
ENSG00000252105	9.23795329099029e-13
ENSG00000261566	9.171184264828906e-13
ENSG00000272958	9.0579879013949e-13
ENSG00000263214	8.756529099499657e-13
ENSG00000198695	8.535299776972036e-13
ENSG00000261127	8.502402367535944e-13
ENSG00000270189	8.320236902752158e-13
ENSG00000253371	8.171613814152141e-13
ENSG00000255318	8.052047930876833e-13
ENSG00000267701	7.923215436795334e-13
ENSG00000205246	7.862422426443953e-13
ENSG00000155640	7.171958398227649e-13
ENSG00000257207	7.13228568184751e-13
ENSG00000231025	7.068061465363322e-13
ENSG00000210184	6.653563921156748e-13
ENSG00000210195	6.645196027904021e-13
ENSG00000271593	6.595794862648263e-13
ENSG00000198886	6.552623439851642e-13
ENSG00000267684	6.525838483887156e-13
ENSG00000198727	6.455232265416599e-13
ENSG00000235565	6.280407693320693e-13
ENSG00000271997	6.165029441286036e-13
ENSG00000210196	6.095287149936037e-13
ENSG00000223907	5.738487550042768e-13
ENSG00000184682	5.721286105539076e-13
ENSG00000233430	5.67796418212827e-13
ENSG00000261685	5.654704545005725e-13
ENSG00000225255	5.614580620439358e-13
ENSG00000254414	5.575018079315891e-13
ENSG00000209082	5.567669941475237e-13
ENSG00000130201	5.479120971119267e-13
ENSG00000269911	5.37294983835314e-13
ENSG00000228214	5.299977148320511e-13
ENSG00000183292	5.22279403980706e-13
ENSG00000257583	5.170390596704202e-13
ENSG00000198899	5.161754801707477e-13
ENSG00000210112	4.895243118156342e-13
ENSG00000269640	4.539892285737652e-13
ENSG00000237647	4.4471870119290057e-13
ENSG00000258247	4.389259119018736e-13
ENSG00000254667	4.337803783179912e-13
ENSG00000224871	4.103307572526702e-13
ENSG00000210191	4.0053020400449825e-13
ENSG00000254082	3.994142676214991e-13
ENSG00000161103	3.947360581187278e-13
ENSG00000243350	3.9264075015547205e-13
ENSG00000210107	3.660979064849092e-13
ENSG00000213971	3.64991007949951e-13
ENSG00000269131	3.4448018607962337e-13
ENSG00000210174	3.396279893650207e-13
ENSG00000226598	3.368059235809433e-13
ENSG00000224850	3.2970171318406426e-13
ENSG00000233438	3.2862708065477505e-13
ENSG00000233147	3.238330294537901e-13
ENSG00000269549	3.188452693838035e-13
ENSG00000259176	2.9969320310964e-13
ENSG00000198712	2.877302401613291e-13
ENSG00000228253	2.694366400011816e-13
ENSG00000198888	2.633287982441297e-13
ENSG00000249430	2.6056518623777693e-13
ENSG00000258882	2.546176814048864e-13
ENSG00000261496	1.818309829628335e-13
ENSG00000260854	1.7528914435542408e-13
ENSG00000258929	1.6819593782547114e-13
ENSG00000261171	1.6212227940078993e-13
ENSG00000256790	1.5843913788379192e-13
ENSG00000263470	1.4345610475215075e-13
ENSG00000225555	1.3748239190578747e-13
ENSG00000227363	1.3047221296237764e-13
ENSG00000228704	1.1841432149082708e-13
ENSG00000233255	1.140643046825567e-13
ENSG00000271417	1.0970493878296672e-13
ENSG00000198804	1.091695740316696e-13
ENSG00000267896	1.0807228707809879e-13
ENSG00000228389	1.0715880131599164e-13
ENSG00000267045	4.134480494307557e-14
ENSG00000273352	3.0114258463429075e-14
ENSG00000239353	2.0895502067270754e-15
ENSG00000260049	-1.201836151096214e-14
ENSG00000262670	-1.858601129095816e-14
ENSG00000262601	-2.6683338323679305e-14
ENSG00000261567	-3.539312611419954e-14
ENSG00000210156	-4.859014754813251e-14
ENSG00000264222	-5.302119788609238e-14
ENSG00000226786	-5.780758771373495e-14
ENSG00000210140	-6.088837744838416e-14
ENSG00000210077	-6.655799254593165e-14
ENSG00000237907	-7.624553949722523e-14
ENSG00000225261	-8.21684489233201e-14
ENSG00000255322	-8.844742033277786e-14
ENSG00000188206	-9.922812420886572e-14
ENSG00000254967	-1.0127699571242266e-13
ENSG00000243627	-1.0768744885193859e-13
ENSG00000198763	-1.1317160234533773e-13
ENSG00000267094	-1.2217707938990662e-13
ENSG00000150076	-1.2224312049589537e-13
ENSG00000210176	-1.2569616225533853e-13
ENSG00000229729	-1.2656522153527527e-13
ENSG00000258486	-1.3581392044979256e-13
ENSG00000259799	-1.6838519565878074e-13
ENSG00000230812	-1.829427125507277e-13
ENSG00000233800	-1.8722627711985895e-13
ENSG00000211459	-2.2504324193965108e-13
ENSG00000244567	-2.37957547807035e-13
ENSG00000271430	-2.5815543227512247e-13
ENSG00000197210	-2.584039515348375e-13
ENSG00000210135	-2.5908058793026224e-13
ENSG00000250404	-2.7637477889321915e-13
ENSG00000198938	-2.9094806374026325e-13
ENSG00000261254	-3.0626039093032585e-13
ENSG00000264527	-3.3686200531489563e-13
ENSG00000260682	-3.4027757533442937e-13
ENSG00000210127	-3.483492837236961e-13
ENSG00000272511	-3.657222143545693e-13
ENSG00000210194	-3.752667172359179e-13
ENSG00000255778	-3.88086751698695e-13
ENSG00000228989	-3.920998038747756e-13
ENSG00000248686	-3.9697582170424693e-13
ENSG00000232224	-4.128124844666328e-13
ENSG00000273019	-4.1816432371976274e-13
ENSG00000212907	-4.2334379213951177e-13
ENSG00000232018	-4.372322159560069e-13
ENSG00000269202	-4.3753243232198336e-13
ENSG00000255080	-4.555168763096819e-13
ENSG00000264462	-4.660486738162128e-13
ENSG00000254262	-4.682600770809609e-13
ENSG00000231363	-5.321210282693185e-13
ENSG00000270223	-5.395720182102383e-13
ENSG00000198786	-5.455225564304462e-13
ENSG00000210164	-5.461813018982317e-13
ENSG00000230058	-5.708306543609416e-13
ENSG00000255414	-5.952732704095394e-13
ENSG00000222018	-6.001835950497833e-13
ENSG00000210049	-6.107225842960649e-13
ENSG00000210144	-6.210572818314286e-13
ENSG00000257061	-6.464544341215366e-13
ENSG00000260929	-6.588140629262278e-13
ENSG00000236066	-6.660541601845922e-13
ENSG00000238268	-6.774564419327964e-13
ENSG00000210100	-6.914210158649044e-13
ENSG00000243251	-6.953757945736632e-13
ENSG00000260837	-7.109516222679062e-13
ENSG00000267874	-7.195018220027785e-13
ENSG00000225667	-7.204060037446851e-13
ENSG00000214733	-7.204950327813804e-13
ENSG00000210154	-7.401569893290567e-13
ENSG00000185087	-7.437727346489082e-13
ENSG00000251164	-7.639881957589694e-13
ENSG00000226202	-7.709398529280531e-13
ENSG00000269051	-7.828485177291129e-13
ENSG00000269936	-7.845181080882069e-13
ENSG00000260841	-7.931940645548967e-13
ENSG00000255090	-8.072180756930014e-13
ENSG00000173088	-8.116453042247009e-13
ENSG00000237374	-8.199042784487165e-13
ENSG00000250588	-8.24700161367798e-13
ENSG00000259279	-8.311113577202218e-13
ENSG00000262395	-8.345400001551228e-13
ENSG00000198840	-8.723654877916493e-13
ENSG00000231518	-8.83394516621868e-13
ENSG00000210082	-9.123924684255424e-13
ENSG00000259888	-9.16771652276215e-13
ENSG00000270246	-9.251748876476404e-13
ENSG00000229481	-9.383643308641212e-13
ENSG00000261533	-9.54392257940605e-13
ENSG00000236983	-9.54575853732279e-13
ENSG00000267163	-9.567758402393392e-13
ENSG00000223473	-9.852754604979889e-13
ENSG00000250654	-0.00010034994072549708
ENSG00000139722	-0.00013078827700352402
ENSG00000240777	-0.00014356677569060672
ENSG00000246863	-0.0001603427312285577
ENSG00000073150	-0.0001967017148348793
ENSG00000163825	-0.00021276117541568773
ENSG00000113248	-0.00037385945852086433
ENSG00000046889	-0.00040039786865286864
ENSG00000154719	-0.00043182940008090753
ENSG00000204965	-0.00045088946723981227
ENSG00000185900	-0.0004586588795442159
ENSG00000228522	-0.0004795829923525119
ENSG00000270076	-0.0004842418351361788
ENSG00000152455	-0.0005261174491119069
ENSG00000146433	-0.0005280733127766002
ENSG00000268996	-0.0005500390110374509
ENSG00000126767	-0.000558059184878501
ENSG00000239213	-0.0005803013035111659
ENSG00000136098	-0.0006014535396651199
ENSG00000161149	-0.0006425071813658256
ENSG00000115145	-0.0006776620577457759
ENSG00000239521	-0.0006970674975014246
ENSG00000228105	-0.0007186592033702199
ENSG00000162494	-0.000730256879788338
ENSG00000184454	-0.0007631195390876977
ENSG00000260719	-0.0007902935530006427
ENSG00000261777	-0.0009858238497447713
ENSG00000171388	-0.0010135133182435085
ENSG00000155719	-0.0010358342269234377
ENSG00000230013	-0.0011096611549921143
ENSG00000169756	-0.001154371952536204
ENSG00000272463	-0.00121588589572319
ENSG00000101596	-0.0012320069264907252
ENSG00000144481	-0.0012466857098920592
ENSG00000164287	-0.0012468305766679677
ENSG00000113889	-0.0012924283783400936
ENSG00000154040	-0.0013045488665374139
ENSG00000259878	-0.0013074311550622664
ENSG00000233288	-0.0013078241553257097
ENSG00000152683	-0.0013159487196592323
ENSG00000116580	-0.0013476110648537043
ENSG00000273261	-0.0014326955656350782
ENSG00000234766	-0.001439158127400364
ENSG00000254690	-0.0014427310623087441
ENSG00000135482	-0.0014706407463456195
ENSG00000155099	-0.0015068449706183706
ENSG00000234380	-0.001510818507338918
ENSG00000177000	-0.0015178992170168382
ENSG00000167393	-0.0015504763003484356
ENSG00000112739	-0.001577758679923602
ENSG00000257845	-0.0015820128555802393
ENSG00000186847	-0.0015908244822064876
ENSG00000203783	-0.0015936671032841243
ENSG00000240498	-0.001603677498753342
ENSG00000182310	-0.001637618159123444
ENSG00000116035	-0.0017290843922184163
ENSG00000163793	-0.0017433287734376357
ENSG00000115386	-0.0017500647974557637
ENSG00000258128	-0.001768551567029486
ENSG00000181027	-0.001786472881565082
ENSG00000184949	-0.0017887008960808526
ENSG00000167625	-0.0018584115393772693
ENSG00000154175	-0.0018789313826592657
ENSG00000132554	-0.0019253493449037373
ENSG00000143153	-0.0019443983047990887
ENSG00000145649	-0.0019771034834625834
ENSG00000168594	-0.0020564191127260267
ENSG00000187609	-0.0020763099670030316
ENSG00000272677	-0.0021078765287243506
ENSG00000259817	-0.0021305780807094887
ENSG00000111305	-0.002150333761860912
ENSG00000249915	-0.00216275536582089
ENSG00000168675	-0.002167188053005864
ENSG00000154415	-0.0022015668186042836
ENSG00000204272	-0.0022073872403519657
ENSG00000164818	-0.002210634642781484
ENSG00000223891	-0.0023035031691797103
ENSG00000245080	-0.002307650437844977
ENSG00000233024	-0.0023237036861848415
ENSG00000134115	-0.002328285860506818
ENSG00000253982	-0.002347972445704616
ENSG00000122176	-0.002390455006200498
ENSG00000162923	-0.0024137900619027874
ENSG00000142623	-0.002417067960148067
ENSG00000124126	-0.002419834774622598
ENSG00000175395	-0.0024206942030868817
ENSG00000197353	-0.0024287754217342528
ENSG00000087884	-0.002432670925840985
ENSG00000106384	-0.0024863561370124243
ENSG00000154099	-0.002508019076778889
ENSG00000272551	-0.0025617786686483734
ENSG00000187147	-0.002596906924661191
ENSG00000130749	-0.002765814655090626
ENSG00000065526	-0.0028047053068692707
ENSG00000185950	-0.0028200922119021588
ENSG00000117569	-0.0028206709702319754
ENSG00000136908	-0.0028343039252127777
ENSG00000164113	-0.0028763825192453796
ENSG00000143546	-0.002897193030663492
ENSG00000243650	-0.002901954465252321
ENSG00000253985	-0.0029128067034764893
ENSG00000187026	-0.0029275170805711515
ENSG00000145414	-0.002933315854291463
ENSG00000048162	-0.0029600262687495826
ENSG00000218357	-0.0029714591913483357
ENSG00000171495	-0.002995558711057833
ENSG00000235070	-0.0029958865095117693
ENSG00000211970	-0.003044690366397984
ENSG00000269516	-0.0030624347447444356
ENSG00000253649	-0.003089294704484935
ENSG00000225096	-0.0031196773298070024
ENSG00000171659	-0.0031282390602770382
ENSG00000260071	-0.0031686317638084383
ENSG00000271452	-0.0031704337197786536
ENSG00000132446	-0.0032419514183334996
ENSG00000082175	-0.0032528441796182417
ENSG00000221420	-0.003256258416051705
ENSG00000169989	-0.003356633512046514
ENSG00000266469	-0.0033835418568098907
ENSG00000102924	-0.00340865196842588
ENSG00000223910	-0.0034308341795916686
ENSG00000249906	-0.0034423089864429324
ENSG00000239899	-0.00345247829090245
ENSG00000267543	-0.003479249829773101
ENSG00000134884	-0.0034794755336826633
ENSG00000257756	-0.003505347765932143
ENSG00000185480	-0.0035067974837232896
ENSG00000261090	-0.003511424784603756
ENSG00000101955	-0.003527928969084382
ENSG00000165810	-0.0035532933350317375
ENSG00000112658	-0.003566098358561587
ENSG00000213057	-0.00357841075175358
ENSG00000237721	-0.003598624731926403
ENSG00000189375	-0.0036093780947882292
ENSG00000253320	-0.003676444083671182
ENSG00000113448	-0.0036783406578991817
ENSG00000171813	-0.0037776378677764066
ENSG00000110721	-0.0037835218871112852
ENSG00000235446	-0.003790598261914524
ENSG00000162975	-0.003799029866765724
ENSG00000237854	-0.0038054711414906572
ENSG00000272505	-0.0038344948617270447
ENSG00000232940	-0.0038381181656196306
ENSG00000111110	-0.003937472294276767
ENSG00000198454	-0.003990474441826319
ENSG00000128438	-0.003995425460781021
ENSG00000182534	-0.004001201086095918
ENSG00000237133	-0.004016522440020043
ENSG00000254510	-0.004034486096909706
ENSG00000166436	-0.0040504306146883495
ENSG00000170412	-0.004071089467835742
ENSG00000137968	-0.004109674166903332
ENSG00000260671	-0.004130543142647158
ENSG00000239569	-0.004219577687135434
ENSG00000211598	-0.004464559019462189
ENSG00000186212	-0.004513241617748909
ENSG00000131400	-0.004544364898518727
ENSG00000139914	-0.0045467969940149455
ENSG00000268670	-0.004563525823843784
ENSG00000168447	-0.0045767933512006476
ENSG00000145975	-0.004656953598486946
ENSG00000183773	-0.004681650401331061
ENSG00000262732	-0.0046883462084930105
ENSG00000230366	-0.004697840397056119
ENSG00000267251	-0.0047269059045700335
ENSG00000247131	-0.00473427158514883
ENSG00000173614	-0.0047343225357627805
ENSG00000163285	-0.004752421417049235
ENSG00000251141	-0.004765234241699612
ENSG00000111696	-0.004778276948747995
ENSG00000267698	-0.004789260765304837
ENSG00000232386	-0.004817385928936213
ENSG00000249471	-0.00485653014301668
ENSG00000040341	-0.0048889397501710175
ENSG00000268364	-0.004909199443858481
ENSG00000125122	-0.004913280420279054
ENSG00000267872	-0.004932588041961394
ENSG00000162598	-0.004970827551772361
ENSG00000228329	-0.00497308243827943
ENSG00000237491	-0.0049949458996026985
ENSG00000265185	-0.005021482859092874
ENSG00000255354	-0.005097988028866629
ENSG00000160058	-0.005111500728309126
ENSG00000100311	-0.005176076051116918
ENSG00000128422	-0.005187579975073686
ENSG00000229291	-0.005246027747622506
ENSG00000109320	-0.005268015157877337
ENSG00000073169	-0.005311673062696531
ENSG00000189079	-0.005314233568222804
ENSG00000154016	-0.005420624133059437
ENSG00000272576	-0.005439894997880446
ENSG00000267192	-0.005445511901606914
ENSG00000157554	-0.005462377498810733
ENSG00000146521	-0.0055191594231914776
ENSG00000006432	-0.0056074360611216845
ENSG00000119787	-0.005665812393520597
ENSG00000123684	-0.005672259259197232
ENSG00000170236	-0.005684503438403987
ENSG00000064932	-0.005691060152948735
ENSG00000151882	-0.005710768687038681
ENSG00000170786	-0.005718361119632309
ENSG00000090534	-0.005727481206144414
ENSG00000120071	-0.005748342206742918
ENSG00000249476	-0.005751441600468921
ENSG00000204634	-0.005758560429873882
ENSG00000234452	-0.005825226162561314
ENSG00000144120	-0.005839784625514599
ENSG00000179242	-0.005842778829934225
ENSG00000225605	-0.005854640054417604
ENSG00000183783	-0.005860377950846485
ENSG00000198590	-0.0058714261104053644
ENSG00000122873	-0.005897492605904442
ENSG00000268362	-0.005961924976590649
ENSG00000110665	-0.006049628668804652
ENSG00000270179	-0.006066193636906303
ENSG00000145198	-0.006070629574240538
ENSG00000139549	-0.006078864258478922
ENSG00000174099	-0.0061010012756967935
ENSG00000106511	-0.006106265942896316
ENSG00000204978	-0.006116970489517648
ENSG00000211959	-0.006151628160838585
ENSG00000119689	-0.006173780316822586
ENSG00000146676	-0.006176266211964543
ENSG00000231050	-0.006266159336484334
ENSG00000259482	-0.006271170435714568
ENSG00000186354	-0.006272641642407817
ENSG00000151746	-0.006285699111243215
ENSG00000183643	-0.006318215849807518
ENSG00000189223	-0.0063811732037964974
ENSG00000168367	-0.0063991280238812065
ENSG00000152503	-0.00648208877150358
ENSG00000259910	-0.006496643557378445
ENSG00000108823	-0.006531039566809227
ENSG00000231521	-0.006623743910373792
ENSG00000224137	-0.006643776443369331
ENSG00000136999	-0.006648053977773016
ENSG00000260261	-0.006654248893954162
ENSG00000232767	-0.006660763869331121
ENSG00000051009	-0.0066970340345471335
ENSG00000257221	-0.006796149028105991
ENSG00000164366	-0.006834322298472362
ENSG00000180616	-0.0069247024939110835
ENSG00000129946	-0.006933575128273972
ENSG00000196337	-0.0069424844625158855
ENSG00000226562	-0.00697431266477444
ENSG00000258742	-0.00704798641008797
ENSG00000091127	-0.007075601161698919
ENSG00000125877	-0.00707694223371047
ENSG00000134533	-0.007182514031228604
ENSG00000120457	-0.0071887962166198305
ENSG00000258203	-0.007207462849714075
ENSG00000145734	-0.007224127579141593
ENSG00000175220	-0.00722858129434556
ENSG00000153898	-0.007270732460658791
ENSG00000270060	-0.00730431694161171
ENSG00000189419	-0.007307426222481372
ENSG00000251192	-0.007319194717893995
ENSG00000131323	-0.007344436733014881
ENSG00000140332	-0.007345573964863683
ENSG00000236414	-0.007416276708237635
ENSG00000224173	-0.007464381740254433
ENSG00000006016	-0.0074782463032404545
ENSG00000251185	-0.00755262706906723
ENSG00000171928	-0.007570490101153293
ENSG00000170035	-0.00763967352500361
ENSG00000232998	-0.007658284489325262
ENSG00000225465	-0.007665110648542028
ENSG00000111262	-0.00773090238726859
ENSG00000263235	-0.007755602173146969
ENSG00000137869	-0.007787748055419708
ENSG00000177051	-0.007790353245684112
ENSG00000007545	-0.00779979695869415
ENSG00000267546	-0.007828633828510068
ENSG00000177042	-0.007838948283709901
ENSG00000197291	-0.007852118557746257
ENSG00000263069	-0.00787616686778303
ENSG00000204740	-0.007962096524669615
ENSG00000188242	-0.007990179945366771
ENSG00000261373	-0.008001571997254486
ENSG00000186369	-0.00803852947500694
ENSG00000244998	-0.008104096792932447
ENSG00000164265	-0.008165657933923876
ENSG00000269858	-0.008198383124491948
ENSG00000100393	-0.008232328725702676
ENSG00000245573	-0.00824495132961689
ENSG00000175202	-0.008281784910060486
ENSG00000171877	-0.00832799811158047
ENSG00000260995	-0.008331711743037595
ENSG00000186166	-0.008399232032187731
ENSG00000173275	-0.008402066969088962
ENSG00000102032	-0.008496463224489381
ENSG00000197808	-0.008570561603446603
ENSG00000075461	-0.008580768672002859
ENSG00000147437	-0.008584721834960174
ENSG00000232283	-0.008635989862206594
ENSG00000124201	-0.008643627612191729
ENSG00000153714	-0.008646992560948252
ENSG00000213160	-0.008688773098234792
ENSG00000185290	-0.008726773237857088
ENSG00000182318	-0.008740273819431987
ENSG00000157851	-0.008779225552347447
ENSG00000271757	-0.008780229834903674
ENSG00000188716	-0.008795525696535189
ENSG00000128285	-0.00882143789345402
ENSG00000251187	-0.008826240492568749
ENSG00000223510	-0.008861371876095592
ENSG00000141753	-0.008865061916887518
ENSG00000130054	-0.008895872799037363
ENSG00000167193	-0.00891274951193921
ENSG00000260367	-0.009027521151474982
ENSG00000267106	-0.009065010751906466
ENSG00000229108	-0.00912826208556039
ENSG00000148908	-0.009150910787461553
ENSG00000273272	-0.009155473456882723
ENSG00000165424	-0.00926681175753663
ENSG00000090054	-0.009274175093090142
ENSG00000139537	-0.009366560661313028
ENSG00000225742	-0.00940829443419644
ENSG00000249601	-0.009412586736357809
ENSG00000259826	-0.009428419921605147
ENSG00000214113	-0.009430731625624467
ENSG00000083750	-0.009434742922620476
ENSG00000082196	-0.0094541127470682
ENSG00000233006	-0.009493282053587793
ENSG00000178623	-0.009505402202777291
ENSG00000263146	-0.009515089374553698
ENSG00000180448	-0.009517383464805684
ENSG00000163900	-0.00963664846876322
ENSG00000143373	-0.009642668765337592
ENSG00000272154	-0.009645772349832549
ENSG00000113805	-0.009667511979582821
ENSG00000100325	-0.009737123441967532
ENSG00000258600	-0.009764555350226578
ENSG00000099139	-0.009858314873481988
ENSG00000109452	-0.009914644872854761
ENSG00000178222	-0.009916432217739857
ENSG00000259605	-0.009949993305663263
ENSG00000172315	-0.009997404991095027
ENSG00000073331	-0.01001677465014561
ENSG00000236311	-0.01008449095382169
ENSG00000211776	-0.01011504075980496
ENSG00000260422	-0.010255208450007047
ENSG00000143194	-0.010265207252217357
ENSG00000249138	-0.010360926991887509
ENSG00000164049	-0.010411855717095797
ENSG00000212127	-0.010512953398476022
ENSG00000142233	-0.010541912088755323
ENSG00000228072	-0.010579168146861329
ENSG00000197308	-0.010607320079493943
ENSG00000168495	-0.010672466476695397
ENSG00000125820	-0.010701866240571789
ENSG00000187984	-0.010716184984758126
ENSG00000273009	-0.010717200010083694
ENSG00000165695	-0.010771772162518456
ENSG00000146215	-0.010788849086770691
ENSG00000122008	-0.010861200575917107
ENSG00000186417	-0.010904133209169276
ENSG00000221990	-0.01094104522984607
ENSG00000214435	-0.011047151582815773
ENSG00000145817	-0.011047958669279101
ENSG00000163597	-0.011060931590578527
ENSG00000160953	-0.011102372819156492
ENSG00000214617	-0.011121167235396578
ENSG00000253958	-0.011203076593346406
ENSG00000073861	-0.011272395210994102
ENSG00000272372	-0.011348288902924164
ENSG00000224577	-0.011350618999998452
ENSG00000078687	-0.011350698537928694
ENSG00000137269	-0.011385089051436426
ENSG00000064692	-0.011416030466755878
ENSG00000120029	-0.011433352734209645
ENSG00000125247	-0.011514772924591021
ENSG00000149435	-0.011535488515154069
ENSG00000272825	-0.011581013873480872
ENSG00000262370	-0.011599504816174555
ENSG00000236267	-0.011638595141068242
ENSG00000074660	-0.011642102111744213
ENSG00000120519	-0.011648650412636075
ENSG00000178803	-0.011652102395468877
ENSG00000166682	-0.01169827560863479
ENSG00000133678	-0.011816984063304559
ENSG00000136531	-0.011964286664275292
ENSG00000134259	-0.012048259177140253
ENSG00000271584	-0.012060266379329443
ENSG00000187037	-0.01208492100313574
ENSG00000231292	-0.012154902139954404
ENSG00000102057	-0.012156612142093848
ENSG00000108932	-0.0121642178992456
ENSG00000206073	-0.012176395152044162
ENSG00000259134	-0.012195258142140286
ENSG00000232677	-0.012233436625184835
ENSG00000184185	-0.012283480773637057
ENSG00000260105	-0.012334462678883718
ENSG00000235911	-0.012381093219722805
ENSG00000144550	-0.01242323556652225
ENSG00000004799	-0.012423822445469468
ENSG00000261801	-0.012447352434839298
ENSG00000226386	-0.012520394628361409
ENSG00000168924	-0.012531186549238793
ENSG00000143842	-0.012589542688889677
ENSG00000180822	-0.012590234463620065
ENSG00000185565	-0.0126119539648889
ENSG00000225151	-0.012630688384202338
ENSG00000135679	-0.012662104545161701
ENSG00000196104	-0.01271114715798538
ENSG00000248690	-0.01271346009543639
ENSG00000123179	-0.012739442221146313
ENSG00000225138	-0.012773274681647018
ENSG00000198879	-0.012807302020498845
ENSG00000233895	-0.01285728815228837
ENSG00000141161	-0.012888570878063832
ENSG00000237290	-0.012971629215359437
ENSG00000108602	-0.013095335694911503
ENSG00000234184	-0.013102831179743979
ENSG00000036828	-0.013121561607791876
ENSG00000167771	-0.013166854707015285
ENSG00000130203	-0.013177796705383993
ENSG00000174527	-0.013184792284156477
ENSG00000167914	-0.013194047319848412
ENSG00000213654	-0.013215748334337585
ENSG00000164048	-0.013239682433703326
ENSG00000178342	-0.013280543999202976
ENSG00000179406	-0.01330876625409294
ENSG00000166037	-0.013312071741289344
ENSG00000168010	-0.013338837454516694
ENSG00000259985	-0.01336507775975826
ENSG00000181090	-0.013367650316877255
ENSG00000157017	-0.013418890063198519
ENSG00000164080	-0.013522980735669488
ENSG00000260735	-0.013573461693521582
ENSG00000273044	-0.013584780030328147
ENSG00000109132	-0.0136306544278334
ENSG00000229611	-0.01370919685070493
ENSG00000010219	-0.013778593254729743
ENSG00000147050	-0.013794229941982983
ENSG00000155621	-0.013930088242958716
ENSG00000225868	-0.013940644414866643
ENSG00000162664	-0.013985286462327662
ENSG00000239306	-0.014033209446227213
ENSG00000258928	-0.0140348455239111
ENSG00000269504	-0.014061154007916632
ENSG00000137563	-0.014127459783967677
ENSG00000160803	-0.014155458936891074
ENSG00000228412	-0.014222317049723654
ENSG00000104941	-0.01422543654776931
ENSG00000101134	-0.0142256434495025
ENSG00000207425	-0.01429900998145095
ENSG00000132010	-0.014303796926789958
ENSG00000255893	-0.014321791728080013
ENSG00000040487	-0.014345388439863216
ENSG00000048028	-0.014347288094231136
ENSG00000262583	-0.014361647664643429
ENSG00000185955	-0.014388349321324712
ENSG00000183977	-0.014408160319378527
ENSG00000175793	-0.014434821713667834
ENSG00000211668	-0.014460715221982112
ENSG00000204338	-0.01452935851730619
ENSG00000130021	-0.01455610520001982
ENSG00000262099	-0.014569230267201583
ENSG00000163521	-0.014622693212229976
ENSG00000271882	-0.014635349539649511
ENSG00000163581	-0.014645079934595073
ENSG00000248311	-0.014667037686542206
ENSG00000163431	-0.01471299675278337
ENSG00000137860	-0.014728312131837229
ENSG00000174500	-0.014739475219786247
ENSG00000176049	-0.0147672063172678
ENSG00000160870	-0.014781507898521506
ENSG00000153786	-0.014826261945023567
ENSG00000153310	-0.014840290112513976
ENSG00000163412	-0.014885741260840302
ENSG00000242193	-0.014945170970726895
ENSG00000137513	-0.014951344277265077
ENSG00000178904	-0.01498810970636355
ENSG00000171940	-0.015002140013655185
ENSG00000149781	-0.015008584771276423
ENSG00000152601	-0.01501606488682572
ENSG00000065534	-0.015067338958146936
ENSG00000273214	-0.015133685898476856
ENSG00000148841	-0.015215072087263026
ENSG00000223947	-0.015249625712616677
ENSG00000174145	-0.01531304019282298
ENSG00000233327	-0.015322598584387781
ENSG00000226009	-0.015468327988067077
ENSG00000142530	-0.015479281979344672
ENSG00000053918	-0.015580167205269668
ENSG00000229689	-0.01559882420118408
ENSG00000164744	-0.015612688323754287
ENSG00000233701	-0.01569137578274815
ENSG00000236778	-0.015705798426462025
ENSG00000140406	-0.01573447578624121
ENSG00000198677	-0.015760705166266598
ENSG00000151806	-0.01580536542580524
ENSG00000076344	-0.015826128255537086
ENSG00000204311	-0.01585148766363087
ENSG00000184669	-0.015860406106781633
ENSG00000160539	-0.01586649050939737
ENSG00000246375	-0.01587944796586349
ENSG00000108849	-0.01590154054347792
ENSG00000267429	-0.01591487480777809
ENSG00000081277	-0.015948095214156077
ENSG00000137948	-0.015990315514536335
ENSG00000254026	-0.015995939839138162
ENSG00000189190	-0.016090914955179003
ENSG00000264727	-0.01617155902387235
ENSG00000128322	-0.01622775125506626
ENSG00000130224	-0.0162401610484324
ENSG00000162571	-0.01626169207054129
ENSG00000160293	-0.01631293611187934
ENSG00000104613	-0.01633741330024463
ENSG00000239774	-0.01646635890768766
ENSG00000138772	-0.016502432378768583
ENSG00000183318	-0.016515375332248672
ENSG00000143322	-0.016525960827279973
ENSG00000072195	-0.016579042710447967
ENSG00000095209	-0.01659163126115437
ENSG00000247746	-0.016616447012095192
ENSG00000135047	-0.01663867263142782
ENSG00000244041	-0.0166890585287377
ENSG00000203900	-0.016693146611287624
ENSG00000161179	-0.016695394636099148
ENSG00000141622	-0.016755440253276688
ENSG00000075790	-0.01677661632463956
ENSG00000166787	-0.016841914084513965
ENSG00000154945	-0.016887297756187913
ENSG00000225931	-0.01694205572849372
ENSG00000245954	-0.01700886379304145
ENSG00000167291	-0.01704786577478723
ENSG00000152495	-0.01709267161603556
ENSG00000130758	-0.017134476752899364
ENSG00000258735	-0.01714249077070451
ENSG00000174226	-0.017194541753158377
ENSG00000239911	-0.017207273100437348
ENSG00000198420	-0.017278093808073103
ENSG00000223729	-0.017314553978860503
ENSG00000177683	-0.017349990607740673
ENSG00000258957	-0.01735855835205813
ENSG00000111319	-0.017368672030766308
ENSG00000156414	-0.017426030314532492
ENSG00000254811	-0.017452793154048796
ENSG00000153165	-0.017489327332490312
ENSG00000164300	-0.017545058788712486
ENSG00000158201	-0.01756531778195025
ENSG00000061676	-0.017576517254542567
ENSG00000111796	-0.01764680040464317
ENSG00000221867	-0.017677232475109328
ENSG00000226979	-0.017688094617260286
ENSG00000225413	-0.017690540062719418
ENSG00000177406	-0.01771079606970627
ENSG00000230789	-0.0177145985867877
ENSG00000118777	-0.01773877891267972
ENSG00000160229	-0.01775948680521322
ENSG00000130881	-0.01776355249189765
ENSG00000132294	-0.017763798644239492
ENSG00000021826	-0.017784687021863088
ENSG00000104499	-0.017813444020541747
ENSG00000215883	-0.017842636291253267
ENSG00000118308	-0.017844762611094245
ENSG00000081059	-0.01792328902373652
ENSG00000167972	-0.01793011673378353
ENSG00000179902	-0.017944804498465472
ENSG00000259834	-0.017970258121672522
ENSG00000100285	-0.018037459964478697
ENSG00000116194	-0.0180584842351017
ENSG00000227245	-0.018073601812429008
ENSG00000196115	-0.018089387162254167
ENSG00000170819	-0.01810737654155581
ENSG00000261227	-0.018137400490341626
ENSG00000137642	-0.01823488127324091
ENSG00000176472	-0.018240052460667733
ENSG00000233220	-0.01826420591405553
ENSG00000140025	-0.018294780824913204
ENSG00000146842	-0.018328968164278425
ENSG00000183346	-0.018375281109508035
ENSG00000234773	-0.01841040886948453
ENSG00000145063	-0.01844234961091329
ENSG00000205784	-0.01845203643480764
ENSG00000260855	-0.0184643921405101
ENSG00000243694	-0.018555657828711714
ENSG00000112763	-0.01860268600945203
ENSG00000228495	-0.01862370705846783
ENSG00000180176	-0.018633462812224444
ENSG00000258559	-0.01864110494056337
ENSG00000180902	-0.018646483990629403
ENSG00000196876	-0.018654295855955794
ENSG00000139645	-0.018691938689165966
ENSG00000260910	-0.01871772275580863
ENSG00000253973	-0.018719737913238776
ENSG00000240370	-0.018739548710189236
ENSG00000025039	-0.018817070236710753
ENSG00000159648	-0.018824644680900393
ENSG00000176444	-0.018835465176151422
ENSG00000167613	-0.018850740144096267
ENSG00000255435	-0.018852091658147385
ENSG00000131591	-0.018888956052628858
ENSG00000039319	-0.01893837078650995
ENSG00000272735	-0.018973085118188515
ENSG00000180574	-0.018981845106063933
ENSG00000247193	-0.01899254710311682
ENSG00000211792	-0.01902338385349578
ENSG00000169914	-0.019027065801044074
ENSG00000256906	-0.019032256917806745
ENSG00000135632	-0.019036873607694904
ENSG00000196350	-0.019057217437667084
ENSG00000104219	-0.01909060426442688
ENSG00000235584	-0.01910464210147722
ENSG00000100647	-0.019113072069340986
ENSG00000264057	-0.019139084412936103
ENSG00000224905	-0.019173952040060005
ENSG00000259517	-0.019173977470948178
ENSG00000177854	-0.019229114163520356
ENSG00000133805	-0.019229544249565356
ENSG00000007038	-0.019241962891621944
ENSG00000119737	-0.019244295437192083
ENSG00000231107	-0.019247721258354833
ENSG00000090339	-0.01926605062521125
ENSG00000188394	-0.019277468860482316
ENSG00000224812	-0.019305038448746314
ENSG00000273064	-0.019326909253379876
ENSG00000257285	-0.019350747403657276
ENSG00000271360	-0.01937552144812915
ENSG00000151360	-0.019395349659555916
ENSG00000155367	-0.01941953945757191
ENSG00000203364	-0.019434501195529252
ENSG00000100450	-0.019435081710368562
ENSG00000116903	-0.019442721368776894
ENSG00000103343	-0.019454812878176853
ENSG00000113763	-0.019709717710638786
ENSG00000154678	-0.01971118760598667
ENSG00000105246	-0.019780568877112104
ENSG00000164742	-0.019816999221216824
ENSG00000136827	-0.019906881478452654
ENSG00000204583	-0.019953999032351066
ENSG00000197901	-0.019976868282080673
ENSG00000104044	-0.02000569502789662
ENSG00000224406	-0.020027913761106686
ENSG00000248996	-0.020112363021974833
ENSG00000150048	-0.020121995580756558
ENSG00000244560	-0.020160393040562163
ENSG00000109758	-0.02017361489418268
ENSG00000225269	-0.02020236556422228
ENSG00000143217	-0.020276635782915275
ENSG00000204188	-0.020278104897839655
ENSG00000053328	-0.020283615726116366
ENSG00000185946	-0.02029461871628102
ENSG00000211794	-0.02030291614762314
ENSG00000120278	-0.02032825179409481
ENSG00000267567	-0.020329563866975264
ENSG00000236255	-0.020338222791432825
ENSG00000116198	-0.020364975985223133
ENSG00000198610	-0.02036850747173513
ENSG00000233620	-0.020390560659351964
ENSG00000243961	-0.020500325117408735
ENSG00000188585	-0.02057084294179634
ENSG00000119596	-0.020659885475841522
ENSG00000164627	-0.02066034633129621
ENSG00000111254	-0.02066516980941302
ENSG00000174373	-0.020685844211799642
ENSG00000112276	-0.020694589318050904
ENSG00000142449	-0.02070544779627359
ENSG00000260232	-0.0207921292176676
ENSG00000182566	-0.02079957114792408
ENSG00000126790	-0.020801629996682558
ENSG00000254230	-0.02084533521069465
ENSG00000161860	-0.020902540321462104
ENSG00000107863	-0.020914598987278876
ENSG00000226797	-0.02092044801623516
ENSG00000099617	-0.020941245038470613
ENSG00000132005	-0.020941373845773104
ENSG00000170873	-0.0210160228930647
ENSG00000233393	-0.02103622637705216
ENSG00000261071	-0.021055040123298063
ENSG00000037637	-0.02106190301423405
ENSG00000266774	-0.021095161217544955
ENSG00000171060	-0.021099327432217874
ENSG00000224470	-0.021147827692554966
ENSG00000239445	-0.021150071777089274
ENSG00000159784	-0.02117399267356368
ENSG00000124191	-0.021180795867675073
ENSG00000050165	-0.021194827791109372
ENSG00000223548	-0.021216338284275493
ENSG00000225612	-0.02121759463313777
ENSG00000122257	-0.0212870762782551
ENSG00000198700	-0.021349000278568342
ENSG00000187808	-0.021353468801335485
ENSG00000198369	-0.021367245847748406
ENSG00000103599	-0.021368221989067848
ENSG00000256271	-0.02141623981308638
ENSG00000163157	-0.02143857098014501
ENSG00000186994	-0.02149085552653518
ENSG00000138744	-0.021504576883201065
ENSG00000187550	-0.021511274496047617
ENSG00000181666	-0.021512477277794817
ENSG00000228541	-0.021586112758867015
ENSG00000165457	-0.021599399752630255
ENSG00000185988	-0.02160410635343235
ENSG00000249727	-0.02161155320395458
ENSG00000124374	-0.02162318244281214
ENSG00000177138	-0.02162823688515969
ENSG00000270157	-0.021675892702768373
ENSG00000223587	-0.02168553651629146
ENSG00000261586	-0.021733530488058594
ENSG00000188100	-0.02176462721633432
ENSG00000268751	-0.021767061655933673
ENSG00000236292	-0.021770726045438504
ENSG00000095752	-0.021840060731588395
ENSG00000101276	-0.02186557461662353
ENSG00000224167	-0.021869118639731733
ENSG00000272888	-0.021887180792099503
ENSG00000229852	-0.02189442986018264
ENSG00000182287	-0.021925419586261485
ENSG00000170419	-0.02192827453668411
ENSG00000011021	-0.021934516088888856
ENSG00000205929	-0.021947471088461068
ENSG00000105856	-0.02204432210391316
ENSG00000264956	-0.02205822124276513
ENSG00000178764	-0.022083773388265615
ENSG00000135976	-0.022087594201294913
ENSG00000211456	-0.02217973334674228
ENSG00000232629	-0.022194095362305655
ENSG00000166938	-0.02226351002325655
ENSG00000236756	-0.02238683219566684
ENSG00000243678	-0.022404698143989488
ENSG00000108984	-0.02244423754443514
ENSG00000180347	-0.022505202545218372
ENSG00000207964	-0.022584614369577816
ENSG00000153157	-0.022611013217254783
ENSG00000181013	-0.02262800130364917
ENSG00000130150	-0.022643585432937874
ENSG00000253115	-0.022665209773094497
ENSG00000176302	-0.022679207478761065
ENSG00000250378	-0.022684221255141135
ENSG00000204256	-0.022693830697514517
ENSG00000260338	-0.022701852828086233
ENSG00000175513	-0.022780479195176007
ENSG00000197935	-0.022794271201111993
ENSG00000180767	-0.022832349187853707
ENSG00000213937	-0.02286979247500276
ENSG00000244953	-0.022921874559304833
ENSG00000230825	-0.02298148814407386
ENSG00000177706	-0.022992450956068278
ENSG00000170775	-0.023004816992258315
ENSG00000204165	-0.023007406071108072
ENSG00000038274	-0.02301081063203625
ENSG00000214652	-0.023067006866091866
ENSG00000018699	-0.023071869335317463
ENSG00000214856	-0.02308406974483035
ENSG00000145241	-0.023095409811054624
ENSG00000218018	-0.023113010994347705
ENSG00000116199	-0.02312068628884223
ENSG00000223552	-0.023183594488160097
ENSG00000175018	-0.023183902196729056
ENSG00000070985	-0.023261347648934838
ENSG00000204092	-0.023266347318750435
ENSG00000267277	-0.023267798428457498
ENSG00000173145	-0.023279173844920842
ENSG00000087086	-0.023282595822220475
ENSG00000181274	-0.02332111405230708
ENSG00000250814	-0.023324200090072855
ENSG00000110148	-0.023329359722615184
ENSG00000227877	-0.023343276103195976
ENSG00000261749	-0.023366133666697264
ENSG00000125814	-0.023366411179886803
ENSG00000102904	-0.023370221883096898
ENSG00000211699	-0.023375067366847135
ENSG00000265702	-0.023426461622890304
ENSG00000064393	-0.023493588865523996
ENSG00000248746	-0.023511654289754103
ENSG00000173926	-0.023522400778045238
ENSG00000267387	-0.023543475466106134
ENSG00000109819	-0.023638461947967038
ENSG00000164068	-0.023642917329636526
ENSG00000171492	-0.02365387779344752
ENSG00000206075	-0.02365571018646928
ENSG00000099282	-0.02369017370088866
ENSG00000254664	-0.0237163859813192
ENSG00000163959	-0.023721434465608815
ENSG00000162627	-0.02384560145869785
ENSG00000167720	-0.023850867333208958
ENSG00000228338	-0.02385156323349935
ENSG00000137478	-0.023906182832706513
ENSG00000227039	-0.023913731755086376
ENSG00000243953	-0.02394752169702974
ENSG00000225792	-0.02396722807622509
ENSG00000126870	-0.024053797171474156
ENSG00000115568	-0.024073002843971958
ENSG00000171794	-0.024100201444378633
ENSG00000265128	-0.024114224144713425
ENSG00000266053	-0.024251925042138467
ENSG00000100060	-0.02427619481130172
ENSG00000260475	-0.024330870365698254
ENSG00000204086	-0.024343025290035625
ENSG00000007372	-0.02438432586732764
ENSG00000270562	-0.024420941481942182
ENSG00000232216	-0.024429855999996697
ENSG00000135018	-0.02443049448632384
ENSG00000008294	-0.024436516975795075
ENSG00000164574	-0.024488086465651593
ENSG00000123685	-0.02450869173345016
ENSG00000170935	-0.02451468856570449
ENSG00000259764	-0.02459161558631362
ENSG00000115112	-0.024608475691430542
ENSG00000223813	-0.02462568086979533
ENSG00000225975	-0.024660258484363262
ENSG00000119636	-0.0246840954287163
ENSG00000159882	-0.024753031911898593
ENSG00000084636	-0.024757405194068993
ENSG00000162231	-0.024773779054082623
ENSG00000100918	-0.02478824398170376
ENSG00000245694	-0.02481192638414287
ENSG00000204851	-0.024822593567586426
ENSG00000180592	-0.024825223142031838
ENSG00000136147	-0.024848991186205316
ENSG00000186714	-0.0248739394342109
ENSG00000182831	-0.024888585871821634
ENSG00000182986	-0.024929047133091187
ENSG00000128536	-0.024929384749328043
ENSG00000182378	-0.02503008770544246
ENSG00000204261	-0.025082148755909195
ENSG00000232079	-0.02514729716857822
ENSG00000249436	-0.025214989923268316
ENSG00000205639	-0.02522085625758852
ENSG00000261447	-0.025317280834598166
ENSG00000144031	-0.025320595041850136
ENSG00000272320	-0.02540913213065299
ENSG00000231768	-0.025565937098512848
ENSG00000182400	-0.025609641860654064
ENSG00000234361	-0.025630488140696794
ENSG00000261519	-0.025641740939103763
ENSG00000272360	-0.025813894368878043
ENSG00000172116	-0.02584213062299412
ENSG00000149443	-0.025844285554705082
ENSG00000188002	-0.025873588952688098
ENSG00000126856	-0.025891962673310398
ENSG00000021645	-0.02598641022441972
ENSG00000095397	-0.026018190114515227
ENSG00000101654	-0.02603031751760243
ENSG00000144366	-0.026070469038251942
ENSG00000250340	-0.026082299790191055
ENSG00000171044	-0.026092345985299303
ENSG00000176746	-0.026102779247426766
ENSG00000272020	-0.026186030516602066
ENSG00000219073	-0.0261932359411563
ENSG00000136696	-0.02628884740153281
ENSG00000006638	-0.026292792454848612
ENSG00000159055	-0.02630963556412136
ENSG00000130702	-0.026362934323232667
ENSG00000139329	-0.02637955413958193
ENSG00000130684	-0.026411593395964217
ENSG00000188396	-0.02643577620431159
ENSG00000257202	-0.02647277392304348
ENSG00000211786	-0.026479926655125885
ENSG00000014164	-0.026492525818026302
ENSG00000169057	-0.02654264504154702
ENSG00000198919	-0.026607630367709745
ENSG00000260500	-0.026624265861653562
ENSG00000196793	-0.026657620067492727
ENSG00000255458	-0.026727876634134784
ENSG00000166529	-0.026753425501252814
ENSG00000100626	-0.02677495806788177
ENSG00000255504	-0.026780172621967302
ENSG00000271983	-0.026782165380952128
ENSG00000203722	-0.02679185535356199
ENSG00000198284	-0.026813951209068154
ENSG00000272384	-0.02699017973553286
ENSG00000171703	-0.026992093285338137
ENSG00000167772	-0.027025597454274575
ENSG00000152076	-0.02702825663165831
ENSG00000224215	-0.027082487722455473
ENSG00000271874	-0.027103116157439544
ENSG00000228799	-0.02712936593943427
ENSG00000174327	-0.02719786843830263
ENSG00000248508	-0.027210028625517912
ENSG00000227398	-0.02721607024423267
ENSG00000260520	-0.02723773103932825
ENSG00000080007	-0.027256993478463554
ENSG00000100614	-0.027278368958694732
ENSG00000187889	-0.02727977186553865
ENSG00000101544	-0.027392057616158705
ENSG00000226759	-0.027507425192616175
ENSG00000082482	-0.027520899152562506
ENSG00000131381	-0.027565245777635305
ENSG00000136436	-0.027631743029451372
ENSG00000175283	-0.02766280919096642
ENSG00000137265	-0.027678783110706817
ENSG00000272455	-0.027705655694794884
ENSG00000124459	-0.027773803800675734
ENSG00000225249	-0.027776207370507344
ENSG00000236519	-0.027781759127867067
ENSG00000027644	-0.02778720187314243
ENSG00000231607	-0.027794624408893354
ENSG00000134186	-0.02788953000345018
ENSG00000135912	-0.027893627739933202
ENSG00000187866	-0.02791313203172252
ENSG00000189182	-0.028013265012398314
ENSG00000171714	-0.02801910470889657
ENSG00000206762	-0.028071724516216645
ENSG00000186280	-0.028086316369377085
ENSG00000011523	-0.028090736918968018
ENSG00000205822	-0.02810043903603443
ENSG00000267508	-0.02811811995922142
ENSG00000201499	-0.02813175775047605
ENSG00000257322	-0.02813733670666818
ENSG00000101197	-0.028163284951201017
ENSG00000161610	-0.028179560411465188
ENSG00000130598	-0.02819858808710729
ENSG00000163519	-0.02823665870464831
ENSG00000183023	-0.028238896017309223
ENSG00000116191	-0.028259760330717643
ENSG00000152518	-0.02827331816842027
ENSG00000167113	-0.028294332799491007
ENSG00000163126	-0.028389904593590365
ENSG00000202248	-0.028407871757242464
ENSG00000104447	-0.028450094445394924
ENSG00000255426	-0.02846149793148889
ENSG00000269416	-0.028517357668918053
ENSG00000124508	-0.02856386085211471
ENSG00000230627	-0.02856496224945848
ENSG00000211670	-0.028638278744235857
ENSG00000166351	-0.028652482801226897
ENSG00000162882	-0.028666226325779642
ENSG00000260423	-0.028742082896013432
ENSG00000023909	-0.028777407929321153
ENSG00000268734	-0.028782781413257297
ENSG00000104321	-0.028817720153650805
ENSG00000100425	-0.028865645670501983
ENSG00000163518	-0.028875569867346074
ENSG00000165682	-0.028884071496008468
ENSG00000237179	-0.028885255760733863
ENSG00000100298	-0.02896670269690238
ENSG00000153046	-0.02897557390794714
ENSG00000127663	-0.02901969649256375
ENSG00000148204	-0.02903454983347975
ENSG00000125816	-0.029034672960470354
ENSG00000232537	-0.029037922608432076
ENSG00000150455	-0.02904219564796573
ENSG00000034239	-0.029098254682711877
ENSG00000268087	-0.029151881362047383
ENSG00000234511	-0.02915382664796251
ENSG00000113719	-0.029161747146542738
ENSG00000267519	-0.0291618839906016
ENSG00000237232	-0.029242730799410976
ENSG00000152207	-0.02928814814357772
ENSG00000120709	-0.029301489033945916
ENSG00000206535	-0.029305045015035835
ENSG00000267655	-0.029401912889651438
ENSG00000225205	-0.029500825822470933
ENSG00000255649	-0.029528469527991152
ENSG00000140488	-0.029725936143883858
ENSG00000196498	-0.02976290393873382
ENSG00000180233	-0.02976613835821007
ENSG00000166006	-0.029788921737984864
ENSG00000211778	-0.02978961428071858
ENSG00000158234	-0.0298062505761989
ENSG00000124212	-0.02984453886512861
ENSG00000157827	-0.029847496308432753
ENSG00000111057	-0.02984764606145518
ENSG00000261741	-0.02989982327571783
ENSG00000018189	-0.029907600119376987
ENSG00000185085	-0.029908690845027563
ENSG00000139197	-0.02993029989209084
ENSG00000184544	-0.03002143733305862
ENSG00000174944	-0.030032402989395912
ENSG00000272984	-0.030050978377417215
ENSG00000234284	-0.03005424918610322
ENSG00000180424	-0.03008382087951722
ENSG00000235156	-0.030097958699549343
ENSG00000272973	-0.030104652154230638
ENSG00000253404	-0.030133512384527217
ENSG00000171634	-0.030189536020812535
ENSG00000226859	-0.030217056314425172
ENSG00000235151	-0.030220512752709983
ENSG00000135063	-0.030270860553941126
ENSG00000196735	-0.030368545866910623
ENSG00000253357	-0.030376998520905363
ENSG00000246731	-0.030377856118967594
ENSG00000146085	-0.03040212484964222
ENSG00000125772	-0.030427326290339396
ENSG00000241469	-0.03046311753285602
ENSG00000196917	-0.030517407957920573
ENSG00000081019	-0.03053341630322781
ENSG00000115998	-0.030550312254119194
ENSG00000251556	-0.030568597709560774
ENSG00000272834	-0.03058800733192535
ENSG00000146966	-0.03060435091722069
ENSG00000204381	-0.030642491784917625
ENSG00000263426	-0.03065169139138435
ENSG00000172840	-0.030651739312994475
ENSG00000260613	-0.03069018372433574
ENSG00000119715	-0.030690262438698435
ENSG00000153487	-0.030737194667281198
ENSG00000134258	-0.030770141397861717
ENSG00000168589	-0.030796549381778893
ENSG00000106302	-0.030813777991436253
ENSG00000253871	-0.03081832251725325
ENSG00000171502	-0.030839393129793446
ENSG00000239921	-0.03084965729587763
ENSG00000228719	-0.030866559631947288
ENSG00000135480	-0.030899794141247328
ENSG00000100116	-0.03099831749497861
ENSG00000213859	-0.03099975244254527
ENSG00000121067	-0.031019156029920336
ENSG00000255389	-0.031030012531308993
ENSG00000232104	-0.03106027625134644
ENSG00000153012	-0.031069376390910786
ENSG00000168546	-0.031072764358023197
ENSG00000257027	-0.031096486069640994
ENSG00000189339	-0.03111602464421448
ENSG00000145375	-0.031131611081951394
ENSG00000158987	-0.031134952039313046
ENSG00000083290	-0.03114840631743221
ENSG00000233277	-0.0312165432353122
ENSG00000174125	-0.031221564665772084
ENSG00000122741	-0.03122268370434078
ENSG00000271913	-0.03124488861135255
ENSG00000168314	-0.031264159047401985
ENSG00000139629	-0.03126457890636847
ENSG00000163273	-0.03127523546053024
ENSG00000139625	-0.03131944347303184
ENSG00000205002	-0.031322417195635444
ENSG00000267101	-0.03133623070487679
ENSG00000271984	-0.031339472822208836
ENSG00000269473	-0.03139538419822718
ENSG00000141956	-0.031414403578698624
ENSG00000229180	-0.03145025223678555
ENSG00000104884	-0.0314755096574989
ENSG00000204335	-0.03149076306406584
ENSG00000270755	-0.03153073360546488
ENSG00000267709	-0.03154286828365793
ENSG00000177354	-0.03155364045770259
ENSG00000105793	-0.031566042688985996
ENSG00000145794	-0.03158501160455318
ENSG00000168246	-0.03178347131753212
ENSG00000015153	-0.03178880694177333
ENSG00000181191	-0.03182098651875531
ENSG00000147118	-0.03187165361877087
ENSG00000148411	-0.0318968419473008
ENSG00000242207	-0.031957594081281404
ENSG00000236963	-0.03200462547597116
ENSG00000106608	-0.03202773577474283
ENSG00000225980	-0.032030849005974416
ENSG00000211694	-0.03214610383938965
ENSG00000143502	-0.03216028180241104
ENSG00000244968	-0.0322162388145979
ENSG00000272275	-0.03223127742330656
ENSG00000081014	-0.032241497868640945
ENSG00000198513	-0.032318025919938265
ENSG00000136816	-0.03235021117962533
ENSG00000160746	-0.03239487294919552
ENSG00000262484	-0.032407566445818214
ENSG00000262769	-0.03242321494954148
ENSG00000188959	-0.03244684087583982
ENSG00000103326	-0.0324619373587105
ENSG00000212541	-0.03247355331107438
ENSG00000256540	-0.03251094454282033
ENSG00000272324	-0.03255151587588323
ENSG00000260916	-0.03262507092584166
ENSG00000242781	-0.03262861567797959
ENSG00000140443	-0.032676129024537426
ENSG00000092421	-0.03279138568865747
ENSG00000147419	-0.032800745083736316
ENSG00000244482	-0.03284320659586437
ENSG00000260398	-0.0328723291762707
ENSG00000240455	-0.03290633824065603
ENSG00000269974	-0.03299781515420164
ENSG00000173175	-0.03311219169383661
ENSG00000211793	-0.0331131673512719
ENSG00000260805	-0.03320941072504635
ENSG00000261189	-0.033241500853237294
ENSG00000011198	-0.03324977820371611
ENSG00000104723	-0.03326576395522496
ENSG00000124523	-0.0333008316331419
ENSG00000167757	-0.03331284657849143
ENSG00000156050	-0.03331566236436956
ENSG00000015133	-0.033316874915085615
ENSG00000198093	-0.03331745156287802
ENSG00000258457	-0.03331805282253031
ENSG00000186951	-0.03332135574094541
ENSG00000229931	-0.03339075650527956
ENSG00000222009	-0.03340694088291318
ENSG00000186446	-0.033418173273152885
ENSG00000159917	-0.03351886284990979
ENSG00000167094	-0.03352122285271664
ENSG00000271714	-0.033577932503618624
ENSG00000188386	-0.033590988291749446
ENSG00000124818	-0.03389395290568065
ENSG00000255043	-0.03393570952367775
ENSG00000174996	-0.03393628635226387
ENSG00000023041	-0.033973589895160305
ENSG00000256721	-0.03399525400346681
ENSG00000259768	-0.033997516522714655
ENSG00000203865	-0.03399822732064228
ENSG00000267605	-0.034010747069101344
ENSG00000162804	-0.03405046872815509
ENSG00000159339	-0.03405142728768151
ENSG00000123444	-0.034109824509252484
ENSG00000255850	-0.03414675342344964
ENSG00000233608	-0.034152730876787274
ENSG00000259953	-0.03418177328834038
ENSG00000169918	-0.03419008880140595
ENSG00000166685	-0.03419355661162726
ENSG00000264932	-0.03423095299704715
ENSG00000071189	-0.034235526680459594
ENSG00000211943	-0.03427206893707069
ENSG00000196072	-0.03433342269442563
ENSG00000151240	-0.03435298457054636
ENSG00000121057	-0.03443341636687314
ENSG00000182173	-0.03448718509594684
ENSG00000168385	-0.03458930982454722
ENSG00000254035	-0.034610149998042794
ENSG00000143442	-0.0346475019893463
ENSG00000258426	-0.03465346435797856
ENSG00000078403	-0.03465761513966381
ENSG00000156299	-0.03472068824180041
ENSG00000168228	-0.0347312465941515
ENSG00000237181	-0.034732981949102126
ENSG00000250432	-0.03476076081654933
ENSG00000270574	-0.034771624866109185
ENSG00000129474	-0.034775578664169804
ENSG00000116604	-0.03481536648018768
ENSG00000166839	-0.03482132572841212
ENSG00000156381	-0.03484165940716388
ENSG00000254501	-0.034850451753071665
ENSG00000256223	-0.03486437739776049
ENSG00000260132	-0.03489900309709271
ENSG00000156959	-0.034940171681028365
ENSG00000261423	-0.03500643061535713
ENSG00000125650	-0.035014235788324743
ENSG00000133246	-0.035016049209139366
ENSG00000138175	-0.035058424865951565
ENSG00000272325	-0.03511684652548808
ENSG00000260660	-0.03515053494129872
ENSG00000131196	-0.035157213892426764
ENSG00000212237	-0.035196989834743286
ENSG00000228251	-0.0352202117934306
ENSG00000169991	-0.03522927903655493
ENSG00000250739	-0.035230900392411835
ENSG00000126804	-0.03531405717482772
ENSG00000253238	-0.03532738512831768
ENSG00000235033	-0.035342955781233365
ENSG00000176994	-0.035356456303009764
ENSG00000244355	-0.03536355289769244
ENSG00000263874	-0.03536797870483854
ENSG00000116698	-0.03537922251074721
ENSG00000088386	-0.03538232077678016
ENSG00000176076	-0.03539537535863224
ENSG00000272663	-0.03544462897878775
ENSG00000200259	-0.03551165034487658
ENSG00000197563	-0.03556071094722246
ENSG00000115474	-0.03556247886684882
ENSG00000106038	-0.03561313048078529
ENSG00000130226	-0.03562952318196366
ENSG00000177374	-0.03563050244644017
ENSG00000172421	-0.03569551037162488
ENSG00000174137	-0.03570364574957319
ENSG00000272506	-0.035730716787733985
ENSG00000116539	-0.03574179131853139
ENSG00000243414	-0.03576338783297128
ENSG00000177369	-0.03576414241370374
ENSG00000117148	-0.03578895759069811
ENSG00000261184	-0.03582177033549849
ENSG00000196951	-0.03585927976847614
ENSG00000126106	-0.03587602813144797
ENSG00000143157	-0.03588214358635311
ENSG00000111880	-0.03589198637306246
ENSG00000076356	-0.035923447727892466
ENSG00000179715	-0.03592648496206097
ENSG00000266967	-0.035935389969346976
ENSG00000182218	-0.0359544631771509
ENSG00000086991	-0.036030497838661635
ENSG00000150361	-0.03607127743787719
ENSG00000074181	-0.03607134524691924
ENSG00000237402	-0.036099679603885715
ENSG00000124743	-0.03612328716991642
ENSG00000197826	-0.036154979595241055
ENSG00000253122	-0.03618025117054058
ENSG00000211584	-0.03623467746702502
ENSG00000259583	-0.03629580361650453
ENSG00000176125	-0.036310835857153334
ENSG00000122687	-0.036373777246289984
ENSG00000188130	-0.03639832590742487
ENSG00000130254	-0.03641218039236582
ENSG00000183166	-0.0364134349591646
ENSG00000268655	-0.0364470207334584
ENSG00000248173	-0.036451658606947435
ENSG00000048707	-0.03645218378302706
ENSG00000248872	-0.03648011748456548
ENSG00000039600	-0.03648593189025218
ENSG00000257771	-0.03649493904021017
ENSG00000184809	-0.036523389505644155
ENSG00000254661	-0.03654639375777202
ENSG00000231208	-0.03666033566278404
ENSG00000207207	-0.036662277505198015
ENSG00000100276	-0.03668179450451137
ENSG00000135314	-0.03670835578220322
ENSG00000138758	-0.03677318282809117
ENSG00000232022	-0.03684911970751881
ENSG00000204315	-0.03685411392969806
ENSG00000157600	-0.03688214037722637
ENSG00000231533	-0.036884077244465074
ENSG00000174485	-0.036916114635664465
ENSG00000139151	-0.03694172799924589
ENSG00000153574	-0.03694292101825747
ENSG00000110074	-0.03695131933610074
ENSG00000179636	-0.036953989173135304
ENSG00000171700	-0.036954783419357096
ENSG00000206527	-0.03697463047986449
ENSG00000163820	-0.03701468165771904
ENSG00000182484	-0.0370151064016534
ENSG00000157873	-0.037022667806100196
ENSG00000147813	-0.03705616023955538
ENSG00000258818	-0.037081135231988194
ENSG00000162763	-0.03715098329190514
ENSG00000225427	-0.03719368811261492
ENSG00000172985	-0.03735508730590009
ENSG00000069399	-0.03736299486291961
ENSG00000267939	-0.037390513484571786
ENSG00000227741	-0.037410682663142625
ENSG00000134504	-0.03741129498936746
ENSG00000100299	-0.03741464583726162
ENSG00000269038	-0.03741940421980561
ENSG00000237716	-0.03742107103938652
ENSG00000105605	-0.037441006748627714
ENSG00000115593	-0.03745145594610633
ENSG00000146192	-0.03745187923117943
ENSG00000060971	-0.03745860459858541
ENSG00000214140	-0.037466092759940284
ENSG00000239407	-0.03749282517137431
ENSG00000262454	-0.037503777345456846
ENSG00000235996	-0.03756422156606787
ENSG00000125965	-0.03756943202974694
ENSG00000272264	-0.03760938308004769
ENSG00000250959	-0.03764159480866636
ENSG00000095951	-0.0376645199750949
ENSG00000174672	-0.037675924289551244
ENSG00000079313	-0.03767921561366383
ENSG00000253787	-0.03768275351844674
ENSG00000264107	-0.0377217545747468
ENSG00000146066	-0.03772454740816189
ENSG00000259775	-0.03773112310024063
ENSG00000146374	-0.03774187853380562
ENSG00000229848	-0.03777965263636229
ENSG00000142784	-0.03782178545816761
ENSG00000259520	-0.03783067379718352
ENSG00000175387	-0.03786384698122647
ENSG00000258810	-0.03787050459514907
ENSG00000173258	-0.03793160739902257
ENSG00000106049	-0.03800777117158949
ENSG00000214106	-0.038031185375122845
ENSG00000223462	-0.0380355990831347
ENSG00000256713	-0.038051813956468394
ENSG00000181617	-0.03811855951308141
ENSG00000126259	-0.038162423311342786
ENSG00000167987	-0.03818429246551969
ENSG00000258444	-0.038185693920100405
ENSG00000129003	-0.03819659877001369
ENSG00000261303	-0.038217308532338956
ENSG00000100888	-0.038219506678312754
ENSG00000017427	-0.038294565139989856
ENSG00000182446	-0.038300684420809694
ENSG00000075213	-0.038329682702538004
ENSG00000185246	-0.038330447589215666
ENSG00000130193	-0.038403652410857636
ENSG00000124217	-0.03847691729573233
ENSG00000270006	-0.03849493628120593
ENSG00000235072	-0.038496822846387335
ENSG00000175471	-0.03852092941862251
ENSG00000257987	-0.03853887522611421
ENSG00000256443	-0.038559807008777036
ENSG00000147853	-0.038613449654714804
ENSG00000178694	-0.03864408849999723
ENSG00000064651	-0.038695421440413935
ENSG00000169519	-0.038703820086638197
ENSG00000272892	-0.03870460132190989
ENSG00000186523	-0.03870815487003432
ENSG00000090661	-0.038729722766673635
ENSG00000152582	-0.038733821022843395
ENSG00000156172	-0.03873869154122822
ENSG00000112425	-0.03874512104370931
ENSG00000129187	-0.038746233109026584
ENSG00000188064	-0.03874961377688457
ENSG00000188613	-0.03877402551834552
ENSG00000171681	-0.03881751963768554
ENSG00000227906	-0.03886872620470583
ENSG00000115257	-0.038906550467150414
ENSG00000147144	-0.03891371146956679
ENSG00000258763	-0.038925745746857365
ENSG00000181467	-0.038969719080664156
ENSG00000138686	-0.038972517032131115
ENSG00000151773	-0.03897696105009141
ENSG00000224514	-0.03900377160203483
ENSG00000145337	-0.03906811413101596
ENSG00000134744	-0.039117341917310755
ENSG00000174776	-0.03913767543179214
ENSG00000011451	-0.03914357024361237
ENSG00000188060	-0.03916686508728229
ENSG00000072080	-0.039169727117872366
ENSG00000233639	-0.039197193882602455
ENSG00000236901	-0.03919917972091702
ENSG00000147571	-0.03924560135754196
ENSG00000058335	-0.039254303115249356
ENSG00000149177	-0.03925631157413345
ENSG00000273100	-0.039278329991489724
ENSG00000262188	-0.03929252803587924
ENSG00000204186	-0.03933609239741698
ENSG00000132950	-0.03952570095224195
ENSG00000228835	-0.03954321038424535
ENSG00000150051	-0.0395648173577865
ENSG00000155066	-0.03958861896689603
ENSG00000204560	-0.03963786482084064
ENSG00000186787	-0.039647354553339564
ENSG00000266258	-0.03970520959926571
ENSG00000065320	-0.03971404286164926
ENSG00000263164	-0.03979796206723196
ENSG00000235285	-0.03984286631602052
ENSG00000196376	-0.0398764849449168
ENSG00000124915	-0.03989869129041124
ENSG00000184182	-0.0399152831917321
ENSG00000258942	-0.03995271733904926
ENSG00000105499	-0.039963458502594085
ENSG00000196277	-0.03997979646136374
ENSG00000170629	-0.03999009904409445
ENSG00000260760	-0.04000330897804105
ENSG00000185100	-0.04000624030335298
ENSG00000179331	-0.04004364251829917
ENSG00000120937	-0.04005124303297969
ENSG00000258655	-0.04012486473019816
ENSG00000105141	-0.040249218186578783
ENSG00000250722	-0.04027936682739719
ENSG00000231976	-0.04029835754514488
ENSG00000164118	-0.04030755978079226
ENSG00000138399	-0.040325191654213
ENSG00000108423	-0.04034465208074456
ENSG00000108091	-0.04034879165904526
ENSG00000127377	-0.04041035905574497
ENSG00000123240	-0.04041751595166343
ENSG00000230316	-0.040419651996211114
ENSG00000179981	-0.04042979733075236
ENSG00000205559	-0.040471792743817625
ENSG00000251247	-0.040474739493423395
ENSG00000107560	-0.04048748732043195
ENSG00000183914	-0.040520282202470614
ENSG00000249116	-0.040558534942000124
ENSG00000152672	-0.04056600666775467
ENSG00000231246	-0.040613547622387336
ENSG00000115705	-0.040623804459013146
ENSG00000160190	-0.04064681464150821
ENSG00000100906	-0.04066083011819932
ENSG00000265179	-0.040666102718930563
ENSG00000155287	-0.040672312782035425
ENSG00000258476	-0.040672424046438005
ENSG00000105483	-0.04067856468051956
ENSG00000228395	-0.04073422699504037
ENSG00000105889	-0.040771516382644424
ENSG00000260903	-0.040773211289465316
ENSG00000189233	-0.04081322320200709
ENSG00000248184	-0.04082277526061795
ENSG00000066923	-0.04090741850822355
ENSG00000222047	-0.040914849830506195
ENSG00000033178	-0.040920513244137036
ENSG00000272977	-0.04092124730269908
ENSG00000260495	-0.04093310989668009
ENSG00000189058	-0.041031045404562816
ENSG00000119686	-0.041089641203818195
ENSG00000146013	-0.04110529404313801
ENSG00000116017	-0.04111696523578823
ENSG00000136144	-0.04114483395669488
ENSG00000011295	-0.041151886744211996
ENSG00000148300	-0.04119727553808239
ENSG00000089022	-0.04125645726468996
ENSG00000111300	-0.04129214303262341
ENSG00000172640	-0.041295928279741156
ENSG00000040199	-0.04138201890362703
ENSG00000132326	-0.041418342652286055
ENSG00000176463	-0.041420387916630164
ENSG00000165410	-0.04145412092588496
ENSG00000072310	-0.041463841566176884
ENSG00000240766	-0.041501988501547626
ENSG00000181908	-0.041507985948123216
ENSG00000261033	-0.04151483920296373
ENSG00000124074	-0.04152196163183297
ENSG00000229320	-0.04163285874084666
ENSG00000183044	-0.04163578008789581
ENSG00000169813	-0.04167373070114422
ENSG00000077585	-0.04168761199698778
ENSG00000139405	-0.04169073636981402
ENSG00000165105	-0.041788446515412025
ENSG00000136449	-0.04179710554834826
ENSG00000147883	-0.04182475652039985
ENSG00000103647	-0.04182624218602915
ENSG00000157637	-0.04185286759658169
ENSG00000149305	-0.041896963942702925
ENSG00000067369	-0.04194200879160925
ENSG00000146072	-0.041963464628714364
ENSG00000107077	-0.0419657378339946
ENSG00000154133	-0.04197533720291413
ENSG00000271888	-0.042030301526605585
ENSG00000143954	-0.04203493350451326
ENSG00000140548	-0.042066951793006235
ENSG00000263327	-0.04212696257303705
ENSG00000251139	-0.0421344044414983
ENSG00000164715	-0.042153009054004875
ENSG00000133739	-0.04219775783815316
ENSG00000128512	-0.042208948349345965
ENSG00000180185	-0.04223877263953979
ENSG00000124491	-0.04224895942877804
ENSG00000185056	-0.042319196658685554
ENSG00000119599	-0.04232524307270791
ENSG00000214026	-0.042328812345770794
ENSG00000065491	-0.04235237411246617
ENSG00000140093	-0.042592351003238105
ENSG00000179523	-0.04262370607070587
ENSG00000240521	-0.04263063462937111
ENSG00000262943	-0.04265891589380533
ENSG00000165061	-0.04272392411138681
ENSG00000255790	-0.042750020361001395
ENSG00000201579	-0.04277040709979163
ENSG00000132849	-0.04278422718510977
ENSG00000179363	-0.04285601334712086
ENSG00000162775	-0.042869987851021696
ENSG00000156384	-0.042909298134202856
ENSG00000173083	-0.04295016496364701
ENSG00000151743	-0.04295219537071815
ENSG00000159164	-0.04297307686286389
ENSG00000211900	-0.04300686050527447
ENSG00000169340	-0.043021463757074496
ENSG00000109920	-0.043038808910609294
ENSG00000227896	-0.04306332091106846
ENSG00000225919	-0.04307009681326168
ENSG00000154277	-0.043074281629866595
ENSG00000177459	-0.043113260827969735
ENSG00000254656	-0.04314159937407991
ENSG00000165186	-0.043178612071521294
ENSG00000119283	-0.043183780601391164
ENSG00000269959	-0.04323791508046215
ENSG00000013588	-0.04329477648026869
ENSG00000246308	-0.043323211141025775
ENSG00000250377	-0.043357350362835945
ENSG00000078487	-0.04340778313473548
ENSG00000148798	-0.0434229926180556
ENSG00000157680	-0.043469204613840406
ENSG00000127838	-0.0434877425175042
ENSG00000230438	-0.0435474513855878
ENSG00000273344	-0.04355241399938237
ENSG00000259320	-0.043585943110477365
ENSG00000122787	-0.04368578045848348
ENSG00000103540	-0.04368643299298203
ENSG00000259884	-0.043705757921491006
ENSG00000228317	-0.04372030421152673
ENSG00000225572	-0.04384697748795907
ENSG00000095485	-0.04394471976954073
ENSG00000236155	-0.043965392684677806
ENSG00000238141	-0.043979721411859796
ENSG00000145451	-0.0440273878159434
ENSG00000183691	-0.0440475812395158
ENSG00000229246	-0.04408803307287512
ENSG00000233208	-0.04412788895092645
ENSG00000182670	-0.04413972500364094
ENSG00000165476	-0.04414623422220809
ENSG00000260062	-0.044167224111348435
ENSG00000266904	-0.044231683656614895
ENSG00000266289	-0.04430650367256672
ENSG00000165752	-0.044334180998867434
ENSG00000038945	-0.04434294409491413
ENSG00000214029	-0.04437003529770478
ENSG00000255408	-0.04437226941359973
ENSG00000261831	-0.04440139699491419
ENSG00000253591	-0.04441443582653237
ENSG00000227954	-0.044455031147170754
ENSG00000257748	-0.04447185654958308
ENSG00000241973	-0.044477707086646445
ENSG00000198054	-0.0444812969964794
ENSG00000103319	-0.044495630743426884
ENSG00000272807	-0.04451184352429316
ENSG00000070371	-0.04452847697609885
ENSG00000273210	-0.044559089964447685
ENSG00000187045	-0.044560032765000646
ENSG00000115904	-0.044572378532782064
ENSG00000183826	-0.04460071649259678
ENSG00000180953	-0.044678364869342735
ENSG00000171804	-0.0447056013983862
ENSG00000100239	-0.04471931870608015
ENSG00000023171	-0.04476479889852725
ENSG00000137101	-0.04480464949030161
ENSG00000139974	-0.044826171682924465
ENSG00000164972	-0.04485245285990458
ENSG00000198586	-0.04487593653981614
ENSG00000233384	-0.044878092851244555
ENSG00000107485	-0.044898208356922265
ENSG00000119508	-0.044957518045547595
ENSG00000184788	-0.0449653857155452
ENSG00000116833	-0.044968159008827335
ENSG00000170456	-0.044988238478460674
ENSG00000107821	-0.04498947635438899
ENSG00000171433	-0.044997266221583954
ENSG00000165507	-0.0450198806079658
ENSG00000204007	-0.045051259567018054
ENSG00000261649	-0.04506356833282399
ENSG00000166257	-0.04510123637423202
ENSG00000172992	-0.04510874024795475
ENSG00000177675	-0.04517338554039507
ENSG00000118271	-0.04518357251966365
ENSG00000258516	-0.04518400043732229
ENSG00000134262	-0.0452074737631345
ENSG00000184254	-0.04521519480592939
ENSG00000065457	-0.04524433066971745
ENSG00000067113	-0.04531044237588333
ENSG00000099866	-0.045332700311380925
ENSG00000204033	-0.04535978603015223
ENSG00000118985	-0.04538870947607776
ENSG00000116044	-0.04539186554140928
ENSG00000182230	-0.04540807771268085
ENSG00000145194	-0.045422011482437075
ENSG00000140280	-0.045426726128388606
ENSG00000251350	-0.04543174536412575
ENSG00000107014	-0.04545725710449666
ENSG00000225778	-0.04552798507668099
ENSG00000135577	-0.04553930774518944
ENSG00000171903	-0.045576758975111265
ENSG00000228503	-0.04560067887329233
ENSG00000219545	-0.04562441181785348
ENSG00000271755	-0.045629141160985376
ENSG00000026297	-0.045659384904071065
ENSG00000101251	-0.045755146113788725
ENSG00000198951	-0.045832944657218766
ENSG00000172965	-0.04583933061062495
ENSG00000259757	-0.04584514803265127
ENSG00000187391	-0.045864345242280335
ENSG00000112852	-0.04586675025469056
ENSG00000237870	-0.04589062338902894
ENSG00000223631	-0.04589232496213114
ENSG00000114739	-0.045925870967787996
ENSG00000225243	-0.045926340051758885
ENSG00000110799	-0.045928529190018
ENSG00000257704	-0.04593671156982204
ENSG00000160013	-0.04596296805939981
ENSG00000185250	-0.045966435524334104
ENSG00000116574	-0.04599549484494114
ENSG00000134508	-0.045996729533359204
ENSG00000128346	-0.04602193779239705
ENSG00000181240	-0.04605335803286614
ENSG00000135932	-0.04605993302898603
ENSG00000075673	-0.04612331152389859
ENSG00000167633	-0.04621230183925684
ENSG00000222448	-0.04621585557721708
ENSG00000253513	-0.046219777047925015
ENSG00000118007	-0.046279516145681376
ENSG00000119242	-0.046279984683298414
ENSG00000269489	-0.046282977740876086
ENSG00000245059	-0.04636528746903046
ENSG00000116667	-0.04641071594934498
ENSG00000137996	-0.04642184589083642
ENSG00000052126	-0.046428227982346804
ENSG00000196381	-0.04644403884706727
ENSG00000248858	-0.046452319093015726
ENSG00000100504	-0.046467605235523846
ENSG00000203499	-0.0464747688710061
ENSG00000166278	-0.04653293479446263
ENSG00000154229	-0.046611204731036304
ENSG00000251893	-0.046615076363164754
ENSG00000127124	-0.04661678285719584
ENSG00000117245	-0.046627599514252105
ENSG00000141338	-0.04666381972574962
ENSG00000091704	-0.04668841354581377
ENSG00000243317	-0.04673260582531924
ENSG00000103047	-0.04676504574882667
ENSG00000166105	-0.04679561655801978
ENSG00000111799	-0.04680505223233189
ENSG00000167363	-0.04680768430050508
ENSG00000106443	-0.04685443145827828
ENSG00000105983	-0.04691623656171051
ENSG00000257660	-0.04692881385153569
ENSG00000204569	-0.046964957326027124
ENSG00000204787	-0.04697246844721281
ENSG00000204839	-0.04698313941574905
ENSG00000232453	-0.046992242604275036
ENSG00000108395	-0.04703571565044751
ENSG00000254221	-0.04709728322560924
ENSG00000237541	-0.047109112626463
ENSG00000177294	-0.04712833896766733
ENSG00000183092	-0.047136085274658734
ENSG00000255455	-0.04715156729565484
ENSG00000117009	-0.047185866076520755
ENSG00000198728	-0.047199236863327165
ENSG00000183458	-0.04732854259414376
ENSG00000205108	-0.04739404312435325
ENSG00000254847	-0.04745859539975206
ENSG00000077943	-0.04747851172829254
ENSG00000182263	-0.04756504148084861
ENSG00000185015	-0.04756700015180093
ENSG00000112893	-0.04759601930969071
ENSG00000227564	-0.04759936927063657
ENSG00000262873	-0.04761116542673072
ENSG00000164845	-0.04761780525837511
ENSG00000184209	-0.04762079629277505
ENSG00000182919	-0.04763709995188514
ENSG00000159714	-0.04768302567028293
ENSG00000152254	-0.04768755367445243
ENSG00000154736	-0.04772033342174242
ENSG00000215417	-0.04777575493167929
ENSG00000143933	-0.0477954692728606
ENSG00000273186	-0.047822825255558254
ENSG00000236355	-0.047830144905400496
ENSG00000102878	-0.04783620609862882
ENSG00000205221	-0.04787970186093482
ENSG00000105829	-0.04790954891840127
ENSG00000181867	-0.04791296140658552
ENSG00000207146	-0.047957701339662706
ENSG00000172264	-0.047968365105274136
ENSG00000235947	-0.04801267898498551
ENSG00000124802	-0.0480296566780295
ENSG00000234509	-0.048063846684096134
ENSG00000154309	-0.04809043301513394
ENSG00000106688	-0.04818801825830099
ENSG00000211451	-0.048232674929674424
ENSG00000251301	-0.048267490564362636
ENSG00000125246	-0.04833619336333106
ENSG00000257997	-0.048360456642635
ENSG00000132744	-0.04836449128551612
ENSG00000128789	-0.048379881014196546
ENSG00000266389	-0.04845748138556616
ENSG00000225981	-0.04855382243561834
ENSG00000108557	-0.04856026535496549
ENSG00000110887	-0.04859527150034715
ENSG00000265666	-0.048621265741810804
ENSG00000174562	-0.04864353896995255
ENSG00000010278	-0.04865624818808323
ENSG00000230615	-0.048691040598012436
ENSG00000025156	-0.048752099604568166
ENSG00000188312	-0.048753703074891575
ENSG00000180190	-0.04877845984056162
ENSG00000163357	-0.04878097076399035
ENSG00000155111	-0.04882066462094037
ENSG00000264007	-0.04882471032164826
ENSG00000168612	-0.04883844782868696
ENSG00000132478	-0.048855787945424556
ENSG00000164659	-0.048880741707371556
ENSG00000196666	-0.04889441758956614
ENSG00000078401	-0.0489134666041966
ENSG00000138166	-0.04892822194734969
ENSG00000136828	-0.04892828346996514
ENSG00000261488	-0.04895019178354765
ENSG00000231243	-0.04897822020399467
ENSG00000158748	-0.04898588696211981
ENSG00000133561	-0.04900773402162972
ENSG00000119231	-0.049070013280060554
ENSG00000225766	-0.04908651025059563
ENSG00000197969	-0.04911294525283427
ENSG00000102871	-0.04913894384403261
ENSG00000125454	-0.04915178323262348
ENSG00000106868	-0.04916516089672207
ENSG00000160563	-0.049194572993809915
ENSG00000197561	-0.049209337368330774
ENSG00000232648	-0.04929634071422706
ENSG00000052344	-0.049312546867613216
ENSG00000144331	-0.049331951602096025
ENSG00000007171	-0.04937673002067611
ENSG00000127241	-0.049379437329295506
ENSG00000229692	-0.049400333584831646
ENSG00000178567	-0.0494155525228519
ENSG00000204528	-0.049420316579851686
ENSG00000104518	-0.04946810075605601
ENSG00000164270	-0.04946917706698428
ENSG00000163349	-0.04950682029507858
ENSG00000138722	-0.04951872683736713
ENSG00000105472	-0.04953579709170286
ENSG00000066855	-0.04956235751603044
ENSG00000164663	-0.04961587906638998
ENSG00000140948	-0.04962415354294991
ENSG00000125812	-0.049655925937381884
ENSG00000008710	-0.049709004692950476
ENSG00000269707	-0.04973536806178536
ENSG00000257743	-0.04973833308472586
ENSG00000267041	-0.04980343488277206
ENSG00000167701	-0.049810223714266355
ENSG00000265489	-0.04990666440438085
ENSG00000211745	-0.04992961374687699
ENSG00000200201	-0.04996838224935307
ENSG00000258603	-0.050001675745076635
ENSG00000236303	-0.050002878690083685
ENSG00000146414	-0.050042234838105215
ENSG00000153885	-0.0500787995769979
ENSG00000196810	-0.0501805397061309
ENSG00000170454	-0.05019133677716103
ENSG00000158636	-0.05022371852008789
ENSG00000118965	-0.05024425214280526
ENSG00000198963	-0.05025578501823824
ENSG00000204949	-0.050274939613904945
ENSG00000185009	-0.05034913417508635
ENSG00000105492	-0.05038879163287535
ENSG00000203668	-0.050397862967780704
ENSG00000109111	-0.05042235488094193
ENSG00000225670	-0.0504294167033108
ENSG00000165066	-0.0504341264764856
ENSG00000143398	-0.05047777816995669
ENSG00000163354	-0.05054142453981092
ENSG00000166770	-0.050568631173791956
ENSG00000198890	-0.05062154657350193
ENSG00000100991	-0.050676552434144595
ENSG00000225479	-0.05069186463391073
ENSG00000181585	-0.05072263755392026
ENSG00000166153	-0.05078788437038595
ENSG00000165006	-0.05082987626940927
ENSG00000130876	-0.05086010156375309
ENSG00000259153	-0.0508772446091833
ENSG00000132604	-0.050942684463269106
ENSG00000118407	-0.05094977158874425
ENSG00000234233	-0.051008245501992344
ENSG00000144712	-0.05101068153631394
ENSG00000145626	-0.051025809112886455
ENSG00000254682	-0.05105429779048776
ENSG00000152413	-0.05112597760125459
ENSG00000243230	-0.051246721702991604
ENSG00000164379	-0.051275769003986005
ENSG00000261286	-0.05129836194963411
ENSG00000183111	-0.0512992194537123
ENSG00000264026	-0.05130469241501312
ENSG00000173706	-0.05131197975754398
ENSG00000258851	-0.05133127475869681
ENSG00000172650	-0.05133153441739735
ENSG00000168685	-0.05136661125192821
ENSG00000272205	-0.05138237574218951
ENSG00000265496	-0.0514208589816505
ENSG00000271646	-0.05142658175132431
ENSG00000228782	-0.05143393024021381
ENSG00000134539	-0.05158022953705943
ENSG00000211973	-0.05159880701932695
ENSG00000105479	-0.051615168324062544
ENSG00000110660	-0.051646307457813734
ENSG00000267265	-0.05164730841204812
ENSG00000258679	-0.05165737491112388
ENSG00000272691	-0.05167093457104621
ENSG00000189120	-0.05169703788197233
ENSG00000173917	-0.05172385399743695
ENSG00000164306	-0.051782234009993156
ENSG00000211799	-0.051807163915248755
ENSG00000116704	-0.05185629796736135
ENSG00000253910	-0.051862667307248644
ENSG00000186716	-0.05187660576140585
ENSG00000075539	-0.051890025381333915
ENSG00000156650	-0.05190504713908728
ENSG00000072952	-0.05192452557104721
ENSG00000165861	-0.051924733079631524
ENSG00000196396	-0.05195768108594745
ENSG00000142920	-0.051960259013328125
ENSG00000227117	-0.051972820422542365
ENSG00000090104	-0.05203153083507739
ENSG00000106799	-0.05205775408029234
ENSG00000101665	-0.05206084331993832
ENSG00000178412	-0.05210357871183491
ENSG00000176273	-0.05211716499502361
ENSG00000258890	-0.052124138898358985
ENSG00000185420	-0.052136337433338786
ENSG00000003987	-0.05219201681467944
ENSG00000132821	-0.05220025740353207
ENSG00000164761	-0.05223491782815981
ENSG00000185860	-0.05231251913232726
ENSG00000257594	-0.05244611285680034
ENSG00000087152	-0.052454062766359666
ENSG00000255727	-0.05254754566106079
ENSG00000079385	-0.052556738569309536
ENSG00000137693	-0.05257002413687262
ENSG00000171421	-0.05261391585815034
ENSG00000256311	-0.052643667370044
ENSG00000198932	-0.05264946939382542
ENSG00000145687	-0.05265357266157911
ENSG00000197647	-0.052653889507257134
ENSG00000109787	-0.052656828648185994
ENSG00000175170	-0.0527486738373264
ENSG00000240694	-0.05282294120307762
ENSG00000140577	-0.05288949672432497
ENSG00000185339	-0.052898884052580475
ENSG00000165509	-0.052899931380360865
ENSG00000204241	-0.05292442838482614
ENSG00000164440	-0.05305112204162665
ENSG00000165702	-0.0530936609515994
ENSG00000233670	-0.053123079343913915
ENSG00000076604	-0.053133671391981
ENSG00000116525	-0.0531652576746221
ENSG00000259072	-0.053167936432981344
ENSG00000145217	-0.05319039663417391
ENSG00000134249	-0.053197807345943815
ENSG00000158555	-0.053221744031040186
ENSG00000178252	-0.05322398938238759
ENSG00000147121	-0.05326605119730177
ENSG00000060982	-0.05326695146057625
ENSG00000227188	-0.05327442008005323
ENSG00000148090	-0.05327509401983643
ENSG00000218336	-0.0532758405233702
ENSG00000197766	-0.05329111507309181
ENSG00000105732	-0.05333556629857006
ENSG00000179455	-0.05339358577005693
ENSG00000176473	-0.053447759087428603
ENSG00000136738	-0.05346036596209902
ENSG00000166435	-0.05351126276991702
ENSG00000230190	-0.0535149058745481
ENSG00000236780	-0.05357420951627989
ENSG00000108963	-0.05358720520620652
ENSG00000133789	-0.0536080873660052
ENSG00000136305	-0.05364064812572955
ENSG00000196620	-0.053659312308280804
ENSG00000260778	-0.053684002589031166
ENSG00000204396	-0.053689638669743744
ENSG00000188021	-0.0537028836015786
ENSG00000084731	-0.053715799869694436
ENSG00000170571	-0.05374167191320378
ENSG00000249451	-0.053756164941509366
ENSG00000261574	-0.053801959562211676
ENSG00000110375	-0.05380624663376743
ENSG00000185722	-0.05385197104191031
ENSG00000119457	-0.05386952615455598
ENSG00000172236	-0.05392371672705176
ENSG00000115368	-0.05392801920051993
ENSG00000267919	-0.05394539126806963
ENSG00000154007	-0.05396339335873501
ENSG00000053702	-0.05397026678513672
ENSG00000160218	-0.05402369930056039
ENSG00000160336	-0.05405406943139346
ENSG00000204118	-0.05409242948311499
ENSG00000185838	-0.05411543803721408
ENSG00000260578	-0.05411715166385067
ENSG00000099812	-0.05412226091558181
ENSG00000140545	-0.054168028500217735
ENSG00000187812	-0.054295191782511076
ENSG00000186300	-0.05430496313498678
ENSG00000204663	-0.05434640466215046
ENSG00000261342	-0.05435190499262532
ENSG00000197893	-0.054395552588554996
ENSG00000197912	-0.05442874867137226
ENSG00000254002	-0.05443695311468055
ENSG00000152443	-0.054453888850123366
ENSG00000270066	-0.05456627198655084
ENSG00000182931	-0.05458800857162549
ENSG00000156966	-0.05465763958571623
ENSG00000166455	-0.054667141617098736
ENSG00000182511	-0.0547068267097095
ENSG00000135862	-0.054718097711650926
ENSG00000152078	-0.054752464461712336
ENSG00000147162	-0.05477368468984256
ENSG00000205056	-0.05479172445872016
ENSG00000130766	-0.05483566617461466
ENSG00000255517	-0.05491533762962786
ENSG00000270792	-0.05495312260985208
ENSG00000196562	-0.05495449398415564
ENSG00000245532	-0.05498696225618016
ENSG00000168928	-0.054996701306273654
ENSG00000197498	-0.055045876932937055
ENSG00000225613	-0.055073175709878575
ENSG00000262180	-0.05509785267854106
ENSG00000120820	-0.05514293132817416
ENSG00000171450	-0.055166562111034656
ENSG00000170469	-0.05516956079795021
ENSG00000260182	-0.0551980354118532
ENSG00000095321	-0.05522610608782619
ENSG00000136859	-0.05527043627921735
ENSG00000174840	-0.055289424319703295
ENSG00000163064	-0.0552981987975959
ENSG00000134757	-0.05530138825445152
ENSG00000196912	-0.055331375196992605
ENSG00000085511	-0.055346597827189314
ENSG00000150667	-0.05537792794537666
ENSG00000255050	-0.05538688514268508
ENSG00000133424	-0.05546423533743938
ENSG00000228793	-0.05546901924191472
ENSG00000132530	-0.05546960426555647
ENSG00000087253	-0.05547183503789965
ENSG00000010932	-0.055505235409705755
ENSG00000176182	-0.05550668521340851
ENSG00000132199	-0.05553419721356301
ENSG00000141258	-0.05556372834515866
ENSG00000261399	-0.05559764783871868
ENSG00000106565	-0.05559831365562551
ENSG00000006062	-0.05560922895710707
ENSG00000213214	-0.055626820488317796
ENSG00000236423	-0.05565089201008755
ENSG00000121053	-0.05565472497227053
ENSG00000171763	-0.05566198009421652
ENSG00000096070	-0.0557302383489372
ENSG00000178882	-0.05577140763483068
ENSG00000114999	-0.05580514241599033
ENSG00000260274	-0.05580853710635314
ENSG00000145526	-0.05587268929331102
ENSG00000205832	-0.055875117212580094
ENSG00000221972	-0.05589676344913164
ENSG00000254685	-0.05590868339286137
ENSG00000258136	-0.05595110058680541
ENSG00000204538	-0.055973395881704024
ENSG00000148935	-0.05601480985719165
ENSG00000233493	-0.05604567378941738
ENSG00000225329	-0.05613390348240044
ENSG00000138792	-0.05621474244321978
ENSG00000221770	-0.05623299968220086
ENSG00000124019	-0.056422930016545525
ENSG00000142606	-0.056486513813294614
ENSG00000162551	-0.05654958827088452
ENSG00000243176	-0.05657220144638109
ENSG00000237728	-0.05659462278117389
ENSG00000171160	-0.056608673061582904
ENSG00000186150	-0.056613449444504416
ENSG00000170500	-0.05661438409676256
ENSG00000088881	-0.056616314373408416
ENSG00000164830	-0.056629233170518045
ENSG00000263142	-0.05663626309503822
ENSG00000237940	-0.056672309581762614
ENSG00000271259	-0.05669064837770377
ENSG00000255367	-0.05670657607487495
ENSG00000172367	-0.05680333677694982
ENSG00000106772	-0.05684213947898198
ENSG00000250988	-0.056849684776393294
ENSG00000196091	-0.05685143287409167
ENSG00000124532	-0.05685813732806966
ENSG00000137473	-0.05688627528313672
ENSG00000198221	-0.056901088234512676
ENSG00000183918	-0.056912390587833706
ENSG00000154511	-0.05692866477766034
ENSG00000167889	-0.05694363650228795
ENSG00000235523	-0.0569613394286248
ENSG00000214832	-0.057000194680589145
ENSG00000230002	-0.05703873115024338
ENSG00000054983	-0.05705963334676556
ENSG00000227403	-0.05707609805167535
ENSG00000172482	-0.05709864542499199
ENSG00000183340	-0.057123302482569804
ENSG00000112419	-0.0571252749841864
ENSG00000155508	-0.05713275184252864
ENSG00000167778	-0.05714759520703572
ENSG00000257815	-0.05714827604543016
ENSG00000261078	-0.05719481884670652
ENSG00000103160	-0.05722819716273009
ENSG00000136535	-0.057237158735400695
ENSG00000164211	-0.05725666123961437
ENSG00000110975	-0.05726146387823572
ENSG00000154122	-0.05731224880915109
ENSG00000146859	-0.05731559395567154
ENSG00000159640	-0.05732801846821156
ENSG00000162409	-0.05732946950624895
ENSG00000172932	-0.057334550136544205
ENSG00000182952	-0.057373604480092655
ENSG00000135709	-0.057478614020510466
ENSG00000090487	-0.05751003406368671
ENSG00000232821	-0.05753279872625239
ENSG00000264448	-0.057564783470028025
ENSG00000175785	-0.05757109280493955
ENSG00000167011	-0.05757110687273759
ENSG00000138795	-0.05758823915737521
ENSG00000164258	-0.057620192663417336
ENSG00000204138	-0.05767474053874955
ENSG00000117598	-0.057679844392032886
ENSG00000153485	-0.05768249459593944
ENSG00000175105	-0.05769060401599202
ENSG00000234965	-0.05770549086049204
ENSG00000230918	-0.05775833910632189
ENSG00000157833	-0.05778005360241345
ENSG00000070476	-0.05783293600974693
ENSG00000242908	-0.057865976671847674
ENSG00000125675	-0.05796407740002418
ENSG00000196428	-0.058008074643630336
ENSG00000157837	-0.05803120453973998
ENSG00000133026	-0.05806407153916682
ENSG00000133101	-0.05811376848080152
ENSG00000273403	-0.05816655018804873
ENSG00000172554	-0.05821265810739196
ENSG00000186510	-0.058223855746928566
ENSG00000268895	-0.05822651021378478
ENSG00000124939	-0.058226558145402785
ENSG00000146453	-0.058262132465937255
ENSG00000164086	-0.058271139287758955
ENSG00000264538	-0.05827164789308559
ENSG00000165030	-0.05830476869437906
ENSG00000101670	-0.05830674405279357
ENSG00000267454	-0.05832937655780601
ENSG00000261824	-0.05834699949934308
ENSG00000198246	-0.05836008222495259
ENSG00000185633	-0.058362190735232966
ENSG00000086062	-0.058387200652002647
ENSG00000144559	-0.05838800315309245
ENSG00000254580	-0.05842662515240504
ENSG00000114770	-0.05846820212364212
ENSG00000260236	-0.058491023932309316
ENSG00000184261	-0.058508305272772176
ENSG00000257542	-0.05851021191305439
ENSG00000063169	-0.05858199817615539
ENSG00000248859	-0.05862806499440254
ENSG00000259933	-0.05863700305708275
ENSG00000256053	-0.05868524229324801
ENSG00000167747	-0.058697061859199984
ENSG00000198039	-0.0587296330175795
ENSG00000138039	-0.05877278733107605
ENSG00000239194	-0.058792810373580195
ENSG00000180071	-0.05883749634009405
ENSG00000124209	-0.058861305423292265
ENSG00000273058	-0.05890440147598852
ENSG00000180730	-0.05894208609668716
ENSG00000155545	-0.05899510295007737
ENSG00000255920	-0.05900324530780554
ENSG00000100593	-0.0590061747454077
ENSG00000267058	-0.05901820198364416
ENSG00000115170	-0.05907652684033582
ENSG00000234634	-0.05913075671048862
ENSG00000272829	-0.05914323164325852
ENSG00000137731	-0.05916045347603127
ENSG00000139116	-0.0592382612550193
ENSG00000166716	-0.05925657743056223
ENSG00000227487	-0.05925801535952013
ENSG00000012174	-0.05927984499023298
ENSG00000183230	-0.05928061225964265
ENSG00000153684	-0.05928354625800114
ENSG00000188747	-0.059293077715895204
ENSG00000228606	-0.05930713682820632
ENSG00000186470	-0.059329662629083124
ENSG00000264808	-0.0593546419651505
ENSG00000202368	-0.059369221931420024
ENSG00000159516	-0.05937345200520883
ENSG00000172508	-0.05943636581638434
ENSG00000250120	-0.05944155955882424
ENSG00000107854	-0.05947332957521312
ENSG00000253633	-0.05949138642297491
ENSG00000174132	-0.05950107047930464
ENSG00000114812	-0.059502423381622815
ENSG00000115020	-0.05950401741622924
ENSG00000234912	-0.059554282214902776
ENSG00000154813	-0.05959548705461848
ENSG00000260981	-0.059641184633482114
ENSG00000105974	-0.059677329762054976
ENSG00000135744	-0.05971106350021205
ENSG00000217455	-0.059742545821419135
ENSG00000130540	-0.05975082257210762
ENSG00000185864	-0.05978514853699235
ENSG00000213424	-0.059880730952816874
ENSG00000117000	-0.05990252208936786
ENSG00000111412	-0.05990378000094665
ENSG00000177989	-0.05992532660872041
ENSG00000134815	-0.059952085066422245
ENSG00000273062	-0.060031837905564545
ENSG00000224851	-0.06003261728471221
ENSG00000169925	-0.060050365372585346
ENSG00000259438	-0.060080160286361206
ENSG00000158863	-0.060083487785537515
ENSG00000136261	-0.06008617280696105
ENSG00000161944	-0.06010269619748598
ENSG00000259478	-0.06014517082377491
ENSG00000109944	-0.06014897449635581
ENSG00000225383	-0.06016110739263236
ENSG00000164236	-0.060183956912576164
ENSG00000244265	-0.060185415432387535
ENSG00000070061	-0.06019946294614609
ENSG00000198033	-0.06022872333841833
ENSG00000146938	-0.060234229026544295
ENSG00000235366	-0.060255983307150096
ENSG00000185523	-0.06026773467849944
ENSG00000156500	-0.06034854624310204
ENSG00000270472	-0.06038729791056163
ENSG00000179151	-0.06047672531205939
ENSG00000120594	-0.060522178685273764
ENSG00000224730	-0.06052638511790942
ENSG00000165879	-0.060531656177070126
ENSG00000232093	-0.06053790652757329
ENSG00000101825	-0.06053865638255074
ENSG00000241186	-0.060625676083442714
ENSG00000261451	-0.06072764001929398
ENSG00000131044	-0.06073134518406831
ENSG00000141084	-0.06085210350370962
ENSG00000229891	-0.06085425020944679
ENSG00000157703	-0.06088171320234592
ENSG00000187758	-0.06088506003390404
ENSG00000054690	-0.06089452023536979
ENSG00000157741	-0.060913000264091965
ENSG00000110077	-0.060928765467232804
ENSG00000141574	-0.06098098606503477
ENSG00000005020	-0.060981708660587275
ENSG00000229766	-0.06107306130889556
ENSG00000180739	-0.061104812971838895
ENSG00000154493	-0.06112025449770586
ENSG00000260941	-0.06114516257663605
ENSG00000114473	-0.06120932933155199
ENSG00000188171	-0.061227116836308326
ENSG00000206503	-0.06124556260643432
ENSG00000253103	-0.06135146983154882
ENSG00000226031	-0.06135592715857008
ENSG00000112624	-0.061356115810138556
ENSG00000234444	-0.061357086254450244
ENSG00000113916	-0.06143062699738322
ENSG00000140807	-0.061454038089107765
ENSG00000146909	-0.06148346736348331
ENSG00000248441	-0.061485449973015305
ENSG00000147408	-0.06154247544747038
ENSG00000173638	-0.06156809663449281
ENSG00000147655	-0.061578942722546826
ENSG00000142789	-0.06159867730747837
ENSG00000099290	-0.061637837277245366
ENSG00000137752	-0.061705343706930704
ENSG00000092969	-0.0617811724131897
ENSG00000175147	-0.06179401852797961
ENSG00000120262	-0.061818484384674854
ENSG00000105072	-0.06190173697160395
ENSG00000273456	-0.061915567071499034
ENSG00000135945	-0.061958040252278246
ENSG00000092009	-0.061968677499318336
ENSG00000272396	-0.0620053167318132
ENSG00000182197	-0.062009640189063964
ENSG00000167740	-0.06203429323402687
ENSG00000226862	-0.062053559420822024
ENSG00000089902	-0.06209376985829507
ENSG00000137601	-0.06211116013673812
ENSG00000152661	-0.062166823833297635
ENSG00000077092	-0.062203950313717726
ENSG00000133878	-0.06221328565106854
ENSG00000100335	-0.062223834800337885
ENSG00000073067	-0.06228178239211113
ENSG00000141542	-0.06230266830452036
ENSG00000139737	-0.06234866498766145
ENSG00000185515	-0.062360196478073116
ENSG00000271862	-0.06238639085028741
ENSG00000269946	-0.06241629628045087
ENSG00000254018	-0.06242302761405527
ENSG00000240204	-0.06247285803775671
ENSG00000270426	-0.06252076104333626
ENSG00000139263	-0.06254790870062132
ENSG00000103404	-0.0625508348125422
ENSG00000163705	-0.06259601224228872
ENSG00000268471	-0.06260906185970083
ENSG00000198208	-0.06261176684078684
ENSG00000105127	-0.06265451113739062
ENSG00000169071	-0.06267142760331323
ENSG00000197841	-0.06270658754468417
ENSG00000272644	-0.06271948801981464
ENSG00000054116	-0.06272200878056389
ENSG00000128059	-0.0627260441348021
ENSG00000260123	-0.06276341581474842
ENSG00000121413	-0.06279140924222038
ENSG00000110200	-0.0628200219443622
ENSG00000183066	-0.06282897250267006
ENSG00000256560	-0.06283565289052839
ENSG00000198155	-0.06283720103072299
ENSG00000243543	-0.06285487817913471
ENSG00000112218	-0.06285623610046664
ENSG00000229212	-0.06288593005015697
ENSG00000248771	-0.06296964296656715
ENSG00000203772	-0.06297761546398017
ENSG00000138036	-0.06300126236689496
ENSG00000169758	-0.06300707368701519
ENSG00000076201	-0.06302420962328137
ENSG00000177613	-0.06310674920744552
ENSG00000241563	-0.06312637177510239
ENSG00000107719	-0.06312910885919776
ENSG00000113269	-0.063146033483224
ENSG00000174460	-0.06314975397104527
ENSG00000143643	-0.06315277006245135
ENSG00000158161	-0.06315986509440075
ENSG00000128573	-0.06316617742602326
ENSG00000236279	-0.06320657324929047
ENSG00000104332	-0.06320941620353371
ENSG00000205174	-0.06325280161560976
ENSG00000235863	-0.06327654990853726
ENSG00000168824	-0.06333996901419381
ENSG00000264885	-0.06334297257307853
ENSG00000058729	-0.06335467118128257
ENSG00000159023	-0.06337174560023795
ENSG00000137090	-0.06342198716397418
ENSG00000027001	-0.06343941620359983
ENSG00000169599	-0.06344622567511271
ENSG00000267750	-0.0635066174502057
ENSG00000172766	-0.0635199785969035
ENSG00000153064	-0.0635269409734901
ENSG00000171174	-0.06359740765787536
ENSG00000271964	-0.06361192411853034
ENSG00000211660	-0.06364861690494361
ENSG00000119403	-0.06365749739370508
ENSG00000168843	-0.06366508108709668
ENSG00000256725	-0.06371789030267005
ENSG00000175121	-0.063725183692381
ENSG00000260908	-0.06374369412327752
ENSG00000162444	-0.06376196449934146
ENSG00000111540	-0.06378529938846444
ENSG00000215483	-0.06380271688179506
ENSG00000076984	-0.06381058195579825
ENSG00000077984	-0.06391639864491672
ENSG00000186583	-0.0639259557792553
ENSG00000230733	-0.06396574440722713
ENSG00000168830	-0.06396828879180105
ENSG00000225554	-0.06397365992590476
ENSG00000178125	-0.06400370481994111
ENSG00000215246	-0.0640452846643933
ENSG00000124549	-0.06405583516412094
ENSG00000256196	-0.06405841022944192
ENSG00000139746	-0.06408403556191145
ENSG00000105866	-0.06408583815559243
ENSG00000090432	-0.06408909406735885
ENSG00000236914	-0.06411493876821406
ENSG00000105887	-0.06415767089123381
ENSG00000145715	-0.06418017706576296
ENSG00000255921	-0.06423605258377185
ENSG00000187094	-0.06424714505126805
ENSG00000077264	-0.06426196772323722
ENSG00000253736	-0.06427966291039222
ENSG00000257671	-0.06431746871168686
ENSG00000161328	-0.06432610351136903
ENSG00000186868	-0.06436090160149088
ENSG00000105143	-0.06437656085676913
ENSG00000214043	-0.064378243517486
ENSG00000117152	-0.06439647974043294
ENSG00000198964	-0.06439672901574978
ENSG00000228409	-0.06446872735965181
ENSG00000226445	-0.06448251071100164
ENSG00000265688	-0.06448861696275843
ENSG00000230082	-0.06449346590001293
ENSG00000107951	-0.06451677330962957
ENSG00000182405	-0.0645897304438261
ENSG00000100350	-0.06464209167556856
ENSG00000130300	-0.06465392816124216
ENSG00000168522	-0.06470745712194459
ENSG00000172432	-0.06471899779048229
ENSG00000260806	-0.06473608093189287
ENSG00000136250	-0.06481464774129686
ENSG00000198765	-0.0648314509909872
ENSG00000203877	-0.0648988047727812
ENSG00000081791	-0.06491609026908063
ENSG00000251442	-0.0649261578608703
ENSG00000164825	-0.06493904374781023
ENSG00000076108	-0.06493946413383855
ENSG00000211920	-0.0649525853527052
ENSG00000169429	-0.06496353225016349
ENSG00000173480	-0.06499688127602321
ENSG00000107186	-0.06500003619828787
ENSG00000267710	-0.06502641580302704
ENSG00000139832	-0.06506354797816893
ENSG00000224940	-0.0650655708031409
ENSG00000251391	-0.06507583960792773
ENSG00000271009	-0.06508985742744167
ENSG00000261436	-0.06509360965363742
ENSG00000238363	-0.06514244937629743
ENSG00000114784	-0.06517536713979555
ENSG00000223953	-0.06521472073725987
ENSG00000184489	-0.0652995501834599
ENSG00000131409	-0.06532006360195042
ENSG00000228427	-0.06533993467582822
ENSG00000254251	-0.0654068265942428
ENSG00000171105	-0.06546345575278811
ENSG00000213185	-0.06548589912920255
ENSG00000249419	-0.06551193587679516
ENSG00000100105	-0.06556535692805998
ENSG00000148602	-0.06558184364085129
ENSG00000139613	-0.06558915206551741
ENSG00000261728	-0.06561988762956061
ENSG00000268460	-0.06562912155142286
ENSG00000255326	-0.06568873184707513
ENSG00000183506	-0.06569403846876853
ENSG00000269067	-0.06571443184233816
ENSG00000157601	-0.06576474237503183
ENSG00000271347	-0.06576811142580219
ENSG00000211679	-0.06577938283860274
ENSG00000257585	-0.06580475413066189
ENSG00000168255	-0.06580811582835833
ENSG00000106524	-0.06585437935651839
ENSG00000131773	-0.065921039712175
ENSG00000185338	-0.06593113770356152
ENSG00000234614	-0.06593717752048778
ENSG00000254042	-0.06594121926301932
ENSG00000256812	-0.06594671939433372
ENSG00000188269	-0.0659467264281598
ENSG00000214553	-0.06594699866092779
ENSG00000095564	-0.06597352767868891
ENSG00000150712	-0.0659736353867365
ENSG00000001460	-0.06600627950459237
ENSG00000197555	-0.06602209757747823
ENSG00000164669	-0.06604463769944746
ENSG00000225313	-0.06610545883655772
ENSG00000235824	-0.06623342504509555
ENSG00000229267	-0.06623648137941218
ENSG00000231934	-0.06625960202671166
ENSG00000133985	-0.06631801360889544
ENSG00000231616	-0.0663251462922827
ENSG00000171403	-0.06635818276407657
ENSG00000228044	-0.06636081812935712
ENSG00000269998	-0.06636316666129138
ENSG00000260231	-0.06637707413801364
ENSG00000153558	-0.06643022655579611
ENSG00000167196	-0.06643495533274446
ENSG00000150977	-0.06643926316510829
ENSG00000204116	-0.0665632182674325
ENSG00000204520	-0.066652197231161
ENSG00000205449	-0.0666939475458378
ENSG00000148396	-0.06674302391949472
ENSG00000227043	-0.06676169173614477
ENSG00000234076	-0.06677866593811432
ENSG00000177822	-0.06683800431701026
ENSG00000242048	-0.06684570003224932
ENSG00000259717	-0.06685134509802848
ENSG00000066697	-0.06688320314302687
ENSG00000043143	-0.06692810758239953
ENSG00000251298	-0.06695190018430153
ENSG00000134627	-0.06699738184494519
ENSG00000103485	-0.06700537003645957
ENSG00000240889	-0.06701678993738569
ENSG00000147160	-0.0670170973170292
ENSG00000183242	-0.06703245039731476
ENSG00000108587	-0.06703844977891404
ENSG00000144736	-0.06704611051490594
ENSG00000184635	-0.06705882861275914
ENSG00000260698	-0.06713254599255758
ENSG00000183718	-0.06713895619947896
ENSG00000273257	-0.06720351196731034
ENSG00000119778	-0.06729589420687532
ENSG00000165816	-0.06730468847166182
ENSG00000228983	-0.06731638128580542
ENSG00000223768	-0.0673313272638657
ENSG00000238039	-0.06733510510428165
ENSG00000235173	-0.06734015024093576
ENSG00000234072	-0.06736008160715223
ENSG00000173517	-0.06739492662770008
ENSG00000153560	-0.06741830602214904
ENSG00000047457	-0.06745703176692652
ENSG00000226969	-0.06747056300331022
ENSG00000169683	-0.06747459876548656
ENSG00000228559	-0.06748431445058689
ENSG00000240583	-0.0674924090661091
ENSG00000249747	-0.06750761354368784
ENSG00000228340	-0.06751366252800328
ENSG00000269696	-0.067563901826595
ENSG00000137558	-0.06758354875687489
ENSG00000250132	-0.0675929425310049
ENSG00000168958	-0.06759983862208785
ENSG00000173261	-0.0676199002104283
ENSG00000101752	-0.0676352903657389
ENSG00000273382	-0.06764187844667502
ENSG00000262881	-0.06770659433201576
ENSG00000077935	-0.06770825930616153
ENSG00000259347	-0.06771884469260847
ENSG00000167548	-0.06772342268317177
ENSG00000161973	-0.06777473894249453
ENSG00000115738	-0.06777739468735555
ENSG00000254123	-0.06782618166729015
ENSG00000149201	-0.06785588988578706
ENSG00000133110	-0.06795229748563691
ENSG00000229522	-0.06795709892074842
ENSG00000130600	-0.06803790532684084
ENSG00000135457	-0.0681220507369964
ENSG00000073670	-0.06812955268322929
ENSG00000174123	-0.06815229906778952
ENSG00000270605	-0.06816653753530522
ENSG00000203739	-0.06818230733457198
ENSG00000259539	-0.068189573207873
ENSG00000224459	-0.06829812979279981
ENSG00000075234	-0.06830227284344681
ENSG00000074621	-0.0683028233567502
ENSG00000224441	-0.06830607710302017
ENSG00000224745	-0.06832470687068637
ENSG00000134201	-0.06835069088745827
ENSG00000261404	-0.06844705586043309
ENSG00000174885	-0.06845337376029625
ENSG00000173848	-0.06846124514623197
ENSG00000238358	-0.06848462772517483
ENSG00000110104	-0.06848826042817391
ENSG00000271851	-0.06850178482799085
ENSG00000169857	-0.06850836236184155
ENSG00000109929	-0.06851661962057831
ENSG00000103241	-0.06855305395811806
ENSG00000139352	-0.06858722692503649
ENSG00000122779	-0.0686039348891756
ENSG00000104983	-0.06864082397691351
ENSG00000258390	-0.0686761832738777
ENSG00000130045	-0.06867774976264451
ENSG00000130783	-0.06869862600879151
ENSG00000255197	-0.06873247328745657
ENSG00000139990	-0.06878214932508453
ENSG00000121446	-0.06882860584659467
ENSG00000105939	-0.06890434289856096
ENSG00000233570	-0.06894112996459267
ENSG00000149187	-0.06897319293502346
ENSG00000185127	-0.06897893942624223
ENSG00000260233	-0.06905486195078314
ENSG00000270147	-0.06906630195039598
ENSG00000166532	-0.0691264228681886
ENSG00000166501	-0.06914405614761643
ENSG00000269194	-0.06915575837993426
ENSG00000211952	-0.06916846497586226
ENSG00000100739	-0.06921299041491047
ENSG00000235770	-0.06921381272852378
ENSG00000183807	-0.06922111175049106
ENSG00000100360	-0.06928598770642513
ENSG00000204175	-0.06930530345998098
ENSG00000110169	-0.06935788695040379
ENSG00000163497	-0.06936647087635406
ENSG00000176783	-0.0693695474171584
ENSG00000117091	-0.069372067750329
ENSG00000064419	-0.06937660214338526
ENSG00000270661	-0.06939009454268819
ENSG00000124657	-0.06940253002363939
ENSG00000132517	-0.06944491872156111
ENSG00000236536	-0.06945541385071896
ENSG00000067365	-0.06950106908575604
ENSG00000092345	-0.06953661124867327
ENSG00000233527	-0.06954068156597337
ENSG00000207501	-0.06956323120525609
ENSG00000122188	-0.06956943138642069
ENSG00000135968	-0.06962076626349745
ENSG00000166825	-0.06962552460464622
ENSG00000163501	-0.06964988230154179
ENSG00000211893	-0.06966158903065611
ENSG00000203995	-0.06976646409375742
ENSG00000120675	-0.06980647049861954
ENSG00000113356	-0.06981677641990458
ENSG00000130055	-0.0698220507964975
ENSG00000119865	-0.06984069207349453
ENSG00000182253	-0.06984195807324989
ENSG00000136141	-0.06984606624722933
ENSG00000224046	-0.06985554050890241
ENSG00000158423	-0.06991296359501364
ENSG00000236133	-0.06996934319588566
ENSG00000171574	-0.07002776304169056
ENSG00000256923	-0.07003602594007086
ENSG00000141540	-0.07007553556463664
ENSG00000124449	-0.07008322920879151
ENSG00000168884	-0.07013532606559925
ENSG00000227502	-0.07017215517042397
ENSG00000184515	-0.0701751389595533
ENSG00000241155	-0.07019666698947169
ENSG00000258636	-0.07019848416204522
ENSG00000187672	-0.07022518395909993
ENSG00000224794	-0.0702596543114169
ENSG00000272905	-0.07028633609622881
ENSG00000125534	-0.07033679955835326
ENSG00000262877	-0.07042242831084466
ENSG00000148339	-0.07042478441199096
ENSG00000223931	-0.07054161820894589
ENSG00000211911	-0.0705417982133798
ENSG00000219410	-0.07064668387064998
ENSG00000152620	-0.07069282346485928
ENSG00000137714	-0.07073096371191911
ENSG00000186648	-0.0707337958751072
ENSG00000181004	-0.07074730337470658
ENSG00000073734	-0.07075098429093762
ENSG00000165953	-0.07077979657773625
ENSG00000185219	-0.07078889398860777
ENSG00000204977	-0.0708345816799536
ENSG00000185986	-0.07084574947467615
ENSG00000230709	-0.07087198526196692
ENSG00000183665	-0.07089182042075892
ENSG00000173812	-0.07092222784336266
ENSG00000171914	-0.07093636224752764
ENSG00000040633	-0.0709650059778667
ENSG00000180263	-0.07097082584404746
ENSG00000150967	-0.07099865577381603
ENSG00000269399	-0.07099925427052178
ENSG00000258302	-0.0710108853094158
ENSG00000225345	-0.07103100883913716
ENSG00000213071	-0.07103227364799558
ENSG00000178773	-0.07105266457047577
ENSG00000038427	-0.07107208839925971
ENSG00000131650	-0.07107386773988766
ENSG00000229043	-0.07109312633046128
ENSG00000103657	-0.07110456802729515
ENSG00000168811	-0.07113455743585606
ENSG00000132855	-0.07116111193063013
ENSG00000205683	-0.07129999227571338
ENSG00000215241	-0.07135176101972407
ENSG00000269985	-0.07136389188190106
ENSG00000235494	-0.07137463669691069
ENSG00000254812	-0.0713775699661423
ENSG00000250448	-0.07138552319569869
ENSG00000113494	-0.07143484377991949
ENSG00000175104	-0.07143602292269968
ENSG00000188483	-0.07144916925660694
ENSG00000212228	-0.07145397009246146
ENSG00000245958	-0.07148165836708631
ENSG00000101435	-0.07151511498562291
ENSG00000261183	-0.0715222528978453
ENSG00000184743	-0.07154622900977248
ENSG00000120942	-0.0715546030437586
ENSG00000182359	-0.07156663741854541
ENSG00000252759	-0.07162991222480686
ENSG00000184530	-0.0716375288468275
ENSG00000260077	-0.07164655105727613
ENSG00000006125	-0.07166707055749644
ENSG00000139572	-0.07166908484532464
ENSG00000270589	-0.07171771356448586
ENSG00000254300	-0.07173565443096475
ENSG00000215114	-0.07175132468481504
ENSG00000243753	-0.07176329532096726
ENSG00000165471	-0.07177582691048678
ENSG00000137216	-0.07179515349016774
ENSG00000172073	-0.07180228504444541
ENSG00000181126	-0.07185090699202967
ENSG00000264695	-0.07187707087428619
ENSG00000225497	-0.07188267308709217
ENSG00000258066	-0.07189996148491129
ENSG00000234477	-0.07191706909536577
ENSG00000112175	-0.07205864794534034
ENSG00000228680	-0.07206821882307379
ENSG00000241983	-0.0720796755739882
ENSG00000254239	-0.07209052190656617
ENSG00000259972	-0.07211076010175854
ENSG00000266397	-0.07212228741949456
ENSG00000132749	-0.07213220213701066
ENSG00000020922	-0.07213224274683883
ENSG00000166819	-0.07220221186912701
ENSG00000266542	-0.07221398695340764
ENSG00000229151	-0.07225679235740412
ENSG00000125733	-0.07229132808483107
ENSG00000163684	-0.07232834833134849
ENSG00000136231	-0.07234500044905567
ENSG00000124151	-0.07237657604965475
ENSG00000238156	-0.07241234824477871
ENSG00000074803	-0.07247940081713544
ENSG00000236036	-0.0725021368023514
ENSG00000259082	-0.0725409979902758
ENSG00000229547	-0.07258103635850499
ENSG00000180316	-0.07258606507370835
ENSG00000259351	-0.07259256872211894
ENSG00000246263	-0.07265021423068119
ENSG00000139718	-0.07266261327420032
ENSG00000187398	-0.07269050317594361
ENSG00000122679	-0.07271038419527442
ENSG00000176887	-0.07272770675533735
ENSG00000204209	-0.0727798894772883
ENSG00000165650	-0.07279545463904269
ENSG00000057468	-0.07281785769839744
ENSG00000214274	-0.07281980316911041
ENSG00000251002	-0.07284351585481674
ENSG00000134028	-0.07289244474927092
ENSG00000271576	-0.07290289189747834
ENSG00000131015	-0.07295549202415996
ENSG00000112280	-0.07298093106853065
ENSG00000239839	-0.07299040315290029
ENSG00000081041	-0.07301174195452897
ENSG00000128513	-0.07302710842863391
ENSG00000211964	-0.07309477628467143
ENSG00000183273	-0.07310178781621801
ENSG00000272655	-0.07315515674670436
ENSG00000227045	-0.07317104649154127
ENSG00000173372	-0.07317183419356477
ENSG00000143179	-0.07318060773593227
ENSG00000115318	-0.07319604406746005
ENSG00000223313	-0.07321041941021211
ENSG00000178075	-0.07323223274375934
ENSG00000213927	-0.07326328047941033
ENSG00000168936	-0.07328114652813178
ENSG00000130037	-0.07329783414509672
ENSG00000214514	-0.07329790080534082
ENSG00000018869	-0.07334075481814561
ENSG00000138152	-0.07334094218070475
ENSG00000261260	-0.07335119967286441
ENSG00000160049	-0.0733529067372406
ENSG00000173728	-0.07338570273600709
ENSG00000261257	-0.07341783004875335
ENSG00000015285	-0.0734190309093049
ENSG00000099821	-0.07353793766244199
ENSG00000232098	-0.0735565501075317
ENSG00000163378	-0.07355818054712504
ENSG00000169871	-0.0735589426770582
ENSG00000260464	-0.0735641194861899
ENSG00000272142	-0.07361458440943325
ENSG00000111364	-0.0736452793796144
ENSG00000135249	-0.07368535282206934
ENSG00000152359	-0.07369930615601916
ENSG00000137819	-0.07376956228830278
ENSG00000175985	-0.07377697929084137
ENSG00000154237	-0.07385394991896477
ENSG00000105810	-0.0738988227275319
ENSG00000263004	-0.07390210479269377
ENSG00000156427	-0.07394663287259984
ENSG00000237125	-0.07395184939775556
ENSG00000154727	-0.07396239191181253
ENSG00000189139	-0.07399360320667714
ENSG00000158483	-0.07401520203228318
ENSG00000152430	-0.07407973743660778
ENSG00000119314	-0.07408539475549158
ENSG00000171772	-0.074133544798623
ENSG00000228172	-0.07414419277536433
ENSG00000187170	-0.07424286740228037
ENSG00000267107	-0.07426060431026982
ENSG00000265148	-0.07431769298824742
ENSG00000180210	-0.07432906995249455
ENSG00000173041	-0.07440709300325343
ENSG00000143494	-0.07441470142817608
ENSG00000230015	-0.07443894578998289
ENSG00000104833	-0.0744514752619918
ENSG00000142330	-0.07456220929479063
ENSG00000169946	-0.07457696256698987
ENSG00000186866	-0.07458001935453273
ENSG00000170396	-0.07458323849679382
ENSG00000253147	-0.07458401896843836
ENSG00000224017	-0.07459218275630608
ENSG00000086189	-0.07460861867546864
ENSG00000257718	-0.07463440837979496
ENSG00000261051	-0.07463954290231756
ENSG00000215014	-0.07464562065737168
ENSG00000273123	-0.07469994777932099
ENSG00000137875	-0.07471181047068287
ENSG00000068784	-0.07471650341176339
ENSG00000156049	-0.0747500992246064
ENSG00000198799	-0.0748117128647281
ENSG00000179833	-0.07482683366439868
ENSG00000139220	-0.07487162872800734
ENSG00000156284	-0.07487356757249963
ENSG00000142544	-0.07488179312223353
ENSG00000086544	-0.074891868833463
ENSG00000148175	-0.07499165344058145
ENSG00000245466	-0.0750046477891001
ENSG00000110925	-0.07501510414509638
ENSG00000127337	-0.07503648105359362
ENSG00000240505	-0.07504336658886823
ENSG00000255332	-0.07505203982618447
ENSG00000168159	-0.07508095669239478
ENSG00000269793	-0.07510030789048017
ENSG00000119471	-0.07510123016952797
ENSG00000125968	-0.07510256056632625
ENSG00000231365	-0.07510854682542256
ENSG00000183840	-0.07513381482781223
ENSG00000259430	-0.0751795913172505
ENSG00000188419	-0.07519847204291485
ENSG00000224209	-0.07530746528640253
ENSG00000161040	-0.07532068659928048
ENSG00000124253	-0.07532242670366907
ENSG00000185187	-0.0753251650547585
ENSG00000251574	-0.07536625532784447
ENSG00000132141	-0.07538479425072742
ENSG00000179918	-0.0754719818436912
ENSG00000135211	-0.07547425178144196
ENSG00000104866	-0.07548272720939864
ENSG00000099381	-0.07548526519852827
ENSG00000011405	-0.07557167011191934
ENSG00000105556	-0.07558413080022364
ENSG00000259172	-0.07561235110803544
ENSG00000074370	-0.07561526849077915
ENSG00000006042	-0.07568967259440673
ENSG00000232810	-0.07571076563493817
ENSG00000166575	-0.07573118796191336
ENSG00000106128	-0.07574353711823445
ENSG00000174405	-0.07575026655993211
ENSG00000168003	-0.07575760882708316
ENSG00000251321	-0.07576023256317743
ENSG00000271533	-0.07578816893588525
ENSG00000260260	-0.07581124950136431
ENSG00000262766	-0.07583468857866416
ENSG00000160299	-0.07584211013831166
ENSG00000144224	-0.07585687741082237
ENSG00000174233	-0.07586899249257217
ENSG00000137843	-0.07587274765162277
ENSG00000255120	-0.07588863998925954
ENSG00000138785	-0.07589135180791329
ENSG00000129347	-0.07595011067275825
ENSG00000188158	-0.07597136365062296
ENSG00000101115	-0.07598090855888306
ENSG00000229019	-0.07599582997263932
ENSG00000251279	-0.07599843840831055
ENSG00000258733	-0.07601574274401868
ENSG00000273350	-0.07607649725560561
ENSG00000224825	-0.07609766377732963
ENSG00000182963	-0.07615517062441168
ENSG00000167302	-0.07618429467601795
ENSG00000272950	-0.07619326250080238
ENSG00000184388	-0.07620862090816471
ENSG00000011566	-0.07623936118138464
ENSG00000259065	-0.07627601202824075
ENSG00000163798	-0.07629354184756088
ENSG00000213066	-0.07635108538090285
ENSG00000137573	-0.07638349895311469
ENSG00000137814	-0.07645543407039146
ENSG00000258959	-0.07647542878054325
ENSG00000226304	-0.07649376049590106
ENSG00000124198	-0.07652086389644397
ENSG00000132677	-0.07654088228718592
ENSG00000007341	-0.07654670563285282
ENSG00000248107	-0.0765514458637967
ENSG00000048471	-0.07657341051679756
ENSG00000126070	-0.07659467843240253
ENSG00000231204	-0.07666307128172956
ENSG00000121966	-0.07671478815691068
ENSG00000111335	-0.07671782846901243
ENSG00000123689	-0.07687563064416092
ENSG00000211592	-0.07688513492916227
ENSG00000260063	-0.0768957212128113
ENSG00000255160	-0.07693465151970202
ENSG00000256982	-0.07694612933402734
ENSG00000223749	-0.07702953513019772
ENSG00000248399	-0.07703104133406746
ENSG00000272971	-0.07705331677842076
ENSG00000138411	-0.07706095716903749
ENSG00000185049	-0.07708477680388981
ENSG00000258702	-0.07711256380187237
ENSG00000235865	-0.07712947700469142
ENSG00000171858	-0.07715625724032882
ENSG00000184838	-0.07716261405331504
ENSG00000006715	-0.07721659602514397
ENSG00000162399	-0.07723887154671982
ENSG00000172915	-0.07725014593774171
ENSG00000159842	-0.07727745694209087
ENSG00000135702	-0.07733655461922417
ENSG00000061455	-0.07734073320155577
ENSG00000172986	-0.07735179677051585
ENSG00000120616	-0.0773521011588022
ENSG00000115085	-0.0773596804785468
ENSG00000112769	-0.07737820264001749
ENSG00000148156	-0.07742295027008073
ENSG00000269752	-0.0774755467575029
ENSG00000134748	-0.07748949670188376
ENSG00000225231	-0.07751083936676084
ENSG00000223350	-0.07756720769496395
ENSG00000214135	-0.07758827792374634
ENSG00000259820	-0.07761476479469831
ENSG00000238097	-0.07761777158689676
ENSG00000251602	-0.07763592958028243
ENSG00000260693	-0.07764316458070819
ENSG00000196449	-0.07772341396006344
ENSG00000259584	-0.0777906516888831
ENSG00000125810	-0.07787799004093188
ENSG00000130803	-0.07788423420228596
ENSG00000251131	-0.07789448755043016
ENSG00000255299	-0.07793363742149728
ENSG00000101230	-0.07798272232264813
ENSG00000249364	-0.0780209331660866
ENSG00000231255	-0.07810117955218909
ENSG00000132330	-0.07812396591567372
ENSG00000233325	-0.07814834544744631
ENSG00000006555	-0.0782526837836206
ENSG00000196865	-0.07826743515163814
ENSG00000185847	-0.07828644579272437
ENSG00000123329	-0.07828668927640714
ENSG00000141437	-0.0783065090621039
ENSG00000270061	-0.07833279517424896
ENSG00000171402	-0.07835686549402454
ENSG00000269553	-0.07840168510658363
ENSG00000232688	-0.07842693974883108
ENSG00000226648	-0.07844233909786202
ENSG00000169087	-0.07844542685127431
ENSG00000171453	-0.07846011613252413
ENSG00000235652	-0.07857676132330671
ENSG00000266075	-0.07858793834370592
ENSG00000244067	-0.07859584433936873
ENSG00000197616	-0.07861461286581517
ENSG00000171951	-0.07864477174118578
ENSG00000226900	-0.07866049143949139
ENSG00000173960	-0.07869559454309305
ENSG00000146834	-0.07874972099677358
ENSG00000259498	-0.07876281448458866
ENSG00000255150	-0.07877592039272951
ENSG00000146147	-0.0788143248570704
ENSG00000122335	-0.07883044356761892
ENSG00000100427	-0.07884604733463096
ENSG00000160214	-0.07885407749715367
ENSG00000178665	-0.0789065493679707
ENSG00000204866	-0.07891210112811131
ENSG00000224387	-0.07891857336088592
ENSG00000122180	-0.07891960729981873
ENSG00000008083	-0.07892405373771982
ENSG00000137710	-0.07892939934417875
ENSG00000137449	-0.07893247111259127
ENSG00000171169	-0.07893475002406303
ENSG00000226877	-0.07894566870443931
ENSG00000130202	-0.07895395966713148
ENSG00000243319	-0.07897206664419487
ENSG00000197077	-0.07897966198099393
ENSG00000226985	-0.0790193531120541
ENSG00000142303	-0.07907022157527177
ENSG00000080823	-0.07907546316806102
ENSG00000234420	-0.07909542892533605
ENSG00000118113	-0.07913328928850372
ENSG00000272008	-0.0791795263021623
ENSG00000138095	-0.07919145484242007
ENSG00000267299	-0.07924059895999602
ENSG00000273492	-0.07927346570742588
ENSG00000129204	-0.07928359596696122
ENSG00000149256	-0.07930644218367078
ENSG00000157107	-0.07931928528874344
ENSG00000114805	-0.07934411519806495
ENSG00000264667	-0.07938168037873283
ENSG00000120903	-0.07940802285402238
ENSG00000253163	-0.0794853993761846
ENSG00000127578	-0.07948916251991356
ENSG00000169194	-0.0794899284597691
ENSG00000178974	-0.07949367903324056
ENSG00000108773	-0.07950276552234226
ENSG00000170426	-0.07952960123422359
ENSG00000228106	-0.07954663773299842
ENSG00000269915	-0.07958961211510984
ENSG00000116151	-0.07962972205945607
ENSG00000265369	-0.07963024994580326
ENSG00000170011	-0.07967037379625119
ENSG00000134020	-0.0797001143261663
ENSG00000230651	-0.07971014876269733
ENSG00000099910	-0.07971543853732999
ENSG00000204525	-0.07972499332335736
ENSG00000133103	-0.07980149876720066
ENSG00000171853	-0.07985445159825033
ENSG00000185101	-0.07986391551465755
ENSG00000196313	-0.07986912097434784
ENSG00000198783	-0.0798723872580066
ENSG00000108669	-0.07989016315460917
ENSG00000161542	-0.07993763755253724
ENSG00000140396	-0.07994497696973091
ENSG00000177303	-0.07995184324678162
ENSG00000096746	-0.07999221263217371
ENSG00000246560	-0.08004383981340635
ENSG00000232117	-0.0800577881560397
ENSG00000096717	-0.08006081685940003
ENSG00000108848	-0.08007324528672022
ENSG00000164362	-0.08009893193645634
ENSG00000148200	-0.08010739105629938
ENSG00000214198	-0.08011128123351008
ENSG00000112212	-0.08011690264234328
ENSG00000136352	-0.08012586918493292
ENSG00000270482	-0.08018962750386005
ENSG00000090512	-0.08024233062273756
ENSG00000100084	-0.0802490167441895
ENSG00000236499	-0.08025550646067903
ENSG00000266290	-0.0802674542680607
ENSG00000205758	-0.08034533299508706
ENSG00000230873	-0.08036571646056245
ENSG00000177951	-0.08038509484428846
ENSG00000113600	-0.0803984191236965
ENSG00000272129	-0.08039986820620393
ENSG00000224413	-0.08043299750414856
ENSG00000213689	-0.08044497342071655
ENSG00000226237	-0.08045603524277523
ENSG00000269124	-0.08045686180974454
ENSG00000157399	-0.08046443977834494
ENSG00000170190	-0.08048265406166955
ENSG00000101353	-0.0804987923016185
ENSG00000273489	-0.08057309645374244
ENSG00000135426	-0.08057770502186778
ENSG00000099940	-0.0806000989216783
ENSG00000165716	-0.08060095125630518
ENSG00000055147	-0.08069543203767682
ENSG00000261996	-0.08070927739468081
ENSG00000168143	-0.08080020044461889
ENSG00000251410	-0.08080660130663808
ENSG00000249115	-0.08084260204397664
ENSG00000196632	-0.08085082774865093
ENSG00000229703	-0.08087660276094966
ENSG00000143333	-0.08090083196781228
ENSG00000140107	-0.08090286253300427
ENSG00000116001	-0.08092056834089656
ENSG00000197816	-0.08093761482397555
ENSG00000272853	-0.0809397434823611
ENSG00000164822	-0.08097487517197488
ENSG00000250592	-0.0810152529501672
ENSG00000087157	-0.08106895907382261
ENSG00000235481	-0.0811016842426292
ENSG00000174165	-0.0811091844411147
ENSG00000269919	-0.08110931668455978
ENSG00000223653	-0.08111595031193375
ENSG00000215712	-0.08116180415751328
ENSG00000152936	-0.08120616830672345
ENSG00000197943	-0.08121650672313385
ENSG00000187193	-0.08124005562812142
ENSG00000147689	-0.08127384731851173
ENSG00000084764	-0.08128267897658847
ENSG00000158796	-0.08130036698593657
ENSG00000227068	-0.08130710440445632
ENSG00000115252	-0.08130818135524387
ENSG00000156603	-0.08131406764298643
ENSG00000031691	-0.08132678357614909
ENSG00000223446	-0.0813558935700679
ENSG00000163818	-0.08138901765008932
ENSG00000186481	-0.08139762554357122
ENSG00000170276	-0.08146410244276225
ENSG00000163482	-0.08149815126011506
ENSG00000200385	-0.08150606364510837
ENSG00000225083	-0.08159784335212061
ENSG00000179213	-0.08161193148212342
ENSG00000169550	-0.0816265854890732
ENSG00000166860	-0.08164838346832803
ENSG00000187533	-0.08168015452417199
ENSG00000186197	-0.08173771513227901
ENSG00000073849	-0.08176027125505259
ENSG00000146221	-0.08184364847811165
ENSG00000182348	-0.08186396673863383
ENSG00000226496	-0.08191386488767871
ENSG00000266312	-0.08199935459161001
ENSG00000229873	-0.08200940848838167
ENSG00000186141	-0.08201065099701188
ENSG00000262209	-0.08201182548125496
ENSG00000117335	-0.08203383519003449
ENSG00000235519	-0.08206187138524657
ENSG00000145911	-0.08207858308290894
ENSG00000012223	-0.08208309917263856
ENSG00000178172	-0.08209458937616276
ENSG00000229893	-0.08210460795362062
ENSG00000272933	-0.08215437520836721
ENSG00000176946	-0.08219637815475167
ENSG00000127329	-0.08220313283592817
ENSG00000101000	-0.08225711126517388
ENSG00000149735	-0.08229867991162765
ENSG00000135763	-0.08233953177805231
ENSG00000143702	-0.08235947658981146
ENSG00000150540	-0.08236063885352674
ENSG00000272269	-0.08236365390348355
ENSG00000106266	-0.08236453364076313
ENSG00000161265	-0.08241359353229372
ENSG00000261386	-0.08251088912035465
ENSG00000146535	-0.08252732467337731
ENSG00000099804	-0.0825535915902269
ENSG00000181847	-0.08255497599077766
ENSG00000197756	-0.08257286314006029
ENSG00000253551	-0.08260443426515895
ENSG00000183495	-0.0826573311140747
ENSG00000211747	-0.08272339810927998
ENSG00000170631	-0.08272590288170956
ENSG00000265055	-0.08272718985348926
ENSG00000231473	-0.08278461259356484
ENSG00000258366	-0.08279514901613194
ENSG00000154162	-0.0828214153107143
ENSG00000004961	-0.08282489671326898
ENSG00000138315	-0.08287599663955592
ENSG00000180720	-0.08300277231090547
ENSG00000092871	-0.0830374722942806
ENSG00000229334	-0.0830889528567138
ENSG00000140104	-0.08309035919824315
ENSG00000183421	-0.08324497172813317
ENSG00000090447	-0.08325274234755009
ENSG00000182580	-0.08327317274880641
ENSG00000101198	-0.08329062053168024
ENSG00000163235	-0.08332453806273676
ENSG00000250626	-0.08336803943597604
ENSG00000260400	-0.08343635516327574
ENSG00000140285	-0.08345176741101479
ENSG00000236497	-0.08349571406515233
ENSG00000119397	-0.08350335248186791
ENSG00000070159	-0.08351895331600212
ENSG00000188026	-0.08353197157960268
ENSG00000187824	-0.08357441559561862
ENSG00000042317	-0.08357897817789861
ENSG00000230090	-0.0836078421105021
ENSG00000051382	-0.08374001690628285
ENSG00000214860	-0.08375406652069173
ENSG00000160908	-0.08378530814724139
ENSG00000103168	-0.0837931698005413
ENSG00000127533	-0.08383391252653494
ENSG00000258274	-0.08383623128430961
ENSG00000265519	-0.0838403596796139
ENSG00000214338	-0.0838781138556991
ENSG00000111907	-0.08389309806395406
ENSG00000215190	-0.08390060681500233
ENSG00000272575	-0.0839502742282282
ENSG00000134207	-0.08399259939100379
ENSG00000086758	-0.08402349097192585
ENSG00000120949	-0.0840434737269371
ENSG00000189042	-0.0840577385428406
ENSG00000249087	-0.08405943278765837
ENSG00000180357	-0.08406515894783195
ENSG00000228290	-0.084087376482882
ENSG00000143614	-0.0840980459661479
ENSG00000112578	-0.08411307237873744
ENSG00000163811	-0.08414875169382374
ENSG00000154917	-0.08415072231672438
ENSG00000173389	-0.08416970563939319
ENSG00000203688	-0.08419276938548448
ENSG00000225190	-0.08419942985123885
ENSG00000148843	-0.08422818027972478
ENSG00000229186	-0.0842616978001145
ENSG00000189299	-0.08427927380937072
ENSG00000273162	-0.084282663197223
ENSG00000135537	-0.08429084346831373
ENSG00000132286	-0.08429744810567441
ENSG00000260005	-0.08429953687519087
ENSG00000162460	-0.08435742381901357
ENSG00000169018	-0.0843883180396392
ENSG00000086506	-0.08445860346967093
ENSG00000173894	-0.08447444922309011
ENSG00000186487	-0.08449997562405498
ENSG00000198502	-0.0845231499848923
ENSG00000184709	-0.08454205224152311
ENSG00000267215	-0.08459842130151196
ENSG00000143919	-0.08460172016470868
ENSG00000140400	-0.08464905640128895
ENSG00000181085	-0.08465732178084873
ENSG00000252355	-0.08472063038473565
ENSG00000145428	-0.0847305042406441
ENSG00000228775	-0.08473496742285624
ENSG00000267784	-0.08476978758413456
ENSG00000235159	-0.08477787821584504
ENSG00000013573	-0.08477929426906172
ENSG00000269321	-0.08486654668371574
ENSG00000124749	-0.08493906003960561
ENSG00000079112	-0.0849593464717393
ENSG00000226051	-0.08496813232336209
ENSG00000183196	-0.08497556502584291
ENSG00000182795	-0.08504632194798567
ENSG00000099338	-0.08507989707101948
ENSG00000144791	-0.08508750504625506
ENSG00000174837	-0.0851164205175513
ENSG00000166183	-0.08515892996163332
ENSG00000255714	-0.08521572000587396
ENSG00000224077	-0.08522216273867511
ENSG00000152804	-0.08526446380689379
ENSG00000272593	-0.08530988524875271
ENSG00000166788	-0.08533959309944994
ENSG00000238113	-0.08535725671111649
ENSG00000102387	-0.08539914938585635
ENSG00000111266	-0.0854739441448934
ENSG00000230937	-0.08547573458091284
ENSG00000260996	-0.08548163344214299
ENSG00000176842	-0.08548692136583103
ENSG00000232545	-0.08549952978651487
ENSG00000107968	-0.08552504212924794
ENSG00000222043	-0.08561682644182111
ENSG00000112394	-0.08568416089586062
ENSG00000139132	-0.0856923919276863
ENSG00000205015	-0.08570550425502366
ENSG00000158435	-0.08584684839231072
ENSG00000119318	-0.08588581998236866
ENSG00000096872	-0.08589715228403305
ENSG00000213471	-0.0858981987902232
ENSG00000257495	-0.08590510380080485
ENSG00000266473	-0.08590904452147186
ENSG00000163453	-0.08593043404870815
ENSG00000138135	-0.08593352540273436
ENSG00000228536	-0.08593569409248913
ENSG00000165084	-0.08596766978175585
ENSG00000134014	-0.08602253887688904
ENSG00000148660	-0.08602675360301859
ENSG00000225738	-0.08603542853287505
ENSG00000016402	-0.08604037123808839
ENSG00000163467	-0.08606868236483967
ENSG00000211966	-0.0860796960352761
ENSG00000143303	-0.08612096726795204
ENSG00000269514	-0.08613136695527779
ENSG00000079999	-0.08617795656161831
ENSG00000139970	-0.08618916670899202
ENSG00000140153	-0.08619270928697453
ENSG00000197312	-0.08620756931753304
ENSG00000184277	-0.08622144648663232
ENSG00000155657	-0.08623663782462687
ENSG00000100031	-0.08627172442639808
ENSG00000196431	-0.08628981733055696
ENSG00000108641	-0.08629756188723614
ENSG00000152056	-0.08638312898817357
ENSG00000231789	-0.08639408974273644
ENSG00000171962	-0.08640599826274242
ENSG00000116584	-0.08641150306574708
ENSG00000141867	-0.08643734280835136
ENSG00000225424	-0.08644078676720657
ENSG00000232876	-0.08648770100212022
ENSG00000071794	-0.08649743565748591
ENSG00000103111	-0.0865402241060087
ENSG00000186001	-0.08657007566289499
ENSG00000135297	-0.08659457154965733
ENSG00000249102	-0.08661214236483417
ENSG00000165182	-0.08662052187243874
ENSG00000175600	-0.08662366569867641
ENSG00000162402	-0.08662573621600822
ENSG00000163207	-0.0866438288963286
ENSG00000273297	-0.0866467304688634
ENSG00000266777	-0.08671092556513293
ENSG00000237441	-0.08673598501344815
ENSG00000198718	-0.0868270241766943
ENSG00000161551	-0.0868353572201559
ENSG00000138030	-0.0868668110516061
ENSG00000211692	-0.08687202045079867
ENSG00000231163	-0.08690194709606003
ENSG00000235631	-0.08690915610119909
ENSG00000133943	-0.08691055043485707
ENSG00000272512	-0.08693986843857215
ENSG00000039123	-0.08703313791963152
ENSG00000120860	-0.08705221111455375
ENSG00000128915	-0.08705368041813388
ENSG00000259668	-0.08707017237514425
ENSG00000141034	-0.08707809765783248
ENSG00000251151	-0.08709104223351138
ENSG00000196678	-0.08709809794903212
ENSG00000163281	-0.08709818812517267
ENSG00000125409	-0.0871376317179634
ENSG00000102804	-0.08714800377412557
ENSG00000187650	-0.08716181855117533
ENSG00000250320	-0.08718721827576081
ENSG00000204366	-0.08720044631633228
ENSG00000173193	-0.08720843129398614
ENSG00000237813	-0.08721189198645973
ENSG00000135905	-0.08726442073035856
ENSG00000224086	-0.08728590959147164
ENSG00000164296	-0.08728924074640776
ENSG00000237575	-0.08729651797326465
ENSG00000196597	-0.0873225529746866
ENSG00000197568	-0.08735942380800499
ENSG00000081138	-0.0873720337740751
ENSG00000151704	-0.08739859411667772
ENSG00000100523	-0.08748026433250111
ENSG00000273301	-0.08751796474109808
ENSG00000182957	-0.08752121904041821
ENSG00000105270	-0.08753282688335784
ENSG00000231256	-0.08755010986958489
ENSG00000259150	-0.08757314119830173
ENSG00000170260	-0.0876000422046539
ENSG00000243910	-0.08762048403348088
ENSG00000223496	-0.08763035969858735
ENSG00000118197	-0.08763378287451229
ENSG00000179136	-0.08765181684354495
ENSG00000168066	-0.08767427710948039
ENSG00000107937	-0.08772030864494973
ENSG00000125703	-0.08773425237421428
ENSG00000272583	-0.08773622094714262
ENSG00000151632	-0.08774678849221362
ENSG00000102606	-0.0877546203900631
ENSG00000267287	-0.08782551453087406
ENSG00000248429	-0.08786865131863864
ENSG00000196151	-0.08787421712034282
ENSG00000043462	-0.08787576525179597
ENSG00000198839	-0.08790178775796398
ENSG00000148840	-0.0879023325538918
ENSG00000221978	-0.08790325611783734
ENSG00000170854	-0.08792286861827225
ENSG00000152127	-0.08794925170265033
ENSG00000157933	-0.08799651841846723
ENSG00000083812	-0.08801675456350455
ENSG00000232633	-0.088062272256475
ENSG00000236502	-0.08810319722817661
ENSG00000270999	-0.08810538709798266
ENSG00000233008	-0.08810728522466116
ENSG00000164841	-0.08812532017493202
ENSG00000142959	-0.08813775409420976
ENSG00000174428	-0.08815937077049796
ENSG00000155974	-0.08816981992223505
ENSG00000263065	-0.08820073281103957
ENSG00000227290	-0.08822015792572613
ENSG00000136895	-0.08824493955728985
ENSG00000155189	-0.08825622932138655
ENSG00000166840	-0.0882618903773188
ENSG00000151151	-0.08828689165494485
ENSG00000183864	-0.08830136446254466
ENSG00000204131	-0.08830772818053556
ENSG00000182866	-0.08830851870426415
ENSG00000237282	-0.08831033872704586
ENSG00000125351	-0.08833980860038582
ENSG00000124444	-0.08834043045413065
ENSG00000080709	-0.08835681423990838
ENSG00000270177	-0.08836696581449932
ENSG00000147183	-0.08839551384756261
ENSG00000221882	-0.08840278820834158
ENSG00000270419	-0.08843986000497794
ENSG00000196611	-0.0884492553359435
ENSG00000272321	-0.0884616632906351
ENSG00000225963	-0.08854556740730668
ENSG00000168672	-0.08855106511770672
ENSG00000178947	-0.08855417896093487
ENSG00000143624	-0.08856187525539538
ENSG00000135604	-0.08856615855415362
ENSG00000151812	-0.08870141135201948
ENSG00000090975	-0.08872537721942075
ENSG00000142252	-0.08872924521954084
ENSG00000228506	-0.08875515097930209
ENSG00000259005	-0.08875634516510345
ENSG00000165389	-0.08876861955841853
ENSG00000254470	-0.08877668902756897
ENSG00000158315	-0.08877779318070989
ENSG00000246740	-0.08878580458247254
ENSG00000204279	-0.08879124791364246
ENSG00000184925	-0.08879750613713988
ENSG00000151388	-0.08883148543011044
ENSG00000180694	-0.08886215663957131
ENSG00000177699	-0.0888712801051198
ENSG00000248986	-0.088887243388447
ENSG00000236377	-0.08889102398373427
ENSG00000154783	-0.08889544538039396
ENSG00000181555	-0.08892379144318863
ENSG00000146005	-0.08893737367642196
ENSG00000267311	-0.08894417919397968
ENSG00000178105	-0.08900863751150023
ENSG00000272832	-0.089034470951873
ENSG00000149196	-0.08910462634926908
ENSG00000258738	-0.08918056643244476
ENSG00000078898	-0.08918923269949497
ENSG00000111981	-0.08919300375023087
ENSG00000121207	-0.08924415875522917
ENSG00000232461	-0.08925244877961847
ENSG00000049283	-0.08925567190997963
ENSG00000247626	-0.08927927763405485
ENSG00000226447	-0.08932381777522203
ENSG00000141506	-0.08933523730178927
ENSG00000142864	-0.08936776639612898
ENSG00000205542	-0.08937651079944464
ENSG00000101282	-0.08938220087066517
ENSG00000105248	-0.08940690768825543
ENSG00000104299	-0.08944960489123688
ENSG00000168421	-0.0894623087218318
ENSG00000132881	-0.08952099305076422
ENSG00000248896	-0.08954494591979101
ENSG00000164916	-0.08955490307752267
ENSG00000107404	-0.08959036705811929
ENSG00000185485	-0.08961930083527847
ENSG00000162341	-0.08964603905743362
ENSG00000128011	-0.08966128114581218
ENSG00000273478	-0.08967841503058271
ENSG00000205037	-0.08970606205184861
ENSG00000104918	-0.08973397846607667
ENSG00000083857	-0.0897659570405458
ENSG00000255201	-0.08977724339069482
ENSG00000231305	-0.08980958116842264
ENSG00000172613	-0.089812771768367
ENSG00000143971	-0.0898283967303869
ENSG00000143851	-0.08985743960530235
ENSG00000141316	-0.08987406465113112
ENSG00000222365	-0.08989058464795519
ENSG00000148337	-0.08991860963909293
ENSG00000224090	-0.08993113210494796
ENSG00000248692	-0.08999479673825728
ENSG00000253327	-0.09005124213017979
ENSG00000184060	-0.09007037701934317
ENSG00000118257	-0.09007039300811714
ENSG00000172878	-0.09011821801236153
ENSG00000228010	-0.09016383390134042
ENSG00000271869	-0.09019549482510769
ENSG00000229452	-0.09020126388400462
ENSG00000115282	-0.0902159883340109
ENSG00000152464	-0.09021618789328589
ENSG00000271614	-0.09024823024815576
ENSG00000130382	-0.09026603350739182
ENSG00000221120	-0.09027286610916707
ENSG00000177511	-0.09027392768696407
ENSG00000197813	-0.09027823498643472
ENSG00000103723	-0.09028600266376718
ENSG00000083168	-0.09030934149490866
ENSG00000176155	-0.09033771702635995
ENSG00000253741	-0.0903459525893896
ENSG00000082212	-0.09041449196200213
ENSG00000244242	-0.0904672094879233
ENSG00000189350	-0.09047391884077205
ENSG00000135334	-0.0905194464159832
ENSG00000223392	-0.09056204307609905
ENSG00000204934	-0.09056699721929362
ENSG00000055130	-0.09057252941010308
ENSG00000254518	-0.09059073353971059
ENSG00000164530	-0.09061885134802261
ENSG00000184828	-0.09063685324765702
ENSG00000230525	-0.09071057945134475
ENSG00000100941	-0.09075169759625767
ENSG00000166377	-0.0908085318568268
ENSG00000161509	-0.09082363355910505
ENSG00000041802	-0.09085722184180456
ENSG00000144339	-0.09086691767952293
ENSG00000225733	-0.09087454876298207
ENSG00000170222	-0.09093195493692763
ENSG00000105419	-0.09094363716692377
ENSG00000271976	-0.09097468333632053
ENSG00000085978	-0.09098212632034319
ENSG00000114790	-0.09099792130106299
ENSG00000242268	-0.0909982955768458
ENSG00000178033	-0.09100014804441725
ENSG00000196136	-0.0910066061006859
ENSG00000162302	-0.09104937330727148
ENSG00000129911	-0.09105669920314685
ENSG00000166869	-0.0910584494907064
ENSG00000179041	-0.09113158027999868
ENSG00000224818	-0.09113399417809132
ENSG00000134996	-0.09113626122763618
ENSG00000026559	-0.09113712857025036
ENSG00000142156	-0.09115233974124293
ENSG00000165516	-0.09116725077156518
ENSG00000261978	-0.09117336363616968
ENSG00000242294	-0.09117377522594283
ENSG00000273472	-0.091185671294439
ENSG00000223678	-0.09119164078613906
ENSG00000059145	-0.09121358418804704
ENSG00000046651	-0.09123135765001822
ENSG00000065029	-0.09123183104478405
ENSG00000101844	-0.0912499324221614
ENSG00000079101	-0.09125573168534418
ENSG00000105877	-0.09131464035905301
ENSG00000261754	-0.09132064414556551
ENSG00000183172	-0.09132494174555172
ENSG00000249865	-0.09133434206285951
ENSG00000185163	-0.0913356646399911
ENSG00000226702	-0.09136011724215942
ENSG00000136997	-0.09139785327711714
ENSG00000123908	-0.09140675395452302
ENSG00000064545	-0.09141445941509563
ENSG00000197769	-0.09146448559822018
ENSG00000130024	-0.09151307529335206
ENSG00000019549	-0.09152052001531275
ENSG00000114735	-0.09154673611942765
ENSG00000148296	-0.09155483499338923
ENSG00000143512	-0.0915652092017678
ENSG00000273287	-0.09158215565246275
ENSG00000173153	-0.09160131074878897
ENSG00000215196	-0.09163807609729191
ENSG00000132639	-0.09168719968342331
ENSG00000260078	-0.09168785030759585
ENSG00000124593	-0.0917023986197274
ENSG00000177238	-0.09171662933657854
ENSG00000115297	-0.09171887419007008
ENSG00000196741	-0.09175988908752541
ENSG00000120563	-0.09180275831848261
ENSG00000180884	-0.09181231725523264
ENSG00000228451	-0.09188826227534419
ENSG00000112685	-0.09189834118412943
ENSG00000099942	-0.0919030735197105
ENSG00000105821	-0.09190934067779788
ENSG00000149294	-0.09191440345194934
ENSG00000235576	-0.09192006362690552
ENSG00000261821	-0.09197644093511925
ENSG00000221900	-0.09200816099247755
ENSG00000166189	-0.09204299520741066
ENSG00000080546	-0.09204689112852915
ENSG00000121310	-0.09207497017079824
ENSG00000273389	-0.09207875199099802
ENSG00000178026	-0.09212894562421925
ENSG00000179840	-0.09216224195593681
ENSG00000132680	-0.09220962250214926
ENSG00000163320	-0.09221499068858718
ENSG00000141076	-0.09222655946392078
ENSG00000213762	-0.09222989986087382
ENSG00000109667	-0.09223896733535553
ENSG00000102910	-0.09223925027094237
ENSG00000170634	-0.09227859463922683
ENSG00000239523	-0.09228745589281329
ENSG00000232814	-0.09231309763600393
ENSG00000143631	-0.09235316919742209
ENSG00000273124	-0.09237915992998824
ENSG00000144026	-0.09238168177904216
ENSG00000204599	-0.09246168819419964
ENSG00000184560	-0.09246449213242347
ENSG00000170549	-0.09247791047524656
ENSG00000204217	-0.09247887704481572
ENSG00000225706	-0.09248445887240753
ENSG00000133422	-0.0925007462098183
ENSG00000173821	-0.09250230888131572
ENSG00000196453	-0.09255395420299961
ENSG00000128262	-0.09256975576595583
ENSG00000165376	-0.09258933936199987
ENSG00000262772	-0.09265639119424185
ENSG00000147647	-0.0926963914130875
ENSG00000116741	-0.09269935527946038
ENSG00000224877	-0.09270328075904499
ENSG00000265163	-0.09270793405575906
ENSG00000175520	-0.09272985286114521
ENSG00000246379	-0.09277767860165853
ENSG00000130561	-0.09279131905887816
ENSG00000243828	-0.09280348179504738
ENSG00000267395	-0.09281367330144807
ENSG00000226609	-0.09281905971792415
ENSG00000142065	-0.09284605008270086
ENSG00000234630	-0.09285786833452037
ENSG00000160339	-0.09290284467800858
ENSG00000224557	-0.09299240252230401
ENSG00000249709	-0.09300041083643873
ENSG00000168917	-0.0930106718429643
ENSG00000130227	-0.09306287760793464
ENSG00000272913	-0.09307333585706867
ENSG00000252371	-0.09307500347193232
ENSG00000261455	-0.09310399160992111
ENSG00000137434	-0.09313993283075739
ENSG00000179152	-0.09317525255038617
ENSG00000100418	-0.09318599279938944
ENSG00000183576	-0.09322701204814832
ENSG00000104388	-0.09324476105087831
ENSG00000224239	-0.09328414588490952
ENSG00000132561	-0.09328465074004533
ENSG00000145675	-0.09329741183745066
ENSG00000250334	-0.09334181157526122
ENSG00000186432	-0.09338841836963696
ENSG00000153802	-0.0934047421984957
ENSG00000153498	-0.09340506264943393
ENSG00000118217	-0.09343598597021974
ENSG00000266962	-0.09345250375853065
ENSG00000142611	-0.09346606371939115
ENSG00000171408	-0.09347197734643109
ENSG00000132746	-0.0934881437458156
ENSG00000167173	-0.09349434866473672
ENSG00000119906	-0.0935366643452038
ENSG00000143768	-0.09358752395606906
ENSG00000141380	-0.0935920267708592
ENSG00000135773	-0.09369325287287178
ENSG00000237517	-0.09370604400453553
ENSG00000176542	-0.09373451361627028
ENSG00000174010	-0.0937505314326742
ENSG00000184752	-0.09376178770712773
ENSG00000167258	-0.09376803908451958
ENSG00000258526	-0.09385319052523933
ENSG00000174938	-0.09388363763543162
ENSG00000101474	-0.09390408960816277
ENSG00000100207	-0.09390715726914978
ENSG00000011007	-0.0939216095072678
ENSG00000172250	-0.09392202521434745
ENSG00000168591	-0.09392776381955625
ENSG00000104915	-0.09392889801951598
ENSG00000261803	-0.09396061443992176
ENSG00000215452	-0.09400723299277425
ENSG00000221916	-0.09403095854844357
ENSG00000107593	-0.09403138280180146
ENSG00000176105	-0.09404772531962124
ENSG00000115207	-0.09418460013084184
ENSG00000198563	-0.09420709184372822
ENSG00000119547	-0.09421988746634502
ENSG00000265033	-0.0942225504526738
ENSG00000090565	-0.09428277529763829
ENSG00000067798	-0.09428969108993723
ENSG00000149571	-0.09432019798971436
ENSG00000162769	-0.09433128345166486
ENSG00000185345	-0.09433504993583841
ENSG00000166263	-0.09435235505285033
ENSG00000137073	-0.09440275912705798
ENSG00000170919	-0.09443497691797897
ENSG00000234311	-0.09445275180074486
ENSG00000168903	-0.09446627580008926
ENSG00000197245	-0.09448204793567794
ENSG00000100068	-0.09449602856472317
ENSG00000157445	-0.09457938917383535
ENSG00000179083	-0.09458193141863747
ENSG00000125875	-0.09466687337193247
ENSG00000267857	-0.09468510274107023
ENSG00000223403	-0.09469218195347584
ENSG00000225783	-0.09470279348227362
ENSG00000186891	-0.09472603587556994
ENSG00000161847	-0.09475425588810715
ENSG00000146083	-0.09476537277348274
ENSG00000233355	-0.09477202706768018
ENSG00000197008	-0.09481280367441403
ENSG00000068878	-0.09482208977740103
ENSG00000121742	-0.09483338035483435
ENSG00000169884	-0.0948340867622336
ENSG00000198739	-0.09487220784148942
ENSG00000105443	-0.09490739414029736
ENSG00000261442	-0.09491486684921324
ENSG00000143028	-0.09495917344266391
ENSG00000271833	-0.09496700097843258
ENSG00000177666	-0.09498972278389006
ENSG00000144063	-0.09502111234388477
ENSG00000122643	-0.09502723882535746
ENSG00000205078	-0.0950438030628743
ENSG00000169660	-0.09507730609523124
ENSG00000112249	-0.09508749319022436
ENSG00000230563	-0.09512719950525772
ENSG00000148925	-0.09513409518324856
ENSG00000183439	-0.09514361538325156
ENSG00000101425	-0.09515347865149093
ENSG00000244274	-0.09517090095872871
ENSG00000152910	-0.09518080061553436
ENSG00000143340	-0.0952023383077012
ENSG00000255618	-0.09538250770820189
ENSG00000164404	-0.09543235803188377
ENSG00000184814	-0.09547004989362384
ENSG00000100605	-0.09548758526988421
ENSG00000165527	-0.0955176526997148
ENSG00000152939	-0.09560167940439013
ENSG00000107864	-0.09560478435523312
ENSG00000179051	-0.0956051314839832
ENSG00000172260	-0.09561368548423921
ENSG00000161920	-0.09561671912685865
ENSG00000145391	-0.09562680185522443
ENSG00000259728	-0.09565561025393998
ENSG00000136891	-0.09566702831970197
ENSG00000102981	-0.09567783847109079
ENSG00000151572	-0.09567838593154476
ENSG00000089639	-0.09568405218208165
ENSG00000089199	-0.09569630130673179
ENSG00000020577	-0.09575129499257862
ENSG00000187531	-0.09576223733384359
ENSG00000064763	-0.09578930478485259
ENSG00000168802	-0.09588212353101955
ENSG00000163762	-0.09591158316936454
ENSG00000179913	-0.09593032509494692
ENSG00000237410	-0.09599192184320182
ENSG00000184465	-0.09602823358626278
ENSG00000199332	-0.0960592962661666
ENSG00000185324	-0.09606318363732302
ENSG00000258289	-0.09606859447385352
ENSG00000143815	-0.09612039779278103
ENSG00000176410	-0.09612058135940049
ENSG00000165675	-0.09619049304681593
ENSG00000170340	-0.09621604007712681
ENSG00000223949	-0.0962293117723485
ENSG00000236352	-0.09630749297690289
ENSG00000229370	-0.09638604724522792
ENSG00000072133	-0.09640057618238806
ENSG00000188786	-0.09642105721686611
ENSG00000139567	-0.09642372778651354
ENSG00000156030	-0.09647577903676696
ENSG00000100170	-0.09647797645558764
ENSG00000197037	-0.09651098634859223
ENSG00000211825	-0.09655431673251658
ENSG00000158109	-0.0965804587105803
ENSG00000205213	-0.09658057358026018
ENSG00000267257	-0.09659309273917116
ENSG00000112319	-0.0965980721175893
ENSG00000259577	-0.09663992553707579
ENSG00000169604	-0.09664853819935404
ENSG00000248099	-0.09666341179993077
ENSG00000267559	-0.09668999774676978
ENSG00000272329	-0.09671335437911244
ENSG00000105576	-0.09672054984343625
ENSG00000234494	-0.09672293406302501
ENSG00000253865	-0.09672806304744042
ENSG00000152219	-0.09673200840059659
ENSG00000020181	-0.09676997628538997
ENSG00000034971	-0.09677672140635807
ENSG00000238062	-0.09682200020369602
ENSG00000170581	-0.09687699071472688
ENSG00000196440	-0.09687815174238079
ENSG00000205464	-0.09689649195726646
ENSG00000157540	-0.09698895127718121
ENSG00000165443	-0.09699742336865347
ENSG00000250237	-0.0970264146946278
ENSG00000163624	-0.09702824925813003
ENSG00000227543	-0.09703396505581563
ENSG00000205442	-0.0970527086115518
ENSG00000233922	-0.09711383948538699
ENSG00000125846	-0.09713945945994829
ENSG00000266256	-0.09714206401613257
ENSG00000231742	-0.0971556216987165
ENSG00000145192	-0.09716212355033893
ENSG00000133706	-0.09716413056063256
ENSG00000180043	-0.09716805027010189
ENSG00000112699	-0.09727815996683131
ENSG00000272854	-0.09734399969723773
ENSG00000179148	-0.09735265023065776
ENSG00000158516	-0.09736051497548326
ENSG00000271228	-0.09736360579379466
ENSG00000155542	-0.09738980866055813
ENSG00000254548	-0.09744561466075996
ENSG00000171970	-0.09747190022224417
ENSG00000172006	-0.09747354464084601
ENSG00000090061	-0.09747504481512625
ENSG00000264488	-0.09750222580275247
ENSG00000198482	-0.09750602506401651
ENSG00000249017	-0.09752546934762596
ENSG00000143032	-0.09752793131696014
ENSG00000203942	-0.09755442132720682
ENSG00000186522	-0.0975576942502171
ENSG00000152492	-0.09761366114633951
ENSG00000237452	-0.0976221540431188
ENSG00000172689	-0.09770233475132906
ENSG00000070770	-0.09774670006288488
ENSG00000177575	-0.09776684676488867
ENSG00000262001	-0.09779562898086425
ENSG00000155313	-0.09784572614723275
ENSG00000081985	-0.09788423231613574
ENSG00000176714	-0.09798783625484864
ENSG00000258891	-0.09801546445747089
ENSG00000131373	-0.09805855856772205
ENSG00000269376	-0.0981058148451438
ENSG00000172216	-0.09813205484334453
ENSG00000261116	-0.09816820670667492
ENSG00000009790	-0.09816913747224398
ENSG00000203546	-0.09820823175822546
ENSG00000198794	-0.09821480145823724
ENSG00000196843	-0.09821710100943792
ENSG00000166987	-0.0982442260272155
ENSG00000127314	-0.0983096519874943
ENSG00000258940	-0.0983624644701051
ENSG00000129295	-0.09837643442341293
ENSG00000265126	-0.09839890518985583
ENSG00000237339	-0.09840061993116911
ENSG00000161643	-0.0984713141230289
ENSG00000183682	-0.09850241524616454
ENSG00000167910	-0.0985352369855087
ENSG00000170265	-0.09855817760656882
ENSG00000143612	-0.09856015578323607
ENSG00000117533	-0.09856526588950931
ENSG00000258912	-0.0985870898968112
ENSG00000188906	-0.09859727525775663
ENSG00000179886	-0.09860890083969454
ENSG00000254004	-0.09861867584100104
ENSG00000231236	-0.09862978169805914
ENSG00000158220	-0.09863708192953624
ENSG00000272277	-0.09863807834725302
ENSG00000165799	-0.0986653693587729
ENSG00000255857	-0.09867442237172097
ENSG00000168827	-0.09872678183667916
ENSG00000224043	-0.09874909473008242
ENSG00000105352	-0.09883856350465692
ENSG00000177842	-0.09894252858039443
ENSG00000236319	-0.09902876985307096
ENSG00000133895	-0.09903805577274849
ENSG00000128829	-0.09905711332395595
ENSG00000166796	-0.09906132521213962
ENSG00000106701	-0.09909590427127501
ENSG00000135747	-0.09909894086260473
ENSG00000073146	-0.09916383842483256
ENSG00000130856	-0.09922115514261631
ENSG00000221890	-0.09925893817536946
ENSG00000240764	-0.09926480830486073
ENSG00000188916	-0.0993289045641852
ENSG00000156076	-0.09933997612407275
ENSG00000095383	-0.09935068589334806
ENSG00000168152	-0.09936521514585894
ENSG00000240040	-0.09936600148406005
ENSG00000145879	-0.09936684557124165
ENSG00000177984	-0.09942575355369832
ENSG00000197724	-0.09944975797466915
ENSG00000236830	-0.09945954131974699
ENSG00000183579	-0.0994734163669534
ENSG00000264235	-0.09949057982139087
ENSG00000223834	-0.09949398230659234
ENSG00000128709	-0.0995211746841469
ENSG00000173826	-0.09952487372076035
ENSG00000169926	-0.09953286898602676
ENSG00000101574	-0.09962114421439172
ENSG00000120075	-0.09965032076045155
ENSG00000133316	-0.09966558630551248
ENSG00000184708	-0.09967795085469944
ENSG00000206043	-0.09970840068204712
ENSG00000247774	-0.0997427800072277
ENSG00000148541	-0.09974597333377144
ENSG00000125827	-0.09975995360834022
ENSG00000185933	-0.09976865516748512
ENSG00000259290	-0.09980328096439639
ENSG00000112110	-0.09984775785257727
ENSG00000087206	-0.09985715932926342
ENSG00000263400	-0.09986396916602802
ENSG00000162814	-0.09991937639957149
ENSG00000268516	-0.09992644949180374
ENSG00000133863	-0.09994513870704624
ENSG00000248752	-0.09999177374238499
ENSG00000241043	-0.10000520903060917
ENSG00000088387	-0.10001619890307689
ENSG00000163734	-0.10003256061243271
ENSG00000226251	-0.10004089900901436
ENSG00000111339	-0.10005976173603026
ENSG00000126746	-0.10011115983574426
ENSG00000175920	-0.10011122690962615
ENSG00000182223	-0.10011317069646619
ENSG00000067533	-0.10013065155833023
ENSG00000182601	-0.10014205382649854
ENSG00000163683	-0.10014667984541425
ENSG00000082512	-0.10015115744224168
ENSG00000143771	-0.1001729063406438
ENSG00000244300	-0.10017510610386271
ENSG00000123407	-0.10021926732192932
ENSG00000273174	-0.10022863627621448
ENSG00000147454	-0.100232015652169
ENSG00000250024	-0.100265430534477
ENSG00000170390	-0.10042575449192515
ENSG00000159788	-0.10042921013682171
ENSG00000249816	-0.10042924787073115
ENSG00000170776	-0.10043531871884281
ENSG00000167565	-0.10047621684675889
ENSG00000224220	-0.10048828788194464
ENSG00000258713	-0.10051563872168567
ENSG00000129535	-0.10052556544529867
ENSG00000126001	-0.10055286522994034
ENSG00000005483	-0.10056984606003716
ENSG00000106723	-0.100570261012905
ENSG00000234546	-0.10058392524770454
ENSG00000237092	-0.10059697543609336
ENSG00000241657	-0.10064317282739532
ENSG00000145365	-0.10067781544196763
ENSG00000147481	-0.10071987555040574
ENSG00000102755	-0.10075899896187235
ENSG00000138079	-0.10083333547879303
ENSG00000258088	-0.10088173567415715
ENSG00000267765	-0.10089694486900813
ENSG00000171094	-0.10093385479001171
ENSG00000185483	-0.10094260420563372
ENSG00000135250	-0.1009916928102903
ENSG00000258630	-0.10103109889250961
ENSG00000135917	-0.10104015300536251
ENSG00000124571	-0.10104088070179496
ENSG00000267780	-0.1010465501415927
ENSG00000152818	-0.10107451701551273
ENSG00000154134	-0.10108016179866808
ENSG00000211697	-0.10110381250901457
ENSG00000150403	-0.10115862797611375
ENSG00000211746	-0.10117164334057094
ENSG00000135956	-0.10118025707904987
ENSG00000133317	-0.10119261665610213
ENSG00000139146	-0.10120592352606583
ENSG00000135127	-0.10120640294906658
ENSG00000128645	-0.1012311683971181
ENSG00000114670	-0.1012478882082315
ENSG00000179796	-0.1012486325987193
ENSG00000167077	-0.1012877642006611
ENSG00000211639	-0.10129713801024609
ENSG00000272767	-0.10130843437287107
ENSG00000272839	-0.10135914958434267
ENSG00000156466	-0.1013779495651903
ENSG00000267603	-0.10138973847243848
ENSG00000196911	-0.10139145709257891
ENSG00000133639	-0.10140734125541917
ENSG00000188467	-0.10140986618955539
ENSG00000063127	-0.10141530223816697
ENSG00000085552	-0.10144892783001491
ENSG00000183060	-0.10147690840483459
ENSG00000232046	-0.10151463282814133
ENSG00000144036	-0.1015355071186047
ENSG00000228192	-0.10153872813741138
ENSG00000162650	-0.10155650315788012
ENSG00000248663	-0.10155742854838823
ENSG00000224272	-0.10158236819571265
ENSG00000270171	-0.10161360173787559
ENSG00000269058	-0.10162995794099272
ENSG00000147889	-0.10170354244576374
ENSG00000232912	-0.10170634901555997
ENSG00000170425	-0.10172202859474522
ENSG00000179943	-0.10172835254071178
ENSG00000023839	-0.10178873049762882
ENSG00000228082	-0.10183674645577245
ENSG00000251027	-0.10183897106360484
ENSG00000150995	-0.10184384478623487
ENSG00000261194	-0.10185036170129014
ENSG00000172331	-0.10185330689580319
ENSG00000223648	-0.10190159293571333
ENSG00000170667	-0.10190256333691328
ENSG00000162753	-0.10190392676574944
ENSG00000075151	-0.10191062316681687
ENSG00000232667	-0.101949495158843
ENSG00000135999	-0.10195360597480518
ENSG00000257596	-0.10195967427424191
ENSG00000233871	-0.10197086226455698
ENSG00000232869	-0.10197865026419439
ENSG00000165355	-0.10198184430682444
ENSG00000091409	-0.10198784144754502
ENSG00000134779	-0.10198980361877696
ENSG00000152475	-0.1020281079723866
ENSG00000273321	-0.10211161724394946
ENSG00000110987	-0.10211431770496116
ENSG00000151470	-0.10214241562719162
ENSG00000112031	-0.10216045578313726
ENSG00000120669	-0.10221029894837397
ENSG00000182896	-0.10221587159756551
ENSG00000234884	-0.10225820804919483
ENSG00000135486	-0.1022810122076857
ENSG00000233086	-0.10228119657288692
ENSG00000113231	-0.10231725682748594
ENSG00000269050	-0.10232489705378445
ENSG00000125878	-0.10234040894823515
ENSG00000134202	-0.10235102878300362
ENSG00000228350	-0.10236573848967223
ENSG00000153363	-0.10237150556229291
ENSG00000123104	-0.10238312927123772
ENSG00000215251	-0.10239433634761463
ENSG00000076067	-0.1024141355986038
ENSG00000136718	-0.10241433299420188
ENSG00000146857	-0.10242729184057364
ENSG00000261332	-0.10242859417531691
ENSG00000119878	-0.10246951805251237
ENSG00000167394	-0.10248627861153847
ENSG00000249065	-0.10250087709669298
ENSG00000272405	-0.1025704728718475
ENSG00000198954	-0.10263022864882809
ENSG00000272338	-0.10264090565927331
ENSG00000183654	-0.10265993199915635
ENSG00000166856	-0.10268375575554145
ENSG00000186660	-0.10269971251437848
ENSG00000162614	-0.10270133878409271
ENSG00000104885	-0.10270778555630278
ENSG00000169704	-0.10272768417955103
ENSG00000132906	-0.1027317201217125
ENSG00000140718	-0.10275756261057967
ENSG00000241163	-0.10276535548267207
ENSG00000102001	-0.10276587433598416
ENSG00000223959	-0.1027770357293456
ENSG00000125266	-0.1028334300637116
ENSG00000207939	-0.1029069572151331
ENSG00000057704	-0.10291680041469209
ENSG00000186687	-0.10296111891181114
ENSG00000234617	-0.10296260593413264
ENSG00000235488	-0.10299662646389018
ENSG00000159723	-0.10300080982488524
ENSG00000179104	-0.10303415061328924
ENSG00000012660	-0.1030438658316426
ENSG00000106344	-0.10305530483525815
ENSG00000253522	-0.10306953666921748
ENSG00000156958	-0.10307562057456765
ENSG00000261268	-0.10309375763753215
ENSG00000270964	-0.10310200256529689
ENSG00000081052	-0.10319895948220459
ENSG00000018236	-0.10321318271811097
ENSG00000159131	-0.10326681796499482
ENSG00000212588	-0.10326952779219944
ENSG00000261038	-0.10327116651195667
ENSG00000255559	-0.10330035745275423
ENSG00000245498	-0.10332104127241104
ENSG00000117174	-0.10333029348799727
ENSG00000250166	-0.10334643895239082
ENSG00000241358	-0.10342348549793867
ENSG00000235011	-0.10344436727484885
ENSG00000250101	-0.10345872328648165
ENSG00000136807	-0.10345911130191121
ENSG00000215131	-0.10348846996713457
ENSG00000223715	-0.10349532301174935
ENSG00000154358	-0.10353397034724166
ENSG00000175066	-0.10353556992186785
ENSG00000125633	-0.1035683422878303
ENSG00000163958	-0.10357407389037387
ENSG00000198846	-0.10360008772513418
ENSG00000177324	-0.10361256998217794
ENSG00000117226	-0.10369988036084687
ENSG00000137411	-0.1037116192913341
ENSG00000110852	-0.10373713708845056
ENSG00000184863	-0.10379052881834538
ENSG00000153936	-0.10380652459665962
ENSG00000167780	-0.10383296631167449
ENSG00000204070	-0.1038625029359429
ENSG00000166415	-0.10390865877692623
ENSG00000167930	-0.10391398302797505
ENSG00000036530	-0.10393143569188112
ENSG00000088451	-0.10394112256543431
ENSG00000263941	-0.10397229715583778
ENSG00000251649	-0.10398073978897093
ENSG00000153250	-0.10398428813632221
ENSG00000103707	-0.10399038518702475
ENSG00000163682	-0.1039917590086119
ENSG00000188162	-0.10400323805081024
ENSG00000260785	-0.10400542166902182
ENSG00000271855	-0.10401298408903303
ENSG00000070031	-0.10407775630950133
ENSG00000162976	-0.1040978364864924
ENSG00000189114	-0.1041134487856249
ENSG00000268756	-0.10411533134057116
ENSG00000215012	-0.10413902023084864
ENSG00000168438	-0.10414197308358786
ENSG00000120948	-0.10416371867012841
ENSG00000170615	-0.10418171693668965
ENSG00000163605	-0.10418988925288919
ENSG00000147133	-0.10419133970812311
ENSG00000139668	-0.10422808566286634
ENSG00000124275	-0.10422947315769038
ENSG00000242902	-0.10423964998392798
ENSG00000250417	-0.10424163464358915
ENSG00000162959	-0.10429051238020848
ENSG00000095777	-0.10429374731798025
ENSG00000196352	-0.10433607110078358
ENSG00000163755	-0.10437415853500842
ENSG00000187922	-0.10437629055090047
ENSG00000271806	-0.10441999284477743
ENSG00000204869	-0.10443232081783926
ENSG00000106025	-0.10445098305011458
ENSG00000023191	-0.10445298656894542
ENSG00000172086	-0.10451316500123675
ENSG00000137261	-0.10455978566933133
ENSG00000228801	-0.10464116316969496
ENSG00000236939	-0.10467146555988749
ENSG00000101246	-0.1046732165856944
ENSG00000141579	-0.10468013429648326
ENSG00000065882	-0.10471083944300241
ENSG00000225951	-0.10474406281942039
ENSG00000123411	-0.10476416910368058
ENSG00000170604	-0.10477206125951533
ENSG00000143196	-0.10477755093585528
ENSG00000234883	-0.10479362257768676
ENSG00000177463	-0.10479548672136563
ENSG00000235568	-0.10483356913488118
ENSG00000188848	-0.1049478781609745
ENSG00000139192	-0.10495428670802043
ENSG00000125352	-0.10496111068306213
ENSG00000149476	-0.10503956734843423
ENSG00000170166	-0.1050642065080446
ENSG00000162746	-0.1050684295014428
ENSG00000239642	-0.10508176648139844
ENSG00000260329	-0.10508780847968857
ENSG00000236432	-0.10517772013272408
ENSG00000255139	-0.1052001609364479
ENSG00000251372	-0.10528636174359363
ENSG00000265106	-0.10530442104931548
ENSG00000111911	-0.10532326299994177
ENSG00000112282	-0.10538428056853388
ENSG00000100395	-0.10539287513176654
ENSG00000196242	-0.10539957138389555
ENSG00000115761	-0.105401243608099
ENSG00000234224	-0.1054036137823745
ENSG00000255471	-0.10553819038481904
ENSG00000238142	-0.10557027805916608
ENSG00000122882	-0.10559662044808049
ENSG00000237054	-0.10561229996592747
ENSG00000204006	-0.10562652893698499
ENSG00000187682	-0.1056479847335553
ENSG00000125686	-0.10565042016309867
ENSG00000120333	-0.1057097971205514
ENSG00000115526	-0.10572720922480228
ENSG00000230534	-0.10573084538771194
ENSG00000100376	-0.10574219219318737
ENSG00000177791	-0.10574712373590733
ENSG00000008086	-0.1057519571802964
ENSG00000150593	-0.10578612658346365
ENSG00000103043	-0.10579079541747483
ENSG00000149599	-0.10582178923491059
ENSG00000112293	-0.10584321136171915
ENSG00000233351	-0.1058928138614793
ENSG00000215374	-0.10597826596851445
ENSG00000106153	-0.10598812897304188
ENSG00000196268	-0.10601446676233994
ENSG00000272288	-0.10601531823204224
ENSG00000267422	-0.1060309845709766
ENSG00000141040	-0.10603158377648014
ENSG00000117411	-0.10613914529986779
ENSG00000249572	-0.10618002309329799
ENSG00000182676	-0.10619906852989536
ENSG00000253730	-0.10619946358487553
ENSG00000147234	-0.10621630827903039
ENSG00000100150	-0.10621822742300069
ENSG00000262890	-0.10623181896173317
ENSG00000168237	-0.10623259731391854
ENSG00000147533	-0.10623995031205125
ENSG00000123268	-0.10625199644236027
ENSG00000100601	-0.10625472106239198
ENSG00000257398	-0.10632146499686601
ENSG00000267100	-0.10632655019445802
ENSG00000266456	-0.1063299030959618
ENSG00000243574	-0.10636933054584596
ENSG00000257501	-0.1063851860437981
ENSG00000134812	-0.10643137013303416
ENSG00000111802	-0.1064371092117774
ENSG00000100290	-0.10644235048023076
ENSG00000099984	-0.10644402447169132
ENSG00000130700	-0.10645287456374708
ENSG00000214456	-0.10654820726503467
ENSG00000237310	-0.10656537630487983
ENSG00000135338	-0.10667054227160222
ENSG00000124783	-0.10667391959134842
ENSG00000196199	-0.10671501791855365
ENSG00000011376	-0.10672601994069664
ENSG00000168398	-0.10672831037591524
ENSG00000245598	-0.10677549115780183
ENSG00000113369	-0.10682642539524712
ENSG00000198797	-0.10682862260030301
ENSG00000075223	-0.10683336872680071
ENSG00000234290	-0.1069588443697781
ENSG00000236849	-0.10699017473030192
ENSG00000164828	-0.1070010154259452
ENSG00000109079	-0.10701569914404152
ENSG00000125398	-0.10708902586819768
ENSG00000112182	-0.1070975921372116
ENSG00000119977	-0.10712877455238845
ENSG00000067606	-0.10718998406235036
ENSG00000084774	-0.10724180767265157
ENSG00000197140	-0.10724602981163411
ENSG00000163785	-0.10726911598445066
ENSG00000006116	-0.10731775850497294
ENSG00000242759	-0.10732676425384557
ENSG00000270933	-0.10734344087887626
ENSG00000198690	-0.1073635041584835
ENSG00000101079	-0.10738785416013763
ENSG00000254863	-0.10740020063938871
ENSG00000238158	-0.10742315923635459
ENSG00000124496	-0.10744470300395959
ENSG00000168505	-0.10746562395204462
ENSG00000112761	-0.10749290190441707
ENSG00000259126	-0.10753080590637165
ENSG00000103227	-0.10756721953602111
ENSG00000204394	-0.10760005570294051
ENSG00000229009	-0.10762002614745148
ENSG00000070669	-0.10764630610195469
ENSG00000076864	-0.10766055771465688
ENSG00000152382	-0.1076659199798553
ENSG00000170613	-0.10768069092167987
ENSG00000228777	-0.10770565690423373
ENSG00000171246	-0.10773874278942197
ENSG00000117115	-0.1078458556221924
ENSG00000136161	-0.10787222854356815
ENSG00000146281	-0.10787913464533339
ENSG00000260244	-0.10796704049267947
ENSG00000254453	-0.10799379660836561
ENSG00000264647	-0.10799670393023064
ENSG00000163710	-0.1080119528133262
ENSG00000182645	-0.10802334051187035
ENSG00000161021	-0.10802496131318862
ENSG00000267470	-0.10803131590025772
ENSG00000148606	-0.10804603024566972
ENSG00000159871	-0.10807331418017052
ENSG00000101150	-0.10807664804490746
ENSG00000076242	-0.10812703732917606
ENSG00000141568	-0.10813899067114863
ENSG00000272622	-0.10814080962760231
ENSG00000011028	-0.10815200832565353
ENSG00000182810	-0.10815520254739286
ENSG00000264699	-0.10817023824625949
ENSG00000267838	-0.10818186704330246
ENSG00000053747	-0.10823610726918242
ENSG00000164136	-0.10824342488340821
ENSG00000142046	-0.10825155011571863
ENSG00000197774	-0.10829270106389066
ENSG00000155252	-0.10833586537436024
ENSG00000148803	-0.10838125474964044
ENSG00000120253	-0.10840299912550888
ENSG00000155761	-0.1084136848728342
ENSG00000134852	-0.10841850930231844
ENSG00000165996	-0.10848632889173337
ENSG00000162819	-0.1085075803834803
ENSG00000141371	-0.10855104657813941
ENSG00000073803	-0.10857565813600267
ENSG00000060339	-0.10859525339195597
ENSG00000267453	-0.10861677688489557
ENSG00000173269	-0.10863481552346532
ENSG00000268001	-0.10864251933492475
ENSG00000180957	-0.1086646601735981
ENSG00000259306	-0.10866827381445632
ENSG00000224165	-0.10868469259382496
ENSG00000119720	-0.10870917392001178
ENSG00000168806	-0.10872494012851597
ENSG00000259070	-0.10877387229838453
ENSG00000232406	-0.10879743245500284
ENSG00000234432	-0.10887412451251333
ENSG00000168906	-0.10894003578171607
ENSG00000164338	-0.10894596077531893
ENSG00000223518	-0.1090838174446851
ENSG00000253139	-0.10911082258808935
ENSG00000164989	-0.10911137597750353
ENSG00000011638	-0.10911502383511573
ENSG00000179698	-0.1091476784516664
ENSG00000118004	-0.10916706921144981
ENSG00000184349	-0.10916997174225951
ENSG00000169218	-0.10918725877004076
ENSG00000258301	-0.10924656502947516
ENSG00000136933	-0.10930553217829275
ENSG00000163746	-0.10931043168678334
ENSG00000228544	-0.10934705712476667
ENSG00000077150	-0.10935806924933966
ENSG00000267391	-0.10937167220795296
ENSG00000205274	-0.10941366730193292
ENSG00000269427	-0.10943606031744935
ENSG00000166920	-0.10949507544706072
ENSG00000115616	-0.1095315156389054
ENSG00000171954	-0.10954449494541807
ENSG00000176749	-0.1095776593873179
ENSG00000230403	-0.10960601534880998
ENSG00000184160	-0.10964214690824237
ENSG00000167608	-0.10964290740403071
ENSG00000182771	-0.10964420434996025
ENSG00000233967	-0.10965359506930938
ENSG00000266466	-0.10965681856483045
ENSG00000260871	-0.10966305104655949
ENSG00000141401	-0.10971696418967702
ENSG00000156689	-0.10975652518472401
ENSG00000243137	-0.10978456609802534
ENSG00000155506	-0.10978840088094688
ENSG00000185664	-0.1097941758484724
ENSG00000172828	-0.10982845953940146
ENSG00000157557	-0.10984531050536783
ENSG00000269837	-0.10985092802137897
ENSG00000131374	-0.10988602503453493
ENSG00000157881	-0.10990294502189246
ENSG00000198721	-0.10994541852074313
ENSG00000158458	-0.1099493734668513
ENSG00000123395	-0.10995183599682234
ENSG00000130489	-0.1099771659889246
ENSG00000174007	-0.10998435188276245
ENSG00000070814	-0.10998515608709547
ENSG00000214530	-0.11002465518437843
ENSG00000140527	-0.11003074006726854
ENSG00000257878	-0.11003629905837453
ENSG00000100320	-0.11006074484796124
ENSG00000253735	-0.11007684301162501
ENSG00000272777	-0.11012768416780438
ENSG00000233847	-0.11015220171834106
ENSG00000140265	-0.11015850773372271
ENSG00000181744	-0.11015876252354839
ENSG00000109171	-0.11024756687467707
ENSG00000180370	-0.11025046996978383
ENSG00000263280	-0.1102919368174442
ENSG00000077327	-0.11030192261482896
ENSG00000123561	-0.1103050269749346
ENSG00000091592	-0.1103084819377661
ENSG00000120051	-0.11033585198637474
ENSG00000101190	-0.110346562131585
ENSG00000231908	-0.11037954893754076
ENSG00000107443	-0.11038217521752325
ENSG00000115137	-0.1104238277938866
ENSG00000177410	-0.1104288662016174
ENSG00000132361	-0.11044207655100802
ENSG00000267009	-0.11046376452880413
ENSG00000249931	-0.11049884213150762
ENSG00000172572	-0.11055087403593611
ENSG00000147274	-0.1105723994649952
ENSG00000141434	-0.11058701666977389
ENSG00000246876	-0.11063771949473344
ENSG00000265743	-0.11064320979956255
ENSG00000170608	-0.11067292866507683
ENSG00000175611	-0.11068299786682312
ENSG00000008405	-0.11068845780998404
ENSG00000104140	-0.11069835396631111
ENSG00000135540	-0.11072586832773157
ENSG00000159445	-0.110751391248332
ENSG00000072858	-0.11076398586186464
ENSG00000170270	-0.11076581075481873
ENSG00000102221	-0.11076990186002933
ENSG00000123200	-0.11077150878232178
ENSG00000185278	-0.11079981631175939
ENSG00000230434	-0.11080068599929505
ENSG00000110025	-0.11086283102506633
ENSG00000167800	-0.11092193201694489
ENSG00000204581	-0.11092397804752041
ENSG00000260766	-0.11094345661831484
ENSG00000204882	-0.11099330081090253
ENSG00000253710	-0.11100508955817401
ENSG00000249382	-0.11102277567343566
ENSG00000152034	-0.11102293202254143
ENSG00000237604	-0.11102874173395783
ENSG00000171202	-0.11104371905629895
ENSG00000224424	-0.11105503664120908
ENSG00000121807	-0.11106029721330457
ENSG00000235106	-0.111078572050617
ENSG00000267778	-0.1110896711024224
ENSG00000175606	-0.11112189840943121
ENSG00000163472	-0.11112843156302532
ENSG00000086712	-0.11112915321103312
ENSG00000198130	-0.11113369378694216
ENSG00000095917	-0.11114485058569223
ENSG00000137831	-0.11115521312165588
ENSG00000145491	-0.11118577443786126
ENSG00000256282	-0.11118727228124303
ENSG00000162601	-0.11119794391201865
ENSG00000185129	-0.11121675984159496
ENSG00000119866	-0.11123530074368537
ENSG00000238227	-0.11124379892094327
ENSG00000169083	-0.11126568150759752
ENSG00000148459	-0.11130732722136782
ENSG00000143376	-0.11134131236057154
ENSG00000213888	-0.1113782296923993
ENSG00000188559	-0.111383968315518
ENSG00000228598	-0.1114169550976376
ENSG00000225870	-0.11142263991729895
ENSG00000261949	-0.11143688637439064
ENSG00000092847	-0.11149717834054029
ENSG00000173621	-0.11155308992819557
ENSG00000006451	-0.11155663925323467
ENSG00000122783	-0.11155834829428823
ENSG00000101680	-0.11162047974030531
ENSG00000187905	-0.11162396411128517
ENSG00000259255	-0.11171202042230244
ENSG00000139800	-0.11173570062506566
ENSG00000267493	-0.11174756517959783
ENSG00000256948	-0.11178455303585833
ENSG00000153208	-0.11180308728715349
ENSG00000261794	-0.11180496138169926
ENSG00000171195	-0.11182478662504647
ENSG00000267649	-0.11184701903896133
ENSG00000168333	-0.11187624496393445
ENSG00000168925	-0.11190240985825373
ENSG00000101040	-0.11191633896826148
ENSG00000101945	-0.11193954473929002
ENSG00000259940	-0.1119412197370252
ENSG00000248490	-0.11195329146216082
ENSG00000145757	-0.11195398427793446
ENSG00000137841	-0.11198882025399814
ENSG00000130449	-0.11201868224969758
ENSG00000260641	-0.11204201255658641
ENSG00000232832	-0.11206100116951823
ENSG00000110395	-0.112063368151478
ENSG00000126216	-0.11209812077959136
ENSG00000245534	-0.11220793773897275
ENSG00000011114	-0.11223462782379812
ENSG00000240280	-0.11223792540755084
ENSG00000235862	-0.11224382286925227
ENSG00000119673	-0.11228938162800506
ENSG00000178188	-0.11229501291276545
ENSG00000188316	-0.11231230602859421
ENSG00000172551	-0.11231944479847589
ENSG00000218510	-0.11236494164026378
ENSG00000269289	-0.11238488221580634
ENSG00000162461	-0.11239758377017217
ENSG00000110244	-0.11244675308188623
ENSG00000164188	-0.11250636839606032
ENSG00000111732	-0.11253725704733608
ENSG00000244280	-0.11254771278710574
ENSG00000269404	-0.11258049379737767
ENSG00000211753	-0.11260998957778712
ENSG00000249459	-0.1126129970351909
ENSG00000261366	-0.11279853559411623
ENSG00000119227	-0.11281664152928905
ENSG00000166126	-0.11282558909066087
ENSG00000073921	-0.11284948749685075
ENSG00000258405	-0.11286099922369508
ENSG00000174177	-0.11287817293917579
ENSG00000130935	-0.11288254544235998
ENSG00000070756	-0.11291172407527494
ENSG00000110693	-0.11293642276897997
ENSG00000107263	-0.112958483184875
ENSG00000258416	-0.11296111588470459
ENSG00000139540	-0.11300906573212677
ENSG00000101222	-0.11301186352541204
ENSG00000048052	-0.1130189604218711
ENSG00000232395	-0.11302722268536591
ENSG00000100528	-0.11302752561590856
ENSG00000136603	-0.11307932127893916
ENSG00000163395	-0.11311670748649039
ENSG00000138380	-0.11312577952645153
ENSG00000253877	-0.11315786114619197
ENSG00000245888	-0.11318164200642589
ENSG00000188282	-0.1131937951713321
ENSG00000137054	-0.11322923024818754
ENSG00000236859	-0.11323735617935904
ENSG00000182459	-0.11325760855471467
ENSG00000163510	-0.1132741336068025
ENSG00000189423	-0.11331184937919625
ENSG00000086102	-0.11335888564387098
ENSG00000142875	-0.11336207645233598
ENSG00000108309	-0.11337269795363614
ENSG00000145088	-0.11338214665444613
ENSG00000229694	-0.11339749906005259
ENSG00000148331	-0.11340332006400244
ENSG00000128714	-0.11342512915367853
ENSG00000188266	-0.11345695513189202
ENSG00000134108	-0.11346039919492756
ENSG00000139651	-0.11350378767649716
ENSG00000060656	-0.11350820687070917
ENSG00000074047	-0.11354313134263072
ENSG00000175294	-0.11356907712866326
ENSG00000245910	-0.1135887678505263
ENSG00000161533	-0.11360095338543619
ENSG00000250341	-0.11361298915860252
ENSG00000236358	-0.11364459401935045
ENSG00000267069	-0.11364519866377976
ENSG00000090621	-0.11364958816553361
ENSG00000181513	-0.1136529504526319
ENSG00000160226	-0.11368448986865021
ENSG00000249492	-0.11371830110732373
ENSG00000132823	-0.11375993377630622
ENSG00000167244	-0.11379532114338153
ENSG00000125037	-0.11381572509088811
ENSG00000228393	-0.11383633265646675
ENSG00000204248	-0.11385809189720963
ENSG00000199293	-0.11390887172834152
ENSG00000175664	-0.11392530466725148
ENSG00000168913	-0.1139407609489792
ENSG00000256628	-0.11394668964174381
ENSG00000136488	-0.11399129076283288
ENSG00000177370	-0.11402433203169382
ENSG00000243491	-0.11404130957374603
ENSG00000170310	-0.11404989566052826
ENSG00000033030	-0.11405720220076987
ENSG00000149516	-0.1140774686926117
ENSG00000213240	-0.1141078453374772
ENSG00000180139	-0.11413655645754073
ENSG00000160961	-0.1141484679433562
ENSG00000267882	-0.11420211302438399
ENSG00000206187	-0.11420928024653709
ENSG00000270951	-0.11422470891101888
ENSG00000110002	-0.1142787770813879
ENSG00000122547	-0.11428125273594925
ENSG00000119681	-0.11429376838836147
ENSG00000153933	-0.1143062769838149
ENSG00000270035	-0.11431274974802585
ENSG00000158014	-0.11433277284679566
ENSG00000272931	-0.11433296744232191
ENSG00000254126	-0.11434014318538743
ENSG00000206567	-0.11435068500383316
ENSG00000255468	-0.11438876740407866
ENSG00000186566	-0.11443820830397422
ENSG00000250915	-0.11449213912695733
ENSG00000110203	-0.11451000700164682
ENSG00000115355	-0.11451124380612732
ENSG00000237838	-0.1145206444187471
ENSG00000186469	-0.11458203282739055
ENSG00000141577	-0.11461131843834571
ENSG00000157119	-0.11461889062827701
ENSG00000165732	-0.11471040014738576
ENSG00000160993	-0.11471095651518459
ENSG00000095319	-0.11471518164871342
ENSG00000176009	-0.11476241468993187
ENSG00000171209	-0.1147736225712005
ENSG00000164144	-0.11477529450114177
ENSG00000186146	-0.11477658864578977
ENSG00000227029	-0.11477776430904718
ENSG00000235501	-0.11480684510973915
ENSG00000237773	-0.11485602586465538
ENSG00000248275	-0.11486243134274865
ENSG00000169220	-0.11490540625255297
ENSG00000249343	-0.11490737499387116
ENSG00000227432	-0.11491112059007502
ENSG00000272043	-0.11491628423850409
ENSG00000184208	-0.1150458804086586
ENSG00000127481	-0.11510080239355602
ENSG00000105662	-0.11512173367278944
ENSG00000242474	-0.11515138031823235
ENSG00000186162	-0.1151584900935555
ENSG00000082556	-0.11516460274548823
ENSG00000132912	-0.11517757119194416
ENSG00000143499	-0.11518526477871527
ENSG00000131979	-0.11522896894777734
ENSG00000129422	-0.11523543947254056
ENSG00000203909	-0.11527758473027161
ENSG00000166166	-0.11531390336271441
ENSG00000113361	-0.11532072207422484
ENSG00000010165	-0.11533233049445568
ENSG00000181374	-0.11533759976836389
ENSG00000169629	-0.11534424669566601
ENSG00000166106	-0.11535011040708443
ENSG00000260971	-0.1154048223803884
ENSG00000111341	-0.11542302315138964
ENSG00000163913	-0.11546624559854246
ENSG00000225265	-0.11548212234997346
ENSG00000180712	-0.11556606865544827
ENSG00000242550	-0.11557577232026606
ENSG00000215045	-0.11564171773691612
ENSG00000127511	-0.1157120044532054
ENSG00000269699	-0.11580592024799263
ENSG00000166689	-0.11586705147722254
ENSG00000113658	-0.11587000301929395
ENSG00000119004	-0.11587004218942343
ENSG00000002933	-0.11587135055121645
ENSG00000198380	-0.11588506516479746
ENSG00000130699	-0.11590974029571843
ENSG00000213199	-0.11594738009026517
ENSG00000152767	-0.115951263707331
ENSG00000134684	-0.11595252741700546
ENSG00000237037	-0.1160030312378828
ENSG00000272479	-0.11600830218515257
ENSG00000186231	-0.11602308911132841
ENSG00000144802	-0.11610565800747841
ENSG00000178917	-0.11611025241944084
ENSG00000132356	-0.1161464617903275
ENSG00000268592	-0.11625321552186585
ENSG00000138434	-0.11626425542333352
ENSG00000122224	-0.1162903502639161
ENSG00000270277	-0.11633170273304605
ENSG00000179284	-0.1163414016436195
ENSG00000077942	-0.11636654152588966
ENSG00000188511	-0.11636724373810803
ENSG00000099260	-0.11638648287504505
ENSG00000196914	-0.1164179085842093
ENSG00000146247	-0.11642960570301708
ENSG00000047932	-0.11645299911777351
ENSG00000243749	-0.1164571612273575
ENSG00000140955	-0.11648872834735946
ENSG00000143473	-0.11651457192797565
ENSG00000146067	-0.11653811933622393
ENSG00000134827	-0.11654016214148111
ENSG00000177542	-0.11655081074855467
ENSG00000244625	-0.11655459207052254
ENSG00000078674	-0.11661721551279203
ENSG00000163364	-0.1166342181172797
ENSG00000204889	-0.11664407885924144
ENSG00000152457	-0.11667115360966251
ENSG00000142207	-0.11670467470577606
ENSG00000166260	-0.11670626569853171
ENSG00000164398	-0.1167227020352194
ENSG00000002330	-0.11674731146297945
ENSG00000111331	-0.11680873503319011
ENSG00000168056	-0.11681223859595014
ENSG00000163220	-0.1168276636874056
ENSG00000233153	-0.11686377627225109
ENSG00000128928	-0.11689742827532423
ENSG00000169255	-0.1169112110183207
ENSG00000137674	-0.11693886598126002
ENSG00000147256	-0.11697734426092965
ENSG00000254235	-0.11698159297374588
ENSG00000136205	-0.11700892033608878
ENSG00000133704	-0.11701803482631257
ENSG00000263110	-0.11701968656596184
ENSG00000138018	-0.11702854783042871
ENSG00000022355	-0.11703125823767624
ENSG00000145041	-0.11704823202931969
ENSG00000116690	-0.11708547194267815
ENSG00000024862	-0.1171011419854453
ENSG00000154645	-0.11716326195352733
ENSG00000237605	-0.11717668046819696
ENSG00000156504	-0.1172199675906247
ENSG00000152270	-0.11723253967492131
ENSG00000131669	-0.11723335006406121
ENSG00000271133	-0.11723497194980881
ENSG00000197056	-0.11727812517470726
ENSG00000254024	-0.11730899813709972
ENSG00000166118	-0.11732550326638413
ENSG00000115844	-0.11733790035034375
ENSG00000184470	-0.11737550986883438
ENSG00000261578	-0.1173832017191172
ENSG00000104731	-0.117395732260142
ENSG00000139292	-0.11742587442807761
ENSG00000069424	-0.11742986306714731
ENSG00000136158	-0.11743836017459675
ENSG00000145741	-0.11756807553435611
ENSG00000122952	-0.11761699246547375
ENSG00000111725	-0.11765736654722181
ENSG00000115306	-0.1176742717779311
ENSG00000250133	-0.11779412389593447
ENSG00000226374	-0.11783144579560989
ENSG00000162419	-0.11783230842543269
ENSG00000164934	-0.11786129344573382
ENSG00000174276	-0.11786496495784493
ENSG00000184967	-0.11786836548449364
ENSG00000131849	-0.11790998574294953
ENSG00000136286	-0.11792864460040875
ENSG00000117479	-0.11796051928142348
ENSG00000225675	-0.11797141029437141
ENSG00000224609	-0.11797899083952235
ENSG00000262155	-0.11800055101176854
ENSG00000236769	-0.11800195129850544
ENSG00000122696	-0.11801453811285634
ENSG00000249854	-0.11801752154410794
ENSG00000144792	-0.11807958355507109
ENSG00000249679	-0.1180817344507098
ENSG00000211955	-0.1180943115930494
ENSG00000179627	-0.11813073611048475
ENSG00000115423	-0.11816401779880248
ENSG00000179409	-0.1181738064146104
ENSG00000168481	-0.11821260576227155
ENSG00000256286	-0.11822578284202834
ENSG00000183734	-0.11824422455668193
ENSG00000126226	-0.11825102854409553
ENSG00000162390	-0.11825932278214824
ENSG00000259081	-0.11827609679798967
ENSG00000052749	-0.11828768599009176
ENSG00000234917	-0.11829778135577218
ENSG00000211892	-0.11830514999140584
ENSG00000245680	-0.11831798866259657
ENSG00000142515	-0.11834024809510535
ENSG00000122735	-0.11834171086292089
ENSG00000129353	-0.11837165032454744
ENSG00000123612	-0.11838259343227309
ENSG00000198894	-0.11839007489007103
ENSG00000221995	-0.1183926047357583
ENSG00000147124	-0.11839282292207509
ENSG00000213588	-0.11844364144216657
ENSG00000183889	-0.11850082107999071
ENSG00000250777	-0.11852285011293473
ENSG00000108349	-0.1185363194400566
ENSG00000133107	-0.11858517875034658
ENSG00000162222	-0.11859880353143226
ENSG00000145779	-0.11860216618071384
ENSG00000215869	-0.11860852690823687
ENSG00000226521	-0.11863890043159508
ENSG00000232871	-0.1186423901293795
ENSG00000116663	-0.11866423710207319
ENSG00000204623	-0.11868074486573643
ENSG00000028137	-0.11872062333064226
ENSG00000146833	-0.11873660327161195
ENSG00000140382	-0.11878466452711312
ENSG00000152315	-0.11878619119111011
ENSG00000250497	-0.11880368929776297
ENSG00000174227	-0.11881855839061195
ENSG00000198464	-0.11882050471578953
ENSG00000105642	-0.1188643825992497
ENSG00000138032	-0.1188939296954995
ENSG00000166917	-0.11890177506131805
ENSG00000142867	-0.1189429817534483
ENSG00000100445	-0.11894674642734371
ENSG00000239922	-0.11897112256740083
ENSG00000113649	-0.11899198447715575
ENSG00000124257	-0.1190038259919236
ENSG00000166261	-0.11901713065441544
ENSG00000162104	-0.11905044938117726
ENSG00000261409	-0.1190560078504439
ENSG00000072518	-0.11909936167191237
ENSG00000107643	-0.11914116548097076
ENSG00000203791	-0.11916020569673191
ENSG00000181135	-0.11917021555289953
ENSG00000101966	-0.1191797347031055
ENSG00000204969	-0.119200229568866
ENSG00000187166	-0.11921073322067577
ENSG00000128908	-0.11923680033210082
ENSG00000172661	-0.11925742659887384
ENSG00000166886	-0.11933297608088611
ENSG00000139350	-0.11934610775630983
ENSG00000261064	-0.11935323421171184
ENSG00000180787	-0.11935964796069287
ENSG00000125484	-0.11937318141124986
ENSG00000248333	-0.1194093745870689
ENSG00000258708	-0.119464741333419
ENSG00000185594	-0.11946639688777072
ENSG00000086159	-0.11949729524924602
ENSG00000211724	-0.11952465015712832
ENSG00000137976	-0.11953603975184623
ENSG00000177565	-0.11962788906610222
ENSG00000272666	-0.11964983145038155
ENSG00000188365	-0.11965416608927837
ENSG00000196696	-0.11965864555016936
ENSG00000204193	-0.11966410543088168
ENSG00000267202	-0.11968110172861568
ENSG00000166801	-0.11969209888765675
ENSG00000147854	-0.11973266260753046
ENSG00000121644	-0.11974310849995995
ENSG00000073754	-0.11978933177528917
ENSG00000229961	-0.11982373785852796
ENSG00000255741	-0.11986729444577793
ENSG00000250863	-0.11988958506991121
ENSG00000033867	-0.1198926949940462
ENSG00000152669	-0.11990595363880785
ENSG00000253414	-0.11993461462744048
ENSG00000120289	-0.1199460389967214
ENSG00000117983	-0.11995047217707944
ENSG00000252106	-0.11995090340755621
ENSG00000107518	-0.12002072305359779
ENSG00000186104	-0.12003267275168017
ENSG00000120280	-0.12009339395001373
ENSG00000066827	-0.12009661213596778
ENSG00000168267	-0.12010835631660599
ENSG00000112679	-0.12011760101820179
ENSG00000160318	-0.12013606831416102
ENSG00000101452	-0.1201480628126188
ENSG00000186205	-0.12017437493829153
ENSG00000160683	-0.12019091133367776
ENSG00000272092	-0.12020806415970575
ENSG00000041515	-0.12022226405117564
ENSG00000126838	-0.12029446031584112
ENSG00000204390	-0.12030866159483977
ENSG00000272573	-0.12031769479495746
ENSG00000101189	-0.12034110181187574
ENSG00000223318	-0.12035203532607086
ENSG00000223393	-0.1204071436236741
ENSG00000261115	-0.12041337123005769
ENSG00000256803	-0.12042232242363748
ENSG00000203280	-0.12046244512087334
ENSG00000188176	-0.12048294253749603
ENSG00000159596	-0.1205308273249236
ENSG00000272979	-0.12053338735799413
ENSG00000272894	-0.12054529986353835
ENSG00000203326	-0.12055196127405787
ENSG00000273373	-0.12057133707532963
ENSG00000189283	-0.1205927103454878
ENSG00000267986	-0.12066817332124968
ENSG00000127666	-0.12069910337266065
ENSG00000170153	-0.12072969755292084
ENSG00000271040	-0.12074182251633936
ENSG00000230679	-0.12079395305291207
ENSG00000099899	-0.12081471060455873
ENSG00000173681	-0.12090459767303485
ENSG00000138685	-0.12090662950115127
ENSG00000143469	-0.12093001277091342
ENSG00000253834	-0.12094111465571278
ENSG00000133619	-0.12094904605757562
ENSG00000233110	-0.12102911949202744
ENSG00000263738	-0.12103150183794187
ENSG00000211791	-0.1210785154088766
ENSG00000271395	-0.12112939655855903
ENSG00000073417	-0.12113306738949714
ENSG00000167595	-0.12118917515078176
ENSG00000261410	-0.12119334986205355
ENSG00000230798	-0.1212134678193112
ENSG00000152749	-0.12122703179844474
ENSG00000163754	-0.12124964656439352
ENSG00000137936	-0.1212973002348543
ENSG00000138101	-0.12130494335061037
ENSG00000196526	-0.12134125541927465
ENSG00000185614	-0.12135572235193048
ENSG00000269938	-0.12137372305033955
ENSG00000104450	-0.121389089932734
ENSG00000198805	-0.12141045509040294
ENSG00000123066	-0.12141678370827547
ENSG00000227825	-0.12142322239929171
ENSG00000006659	-0.12145349583818676
ENSG00000164626	-0.12146636992781723
ENSG00000272316	-0.12146647974525882
ENSG00000173928	-0.12150047636902195
ENSG00000269609	-0.12150403844590285
ENSG00000146386	-0.12152476835772563
ENSG00000107833	-0.12155031419203699
ENSG00000175087	-0.12156737125973782
ENSG00000258117	-0.1215826149702246
ENSG00000105792	-0.12159823551022586
ENSG00000264301	-0.12161143962129684
ENSG00000254858	-0.12162857463926158
ENSG00000143514	-0.12166316405773892
ENSG00000184206	-0.12168735965702882
ENSG00000115942	-0.12170950629074795
ENSG00000165097	-0.12172824404782001
ENSG00000185842	-0.12173020974567628
ENSG00000100154	-0.12173039049768586
ENSG00000113594	-0.12178637217243615
ENSG00000066185	-0.12185762020550983
ENSG00000213015	-0.12187605135005486
ENSG00000135324	-0.12193575284333247
ENSG00000176490	-0.12193880530384771
ENSG00000251015	-0.1219535068080374
ENSG00000221838	-0.12198548612728599
ENSG00000242671	-0.12203148209270875
ENSG00000175538	-0.12216578494116082
ENSG00000075240	-0.12223502649295848
ENSG00000196961	-0.12232715326094667
ENSG00000160207	-0.12236002902390009
ENSG00000269893	-0.12236614819268754
ENSG00000122970	-0.12237574435105014
ENSG00000205634	-0.12239356349233144
ENSG00000248693	-0.12240170828605113
ENSG00000270021	-0.12241693924659891
ENSG00000225362	-0.12246110676889466
ENSG00000133056	-0.12247044411676022
ENSG00000233999	-0.12247252673121645
ENSG00000072364	-0.12250912555606663
ENSG00000198841	-0.12250987624944254
ENSG00000100058	-0.12252526873324943
ENSG00000136114	-0.1225316299982161
ENSG00000223501	-0.12258975527465354
ENSG00000249196	-0.12261864773880904
ENSG00000261324	-0.12264283609807536
ENSG00000258384	-0.12269516977065764
ENSG00000261512	-0.12271636066320435
ENSG00000140987	-0.12276197158812008
ENSG00000188566	-0.12280202091936299
ENSG00000153823	-0.12281037116195648
ENSG00000247572	-0.12284775336439446
ENSG00000125872	-0.12285118257720451
ENSG00000143970	-0.12285863978250133
ENSG00000165805	-0.1229422801561948
ENSG00000248905	-0.12305117021495693
ENSG00000120438	-0.12309460490589041
ENSG00000080802	-0.12310914182702604
ENSG00000268081	-0.1231283422888837
ENSG00000115839	-0.1231429434857293
ENSG00000228701	-0.12320902058325889
ENSG00000272555	-0.12321285032299889
ENSG00000250608	-0.123242487756827
ENSG00000233894	-0.12326112460541372
ENSG00000234084	-0.12326493181105258
ENSG00000117528	-0.12327270255553868
ENSG00000172775	-0.12331940810071684
ENSG00000137166	-0.12332104643934383
ENSG00000167524	-0.12334142365955847
ENSG00000146282	-0.12341540351773639
ENSG00000243066	-0.12344117668346455
ENSG00000230704	-0.12351013587707727
ENSG00000161813	-0.12352036249211895
ENSG00000171786	-0.12352525429523764
ENSG00000254680	-0.12352741480555651
ENSG00000169299	-0.12353633120188745
ENSG00000198785	-0.123574801335944
ENSG00000228278	-0.12360637742535874
ENSG00000211818	-0.12361865076115464
ENSG00000106346	-0.12362886161849407
ENSG00000211658	-0.12366169761493684
ENSG00000204305	-0.12370273767199869
ENSG00000182256	-0.1237313439323412
ENSG00000258254	-0.12373582664665861
ENSG00000004468	-0.12375256928691847
ENSG00000107758	-0.123771519600397
ENSG00000132434	-0.12382743061967916
ENSG00000266964	-0.1238378481608371
ENSG00000147573	-0.12385802637077226
ENSG00000257603	-0.12392033628369759
ENSG00000230666	-0.12392732512615556
ENSG00000095794	-0.12394477150616323
ENSG00000201136	-0.12396081982399632
ENSG00000176692	-0.12400920496431111
ENSG00000258867	-0.12402673676779741
ENSG00000168310	-0.12405350800385406
ENSG00000145214	-0.12408624311317029
ENSG00000135374	-0.12409012020760313
ENSG00000146856	-0.12409089442027366
ENSG00000173409	-0.12410362282935561
ENSG00000043514	-0.12412256477376804
ENSG00000273391	-0.12419322813672884
ENSG00000163161	-0.12426173898816761
ENSG00000145284	-0.12427218095955717
ENSG00000255279	-0.12429509039591269
ENSG00000209480	-0.12429863329478852
ENSG00000233183	-0.12430210922708618
ENSG00000165055	-0.12432516997986165
ENSG00000258731	-0.12439569382351623
ENSG00000113593	-0.12440362378220926
ENSG00000197265	-0.12440671475039833
ENSG00000140279	-0.12444542082460286
ENSG00000269873	-0.12447431211090931
ENSG00000245060	-0.12452408447583163
ENSG00000081087	-0.12453717098681338
ENSG00000126953	-0.12457557057171553
ENSG00000227775	-0.12458426655433241
ENSG00000187783	-0.12458789399260672
ENSG00000261269	-0.1246914304855894
ENSG00000148120	-0.1246929189835625
ENSG00000144278	-0.12469592882864977
ENSG00000249748	-0.12470911904919613
ENSG00000214145	-0.12472274028581154
ENSG00000174640	-0.12475764457598615
ENSG00000100429	-0.12479272912553618
ENSG00000232593	-0.12482022910338753
ENSG00000230943	-0.124832434321969
ENSG00000100347	-0.12486607292587992
ENSG00000211664	-0.12486850358570423
ENSG00000187116	-0.12488448206723268
ENSG00000233937	-0.12492931241459715
ENSG00000123191	-0.12494323674145658
ENSG00000258913	-0.12496215215551831
ENSG00000260830	-0.12496296752094416
ENSG00000061337	-0.12497600652478769
ENSG00000131042	-0.12499628039741895
ENSG00000144834	-0.12507419871563352
ENSG00000261959	-0.12509638108696486
ENSG00000169676	-0.12516041297920522
ENSG00000261595	-0.12518494459769258
ENSG00000136271	-0.12518879090179713
ENSG00000271993	-0.12519588921910396
ENSG00000111203	-0.1252610982669251
ENSG00000162849	-0.12527507272841676
ENSG00000243479	-0.125311492299089
ENSG00000267114	-0.12531234465331853
ENSG00000225408	-0.12532079309074573
ENSG00000158571	-0.12538896976816727
ENSG00000104177	-0.12541010653745488
ENSG00000088305	-0.1254407995016269
ENSG00000163898	-0.12545109568166712
ENSG00000167487	-0.12546160452610966
ENSG00000135253	-0.12547834567028993
ENSG00000167306	-0.12550722641810041
ENSG00000145832	-0.12551087641173497
ENSG00000267746	-0.12551212724107896
ENSG00000197576	-0.1255248469723279
ENSG00000161048	-0.12555262031828884
ENSG00000138483	-0.12560551495042116
ENSG00000124762	-0.12561543545132892
ENSG00000161914	-0.12562701007953814
ENSG00000168092	-0.12575582052878476
ENSG00000101997	-0.1257569245925827
ENSG00000250803	-0.12580333616285488
ENSG00000100106	-0.12582210248403514
ENSG00000135341	-0.12583711553961263
ENSG00000100916	-0.12586401191349328
ENSG00000160606	-0.12587582449180812
ENSG00000232862	-0.12591393050897803
ENSG00000225649	-0.12607068040345637
ENSG00000175267	-0.12608831199399895
ENSG00000137871	-0.1260938364286186
ENSG00000183808	-0.12610829037247284
ENSG00000172081	-0.12613983279278507
ENSG00000131848	-0.12614992593123642
ENSG00000204564	-0.1262032483831138
ENSG00000167395	-0.1262127735600752
ENSG00000136273	-0.12621806178252903
ENSG00000237853	-0.12622761220129275
ENSG00000261061	-0.12625567328815834
ENSG00000249085	-0.1262688053045935
ENSG00000104946	-0.12630502498877072
ENSG00000255495	-0.12631012307027334
ENSG00000238033	-0.12631458881719593
ENSG00000236039	-0.1263259805999084
ENSG00000175806	-0.12641947044467416
ENSG00000174898	-0.12651569287621367
ENSG00000197106	-0.126527387311278
ENSG00000125388	-0.12653127327714642
ENSG00000184787	-0.1265797547958617
ENSG00000229348	-0.126606809524478
ENSG00000163485	-0.12660736112997428
ENSG00000143748	-0.1266332094900452
ENSG00000204930	-0.12669876503816546
ENSG00000198908	-0.12670434825922805
ENSG00000162894	-0.12672650086728443
ENSG00000073756	-0.12673751140451484
ENSG00000156110	-0.12676495603259175
ENSG00000120733	-0.12677648032350808
ENSG00000115155	-0.1268135093581173
ENSG00000258768	-0.12685242272281338
ENSG00000227908	-0.12685416917072223
ENSG00000139323	-0.12685959710157246
ENSG00000269356	-0.12686720909197025
ENSG00000241644	-0.1268766095402134
ENSG00000160767	-0.12689119311799713
ENSG00000263463	-0.12690642454670187
ENSG00000227135	-0.12692790707512835
ENSG00000255422	-0.12695391036252757
ENSG00000248539	-0.12697871252460402
ENSG00000232352	-0.12700867063500887
ENSG00000257476	-0.12702041452703872
ENSG00000227755	-0.12705182875069954
ENSG00000143156	-0.1271168826078657
ENSG00000125931	-0.12713977158865586
ENSG00000143994	-0.12714047455241329
ENSG00000260563	-0.12715423342694698
ENSG00000148303	-0.12716147565910008
ENSG00000170465	-0.12716640632255138
ENSG00000266950	-0.1271771654567685
ENSG00000226645	-0.1271790284254949
ENSG00000083312	-0.1272337369975992
ENSG00000271239	-0.12723417819643756
ENSG00000228643	-0.1272695129979765
ENSG00000254901	-0.12735155237342877
ENSG00000270457	-0.12736357846261537
ENSG00000169026	-0.12736557618827504
ENSG00000163209	-0.12740778406706232
ENSG00000235531	-0.12742962727596008
ENSG00000189326	-0.12743682980050675
ENSG00000123171	-0.12746435152473756
ENSG00000078596	-0.12747271940434457
ENSG00000128699	-0.12748220312979774
ENSG00000168175	-0.127498879181555
ENSG00000185186	-0.1274990666785315
ENSG00000117090	-0.1275295670261788
ENSG00000100014	-0.12756742733457882
ENSG00000261222	-0.1275718602119641
ENSG00000166984	-0.12757186294841172
ENSG00000112137	-0.12760994808210335
ENSG00000131401	-0.1276397373711755
ENSG00000267278	-0.12764342903406756
ENSG00000203697	-0.12764592596409907
ENSG00000165912	-0.12766548572746594
ENSG00000184436	-0.1277440884635057
ENSG00000246859	-0.12775149569594868
ENSG00000235027	-0.12776835459294034
ENSG00000223440	-0.12777039737100804
ENSG00000117425	-0.12777752005409737
ENSG00000088926	-0.12780938478493797
ENSG00000006652	-0.12786210439309764
ENSG00000237738	-0.12787625586647722
ENSG00000144182	-0.12792069620544144
ENSG00000084110	-0.1279399043902978
ENSG00000125962	-0.12794211039426207
ENSG00000196776	-0.12803947443647334
ENSG00000117971	-0.12805902329297014
ENSG00000132436	-0.128065288891955
ENSG00000167525	-0.12813871430366708
ENSG00000158615	-0.1281604488956809
ENSG00000253307	-0.12821041820124301
ENSG00000132300	-0.12822130773292362
ENSG00000260907	-0.1282317163545874
ENSG00000151715	-0.1282440382138227
ENSG00000251518	-0.12830823483010656
ENSG00000131844	-0.12832876157119633
ENSG00000254187	-0.12835090300782326
ENSG00000227354	-0.12835177091869288
ENSG00000111215	-0.12836020440365425
ENSG00000268262	-0.12837996786681305
ENSG00000258498	-0.12840389109065586
ENSG00000130433	-0.12841391615880116
ENSG00000235831	-0.12841772189136869
ENSG00000181894	-0.12842064289581145
ENSG00000164877	-0.1284400382943527
ENSG00000139144	-0.1284634192191796
ENSG00000185433	-0.12850795784298874
ENSG00000229282	-0.12852194001182315
ENSG00000229808	-0.12862587403100634
ENSG00000261188	-0.12865193510600037
ENSG00000255269	-0.128677179238341
ENSG00000137713	-0.12874072281491644
ENSG00000188778	-0.12875879701325266
ENSG00000129480	-0.1288081205295778
ENSG00000234147	-0.1288321353607763
ENSG00000243636	-0.12884387561865773
ENSG00000138617	-0.12888063422113116
ENSG00000144152	-0.12888937940787593
ENSG00000158467	-0.12890672032354522
ENSG00000233123	-0.12900816401949777
ENSG00000204054	-0.1290494452620491
ENSG00000198198	-0.129089485362758
ENSG00000095110	-0.1290904879156085
ENSG00000230606	-0.1291021128637171
ENSG00000168348	-0.12915497629428685
ENSG00000262339	-0.129217468622441
ENSG00000166800	-0.1292407931047609
ENSG00000131095	-0.1292446640663144
ENSG00000074657	-0.1292462784273759
ENSG00000255652	-0.12927461010945873
ENSG00000261470	-0.12927593274883564
ENSG00000204231	-0.12934682403268516
ENSG00000169258	-0.1293518495928877
ENSG00000163933	-0.12935782667297469
ENSG00000128923	-0.12938808402210178
ENSG00000165934	-0.12939815997988935
ENSG00000075292	-0.12942819877177414
ENSG00000238197	-0.12945121355878797
ENSG00000135519	-0.12945716489124814
ENSG00000110801	-0.12951407795859193
ENSG00000166823	-0.12952093588920655
ENSG00000169891	-0.12955356704705334
ENSG00000111275	-0.12958501511826492
ENSG00000179941	-0.12959123919649584
ENSG00000183134	-0.12964264353547383
ENSG00000232656	-0.12965037332042262
ENSG00000226751	-0.1296757274032707
ENSG00000068724	-0.1297034734003003
ENSG00000007001	-0.12975967840483615
ENSG00000266709	-0.12983358959777558
ENSG00000255494	-0.12987632335760013
ENSG00000254865	-0.12988367573553905
ENSG00000160321	-0.1298955376228187
ENSG00000233487	-0.12989716744112878
ENSG00000204991	-0.1299038356097726
ENSG00000100575	-0.12992491096311864
ENSG00000235236	-0.12994519799690119
ENSG00000101977	-0.12996063077202002
ENSG00000189067	-0.12998156863399946
ENSG00000249873	-0.1300135411388207
ENSG00000255400	-0.1300335339960188
ENSG00000187605	-0.13004381873672743
ENSG00000153086	-0.1300471719823315
ENSG00000175699	-0.1300617637586332
ENSG00000181751	-0.13007178590293356
ENSG00000187695	-0.13008546377986463
ENSG00000149922	-0.13011984313278235
ENSG00000235423	-0.13012317160416165
ENSG00000272459	-0.13013315253838076
ENSG00000172380	-0.13014566833481978
ENSG00000160948	-0.13015573644991318
ENSG00000179846	-0.13015770785488479
ENSG00000259138	-0.13017010702814102
ENSG00000268061	-0.1301844551857423
ENSG00000117713	-0.1302002009340023
ENSG00000142208	-0.1302429387697509
ENSG00000160917	-0.1302517075742019
ENSG00000023228	-0.13025267680939612
ENSG00000197483	-0.13026783797169006
ENSG00000261766	-0.13028179761795966
ENSG00000231421	-0.130285609456968
ENSG00000047936	-0.1303899468837868
ENSG00000242258	-0.1304188632991461
ENSG00000145623	-0.13042610665433685
ENSG00000104408	-0.13042813805216436
ENSG00000074706	-0.13043769732724508
ENSG00000162365	-0.13046234317337602
ENSG00000131759	-0.13050022080538926
ENSG00000256659	-0.13052062816871002
ENSG00000075568	-0.13052420288471012
ENSG00000162738	-0.13053349265188174
ENSG00000155850	-0.13058661694587947
ENSG00000182261	-0.13059667932858188
ENSG00000267121	-0.13062166165379818
ENSG00000093000	-0.13062250283732024
ENSG00000259673	-0.13065470123633016
ENSG00000169314	-0.13068489301755448
ENSG00000159247	-0.13071893997470574
ENSG00000258944	-0.13077923238368316
ENSG00000085982	-0.1308080926869346
ENSG00000168040	-0.13083708682137662
ENSG00000007129	-0.13086578494150858
ENSG00000103740	-0.13091793384832395
ENSG00000131791	-0.13092019379635833
ENSG00000198730	-0.13093481172203525
ENSG00000184922	-0.13094008420057857
ENSG00000126653	-0.13096035195883826
ENSG00000196715	-0.13098280851524968
ENSG00000151475	-0.13103074674381732
ENSG00000265975	-0.13105697865769406
ENSG00000272682	-0.13107123242578111
ENSG00000170876	-0.1310723857088042
ENSG00000236200	-0.13110665916677533
ENSG00000042445	-0.13117635595574983
ENSG00000116774	-0.1312338400594557
ENSG00000231160	-0.1312473956322202
ENSG00000259701	-0.13129102992281794
ENSG00000248124	-0.13129865572313293
ENSG00000198453	-0.13131960921814745
ENSG00000108474	-0.13133508085965073
ENSG00000164024	-0.13134427865374532
ENSG00000205659	-0.1313473212709122
ENSG00000113327	-0.13145161174439313
ENSG00000258793	-0.13145489631089635
ENSG00000215301	-0.13145904419550913
ENSG00000185621	-0.13152221610184034
ENSG00000248370	-0.1315636052982171
ENSG00000122705	-0.13158685523520808
ENSG00000222011	-0.13160174654535617
ENSG00000171612	-0.13161995539115356
ENSG00000261326	-0.13163766769860263
ENSG00000085788	-0.13169304222116818
ENSG00000173064	-0.1317055267758963
ENSG00000164610	-0.1317136798277061
ENSG00000246898	-0.13172087284910416
ENSG00000184154	-0.13172666344851092
ENSG00000106526	-0.13176309206257542
ENSG00000055483	-0.13176983528090624
ENSG00000007923	-0.13179136601694752
ENSG00000241258	-0.13180144729111332
ENSG00000173065	-0.13184906594736345
ENSG00000258515	-0.1318608884822604
ENSG00000269086	-0.13186797629907787
ENSG00000088970	-0.13188031287424096
ENSG00000187912	-0.13188148918349307
ENSG00000011275	-0.13188972873215932
ENSG00000079393	-0.1318934387626216
ENSG00000166170	-0.13194089405207743
ENSG00000107362	-0.13195973742701617
ENSG00000228889	-0.1319599514391555
ENSG00000248334	-0.13198161056750435
ENSG00000134460	-0.13204165483853147
ENSG00000227372	-0.13205228586146878
ENSG00000249249	-0.13206238566179673
ENSG00000255027	-0.13210766521584738
ENSG00000110786	-0.13217215156582962
ENSG00000146872	-0.13218425381359977
ENSG00000167851	-0.13219691263853595
ENSG00000112333	-0.13220624739082099
ENSG00000004487	-0.13220902816349944
ENSG00000132275	-0.13222120552418348
ENSG00000273253	-0.13222844012839519
ENSG00000181392	-0.13223470305603358
ENSG00000130396	-0.13224998681086053
ENSG00000231173	-0.1322610925283364
ENSG00000115896	-0.1322910415405225
ENSG00000149260	-0.13229174129093868
ENSG00000143641	-0.1322995236052541
ENSG00000071994	-0.13232898275645377
ENSG00000175879	-0.1323445365484458
ENSG00000139515	-0.13235088937186845
ENSG00000273015	-0.13236706952124788
ENSG00000158104	-0.13236871404553252
ENSG00000240041	-0.1323949129785269
ENSG00000145604	-0.13239655525841365
ENSG00000197021	-0.13240433013312503
ENSG00000188735	-0.13244727467507367
ENSG00000143756	-0.13248105358381235
ENSG00000113971	-0.13250484494791437
ENSG00000255125	-0.1325249210379228
ENSG00000269971	-0.13255807093957472
ENSG00000009950	-0.13259200004401628
ENSG00000065183	-0.1325930165021718
ENSG00000153767	-0.13261232659544386
ENSG00000234919	-0.1326242990820461
ENSG00000091879	-0.13266131189128294
ENSG00000272386	-0.13267373306321018
ENSG00000161956	-0.1326910811907751
ENSG00000253842	-0.13270057289257398
ENSG00000255624	-0.1327229813604962
ENSG00000259207	-0.1327660158917865
ENSG00000130734	-0.13277323331333402
ENSG00000137955	-0.1328982549318839
ENSG00000143740	-0.13293637400126623
ENSG00000166197	-0.13297147292432754
ENSG00000271141	-0.1329889178657151
ENSG00000257433	-0.1330275775031624
ENSG00000231769	-0.1330723645384876
ENSG00000135090	-0.13308778690809453
ENSG00000161654	-0.13310140059032283
ENSG00000163428	-0.13310689500590434
ENSG00000162437	-0.13311880939283016
ENSG00000182087	-0.13314289096583276
ENSG00000105835	-0.13317632787977174
ENSG00000242753	-0.13318958403968706
ENSG00000247416	-0.13320228177431281
ENSG00000253671	-0.13320267860756363
ENSG00000124788	-0.1332030918249889
ENSG00000103148	-0.13322569336893275
ENSG00000123213	-0.133254800314224
ENSG00000228376	-0.1332906437189939
ENSG00000203907	-0.13330088227068315
ENSG00000234585	-0.13330872449177888
ENSG00000196950	-0.13331151100590666
ENSG00000072415	-0.13333198172370797
ENSG00000236028	-0.13341111331692213
ENSG00000179241	-0.13346360854942407
ENSG00000143669	-0.13347588768954433
ENSG00000137207	-0.13348901394044443
ENSG00000110628	-0.13348986261752604
ENSG00000109163	-0.13352292203899463
ENSG00000249379	-0.13352880133296918
ENSG00000214897	-0.13355135618282354
ENSG00000066405	-0.1335986261998231
ENSG00000241764	-0.13360169283900047
ENSG00000036473	-0.13362246557283752
ENSG00000148335	-0.13365048602648733
ENSG00000167380	-0.1336886421413006
ENSG00000163625	-0.13368943649520282
ENSG00000241317	-0.13369110256905614
ENSG00000260219	-0.13369164729402427
ENSG00000259404	-0.1337019601736037
ENSG00000144677	-0.13372590977802967
ENSG00000254826	-0.13375487022979193
ENSG00000135108	-0.13375974802954427
ENSG00000223626	-0.13379701350323936
ENSG00000174606	-0.13380925014314138
ENSG00000264421	-0.13381159994978842
ENSG00000122584	-0.13381646600532326
ENSG00000236337	-0.13383831099515586
ENSG00000183943	-0.13383950113626308
ENSG00000221944	-0.133849987946281
ENSG00000182916	-0.13390990175661488
ENSG00000230528	-0.13391951006659486
ENSG00000262420	-0.13396906854474477
ENSG00000072041	-0.13397047152229968
ENSG00000138376	-0.13398076855446628
ENSG00000242349	-0.13398778007350332
ENSG00000138615	-0.13400304528758722
ENSG00000256870	-0.13400306156497255
ENSG00000072736	-0.13400972332911365
ENSG00000122692	-0.13406693988861385
ENSG00000185619	-0.13407716723192808
ENSG00000225791	-0.1341098272773651
ENSG00000170954	-0.13411308646434716
ENSG00000188389	-0.13413946095709528
ENSG00000128284	-0.13416933944659692
ENSG00000273008	-0.13417264813683627
ENSG00000134571	-0.13417912335601168
ENSG00000146242	-0.1342426404081547
ENSG00000164411	-0.13424883555291323
ENSG00000177943	-0.1342715813253359
ENSG00000235499	-0.13431407269205364
ENSG00000255992	-0.13434249393176512
ENSG00000234474	-0.13435669861181232
ENSG00000260589	-0.1343628018766977
ENSG00000219607	-0.13436492956798674
ENSG00000121871	-0.13438783298291812
ENSG00000187626	-0.13441665416838
ENSG00000130222	-0.134426757155109
ENSG00000251455	-0.13444230282238834
ENSG00000092148	-0.1344530131778222
ENSG00000196367	-0.1344587121669355
ENSG00000168938	-0.13446593476613689
ENSG00000114742	-0.13446734631476442
ENSG00000270820	-0.1344710706167338
ENSG00000226864	-0.1344806195604702
ENSG00000226097	-0.13454674571600755
ENSG00000170385	-0.1345867113295921
ENSG00000100813	-0.13460091609278035
ENSG00000177606	-0.1346014317988804
ENSG00000159111	-0.13460264826009838
ENSG00000139133	-0.13460553433771894
ENSG00000112308	-0.1346415608384346
ENSG00000160221	-0.13467003922110854
ENSG00000143344	-0.1346893787730592
ENSG00000122145	-0.13471528437427682
ENSG00000115718	-0.13477353673683512
ENSG00000154978	-0.13477795721274854
ENSG00000161609	-0.13482804859980302
ENSG00000213638	-0.1348506589465831
ENSG00000261697	-0.13489107502203213
ENSG00000166862	-0.1349021906079625
ENSG00000255248	-0.13490745626399459
ENSG00000114982	-0.13496286012700498
ENSG00000228275	-0.13498198590676902
ENSG00000183921	-0.13503512981722532
ENSG00000257038	-0.13504267465782094
ENSG00000163607	-0.13504721632208938
ENSG00000170684	-0.13505627252186092
ENSG00000123064	-0.1350571501081258
ENSG00000122565	-0.13509123530769085
ENSG00000273013	-0.13511618230374678
ENSG00000137675	-0.13514488139623282
ENSG00000261221	-0.13516791514287974
ENSG00000103550	-0.13521026513544
ENSG00000229258	-0.13522241956177639
ENSG00000197114	-0.13524358384416746
ENSG00000235703	-0.13525130832123078
ENSG00000261823	-0.13525326435059615
ENSG00000179954	-0.13526177383398508
ENSG00000260519	-0.1352835789048158
ENSG00000141933	-0.13529029715972918
ENSG00000177112	-0.13529438315296993
ENSG00000258970	-0.13529728890392234
ENSG00000225945	-0.135318610739405
ENSG00000231046	-0.13532948080137874
ENSG00000034152	-0.1353349010427366
ENSG00000129646	-0.13533834555622426
ENSG00000107372	-0.1353679866364368
ENSG00000224041	-0.13536816553840225
ENSG00000167962	-0.13537585327190094
ENSG00000256894	-0.13537762836640188
ENSG00000255440	-0.13539786937414866
ENSG00000254092	-0.13543270422146347
ENSG00000259038	-0.13543531293235067
ENSG00000112697	-0.13544737251096806
ENSG00000265254	-0.13545292284838018
ENSG00000089050	-0.13551073906574418
ENSG00000134215	-0.1355245140462833
ENSG00000105373	-0.1355312854412275
ENSG00000101193	-0.13554694952220514
ENSG00000231312	-0.13556020357091236
ENSG00000158258	-0.1356534931370792
ENSG00000115935	-0.13566655832356056
ENSG00000224535	-0.13578034666117011
ENSG00000157551	-0.1358044011539733
ENSG00000169379	-0.1358350888129648
ENSG00000078070	-0.13588633892824376
ENSG00000068650	-0.1359338562180129
ENSG00000253295	-0.13594196645059387
ENSG00000117862	-0.13596664275495107
ENSG00000254028	-0.13597124670962324
ENSG00000243243	-0.13597944091856407
ENSG00000138111	-0.13599691613325293
ENSG00000149527	-0.13599867456364723
ENSG00000005007	-0.13600061341821712
ENSG00000226950	-0.13602957835113272
ENSG00000205041	-0.13605065057503074
ENSG00000168763	-0.13608435594995305
ENSG00000101489	-0.13609071230829894
ENSG00000254201	-0.13611195001725418
ENSG00000250303	-0.13612394733682065
ENSG00000124104	-0.13622351496103602
ENSG00000204020	-0.13624426207436968
ENSG00000133636	-0.13632900187612285
ENSG00000071564	-0.13637702708902488
ENSG00000207304	-0.13642819215100133
ENSG00000069812	-0.13644245559905255
ENSG00000231064	-0.13646119134384027
ENSG00000124164	-0.13646210951465854
ENSG00000141252	-0.13648358763795077
ENSG00000132000	-0.13655749713050058
ENSG00000130948	-0.13655856836739144
ENSG00000247287	-0.13656659919659697
ENSG00000272498	-0.13660568659197247
ENSG00000182687	-0.13661467328311838
ENSG00000188647	-0.13665386996225348
ENSG00000261186	-0.13668425309502152
ENSG00000180891	-0.1367085124322006
ENSG00000089250	-0.13674641201296567
ENSG00000161243	-0.1367480543541123
ENSG00000145191	-0.13676304985961774
ENSG00000164172	-0.13683216403043486
ENSG00000221914	-0.13685768936729703
ENSG00000241978	-0.13687297561381317
ENSG00000206630	-0.13692319214699866
ENSG00000165359	-0.1369396120476264
ENSG00000213995	-0.1369434853557827
ENSG00000143924	-0.1369640363345801
ENSG00000148341	-0.13699044031612972
ENSG00000185352	-0.13700981297879122
ENSG00000273129	-0.137013647689888
ENSG00000164924	-0.1370213147433409
ENSG00000260302	-0.13703893280445079
ENSG00000131043	-0.1370818357759066
ENSG00000224032	-0.1371164481510726
ENSG00000166250	-0.1371237437538344
ENSG00000165494	-0.13720906781565445
ENSG00000269210	-0.13724437883251417
ENSG00000222482	-0.13729615894607516
ENSG00000117593	-0.13731430980924697
ENSG00000178928	-0.1373723648503049
ENSG00000161652	-0.1373998584787366
ENSG00000224596	-0.13747344394743766
ENSG00000188822	-0.13748075271540894
ENSG00000112530	-0.13749182631922263
ENSG00000008282	-0.1375042161161536
ENSG00000236810	-0.1375206005325157
ENSG00000271335	-0.13752960926390545
ENSG00000157212	-0.13753432873848492
ENSG00000271904	-0.1375413020342504
ENSG00000044446	-0.13759606453485174
ENSG00000104825	-0.1376115171277954
ENSG00000224631	-0.13761912831608303
ENSG00000259240	-0.1376534594340597
ENSG00000143416	-0.1376917308258786
ENSG00000185155	-0.13769323580549941
ENSG00000272654	-0.13769524372772635
ENSG00000185112	-0.13773692351292577
ENSG00000171163	-0.13775213501396433
ENSG00000196388	-0.1377594419361272
ENSG00000243550	-0.13776029931579659
ENSG00000267354	-0.13776659413702452
ENSG00000166432	-0.13777769753857427
ENSG00000269694	-0.1377935977627448
ENSG00000125520	-0.13779689108349458
ENSG00000255198	-0.13783176541519293
ENSG00000126353	-0.1378332459923317
ENSG00000114349	-0.13791690812536017
ENSG00000189377	-0.13792930432754202
ENSG00000266865	-0.1379547281749619
ENSG00000145022	-0.13797598976894998
ENSG00000011132	-0.13798450754412106
ENSG00000138642	-0.13801795101122039
ENSG00000102547	-0.1380697700266117
ENSG00000203875	-0.1381091888262157
ENSG00000125864	-0.13812522240109548
ENSG00000119630	-0.138148899529407
ENSG00000145332	-0.13815918385477577
ENSG00000163026	-0.13818106489995696
ENSG00000132964	-0.1381960385897052
ENSG00000128607	-0.13821621792812233
ENSG00000254497	-0.13821948105440185
ENSG00000152953	-0.1382197184642454
ENSG00000267169	-0.1382931652152597
ENSG00000251450	-0.13829629349456574
ENSG00000163530	-0.13829700539780765
ENSG00000247213	-0.1383051940646005
ENSG00000272509	-0.13833732268987464
ENSG00000091640	-0.13839296879363283
ENSG00000167419	-0.13839886695479875
ENSG00000135423	-0.13840105237184364
ENSG00000100258	-0.13841875733717213
ENSG00000167522	-0.13841916394973786
ENSG00000162129	-0.13844702102106987
ENSG00000254451	-0.1384837876797359
ENSG00000196284	-0.13850718834955655
ENSG00000260026	-0.1385166000103133
ENSG00000231439	-0.13852878828559034
ENSG00000267646	-0.13854522353748466
ENSG00000267606	-0.13855848522440029
ENSG00000264456	-0.13856708428083697
ENSG00000143443	-0.1385746912697774
ENSG00000063761	-0.13858093177934827
ENSG00000104381	-0.13861139250567756
ENSG00000157303	-0.1386354433670347
ENSG00000156738	-0.13864598646162463
ENSG00000258808	-0.13864843180406372
ENSG00000131778	-0.1386613768240954
ENSG00000273017	-0.13868949897342153
ENSG00000271725	-0.13873536239916984
ENSG00000253433	-0.1387504335375187
ENSG00000198612	-0.13876415747813986
ENSG00000246334	-0.1387763344025833
ENSG00000072803	-0.13877900483070116
ENSG00000235563	-0.1387905275592637
ENSG00000179256	-0.13879441608601084
ENSG00000122543	-0.13879857815471208
ENSG00000170421	-0.1388212176298077
ENSG00000251230	-0.1388459497213237
ENSG00000196405	-0.13893178012321605
ENSG00000186017	-0.13899584063640458
ENSG00000257114	-0.13900673750488246
ENSG00000205090	-0.1390453272277541
ENSG00000185264	-0.13905982889274837
ENSG00000127804	-0.13908768084182466
ENSG00000121274	-0.13914364973325732
ENSG00000100815	-0.13914531061301116
ENSG00000146416	-0.1391685087316501
ENSG00000068383	-0.13917357341647207
ENSG00000272158	-0.1391762736684976
ENSG00000244619	-0.13922361882984657
ENSG00000272170	-0.13928225376375591
ENSG00000100726	-0.1392969153951319
ENSG00000034053	-0.1393196234147922
ENSG00000161798	-0.13932694801802847
ENSG00000160305	-0.13932853297828307
ENSG00000261437	-0.1393394743770623
ENSG00000117477	-0.13938870102011847
ENSG00000142556	-0.13942093691125368
ENSG00000088888	-0.13949750999308763
ENSG00000128045	-0.13951589957811716
ENSG00000225655	-0.13951780577406514
ENSG00000172936	-0.13954541152269628
ENSG00000224397	-0.13955556012313786
ENSG00000073910	-0.13960598260832602
ENSG00000164107	-0.1396292358790815
ENSG00000261094	-0.139629273267039
ENSG00000257762	-0.13964386523173244
ENSG00000174448	-0.1396635212385251
ENSG00000160294	-0.13972791199649415
ENSG00000164542	-0.13973995450512045
ENSG00000075303	-0.13975836623200055
ENSG00000223414	-0.13977022334788303
ENSG00000171227	-0.13977107586582338
ENSG00000260947	-0.139823325363019
ENSG00000257512	-0.13984441867827035
ENSG00000271122	-0.1398756276788562
ENSG00000203643	-0.13990379519042173
ENSG00000110107	-0.13993326120419092
ENSG00000156795	-0.13995038152411632
ENSG00000127955	-0.1399570609332571
ENSG00000088833	-0.13996269289854602
ENSG00000270175	-0.13996836666075274
ENSG00000165233	-0.13997080969694997
ENSG00000266208	-0.14000392093998715
ENSG00000127080	-0.1400112379389098
ENSG00000101608	-0.14023918553841597
ENSG00000212743	-0.14029431954040095
ENSG00000213047	-0.14029939299185168
ENSG00000166405	-0.1403144906783631
ENSG00000105122	-0.14035570181934454
ENSG00000119411	-0.14037068424414145
ENSG00000168488	-0.14041450322831406
ENSG00000070367	-0.14044781702351383
ENSG00000171793	-0.14051410791184094
ENSG00000227438	-0.14054697012387574
ENSG00000184451	-0.14054910562886747
ENSG00000222020	-0.14068597418199458
ENSG00000168026	-0.14070840668500884
ENSG00000072657	-0.14072159948073681
ENSG00000228262	-0.14076253619457102
ENSG00000140323	-0.1407841454365082
ENSG00000205702	-0.14082731454370045
ENSG00000228735	-0.14083587014515286
ENSG00000227757	-0.14084049815210942
ENSG00000244310	-0.14084790340339526
ENSG00000185019	-0.14086321706063587
ENSG00000173611	-0.14088625638332686
ENSG00000272417	-0.14089780555332165
ENSG00000086827	-0.14090715019685607
ENSG00000261886	-0.14099264699373815
ENSG00000241231	-0.14106644365364474
ENSG00000263370	-0.14112995377857285
ENSG00000179023	-0.14114066803125191
ENSG00000176248	-0.14120673466973388
ENSG00000204363	-0.14122388463543334
ENSG00000085382	-0.14122680027116252
ENSG00000132471	-0.141230593987
ENSG00000110422	-0.14125728018117
ENSG00000139842	-0.14126819527195367
ENSG00000139977	-0.14127228756448185
ENSG00000113838	-0.1412731199060333
ENSG00000182473	-0.14127964512287483
ENSG00000186827	-0.14131599828788532
ENSG00000170099	-0.14132194640537976
ENSG00000189045	-0.14133680972770168
ENSG00000171723	-0.14134102610444454
ENSG00000250328	-0.14135103634299917
ENSG00000100330	-0.1413702673700591
ENSG00000269386	-0.1413804260288194
ENSG00000150776	-0.14138698206184352
ENSG00000235140	-0.14138919592097998
ENSG00000243509	-0.1414100314502974
ENSG00000161904	-0.14142119032858258
ENSG00000120314	-0.1414256000058951
ENSG00000236699	-0.14142965627590842
ENSG00000123124	-0.1414461211313458
ENSG00000265511	-0.14145601846551525
ENSG00000196204	-0.14148210157186758
ENSG00000100083	-0.1415201146318391
ENSG00000243819	-0.14153692511160876
ENSG00000167216	-0.14157611054445285
ENSG00000236340	-0.14159332730933005
ENSG00000124193	-0.1416282263554398
ENSG00000176225	-0.14163513600903643
ENSG00000165633	-0.1416474661360798
ENSG00000130962	-0.14169277187393492
ENSG00000086967	-0.14171181044210923
ENSG00000153283	-0.1417275429096958
ENSG00000100197	-0.1417610971132196
ENSG00000228630	-0.1417783646492331
ENSG00000172954	-0.14180974806523472
ENSG00000115750	-0.14181169879479716
ENSG00000152527	-0.14181874835126962
ENSG00000267419	-0.14183268147374017
ENSG00000256116	-0.14186243634710194
ENSG00000169064	-0.14188129900595992
ENSG00000211965	-0.14193222186022936
ENSG00000257556	-0.14194495353421954
ENSG00000243232	-0.14195590742030606
ENSG00000196663	-0.14197535797381056
ENSG00000117360	-0.14198352584579887
ENSG00000248203	-0.1420003131071439
ENSG00000248329	-0.1420050838826591
ENSG00000156976	-0.14204121660366276
ENSG00000166589	-0.1420598779262483
ENSG00000173273	-0.14206621683040133
ENSG00000100599	-0.14207914231019603
ENSG00000271737	-0.14210853836478587
ENSG00000166484	-0.1421334936471541
ENSG00000146373	-0.14214498650216267
ENSG00000131368	-0.1421984726699257
ENSG00000096060	-0.1422349674383574
ENSG00000168070	-0.14223617366392782
ENSG00000099968	-0.14224437665467304
ENSG00000170653	-0.142249093778417
ENSG00000103194	-0.14225345882617335
ENSG00000261643	-0.14231761341308347
ENSG00000156052	-0.14234554667900046
ENSG00000164930	-0.14238728862550087
ENSG00000170827	-0.14245789941360332
ENSG00000169410	-0.14246063534988473
ENSG00000131355	-0.14248040591905609
ENSG00000011677	-0.14248205843152117
ENSG00000234899	-0.14249803546339512
ENSG00000260618	-0.14254312381890755
ENSG00000165478	-0.14257178464848952
ENSG00000171522	-0.14257359658497226
ENSG00000122299	-0.14259603957086808
ENSG00000247675	-0.14260048128541958
ENSG00000257702	-0.1426224960480481
ENSG00000184371	-0.1426711357020275
ENSG00000024048	-0.14267254670880358
ENSG00000166407	-0.14269019493102608
ENSG00000173653	-0.14269414003525183
ENSG00000174004	-0.1427161457684446
ENSG00000130508	-0.1427452894890363
ENSG00000235538	-0.14276084383712884
ENSG00000235899	-0.1427685809258722
ENSG00000171467	-0.14277453665285522
ENSG00000268201	-0.14284233314817463
ENSG00000151834	-0.14284736668164422
ENSG00000138326	-0.14286072530198168
ENSG00000250971	-0.14287873819417007
ENSG00000227199	-0.14288240292958365
ENSG00000251497	-0.14291279814568758
ENSG00000198874	-0.14295515149006743
ENSG00000010803	-0.14297576309756077
ENSG00000121578	-0.14299272155392118
ENSG00000167858	-0.14300732821767026
ENSG00000136492	-0.14301697117444723
ENSG00000197599	-0.14302048190624517
ENSG00000048462	-0.14304525557025494
ENSG00000240541	-0.1430499248308893
ENSG00000223985	-0.14306651374920432
ENSG00000261770	-0.1430778118683561
ENSG00000173991	-0.14311179370857707
ENSG00000271959	-0.14311596469350396
ENSG00000171777	-0.14315428316253465
ENSG00000105664	-0.14316235584717774
ENSG00000257298	-0.1431941736494301
ENSG00000179163	-0.1431967766171215
ENSG00000239674	-0.14320526623862395
ENSG00000273132	-0.14324243633672362
ENSG00000236088	-0.1432437712458563
ENSG00000154310	-0.14324827098710757
ENSG00000272579	-0.1432527571416048
ENSG00000103196	-0.1432590169736645
ENSG00000181541	-0.14326175668693963
ENSG00000042429	-0.14328563646742098
ENSG00000232956	-0.14330236210161706
ENSG00000198001	-0.14330701765462672
ENSG00000163041	-0.1433094141577168
ENSG00000249348	-0.14333761285764313
ENSG00000229727	-0.14335622349052768
ENSG00000189227	-0.14337455934660082
ENSG00000135637	-0.14340200845077966
ENSG00000245149	-0.143411008979626
ENSG00000261069	-0.14342068354146986
ENSG00000128973	-0.14342444302480506
ENSG00000101126	-0.14346345149984963
ENSG00000139865	-0.14347083129507188
ENSG00000149090	-0.14353841115929022
ENSG00000048991	-0.1435583138387435
ENSG00000144852	-0.14361151221509794
ENSG00000175782	-0.14366094858350031
ENSG00000223475	-0.14366727447074157
ENSG00000211891	-0.1436700634505942
ENSG00000198885	-0.14367431147331633
ENSG00000109381	-0.14368106511943612
ENSG00000198793	-0.14369343462583495
ENSG00000151883	-0.1437321141637039
ENSG00000168610	-0.14373401166402522
ENSG00000104691	-0.1437418389434203
ENSG00000102024	-0.14374789722995884
ENSG00000162482	-0.14378719987500577
ENSG00000232044	-0.14386260735558365
ENSG00000176909	-0.14387390131169164
ENSG00000261490	-0.14391992239287266
ENSG00000166069	-0.14397987438973947
ENSG00000100147	-0.14402630366766456
ENSG00000118733	-0.14405921322574122
ENSG00000112290	-0.1440838666098262
ENSG00000267852	-0.14411387704447687
ENSG00000101200	-0.14414083297715818
ENSG00000104881	-0.14423952059194467
ENSG00000273173	-0.14424619723859988
ENSG00000102119	-0.14428456088362596
ENSG00000236305	-0.14431553863179758
ENSG00000196756	-0.1443210054822962
ENSG00000092200	-0.14436690508539574
ENSG00000261737	-0.1444065722995197
ENSG00000255998	-0.1444085274345971
ENSG00000164220	-0.14441985108857414
ENSG00000226919	-0.14446549223489324
ENSG00000272476	-0.14449290874735532
ENSG00000242779	-0.14449639358951338
ENSG00000151353	-0.14454470325283142
ENSG00000248714	-0.14455606696363577
ENSG00000100034	-0.14458007741538748
ENSG00000224977	-0.1445912155194493
ENSG00000229278	-0.14460806344991195
ENSG00000233431	-0.14461617462970278
ENSG00000263766	-0.14464941257083552
ENSG00000267344	-0.1446707614384365
ENSG00000232624	-0.14469410082506917
ENSG00000231654	-0.14475499499187827
ENSG00000138756	-0.1447568032668226
ENSG00000226434	-0.14479181256050178
ENSG00000109184	-0.14481972888127248
ENSG00000254057	-0.1448262996801446
ENSG00000156510	-0.1448636009085119
ENSG00000198720	-0.14486906781318676
ENSG00000126882	-0.14487035573080254
ENSG00000169418	-0.14487068226542
ENSG00000225872	-0.14489846197163314
ENSG00000162073	-0.14490686844704204
ENSG00000145861	-0.14495518776941796
ENSG00000140465	-0.14497030180310178
ENSG00000154898	-0.14502491542368146
ENSG00000264278	-0.14504040676189522
ENSG00000214725	-0.14508933571464566
ENSG00000115758	-0.14509074733249905
ENSG00000148484	-0.1451066190439313
ENSG00000232445	-0.14515714731954876
ENSG00000101096	-0.145180026076551
ENSG00000094796	-0.14520146528232858
ENSG00000217128	-0.14520578342652946
ENSG00000108443	-0.145239845307223
ENSG00000175787	-0.14528149954789848
ENSG00000223572	-0.14528464820353615
ENSG00000261158	-0.14528989612439713
ENSG00000167083	-0.14529496578972045
ENSG00000108788	-0.1453025683544229
ENSG00000226995	-0.14533281753987448
ENSG00000110675	-0.14533680770244328
ENSG00000079432	-0.1453725282172852
ENSG00000265078	-0.14542085384159587
ENSG00000125107	-0.14544265841740878
ENSG00000228327	-0.14545436776312426
ENSG00000196510	-0.14545762033527276
ENSG00000166024	-0.14552706392948334
ENSG00000141026	-0.14554376340955366
ENSG00000105613	-0.14560444487272362
ENSG00000230303	-0.14562845092124765
ENSG00000085415	-0.14566196526508124
ENSG00000079557	-0.14566594421232926
ENSG00000188690	-0.14571182864985532
ENSG00000198131	-0.14573303120103553
ENSG00000187862	-0.14577824702763387
ENSG00000196653	-0.14578800357123634
ENSG00000266173	-0.1457990569051365
ENSG00000186416	-0.1458332344008877
ENSG00000143363	-0.1458495050840063
ENSG00000116983	-0.14588179995611228
ENSG00000118156	-0.14588913707860995
ENSG00000170832	-0.14589527632128296
ENSG00000119782	-0.14590421563745581
ENSG00000176428	-0.1459348155185134
ENSG00000164961	-0.1459497838970445
ENSG00000204052	-0.1459497961954187
ENSG00000047346	-0.14597631634374408
ENSG00000142227	-0.14601498093802567
ENSG00000144395	-0.1460290777883827
ENSG00000116273	-0.14607941171288452
ENSG00000235749	-0.14611235528128452
ENSG00000108179	-0.146119580922082
ENSG00000175416	-0.14614397398066958
ENSG00000171847	-0.14615162291570694
ENSG00000240720	-0.14615221322855532
ENSG00000124813	-0.1461872561570977
ENSG00000107581	-0.1461920426816561
ENSG00000158417	-0.14621732385237074
ENSG00000175497	-0.1462276428770467
ENSG00000122585	-0.1462358661585298
ENSG00000138363	-0.1462881404209917
ENSG00000272140	-0.14629550414619452
ENSG00000209582	-0.14631936296197978
ENSG00000272068	-0.14640531588962935
ENSG00000112183	-0.1464061899822472
ENSG00000215440	-0.14641866044179896
ENSG00000211918	-0.14643160129952248
ENSG00000141551	-0.14645363611639728
ENSG00000186226	-0.1464839708952248
ENSG00000180398	-0.1465091605639951
ENSG00000160801	-0.14652953886701925
ENSG00000133657	-0.14653647210701404
ENSG00000147654	-0.14657071444061376
ENSG00000101138	-0.14657157243058982
ENSG00000134955	-0.14657368527171177
ENSG00000171604	-0.14663359018328603
ENSG00000103342	-0.1467015827210637
ENSG00000150527	-0.1467435718279193
ENSG00000116984	-0.14676186980916583
ENSG00000185070	-0.14680914592184036
ENSG00000121542	-0.14684869991333271
ENSG00000187268	-0.14685313034574377
ENSG00000091622	-0.14685612228864298
ENSG00000165120	-0.146916999622681
ENSG00000254836	-0.14694759041890837
ENSG00000254180	-0.1469751409365646
ENSG00000006194	-0.14697521146733106
ENSG00000271109	-0.14699402878627943
ENSG00000261438	-0.14700684363751626
ENSG00000157734	-0.14701327766997419
ENSG00000108511	-0.1470143801943704
ENSG00000089820	-0.14702291331791095
ENSG00000135655	-0.14704700655679748
ENSG00000187686	-0.1470512891485396
ENSG00000167208	-0.14709650103840288
ENSG00000127325	-0.1471094753177633
ENSG00000257108	-0.14711717383895417
ENSG00000182158	-0.14712338511638046
ENSG00000253738	-0.147138288912106
ENSG00000170917	-0.14714443859525717
ENSG00000101745	-0.14716925570462724
ENSG00000166428	-0.14721024351517953
ENSG00000112078	-0.14722026770430785
ENSG00000102466	-0.1472219740517473
ENSG00000071243	-0.14726253904816078
ENSG00000270412	-0.1472672489458784
ENSG00000224152	-0.14736195449918454
ENSG00000254236	-0.1473622563896686
ENSG00000225889	-0.14738546285070386
ENSG00000205339	-0.1473958610963757
ENSG00000136699	-0.147395995355466
ENSG00000158865	-0.14741389831362084
ENSG00000120008	-0.14741395178686112
ENSG00000140263	-0.14741514729698835
ENSG00000136169	-0.14744511631506407
ENSG00000118058	-0.14745435868253332
ENSG00000222035	-0.1474648296249379
ENSG00000254242	-0.14749131382116554
ENSG00000102763	-0.1475088323076884
ENSG00000186452	-0.14752776020926517
ENSG00000234127	-0.14759533222968324
ENSG00000197928	-0.14763437524166545
ENSG00000111897	-0.1476746582642987
ENSG00000111641	-0.14769032172684649
ENSG00000107537	-0.14773013739937457
ENSG00000164597	-0.14773638816402457
ENSG00000080345	-0.1477681783377257
ENSG00000142655	-0.14777186068119597
ENSG00000107185	-0.14777574922976977
ENSG00000177917	-0.14779449029432634
ENSG00000261192	-0.14792336261630357
ENSG00000163377	-0.14793919037238024
ENSG00000225527	-0.14793984659785753
ENSG00000165338	-0.14796103016907236
ENSG00000131507	-0.14812947840137325
ENSG00000173914	-0.14812983155400294
ENSG00000143751	-0.14813304704089847
ENSG00000253658	-0.14815893852005568
ENSG00000196535	-0.14818121585640187
ENSG00000273106	-0.14818149418672621
ENSG00000254614	-0.14820975569024408
ENSG00000156804	-0.14827194164303414
ENSG00000250447	-0.1482933821586372
ENSG00000121775	-0.14829463519565
ENSG00000137494	-0.14831187648228927
ENSG00000132128	-0.1483298119977079
ENSG00000084676	-0.14834517897373334
ENSG00000166262	-0.1483582938751522
ENSG00000260103	-0.14836682777864107
ENSG00000214331	-0.14838212258464534
ENSG00000230006	-0.14844067664303484
ENSG00000080815	-0.14844783603086853
ENSG00000198835	-0.14848731446010133
ENSG00000171368	-0.1485243795876332
ENSG00000257605	-0.1485525332419405
ENSG00000175029	-0.14856704531767173
ENSG00000272824	-0.14856863860752634
ENSG00000184903	-0.14857274248950403
ENSG00000117697	-0.14858230580648868
ENSG00000167977	-0.14859260374461425
ENSG00000211652	-0.14860495565711207
ENSG00000229196	-0.14862282766281965
ENSG00000225785	-0.14864666270840243
ENSG00000101577	-0.1487078009707571
ENSG00000180138	-0.14871068593357684
ENSG00000170275	-0.14872670299324198
ENSG00000129292	-0.14872813516797623
ENSG00000204950	-0.1487842616620223
ENSG00000062716	-0.148799206532929
ENSG00000237949	-0.14880191854783698
ENSG00000160471	-0.14880885826302537
ENSG00000214900	-0.1488166964411901
ENSG00000263842	-0.14883837304770642
ENSG00000002746	-0.1488760063777912
ENSG00000229065	-0.14891235870872332
ENSG00000138286	-0.1489182225059632
ENSG00000030419	-0.14896220308715635
ENSG00000188785	-0.14896306560094474
ENSG00000119402	-0.14896348306724272
ENSG00000232434	-0.14897660107614685
ENSG00000236986	-0.1490385255252642
ENSG00000247844	-0.14904462368270022
ENSG00000172594	-0.14907222103071194
ENSG00000180900	-0.14912443347814397
ENSG00000229315	-0.14914670193315993
ENSG00000067064	-0.1491550506543976
ENSG00000117222	-0.14916874999749796
ENSG00000156711	-0.14922283009624437
ENSG00000183605	-0.14923769658147923
ENSG00000244425	-0.14924944343391577
ENSG00000233452	-0.14925540582381558
ENSG00000182632	-0.14928056663333344
ENSG00000162086	-0.14933970165723953
ENSG00000111912	-0.14939481971726842
ENSG00000237361	-0.14946332674705498
ENSG00000231028	-0.1495519522843981
ENSG00000127561	-0.149552422911282
ENSG00000160087	-0.149575254037849
ENSG00000239553	-0.14963221142572014
ENSG00000256433	-0.14963426941979652
ENSG00000070614	-0.14966348247066785
ENSG00000255501	-0.14967523166057817
ENSG00000170185	-0.14971407859803376
ENSG00000233903	-0.14979557677045108
ENSG00000264920	-0.14981358371392317
ENSG00000100577	-0.14987974147161975
ENSG00000140876	-0.14990854252606423
ENSG00000086288	-0.14992862739876966
ENSG00000272273	-0.14995316427868133
ENSG00000244357	-0.14997012545006794
ENSG00000198336	-0.14997900540516207
ENSG00000267795	-0.1499845049654378
ENSG00000255112	-0.14998750522749504
ENSG00000243742	-0.14999950786097482
ENSG00000242009	-0.1500679271861458
ENSG00000148384	-0.15006912769623926
ENSG00000085365	-0.15010544180105168
ENSG00000109771	-0.15010547886563508
ENSG00000128159	-0.15019666057777248
ENSG00000115944	-0.15020721528899894
ENSG00000233993	-0.150220425691458
ENSG00000205809	-0.1502259406231926
ENSG00000130669	-0.1502263158706565
ENSG00000222044	-0.15026551366508367
ENSG00000260963	-0.1502699151531096
ENSG00000005108	-0.15027188951745374
ENSG00000223820	-0.1503291239076312
ENSG00000206685	-0.15035427920965183
ENSG00000223522	-0.1503549625622599
ENSG00000084073	-0.15039688248425576
ENSG00000189050	-0.1504157769999913
ENSG00000186281	-0.150425498767489
ENSG00000165914	-0.15046109587234613
ENSG00000165643	-0.1504834764768278
ENSG00000160460	-0.15052391748965555
ENSG00000123106	-0.15053142149002263
ENSG00000180113	-0.1505409280288862
ENSG00000143889	-0.1505874194310446
ENSG00000188820	-0.1506511660987544
ENSG00000116729	-0.15065799810653058
ENSG00000146109	-0.15067403195412965
ENSG00000235781	-0.1507083691175204
ENSG00000212304	-0.1507084911553449
ENSG00000100100	-0.1507185967919702
ENSG00000184307	-0.15074754895088793
ENSG00000258634	-0.1507767433775703
ENSG00000133961	-0.1507789166910145
ENSG00000205089	-0.15080081181616578
ENSG00000180479	-0.1508042100656528
ENSG00000185513	-0.15083895331875108
ENSG00000038358	-0.1508865560888022
ENSG00000164620	-0.15090228534640404
ENSG00000238160	-0.15093426823648515
ENSG00000271367	-0.15094063149117953
ENSG00000132204	-0.1509406358154214
ENSG00000106780	-0.15097988247926608
ENSG00000176261	-0.1510224923820026
ENSG00000204084	-0.15102388073981343
ENSG00000159263	-0.1510366762832822
ENSG00000271046	-0.15104956252555013
ENSG00000261659	-0.15106646256779344
ENSG00000205791	-0.15107950721540875
ENSG00000050555	-0.15111810935848058
ENSG00000117322	-0.1511471832942095
ENSG00000260880	-0.15114949441472403
ENSG00000196411	-0.15116062798375618
ENSG00000226824	-0.15122491199190158
ENSG00000171497	-0.15123124643367314
ENSG00000123810	-0.15127299116684922
ENSG00000255772	-0.15127807428569717
ENSG00000187801	-0.15135631484264844
ENSG00000246323	-0.15138286993471073
ENSG00000137161	-0.1513975035427222
ENSG00000132824	-0.1514100137956269
ENSG00000185436	-0.15143981127401274
ENSG00000183530	-0.15144851295318906
ENSG00000135414	-0.15148095167984255
ENSG00000129315	-0.15154457390672826
ENSG00000206552	-0.15156603123094647
ENSG00000228137	-0.15156969135991516
ENSG00000224568	-0.15157246220385734
ENSG00000236635	-0.15157839025292297
ENSG00000131269	-0.1515800836245481
ENSG00000177272	-0.15158453155127594
ENSG00000188211	-0.15163132613197827
ENSG00000163576	-0.1516372537199271
ENSG00000151687	-0.1516507540772103
ENSG00000156345	-0.15170515484299596
ENSG00000242887	-0.15176240353612902
ENSG00000257514	-0.15177213676606705
ENSG00000041880	-0.1518024645151086
ENSG00000007944	-0.1518282005672077
ENSG00000111679	-0.15183432440320888
ENSG00000101216	-0.15185369630017187
ENSG00000233682	-0.15187373804094462
ENSG00000187479	-0.1519399122437065
ENSG00000156502	-0.15194074975485816
ENSG00000186376	-0.15195616693454395
ENSG00000272515	-0.15196657738400654
ENSG00000234638	-0.1519935098797569
ENSG00000232642	-0.1519986515976791
ENSG00000188760	-0.15202057821744352
ENSG00000182117	-0.15202770393406473
ENSG00000172046	-0.15204560859395433
ENSG00000136270	-0.15204589911755184
ENSG00000083544	-0.15205965999938043
ENSG00000073536	-0.15206675471811915
ENSG00000260579	-0.15211589923552604
ENSG00000213213	-0.15212672317001863
ENSG00000159618	-0.15213351186141344
ENSG00000264968	-0.1521459947648348
ENSG00000163166	-0.15217388890417816
ENSG00000260439	-0.1522084714110271
ENSG00000106484	-0.15221194416945283
ENSG00000141378	-0.1522345024369436
ENSG00000258230	-0.15225504792262645
ENSG00000113569	-0.15227661969833095
ENSG00000110906	-0.15229975135628726
ENSG00000117408	-0.15231784153770467
ENSG00000188305	-0.15232355603046377
ENSG00000239415	-0.1523846643623843
ENSG00000261002	-0.15238631351503373
ENSG00000172409	-0.1523865748928075
ENSG00000247271	-0.15238797851133878
ENSG00000253140	-0.15240180349720334
ENSG00000121281	-0.15240263122131203
ENSG00000174804	-0.15248551415114586
ENSG00000109158	-0.15251295939557552
ENSG00000238650	-0.15253021826778834
ENSG00000231177	-0.15253415265194548
ENSG00000139344	-0.15254946071811515
ENSG00000212283	-0.15258557135676265
ENSG00000116106	-0.15259170856648674
ENSG00000128965	-0.15262146169675017
ENSG00000197261	-0.1526239550984706
ENSG00000262294	-0.15272194734478073
ENSG00000188846	-0.1527270916990685
ENSG00000205334	-0.15274482231931807
ENSG00000103150	-0.15276679512309665
ENSG00000223979	-0.1527859185297763
ENSG00000271778	-0.15290621351528677
ENSG00000143578	-0.1529562390042244
ENSG00000128266	-0.15297909611436045
ENSG00000173264	-0.1529843745939855
ENSG00000117481	-0.1529887109497695
ENSG00000198242	-0.1530367929781511
ENSG00000254288	-0.153039801037399
ENSG00000113638	-0.1530623119158152
ENSG00000111879	-0.15306331249094562
ENSG00000131467	-0.15309251313600292
ENSG00000205250	-0.1530994358620542
ENSG00000173210	-0.15310126334361418
ENSG00000148730	-0.1531585673345448
ENSG00000169116	-0.15320333347385084
ENSG00000129680	-0.15321454624234288
ENSG00000255443	-0.15322346222848127
ENSG00000211672	-0.15327386985841696
ENSG00000198551	-0.15327545070377802
ENSG00000173432	-0.15331152649309443
ENSG00000273313	-0.15332756428244076
ENSG00000214546	-0.15336512555293236
ENSG00000260281	-0.15337705380782596
ENSG00000269814	-0.1533969497203137
ENSG00000157500	-0.1534363391704613
ENSG00000166233	-0.15349435264384992
ENSG00000164587	-0.15351679249659267
ENSG00000138622	-0.15353919598679922
ENSG00000184786	-0.15355500800357702
ENSG00000132773	-0.15361443716958112
ENSG00000135069	-0.15364637397046288
ENSG00000164430	-0.1536774558262044
ENSG00000224738	-0.15370955911340012
ENSG00000186106	-0.1537127957388582
ENSG00000108510	-0.153724022018218
ENSG00000119535	-0.1537299861279331
ENSG00000175573	-0.15376530463324967
ENSG00000009830	-0.15377234276046203
ENSG00000148468	-0.15377479651045034
ENSG00000259230	-0.15379444655024122
ENSG00000184441	-0.15386065519556735
ENSG00000158805	-0.15386103640065274
ENSG00000152926	-0.1538616852701481
ENSG00000139624	-0.15386226370691602
ENSG00000242689	-0.15386234871008786
ENSG00000160117	-0.1538648501090054
ENSG00000255135	-0.15390481701454117
ENSG00000168795	-0.15391290677383873
ENSG00000153391	-0.15391516812923378
ENSG00000196247	-0.15393548832626236
ENSG00000167257	-0.15396879408480635
ENSG00000253930	-0.15400814735489088
ENSG00000106299	-0.15401751269496045
ENSG00000236866	-0.15402159795642378
ENSG00000256553	-0.1541595678004405
ENSG00000110934	-0.15417411731208885
ENSG00000164164	-0.15420374087478728
ENSG00000007376	-0.15421863538679792
ENSG00000162585	-0.15423569987174168
ENSG00000182508	-0.15425761835054608
ENSG00000082996	-0.15427559828116022
ENSG00000125952	-0.1542846964655058
ENSG00000273367	-0.15433032311166517
ENSG00000125124	-0.15435503449993782
ENSG00000260273	-0.1543559118127682
ENSG00000096093	-0.154362920614869
ENSG00000174943	-0.1543698670643352
ENSG00000166348	-0.15437550807374945
ENSG00000226763	-0.15437833704789405
ENSG00000152147	-0.15440913602296114
ENSG00000259802	-0.15444014155999664
ENSG00000104953	-0.15449654031669302
ENSG00000125834	-0.15452470809339525
ENSG00000196074	-0.15457679610780595
ENSG00000144161	-0.15461122674746763
ENSG00000197622	-0.15462693999291566
ENSG00000239862	-0.15465574725099074
ENSG00000203279	-0.1546662871651706
ENSG00000048649	-0.15467348934072
ENSG00000162971	-0.15472464827493315
ENSG00000091527	-0.15476885929537854
ENSG00000186047	-0.15478994947560765
ENSG00000060138	-0.15481638325510716
ENSG00000120555	-0.1548245099086326
ENSG00000087008	-0.1548270010057008
ENSG00000261783	-0.15482790453134065
ENSG00000187902	-0.15483208126557801
ENSG00000153443	-0.15484423267304415
ENSG00000114656	-0.15484961039645673
ENSG00000229458	-0.1548507833594609
ENSG00000259587	-0.15488684805059671
ENSG00000256771	-0.15492657508945074
ENSG00000118514	-0.1549306230396914
ENSG00000221424	-0.15493216339389626
ENSG00000119280	-0.1549937681402953
ENSG00000183615	-0.15500881119953458
ENSG00000112339	-0.15503896521506433
ENSG00000050130	-0.15506452491846356
ENSG00000162836	-0.1550825383948291
ENSG00000125826	-0.15509240326266172
ENSG00000148488	-0.15511233914636735
ENSG00000228309	-0.15512199111762726
ENSG00000059588	-0.1551625480645813
ENSG00000104756	-0.15517667092256504
ENSG00000169764	-0.15523647599833257
ENSG00000253159	-0.1553133074740325
ENSG00000134294	-0.1553376997041913
ENSG00000101871	-0.1554412207053264
ENSG00000110871	-0.15547594372668883
ENSG00000221025	-0.155496140086253
ENSG00000186812	-0.1555607876826729
ENSG00000156042	-0.1555751392022161
ENSG00000101911	-0.15557619661569178
ENSG00000270114	-0.15561157909663115
ENSG00000078795	-0.15561902530409466
ENSG00000127952	-0.15566024512834997
ENSG00000272568	-0.15573927569645407
ENSG00000133958	-0.15576174012461608
ENSG00000213420	-0.15577344864968734
ENSG00000124207	-0.15577823633384502
ENSG00000079819	-0.15578929146381015
ENSG00000130826	-0.1558081743762435
ENSG00000156486	-0.15581362531021958
ENSG00000177721	-0.15582637559752754
ENSG00000157152	-0.15585057339639308
ENSG00000161036	-0.15587063693243408
ENSG00000149474	-0.15587499679787986
ENSG00000132825	-0.15588513309287477
ENSG00000233885	-0.15590111704391374
ENSG00000185591	-0.15594411016609755
ENSG00000012211	-0.15595054311817258
ENSG00000183527	-0.15601432581941388
ENSG00000204403	-0.15602691760322318
ENSG00000104427	-0.15603158648850024
ENSG00000022840	-0.1560614906151857
ENSG00000109065	-0.156077149693434
ENSG00000160298	-0.15611069866019234
ENSG00000088899	-0.1561164515061223
ENSG00000133808	-0.15613794460250374
ENSG00000105717	-0.1561410640146479
ENSG00000234906	-0.15617468190442974
ENSG00000187140	-0.15619031978982867
ENSG00000272195	-0.15619845002693855
ENSG00000154803	-0.15620232144344082
ENSG00000100226	-0.1562324072293394
ENSG00000116791	-0.156281052288605
ENSG00000135870	-0.1563243353058169
ENSG00000238202	-0.15633310844189063
ENSG00000094631	-0.15633352199477957
ENSG00000114503	-0.1563514796428669
ENSG00000254695	-0.15636398376093796
ENSG00000244649	-0.15640715495801327
ENSG00000076924	-0.1564378292993852
ENSG00000107164	-0.15645007511818454
ENSG00000243709	-0.1564510309899353
ENSG00000143190	-0.156456072366281
ENSG00000238018	-0.15649398140167925
ENSG00000223001	-0.15651711185419415
ENSG00000109472	-0.1565550914358671
ENSG00000180219	-0.15656447100819315
ENSG00000119950	-0.15658301384752338
ENSG00000155256	-0.1565968110053213
ENSG00000255717	-0.15662851892072727
ENSG00000148702	-0.1567762784312624
ENSG00000096654	-0.15679930916703588
ENSG00000159650	-0.15681635341171796
ENSG00000270640	-0.15681873968144722
ENSG00000109927	-0.1568438844138763
ENSG00000177192	-0.15685065352539673
ENSG00000198780	-0.15690211729169168
ENSG00000136643	-0.15690566190145339
ENSG00000168124	-0.1569112442515278
ENSG00000196792	-0.15693097371449383
ENSG00000257093	-0.1569370757437264
ENSG00000070495	-0.15694946947406363
ENSG00000171016	-0.15699307706745713
ENSG00000058056	-0.1570228711219549
ENSG00000268849	-0.15706186891549112
ENSG00000241839	-0.15712034497265992
ENSG00000088538	-0.1571271795101683
ENSG00000169047	-0.15713162480121745
ENSG00000250666	-0.15714496061018834
ENSG00000197653	-0.15719026832571947
ENSG00000104365	-0.15725235300508478
ENSG00000259666	-0.1572535345405418
ENSG00000100422	-0.1572627363505108
ENSG00000115267	-0.15726742136315786
ENSG00000272990	-0.1572766042722633
ENSG00000173200	-0.15728303668124222
ENSG00000131899	-0.15737046213895267
ENSG00000204842	-0.15737249490928595
ENSG00000236076	-0.15737444887114582
ENSG00000002919	-0.15737949408871743
ENSG00000163002	-0.15739557606852428
ENSG00000174738	-0.15740235702866257
ENSG00000236799	-0.15740389520292997
ENSG00000233613	-0.15743572596359034
ENSG00000258096	-0.15743972696759956
ENSG00000149646	-0.1574798547007199
ENSG00000229243	-0.15751603223505306
ENSG00000242282	-0.1575297869298682
ENSG00000110075	-0.15753669077625077
ENSG00000176454	-0.15755013673171792
ENSG00000166526	-0.15756342537795243
ENSG00000168484	-0.15756610435814755
ENSG00000125798	-0.157569463388313
ENSG00000159527	-0.1575710629223157
ENSG00000178896	-0.15760435460698097
ENSG00000158711	-0.157633865720741
ENSG00000133065	-0.15764690135401538
ENSG00000260186	-0.1576977591028541
ENSG00000134809	-0.15774855110745156
ENSG00000272121	-0.1578660651488295
ENSG00000224271	-0.1578681416705211
ENSG00000258424	-0.1578834921698793
ENSG00000256684	-0.15788763335683054
ENSG00000109854	-0.1579173606782196
ENSG00000148356	-0.15792130960248985
ENSG00000083535	-0.15794470375071012
ENSG00000171766	-0.1579514549112463
ENSG00000273394	-0.15796621908624386
ENSG00000188368	-0.15802582378167684
ENSG00000225057	-0.15812310308698996
ENSG00000253628	-0.1581240073307556
ENSG00000272871	-0.15812818694902697
ENSG00000236581	-0.15813420027957426
ENSG00000100426	-0.15813682899633597
ENSG00000075420	-0.158172308812649
ENSG00000081842	-0.15819522986209744
ENSG00000138442	-0.15820423505252867
ENSG00000100024	-0.1582093770533829
ENSG00000171530	-0.1582397490038584
ENSG00000149262	-0.1582586786563176
ENSG00000263753	-0.15830352060591335
ENSG00000104218	-0.15832826530348199
ENSG00000114127	-0.15834894455948012
ENSG00000242385	-0.15837314324378948
ENSG00000221821	-0.15837882226762356
ENSG00000114933	-0.15839742031728798
ENSG00000173166	-0.15839901564172787
ENSG00000188038	-0.15840010643742108
ENSG00000269900	-0.15840455972027334
ENSG00000235192	-0.15848537257182815
ENSG00000138172	-0.15849564565829888
ENSG00000104856	-0.15850057589164668
ENSG00000140598	-0.1585161174835228
ENSG00000058600	-0.1585316074091253
ENSG00000139436	-0.15854369663216816
ENSG00000158792	-0.15856708127556973
ENSG00000213865	-0.15857384398343255
ENSG00000185176	-0.15858189531808453
ENSG00000151148	-0.15858577076124047
ENSG00000068781	-0.15858700713438412
ENSG00000165923	-0.15861389599929
ENSG00000081853	-0.1586182596349499
ENSG00000128652	-0.15866259855420128
ENSG00000254049	-0.15870141054324727
ENSG00000265845	-0.1587398060218438
ENSG00000154845	-0.15877220437277895
ENSG00000166169	-0.15877654606448377
ENSG00000059915	-0.15878318986284679
ENSG00000108406	-0.15881063071852908
ENSG00000131023	-0.15881161261730925
ENSG00000229520	-0.15881365855692797
ENSG00000105948	-0.15882062927091045
ENSG00000135049	-0.15883619647049452
ENSG00000114779	-0.1588577868542841
ENSG00000079134	-0.1588611214899478
ENSG00000247699	-0.1588838634299743
ENSG00000241361	-0.15895177450518394
ENSG00000120705	-0.15896555802000822
ENSG00000204147	-0.15898001002061735
ENSG00000214050	-0.15904791612085045
ENSG00000147570	-0.1590573692098891
ENSG00000262246	-0.15906802808496456
ENSG00000049540	-0.15907884913070947
ENSG00000205362	-0.15913159170563718
ENSG00000122694	-0.15914558645800214
ENSG00000162688	-0.15916689704917186
ENSG00000198265	-0.15918996889891657
ENSG00000198105	-0.15922883592996762
ENSG00000221886	-0.15924115007488793
ENSG00000269958	-0.15924446841386908
ENSG00000198931	-0.159268681280459
ENSG00000158062	-0.15929221463775411
ENSG00000110811	-0.15934941623987187
ENSG00000227540	-0.15938360793026107
ENSG00000154874	-0.15940016523459488
ENSG00000175318	-0.15940757359211566
ENSG00000180198	-0.15940909168092665
ENSG00000272371	-0.1594790535827233
ENSG00000163539	-0.15951073286878692
ENSG00000250451	-0.15953113524640405
ENSG00000146576	-0.15956754841886767
ENSG00000114446	-0.15956785327597844
ENSG00000104969	-0.1595859852461763
ENSG00000134644	-0.15958822850327348
ENSG00000100997	-0.159609083342808
ENSG00000272501	-0.15962036663111467
ENSG00000241322	-0.15963935930472561
ENSG00000162881	-0.15965521551322504
ENSG00000264940	-0.15965522249452568
ENSG00000255650	-0.1596757988354084
ENSG00000107341	-0.15970700388688175
ENSG00000176681	-0.15971509346076973
ENSG00000196312	-0.15977527405625247
ENSG00000155846	-0.15978469802989748
ENSG00000124226	-0.15978872276705625
ENSG00000113597	-0.15979126478068106
ENSG00000141452	-0.15981913783212165
ENSG00000165795	-0.15983873071626542
ENSG00000130522	-0.15984521606461644
ENSG00000227492	-0.1598993763745742
ENSG00000069943	-0.1599534791312377
ENSG00000224621	-0.1600153427343881
ENSG00000162889	-0.1600332758905888
ENSG00000236144	-0.16003406061207393
ENSG00000150672	-0.16004209128041513
ENSG00000130479	-0.16005971858225398
ENSG00000265458	-0.16006575177683569
ENSG00000139597	-0.160130108962794
ENSG00000257621	-0.160173266975858
ENSG00000242049	-0.16019482896828285
ENSG00000146555	-0.16019674335789091
ENSG00000060237	-0.16025740460173088
ENSG00000188112	-0.16032949057153623
ENSG00000073008	-0.16042660107222806
ENSG00000257551	-0.1604603834910786
ENSG00000146049	-0.16047627657525132
ENSG00000135720	-0.16047633623727187
ENSG00000228669	-0.16055223739140767
ENSG00000259511	-0.16072341513621846
ENSG00000151292	-0.16075574723435204
ENSG00000070047	-0.1607595028750728
ENSG00000121931	-0.16080348178488957
ENSG00000205643	-0.16082032971309745
ENSG00000170242	-0.1608475817666455
ENSG00000151090	-0.1608562811195533
ENSG00000202538	-0.16091193877852028
ENSG00000151468	-0.16093790023406407
ENSG00000259116	-0.16094284167465966
ENSG00000168389	-0.16094492618594503
ENSG00000102781	-0.16096156339543122
ENSG00000242472	-0.1610021295256675
ENSG00000112144	-0.16103129553271311
ENSG00000229191	-0.16105323133825233
ENSG00000196511	-0.16109978751583087
ENSG00000200170	-0.16115172885815499
ENSG00000160584	-0.1611607295928783
ENSG00000198003	-0.1611629892397194
ENSG00000064102	-0.16120329249282894
ENSG00000145075	-0.16121310027292335
ENSG00000198929	-0.161243201413393
ENSG00000254604	-0.1612570327436773
ENSG00000042088	-0.16126434341106288
ENSG00000254165	-0.16126501589816422
ENSG00000267080	-0.16134073186687303
ENSG00000189046	-0.16134253323194092
ENSG00000168395	-0.16134359956558164
ENSG00000182533	-0.16135448960656606
ENSG00000174136	-0.16135797287096976
ENSG00000077800	-0.16139772119844586
ENSG00000268480	-0.16149564149515427
ENSG00000148229	-0.16152516048663657
ENSG00000134905	-0.1615330819302755
ENSG00000227237	-0.16153699570222824
ENSG00000108798	-0.16153889097723384
ENSG00000155090	-0.16154754870981203
ENSG00000259083	-0.16156157104310231
ENSG00000228925	-0.161594436473399
ENSG00000035115	-0.16160994659547945
ENSG00000176087	-0.16162363252561773
ENSG00000228223	-0.16162469414282787
ENSG00000115084	-0.16164813841438352
ENSG00000229124	-0.16165112580164775
ENSG00000248936	-0.16168515250373394
ENSG00000231770	-0.16170058782616392
ENSG00000123095	-0.16170866144567864
ENSG00000158195	-0.16176691691922507
ENSG00000269622	-0.161768322241309
ENSG00000067208	-0.16177434256194434
ENSG00000235904	-0.16182169681648617
ENSG00000234409	-0.16183535283491857
ENSG00000174669	-0.161850274385966
ENSG00000034533	-0.16185911801211705
ENSG00000126524	-0.16188240092058026
ENSG00000137944	-0.16191569630510683
ENSG00000271930	-0.16195186478719537
ENSG00000116661	-0.16205634380872724
ENSG00000168234	-0.1620598140965176
ENSG00000130176	-0.1620649515155721
ENSG00000180881	-0.16207822010186812
ENSG00000160613	-0.16207998498329057
ENSG00000211640	-0.16209924286703425
ENSG00000137106	-0.16216794320173122
ENSG00000104626	-0.1621718048421883
ENSG00000070081	-0.16218138543401173
ENSG00000077616	-0.16218528116652497
ENSG00000122861	-0.16220727469889928
ENSG00000249509	-0.162227974724529
ENSG00000165730	-0.1622593440936595
ENSG00000095713	-0.16226227151014694
ENSG00000144681	-0.1623007510758362
ENSG00000070269	-0.1623098858822798
ENSG00000226332	-0.16238292484540928
ENSG00000080166	-0.1624363332374773
ENSG00000164949	-0.16244181963410276
ENSG00000146243	-0.16245516527038217
ENSG00000215841	-0.16246349987513675
ENSG00000148377	-0.16247436898339018
ENSG00000174749	-0.1624899959889311
ENSG00000238058	-0.1624927370980247
ENSG00000159079	-0.16250988868276472
ENSG00000253873	-0.1625246193560419
ENSG00000154654	-0.16262763093796628
ENSG00000110756	-0.1626470728000734
ENSG00000100583	-0.16266068984353432
ENSG00000126261	-0.16267224466147456
ENSG00000130810	-0.16267957116280685
ENSG00000245849	-0.16268138954624334
ENSG00000085832	-0.1626877948850537
ENSG00000271554	-0.16269170110300046
ENSG00000129566	-0.1626930067780913
ENSG00000267042	-0.16270485382842748
ENSG00000185236	-0.16273541191762242
ENSG00000198355	-0.16277081395552795
ENSG00000071051	-0.16279797750152736
ENSG00000171773	-0.1628021651032957
ENSG00000065357	-0.1628422219731408
ENSG00000136573	-0.16288182739310275
ENSG00000149600	-0.16293377811344456
ENSG00000260392	-0.16300690661577633
ENSG00000245937	-0.16305369456672725
ENSG00000103064	-0.16308090730313152
ENSG00000222335	-0.16310748695842658
ENSG00000108559	-0.1631424215078192
ENSG00000219159	-0.1631492512883207
ENSG00000081803	-0.16319844829502816
ENSG00000224958	-0.16321813773955618
ENSG00000273300	-0.16324987700469962
ENSG00000075413	-0.1633036351337619
ENSG00000148671	-0.1633062628593943
ENSG00000204482	-0.16334699549802711
ENSG00000127125	-0.16335768229581094
ENSG00000122507	-0.16336012881064532
ENSG00000261637	-0.1633966942262478
ENSG00000224400	-0.16341559726446775
ENSG00000106633	-0.16342773922634546
ENSG00000187997	-0.1634286736785956
ENSG00000169297	-0.1634596698859876
ENSG00000235358	-0.1634733605766986
ENSG00000061273	-0.1635082239635508
ENSG00000171435	-0.16353462329646296
ENSG00000144827	-0.16353843465963902
ENSG00000168907	-0.16358815917180214
ENSG00000099949	-0.16364607070753134
ENSG00000249388	-0.1636629101625483
ENSG00000180383	-0.16368877750102784
ENSG00000174021	-0.16368912554046489
ENSG00000068323	-0.16369657350842426
ENSG00000213780	-0.16369741637861668
ENSG00000235497	-0.16369965915049856
ENSG00000255038	-0.16373281497250247
ENSG00000197323	-0.1637400310119036
ENSG00000196371	-0.16375612937978823
ENSG00000172175	-0.16379910294196587
ENSG00000183114	-0.1638059389121903
ENSG00000129991	-0.1638196706645746
ENSG00000179134	-0.16386680000418696
ENSG00000251533	-0.16389317156191707
ENSG00000136709	-0.1639002880160927
ENSG00000140009	-0.16391846344027394
ENSG00000205726	-0.1639240090413474
ENSG00000271780	-0.16395490758376896
ENSG00000187049	-0.16395563060361396
ENSG00000261449	-0.1639907324152945
ENSG00000168268	-0.16401746331123712
ENSG00000079277	-0.16403094540133567
ENSG00000110060	-0.16403346687122222
ENSG00000124116	-0.16405692082155632
ENSG00000170921	-0.16406134336215616
ENSG00000224963	-0.16407377468052697
ENSG00000175115	-0.16407653419326662
ENSG00000173212	-0.16408264532677808
ENSG00000100225	-0.16408294712746896
ENSG00000159314	-0.1641000828099538
ENSG00000271761	-0.16410904464434206
ENSG00000170802	-0.16412695454416315
ENSG00000153902	-0.16413200145713613
ENSG00000185519	-0.16418290188584905
ENSG00000075826	-0.1641952326523618
ENSG00000101161	-0.1642193847484137
ENSG00000182872	-0.16427674865602737
ENSG00000234497	-0.16428834169219253
ENSG00000270120	-0.1643088466803827
ENSG00000104064	-0.16432062198735842
ENSG00000011454	-0.16433037733735467
ENSG00000188674	-0.16434158745984462
ENSG00000086475	-0.16434525794768007
ENSG00000121335	-0.16435111992434792
ENSG00000013297	-0.16437845272973584
ENSG00000232907	-0.16438012858360052
ENSG00000137364	-0.16440216937553587
ENSG00000255020	-0.1644459128569431
ENSG00000138074	-0.1644581863552621
ENSG00000112851	-0.16446602260457477
ENSG00000187608	-0.1644771419903437
ENSG00000139083	-0.16449221622502175
ENSG00000267024	-0.1645158405600109
ENSG00000187742	-0.1645397121650325
ENSG00000205865	-0.16456251480329487
ENSG00000115194	-0.16456578610305417
ENSG00000227388	-0.1645658548188288
ENSG00000227014	-0.16456908790557678
ENSG00000160796	-0.16461643780760704
ENSG00000267078	-0.16462523226348835
ENSG00000234206	-0.1646326258153552
ENSG00000124587	-0.1646581453327357
ENSG00000133055	-0.16467062228356644
ENSG00000196814	-0.16467069769312848
ENSG00000271670	-0.16471063045157663
ENSG00000204334	-0.1647291820095248
ENSG00000196517	-0.16473102665951067
ENSG00000151640	-0.16473520053716662
ENSG00000213373	-0.16473925903272624
ENSG00000102362	-0.1647716828818392
ENSG00000140386	-0.16479344510516702
ENSG00000126749	-0.16480810627456532
ENSG00000163491	-0.16481934187454406
ENSG00000179751	-0.16482079810573946
ENSG00000264734	-0.1648278488039352
ENSG00000172548	-0.16487482440418
ENSG00000259448	-0.16495014251553808
ENSG00000196659	-0.1649892037794506
ENSG00000256694	-0.1650025422148842
ENSG00000131725	-0.16501754753823072
ENSG00000189316	-0.16503076817662887
ENSG00000120063	-0.16503992823763658
ENSG00000148429	-0.16508673322124356
ENSG00000197540	-0.16509746384354373
ENSG00000245832	-0.16514231105440724
ENSG00000165323	-0.16514687508814663
ENSG00000241356	-0.16515250823650562
ENSG00000162368	-0.16518400036837488
ENSG00000072182	-0.1651852691274528
ENSG00000008441	-0.16519285675265516
ENSG00000249835	-0.16520709519311438
ENSG00000122033	-0.16522458699115283
ENSG00000230113	-0.16522979777103708
ENSG00000078699	-0.1652319182408446
ENSG00000144451	-0.1652389286338778
ENSG00000146707	-0.16523923280990482
ENSG00000181798	-0.1652488198119535
ENSG00000115827	-0.1652591708739587
ENSG00000267296	-0.1652695776817067
ENSG00000064655	-0.16527860421347929
ENSG00000197147	-0.1653324613470426
ENSG00000149573	-0.16533930554840193
ENSG00000204301	-0.16534502603784917
ENSG00000225873	-0.16535477023379508
ENSG00000197712	-0.16535498392338766
ENSG00000129514	-0.16540817546825404
ENSG00000203965	-0.16543109239793896
ENSG00000072786	-0.1654405619131607
ENSG00000234394	-0.16546131620953797
ENSG00000171840	-0.16546151559919786
ENSG00000215424	-0.16546380588779086
ENSG00000095637	-0.16549678603658413
ENSG00000216921	-0.16549754763501456
ENSG00000073050	-0.16552427583823526
ENSG00000234506	-0.1655646665134568
ENSG00000221909	-0.1656074851389261
ENSG00000120875	-0.16565294346400739
ENSG00000150722	-0.16568411112208625
ENSG00000237399	-0.16570355626286026
ENSG00000255441	-0.16571449568579755
ENSG00000178538	-0.16572264586866814
ENSG00000168530	-0.1657234443277955
ENSG00000066084	-0.16572607170622744
ENSG00000179528	-0.1657449504908317
ENSG00000226807	-0.16580759570129222
ENSG00000170915	-0.16581794484616963
ENSG00000165802	-0.16582236404060535
ENSG00000178971	-0.16583005854084054
ENSG00000271200	-0.1658337573946307
ENSG00000089335	-0.16584529026746953
ENSG00000111846	-0.16585800864261524
ENSG00000226200	-0.16589211428819772
ENSG00000071203	-0.16591571908215252
ENSG00000207357	-0.16592658257542325
ENSG00000260081	-0.16593788972490198
ENSG00000148842	-0.16594628576941906
ENSG00000196850	-0.16595239201757817
ENSG00000135424	-0.16597682954354465
ENSG00000224616	-0.16597995032538937
ENSG00000123570	-0.1660140916561761
ENSG00000159267	-0.16604087195348027
ENSG00000266402	-0.16607461250473066
ENSG00000054796	-0.1661023230244173
ENSG00000230583	-0.16614900199213034
ENSG00000184956	-0.16628514760425417
ENSG00000065833	-0.16630448544375565
ENSG00000160145	-0.16633624836842764
ENSG00000167981	-0.16633896154183603
ENSG00000023445	-0.16634238902462328
ENSG00000241456	-0.16635730057995823
ENSG00000211972	-0.16641123391196044
ENSG00000127084	-0.16644881138302725
ENSG00000236525	-0.16644985309542581
ENSG00000100353	-0.16645141884629056
ENSG00000270761	-0.16648557833272615
ENSG00000196363	-0.16651545591858352
ENSG00000116885	-0.1665333108696555
ENSG00000270112	-0.16653476152439983
ENSG00000158292	-0.16653729221960945
ENSG00000165943	-0.16656153246612693
ENSG00000165271	-0.16659297398051842
ENSG00000146263	-0.16662169009061578
ENSG00000223298	-0.16664067681998318
ENSG00000203709	-0.16667344412069696
ENSG00000175161	-0.16671469065692912
ENSG00000253506	-0.16671574098371378
ENSG00000185133	-0.16672175014862334
ENSG00000258986	-0.1667408539033166
ENSG00000113761	-0.16675987404165205
ENSG00000081870	-0.1667656113822703
ENSG00000221817	-0.16677438774621856
ENSG00000162337	-0.1667966834926774
ENSG00000197417	-0.1668047192303329
ENSG00000230641	-0.16680565769813316
ENSG00000171606	-0.16681138698070375
ENSG00000161011	-0.16681389894951604
ENSG00000248925	-0.16687866141836993
ENSG00000130119	-0.16688041471318005
ENSG00000121766	-0.1668907060489263
ENSG00000204060	-0.16690204130866637
ENSG00000124177	-0.16690484919384996
ENSG00000151092	-0.1669125673073072
ENSG00000204644	-0.16694261076245953
ENSG00000144231	-0.16697253627823727
ENSG00000233214	-0.16698219692544713
ENSG00000242574	-0.1670502042477643
ENSG00000105699	-0.16705311930304578
ENSG00000133059	-0.16708969325549794
ENSG00000103489	-0.16709192019543118
ENSG00000262049	-0.1671411482706885
ENSG00000148634	-0.16715000966121152
ENSG00000143498	-0.1671874570938181
ENSG00000121104	-0.1671915712204085
ENSG00000171862	-0.1672026262108025
ENSG00000144136	-0.16720325511931622
ENSG00000251629	-0.16720412230529524
ENSG00000233073	-0.16723981099798912
ENSG00000127957	-0.16726572543201745
ENSG00000237298	-0.16726619379965357
ENSG00000186204	-0.16728034497641453
ENSG00000131471	-0.16732142572968334
ENSG00000197635	-0.16732851347328082
ENSG00000204271	-0.16735445520697056
ENSG00000151065	-0.16737687265077772
ENSG00000128683	-0.16737837172372938
ENSG00000182814	-0.16739405203141555
ENSG00000261572	-0.1674134808582688
ENSG00000256654	-0.16742653076865277
ENSG00000261652	-0.16742772413981377
ENSG00000174652	-0.16743613261698254
ENSG00000107331	-0.16746678160702244
ENSG00000164794	-0.16747447870406074
ENSG00000164463	-0.16751369933146343
ENSG00000100416	-0.16752548606091722
ENSG00000198075	-0.16754134958167077
ENSG00000125787	-0.16756882426470698
ENSG00000170577	-0.1675787613632871
ENSG00000140750	-0.16758143590329466
ENSG00000166012	-0.16759458315101872
ENSG00000100865	-0.16761837845475136
ENSG00000185122	-0.167620577331007
ENSG00000172469	-0.16764303233623234
ENSG00000033800	-0.1676760149095352
ENSG00000181220	-0.16770365691228073
ENSG00000179348	-0.1677059186352755
ENSG00000261261	-0.16770806768843183
ENSG00000054965	-0.16777425784027222
ENSG00000107882	-0.1678033238017439
ENSG00000082516	-0.16780655682342316
ENSG00000113212	-0.16781674619909137
ENSG00000178343	-0.16783070613485773
ENSG00000258532	-0.1678385700466496
ENSG00000272343	-0.16787558818873793
ENSG00000163071	-0.1678955063047033
ENSG00000198924	-0.1679132819949124
ENSG00000254473	-0.1680246862908541
ENSG00000237159	-0.1680374492606448
ENSG00000187555	-0.16809809820176025
ENSG00000157326	-0.16811167771113056
ENSG00000116882	-0.16813554169350653
ENSG00000126883	-0.16815142529430038
ENSG00000197905	-0.16816545387792425
ENSG00000127419	-0.16816978425758966
ENSG00000115993	-0.1682106329682247
ENSG00000251210	-0.16821814997602524
ENSG00000150907	-0.1682989015697679
ENSG00000080572	-0.16829998694012593
ENSG00000135387	-0.16831761228748887
ENSG00000267571	-0.16832175589753984
ENSG00000262115	-0.1683278218213209
ENSG00000002822	-0.1683467877953918
ENSG00000071205	-0.1683873123708819
ENSG00000232788	-0.16838995762580955
ENSG00000177504	-0.16842516747726166
ENSG00000102743	-0.16843521848579046
ENSG00000126581	-0.16846369487040314
ENSG00000100038	-0.16851499099897094
ENSG00000157653	-0.16851564703701005
ENSG00000171121	-0.16852334720773532
ENSG00000145416	-0.16853879290277018
ENSG00000179934	-0.1685421298225498
ENSG00000100023	-0.16855333586509402
ENSG00000171865	-0.16858116350828933
ENSG00000158411	-0.16861068403212287
ENSG00000114354	-0.1686111406852976
ENSG00000132832	-0.1686366580419082
ENSG00000131808	-0.1686535485212982
ENSG00000115353	-0.16876689583938997
ENSG00000241754	-0.16876842286118854
ENSG00000100368	-0.1687720859733689
ENSG00000127249	-0.16880393644393343
ENSG00000228302	-0.16888236215511698
ENSG00000181773	-0.1688851258120455
ENSG00000175309	-0.16891100771634115
ENSG00000139131	-0.16891133421584392
ENSG00000240038	-0.16895846254647917
ENSG00000137198	-0.16896259826307725
ENSG00000204568	-0.16896619723285677
ENSG00000107815	-0.16896766966271914
ENSG00000104611	-0.168993087645668
ENSG00000133627	-0.16902214546464578
ENSG00000231528	-0.16907217118762496
ENSG00000170516	-0.16910242754045202
ENSG00000177025	-0.1691192588425331
ENSG00000135241	-0.16914336401639574
ENSG00000186810	-0.16914713323531894
ENSG00000163440	-0.1691501104817943
ENSG00000181396	-0.16916704488371315
ENSG00000170482	-0.16916736358924178
ENSG00000159217	-0.1691785069274031
ENSG00000227929	-0.16918769712753068
ENSG00000102230	-0.16920804039551507
ENSG00000197620	-0.16920925799570052
ENSG00000229809	-0.16924775599579311
ENSG00000258633	-0.16926213642919763
ENSG00000101413	-0.1693296364633795
ENSG00000135597	-0.1693828003131147
ENSG00000175213	-0.16941556952314185
ENSG00000046647	-0.16943600001864367
ENSG00000214765	-0.1694537657009796
ENSG00000268912	-0.1694563333382223
ENSG00000121989	-0.16950494270268113
ENSG00000178927	-0.1695062598589402
ENSG00000161647	-0.16951941570153373
ENSG00000229599	-0.16953229974899386
ENSG00000203933	-0.169579952182229
ENSG00000161921	-0.16961029470761246
ENSG00000119684	-0.169632566538912
ENSG00000068308	-0.1696492280819818
ENSG00000154447	-0.1696622412053449
ENSG00000196335	-0.16968320123650105
ENSG00000256802	-0.16970334958582767
ENSG00000038532	-0.1697234549518043
ENSG00000134256	-0.16973677331660475
ENSG00000138075	-0.16975916615492204
ENSG00000216863	-0.16977159432534672
ENSG00000164304	-0.1697771609315648
ENSG00000028203	-0.1697799343102694
ENSG00000043355	-0.16981416808134675
ENSG00000146530	-0.16986497888909002
ENSG00000175874	-0.16989102715283622
ENSG00000271763	-0.16989185522428585
ENSG00000141179	-0.1698947994709611
ENSG00000131437	-0.16989955884752195
ENSG00000261466	-0.16991834647300774
ENSG00000258429	-0.1699348327372331
ENSG00000261609	-0.169961458200395
ENSG00000255362	-0.16996315801033446
ENSG00000131724	-0.16998894592103353
ENSG00000228288	-0.16999407658717003
ENSG00000173744	-0.17002560499557262
ENSG00000135960	-0.17004082391999575
ENSG00000108839	-0.1700744901941812
ENSG00000214575	-0.17009243001509755
ENSG00000240859	-0.17009663378269113
ENSG00000104320	-0.1700990318079616
ENSG00000272733	-0.17010967942476096
ENSG00000138593	-0.17012266866663406
ENSG00000116747	-0.17016575134319034
ENSG00000168916	-0.17019720130196903
ENSG00000224100	-0.17021345814258038
ENSG00000102678	-0.1702650771832237
ENSG00000258819	-0.17027735038796676
ENSG00000175928	-0.17028942413428572
ENSG00000164327	-0.17034672413513652
ENSG00000130348	-0.17035620748813962
ENSG00000204444	-0.17042011734921703
ENSG00000090020	-0.1704207497953698
ENSG00000132801	-0.17047109033253094
ENSG00000162852	-0.1704730175644622
ENSG00000177058	-0.17048146856044388
ENSG00000158966	-0.17048687234772686
ENSG00000237222	-0.17053675470110585
ENSG00000090097	-0.1705416280610007
ENSG00000166224	-0.1705559025386959
ENSG00000248362	-0.17056550663704928
ENSG00000141098	-0.17068066101846946
ENSG00000101199	-0.17068289110720036
ENSG00000272880	-0.1707093726824247
ENSG00000255843	-0.17075184982611114
ENSG00000158786	-0.1707982632877737
ENSG00000271151	-0.17084326727744614
ENSG00000228624	-0.1708660647456436
ENSG00000267675	-0.17089839680158803
ENSG00000161202	-0.17090577558720443
ENSG00000140941	-0.17091730464516042
ENSG00000196455	-0.170929456389446
ENSG00000212124	-0.17097585885490363
ENSG00000141570	-0.17098029135386728
ENSG00000248973	-0.171015422081789
ENSG00000161277	-0.17103648248051084
ENSG00000225973	-0.17104464768253036
ENSG00000258285	-0.1711241594129369
ENSG00000260328	-0.17113919398805422
ENSG00000130779	-0.1711402001063822
ENSG00000156471	-0.17114070390055847
ENSG00000162747	-0.17116570596835212
ENSG00000172687	-0.17117345924431615
ENSG00000173545	-0.17122340658868973
ENSG00000250312	-0.17122609741214112
ENSG00000268970	-0.17122935743124834
ENSG00000100410	-0.1712309127074947
ENSG00000142459	-0.17127269010453927
ENSG00000113716	-0.1712904688029132
ENSG00000257582	-0.17129834618708173
ENSG00000137142	-0.1713093844707526
ENSG00000146223	-0.1713274697124615
ENSG00000115239	-0.17134501765966126
ENSG00000150782	-0.1713619816906946
ENSG00000267439	-0.17138129246019418
ENSG00000164576	-0.17145525960090657
ENSG00000223478	-0.1714616828124068
ENSG00000254093	-0.1714719451129335
ENSG00000256576	-0.17150803743564602
ENSG00000143368	-0.17151879586416086
ENSG00000204758	-0.17154109275525786
ENSG00000104356	-0.17159866541831115
ENSG00000183569	-0.1716260133341283
ENSG00000228689	-0.17162647289002542
ENSG00000182578	-0.1716271608220309
ENSG00000251405	-0.17167533223773734
ENSG00000185238	-0.1716906957161789
ENSG00000119138	-0.17169157754882547
ENSG00000197111	-0.1717091388159645
ENSG00000203362	-0.17173937111554605
ENSG00000230830	-0.171785620794071
ENSG00000162676	-0.17181097329475037
ENSG00000175467	-0.1718311716128541
ENSG00000259376	-0.17187517357007087
ENSG00000231476	-0.17191090043979262
ENSG00000245105	-0.17192475022847964
ENSG00000123096	-0.17196602479542866
ENSG00000004848	-0.17199776837313963
ENSG00000128383	-0.17201152515310014
ENSG00000164751	-0.17201461751016134
ENSG00000145949	-0.17202745582555035
ENSG00000131263	-0.1720326152712497
ENSG00000185658	-0.17203302970536183
ENSG00000181026	-0.17217934088365505
ENSG00000119688	-0.17219470538415738
ENSG00000053524	-0.1722005759128722
ENSG00000119509	-0.1722015524502174
ENSG00000226601	-0.17220733470578742
ENSG00000215262	-0.17221075187656087
ENSG00000172602	-0.1722155798564644
ENSG00000119718	-0.17224535201812885
ENSG00000214087	-0.17225245247436893
ENSG00000108523	-0.17226029228208506
ENSG00000114859	-0.17227834309637258
ENSG00000115946	-0.17227963394373114
ENSG00000229474	-0.1723623739478587
ENSG00000104205	-0.17239209331989946
ENSG00000261126	-0.1723925656091314
ENSG00000126249	-0.17242713771575613
ENSG00000271474	-0.17243473986314162
ENSG00000188554	-0.17244915227697932
ENSG00000246792	-0.1724875383680965
ENSG00000271776	-0.17249712906834613
ENSG00000233261	-0.17250096519418323
ENSG00000207652	-0.17253120951739098
ENSG00000173039	-0.17254372260110773
ENSG00000255008	-0.17255013048796475
ENSG00000242440	-0.17255381658518143
ENSG00000206885	-0.17255729202255643
ENSG00000185880	-0.17256080241347527
ENSG00000152642	-0.17258550083970503
ENSG00000164615	-0.17258962975898462
ENSG00000242125	-0.17260682164672947
ENSG00000147852	-0.17261767289829144
ENSG00000261739	-0.17262322576242073
ENSG00000166592	-0.17262573439587892
ENSG00000151914	-0.17263355663493407
ENSG00000183696	-0.17269887267348827
ENSG00000160570	-0.17273480700208466
ENSG00000198863	-0.17275207976527485
ENSG00000247092	-0.17276449114482495
ENSG00000173875	-0.1727737454784556
ENSG00000139055	-0.1727791207198044
ENSG00000225614	-0.17278376340591062
ENSG00000119285	-0.17279015062738112
ENSG00000029639	-0.17279760664983268
ENSG00000227598	-0.17282088848557386
ENSG00000116138	-0.17285678144629957
ENSG00000014123	-0.17288205901078157
ENSG00000120158	-0.17289769856907866
ENSG00000249613	-0.17289923875047464
ENSG00000229525	-0.17292809497225392
ENSG00000261762	-0.17294024593886392
ENSG00000214013	-0.17296802962215463
ENSG00000264575	-0.172997635549337
ENSG00000164078	-0.17299777873551558
ENSG00000266988	-0.1730303841792189
ENSG00000158079	-0.1730872184103336
ENSG00000246250	-0.1731251367098129
ENSG00000113163	-0.17315712513336579
ENSG00000132153	-0.17317447574536293
ENSG00000166634	-0.17324730084659112
ENSG00000145431	-0.17326623247756412
ENSG00000137463	-0.17330966482609234
ENSG00000140092	-0.17331152465154753
ENSG00000107614	-0.17333627907212612
ENSG00000204388	-0.17334403176012314
ENSG00000091844	-0.17335856156041718
ENSG00000206052	-0.17336486229506332
ENSG00000091664	-0.17339712271051833
ENSG00000125386	-0.17342493293204597
ENSG00000237896	-0.17346843338476892
ENSG00000165898	-0.17346923761029254
ENSG00000148308	-0.17349278256333645
ENSG00000254607	-0.1734940106287033
ENSG00000213468	-0.17351477525917547
ENSG00000198682	-0.1735336851225875
ENSG00000182551	-0.17353735657018154
ENSG00000164749	-0.1735488568569853
ENSG00000087250	-0.17357372376044744
ENSG00000117586	-0.17357448189095848
ENSG00000238260	-0.17361741601059955
ENSG00000170777	-0.17362294292748293
ENSG00000111785	-0.1736547665214081
ENSG00000223734	-0.17365674652789465
ENSG00000264044	-0.17367421276791395
ENSG00000228594	-0.17368872432075977
ENSG00000262251	-0.17369335990678392
ENSG00000273363	-0.17370009498070116
ENSG00000102390	-0.1737097399895735
ENSG00000164185	-0.17377722784696592
ENSG00000176700	-0.17383451847047604
ENSG00000270409	-0.17387227242610304
ENSG00000176256	-0.17389929270234117
ENSG00000237976	-0.1739047299379003
ENSG00000259319	-0.17391611605033963
ENSG00000232560	-0.17392376881973903
ENSG00000164219	-0.17394280887740343
ENSG00000101247	-0.17394313882467194
ENSG00000120329	-0.1739611077179728
ENSG00000163888	-0.17400777624118036
ENSG00000156171	-0.1740163353860168
ENSG00000175691	-0.1740166048176851
ENSG00000167311	-0.17403368408911524
ENSG00000185640	-0.1740572270175802
ENSG00000133687	-0.17408027348507016
ENSG00000258658	-0.1741524883012896
ENSG00000148604	-0.17416173918485944
ENSG00000152102	-0.17421577452026005
ENSG00000196275	-0.17425291428305134
ENSG00000141644	-0.17425664787643613
ENSG00000163743	-0.17425734672175286
ENSG00000173818	-0.1742668883278552
ENSG00000240963	-0.1743384022106227
ENSG00000104472	-0.17434019563950276
ENSG00000169740	-0.17434436666856812
ENSG00000184068	-0.17434983873043164
ENSG00000103479	-0.17437548811005044
ENSG00000254369	-0.17437562628811487
ENSG00000154359	-0.17439936501054176
ENSG00000272843	-0.17441775942964055
ENSG00000061936	-0.17443258609569057
ENSG00000144895	-0.17446488734922205
ENSG00000010295	-0.17452361513436154
ENSG00000263335	-0.174529615596837
ENSG00000255202	-0.17458054124825906
ENSG00000270547	-0.1746216283114873
ENSG00000151413	-0.17462340005413968
ENSG00000261407	-0.1746239444044667
ENSG00000154429	-0.17468070167494543
ENSG00000234134	-0.17468582836957292
ENSG00000116120	-0.17468650310862643
ENSG00000135778	-0.17468764595221853
ENSG00000105671	-0.17469494002599883
ENSG00000249846	-0.17470269028331353
ENSG00000199347	-0.17472702980166765
ENSG00000115840	-0.17473261035227783
ENSG00000198408	-0.17473477774787916
ENSG00000090372	-0.17474171290804197
ENSG00000272994	-0.1747885568573576
ENSG00000162595	-0.1748089025036551
ENSG00000128191	-0.17480976708217388
ENSG00000133488	-0.17481433587084905
ENSG00000226622	-0.1748365134250467
ENSG00000164619	-0.17484050779437932
ENSG00000114648	-0.174883011372289
ENSG00000111676	-0.1748887533912079
ENSG00000120217	-0.17491024830230328
ENSG00000104361	-0.17495657905469097
ENSG00000247324	-0.17499194130511353
ENSG00000251034	-0.17500372343954462
ENSG00000156983	-0.17501108251116637
ENSG00000197322	-0.1750187187597979
ENSG00000228365	-0.17502244515011056
ENSG00000104524	-0.1750293888861486
ENSG00000272097	-0.1750298736676158
ENSG00000140090	-0.17504137026140476
ENSG00000136381	-0.1750447338516854
ENSG00000198625	-0.17507036657232433
ENSG00000130244	-0.17508740132949274
ENSG00000223356	-0.17511796364951293
ENSG00000113643	-0.17513009172473404
ENSG00000115009	-0.17514466534119433
ENSG00000272810	-0.17515311540080514
ENSG00000125148	-0.17516011575773516
ENSG00000243926	-0.17517521270834902
ENSG00000186919	-0.17521692748118
ENSG00000160446	-0.17522399960053114
ENSG00000243710	-0.17526202688228232
ENSG00000139182	-0.17530864866353413
ENSG00000129654	-0.17532538868428227
ENSG00000156298	-0.17533248645256605
ENSG00000175899	-0.17534189858983462
ENSG00000168014	-0.17541826552108086
ENSG00000197070	-0.17543485286584937
ENSG00000141101	-0.17546251607640073
ENSG00000248473	-0.17548449855884152
ENSG00000182871	-0.17550695148034723
ENSG00000272346	-0.17550725317507265
ENSG00000156282	-0.17551032642848408
ENSG00000151651	-0.17552100555778083
ENSG00000256862	-0.17552796405340976
ENSG00000269720	-0.17556044969845952
ENSG00000165689	-0.17560400676475107
ENSG00000113303	-0.17560663423579037
ENSG00000165526	-0.17562333294863675
ENSG00000089006	-0.17565895397040188
ENSG00000163075	-0.17565923943392214
ENSG00000103005	-0.17565996900231762
ENSG00000225905	-0.17569608036079998
ENSG00000109943	-0.17570649745366584
ENSG00000174013	-0.17571578495850204
ENSG00000153975	-0.17575830165749373
ENSG00000102901	-0.1757734891179652
ENSG00000139370	-0.17581420122004676
ENSG00000139687	-0.17582281342473238
ENSG00000115648	-0.17583336022418194
ENSG00000180776	-0.17584478551343785
ENSG00000126458	-0.17585598199290675
ENSG00000130307	-0.17585604423849854
ENSG00000160194	-0.1759047446881532
ENSG00000134278	-0.17594118900426448
ENSG00000129682	-0.17601156404301777
ENSG00000260526	-0.1760131677160096
ENSG00000147127	-0.17602617479096894
ENSG00000013503	-0.17604007257376575
ENSG00000263412	-0.17609273921345203
ENSG00000149743	-0.17612721260024444
ENSG00000035687	-0.1761287820141042
ENSG00000196704	-0.17618419773274918
ENSG00000259907	-0.17625683960561034
ENSG00000167785	-0.1762651315721544
ENSG00000168411	-0.1762714501617494
ENSG00000101407	-0.1762717984756348
ENSG00000119685	-0.17630450640678108
ENSG00000205035	-0.1763593182824449
ENSG00000246982	-0.17637886725163643
ENSG00000187013	-0.1764003907392473
ENSG00000255529	-0.1764011828894798
ENSG00000174243	-0.1764019446954791
ENSG00000137274	-0.17643372804255097
ENSG00000261173	-0.17646628105947626
ENSG00000196497	-0.1764726735312271
ENSG00000139835	-0.17649156715848047
ENSG00000240143	-0.17651861851772965
ENSG00000243335	-0.1765309277682412
ENSG00000105219	-0.17663490065644416
ENSG00000272256	-0.1766371712705831
ENSG00000107890	-0.17667289641849537
ENSG00000248927	-0.17671421885486216
ENSG00000132466	-0.17671725881854605
ENSG00000124160	-0.17675623509660765
ENSG00000136937	-0.17679026019903687
ENSG00000251022	-0.17679923108195295
ENSG00000113108	-0.17683559453829567
ENSG00000143486	-0.1769018325696492
ENSG00000165572	-0.17690558939393886
ENSG00000155393	-0.17691604230675273
ENSG00000272983	-0.1769200599472629
ENSG00000198298	-0.1769282496063832
ENSG00000223993	-0.17694470531036433
ENSG00000182979	-0.17697955497600992
ENSG00000188649	-0.1769798384721396
ENSG00000125818	-0.17701593542020622
ENSG00000089048	-0.17703953797450844
ENSG00000124181	-0.17704423310996453
ENSG00000257647	-0.17705700328742702
ENSG00000169594	-0.1770932503971102
ENSG00000164076	-0.17710762502787758
ENSG00000134283	-0.1771144632537378
ENSG00000230658	-0.17712075938207683
ENSG00000211962	-0.17713727484058606
ENSG00000132768	-0.1771872101851738
ENSG00000124228	-0.17719151084858886
ENSG00000106336	-0.17719699609043904
ENSG00000109762	-0.17721286627642563
ENSG00000236514	-0.17721762562334564
ENSG00000234608	-0.17723005940123948
ENSG00000233927	-0.17730423422946806
ENSG00000151553	-0.17731602857287942
ENSG00000250934	-0.17731713004923155
ENSG00000121577	-0.17732217478669354
ENSG00000100625	-0.1773389161354274
ENSG00000167103	-0.17734393624227907
ENSG00000257591	-0.17737892705522218
ENSG00000249715	-0.17738648380281186
ENSG00000144119	-0.177397292773954
ENSG00000227268	-0.17741996564854678
ENSG00000267535	-0.1774405392344336
ENSG00000204519	-0.17744431171656716
ENSG00000125630	-0.1774620263150758
ENSG00000260088	-0.17747942130442074
ENSG00000108262	-0.17747975108328207
ENSG00000231621	-0.17749936064618566
ENSG00000148218	-0.17753592848710642
ENSG00000174446	-0.17754716062951492
ENSG00000226779	-0.1776133324317607
ENSG00000141642	-0.17764992658720813
ENSG00000165124	-0.17767185551415055
ENSG00000108256	-0.17768263396350004
ENSG00000105290	-0.17775043023659176
ENSG00000178187	-0.1779144386117658
ENSG00000143409	-0.17792133434527413
ENSG00000170373	-0.17792148381355344
ENSG00000164037	-0.17808414937513306
ENSG00000165275	-0.1780981317241459
ENSG00000244227	-0.1781046641589894
ENSG00000167280	-0.1781054838383871
ENSG00000172232	-0.17816286917307844
ENSG00000184083	-0.178183030489367
ENSG00000265750	-0.17819805442269743
ENSG00000129472	-0.17820790016876809
ENSG00000267640	-0.17821047779079613
ENSG00000099256	-0.17821664506826884
ENSG00000091831	-0.17821781614760068
ENSG00000101974	-0.1782341098002479
ENSG00000159239	-0.17823899670298515
ENSG00000116922	-0.178261244712011
ENSG00000115414	-0.17830103401473507
ENSG00000123933	-0.17830943968930857
ENSG00000268584	-0.17832700550224823
ENSG00000264660	-0.1783575958382747
ENSG00000089060	-0.17836168732661606
ENSG00000159479	-0.17840066495511175
ENSG00000149084	-0.1784080403528996
ENSG00000087269	-0.17841777042058782
ENSG00000197961	-0.17842260482891636
ENSG00000186908	-0.17842877079949993
ENSG00000114904	-0.17844615794809038
ENSG00000240857	-0.17850111150530412
ENSG00000247157	-0.17851140858137737
ENSG00000136938	-0.17852197277696247
ENSG00000164307	-0.17852792441081833
ENSG00000168807	-0.1785394686454802
ENSG00000245067	-0.17854963561313353
ENSG00000167978	-0.17855262671923677
ENSG00000067596	-0.17855329940275955
ENSG00000227456	-0.17856660292276139
ENSG00000134709	-0.17857786645382545
ENSG00000205959	-0.17860188682263078
ENSG00000198468	-0.1786095392903908
ENSG00000169717	-0.1786244467448197
ENSG00000126003	-0.17862517918033738
ENSG00000116353	-0.17864003471673728
ENSG00000205693	-0.17864345389156866
ENSG00000148158	-0.17865010255796976
ENSG00000197081	-0.17866490299397741
ENSG00000143195	-0.17867676698990054
ENSG00000250107	-0.1786833146379857
ENSG00000184619	-0.17870687590286416
ENSG00000233532	-0.17871577728586818
ENSG00000213578	-0.1787758677187794
ENSG00000105849	-0.17878558248647747
ENSG00000225051	-0.1788069078478075
ENSG00000160994	-0.1788519294494495
ENSG00000127054	-0.17887902035774828
ENSG00000254821	-0.1788921773588753
ENSG00000144645	-0.17891060199437536
ENSG00000214293	-0.17891177267561542
ENSG00000114270	-0.17892380247859185
ENSG00000159086	-0.17893295491475625
ENSG00000156639	-0.17896499122168874
ENSG00000228794	-0.17897674740870118
ENSG00000133884	-0.17899404405791375
ENSG00000203706	-0.17900869185903112
ENSG00000166741	-0.1790409424777285
ENSG00000214797	-0.17906977075587815
ENSG00000123364	-0.17907648307142154
ENSG00000250041	-0.17908197614509436
ENSG00000270504	-0.1790956424057436
ENSG00000102409	-0.1790988926332504
ENSG00000132382	-0.1791001515388383
ENSG00000100099	-0.17911629612919888
ENSG00000126860	-0.17912056113178298
ENSG00000156875	-0.1791300473858939
ENSG00000273335	-0.17915904915364333
ENSG00000171067	-0.17918597264109415
ENSG00000099998	-0.17919142442776403
ENSG00000120458	-0.1792090884676072
ENSG00000010072	-0.17921232446208868
ENSG00000141854	-0.17921850481992918
ENSG00000004864	-0.17926135956700862
ENSG00000127527	-0.17926847791704814
ENSG00000005812	-0.17928677054231001
ENSG00000132640	-0.17929775148636828
ENSG00000250802	-0.17932684614667105
ENSG00000157216	-0.17934380742643607
ENSG00000186235	-0.179356860725142
ENSG00000133519	-0.17937519040223782
ENSG00000258977	-0.1793812853429353
ENSG00000272263	-0.17939263969476726
ENSG00000269288	-0.1793964173289445
ENSG00000213889	-0.17940427055920438
ENSG00000238793	-0.17941623710110144
ENSG00000137747	-0.17942113766860612
ENSG00000137672	-0.1794304420571845
ENSG00000253704	-0.1794378239244514
ENSG00000099284	-0.17944636470134911
ENSG00000183324	-0.17945325041650484
ENSG00000211654	-0.1794627060279056
ENSG00000129910	-0.17949430517245013
ENSG00000017797	-0.17954909112181672
ENSG00000197275	-0.17955197914046395
ENSG00000231249	-0.17957513890704058
ENSG00000111962	-0.1795798071533533
ENSG00000182621	-0.17959663497506662
ENSG00000211647	-0.17961010374755293
ENSG00000166268	-0.17962221511035203
ENSG00000112541	-0.179632978427535
ENSG00000145354	-0.17964449005587613
ENSG00000230844	-0.17964762316739047
ENSG00000197757	-0.1796489332641934
ENSG00000165813	-0.17969328568610188
ENSG00000237990	-0.17970506110894735
ENSG00000262089	-0.1797375437495181
ENSG00000202318	-0.17974993041114184
ENSG00000241755	-0.17975299637476916
ENSG00000147257	-0.17977791433408952
ENSG00000271387	-0.17977831754757378
ENSG00000177485	-0.17979841782690342
ENSG00000037757	-0.1798136481107827
ENSG00000196182	-0.1798206285829942
ENSG00000231154	-0.17988425138165787
ENSG00000261514	-0.17989644207794664
ENSG00000197372	-0.17992239929486953
ENSG00000247828	-0.17997053537280128
ENSG00000102103	-0.17999808544609996
ENSG00000135272	-0.18001733280939092
ENSG00000266954	-0.18002697875447304
ENSG00000158560	-0.1800395156445711
ENSG00000229588	-0.18010153658425487
ENSG00000196922	-0.18011115582674275
ENSG00000160255	-0.18012343071681614
ENSG00000064886	-0.180168627983339
ENSG00000156697	-0.18016870202266133
ENSG00000078177	-0.18018932016207723
ENSG00000165300	-0.1801906269764647
ENSG00000122557	-0.18019413615587287
ENSG00000187736	-0.18025576855271697
ENSG00000260021	-0.18026646014612424
ENSG00000250032	-0.18028862886860242
ENSG00000153237	-0.18034526126866368
ENSG00000169188	-0.18035998322550084
ENSG00000231933	-0.18041030320879514
ENSG00000185800	-0.1804208101054391
ENSG00000266601	-0.18048947801328885
ENSG00000214128	-0.18052370345198154
ENSG00000204706	-0.18056304218114272
ENSG00000249882	-0.18060471241300036
ENSG00000103275	-0.18061694100558667
ENSG00000241679	-0.18062405012997607
ENSG00000160285	-0.18065740807203523
ENSG00000066117	-0.1807024005559742
ENSG00000260404	-0.18070396005298295
ENSG00000182103	-0.1807284275130936
ENSG00000270673	-0.18075730773415344
ENSG00000115760	-0.18080960114791844
ENSG00000131781	-0.18084711175475687
ENSG00000119125	-0.18087078997768047
ENSG00000143294	-0.18090195059571035
ENSG00000165688	-0.1809028581244363
ENSG00000141994	-0.18097946618876704
ENSG00000262528	-0.18099314390746912
ENSG00000264300	-0.18100709044294572
ENSG00000225489	-0.1810256171572182
ENSG00000047662	-0.18103289090447539
ENSG00000181638	-0.1810343063469554
ENSG00000163632	-0.18106758704022996
ENSG00000134697	-0.18111394874130915
ENSG00000173327	-0.1811388221416944
ENSG00000234616	-0.18114841514554236
ENSG00000270040	-0.18118260895076044
ENSG00000246100	-0.1811894980901162
ENSG00000264701	-0.18119415686006501
ENSG00000160208	-0.18121714487670848
ENSG00000137486	-0.1812359881671235
ENSG00000109332	-0.1812508782244604
ENSG00000175595	-0.18129403640106534
ENSG00000170836	-0.18129593385328902
ENSG00000149016	-0.18130816407720785
ENSG00000211752	-0.18131380811355946
ENSG00000108405	-0.18131749308848255
ENSG00000167766	-0.18134001535954936
ENSG00000155463	-0.18134758068438872
ENSG00000124225	-0.18137305674244186
ENSG00000185958	-0.18138808797851125
ENSG00000106477	-0.1814387520300259
ENSG00000259251	-0.18145953160659467
ENSG00000138395	-0.18148566483186013
ENSG00000121058	-0.18149489555973952
ENSG00000197386	-0.1815043306755162
ENSG00000122304	-0.18152826563174063
ENSG00000136267	-0.18154225719445816
ENSG00000174453	-0.18155418055572115
ENSG00000176387	-0.18156428937198965
ENSG00000183850	-0.181566132531496
ENSG00000248607	-0.18164512845759484
ENSG00000150990	-0.18164629782819974
ENSG00000243995	-0.18165192973574518
ENSG00000167971	-0.1816988301402549
ENSG00000250326	-0.18171176929746524
ENSG00000173662	-0.1817180166648632
ENSG00000197989	-0.18174888392360655
ENSG00000138688	-0.18175358904938121
ENSG00000246339	-0.18178984428129208
ENSG00000135454	-0.181837173808713
ENSG00000135111	-0.18183781554045397
ENSG00000259434	-0.1818438954939976
ENSG00000261087	-0.1818704372051244
ENSG00000140854	-0.18187976463805755
ENSG00000230402	-0.181879939212503
ENSG00000149656	-0.18190862688910914
ENSG00000110713	-0.18191122016070183
ENSG00000070718	-0.18192263923089202
ENSG00000115392	-0.18194496708667185
ENSG00000211956	-0.18197801038314243
ENSG00000149679	-0.1819888492289512
ENSG00000236641	-0.18199704376003023
ENSG00000184564	-0.18200982585486492
ENSG00000181873	-0.18202097817952667
ENSG00000169224	-0.18202459545763106
ENSG00000003756	-0.18204643723791847
ENSG00000065911	-0.18204810361946022
ENSG00000265678	-0.18205274029430418
ENSG00000188283	-0.1820796132862157
ENSG00000259523	-0.1820910957330827
ENSG00000229122	-0.18212095728590727
ENSG00000147099	-0.18214269949613882
ENSG00000164134	-0.18217305583153154
ENSG00000188029	-0.1822017644802454
ENSG00000230373	-0.18227300406500124
ENSG00000258413	-0.18233399437244968
ENSG00000252498	-0.18234665757301527
ENSG00000100266	-0.1823799233367086
ENSG00000173334	-0.1823995173134818
ENSG00000122482	-0.18240703412013715
ENSG00000186496	-0.18244355771056642
ENSG00000197888	-0.18244754016701836
ENSG00000135736	-0.1824489722059487
ENSG00000135409	-0.18251020796477202
ENSG00000147606	-0.18256634868114552
ENSG00000268601	-0.1826198367322991
ENSG00000095587	-0.18265241576998137
ENSG00000163810	-0.18266437845896533
ENSG00000163719	-0.18266772211392623
ENSG00000267077	-0.18266851657403416
ENSG00000137960	-0.1826773321642231
ENSG00000119396	-0.18268917493337067
ENSG00000188573	-0.18277278295249977
ENSG00000255159	-0.18284110070784054
ENSG00000232671	-0.18286012750460612
ENSG00000167378	-0.18291249962571643
ENSG00000145016	-0.18298095686870752
ENSG00000267221	-0.18298618666565392
ENSG00000174574	-0.18299773078933546
ENSG00000126822	-0.18302274273633268
ENSG00000152433	-0.18302517637791227
ENSG00000235706	-0.1831145570679087
ENSG00000122376	-0.18312055200379684
ENSG00000110723	-0.18320032634653782
ENSG00000119574	-0.18321243742253202
ENSG00000235245	-0.18321288904244237
ENSG00000207405	-0.1832140642829586
ENSG00000063978	-0.18329610430421817
ENSG00000145725	-0.18331700750735658
ENSG00000225300	-0.18333596473531055
ENSG00000229160	-0.1833619099839604
ENSG00000089248	-0.18337558299661283
ENSG00000226310	-0.1834080647206584
ENSG00000121691	-0.1834174722233023
ENSG00000088205	-0.18345144888863385
ENSG00000205835	-0.18348265935359498
ENSG00000119812	-0.18350739998200838
ENSG00000171596	-0.1835111882631839
ENSG00000176407	-0.18351462133935692
ENSG00000130764	-0.18352592453475491
ENSG00000186468	-0.18353075937753183
ENSG00000258315	-0.18355837565609268
ENSG00000121060	-0.18357177844680062
ENSG00000148700	-0.1836375128291693
ENSG00000139971	-0.1836495359251138
ENSG00000173627	-0.1836837970565378
ENSG00000198026	-0.18375233451157869
ENSG00000198740	-0.18382978357715363
ENSG00000149654	-0.1838714451964334
ENSG00000256615	-0.18390057237799107
ENSG00000185963	-0.18390475212634294
ENSG00000065000	-0.18391640744990456
ENSG00000267523	-0.18394806726156065
ENSG00000258521	-0.1839693310522471
ENSG00000162384	-0.18397351492673497
ENSG00000119965	-0.18399182005117487
ENSG00000177414	-0.1839938596403643
ENSG00000031823	-0.18401699359565515
ENSG00000264304	-0.18405630425528086
ENSG00000163492	-0.18407103331819763
ENSG00000160710	-0.18407173077288053
ENSG00000196860	-0.18410130101423694
ENSG00000109610	-0.18413049539992377
ENSG00000251580	-0.1841656396547121
ENSG00000111737	-0.18416857905317896
ENSG00000169435	-0.18417309847253516
ENSG00000258240	-0.18417594214338906
ENSG00000133247	-0.18418219308852957
ENSG00000164500	-0.1841981712365114
ENSG00000189143	-0.1842168121256197
ENSG00000198353	-0.18424392545567037
ENSG00000232112	-0.1842646483986623
ENSG00000119723	-0.18428187178644595
ENSG00000169733	-0.18428380597567662
ENSG00000076321	-0.18428674206474227
ENSG00000158985	-0.1842874929436552
ENSG00000172478	-0.18429156781705713
ENSG00000157014	-0.18429645446712573
ENSG00000125971	-0.18431950091024396
ENSG00000256287	-0.18432158055640702
ENSG00000261244	-0.1843515212502561
ENSG00000164303	-0.18435222392936157
ENSG00000235505	-0.1843870264121702
ENSG00000119048	-0.18441201657390727
ENSG00000174306	-0.18442304564379208
ENSG00000099937	-0.1844422352917784
ENSG00000234132	-0.1844466792408851
ENSG00000243389	-0.1844724408451338
ENSG00000253281	-0.18448685541687426
ENSG00000253978	-0.18455045920224333
ENSG00000224307	-0.18455064381629938
ENSG00000269894	-0.18455196565961451
ENSG00000171448	-0.18457493168262684
ENSG00000173933	-0.18460068867048907
ENSG00000120526	-0.18461489774754847
ENSG00000219481	-0.1846302425221018
ENSG00000105723	-0.18467255994026888
ENSG00000076650	-0.18469319130120576
ENSG00000250571	-0.18472224350368838
ENSG00000166573	-0.18475275416689474
ENSG00000174109	-0.18481003158926668
ENSG00000151490	-0.1848172498593651
ENSG00000268518	-0.1848230974174977
ENSG00000223601	-0.18487240654329307
ENSG00000178028	-0.18493142664956919
ENSG00000229407	-0.1849499250157206
ENSG00000112511	-0.18497598463163645
ENSG00000235910	-0.18501400773231658
ENSG00000173418	-0.1850419248574231
ENSG00000249937	-0.18506365583394213
ENSG00000250891	-0.1851142345716259
ENSG00000092098	-0.18512675668694933
ENSG00000132952	-0.18513763893325808
ENSG00000245869	-0.18514278783136118
ENSG00000172738	-0.18516716973028968
ENSG00000110844	-0.18518252949110647
ENSG00000131061	-0.185182741719354
ENSG00000265194	-0.18526944756730723
ENSG00000103356	-0.1852852398010394
ENSG00000128283	-0.18530554032539293
ENSG00000160712	-0.18533027587764195
ENSG00000051596	-0.18533780327050065
ENSG00000120256	-0.18534580667387812
ENSG00000166595	-0.1853985862818005
ENSG00000158163	-0.18541543937293314
ENSG00000130413	-0.18544065632959328
ENSG00000141428	-0.1854683695266166
ENSG00000183161	-0.18552826082579488
ENSG00000101146	-0.1855832064075068
ENSG00000163534	-0.18558974405024986
ENSG00000082805	-0.18559822517098168
ENSG00000258747	-0.18562456375411318
ENSG00000081181	-0.18562651231322713
ENSG00000272716	-0.18563357946360082
ENSG00000005379	-0.18565663383684827
ENSG00000265542	-0.1856663986408119
ENSG00000185559	-0.18567291243574047
ENSG00000197857	-0.18569368077411086
ENSG00000270093	-0.18571269435389126
ENSG00000181896	-0.18572322659234242
ENSG00000154027	-0.18572849469902664
ENSG00000248587	-0.18573309903105373
ENSG00000268307	-0.1857392656695086
ENSG00000197959	-0.1857478144143483
ENSG00000255272	-0.18576349030725248
ENSG00000174206	-0.18576940117775176
ENSG00000136068	-0.1858113913838887
ENSG00000168566	-0.18581332307544962
ENSG00000260448	-0.18587533094730835
ENSG00000256342	-0.18591802703467442
ENSG00000170471	-0.185919632870313
ENSG00000166426	-0.18592808001148386
ENSG00000261398	-0.18593204965056465
ENSG00000251562	-0.18593546679486472
ENSG00000088836	-0.18598376273791428
ENSG00000251359	-0.18599148928170062
ENSG00000100109	-0.18599482804179956
ENSG00000236065	-0.1860162107635942
ENSG00000107281	-0.1860818967661465
ENSG00000265778	-0.18610295838823332
ENSG00000100227	-0.18618468559908452
ENSG00000163040	-0.1861925580965479
ENSG00000173531	-0.18619652117218322
ENSG00000160799	-0.1862269962840154
ENSG00000085872	-0.18624550245855143
ENSG00000235408	-0.18625925993335957
ENSG00000268618	-0.18626921976860467
ENSG00000168283	-0.1862910736493818
ENSG00000167861	-0.18630487717446909
ENSG00000128710	-0.18631084148956056
ENSG00000253844	-0.18633068556415655
ENSG00000113391	-0.18635533460223896
ENSG00000166503	-0.1863915823150989
ENSG00000144771	-0.1864591193727333
ENSG00000136715	-0.18646974032502484
ENSG00000182107	-0.18647739162050103
ENSG00000240356	-0.1864870697988099
ENSG00000264595	-0.18650467407735238
ENSG00000057608	-0.1865195089406172
ENSG00000106819	-0.18653599455543068
ENSG00000196220	-0.18658753453883714
ENSG00000104442	-0.1866433880128313
ENSG00000204117	-0.18668662917118128
ENSG00000084072	-0.18670846407312325
ENSG00000168826	-0.18670864769805828
ENSG00000215117	-0.18676965029186843
ENSG00000104643	-0.1868287202415435
ENSG00000237188	-0.18683082192863454
ENSG00000273447	-0.18683268470177183
ENSG00000253314	-0.1868356571128208
ENSG00000109576	-0.1868439459423784
ENSG00000184368	-0.18685141136418948
ENSG00000254562	-0.18686662444173574
ENSG00000160959	-0.18689089301409145
ENSG00000173473	-0.18690180523519473
ENSG00000273388	-0.18690948362139181
ENSG00000152670	-0.18699846485520455
ENSG00000258435	-0.18703104877297838
ENSG00000100075	-0.1870930911706754
ENSG00000135525	-0.18710270238824167
ENSG00000029364	-0.18710937284910456
ENSG00000254080	-0.1871415016453336
ENSG00000244945	-0.18714207340620836
ENSG00000111727	-0.1871580605297748
ENSG00000109572	-0.18720657248924588
ENSG00000188290	-0.18722529665708798
ENSG00000140993	-0.1872328470494795
ENSG00000145321	-0.1872476960974333
ENSG00000130956	-0.18730382542948976
ENSG00000179593	-0.1873045131718839
ENSG00000165863	-0.18733627064236003
ENSG00000121964	-0.18734348822261826
ENSG00000170893	-0.18734361034994018
ENSG00000273341	-0.18734672031841637
ENSG00000227392	-0.1873506891540232
ENSG00000214413	-0.18740497664619948
ENSG00000067334	-0.18741440621153704
ENSG00000263002	-0.18741576262719606
ENSG00000232698	-0.1874560280009938
ENSG00000130943	-0.18747964246951743
ENSG00000187600	-0.18749397761928732
ENSG00000115183	-0.1875023627480179
ENSG00000239900	-0.1875326780708575
ENSG00000272335	-0.18755534557132847
ENSG00000165238	-0.18755590321898852
ENSG00000136040	-0.18758183632905845
ENSG00000224195	-0.1876295693034995
ENSG00000122068	-0.18772090657482265
ENSG00000232759	-0.1877350430025847
ENSG00000273011	-0.18773935207654247
ENSG00000099204	-0.1877500086973961
ENSG00000141068	-0.1877512335456204
ENSG00000124839	-0.18780297439076632
ENSG00000231274	-0.18780381861647255
ENSG00000143367	-0.18781675313697122
ENSG00000108786	-0.18782225054570256
ENSG00000135801	-0.1878222624674244
ENSG00000149658	-0.18783941822761263
ENSG00000141013	-0.18786639074073874
ENSG00000187257	-0.18799671355958425
ENSG00000237520	-0.1880794084477383
ENSG00000147905	-0.18808291649689834
ENSG00000148926	-0.18809075854638757
ENSG00000130349	-0.1881676715290198
ENSG00000211933	-0.18816889224622824
ENSG00000164106	-0.18820596696883618
ENSG00000099875	-0.1882152724906575
ENSG00000225473	-0.18826801521042258
ENSG00000078269	-0.1882773035585249
ENSG00000162869	-0.18831199555437106
ENSG00000152154	-0.18831610021130873
ENSG00000204548	-0.18835382982824778
ENSG00000160695	-0.18840315346989822
ENSG00000273061	-0.18845602493438662
ENSG00000011243	-0.18848813938567743
ENSG00000123992	-0.1884906209568029
ENSG00000185437	-0.18850331638660978
ENSG00000142039	-0.1885035142265371
ENSG00000102054	-0.1885059130483423
ENSG00000166986	-0.1885081322113854
ENSG00000179598	-0.18851081914482848
ENSG00000156521	-0.18852058374660174
ENSG00000135346	-0.18856002446893894
ENSG00000140829	-0.18856581177015086
ENSG00000232645	-0.1885748831462788
ENSG00000144401	-0.1885818203393843
ENSG00000145220	-0.18862542423975692
ENSG00000114405	-0.18866383207646042
ENSG00000184005	-0.18866995680140786
ENSG00000162885	-0.18867881579509915
ENSG00000120658	-0.18878355671295366
ENSG00000169249	-0.1887893196698771
ENSG00000253695	-0.18879123996521563
ENSG00000159346	-0.18879836280734041
ENSG00000143420	-0.18879841491373583
ENSG00000175567	-0.18890607465079556
ENSG00000253711	-0.18892643510290186
ENSG00000269964	-0.18893230973345554
ENSG00000167528	-0.1889379263024752
ENSG00000070193	-0.1889491806153727
ENSG00000071073	-0.18895374332518722
ENSG00000187189	-0.18897776411136558
ENSG00000244620	-0.18900568266723994
ENSG00000155008	-0.18901205375449648
ENSG00000181656	-0.1890191245564533
ENSG00000105447	-0.18902612258434648
ENSG00000112592	-0.1890308243705352
ENSG00000259540	-0.1890546551114931
ENSG00000165502	-0.18907551555626567
ENSG00000070214	-0.18907678308965825
ENSG00000066027	-0.18908547386806274
ENSG00000196553	-0.1891088656642408
ENSG00000137409	-0.18912084497866333
ENSG00000089091	-0.18913823536767493
ENSG00000082397	-0.18915023444043944
ENSG00000129354	-0.18915119769603195
ENSG00000173947	-0.18916148980139125
ENSG00000168575	-0.18919539246005412
ENSG00000228008	-0.18919804458688638
ENSG00000001167	-0.1892273877173407
ENSG00000230648	-0.1892525672967834
ENSG00000213020	-0.1893268911514281
ENSG00000198089	-0.1893271096662814
ENSG00000183155	-0.1893414118656902
ENSG00000180182	-0.18937097183198226
ENSG00000232640	-0.1893718579217235
ENSG00000124535	-0.18942183881596408
ENSG00000101361	-0.18942931147880426
ENSG00000165171	-0.18943043351440725
ENSG00000241399	-0.18943085429945217
ENSG00000121858	-0.18950477584133363
ENSG00000079215	-0.1895087163939102
ENSG00000240254	-0.18952961134127821
ENSG00000178279	-0.18955143401229946
ENSG00000170743	-0.1895560920794721
ENSG00000237166	-0.18957008849679713
ENSG00000235453	-0.18957128860817285
ENSG00000267127	-0.1896900998031269
ENSG00000105705	-0.18982799756558566
ENSG00000132388	-0.1898553068004375
ENSG00000211967	-0.18987684947138728
ENSG00000105229	-0.18988883383500466
ENSG00000224687	-0.18989370563662888
ENSG00000106415	-0.18989703625246457
ENSG00000196177	-0.18990339697299918
ENSG00000272341	-0.18990366990015506
ENSG00000102572	-0.18990600157521087
ENSG00000232684	-0.18993355173529836
ENSG00000105639	-0.1899699306543865
ENSG00000258584	-0.19000209692763959
ENSG00000004866	-0.19000501902295086
ENSG00000168769	-0.19001204442053576
ENSG00000081026	-0.19003764567437498
ENSG00000177551	-0.19005811865164068
ENSG00000115539	-0.1900601892546936
ENSG00000092020	-0.19006979314891992
ENSG00000155307	-0.1901054945666435
ENSG00000227070	-0.19011506525685518
ENSG00000233689	-0.1901226226841929
ENSG00000183354	-0.19014599872729698
ENSG00000145569	-0.19017887959992752
ENSG00000144043	-0.19018294590614881
ENSG00000198203	-0.1902018915263708
ENSG00000273270	-0.1902049612123643
ENSG00000273010	-0.1902187859075385
ENSG00000134602	-0.19022888063907473
ENSG00000250426	-0.1902493486885275
ENSG00000118816	-0.1902736196446988
ENSG00000173320	-0.19027368896341013
ENSG00000135698	-0.19042933200407441
ENSG00000066056	-0.19043293355428315
ENSG00000226314	-0.19046943823949825
ENSG00000133466	-0.19047385566276653
ENSG00000050344	-0.19047824095429633
ENSG00000232442	-0.1905320396263792
ENSG00000182585	-0.19055712263367874
ENSG00000243667	-0.19058199580706592
ENSG00000204428	-0.19061597800945684
ENSG00000144524	-0.1906202598158392
ENSG00000272146	-0.19064572052292872
ENSG00000097033	-0.19079415901837038
ENSG00000160183	-0.19083166320404532
ENSG00000198917	-0.19085986098161167
ENSG00000268945	-0.1908715960071784
ENSG00000173068	-0.19088894380514165
ENSG00000133640	-0.19089104859320705
ENSG00000185220	-0.19090676112246574
ENSG00000272518	-0.19091063176628775
ENSG00000159958	-0.19093336771771252
ENSG00000186960	-0.19095239852407364
ENSG00000143412	-0.19097380442204526
ENSG00000174744	-0.19097502865828775
ENSG00000010704	-0.19101055589770577
ENSG00000123977	-0.19104506286262957
ENSG00000244239	-0.19105929982106007
ENSG00000167716	-0.1910696537375679
ENSG00000229606	-0.19109948058587656
ENSG00000099337	-0.19110640036245174
ENSG00000227938	-0.19111314825984282
ENSG00000204685	-0.1911276857057379
ENSG00000242797	-0.19113042446651374
ENSG00000102309	-0.19114785438834292
ENSG00000234777	-0.19117048737347997
ENSG00000174106	-0.19122509855181025
ENSG00000183722	-0.19124346544946125
ENSG00000081692	-0.19127879890482857
ENSG00000185291	-0.19129722009925076
ENSG00000108384	-0.19130635297698517
ENSG00000149534	-0.19130679646361548
ENSG00000112309	-0.19130802144528258
ENSG00000182796	-0.19137856013569077
ENSG00000149657	-0.19138967607453672
ENSG00000086589	-0.19145142277034366
ENSG00000204971	-0.191460802150199
ENSG00000148516	-0.19148617019856184
ENSG00000174899	-0.19159418765559166
ENSG00000186118	-0.1916015387194543
ENSG00000176809	-0.1916057639968788
ENSG00000089041	-0.19160906057618077
ENSG00000204296	-0.1916473076678593
ENSG00000182568	-0.1916502933055686
ENSG00000172179	-0.19165426992527046
ENSG00000197321	-0.19167080951365
ENSG00000260592	-0.19167134662337726
ENSG00000177283	-0.19171432899633511
ENSG00000172460	-0.19175036736057716
ENSG00000107679	-0.19176145037013292
ENSG00000158882	-0.19177189491169722
ENSG00000105656	-0.19187479669942742
ENSG00000140459	-0.19195096124948074
ENSG00000164199	-0.19195776325164537
ENSG00000169718	-0.19196825029529085
ENSG00000157429	-0.19198163764745202
ENSG00000002745	-0.19198943773239874
ENSG00000036257	-0.19199002411076616
ENSG00000223509	-0.19202647682925866
ENSG00000151655	-0.19205742886164134
ENSG00000158480	-0.192078987658304
ENSG00000261672	-0.19207998808485027
ENSG00000154832	-0.19209017431000897
ENSG00000134987	-0.1920943362853158
ENSG00000118762	-0.19209788419874052
ENSG00000187676	-0.19213820691006345
ENSG00000165309	-0.19215446334652164
ENSG00000113360	-0.19215548207847555
ENSG00000138777	-0.1921589803168039
ENSG00000198746	-0.19220137645352042
ENSG00000110448	-0.19222102823354692
ENSG00000102189	-0.19227027937559882
ENSG00000169814	-0.1923023784989505
ENSG00000144579	-0.19230361027931353
ENSG00000165071	-0.1923256395583196
ENSG00000108591	-0.1923316142379058
ENSG00000177738	-0.1923414832378152
ENSG00000136444	-0.19235629032870472
ENSG00000169271	-0.19237534896226116
ENSG00000272267	-0.1923866707145908
ENSG00000124216	-0.19242169724049174
ENSG00000155858	-0.1924422263567458
ENSG00000254670	-0.19250828696200917
ENSG00000256073	-0.19250993280516582
ENSG00000259652	-0.19254189811902855
ENSG00000113460	-0.19259397196923878
ENSG00000162616	-0.19259978542664724
ENSG00000165724	-0.19262323743939658
ENSG00000235149	-0.19265509498551625
ENSG00000109586	-0.19266655984652237
ENSG00000005100	-0.19268617768214813
ENSG00000124713	-0.19270774984864925
ENSG00000099810	-0.1927178620119161
ENSG00000197837	-0.19274894628634776
ENSG00000243150	-0.19279440323234098
ENSG00000256551	-0.19281392028663724
ENSG00000167767	-0.19283747602915924
ENSG00000177191	-0.1928625365340153
ENSG00000139517	-0.19289370302510456
ENSG00000256151	-0.19293561298148576
ENSG00000144711	-0.19297886497632255
ENSG00000170502	-0.19307156599905684
ENSG00000215274	-0.19311535336738395
ENSG00000162733	-0.19313068621645946
ENSG00000263382	-0.1931312994162141
ENSG00000113615	-0.1931320751251504
ENSG00000155465	-0.19319357907402013
ENSG00000111452	-0.1932293322830636
ENSG00000272374	-0.19323854585593692
ENSG00000270953	-0.19323913756452116
ENSG00000100483	-0.1932423252473241
ENSG00000125457	-0.1932603441774633
ENSG00000272750	-0.19326217845705718
ENSG00000164638	-0.19326874944252537
ENSG00000114395	-0.19327958758401376
ENSG00000259431	-0.1932806179125267
ENSG00000128272	-0.19331971125114056
ENSG00000115919	-0.19337331412199243
ENSG00000251161	-0.1933818059635002
ENSG00000063245	-0.1934009295552388
ENSG00000152402	-0.19341954541308104
ENSG00000260473	-0.19346514811103666
ENSG00000183549	-0.19347172103128885
ENSG00000267636	-0.1934839002989649
ENSG00000171475	-0.1935012680558763
ENSG00000166123	-0.1935016443601274
ENSG00000175376	-0.1935210921996806
ENSG00000171557	-0.19352397652007702
ENSG00000125731	-0.1935317545035241
ENSG00000110218	-0.1935944853087571
ENSG00000108342	-0.19360362660907426
ENSG00000257750	-0.19361493624780624
ENSG00000254224	-0.19364584548361696
ENSG00000178074	-0.19364612750982813
ENSG00000072756	-0.19365841905942105
ENSG00000158286	-0.19366513234312432
ENSG00000156206	-0.19366716746926627
ENSG00000226124	-0.19366898870149662
ENSG00000163686	-0.19369706876424675
ENSG00000240053	-0.19369771565240546
ENSG00000092439	-0.1937737913801585
ENSG00000241404	-0.19377512271120612
ENSG00000092607	-0.19377743452586227
ENSG00000105467	-0.19378781347038943
ENSG00000197503	-0.1937960424884485
ENSG00000118961	-0.19380705925797925
ENSG00000164983	-0.19382469434309924
ENSG00000148572	-0.19388866290058604
ENSG00000012124	-0.19391979347059107
ENSG00000170293	-0.19392332434769377
ENSG00000156411	-0.19398517763988044
ENSG00000132475	-0.19400426389616232
ENSG00000213996	-0.19402254885423775
ENSG00000248503	-0.19403865268194376
ENSG00000115590	-0.19404379123097049
ENSG00000254254	-0.19404673320176002
ENSG00000232065	-0.1940541374313176
ENSG00000256944	-0.19407184891663998
ENSG00000090905	-0.19407460531122955
ENSG00000183604	-0.19408632570067685
ENSG00000249725	-0.1941609433220587
ENSG00000250266	-0.19416964194695907
ENSG00000265967	-0.1941883686575625
ENSG00000154127	-0.1941959563800194
ENSG00000230626	-0.1941987637773901
ENSG00000243149	-0.19424243862722712
ENSG00000162944	-0.19428028062011404
ENSG00000271270	-0.19429965456606035
ENSG00000261247	-0.19430667721246475
ENSG00000162997	-0.19431571144220638
ENSG00000200296	-0.19432984771722794
ENSG00000099869	-0.19433642842416676
ENSG00000100823	-0.1943365243044698
ENSG00000239887	-0.1943425649417485
ENSG00000185837	-0.19439760555187524
ENSG00000161547	-0.19442614407834768
ENSG00000267390	-0.19443321656760004
ENSG00000205038	-0.1944822423491145
ENSG00000106603	-0.1945038838196167
ENSG00000074276	-0.19450857712211178
ENSG00000188404	-0.1945223639103275
ENSG00000198231	-0.1945711817886734
ENSG00000174579	-0.1945931726286404
ENSG00000133794	-0.194617237451703
ENSG00000134247	-0.1946574845779886
ENSG00000120800	-0.19469324498758378
ENSG00000230724	-0.1947044272663786
ENSG00000089847	-0.19470503014285034
ENSG00000182077	-0.1947623393357284
ENSG00000095015	-0.19476598453660554
ENSG00000124429	-0.1947875137117676
ENSG00000125459	-0.1948360315041774
ENSG00000134453	-0.1948953057728423
ENSG00000120756	-0.1949120505934676
ENSG00000197870	-0.19498079178025463
ENSG00000133624	-0.19498109068231895
ENSG00000109917	-0.19499342079987414
ENSG00000179873	-0.19504133941248292
ENSG00000205517	-0.19504408335922263
ENSG00000181035	-0.19508138666895591
ENSG00000173559	-0.19510309963450434
ENSG00000180353	-0.19511349124648103
ENSG00000132846	-0.19514721694300674
ENSG00000198881	-0.19517281956871846
ENSG00000144589	-0.19518905204572423
ENSG00000257446	-0.19519006070276612
ENSG00000140905	-0.1952045247334797
ENSG00000104325	-0.19522224834870572
ENSG00000126368	-0.1952351061734533
ENSG00000211632	-0.1952588540359821
ENSG00000049323	-0.19526057373798267
ENSG00000128891	-0.19532699705098466
ENSG00000187796	-0.1953407821633557
ENSG00000260101	-0.19538996137336617
ENSG00000114166	-0.1953948702233298
ENSG00000151952	-0.1954019413237169
ENSG00000229589	-0.1954101873001315
ENSG00000233058	-0.1954296211798432
ENSG00000120963	-0.1954331079317142
ENSG00000198758	-0.19544736964987042
ENSG00000197601	-0.19549035298807582
ENSG00000105879	-0.1954924595760098
ENSG00000164105	-0.1954989750934577
ENSG00000128463	-0.1955221657560876
ENSG00000246174	-0.19552721938666795
ENSG00000196233	-0.1955721563601961
ENSG00000115363	-0.19558243713098444
ENSG00000075856	-0.19564111938707718
ENSG00000265539	-0.1956600919978081
ENSG00000068137	-0.19571357528704658
ENSG00000214872	-0.19571629459321882
ENSG00000142197	-0.19575491685499924
ENSG00000249131	-0.1957599064221458
ENSG00000133116	-0.19579509427159092
ENSG00000206531	-0.19580180728227048
ENSG00000188693	-0.19582431864068783
ENSG00000162779	-0.19583011307780007
ENSG00000254372	-0.1958418963784112
ENSG00000260911	-0.19585178395074132
ENSG00000186377	-0.1958675551388237
ENSG00000272954	-0.19598583070292108
ENSG00000165714	-0.1959898703563987
ENSG00000260664	-0.19605578340654262
ENSG00000144468	-0.19608139991010842
ENSG00000175518	-0.19611728453771238
ENSG00000168297	-0.1961450251789001
ENSG00000116809	-0.19618966286502693
ENSG00000128655	-0.19620865133594512
ENSG00000165632	-0.1962183235256807
ENSG00000119729	-0.19625055164682348
ENSG00000251040	-0.1962910252279766
ENSG00000102996	-0.1962987326811283
ENSG00000253848	-0.19630652971065
ENSG00000243368	-0.1963820273377096
ENSG00000261434	-0.19639230485235193
ENSG00000008513	-0.19641168281573185
ENSG00000156162	-0.1964390221561766
ENSG00000086717	-0.19644329762997104
ENSG00000198646	-0.19644647036942742
ENSG00000010327	-0.19649899424537554
ENSG00000100101	-0.19653475721038716
ENSG00000268189	-0.1966250391263782
ENSG00000113282	-0.1966394733698954
ENSG00000186766	-0.19665139433475676
ENSG00000187239	-0.19665547487105195
ENSG00000105426	-0.19679418100760815
ENSG00000058866	-0.19682492463226986
ENSG00000197776	-0.19682648197019115
ENSG00000185681	-0.1968593224178986
ENSG00000100473	-0.19689018750740672
ENSG00000224897	-0.1969102451456557
ENSG00000261534	-0.19693126483016432
ENSG00000165325	-0.19693237348849524
ENSG00000120549	-0.19694329163702873
ENSG00000267575	-0.19694963456240255
ENSG00000155714	-0.19695931959033408
ENSG00000162704	-0.1969970742692565
ENSG00000228906	-0.1970259966577761
ENSG00000010671	-0.1970263854013956
ENSG00000254433	-0.19710062363060898
ENSG00000080200	-0.19710435388168057
ENSG00000224429	-0.19718872946802946
ENSG00000270012	-0.1972074332137863
ENSG00000186854	-0.19724889263902845
ENSG00000105429	-0.19725791809552584
ENSG00000188379	-0.19736617776781917
ENSG00000272908	-0.19736807082179997
ENSG00000176912	-0.1973904833696375
ENSG00000267309	-0.1974541816610048
ENSG00000114767	-0.197491338351639
ENSG00000110344	-0.19749310538947962
ENSG00000224586	-0.19749766617345432
ENSG00000258741	-0.19751265663467954
ENSG00000272620	-0.19752942736721524
ENSG00000136986	-0.19754606036221734
ENSG00000177673	-0.1975673459795374
ENSG00000132694	-0.19757908631531518
ENSG00000080371	-0.19760292162213888
ENSG00000172638	-0.19762429831773665
ENSG00000163319	-0.19764316609776444
ENSG00000272864	-0.19766219638423266
ENSG00000270095	-0.1977079600682099
ENSG00000006459	-0.1977167367267887
ENSG00000154370	-0.1977226014102662
ENSG00000188185	-0.19772503661390284
ENSG00000133606	-0.19777703660552093
ENSG00000118200	-0.1977796570720306
ENSG00000259296	-0.19778067925864173
ENSG00000108306	-0.19783811360993908
ENSG00000260932	-0.19784401286620157
ENSG00000100814	-0.1978648997176411
ENSG00000264290	-0.19788393401196624
ENSG00000259222	-0.19789458382791114
ENSG00000138794	-0.19789679084130796
ENSG00000133111	-0.1979497951300665
ENSG00000070831	-0.19797126128792908
ENSG00000233554	-0.1980067334437745
ENSG00000231648	-0.19803175485361546
ENSG00000225855	-0.198039987432995
ENSG00000162600	-0.19805174811823512
ENSG00000272449	-0.19808307912422263
ENSG00000151576	-0.19814065151728133
ENSG00000115884	-0.19816798836378546
ENSG00000171103	-0.19819927262426662
ENSG00000142751	-0.1982252443975271
ENSG00000000938	-0.19827572182618347
ENSG00000261340	-0.19831611895297263
ENSG00000165807	-0.19832283601058176
ENSG00000148814	-0.19837716454534238
ENSG00000137877	-0.1984135937540772
ENSG00000000457	-0.19842393959371796
ENSG00000111728	-0.19843539459160664
ENSG00000143437	-0.19846878781181554
ENSG00000163660	-0.19847699823909026
ENSG00000091428	-0.19851452753931376
ENSG00000134297	-0.1985171563130479
ENSG00000234936	-0.19852010186660773
ENSG00000070882	-0.19855735680434417
ENSG00000113384	-0.19858130179630384
ENSG00000215790	-0.19859586095917614
ENSG00000249641	-0.19859653191583793
ENSG00000164008	-0.19861680101725632
ENSG00000273143	-0.1986653637309509
ENSG00000127452	-0.19867356560849037
ENSG00000189319	-0.19869466572070582
ENSG00000080608	-0.19871659167697464
ENSG00000260093	-0.19873536441676198
ENSG00000105085	-0.1987380463662124
ENSG00000167552	-0.19875645618519822
ENSG00000204577	-0.19876574029226002
ENSG00000112877	-0.19877268582010843
ENSG00000151893	-0.19879783884645663
ENSG00000205913	-0.1988051455337868
ENSG00000112365	-0.1988127939852723
ENSG00000154743	-0.19884749440738925
ENSG00000225521	-0.1988496677100281
ENSG00000155792	-0.19887273221263546
ENSG00000121774	-0.19887713241160032
ENSG00000029363	-0.19891186941567607
ENSG00000163960	-0.19892618160545994
ENSG00000168280	-0.1989970151312752
ENSG00000242766	-0.1991096536582685
ENSG00000131845	-0.1991172334876341
ENSG00000165417	-0.19915187533830636
ENSG00000161618	-0.19916239659564683
ENSG00000240194	-0.1991801275601751
ENSG00000125912	-0.19919345942967592
ENSG00000152192	-0.19922783782283515
ENSG00000248367	-0.1992555408085902
ENSG00000152291	-0.19925636425547688
ENSG00000228903	-0.1992746638293541
ENSG00000161281	-0.1993213635022275
ENSG00000068400	-0.1993322614900782
ENSG00000010438	-0.19933629740953895
ENSG00000214842	-0.19934674515734996
ENSG00000198342	-0.1993743402183138
ENSG00000164088	-0.19944058162038503
ENSG00000256980	-0.19944163830005657
ENSG00000042813	-0.19945124577272855
ENSG00000177045	-0.19945163264653742
ENSG00000100077	-0.19946896445343387
ENSG00000261394	-0.19946900423451808
ENSG00000164114	-0.199492993637306
ENSG00000163923	-0.19950292513657297
ENSG00000135587	-0.1995079977615094
ENSG00000055211	-0.19953417274671026
ENSG00000170903	-0.1995564639714097
ENSG00000267248	-0.1995722327647944
ENSG00000065613	-0.19957673307932888
ENSG00000107554	-0.19961851022132182
ENSG00000258572	-0.19962744293014645
ENSG00000228649	-0.1996392102818727
ENSG00000169154	-0.19965604873377707
ENSG00000145979	-0.19965835191541959
ENSG00000113657	-0.19967309848567427
ENSG00000114125	-0.19967907733548795
ENSG00000226660	-0.19971415796661196
ENSG00000219926	-0.19972576821906907
ENSG00000258908	-0.19973144965426104
ENSG00000104093	-0.1997345302757767
ENSG00000173889	-0.19977994309633396
ENSG00000213339	-0.19980139514528328
ENSG00000256043	-0.19980868534563812
ENSG00000187486	-0.19983641043515277
ENSG00000163749	-0.1998543068840003
ENSG00000215908	-0.19986539958664806
ENSG00000212607	-0.19989921431294533
ENSG00000083457	-0.19992122537865453
ENSG00000139437	-0.19992266310138984
ENSG00000131941	-0.19994402372122255
ENSG00000259274	-0.19995609342501652
ENSG00000134317	-0.1999768017924093
ENSG00000148655	-0.19997805699350824
ENSG00000255847	-0.19998440237637882
ENSG00000113946	-0.19999080674156178
ENSG00000132467	-0.19999311270354925
ENSG00000235560	-0.20000426566482998
ENSG00000185453	-0.20006145566113642
ENSG00000113249	-0.2000983088269399
ENSG00000272906	-0.2001050616758283
ENSG00000124596	-0.20010907302694025
ENSG00000253948	-0.20013519922818757
ENSG00000189007	-0.20014921421119092
ENSG00000261195	-0.20014988448618587
ENSG00000233237	-0.20020142413604614
ENSG00000164305	-0.20022357558824844
ENSG00000177733	-0.20025331998743678
ENSG00000112246	-0.2002608017100871
ENSG00000074319	-0.2002647450605073
ENSG00000245281	-0.2003407167176533
ENSG00000143319	-0.20035862086288359
ENSG00000259772	-0.2003733632171888
ENSG00000116785	-0.20038974998895132
ENSG00000110400	-0.20041879015619224
ENSG00000230010	-0.20045623793674738
ENSG00000198113	-0.2005330274659971
ENSG00000143324	-0.20053604811786263
ENSG00000110092	-0.2005416309636605
ENSG00000200795	-0.20068208898240025
ENSG00000181472	-0.2006821904833932
ENSG00000137441	-0.20068856492129483
ENSG00000183154	-0.20072127443568966
ENSG00000232859	-0.20073646742133278
ENSG00000259891	-0.20077315497597759
ENSG00000245685	-0.20078434069877338
ENSG00000122042	-0.2008058630618852
ENSG00000125571	-0.20080726573400565
ENSG00000135473	-0.20081786616894115
ENSG00000006837	-0.20092664730638277
ENSG00000255328	-0.20095041491272536
ENSG00000258538	-0.20099862464290663
ENSG00000152990	-0.20105119911052882
ENSG00000226380	-0.20108114974522506
ENSG00000198837	-0.20109036250824097
ENSG00000160323	-0.20111866489501729
ENSG00000231840	-0.2011217613109776
ENSG00000196569	-0.20114494631622382
ENSG00000236287	-0.20116469826947347
ENSG00000144029	-0.20120463977994396
ENSG00000076685	-0.2012329647030614
ENSG00000146094	-0.20128217235603008
ENSG00000162378	-0.2013017114349328
ENSG00000137825	-0.20130230158478402
ENSG00000181786	-0.20131273662480675
ENSG00000163512	-0.20134944171745783
ENSG00000204021	-0.20138332756580601
ENSG00000197863	-0.2013939507631627
ENSG00000188322	-0.20139409398465247
ENSG00000037474	-0.20141351299300636
ENSG00000197496	-0.20143010859865196
ENSG00000171444	-0.20145484594172403
ENSG00000239739	-0.20146465572882477
ENSG00000167967	-0.201483551536209
ENSG00000116691	-0.20148550368422458
ENSG00000198492	-0.20152115369763246
ENSG00000259212	-0.20152669228286313
ENSG00000251072	-0.20153571522657876
ENSG00000261292	-0.20153699482075815
ENSG00000196646	-0.20155834620125812
ENSG00000189266	-0.20159077420371685
ENSG00000272183	-0.20159739912750319
ENSG00000100307	-0.20160151728735698
ENSG00000144909	-0.20161167166890992
ENSG00000174038	-0.20168710533373835
ENSG00000009765	-0.20168727275718756
ENSG00000260810	-0.20170800963705582
ENSG00000138641	-0.20175243618294236
ENSG00000148943	-0.20177047939857062
ENSG00000099995	-0.20177675045092747
ENSG00000111325	-0.2018060697264774
ENSG00000166896	-0.2018086721467942
ENSG00000118873	-0.20181931608542314
ENSG00000204351	-0.20182620281857933
ENSG00000225790	-0.20185164699706193
ENSG00000184988	-0.20186157291064732
ENSG00000054392	-0.2019059197559785
ENSG00000235621	-0.20194010237151472
ENSG00000105668	-0.20194961764142438
ENSG00000255176	-0.20196653903616935
ENSG00000101104	-0.20204266429691498
ENSG00000259267	-0.20206172799909405
ENSG00000250392	-0.20207636047032784
ENSG00000144115	-0.20213477192606244
ENSG00000173262	-0.20215762881207577
ENSG00000102977	-0.20217902292799805
ENSG00000112159	-0.20219605603060953
ENSG00000162039	-0.20229343021492796
ENSG00000226263	-0.2022944253869321
ENSG00000103415	-0.20229484978300538
ENSG00000138459	-0.20231432670836047
ENSG00000173156	-0.2023366552369429
ENSG00000272768	-0.2023421482317932
ENSG00000267308	-0.20235690019454033
ENSG00000176595	-0.20252226403629625
ENSG00000135452	-0.2025232024009439
ENSG00000109775	-0.20253772388322744
ENSG00000267249	-0.20254396691700882
ENSG00000151748	-0.2025656989070047
ENSG00000088930	-0.2025689699692188
ENSG00000264364	-0.20260528137264844
ENSG00000123737	-0.2026252308954941
ENSG00000139926	-0.20270850938268747
ENSG00000089737	-0.2027219689194567
ENSG00000078124	-0.20272707911989507
ENSG00000145107	-0.20279037955303636
ENSG00000052795	-0.20279845879412628
ENSG00000197892	-0.20280134994055266
ENSG00000198346	-0.2028046624149884
ENSG00000104973	-0.20280727581247449
ENSG00000015171	-0.20281878056003144
ENSG00000234814	-0.2028245347630846
ENSG00000272689	-0.2028610126380449
ENSG00000088038	-0.202869576894686
ENSG00000111530	-0.2028809913922499
ENSG00000110330	-0.20288208451088652
ENSG00000103245	-0.20292540387053404
ENSG00000164022	-0.20296780408086312
ENSG00000170627	-0.20297910526958507
ENSG00000111321	-0.20308540953776022
ENSG00000170175	-0.20309114162647046
ENSG00000260979	-0.20311672968628602
ENSG00000255478	-0.2031185732420685
ENSG00000237489	-0.2031222614071595
ENSG00000226258	-0.20312851061919557
ENSG00000150459	-0.20315040909601045
ENSG00000178950	-0.20315486841181496
ENSG00000224761	-0.20318057126442013
ENSG00000267886	-0.20318664290983146
ENSG00000272370	-0.20320428575527638
ENSG00000246582	-0.2032050823803514
ENSG00000164082	-0.20320600788184162
ENSG00000010322	-0.203217318303045
ENSG00000214174	-0.20322181859614552
ENSG00000158773	-0.20325555836472953
ENSG00000132357	-0.20327349923546267
ENSG00000165434	-0.20328963262166055
ENSG00000168427	-0.20331317648860592
ENSG00000177732	-0.20331884101003928
ENSG00000091164	-0.20332646586798042
ENSG00000128534	-0.20338574907551255
ENSG00000146457	-0.20340741434913068
ENSG00000197889	-0.20345177495942368
ENSG00000269889	-0.203456464962405
ENSG00000119707	-0.2034955451013104
ENSG00000184602	-0.20354561655333658
ENSG00000142347	-0.20355903341543968
ENSG00000083896	-0.20361367477564019
ENSG00000204130	-0.20362219481036736
ENSG00000164406	-0.20368516227606015
ENSG00000171806	-0.2036909960320581
ENSG00000138081	-0.20369575599771783
ENSG00000256596	-0.20371626111494046
ENSG00000166439	-0.20374882588594934
ENSG00000129084	-0.20375255347446164
ENSG00000273176	-0.20376309408576088
ENSG00000163462	-0.2038123532474745
ENSG00000249042	-0.20384263264215885
ENSG00000237372	-0.20390290834811686
ENSG00000185888	-0.20395642136895076
ENSG00000065883	-0.20395851587919755
ENSG00000228274	-0.20398563462790165
ENSG00000087053	-0.20401729226615262
ENSG00000073350	-0.20408442070589672
ENSG00000271858	-0.20412292502647222
ENSG00000270184	-0.2041483537561004
ENSG00000197894	-0.20415300765095512
ENSG00000187048	-0.20418474283365706
ENSG00000166912	-0.20420832887372942
ENSG00000226777	-0.204219509371401
ENSG00000230292	-0.20426092407093321
ENSG00000124688	-0.20426914941650776
ENSG00000139874	-0.20428143258427833
ENSG00000105323	-0.20430653807793564
ENSG00000272077	-0.20433604878903
ENSG00000198815	-0.2043620202281362
ENSG00000141499	-0.20437195653127926
ENSG00000087842	-0.20437442874603762
ENSG00000214756	-0.2044562052081077
ENSG00000103642	-0.20447351315718476
ENSG00000232995	-0.20448904904092757
ENSG00000160679	-0.20449005881724835
ENSG00000259877	-0.20449023718552028
ENSG00000250486	-0.20450690970248508
ENSG00000180855	-0.20451676988347722
ENSG00000244349	-0.20454623285612517
ENSG00000237947	-0.20456867569032378
ENSG00000196189	-0.20458732697189075
ENSG00000141391	-0.20459780009515804
ENSG00000144837	-0.20461154695142925
ENSG00000198218	-0.20462970182391582
ENSG00000136783	-0.20469169696438194
ENSG00000104763	-0.20469704596774707
ENSG00000213793	-0.2047006065554673
ENSG00000182004	-0.20472369621713082
ENSG00000231811	-0.20472723927572212
ENSG00000011465	-0.20480889116609102
ENSG00000069974	-0.2048112165847802
ENSG00000104907	-0.2048283501656908
ENSG00000243345	-0.20485789123889664
ENSG00000242686	-0.2048614652148527
ENSG00000183751	-0.20488153470379233
ENSG00000085719	-0.20491876911282625
ENSG00000163104	-0.20492171263151726
ENSG00000235475	-0.20497432115926606
ENSG00000107742	-0.20498667465271747
ENSG00000261481	-0.20499801109622084
ENSG00000157106	-0.20502448930943928
ENSG00000184995	-0.20504534066338453
ENSG00000186184	-0.20507175823449186
ENSG00000125651	-0.20509681589757867
ENSG00000149243	-0.20512015020087282
ENSG00000075340	-0.20515381957660472
ENSG00000223812	-0.20517072897486133
ENSG00000083814	-0.20519727154259004
ENSG00000130559	-0.20523924689176276
ENSG00000232729	-0.20524521951611863
ENSG00000235535	-0.20526384467790249
ENSG00000140474	-0.20526940953798778
ENSG00000006468	-0.2053155550580945
ENSG00000197818	-0.20532684297254356
ENSG00000064042	-0.20538104521254075
ENSG00000112200	-0.20540016034761954
ENSG00000152763	-0.20543092316954625
ENSG00000258701	-0.20545431673202463
ENSG00000120162	-0.20545876087238946
ENSG00000151093	-0.20550104633729893
ENSG00000267811	-0.20550605074115946
ENSG00000125843	-0.2055126811365331
ENSG00000164099	-0.2055735103316021
ENSG00000145996	-0.20560972896939966
ENSG00000135837	-0.20563940608491293
ENSG00000109445	-0.20564164806176533
ENSG00000229558	-0.20565246415101757
ENSG00000203883	-0.2056572176208069
ENSG00000116406	-0.20570425739063192
ENSG00000257103	-0.205802516419906
ENSG00000108064	-0.20580555192458994
ENSG00000166930	-0.20581026126767654
ENSG00000196576	-0.20586432495036033
ENSG00000198300	-0.20590637930290256
ENSG00000100219	-0.20592370752862832
ENSG00000101311	-0.20593045000307197
ENSG00000109189	-0.20593466570242136
ENSG00000148110	-0.2059567525722542
ENSG00000196588	-0.20598945750034003
ENSG00000135951	-0.20603841794623057
ENSG00000269951	-0.2060530586699345
ENSG00000178531	-0.2060772504402073
ENSG00000249693	-0.20619338429438705
ENSG00000235387	-0.20621872490330173
ENSG00000072818	-0.20623958627382488
ENSG00000163131	-0.20625415448507067
ENSG00000229373	-0.20625627975329308
ENSG00000223361	-0.20629258704053133
ENSG00000227591	-0.20629314656522346
ENSG00000172296	-0.206324752794535
ENSG00000119147	-0.20635405993804512
ENSG00000107611	-0.20636700435346034
ENSG00000196421	-0.20636825108895174
ENSG00000166831	-0.20642697410164057
ENSG00000149925	-0.20643361076857425
ENSG00000248388	-0.20644628702601664
ENSG00000135605	-0.20646826111343586
ENSG00000143147	-0.20649505144488411
ENSG00000090686	-0.2065185935616134
ENSG00000164532	-0.20653666479447041
ENSG00000272153	-0.20654229323895046
ENSG00000176194	-0.20656362260835448
ENSG00000227206	-0.2066345149410096
ENSG00000151623	-0.20665252705147896
ENSG00000223351	-0.2066753377142746
ENSG00000228126	-0.20667750970218668
ENSG00000224924	-0.2066977216729845
ENSG00000107165	-0.20673876107481404
ENSG00000259943	-0.20674361028318444
ENSG00000204574	-0.20677713494014294
ENSG00000246662	-0.20678215979226477
ENSG00000261810	-0.20681412295463142
ENSG00000090932	-0.20682123214672132
ENSG00000175544	-0.20683184976560864
ENSG00000166347	-0.2068549293244648
ENSG00000116641	-0.2068884190512087
ENSG00000147251	-0.206936683055591
ENSG00000142632	-0.2069460766146355
ENSG00000164291	-0.20696637217000458
ENSG00000163141	-0.20699505261169482
ENSG00000124608	-0.20701948126354364
ENSG00000125676	-0.20702603079871296
ENSG00000165983	-0.2070280507409692
ENSG00000151023	-0.20708618488760233
ENSG00000196975	-0.2070899228665316
ENSG00000271989	-0.20714021357788415
ENSG00000100802	-0.20721630466495533
ENSG00000162624	-0.20723593669318108
ENSG00000235760	-0.20723658274291445
ENSG00000130177	-0.20725507193610937
ENSG00000249252	-0.20733084717426442
ENSG00000186063	-0.2073464689323431
ENSG00000216937	-0.20740535704181018
ENSG00000197406	-0.20744993760524233
ENSG00000110958	-0.20746303547183598
ENSG00000230313	-0.20746389741718907
ENSG00000154814	-0.20749525317446837
ENSG00000259353	-0.20749698717742227
ENSG00000189401	-0.20750760297016446
ENSG00000135914	-0.20751054804613733
ENSG00000116819	-0.20751444869032298
ENSG00000013583	-0.20752765643898363
ENSG00000134330	-0.20754097807960614
ENSG00000172322	-0.20756164240940267
ENSG00000197603	-0.20759149932702403
ENSG00000102043	-0.20761582427695813
ENSG00000272578	-0.2076332083846837
ENSG00000202363	-0.20763347411962718
ENSG00000184702	-0.2076445226918895
ENSG00000213799	-0.20765635908316948
ENSG00000211797	-0.20768421643054968
ENSG00000101347	-0.2076847799975129
ENSG00000257588	-0.20769997080436964
ENSG00000129990	-0.2077057631887137
ENSG00000151239	-0.20771344387175483
ENSG00000160678	-0.20772233147984986
ENSG00000102854	-0.20772710450221232
ENSG00000171243	-0.2077584122975602
ENSG00000260924	-0.20776550473614042
ENSG00000171135	-0.2077764592155774
ENSG00000199691	-0.20780539229343475
ENSG00000183784	-0.2078327804361103
ENSG00000163347	-0.20783341774194275
ENSG00000140943	-0.2078525339304158
ENSG00000225087	-0.20786957512032334
ENSG00000160633	-0.20791091068006418
ENSG00000144580	-0.2079469681400924
ENSG00000118600	-0.2079571018454437
ENSG00000183647	-0.20795908148325815
ENSG00000237992	-0.20798229009603353
ENSG00000135316	-0.2080153752825047
ENSG00000069493	-0.2080559730756929
ENSG00000227718	-0.20806049383598346
ENSG00000162645	-0.20806854839639877
ENSG00000273192	-0.20807511497516118
ENSG00000147576	-0.20808811214414435
ENSG00000237742	-0.2081711989313576
ENSG00000124134	-0.2082178094533852
ENSG00000272941	-0.20826514718119615
ENSG00000106459	-0.20833142643068436
ENSG00000197457	-0.208331982893058
ENSG00000178645	-0.20836505404075056
ENSG00000204406	-0.2083908480815002
ENSG00000236031	-0.20839130548375395
ENSG00000164938	-0.2084569352420791
ENSG00000259130	-0.20846135310630642
ENSG00000206532	-0.2084937579824363
ENSG00000272426	-0.2085184744755707
ENSG00000103126	-0.20855230188467355
ENSG00000149380	-0.20858423135972282
ENSG00000181192	-0.20859168513547688
ENSG00000184575	-0.20860496895613434
ENSG00000158470	-0.20861664307917283
ENSG00000267034	-0.2086690101951474
ENSG00000144567	-0.20872409029869898
ENSG00000196616	-0.20873131911985066
ENSG00000108684	-0.2087440430832811
ENSG00000029534	-0.20875623177800307
ENSG00000267772	-0.20876683131313012
ENSG00000068366	-0.2087828378181168
ENSG00000203999	-0.20885804322175894
ENSG00000108840	-0.20887259131161362
ENSG00000215704	-0.20889057984656834
ENSG00000233396	-0.20889479411952128
ENSG00000129595	-0.20891456096818672
ENSG00000141447	-0.2089185132796023
ENSG00000174292	-0.20897542141524394
ENSG00000197020	-0.2089777218215535
ENSG00000254636	-0.20900324726509345
ENSG00000142675	-0.2090160923095571
ENSG00000198088	-0.2090405974700097
ENSG00000169605	-0.2090611926333893
ENSG00000253236	-0.20908215835761357
ENSG00000111684	-0.20908537463261656
ENSG00000254533	-0.2091490265145367
ENSG00000174796	-0.20916865041873312
ENSG00000256340	-0.2091710858870146
ENSG00000197177	-0.20920874527336653
ENSG00000091009	-0.20922351960760455
ENSG00000253187	-0.20923915307463758
ENSG00000100399	-0.2092632428679364
ENSG00000257315	-0.20926361036610275
ENSG00000214888	-0.20928246971112874
ENSG00000101493	-0.20930076738527437
ENSG00000197170	-0.20931350264766435
ENSG00000137414	-0.20935385162423437
ENSG00000199476	-0.2093590540217689
ENSG00000239779	-0.209366197538017
ENSG00000114331	-0.2093855467446295
ENSG00000132406	-0.20938719731505573
ENSG00000106144	-0.209427398575733
ENSG00000178096	-0.2094282471513903
ENSG00000010361	-0.20946555617950113
ENSG00000174963	-0.20949427815542399
ENSG00000127993	-0.20955901678058786
ENSG00000236609	-0.20955927710082878
ENSG00000148826	-0.20956952635593606
ENSG00000006831	-0.2095982178151723
ENSG00000160072	-0.20960749788458133
ENSG00000121390	-0.20963528055646075
ENSG00000146425	-0.20966807084033212
ENSG00000185305	-0.20969016618203207
ENSG00000106246	-0.2096931053007144
ENSG00000006210	-0.2096986632035608
ENSG00000079337	-0.20970732420566984
ENSG00000143630	-0.20971992833556619
ENSG00000174939	-0.20972846104649878
ENSG00000262098	-0.20973746626145218
ENSG00000196724	-0.20974253401493737
ENSG00000173110	-0.2097458843640485
ENSG00000257677	-0.20975116419691386
ENSG00000230177	-0.2097615099469945
ENSG00000268713	-0.20977103607877057
ENSG00000153132	-0.20980823883939803
ENSG00000257009	-0.20983287687353902
ENSG00000096696	-0.20984144055776643
ENSG00000196504	-0.20984157072442722
ENSG00000163644	-0.20985637233782184
ENSG00000058063	-0.2099286705637775
ENSG00000128203	-0.20993408798945468
ENSG00000226179	-0.2099639359575035
ENSG00000187815	-0.2099962532442381
ENSG00000198862	-0.21001979546265692
ENSG00000266830	-0.21003046299503536
ENSG00000265415	-0.21003240911873267
ENSG00000185728	-0.2100329871283284
ENSG00000144228	-0.2100891298929327
ENSG00000108774	-0.21011987430703538
ENSG00000236591	-0.210120744910266
ENSG00000213563	-0.2101412672318963
ENSG00000105501	-0.21016166862688201
ENSG00000253235	-0.21017141128560712
ENSG00000261092	-0.21018552643623933
ENSG00000167037	-0.21022183476823775
ENSG00000117523	-0.21031897604328753
ENSG00000256128	-0.21035287991986107
ENSG00000104835	-0.21039002186183864
ENSG00000189298	-0.21042633942272126
ENSG00000158669	-0.21042971755610962
ENSG00000082438	-0.2104638685163206
ENSG00000131378	-0.21046650192713323
ENSG00000224097	-0.21048100320127006
ENSG00000269352	-0.21052985642335786
ENSG00000145439	-0.21053366960229036
ENSG00000189337	-0.21060912614147576
ENSG00000260740	-0.2106333126823312
ENSG00000244045	-0.21065302734310543
ENSG00000205076	-0.21066297412534962
ENSG00000147324	-0.21066780964680965
ENSG00000104804	-0.2106741823871059
ENSG00000104067	-0.21068511567811066
ENSG00000185760	-0.2106911110692251
ENSG00000084092	-0.21070072854709354
ENSG00000004776	-0.2107237679483187
ENSG00000172349	-0.2108073416545947
ENSG00000196550	-0.2108118717005183
ENSG00000262995	-0.2108561956627868
ENSG00000165959	-0.2108608274674303
ENSG00000188372	-0.21088882430234546
ENSG00000158089	-0.2109317052982873
ENSG00000257303	-0.21094980677952135
ENSG00000069345	-0.21099183691110834
ENSG00000105778	-0.2110063580749877
ENSG00000163376	-0.21101936428140544
ENSG00000159140	-0.2111073348729332
ENSG00000128833	-0.21111040729145025
ENSG00000187288	-0.21111415663296995
ENSG00000101236	-0.2111178000565409
ENSG00000231993	-0.21117369414549636
ENSG00000135363	-0.21118166451748666
ENSG00000266921	-0.21127960128833412
ENSG00000164331	-0.21135571464532876
ENSG00000033122	-0.21140082459508847
ENSG00000177994	-0.21141789088220897
ENSG00000258824	-0.21143446589825377
ENSG00000158715	-0.21143514177742584
ENSG00000165406	-0.21146991612955313
ENSG00000187017	-0.2115063770874842
ENSG00000062650	-0.21152738288122241
ENSG00000170430	-0.21155887371051796
ENSG00000085465	-0.21157166811651873
ENSG00000177302	-0.2115764587738037
ENSG00000171757	-0.21159040989894118
ENSG00000234265	-0.21160360484710294
ENSG00000230680	-0.2116642879361682
ENSG00000117280	-0.21168320833976118
ENSG00000241837	-0.21168522812674906
ENSG00000229356	-0.21170054111022962
ENSG00000232623	-0.21183624859089745
ENSG00000224713	-0.2118682666675602
ENSG00000109436	-0.2118816979582816
ENSG00000107938	-0.21197434431476248
ENSG00000171119	-0.2119791847271676
ENSG00000102984	-0.21199055204195794
ENSG00000115275	-0.21200132739586708
ENSG00000104660	-0.2120186608293052
ENSG00000183283	-0.21205289490518686
ENSG00000131242	-0.21206311000412859
ENSG00000136628	-0.21206479274897316
ENSG00000271420	-0.21206618923599074
ENSG00000173598	-0.2120795428855593
ENSG00000158373	-0.2121672615729957
ENSG00000142684	-0.21217569453761753
ENSG00000187498	-0.21219131123249013
ENSG00000270571	-0.21219614027190348
ENSG00000271334	-0.21222778390790598
ENSG00000165072	-0.21223006029131297
ENSG00000076043	-0.212315537237459
ENSG00000197442	-0.21235823162637102
ENSG00000231074	-0.21236794515807922
ENSG00000165671	-0.21237850651916312
ENSG00000166133	-0.2123827122916555
ENSG00000226364	-0.21241946594739014
ENSG00000165684	-0.21242291338573271
ENSG00000244462	-0.2124691601540506
ENSG00000140983	-0.21247583105488632
ENSG00000255910	-0.21247739385175213
ENSG00000229415	-0.21250716912318512
ENSG00000258602	-0.21251868362304727
ENSG00000224982	-0.2125259418421116
ENSG00000153721	-0.21256168294537392
ENSG00000142765	-0.21256269933934002
ENSG00000184677	-0.21256765207759154
ENSG00000144227	-0.21257028683768342
ENSG00000124233	-0.21257903177759396
ENSG00000246985	-0.2126017944452765
ENSG00000172667	-0.212602064719857
ENSG00000087448	-0.21261904865092385
ENSG00000249853	-0.2126280950794589
ENSG00000054277	-0.2126296390303405
ENSG00000151445	-0.21264071496173054
ENSG00000228878	-0.2126962821953461
ENSG00000162407	-0.21272708144064334
ENSG00000254100	-0.21273940521451684
ENSG00000163867	-0.21275027013871417
ENSG00000147117	-0.21276576110212075
ENSG00000215023	-0.2127725312477945
ENSG00000108960	-0.212788121508232
ENSG00000171823	-0.21279298022611381
ENSG00000256124	-0.21280013168829903
ENSG00000114302	-0.21280311592203138
ENSG00000226137	-0.21282250994078344
ENSG00000167644	-0.2128234754149142
ENSG00000197479	-0.21287029554574755
ENSG00000227148	-0.21289068227434882
ENSG00000182698	-0.212910014925352
ENSG00000261474	-0.21296092965196733
ENSG00000211648	-0.21296949740155968
ENSG00000104313	-0.21298487023724166
ENSG00000198276	-0.21298860276701093
ENSG00000009954	-0.21299212919398236
ENSG00000131508	-0.2130384738426626
ENSG00000226696	-0.21305212036417276
ENSG00000143318	-0.21305941107508042
ENSG00000114757	-0.2130621841883784
ENSG00000140006	-0.21306445278791886
ENSG00000245322	-0.21307284033002982
ENSG00000253807	-0.21309456493102286
ENSG00000267159	-0.21309520763536138
ENSG00000104972	-0.21309896135926487
ENSG00000260278	-0.2131070640495134
ENSG00000130414	-0.21311095755933818
ENSG00000105607	-0.21320014641377205
ENSG00000165025	-0.21320860209561654
ENSG00000204257	-0.21320906605217627
ENSG00000130234	-0.21323845013253895
ENSG00000196459	-0.21324664377346536
ENSG00000270659	-0.2132525781749256
ENSG00000264548	-0.21326402950904433
ENSG00000128641	-0.21331077150551347
ENSG00000230415	-0.2133373230910034
ENSG00000163053	-0.21339599874125847
ENSG00000128309	-0.21341746220526925
ENSG00000173171	-0.21342539055397458
ENSG00000231119	-0.21342810159053793
ENSG00000101882	-0.21345237855617671
ENSG00000134198	-0.2134679237625391
ENSG00000199804	-0.21348195880482823
ENSG00000163584	-0.21348414777079472
ENSG00000205927	-0.21350099886064977
ENSG00000048140	-0.21351169745973742
ENSG00000070759	-0.21351213790298906
ENSG00000250734	-0.21351460307092385
ENSG00000170476	-0.2135185916169069
ENSG00000238279	-0.213522494895228
ENSG00000173080	-0.21354222532077594
ENSG00000163092	-0.21358498234072465
ENSG00000186364	-0.21362260599569982
ENSG00000054267	-0.21365484289172576
ENSG00000180828	-0.21366158643629796
ENSG00000147679	-0.2137011062844164
ENSG00000138668	-0.213750798970741
ENSG00000261738	-0.21376746819085257
ENSG00000178307	-0.21377412409750862
ENSG00000258754	-0.21377624485930014
ENSG00000219665	-0.21377809726999042
ENSG00000175470	-0.21380171665126857
ENSG00000203288	-0.21380898185175945
ENSG00000136717	-0.2138563450601576
ENSG00000018610	-0.21388886904379167
ENSG00000178935	-0.21395529565202087
ENSG00000104897	-0.21395968825890244
ENSG00000232931	-0.21396775997236472
ENSG00000231628	-0.21398195048027224
ENSG00000148672	-0.2140117132637489
ENSG00000111596	-0.2140403797701924
ENSG00000135677	-0.21417016124966148
ENSG00000124222	-0.21418368325530068
ENSG00000176165	-0.2141989442599217
ENSG00000253854	-0.21420088625647227
ENSG00000132376	-0.21425304179210958
ENSG00000131080	-0.21427283190008217
ENSG00000071054	-0.21428274427401195
ENSG00000240440	-0.21429815722540335
ENSG00000248254	-0.21431750359841073
ENSG00000100568	-0.21433516914453143
ENSG00000186684	-0.2143429159867729
ENSG00000145014	-0.21435685721951458
ENSG00000111252	-0.21441554851799927
ENSG00000165113	-0.21447334090408177
ENSG00000140284	-0.21447349462820964
ENSG00000130427	-0.2144823158864274
ENSG00000147174	-0.21448860828623384
ENSG00000100564	-0.2145265636073984
ENSG00000260277	-0.21453038891002107
ENSG00000037897	-0.21455969553833454
ENSG00000073792	-0.21456375512010617
ENSG00000152128	-0.2145698732206167
ENSG00000179542	-0.21457110481260733
ENSG00000153207	-0.21460889661707983
ENSG00000138085	-0.2146189456344617
ENSG00000148737	-0.21463770880982225
ENSG00000104043	-0.21468344324517674
ENSG00000211941	-0.21468690821061154
ENSG00000080603	-0.214687609159238
ENSG00000162980	-0.21472278153309243
ENSG00000197345	-0.214730161459446
ENSG00000239335	-0.21474209978936454
ENSG00000172197	-0.214748483701085
ENSG00000163072	-0.2147837629918652
ENSG00000257129	-0.21478756266446586
ENSG00000270178	-0.21483464562831034
ENSG00000100354	-0.2148448927441784
ENSG00000198106	-0.21485419139111617
ENSG00000095787	-0.21487324932221774
ENSG00000163938	-0.21487444472839445
ENSG00000213079	-0.21487550820219548
ENSG00000112357	-0.21490168005967614
ENSG00000058262	-0.21491780312237574
ENSG00000059758	-0.21494232092306031
ENSG00000197953	-0.21498308304864666
ENSG00000266369	-0.2149989738750142
ENSG00000232855	-0.2150045898509908
ENSG00000256995	-0.21500691201163402
ENSG00000143575	-0.21501497692353788
ENSG00000167264	-0.21504282571036704
ENSG00000184014	-0.2150600228249585
ENSG00000085491	-0.21513986785719375
ENSG00000204661	-0.21517441849171903
ENSG00000070423	-0.21518937077624112
ENSG00000205810	-0.21523378093993384
ENSG00000196081	-0.21525508113462988
ENSG00000198162	-0.215268381278513
ENSG00000215375	-0.215294287539895
ENSG00000120910	-0.21529561261886032
ENSG00000234636	-0.21534035863437484
ENSG00000176715	-0.21535780585141118
ENSG00000105176	-0.2154012492128372
ENSG00000257999	-0.21542861588773266
ENSG00000226937	-0.2154326990968467
ENSG00000235919	-0.21546556889684265
ENSG00000116977	-0.21546848881869496
ENSG00000176055	-0.21550725546849625
ENSG00000170088	-0.21568957050353066
ENSG00000095574	-0.21570528396028021
ENSG00000140937	-0.21571781794512235
ENSG00000001617	-0.21572929164500376
ENSG00000250357	-0.21573945363593072
ENSG00000239264	-0.21577047521903037
ENSG00000023902	-0.21587363735452303
ENSG00000105982	-0.21589438714502718
ENSG00000251573	-0.21598581132498984
ENSG00000197748	-0.21601205490205266
ENSG00000256229	-0.21603184184201285
ENSG00000176095	-0.21607452267678695
ENSG00000160307	-0.21610807433700951
ENSG00000068354	-0.2161855540899652
ENSG00000214970	-0.21620744621565724
ENSG00000166889	-0.21625499353233113
ENSG00000185650	-0.21630641241880932
ENSG00000154822	-0.21631898429965757
ENSG00000185669	-0.21634828283166097
ENSG00000127980	-0.21640835372950584
ENSG00000236308	-0.21641194463186042
ENSG00000122674	-0.21644392427769477
ENSG00000240137	-0.21647295661744892
ENSG00000139719	-0.21647506399615446
ENSG00000122863	-0.21652134107976306
ENSG00000147010	-0.21653463999839007
ENSG00000245317	-0.21654877119012605
ENSG00000272574	-0.2165535015622595
ENSG00000113575	-0.21663931336244524
ENSG00000127914	-0.2166409599298318
ENSG00000250012	-0.21666389618207904
ENSG00000163293	-0.21667409617685107
ENSG00000125637	-0.21667780206275167
ENSG00000084710	-0.21671280526842762
ENSG00000225528	-0.21679006349336993
ENSG00000164323	-0.21683995244183207
ENSG00000166352	-0.21684497376623468
ENSG00000262147	-0.21686853479265822
ENSG00000187908	-0.21687299071164967
ENSG00000169251	-0.21689821698588463
ENSG00000117640	-0.21689841718878844
ENSG00000115415	-0.2169008599385086
ENSG00000229233	-0.21690631857703835
ENSG00000180229	-0.2169224523029164
ENSG00000120693	-0.2169347320723355
ENSG00000048392	-0.21695760919932838
ENSG00000154767	-0.2169717442873561
ENSG00000167699	-0.21701395308242677
ENSG00000188050	-0.21704484226895926
ENSG00000157911	-0.21715649121843272
ENSG00000166164	-0.21718072229293428
ENSG00000259330	-0.2172205198836411
ENSG00000158481	-0.21724935619287544
ENSG00000189144	-0.2172798051447279
ENSG00000088854	-0.21728707445142104
ENSG00000242028	-0.21729204980929162
ENSG00000164815	-0.21729828447428434
ENSG00000250893	-0.21730996507763
ENSG00000008226	-0.21731972725203985
ENSG00000087338	-0.21732003092341357
ENSG00000153922	-0.21735009360950475
ENSG00000197279	-0.21737057699194906
ENSG00000089916	-0.21737846908824154
ENSG00000228397	-0.21740479981283478
ENSG00000166848	-0.21743512289019573
ENSG00000145495	-0.21748819442090772
ENSG00000100121	-0.2175494328472325
ENSG00000197150	-0.2176228874623144
ENSG00000128271	-0.21763388927911242
ENSG00000246089	-0.21763539260529008
ENSG00000162385	-0.217638456595054
ENSG00000270069	-0.2176687386986662
ENSG00000257052	-0.21772355043609382
ENSG00000186567	-0.21776585678378635
ENSG00000162783	-0.21777099086277418
ENSG00000135775	-0.21779918160965372
ENSG00000134443	-0.21780441358591807
ENSG00000169905	-0.21782473338979702
ENSG00000114115	-0.21784400363819822
ENSG00000213279	-0.21785237098817067
ENSG00000170445	-0.21786603220732792
ENSG00000102796	-0.21787958129090002
ENSG00000171204	-0.21788522350360962
ENSG00000117614	-0.2178880252224501
ENSG00000131037	-0.21789913305601838
ENSG00000223542	-0.21791270369443805
ENSG00000100908	-0.21795481692970597
ENSG00000101928	-0.21798415427566353
ENSG00000160781	-0.21803410371253562
ENSG00000228839	-0.21804069865626463
ENSG00000177054	-0.2181041765397117
ENSG00000060566	-0.21810693625240096
ENSG00000145819	-0.21812723521221367
ENSG00000132323	-0.21814212727965687
ENSG00000244607	-0.21816178875245995
ENSG00000110063	-0.2181739165700286
ENSG00000166317	-0.21817889473822216
ENSG00000006007	-0.2181891510174504
ENSG00000168291	-0.21819387240661725
ENSG00000232132	-0.21820326622020514
ENSG00000163930	-0.21822754811303624
ENSG00000143515	-0.21826135165614824
ENSG00000174697	-0.21827046027550234
ENSG00000112232	-0.21827332170559222
ENSG00000130939	-0.21827727110923745
ENSG00000163528	-0.21829451006414924
ENSG00000187066	-0.2183011113756319
ENSG00000156256	-0.21830447575392442
ENSG00000259869	-0.2183152322542652
ENSG00000259256	-0.21832167125430768
ENSG00000082293	-0.21836055325330173
ENSG00000089327	-0.21836828644564743
ENSG00000120899	-0.21837357737024576
ENSG00000233108	-0.2184005076318306
ENSG00000151967	-0.21840422762382428
ENSG00000125430	-0.2184263480418318
ENSG00000023318	-0.21843032338663282
ENSG00000007392	-0.21850884145224658
ENSG00000157315	-0.21851889503772604
ENSG00000267565	-0.2185202720497743
ENSG00000249494	-0.218528574488716
ENSG00000239552	-0.21853535922578915
ENSG00000149182	-0.21854720202579936
ENSG00000196787	-0.21855379395242092
ENSG00000154589	-0.21860480389264014
ENSG00000120868	-0.21860961614802432
ENSG00000230107	-0.21862775150165747
ENSG00000177030	-0.21865072484319847
ENSG00000187790	-0.21869059077454933
ENSG00000187778	-0.21869102790859707
ENSG00000100811	-0.21874053510400138
ENSG00000256525	-0.21874685048590392
ENSG00000249713	-0.21875144849672323
ENSG00000134318	-0.21875233409436
ENSG00000141298	-0.218757874754285
ENSG00000259912	-0.21877996206037775
ENSG00000161682	-0.21879807592018885
ENSG00000206053	-0.21882326226734006
ENSG00000122515	-0.2188586060428951
ENSG00000187735	-0.2188662607510401
ENSG00000177225	-0.2188834991926183
ENSG00000165525	-0.21891788443770122
ENSG00000180539	-0.2189672868147119
ENSG00000114107	-0.21897146461738315
ENSG00000122435	-0.21897479816729148
ENSG00000113558	-0.2189877964374879
ENSG00000005844	-0.2189912359602083
ENSG00000084463	-0.2189974887866042
ENSG00000163602	-0.21900479037126008
ENSG00000170144	-0.21902557084499263
ENSG00000171456	-0.2190322379792894
ENSG00000155744	-0.21903665582372844
ENSG00000161055	-0.21905346134826065
ENSG00000259663	-0.21907717562144624
ENSG00000224729	-0.21912575939425105
ENSG00000241170	-0.21912892896705483
ENSG00000254907	-0.2191347183418717
ENSG00000273179	-0.21915879697701068
ENSG00000116350	-0.21917421319423158
ENSG00000004838	-0.2192004729389585
ENSG00000184260	-0.21921581690571879
ENSG00000003393	-0.21924407345086505
ENSG00000102753	-0.21925141658237324
ENSG00000231389	-0.21926299781091962
ENSG00000234149	-0.21929390100958168
ENSG00000233834	-0.21932645482659585
ENSG00000161395	-0.21934668616620234
ENSG00000164284	-0.21934948709020086
ENSG00000183208	-0.21942038533396901
ENSG00000182224	-0.21945435181524053
ENSG00000182575	-0.21945933500496706
ENSG00000103544	-0.21946130243787676
ENSG00000231355	-0.21953971466110855
ENSG00000164414	-0.21962255234920414
ENSG00000234869	-0.21963657968088535
ENSG00000146826	-0.21966618676741378
ENSG00000272462	-0.21968884073979156
ENSG00000179562	-0.21969979347566893
ENSG00000117751	-0.2197110394970403
ENSG00000237187	-0.21974655990674163
ENSG00000267356	-0.21976902525697806
ENSG00000155629	-0.21981477059764254
ENSG00000272361	-0.21981745585397838
ENSG00000132464	-0.2198351393951914
ENSG00000105281	-0.2198926597896277
ENSG00000131470	-0.2199108937030545
ENSG00000174989	-0.2199122346382224
ENSG00000246596	-0.21993797170317608
ENSG00000203441	-0.21994797853279846
ENSG00000165801	-0.21995123650976756
ENSG00000142538	-0.21997618154338372
ENSG00000261294	-0.2199845126636416
ENSG00000240024	-0.2200054138743357
ENSG00000181652	-0.22001422123826764
ENSG00000115598	-0.22002800261250588
ENSG00000163947	-0.22006310996398082
ENSG00000213923	-0.22009388275016528
ENSG00000196458	-0.22009924105907275
ENSG00000005436	-0.22010629046238983
ENSG00000153815	-0.22013657578141343
ENSG00000258820	-0.22014060174703376
ENSG00000254689	-0.22014821912024463
ENSG00000262663	-0.2201735895919269
ENSG00000273476	-0.2201774997337912
ENSG00000084674	-0.2201831037490587
ENSG00000105926	-0.220203284355587
ENSG00000212567	-0.2202148247367649
ENSG00000067082	-0.2202150347989047
ENSG00000248712	-0.22024236016672571
ENSG00000255974	-0.22026438956646144
ENSG00000211727	-0.22028152486174313
ENSG00000173588	-0.22029418940795198
ENSG00000204650	-0.22030830030034232
ENSG00000136404	-0.2203420395788822
ENSG00000005421	-0.22036911833366368
ENSG00000198756	-0.2204014033746282
ENSG00000231500	-0.22041972308653657
ENSG00000164603	-0.220423883504146
ENSG00000272106	-0.2204356090282935
ENSG00000249685	-0.22045398109677694
ENSG00000235724	-0.2204592893781786
ENSG00000183484	-0.22047726763556574
ENSG00000160818	-0.22048039898455318
ENSG00000125870	-0.22051265302320633
ENSG00000137331	-0.22051427068582952
ENSG00000131055	-0.22052456584583957
ENSG00000133226	-0.22053593444937214
ENSG00000050767	-0.22054562230797337
ENSG00000254027	-0.22056053009751964
ENSG00000235740	-0.22056716133052334
ENSG00000106536	-0.22058097177444824
ENSG00000133612	-0.22059951966276203
ENSG00000123575	-0.22062598178127524
ENSG00000240211	-0.2206325448408536
ENSG00000227857	-0.22065951322073496
ENSG00000134940	-0.22067933327505607
ENSG00000264765	-0.2206803179348421
ENSG00000231437	-0.2206905690419243
ENSG00000259648	-0.22070930793057175
ENSG00000263450	-0.22072003619143854
ENSG00000258057	-0.22072046605372697
ENSG00000171988	-0.22072359844283884
ENSG00000173762	-0.2207307215808041
ENSG00000184058	-0.22075309110517793
ENSG00000104714	-0.22079273274564748
ENSG00000271781	-0.22082712346201838
ENSG00000197024	-0.22084110379117883
ENSG00000270083	-0.22084394227402937
ENSG00000231298	-0.22086045821264444
ENSG00000198818	-0.2208672542207487
ENSG00000234832	-0.22087093737644492
ENSG00000225519	-0.22090899215108795
ENSG00000225377	-0.22092231512650995
ENSG00000211676	-0.2209632543031308
ENSG00000269737	-0.22097484457929317
ENSG00000128276	-0.22100046324228018
ENSG00000092931	-0.22101203185767115
ENSG00000183873	-0.22106724992997506
ENSG00000131779	-0.2210702656281398
ENSG00000164182	-0.22108237137231823
ENSG00000184281	-0.22110160937079248
ENSG00000261478	-0.22112419758026203
ENSG00000146409	-0.22113229173460547
ENSG00000175697	-0.22116231256226915
ENSG00000176563	-0.22120238535547831
ENSG00000257953	-0.22120309389797088
ENSG00000238273	-0.22123763350921455
ENSG00000166035	-0.22125070203123975
ENSG00000145703	-0.22128163551576385
ENSG00000163162	-0.2212854254157698
ENSG00000154188	-0.22132689944958772
ENSG00000107859	-0.22142525732028184
ENSG00000187753	-0.2214824474221193
ENSG00000170439	-0.2215468717347573
ENSG00000170509	-0.22160930289806258
ENSG00000216775	-0.2216520864877093
ENSG00000121005	-0.22165290483212174
ENSG00000104228	-0.22168617811411329
ENSG00000257176	-0.22170181602822114
ENSG00000104413	-0.22171916631982147
ENSG00000197361	-0.22179482698809727
ENSG00000255062	-0.22182248773560553
ENSG00000224721	-0.22184270918862992
ENSG00000165131	-0.22185058713005235
ENSG00000172346	-0.22185413938029408
ENSG00000183309	-0.2218670697387749
ENSG00000257913	-0.22189937265110715
ENSG00000100336	-0.2219467272951754
ENSG00000271147	-0.2219600960227185
ENSG00000102974	-0.22199068599719562
ENSG00000272564	-0.2219957089912934
ENSG00000118491	-0.2220109676594184
ENSG00000267040	-0.22205069836520774
ENSG00000238121	-0.22205904031691304
ENSG00000254554	-0.22210240690056915
ENSG00000237149	-0.2221363186990255
ENSG00000183723	-0.2221428787713824
ENSG00000271043	-0.22219534040565048
ENSG00000236754	-0.22220067353563056
ENSG00000157890	-0.22223458328320267
ENSG00000250167	-0.22224540920255276
ENSG00000172977	-0.22226551490947166
ENSG00000170315	-0.22227022086073245
ENSG00000250073	-0.22228633767569161
ENSG00000173992	-0.22228672497795132
ENSG00000176624	-0.22229663907673325
ENSG00000186230	-0.22230902568460897
ENSG00000101442	-0.22233203881602726
ENSG00000177990	-0.2223523866119469
ENSG00000229531	-0.2223654464004634
ENSG00000135902	-0.22237672934725328
ENSG00000130713	-0.22243060215931443
ENSG00000237429	-0.22243742395658017
ENSG00000112837	-0.2224501140002133
ENSG00000183828	-0.22245404445409744
ENSG00000144749	-0.22246337886285317
ENSG00000092330	-0.22247096583826842
ENSG00000139714	-0.22249499816314044
ENSG00000186399	-0.22251992865194692
ENSG00000272172	-0.22252445992140768
ENSG00000182463	-0.22256913240681053
ENSG00000255158	-0.2226265856086811
ENSG00000229391	-0.22264651662302837
ENSG00000138646	-0.2226897867979183
ENSG00000243772	-0.22270480900232226
ENSG00000213918	-0.222713006913826
ENSG00000173809	-0.22278145744964462
ENSG00000056097	-0.22282895057077934
ENSG00000128731	-0.22287139609299578
ENSG00000138161	-0.22287567131316866
ENSG00000259163	-0.22288843425013727
ENSG00000257784	-0.22296550982430074
ENSG00000095261	-0.22301139756518362
ENSG00000176853	-0.22301783719592183
ENSG00000107140	-0.22305609377541746
ENSG00000205209	-0.22306775008230217
ENSG00000111229	-0.2231220111259723
ENSG00000110619	-0.22312365734115913
ENSG00000133142	-0.22313201168800267
ENSG00000248187	-0.2231373318741342
ENSG00000169385	-0.22318161119971058
ENSG00000066583	-0.22319327778023923
ENSG00000225986	-0.22323339146551535
ENSG00000170889	-0.22323776718749289
ENSG00000124562	-0.22324060919449373
ENSG00000175003	-0.223243514472373
ENSG00000258678	-0.2232728570810969
ENSG00000207217	-0.22327306159493032
ENSG00000028277	-0.22329156037039444
ENSG00000269973	-0.2233014921524007
ENSG00000169126	-0.22331001646074256
ENSG00000144455	-0.22332166924171715
ENSG00000169432	-0.2233375309598774
ENSG00000183690	-0.223350994989568
ENSG00000153790	-0.22335214546742854
ENSG00000182307	-0.22337319673718914
ENSG00000090612	-0.2233780893439089
ENSG00000177425	-0.22339033527353236
ENSG00000187556	-0.2233941042020221
ENSG00000256552	-0.22339835205891556
ENSG00000136045	-0.22340703953254248
ENSG00000270019	-0.2234124335423303
ENSG00000138375	-0.22344355607279087
ENSG00000252139	-0.22344533905605446
ENSG00000241666	-0.22348814907115588
ENSG00000078237	-0.22348872373434425
ENSG00000138867	-0.22349110291068208
ENSG00000263321	-0.2235011105717032
ENSG00000128563	-0.22351899703886613
ENSG00000116560	-0.2235508299017539
ENSG00000141449	-0.22358440977177807
ENSG00000272086	-0.22358794161630346
ENSG00000173482	-0.22360307002689572
ENSG00000184319	-0.22360568984732432
ENSG00000242925	-0.22364995418795341
ENSG00000179583	-0.22366639234262808
ENSG00000135838	-0.22368310309438144
ENSG00000240045	-0.22378147432997364
ENSG00000127720	-0.22381374062345305
ENSG00000074219	-0.2238469575740908
ENSG00000129993	-0.22387033305200044
ENSG00000159761	-0.2238860014643409
ENSG00000110944	-0.2238967124836333
ENSG00000141580	-0.22391527683422097
ENSG00000224771	-0.22392224711575948
ENSG00000226403	-0.22392272620174836
ENSG00000151778	-0.22393536290649219
ENSG00000070778	-0.2239358432343901
ENSG00000214402	-0.22395346249428272
ENSG00000257057	-0.2239633257646354
ENSG00000127423	-0.22396458746167502
ENSG00000170214	-0.22399714030223838
ENSG00000233191	-0.2240179533922848
ENSG00000047579	-0.2240237223722228
ENSG00000057252	-0.22403042514708205
ENSG00000204380	-0.22403394989067238
ENSG00000235902	-0.2240921836970594
ENSG00000273230	-0.2240924913332054
ENSG00000155093	-0.22409500082408396
ENSG00000139433	-0.22411793475503683
ENSG00000181588	-0.22413173369669737
ENSG00000198729	-0.224174009033831
ENSG00000258082	-0.2241829585099785
ENSG00000085185	-0.224218996949072
ENSG00000135365	-0.22424319960487404
ENSG00000272604	-0.22424653172964637
ENSG00000149582	-0.22428980224588857
ENSG00000050393	-0.22429321886892584
ENSG00000251992	-0.22431384403693067
ENSG00000100796	-0.22432347060709645
ENSG00000260018	-0.22434239266887301
ENSG00000182584	-0.22434257957034653
ENSG00000150526	-0.22441489871448084
ENSG00000164967	-0.22441728201852795
ENSG00000259895	-0.22441815201077397
ENSG00000230337	-0.2244568673643884
ENSG00000132664	-0.22449779100329326
ENSG00000167182	-0.22449982372091426
ENSG00000153266	-0.22452222774438424
ENSG00000138709	-0.22453587510990858
ENSG00000183378	-0.22457211350848183
ENSG00000145216	-0.2246160211111199
ENSG00000137075	-0.22463574576827938
ENSG00000270720	-0.22468798735834872
ENSG00000143674	-0.22480212263252008
ENSG00000126814	-0.22481389675876606
ENSG00000151276	-0.22483010294921812
ENSG00000064999	-0.2248555020534151
ENSG00000233250	-0.22487461452224733
ENSG00000175315	-0.22488247632156932
ENSG00000177889	-0.22489775728708283
ENSG00000133997	-0.22494045202250412
ENSG00000169955	-0.22495842619260698
ENSG00000166845	-0.22496824082660505
ENSG00000100373	-0.22497580588541666
ENSG00000165972	-0.2250063237770411
ENSG00000241479	-0.2250177656706399
ENSG00000242145	-0.2250310731829419
ENSG00000178568	-0.22505408583928332
ENSG00000137500	-0.22512747128820976
ENSG00000229921	-0.22517135196259241
ENSG00000101843	-0.22519720726343384
ENSG00000188958	-0.2252669440301841
ENSG00000140455	-0.22528290516601412
ENSG00000229754	-0.22528744093949593
ENSG00000167646	-0.22533096527239138
ENSG00000153563	-0.22535349677719252
ENSG00000198286	-0.2253705200456726
ENSG00000137185	-0.22538983102806143
ENSG00000197536	-0.2254229819125153
ENSG00000064703	-0.22551566712233795
ENSG00000266651	-0.225526402339296
ENSG00000204590	-0.22554846970228148
ENSG00000244414	-0.22557210832912034
ENSG00000166847	-0.2256015086082157
ENSG00000187833	-0.2256050552662947
ENSG00000182923	-0.22563878585992492
ENSG00000198010	-0.2256616238525737
ENSG00000112773	-0.22566994851454314
ENSG00000155876	-0.22569380629898306
ENSG00000111450	-0.22569879277740457
ENSG00000164920	-0.22571415096936953
ENSG00000158406	-0.22571515109516105
ENSG00000173674	-0.22575063061265466
ENSG00000259281	-0.22577307058919371
ENSG00000110921	-0.22578146428227341
ENSG00000213904	-0.2257991569969443
ENSG00000225953	-0.22583237028847947
ENSG00000188529	-0.22584631374704045
ENSG00000168405	-0.225855200093802
ENSG00000242498	-0.22591602410480593
ENSG00000177479	-0.22592470429295608
ENSG00000079387	-0.2259484629014521
ENSG00000152795	-0.22602858494843603
ENSG00000214097	-0.2260497978461139
ENSG00000164151	-0.2260589126777598
ENSG00000144369	-0.22606079838445148
ENSG00000268041	-0.22607414219898858
ENSG00000182165	-0.22614103154844623
ENSG00000205231	-0.2261551097862563
ENSG00000008838	-0.22618364397399693
ENSG00000272141	-0.2261924829276596
ENSG00000211810	-0.22622490276404394
ENSG00000273449	-0.22626474642834604
ENSG00000204308	-0.22629058640258526
ENSG00000273148	-0.2262986681522532
ENSG00000178605	-0.22630519772797286
ENSG00000170881	-0.2263094328117119
ENSG00000268573	-0.2263387882174931
ENSG00000127995	-0.22634186001733136
ENSG00000154174	-0.22639533083753116
ENSG00000065970	-0.22640168821133133
ENSG00000249109	-0.22641567221842518
ENSG00000256762	-0.22642378897673832
ENSG00000179632	-0.22648216978584534
ENSG00000179361	-0.22648489199889021
ENSG00000087266	-0.226496257641968
ENSG00000163251	-0.22649951076492447
ENSG00000090316	-0.22652156399701817
ENSG00000157538	-0.2265425852521017
ENSG00000230387	-0.22655513354938694
ENSG00000112406	-0.22655960799606
ENSG00000272692	-0.22656681773069987
ENSG00000187325	-0.2265792080011818
ENSG00000145476	-0.22660379642601414
ENSG00000173930	-0.2266152412236906
ENSG00000112964	-0.2266302835207029
ENSG00000170485	-0.22666510093151893
ENSG00000174498	-0.22669334465819635
ENSG00000122862	-0.22672075752712562
ENSG00000187658	-0.22672692953271967
ENSG00000243480	-0.22673661302941328
ENSG00000166167	-0.22675804798241495
ENSG00000152944	-0.2267881099527561
ENSG00000198952	-0.22680261307828764
ENSG00000235185	-0.2268387977361357
ENSG00000169609	-0.22684384972774718
ENSG00000198046	-0.2268459199402315
ENSG00000104312	-0.22690623791218367
ENSG00000198865	-0.2269281551981993
ENSG00000260597	-0.22692886509361465
ENSG00000077254	-0.22693994622705138
ENSG00000232294	-0.22695105490175105
ENSG00000161217	-0.22697295861379163
ENSG00000025423	-0.22700059004593354
ENSG00000161204	-0.22700762053459422
ENSG00000142733	-0.22704413245569965
ENSG00000168813	-0.22705583778788163
ENSG00000102934	-0.227094519285038
ENSG00000102096	-0.22710161979914556
ENSG00000077232	-0.22712358221823115
ENSG00000164978	-0.22715114662154
ENSG00000235884	-0.22715880951656375
ENSG00000123838	-0.22717341976623806
ENSG00000254837	-0.22720579009540198
ENSG00000100462	-0.22721227799021804
ENSG00000133302	-0.2272312730045345
ENSG00000144566	-0.22727224075459274
ENSG00000257097	-0.2273445473886856
ENSG00000224318	-0.2273673407339024
ENSG00000171759	-0.22738156805063003
ENSG00000164091	-0.22739564570420256
ENSG00000104154	-0.2274010264936811
ENSG00000180979	-0.22740736642871318
ENSG00000143450	-0.22740784442178186
ENSG00000001630	-0.22743556420711575
ENSG00000158850	-0.22747438685448418
ENSG00000250423	-0.22747647031446339
ENSG00000072958	-0.22747990808257745
ENSG00000257489	-0.22749813554107612
ENSG00000010244	-0.22750557874030286
ENSG00000169567	-0.22751257215575094
ENSG00000151718	-0.2275430424296555
ENSG00000130590	-0.22754573932674582
ENSG00000137203	-0.22756338648190322
ENSG00000079841	-0.2276178689447491
ENSG00000162777	-0.22762149598116466
ENSG00000010818	-0.22764798643115425
ENSG00000138078	-0.22766545499869584
ENSG00000178162	-0.22767164483984825
ENSG00000257017	-0.22767166268654393
ENSG00000163121	-0.22767459654427302
ENSG00000116786	-0.22772861102713293
ENSG00000111834	-0.22773984516800128
ENSG00000121579	-0.22776309617935842
ENSG00000117461	-0.2278833520793505
ENSG00000230174	-0.22792599900895605
ENSG00000169217	-0.22793262873667963
ENSG00000261798	-0.22795333562403897
ENSG00000144868	-0.2279631379243553
ENSG00000254827	-0.2280001441058115
ENSG00000188710	-0.2280211155673948
ENSG00000167676	-0.22807844151386103
ENSG00000163631	-0.22808001896829178
ENSG00000185347	-0.228098709377333
ENSG00000261218	-0.22810989691947448
ENSG00000170325	-0.22810995835895376
ENSG00000136732	-0.22812535891154928
ENSG00000137200	-0.2281440836816846
ENSG00000115524	-0.22816383158940656
ENSG00000072210	-0.2282028206178408
ENSG00000152931	-0.22825792811681833
ENSG00000144407	-0.22828695951874922
ENSG00000183032	-0.22831439160751232
ENSG00000133773	-0.22832155370104035
ENSG00000220008	-0.22832672163055945
ENSG00000151502	-0.2283489625118541
ENSG00000083642	-0.22835782938832838
ENSG00000239704	-0.22835850342211372
ENSG00000148225	-0.22838586195653543
ENSG00000229688	-0.22840021933308297
ENSG00000272791	-0.2284034313965786
ENSG00000171100	-0.22843496877700742
ENSG00000139187	-0.2285238421457736
ENSG00000150760	-0.2285356086253849
ENSG00000130772	-0.2285397720416421
ENSG00000132763	-0.22858829846398787
ENSG00000237476	-0.22859069681963406
ENSG00000071894	-0.22859289311653097
ENSG00000026103	-0.228604713918379
ENSG00000166266	-0.22860513989762377
ENSG00000258716	-0.2286253507154975
ENSG00000205476	-0.2286498705140837
ENSG00000260920	-0.22865421296137955
ENSG00000173726	-0.2286695985413758
ENSG00000154781	-0.2286961030966309
ENSG00000070610	-0.22870446226378327
ENSG00000142686	-0.2287150654859874
ENSG00000181804	-0.22872667666780633
ENSG00000106133	-0.22876957793025143
ENSG00000211790	-0.22877692275796058
ENSG00000248596	-0.228845183873004
ENSG00000023734	-0.22889094329816073
ENSG00000132793	-0.2289015542632853
ENSG00000156218	-0.22890680447099776
ENSG00000170145	-0.22892879536580768
ENSG00000168646	-0.22894289336776108
ENSG00000172785	-0.2289484017439516
ENSG00000101445	-0.22897800495967413
ENSG00000258537	-0.2289930570903722
ENSG00000229512	-0.22899948975024242
ENSG00000123384	-0.2290134025987468
ENSG00000176390	-0.22906175119105376
ENSG00000027697	-0.22907349012394573
ENSG00000232457	-0.22911685954814964
ENSG00000114554	-0.22913364988790064
ENSG00000249992	-0.22915155478565508
ENSG00000130755	-0.2291608109690827
ENSG00000249926	-0.22916747312754104
ENSG00000201558	-0.2292085294006635
ENSG00000168148	-0.22921323998988885
ENSG00000225978	-0.22923525428257274
ENSG00000160688	-0.22924151458412456
ENSG00000101986	-0.229283531164735
ENSG00000066933	-0.22931323535797377
ENSG00000163006	-0.22931325740165465
ENSG00000111011	-0.22934641401026923
ENSG00000156017	-0.22934720346147486
ENSG00000122194	-0.22937058918035025
ENSG00000271914	-0.22939227943000806
ENSG00000272732	-0.22942948811719355
ENSG00000062194	-0.22943836755577818
ENSG00000167136	-0.22947816426180012
ENSG00000001497	-0.2295116597789525
ENSG00000245248	-0.22959404154245422
ENSG00000167658	-0.22961186317612936
ENSG00000234942	-0.2296446361382185
ENSG00000196591	-0.2296927921469455
ENSG00000137574	-0.22969689614807243
ENSG00000167114	-0.229718455216671
ENSG00000236117	-0.22972104667164917
ENSG00000139318	-0.22977943209473206
ENSG00000104432	-0.2297911560093443
ENSG00000114200	-0.22980973262166082
ENSG00000235661	-0.22982354070965338
ENSG00000267475	-0.22990082703688208
ENSG00000173905	-0.22990701477622655
ENSG00000136960	-0.22992150255575783
ENSG00000182162	-0.22992541859310445
ENSG00000182247	-0.22993977604679516
ENSG00000114796	-0.22993992136195462
ENSG00000166582	-0.22997677380288983
ENSG00000157954	-0.2299963321057381
ENSG00000236882	-0.22999862444238572
ENSG00000179008	-0.230031382428044
ENSG00000118855	-0.2300407836191386
ENSG00000236544	-0.23005051394377773
ENSG00000148057	-0.2300514391581472
ENSG00000166326	-0.23008491299301637
ENSG00000255384	-0.23009214456275506
ENSG00000254709	-0.2301059794022856
ENSG00000087302	-0.2301435207193343
ENSG00000224536	-0.23014943431320856
ENSG00000091317	-0.23023665653372538
ENSG00000164051	-0.23025506833010667
ENSG00000169951	-0.23025893717701185
ENSG00000167194	-0.23030130374054347
ENSG00000053371	-0.23030194905613455
ENSG00000157181	-0.23030981182584576
ENSG00000259363	-0.23031316777696786
ENSG00000176476	-0.2303332906949671
ENSG00000141503	-0.23035823002356948
ENSG00000272342	-0.2303901406841371
ENSG00000204682	-0.23039855499266992
ENSG00000112149	-0.23040099600554975
ENSG00000258044	-0.230525589524341
ENSG00000121988	-0.23054456325539618
ENSG00000248469	-0.2305569090313896
ENSG00000151131	-0.23056335898632607
ENSG00000109670	-0.23061597960023528
ENSG00000116062	-0.23065174362765228
ENSG00000145287	-0.23065473721825747
ENSG00000100321	-0.230673988945297
ENSG00000185340	-0.23070306560861176
ENSG00000181610	-0.23072542019646847
ENSG00000105750	-0.23075459719128544
ENSG00000148288	-0.2307631309448679
ENSG00000185905	-0.23078991367846002
ENSG00000198934	-0.23083679189947237
ENSG00000175221	-0.23083789666232168
ENSG00000179988	-0.2308720979781903
ENSG00000205111	-0.23090492677981989
ENSG00000167554	-0.23090741020426964
ENSG00000183742	-0.23091450214912645
ENSG00000237515	-0.23091592314919984
ENSG00000146021	-0.2309273410374474
ENSG00000175073	-0.23093143070291544
ENSG00000030066	-0.23094105719041835
ENSG00000099889	-0.23097086074158457
ENSG00000129048	-0.23105488795493645
ENSG00000141576	-0.23105767966453572
ENSG00000065600	-0.23108041604765983
ENSG00000196812	-0.2311219633154984
ENSG00000236013	-0.23116455039382078
ENSG00000165028	-0.23121596967415137
ENSG00000260940	-0.2312613320770306
ENSG00000224950	-0.2312658004321101
ENSG00000234584	-0.23128867475895298
ENSG00000108094	-0.23129258257820484
ENSG00000107338	-0.23129526825632485
ENSG00000207186	-0.23132680599443667
ENSG00000080947	-0.231360752783474
ENSG00000155115	-0.2313803810539894
ENSG00000143621	-0.23139344675548057
ENSG00000179580	-0.23140022722596876
ENSG00000239789	-0.2314075403592002
ENSG00000111713	-0.23141814403164818
ENSG00000146411	-0.23143060258156933
ENSG00000162521	-0.23144048230138903
ENSG00000231441	-0.231445641479452
ENSG00000110436	-0.23147533313087099
ENSG00000225523	-0.23151746312648203
ENSG00000163882	-0.23152555042492895
ENSG00000171747	-0.23155053808741766
ENSG00000229950	-0.2315624853449857
ENSG00000123545	-0.23156583516702411
ENSG00000271824	-0.23157478375590446
ENSG00000200693	-0.2316591982836953
ENSG00000151779	-0.23169244844584724
ENSG00000228271	-0.23169541979633412
ENSG00000251595	-0.23173731813079634
ENSG00000180332	-0.23182425687824126
ENSG00000186815	-0.2318286546263778
ENSG00000168264	-0.23190728552835072
ENSG00000267206	-0.2319411610526776
ENSG00000251536	-0.2319497822086436
ENSG00000188818	-0.2320443638509636
ENSG00000197191	-0.2320652714792405
ENSG00000124789	-0.23206583296350158
ENSG00000225335	-0.23208156413256287
ENSG00000168275	-0.23208623870952816
ENSG00000162408	-0.2321048314431473
ENSG00000134575	-0.23212603692410327
ENSG00000178752	-0.2321272227757153
ENSG00000136870	-0.23218822433507302
ENSG00000083799	-0.2322000852424272
ENSG00000115825	-0.2322105822421916
ENSG00000185869	-0.23221713993845938
ENSG00000165997	-0.23221779532877418
ENSG00000135164	-0.23222842805904997
ENSG00000272389	-0.2322422278489611
ENSG00000145723	-0.23225752374045294
ENSG00000134470	-0.23228137463677656
ENSG00000176566	-0.2323186761016166
ENSG00000092929	-0.2323570084343496
ENSG00000108604	-0.23241575788289326
ENSG00000134909	-0.23244703102989128
ENSG00000249781	-0.23249307372970307
ENSG00000148297	-0.2325216988231995
ENSG00000204282	-0.23256385199535545
ENSG00000100592	-0.23257146772794168
ENSG00000157764	-0.23259635489422104
ENSG00000166783	-0.23261396195022987
ENSG00000095906	-0.23262325740224243
ENSG00000078081	-0.23263269144849674
ENSG00000057663	-0.23265231431893152
ENSG00000233461	-0.2326640888201913
ENSG00000126005	-0.23267367534976957
ENSG00000138660	-0.23268561730327386
ENSG00000176533	-0.23273009768570008
ENSG00000106290	-0.23273124342096474
ENSG00000142102	-0.2327712244528335
ENSG00000130741	-0.2328162752953108
ENSG00000215218	-0.23283069654679345
ENSG00000134882	-0.2328400875097828
ENSG00000223779	-0.23286792527370292
ENSG00000247373	-0.23287600059596936
ENSG00000127399	-0.2328972877227965
ENSG00000133731	-0.23292409920041246
ENSG00000180035	-0.23295642265783445
ENSG00000178385	-0.23296134926094192
ENSG00000070019	-0.23297113677805992
ENSG00000226853	-0.23301023885051064
ENSG00000049656	-0.23302868022335166
ENSG00000256442	-0.23304402470244678
ENSG00000122390	-0.23309161163335668
ENSG00000011478	-0.2330952880420305
ENSG00000234699	-0.2331144932233411
ENSG00000120327	-0.2331222645411708
ENSG00000172869	-0.23312666042960684
ENSG00000235142	-0.2331381742933828
ENSG00000111186	-0.23315735084104472
ENSG00000260426	-0.2331980170927097
ENSG00000133641	-0.23321231457924507
ENSG00000011143	-0.23325410360744891
ENSG00000145782	-0.2333161018068849
ENSG00000183780	-0.23335360119881954
ENSG00000168564	-0.2333657824524037
ENSG00000128268	-0.23338552104172827
ENSG00000133250	-0.23340559802662708
ENSG00000226829	-0.23340776600572866
ENSG00000128342	-0.23340928802858185
ENSG00000174684	-0.233425768935692
ENSG00000120915	-0.23345394044711743
ENSG00000099994	-0.233521547624837
ENSG00000268947	-0.23354263362881011
ENSG00000231920	-0.23354671339753907
ENSG00000188501	-0.23356834552061811
ENSG00000259248	-0.233583863017503
ENSG00000132359	-0.23359678329388456
ENSG00000228408	-0.23359874798399394
ENSG00000221947	-0.23359926403781217
ENSG00000151304	-0.23360822557135452
ENSG00000204316	-0.23361689922348317
ENSG00000116678	-0.23363413601505167
ENSG00000227431	-0.23363984359600476
ENSG00000264569	-0.23369246977346736
ENSG00000175536	-0.2337286559252888
ENSG00000020129	-0.23373088083844828
ENSG00000196323	-0.23380202791631577
ENSG00000102010	-0.2338179835797889
ENSG00000129657	-0.23383595963845893
ENSG00000258135	-0.23383807579605687
ENSG00000215769	-0.2338421848890777
ENSG00000163463	-0.23387820118638936
ENSG00000247077	-0.23392551632118075
ENSG00000008988	-0.2339549107496106
ENSG00000181045	-0.23397036491495693
ENSG00000257925	-0.23402599954987235
ENSG00000176845	-0.23403263690373244
ENSG00000173276	-0.2340481311442688
ENSG00000100055	-0.23406590467432686
ENSG00000198909	-0.23408771464127254
ENSG00000139620	-0.23414094748043224
ENSG00000179111	-0.23416497876702536
ENSG00000253559	-0.23416658018929193
ENSG00000007312	-0.23417859599137758
ENSG00000099622	-0.2341893410979251
ENSG00000230314	-0.23419819858384416
ENSG00000178104	-0.23420368434654937
ENSG00000228133	-0.23434383401083592
ENSG00000261787	-0.23443618208987504
ENSG00000126785	-0.23444488026647226
ENSG00000142794	-0.23445098547334486
ENSG00000224957	-0.23445379198082217
ENSG00000039537	-0.23455546312897446
ENSG00000260912	-0.2345570432002867
ENSG00000137154	-0.23462046373504686
ENSG00000167447	-0.2346295381900243
ENSG00000143552	-0.23466204856717798
ENSG00000259408	-0.2346703344802672
ENSG00000269997	-0.23471408626136236
ENSG00000250251	-0.2347373463745832
ENSG00000255518	-0.23473858839909567
ENSG00000241288	-0.23474536738940366
ENSG00000103978	-0.23478286290617267
ENSG00000251623	-0.23479349351891343
ENSG00000116985	-0.23483629405274886
ENSG00000198324	-0.23483688164878047
ENSG00000177350	-0.2349665124424083
ENSG00000127530	-0.2349759177488585
ENSG00000254641	-0.2350281083936947
ENSG00000060491	-0.2350316066850191
ENSG00000134070	-0.2350577512456281
ENSG00000181852	-0.23507762770186902
ENSG00000227191	-0.23509545735087278
ENSG00000064205	-0.23510210875525794
ENSG00000187118	-0.2351308492395361
ENSG00000080819	-0.2351370109266705
ENSG00000100897	-0.23515582254964185
ENSG00000174844	-0.23517225962245458
ENSG00000267643	-0.23519918358134662
ENSG00000205664	-0.23524198938560004
ENSG00000125775	-0.23528212555477224
ENSG00000260193	-0.2352930001257748
ENSG00000226409	-0.23530108774224945
ENSG00000141510	-0.2353391601338729
ENSG00000180660	-0.23535508358030077
ENSG00000197165	-0.23535522954976018
ENSG00000235200	-0.2353648882981172
ENSG00000089818	-0.23538309954121528
ENSG00000140830	-0.23543537692281047
ENSG00000014914	-0.23543898914299288
ENSG00000219435	-0.23546888051219472
ENSG00000101421	-0.23548918044716372
ENSG00000103257	-0.23549127675829795
ENSG00000095585	-0.23553771754188357
ENSG00000148248	-0.23555857344894415
ENSG00000243660	-0.2355606036470933
ENSG00000125734	-0.23558720518482068
ENSG00000102245	-0.23559850855447562
ENSG00000231889	-0.23560169382722929
ENSG00000259732	-0.23566533098332976
ENSG00000249306	-0.23567687498162293
ENSG00000057294	-0.23568040564701742
ENSG00000213977	-0.2357328883083607
ENSG00000119772	-0.23576147492373112
ENSG00000255182	-0.2357833446406139
ENSG00000260441	-0.23581975112342024
ENSG00000269646	-0.2358261140510941
ENSG00000136425	-0.23584549884789896
ENSG00000204767	-0.23585427347287646
ENSG00000134758	-0.23588775070202284
ENSG00000257467	-0.23591313719354068
ENSG00000227256	-0.23591331404156524
ENSG00000141012	-0.23595560628685475
ENSG00000224743	-0.2359882891625258
ENSG00000041353	-0.23599692386554305
ENSG00000146587	-0.23599840797045346
ENSG00000273455	-0.2360030236873124
ENSG00000257184	-0.23600722324845025
ENSG00000104859	-0.2360233522525308
ENSG00000065154	-0.2360532351250476
ENSG00000213064	-0.2360542037677118
ENSG00000204099	-0.23612303628751663
ENSG00000248884	-0.23614390102582217
ENSG00000206561	-0.23616512762019848
ENSG00000261166	-0.23617397718551392
ENSG00000153896	-0.23619252101784427
ENSG00000106803	-0.2362227850002856
ENSG00000267280	-0.23623210980681297
ENSG00000124256	-0.23624349965167746
ENSG00000161544	-0.2362659597121367
ENSG00000186767	-0.23627372862531526
ENSG00000272143	-0.23632921308195587
ENSG00000256594	-0.23634099601795577
ENSG00000149308	-0.2363816365002923
ENSG00000232295	-0.2363884290147351
ENSG00000109756	-0.236501867150275
ENSG00000118655	-0.23653532545655975
ENSG00000259444	-0.23660295149975197
ENSG00000187474	-0.2366067181359075
ENSG00000272056	-0.23660797093281416
ENSG00000163214	-0.2366654154736192
ENSG00000197375	-0.23667100754012915
ENSG00000196187	-0.23670709214655772
ENSG00000083635	-0.2367875512560238
ENSG00000172890	-0.23683146599390825
ENSG00000164758	-0.23686750299922255
ENSG00000129250	-0.2368736261909501
ENSG00000101191	-0.23689916364917074
ENSG00000117036	-0.2369243990355926
ENSG00000179403	-0.23693920849992456
ENSG00000215866	-0.2369587369927958
ENSG00000198791	-0.23696648201483606
ENSG00000223711	-0.23698179357612137
ENSG00000181450	-0.23703074053718354
ENSG00000258918	-0.23705081445245746
ENSG00000169592	-0.23708606575657132
ENSG00000179044	-0.2371090099188472
ENSG00000107960	-0.23712107842068075
ENSG00000113525	-0.23713452981365735
ENSG00000188706	-0.2371503378967328
ENSG00000099958	-0.23718225765251522
ENSG00000104880	-0.23719508577565152
ENSG00000157895	-0.23719671726146951
ENSG00000186260	-0.23722688467362696
ENSG00000270996	-0.23724510758284745
ENSG00000114279	-0.23725804763582858
ENSG00000188215	-0.23726038968880492
ENSG00000230365	-0.23726608986726982
ENSG00000157259	-0.23728286210024374
ENSG00000138735	-0.2374056315522698
ENSG00000131668	-0.2374188236431951
ENSG00000231187	-0.23743807773421644
ENSG00000188295	-0.23745536205237328
ENSG00000119632	-0.23746484624091868
ENSG00000215305	-0.23747225691068463
ENSG00000198515	-0.23750185409883529
ENSG00000183508	-0.23751831088502529
ENSG00000226239	-0.23754925394768933
ENSG00000236947	-0.23755100561254316
ENSG00000112941	-0.23756145846464216
ENSG00000127526	-0.23757842732273338
ENSG00000184939	-0.23759144529916587
ENSG00000258086	-0.2376053102688277
ENSG00000005469	-0.2376145553763186
ENSG00000196981	-0.2376376885413577
ENSG00000188342	-0.23769970718475308
ENSG00000137656	-0.2377683600011149
ENSG00000257365	-0.2377824540856619
ENSG00000272156	-0.23779044244173708
ENSG00000239732	-0.23783076359623456
ENSG00000116761	-0.23785914147501375
ENSG00000105397	-0.23786238404452387
ENSG00000130066	-0.23789592537330873
ENSG00000110172	-0.23794110032351834
ENSG00000035681	-0.2379522398140851
ENSG00000273142	-0.23797665833584136
ENSG00000224914	-0.2379962119995469
ENSG00000144635	-0.2380553716350654
ENSG00000074964	-0.2380576199428599
ENSG00000095370	-0.23806455459368736
ENSG00000204498	-0.23806774141359044
ENSG00000185753	-0.23808709659170368
ENSG00000151117	-0.2381167253930807
ENSG00000198771	-0.23812194196018888
ENSG00000139190	-0.23815104277615473
ENSG00000162643	-0.2381745546502364
ENSG00000155906	-0.2381891924478915
ENSG00000196655	-0.2382105552980609
ENSG00000112531	-0.2382158667283366
ENSG00000163964	-0.23822853560805202
ENSG00000180178	-0.23826866259136703
ENSG00000182325	-0.23828922876273728
ENSG00000168434	-0.23837338900462968
ENSG00000134686	-0.23838494537615373
ENSG00000124786	-0.23840840804084407
ENSG00000221170	-0.23843431440637286
ENSG00000248554	-0.2384826737025959
ENSG00000172071	-0.23851489628921252
ENSG00000228404	-0.23857439732593066
ENSG00000129965	-0.2386279849860523
ENSG00000198711	-0.23866179692282585
ENSG00000117601	-0.23867085495235307
ENSG00000235790	-0.23868809374038003
ENSG00000176903	-0.2387019997238965
ENSG00000224468	-0.23870735314630753
ENSG00000240050	-0.23872532261236712
ENSG00000267796	-0.2387264590708681
ENSG00000147003	-0.23873641792279765
ENSG00000124370	-0.23875404480733609
ENSG00000167635	-0.23879066348614952
ENSG00000145390	-0.23879154378477285
ENSG00000198000	-0.23879685008681129
ENSG00000269388	-0.23897600320625179
ENSG00000124107	-0.23901015913118184
ENSG00000136878	-0.23902745847494877
ENSG00000254087	-0.2390485781051297
ENSG00000265206	-0.2391212720241892
ENSG00000089057	-0.23917902884870268
ENSG00000101109	-0.23918927366570208
ENSG00000164190	-0.23919799553889043
ENSG00000101307	-0.23921801280452948
ENSG00000255572	-0.23922193203803566
ENSG00000127129	-0.2392614937329407
ENSG00000271344	-0.23928668165202283
ENSG00000133454	-0.23928686335711247
ENSG00000257513	-0.2392887839895559
ENSG00000108509	-0.2392945091482953
ENSG00000272137	-0.23938498845824685
ENSG00000242265	-0.23939878733215392
ENSG00000088340	-0.23940167025676995
ENSG00000135535	-0.23940801602052508
ENSG00000271327	-0.23941126996438467
ENSG00000112208	-0.2394177615461649
ENSG00000269176	-0.23941958537013674
ENSG00000152104	-0.23946999484936804
ENSG00000169992	-0.23951280045214218
ENSG00000006015	-0.23951768559276343
ENSG00000132549	-0.23954189947476412
ENSG00000117505	-0.2395785498385874
ENSG00000106809	-0.23960094378695695
ENSG00000160838	-0.23961434958390004
ENSG00000011260	-0.2396182571456703
ENSG00000172795	-0.2396239372543688
ENSG00000134962	-0.23965435081175268
ENSG00000188157	-0.2396747011598105
ENSG00000118707	-0.23974626605590355
ENSG00000272745	-0.23975327308479
ENSG00000011590	-0.23975454803274276
ENSG00000101213	-0.23975643756794573
ENSG00000134352	-0.23976748671070736
ENSG00000058085	-0.23977712027829434
ENSG00000214182	-0.2398488021369124
ENSG00000064309	-0.23985297389169025
ENSG00000122574	-0.2398802731030899
ENSG00000248544	-0.23993694694924805
ENSG00000155749	-0.23996188732250678
ENSG00000079150	-0.2399804912597674
ENSG00000109083	-0.24001570772409364
ENSG00000119414	-0.24002227051610248
ENSG00000214870	-0.24005074556221628
ENSG00000198824	-0.240051697003136
ENSG00000189051	-0.24006147202389982
ENSG00000154710	-0.24007301354691646
ENSG00000132334	-0.2400952570865632
ENSG00000172000	-0.24014016097412527
ENSG00000231966	-0.24014067891647672
ENSG00000235100	-0.24016828624322684
ENSG00000140367	-0.24017994107044416
ENSG00000234771	-0.24018930793118187
ENSG00000167261	-0.24020887158959592
ENSG00000248049	-0.2402665280965146
ENSG00000123178	-0.24032481066602773
ENSG00000163611	-0.2403627992752586
ENSG00000224795	-0.24041119169468372
ENSG00000185115	-0.24043516337149895
ENSG00000187240	-0.24043757268451837
ENSG00000125354	-0.24052195652067798
ENSG00000197588	-0.24055572231453493
ENSG00000234165	-0.2405680703804982
ENSG00000187581	-0.24061267116438678
ENSG00000178338	-0.24062124683204633
ENSG00000108556	-0.24065324445716751
ENSG00000260852	-0.2406685971514324
ENSG00000254586	-0.24066935290012237
ENSG00000175764	-0.24073988697141735
ENSG00000141968	-0.24075722684465728
ENSG00000253352	-0.24078234088992956
ENSG00000163866	-0.24078642012000828
ENSG00000176386	-0.2408050723171402
ENSG00000072609	-0.24080962747516022
ENSG00000234026	-0.2408301496557379
ENSG00000254086	-0.2408637378375933
ENSG00000107862	-0.24087470211362294
ENSG00000201967	-0.24087718266311653
ENSG00000185787	-0.24089522874033797
ENSG00000225084	-0.24098587503583413
ENSG00000127947	-0.2410350331337512
ENSG00000174358	-0.24105695738809974
ENSG00000260228	-0.24106254537448546
ENSG00000172262	-0.2411001354485659
ENSG00000180938	-0.24112403419833095
ENSG00000124120	-0.2411332857978934
ENSG00000261556	-0.24113900428603507
ENSG00000140691	-0.24120235459929584
ENSG00000182685	-0.24120529734134555
ENSG00000181038	-0.24120838010078716
ENSG00000179922	-0.24120910245566074
ENSG00000118680	-0.24127459751380487
ENSG00000049167	-0.24129062397429368
ENSG00000180921	-0.24130672870486836
ENSG00000145908	-0.24131335310501045
ENSG00000231133	-0.24135172371329794
ENSG00000101337	-0.2413663776409085
ENSG00000163389	-0.24138835619905996
ENSG00000270140	-0.24139653048150533
ENSG00000102786	-0.24143979561975104
ENSG00000241735	-0.24149933768585496
ENSG00000129757	-0.24151347441308102
ENSG00000230065	-0.24160146898612522
ENSG00000110042	-0.24165080261920058
ENSG00000065268	-0.24166722114912098
ENSG00000239605	-0.24168480322130226
ENSG00000105672	-0.241748975372735
ENSG00000034693	-0.24178086444166036
ENSG00000066651	-0.24179096260556887
ENSG00000184857	-0.2417963421966881
ENSG00000204104	-0.24181595298540604
ENSG00000232233	-0.24182149353643956
ENSG00000258017	-0.24184559487329738
ENSG00000197405	-0.24185481269267006
ENSG00000058453	-0.24186221306002198
ENSG00000254718	-0.24186728061124108
ENSG00000134762	-0.24192216366329933
ENSG00000177595	-0.24195797546762154
ENSG00000174529	-0.24198809950617584
ENSG00000258196	-0.24202223075718976
ENSG00000136875	-0.24205055406209797
ENSG00000144406	-0.24205984882071663
ENSG00000211448	-0.2420759387888486
ENSG00000114204	-0.24210550857770397
ENSG00000085449	-0.24211557750424595
ENSG00000169180	-0.24213650145548204
ENSG00000205436	-0.2421854294872644
ENSG00000135972	-0.24224870222965522
ENSG00000253308	-0.24227030932741733
ENSG00000105053	-0.2422738764333957
ENSG00000132405	-0.24227835043586132
ENSG00000250990	-0.2422968780632262
ENSG00000176732	-0.2423298976522904
ENSG00000270972	-0.24234340442508862
ENSG00000006282	-0.2423511455211732
ENSG00000226482	-0.24244127590486564
ENSG00000166226	-0.24245956550261183
ENSG00000163877	-0.24247291791481096
ENSG00000250600	-0.2424804341893011
ENSG00000070961	-0.24252833917534866
ENSG00000254852	-0.24253231774015993
ENSG00000179676	-0.24255879109281897
ENSG00000175198	-0.24256610076928042
ENSG00000214309	-0.2425717596412149
ENSG00000116745	-0.24258171668603612
ENSG00000164879	-0.24267118084761063
ENSG00000113742	-0.24268028511335504
ENSG00000249786	-0.24268692868549613
ENSG00000164256	-0.24269055886131852
ENSG00000102317	-0.24276917382937835
ENSG00000169282	-0.24280782817553348
ENSG00000166974	-0.24281704957582206
ENSG00000230513	-0.24284184953222854
ENSG00000261465	-0.24287305141584192
ENSG00000181619	-0.24289291967119675
ENSG00000100379	-0.2429187966701396
ENSG00000069764	-0.24294028597813144
ENSG00000237276	-0.24295952761674966
ENSG00000169246	-0.24300042106400166
ENSG00000273026	-0.24302603614796614
ENSG00000231304	-0.24305150472672632
ENSG00000143452	-0.24307846367140185
ENSG00000130511	-0.243091977224265
ENSG00000137804	-0.24310156444679754
ENSG00000163541	-0.24311021837174973
ENSG00000143727	-0.24316278647921696
ENSG00000175356	-0.2431871774269796
ENSG00000113722	-0.24319557351692722
ENSG00000143458	-0.24322341284007898
ENSG00000108666	-0.24322432020831686
ENSG00000178821	-0.24323721398387965
ENSG00000158528	-0.24328939157900298
ENSG00000252481	-0.2432995697840814
ENSG00000232043	-0.24332112800196493
ENSG00000080561	-0.2433330908603536
ENSG00000105993	-0.24333874863490002
ENSG00000255052	-0.24335522036424506
ENSG00000134419	-0.2433672761759691
ENSG00000272432	-0.2433718114710448
ENSG00000161558	-0.24341520899519153
ENSG00000272240	-0.2434411300056043
ENSG00000147465	-0.24344659981890238
ENSG00000257084	-0.24345178396653655
ENSG00000235590	-0.24346907818639962
ENSG00000165804	-0.24347183571674724
ENSG00000244687	-0.24348260545931077
ENSG00000224870	-0.2434846647744663
ENSG00000120837	-0.2435032190175167
ENSG00000111877	-0.24355093797807081
ENSG00000173486	-0.2435701268345124
ENSG00000215154	-0.24358085345877212
ENSG00000140043	-0.243647906917423
ENSG00000196345	-0.2436597807863744
ENSG00000139209	-0.24367522300810174
ENSG00000077097	-0.24370419576917557
ENSG00000077420	-0.243723588670528
ENSG00000072121	-0.24382514426681468
ENSG00000162604	-0.24382684326407122
ENSG00000240671	-0.24383263031738744
ENSG00000118507	-0.24389737434698455
ENSG00000146858	-0.2439208346759546
ENSG00000256276	-0.24393608450801552
ENSG00000167925	-0.24394448342741482
ENSG00000144560	-0.24395935689173176
ENSG00000267767	-0.24396133585786084
ENSG00000263884	-0.2439814179712546
ENSG00000108733	-0.24398208849185132
ENSG00000075239	-0.24402356478747245
ENSG00000113734	-0.24405241184734316
ENSG00000256172	-0.24407585432654033
ENSG00000261634	-0.2440816320259488
ENSG00000136848	-0.24408242633563892
ENSG00000167996	-0.24409135089607636
ENSG00000115107	-0.24410133557207625
ENSG00000255693	-0.2441872819200802
ENSG00000187123	-0.24424028655165242
ENSG00000198689	-0.24424206878491095
ENSG00000238005	-0.24427040882455409
ENSG00000163666	-0.24427235124975677
ENSG00000174365	-0.24431156897579676
ENSG00000196748	-0.24435030561087856
ENSG00000139163	-0.2443549413568955
ENSG00000042062	-0.24436453253123547
ENSG00000078304	-0.24438388464143634
ENSG00000167371	-0.24440300731603692
ENSG00000228962	-0.24442161643434557
ENSG00000176422	-0.24442236851598598
ENSG00000189134	-0.2444236923096531
ENSG00000153914	-0.2444409934397782
ENSG00000140543	-0.24444715137574335
ENSG00000076928	-0.24446653702923948
ENSG00000154217	-0.24457340623262303
ENSG00000133275	-0.24458968153202987
ENSG00000077157	-0.2445938499277701
ENSG00000091947	-0.24461665448097192
ENSG00000037042	-0.2446255220459469
ENSG00000105287	-0.24466680333349333
ENSG00000163633	-0.2446776957125032
ENSG00000122591	-0.24470221651835988
ENSG00000157349	-0.24474768921430012
ENSG00000148444	-0.24474908786583105
ENSG00000137876	-0.24477706979489966
ENSG00000083807	-0.24479721970777768
ENSG00000204632	-0.24484053561753827
ENSG00000160111	-0.2448741830609802
ENSG00000182149	-0.24488675751433675
ENSG00000172497	-0.24488717576567987
ENSG00000215277	-0.2449466226392445
ENSG00000203497	-0.24501015529395076
ENSG00000169682	-0.24504445737040836
ENSG00000132975	-0.2451134884430377
ENSG00000075399	-0.24512298457202975
ENSG00000268798	-0.24513014771563457
ENSG00000100722	-0.24514010678293585
ENSG00000182240	-0.24517777291858167
ENSG00000104894	-0.24520140191616968
ENSG00000064313	-0.24521582203011083
ENSG00000176160	-0.24525072236567735
ENSG00000255966	-0.24525719734478668
ENSG00000180458	-0.24528539176365804
ENSG00000169245	-0.2453430449236338
ENSG00000186130	-0.24536804029388914
ENSG00000099849	-0.2453996393101776
ENSG00000196878	-0.2454407713064396
ENSG00000118518	-0.24544890075067116
ENSG00000134551	-0.2454492662640232
ENSG00000128886	-0.2455203987326825
ENSG00000070413	-0.24554006281021568
ENSG00000234141	-0.24554095875610782
ENSG00000229457	-0.2455488338360272
ENSG00000145780	-0.24557238558804084
ENSG00000232600	-0.24560279581004396
ENSG00000242865	-0.24565404129439672
ENSG00000160685	-0.24566402997948644
ENSG00000272606	-0.24568555404810632
ENSG00000203485	-0.24569378835539468
ENSG00000117475	-0.2457078435826875
ENSG00000142319	-0.24578001654393278
ENSG00000267808	-0.24578783331585363
ENSG00000143207	-0.2458223246346889
ENSG00000198853	-0.2458313555974989
ENSG00000137842	-0.2458414562251826
ENSG00000221994	-0.24585404234768737
ENSG00000157992	-0.24587384341815832
ENSG00000260267	-0.245874872990966
ENSG00000136710	-0.24591165731513542
ENSG00000073737	-0.2459356556011194
ENSG00000146477	-0.24593948063457083
ENSG00000125611	-0.24595233619887524
ENSG00000162702	-0.2459774753343319
ENSG00000100288	-0.2459885047264757
ENSG00000265547	-0.2459893197303068
ENSG00000204469	-0.24602952656117927
ENSG00000131969	-0.2460360209589375
ENSG00000199325	-0.24609750318191337
ENSG00000232653	-0.24613662409144066
ENSG00000205138	-0.24618528921983562
ENSG00000105617	-0.24619181237124566
ENSG00000170089	-0.24624071034644335
ENSG00000187607	-0.24624848879347527
ENSG00000066294	-0.24626291122373434
ENSG00000135722	-0.24629455474822326
ENSG00000165521	-0.2463086149618574
ENSG00000135686	-0.2463413835574806
ENSG00000184302	-0.24634234200800453
ENSG00000180279	-0.24635008399923408
ENSG00000131966	-0.246405004691839
ENSG00000077463	-0.24640502222699434
ENSG00000133475	-0.24641966382909997
ENSG00000159403	-0.24643351103653788
ENSG00000219891	-0.24647480318725756
ENSG00000129538	-0.24651989680058173
ENSG00000107954	-0.24654712315631067
ENSG00000110079	-0.24654814742267572
ENSG00000159256	-0.2465622765155766
ENSG00000105321	-0.24661344175262156
ENSG00000089009	-0.2466303894103382
ENSG00000072694	-0.24664036317206395
ENSG00000147130	-0.2466421232013798
ENSG00000144214	-0.24665389894591994
ENSG00000127989	-0.24665945324727956
ENSG00000196456	-0.2466994385681507
ENSG00000165029	-0.24674419790781488
ENSG00000167994	-0.24678578693303332
ENSG00000141295	-0.2468173793273275
ENSG00000213901	-0.24688964789618395
ENSG00000259703	-0.24694549005225075
ENSG00000197798	-0.24700654829500102
ENSG00000156304	-0.2470156166514038
ENSG00000261313	-0.24703275047790985
ENSG00000141682	-0.24704247635404675
ENSG00000272702	-0.24708806611574397
ENSG00000272841	-0.24711109657868713
ENSG00000183831	-0.24713343847775504
ENSG00000167549	-0.24715232251413755
ENSG00000207736	-0.24717178677467533
ENSG00000259928	-0.24718431779998484
ENSG00000103876	-0.24723786233920486
ENSG00000134595	-0.24729581503889886
ENSG00000114098	-0.2473325018668341
ENSG00000158806	-0.247335704449127
ENSG00000162456	-0.24735639450965563
ENSG00000136052	-0.24740520004824174
ENSG00000103274	-0.24742409974653112
ENSG00000117385	-0.2474364624294385
ENSG00000124787	-0.2474477207284289
ENSG00000101972	-0.24747178647117463
ENSG00000240875	-0.24748670088725566
ENSG00000205763	-0.24749004478840508
ENSG00000188428	-0.24750135805436024
ENSG00000158486	-0.2475051509591829
ENSG00000143457	-0.24767331175886864
ENSG00000247121	-0.2476736968512474
ENSG00000122965	-0.24767632267751827
ENSG00000264672	-0.24770674989582298
ENSG00000092203	-0.24775489374808557
ENSG00000173113	-0.2478016159687918
ENSG00000273226	-0.24781593331575635
ENSG00000013374	-0.24787298107814182
ENSG00000149532	-0.2479065296906755
ENSG00000238387	-0.24795069766934752
ENSG00000070182	-0.2479700401826609
ENSG00000259001	-0.24797443338593694
ENSG00000248482	-0.24799226132407048
ENSG00000186814	-0.2479998232369396
ENSG00000185499	-0.2480341735061865
ENSG00000112234	-0.24806568362708814
ENSG00000107147	-0.24807640409327902
ENSG00000162636	-0.24811159927943183
ENSG00000183291	-0.24811502337221447
ENSG00000100890	-0.24812572293333557
ENSG00000256699	-0.248171512498782
ENSG00000147509	-0.24817362141327504
ENSG00000155438	-0.2481742162246372
ENSG00000234973	-0.2481936654905501
ENSG00000155975	-0.24820051722755032
ENSG00000259542	-0.24821292721811195
ENSG00000272173	-0.24821298203304631
ENSG00000169583	-0.24825449644001574
ENSG00000225285	-0.24830558058608543
ENSG00000158526	-0.2483325714389456
ENSG00000249086	-0.24833677834454926
ENSG00000272180	-0.2483495390132302
ENSG00000085721	-0.2483847082302869
ENSG00000147443	-0.24842925035424057
ENSG00000143862	-0.24846979864082863
ENSG00000104517	-0.24848430171880442
ENSG00000180530	-0.248518986494482
ENSG00000138606	-0.248581785495522
ENSG00000167550	-0.24858307027235227
ENSG00000249870	-0.24858389742921005
ENSG00000165782	-0.24862047848824875
ENSG00000226846	-0.24862790257096623
ENSG00000185818	-0.24863783591457922
ENSG00000272729	-0.24867151268514476
ENSG00000197063	-0.2486749330852237
ENSG00000188086	-0.2486778620873753
ENSG00000110719	-0.24871242078751254
ENSG00000101323	-0.24876613887643406
ENSG00000142892	-0.24879549558797331
ENSG00000138207	-0.24880874379175788
ENSG00000198546	-0.24881433362789318
ENSG00000162694	-0.24882617050481448
ENSG00000183255	-0.24883564472142938
ENSG00000181562	-0.2488801093839541
ENSG00000177932	-0.2488858671834565
ENSG00000226791	-0.24899377147194168
ENSG00000116299	-0.24900756194242823
ENSG00000203780	-0.24905007813719793
ENSG00000060688	-0.24911117700556207
ENSG00000143633	-0.2491327850197439
ENSG00000253642	-0.24915225045286327
ENSG00000164035	-0.24915734379300392
ENSG00000135916	-0.24915888434857858
ENSG00000139428	-0.249163989704549
ENSG00000185088	-0.24920377814577654
ENSG00000186143	-0.24928498085163597
ENSG00000139637	-0.2492885949925412
ENSG00000160447	-0.2492887710696554
ENSG00000256087	-0.24929455781041787
ENSG00000156873	-0.2493895389058023
ENSG00000235204	-0.24939954454749347
ENSG00000198945	-0.24941759195505242
ENSG00000127554	-0.24941921408011225
ENSG00000122420	-0.24942841796241344
ENSG00000185168	-0.24944189244624193
ENSG00000166199	-0.24950903927420365
ENSG00000120685	-0.24955225726287578
ENSG00000100938	-0.24956157494123854
ENSG00000176406	-0.24956861150908294
ENSG00000181333	-0.2495687813072266
ENSG00000122203	-0.24957902602079673
ENSG00000162851	-0.24959236850927524
ENSG00000185896	-0.2496480926195912
ENSG00000132603	-0.24966626614571197
ENSG00000085433	-0.2496905733218342
ENSG00000179094	-0.24978332346550003
ENSG00000143337	-0.2497970431428257
ENSG00000256039	-0.24987830301331193
ENSG00000130377	-0.24989105421817004
ENSG00000198042	-0.24990081349612792
ENSG00000164163	-0.24995462369443155
ENSG00000229896	-0.2499666706767052
ENSG00000172375	-0.2499928494986372
ENSG00000173705	-0.25000983170846547
ENSG00000270362	-0.2500168674298717
ENSG00000272299	-0.25002200576658573
ENSG00000067955	-0.250026168481299
ENSG00000272218	-0.25009881177766036
ENSG00000152404	-0.25011414108955476
ENSG00000224531	-0.2501272137993258
ENSG00000164039	-0.25015067609337616
ENSG00000143067	-0.25018592784255134
ENSG00000145388	-0.25019828450392956
ENSG00000228300	-0.250212327994494
ENSG00000254477	-0.25021661678658036
ENSG00000119953	-0.25025680504290815
ENSG00000225493	-0.25031099393097456
ENSG00000261135	-0.2503282106951137
ENSG00000185065	-0.2503345424558232
ENSG00000185739	-0.2503359830507931
ENSG00000260867	-0.2503648558371243
ENSG00000143878	-0.2503791787769346
ENSG00000180543	-0.2504206686454602
ENSG00000074266	-0.2504224745177097
ENSG00000137941	-0.25042570828303345
ENSG00000178015	-0.2504449758465692
ENSG00000122126	-0.25045788713261063
ENSG00000133169	-0.25046257694268825
ENSG00000127472	-0.25049462361468866
ENSG00000269982	-0.2505051169794791
ENSG00000119714	-0.250526099300316
ENSG00000055957	-0.2505435663246577
ENSG00000135378	-0.2505457444838436
ENSG00000072422	-0.25055602769036056
ENSG00000260552	-0.25055655107511954
ENSG00000111237	-0.25055658938373193
ENSG00000100503	-0.2505943722379508
ENSG00000204310	-0.250607997297682
ENSG00000159363	-0.25062182281580525
ENSG00000229637	-0.2506395046188189
ENSG00000169957	-0.2506558462461781
ENSG00000169762	-0.2506630334893585
ENSG00000065615	-0.2507071459964424
ENSG00000104635	-0.25071599319483096
ENSG00000267529	-0.2507540248076374
ENSG00000148482	-0.2507986041610685
ENSG00000260276	-0.2508729245855922
ENSG00000259685	-0.2509109813414985
ENSG00000116176	-0.2509184122793927
ENSG00000249782	-0.25092677943296116
ENSG00000145362	-0.2509575457145604
ENSG00000048545	-0.25096329180801835
ENSG00000198523	-0.2510023437375324
ENSG00000100281	-0.2510108830399582
ENSG00000233587	-0.2510250627228786
ENSG00000230561	-0.2510316578053726
ENSG00000211934	-0.2510322496093057
ENSG00000064012	-0.25103955062450134
ENSG00000223725	-0.25105719843216656
ENSG00000270883	-0.25107434969076214
ENSG00000170191	-0.2510974489699256
ENSG00000080845	-0.2511096039514211
ENSG00000052841	-0.25116388194628514
ENSG00000110484	-0.2511733690351955
ENSG00000249307	-0.25118470398609516
ENSG00000228221	-0.25121161254499225
ENSG00000118620	-0.25123561143500084
ENSG00000134986	-0.2512528942875676
ENSG00000261713	-0.2512706276653428
ENSG00000205060	-0.25128638566958184
ENSG00000236240	-0.25128915994605894
ENSG00000211662	-0.25130147244841416
ENSG00000129467	-0.2513078650414664
ENSG00000232504	-0.25133805847279966
ENSG00000100263	-0.25139697325419363
ENSG00000152292	-0.25141538396133845
ENSG00000065308	-0.25148042733812803
ENSG00000108107	-0.2514821364918006
ENSG00000233306	-0.2514944124474685
ENSG00000188827	-0.25149884686373514
ENSG00000254211	-0.251500078258849
ENSG00000157379	-0.2515265027663641
ENSG00000141198	-0.25152654665477503
ENSG00000137757	-0.25153545076008166
ENSG00000183542	-0.25155342099899725
ENSG00000254726	-0.25155682757329456
ENSG00000151461	-0.25161555851888373
ENSG00000104998	-0.25162192202288114
ENSG00000169446	-0.2516223461715944
ENSG00000172113	-0.25172279705690104
ENSG00000184678	-0.25174146721001545
ENSG00000261596	-0.25174568918547013
ENSG00000100714	-0.2517847317909577
ENSG00000270704	-0.2517977535775212
ENSG00000136280	-0.25183684658571814
ENSG00000123360	-0.2518397567085531
ENSG00000072042	-0.2518466816406588
ENSG00000171711	-0.25186359308285866
ENSG00000157578	-0.25190120202037103
ENSG00000087245	-0.2519371958127725
ENSG00000166900	-0.2519649695450151
ENSG00000107829	-0.25198936546662654
ENSG00000156920	-0.25203722480554214
ENSG00000133313	-0.2520433391930812
ENSG00000179933	-0.252097876333225
ENSG00000180901	-0.25211126244282656
ENSG00000236208	-0.25218576679640203
ENSG00000219626	-0.25227811030396907
ENSG00000145808	-0.2522806614434938
ENSG00000020256	-0.2522813176465881
ENSG00000153140	-0.2523460376239147
ENSG00000149499	-0.2523487301401297
ENSG00000258137	-0.25234998586059243
ENSG00000230102	-0.25237772542879466
ENSG00000184992	-0.252395153226058
ENSG00000272145	-0.25241582954014286
ENSG00000102349	-0.2524164664326737
ENSG00000260510	-0.2524745676035066
ENSG00000273188	-0.25247987464580035
ENSG00000180667	-0.25255191229333684
ENSG00000155849	-0.2525662927470367
ENSG00000271821	-0.25262082879117376
ENSG00000132600	-0.25266809317349237
ENSG00000234160	-0.2527219855757785
ENSG00000225331	-0.2527493357940239
ENSG00000196214	-0.2527547051082335
ENSG00000163219	-0.25276742743777136
ENSG00000186474	-0.25278817561598443
ENSG00000119121	-0.25279497070060053
ENSG00000272047	-0.25281102535117017
ENSG00000143942	-0.25281352733022633
ENSG00000121898	-0.2528752895329911
ENSG00000115289	-0.25288167310367493
ENSG00000060762	-0.25288831984757865
ENSG00000178127	-0.2529455092569709
ENSG00000104343	-0.25296324305834406
ENSG00000099953	-0.2529668937935282
ENSG00000140395	-0.25297090780566056
ENSG00000138463	-0.2530308871997228
ENSG00000167080	-0.2530466746848714
ENSG00000110851	-0.25305820974533744
ENSG00000196712	-0.2530682564942469
ENSG00000272250	-0.2531195979486476
ENSG00000108010	-0.2531215078053758
ENSG00000236064	-0.25316824611452937
ENSG00000136897	-0.25317030488876036
ENSG00000154582	-0.2531795599940546
ENSG00000117597	-0.2532227871468482
ENSG00000116711	-0.25325381311262696
ENSG00000142188	-0.25327465505825586
ENSG00000070388	-0.25329918517811567
ENSG00000230500	-0.2533104238471273
ENSG00000227220	-0.2533331439444624
ENSG00000237259	-0.2533572337749389
ENSG00000112977	-0.253361387455716
ENSG00000156469	-0.2533825810432334
ENSG00000226747	-0.25339201619439167
ENSG00000173464	-0.2534214911962728
ENSG00000156127	-0.25344413005253974
ENSG00000273448	-0.25345931415151646
ENSG00000069509	-0.2534706079784078
ENSG00000126945	-0.2534728947350551
ENSG00000115380	-0.2535033708801864
ENSG00000110429	-0.25352768439560514
ENSG00000139211	-0.2535835316095627
ENSG00000124882	-0.253604509490602
ENSG00000158156	-0.25366274644519793
ENSG00000053254	-0.25367507177844706
ENSG00000150687	-0.2536932531914823
ENSG00000109861	-0.25371455647408914
ENSG00000261341	-0.2537703964772793
ENSG00000132429	-0.25380172265813183
ENSG00000162910	-0.25381388562409546
ENSG00000120265	-0.25386604113099276
ENSG00000180318	-0.25386831441524726
ENSG00000146830	-0.2538944220001458
ENSG00000165115	-0.2539407834799473
ENSG00000124731	-0.2539905797142129
ENSG00000116586	-0.25399678498099465
ENSG00000072840	-0.25401660790608416
ENSG00000171860	-0.2540439115235875
ENSG00000203805	-0.25404828784244193
ENSG00000164535	-0.25407199447384443
ENSG00000167985	-0.25409456704037714
ENSG00000244459	-0.25409501234758725
ENSG00000214188	-0.25413520584144744
ENSG00000104853	-0.2542271581334504
ENSG00000164695	-0.254237372423459
ENSG00000132740	-0.25423765511667695
ENSG00000271938	-0.2542921232254364
ENSG00000221946	-0.25434999525920154
ENSG00000174238	-0.2543955926355588
ENSG00000107262	-0.2544095012130493
ENSG00000157823	-0.2545080221605971
ENSG00000213949	-0.2545115763222461
ENSG00000089234	-0.2545334169918795
ENSG00000105298	-0.2545478319540606
ENSG00000224467	-0.2545570461962944
ENSG00000168961	-0.254563110533634
ENSG00000272159	-0.25456673285610987
ENSG00000112305	-0.2546341586770917
ENSG00000147421	-0.25468330594026056
ENSG00000087077	-0.25470535504378744
ENSG00000168461	-0.25473964814093497
ENSG00000247081	-0.2547417447169249
ENSG00000223884	-0.25475009814045
ENSG00000160345	-0.2547590774499139
ENSG00000170049	-0.2547813920623223
ENSG00000090470	-0.25482106620656964
ENSG00000197976	-0.25487716960860674
ENSG00000141458	-0.2548842182183406
ENSG00000136451	-0.25493248178174743
ENSG00000132938	-0.25493755362138604
ENSG00000198742	-0.25496167779344736
ENSG00000214401	-0.25500580432119824
ENSG00000008256	-0.2550285135001956
ENSG00000228203	-0.2550724945310101
ENSG00000259011	-0.2550795072156854
ENSG00000141524	-0.25510827556029236
ENSG00000267193	-0.2551193665334921
ENSG00000101350	-0.25512285401215007
ENSG00000134265	-0.25517604587685605
ENSG00000197584	-0.2551856183664035
ENSG00000243323	-0.25520065956221827
ENSG00000160055	-0.25520828141387464
ENSG00000260125	-0.2552338188089234
ENSG00000164070	-0.25525420913701413
ENSG00000272084	-0.2552876533351025
ENSG00000118729	-0.25529306450945266
ENSG00000185585	-0.2553094394469396
ENSG00000176601	-0.2553180117903271
ENSG00000228703	-0.2553540915152177
ENSG00000175183	-0.2553839105418657
ENSG00000182518	-0.25538505760868113
ENSG00000004142	-0.25538621976395703
ENSG00000048828	-0.2554421658537611
ENSG00000183386	-0.2554527588638118
ENSG00000226978	-0.2554598372177923
ENSG00000269815	-0.25546013205163665
ENSG00000134668	-0.2555129620995056
ENSG00000177189	-0.25554013900493333
ENSG00000197380	-0.2555456990903767
ENSG00000154262	-0.2555636834679875
ENSG00000215217	-0.25559128017540855
ENSG00000185920	-0.2556283486709101
ENSG00000095139	-0.2556459714486403
ENSG00000134917	-0.25568673611997916
ENSG00000257906	-0.2557213038785744
ENSG00000116183	-0.25572980182454175
ENSG00000267244	-0.25581510899837046
ENSG00000170161	-0.2558342319237603
ENSG00000273145	-0.2558574894181088
ENSG00000163904	-0.25588440595115036
ENSG00000006704	-0.2559401900945679
ENSG00000230894	-0.25598141366042504
ENSG00000012963	-0.25602616960076763
ENSG00000154640	-0.2560384249661096
ENSG00000143797	-0.2560555224027886
ENSG00000123607	-0.256055875628292
ENSG00000113739	-0.2560607483716889
ENSG00000129071	-0.25608183729000966
ENSG00000089723	-0.2562123917636018
ENSG00000198133	-0.25621299254086927
ENSG00000130313	-0.2562263526766423
ENSG00000137502	-0.2562780955185654
ENSG00000207110	-0.2562912473889183
ENSG00000151491	-0.2562987925987512
ENSG00000087589	-0.25630090265778305
ENSG00000226920	-0.25632112701062226
ENSG00000244165	-0.25633431379404303
ENSG00000132002	-0.25633728248804144
ENSG00000179058	-0.25642071035631575
ENSG00000165899	-0.25642155833314384
ENSG00000272148	-0.25644155962068294
ENSG00000015676	-0.2565156384625339
ENSG00000231081	-0.25659476904725587
ENSG00000170365	-0.25659922413849323
ENSG00000231327	-0.25660494880676155
ENSG00000256564	-0.2566114193099174
ENSG00000246082	-0.25662081192276653
ENSG00000180329	-0.2566491175236376
ENSG00000196668	-0.25665201424414696
ENSG00000273416	-0.25666298998097237
ENSG00000209482	-0.25670606213491787
ENSG00000159905	-0.256717922817128
ENSG00000179818	-0.2567191955081237
ENSG00000138780	-0.2567674309950806
ENSG00000198466	-0.2567970572144158
ENSG00000169100	-0.2568025079482861
ENSG00000230159	-0.25698768945588835
ENSG00000114646	-0.25699137595533883
ENSG00000116128	-0.25699344918144607
ENSG00000105726	-0.25706170016656005
ENSG00000063322	-0.2571049603058492
ENSG00000186026	-0.25714828116885013
ENSG00000104412	-0.2571673483993533
ENSG00000147548	-0.257186066242429
ENSG00000271967	-0.25719049096920876
ENSG00000224597	-0.2571918876337699
ENSG00000075336	-0.2571973411692149
ENSG00000060069	-0.2572026282872002
ENSG00000262580	-0.25721709848019947
ENSG00000103269	-0.2572769548678703
ENSG00000115211	-0.25727980047675014
ENSG00000132313	-0.2572888518527471
ENSG00000120129	-0.2573138472667429
ENSG00000108599	-0.257329605956203
ENSG00000254416	-0.257474329928135
ENSG00000261202	-0.25748031183692954
ENSG00000160396	-0.25754002895650374
ENSG00000179603	-0.25759465189661335
ENSG00000177098	-0.2576030613012694
ENSG00000273055	-0.2576399396078807
ENSG00000253944	-0.2576715640198618
ENSG00000167880	-0.2576846781573534
ENSG00000112033	-0.2577154644814583
ENSG00000116906	-0.25772470758666266
ENSG00000248514	-0.25774178860390573
ENSG00000146802	-0.2577459804802713
ENSG00000213965	-0.2577508001127623
ENSG00000171984	-0.2577523193048735
ENSG00000142082	-0.2577565739038522
ENSG00000141985	-0.2577748988470616
ENSG00000238099	-0.2577821064752529
ENSG00000176953	-0.25787096938370335
ENSG00000177694	-0.25789085720313343
ENSG00000123159	-0.25791518111102363
ENSG00000158497	-0.25799886837877295
ENSG00000245848	-0.2580168319860694
ENSG00000188163	-0.2580482541034522
ENSG00000123983	-0.2580701463023084
ENSG00000260257	-0.25807929285909137
ENSG00000162972	-0.25809845026076095
ENSG00000138385	-0.2581313838463538
ENSG00000177692	-0.2581401440454758
ENSG00000196954	-0.2581623045049678
ENSG00000166925	-0.2581640921741831
ENSG00000168374	-0.25818042813962583
ENSG00000250397	-0.2581931399139361
ENSG00000215302	-0.25820212841846557
ENSG00000104903	-0.25822565890668525
ENSG00000174607	-0.25824753556530244
ENSG00000265798	-0.258247618230418
ENSG00000112378	-0.258253205199086
ENSG00000267653	-0.25826305867180377
ENSG00000138443	-0.2582690236425127
ENSG00000259783	-0.2582748409825987
ENSG00000135472	-0.2583150591009721
ENSG00000142534	-0.2583678227860584
ENSG00000154997	-0.25837137764992624
ENSG00000163527	-0.2583725015841206
ENSG00000163249	-0.2583889597190503
ENSG00000128791	-0.25840204486513574
ENSG00000233154	-0.2584090568250409
ENSG00000115816	-0.25846176500740625
ENSG00000126010	-0.25848057944939384
ENSG00000272103	-0.2585553085202489
ENSG00000171219	-0.25859298777849604
ENSG00000155100	-0.2585996448175675
ENSG00000106591	-0.25861178753768266
ENSG00000165506	-0.2586145417419524
ENSG00000165917	-0.2586234609258249
ENSG00000170689	-0.25862930212030233
ENSG00000236140	-0.2586424373679722
ENSG00000221963	-0.2586707528168727
ENSG00000135372	-0.2586742528565015
ENSG00000156968	-0.2587069939436708
ENSG00000174721	-0.2587084892639401
ENSG00000211714	-0.258750734398975
ENSG00000100253	-0.25876934824177844
ENSG00000167695	-0.2587784287695233
ENSG00000130813	-0.25880020543222804
ENSG00000124614	-0.25882063832660995
ENSG00000179021	-0.2588289749875651
ENSG00000185716	-0.25884312874120086
ENSG00000112081	-0.2588658014577887
ENSG00000136636	-0.25888798811402414
ENSG00000136295	-0.2589184498458973
ENSG00000178772	-0.2589371941910219
ENSG00000259736	-0.25895487910896986
ENSG00000099331	-0.25896398502985085
ENSG00000171049	-0.2589882369719534
ENSG00000101811	-0.2589992596786127
ENSG00000159212	-0.25900189137639085
ENSG00000115875	-0.2590153258899509
ENSG00000261369	-0.2590681997066484
ENSG00000158856	-0.2590735710664388
ENSG00000135390	-0.25909656789589486
ENSG00000089486	-0.2591171517244448
ENSG00000124251	-0.25912863286777965
ENSG00000204438	-0.25913354895519003
ENSG00000175197	-0.25918685717012757
ENSG00000205301	-0.25923390878554875
ENSG00000176723	-0.2593866359314859
ENSG00000112335	-0.2594339389632311
ENSG00000183019	-0.2594606956246921
ENSG00000029725	-0.25953510355796394
ENSG00000164885	-0.25955407556655774
ENSG00000267498	-0.25960203747614397
ENSG00000005889	-0.25962912447101893
ENSG00000226363	-0.2596641085265542
ENSG00000121680	-0.25966847564480366
ENSG00000137497	-0.25967552852127074
ENSG00000135636	-0.25968078764765146
ENSG00000258667	-0.25973141112157994
ENSG00000152061	-0.2597470772127761
ENSG00000145012	-0.25975793973062966
ENSG00000041988	-0.25981022178300883
ENSG00000139438	-0.25985389615427634
ENSG00000125384	-0.2599028408586467
ENSG00000010810	-0.25990610565976646
ENSG00000102780	-0.2599338779915418
ENSG00000252774	-0.2599457767153227
ENSG00000231999	-0.2599735437301838
ENSG00000258473	-0.2599915580947606
ENSG00000261270	-0.2600583306309896
ENSG00000135205	-0.2600848841406038
ENSG00000197951	-0.2601239534486124
ENSG00000149483	-0.26012919265394463
ENSG00000244219	-0.26013262368013845
ENSG00000155368	-0.2601418519611869
ENSG00000248294	-0.26016826490779665
ENSG00000086619	-0.2602140500948469
ENSG00000252202	-0.2602210271553912
ENSG00000134146	-0.2602260341787067
ENSG00000168904	-0.26023541774252545
ENSG00000163636	-0.2602362421800457
ENSG00000248323	-0.2602438787954704
ENSG00000259485	-0.26028494705162974
ENSG00000125503	-0.26034670619346334
ENSG00000220804	-0.2603631206615815
ENSG00000261480	-0.26037585813394315
ENSG00000145868	-0.2604183280450407
ENSG00000197586	-0.2604625716021369
ENSG00000166321	-0.2604816014433413
ENSG00000163374	-0.26048854536699295
ENSG00000197054	-0.26053173706737287
ENSG00000204173	-0.2605359386944759
ENSG00000087995	-0.26054711557703547
ENSG00000166704	-0.26058854632287376
ENSG00000138496	-0.2605972325897534
ENSG00000231584	-0.260599280726596
ENSG00000173890	-0.2606190275403092
ENSG00000100162	-0.26063258832935354
ENSG00000156273	-0.2606598212030873
ENSG00000225684	-0.26066088616444694
ENSG00000260808	-0.26072527913390253
ENSG00000183020	-0.2607355316109823
ENSG00000090013	-0.26074099016229535
ENSG00000106009	-0.2607521506090805
ENSG00000260773	-0.26087371340166543
ENSG00000184178	-0.2609054869706878
ENSG00000223646	-0.26092566161201336
ENSG00000065559	-0.2609426140152702
ENSG00000175040	-0.26097407594788624
ENSG00000160714	-0.2610367261800125
ENSG00000129197	-0.26113270225135155
ENSG00000159189	-0.26116051783548466
ENSG00000135503	-0.2611778097583096
ENSG00000120324	-0.26122893014161475
ENSG00000162896	-0.2612533182748761
ENSG00000205423	-0.26136110779181587
ENSG00000230124	-0.26136267274985336
ENSG00000261773	-0.2613883233826366
ENSG00000158428	-0.26140270114401254
ENSG00000088882	-0.26142772220156363
ENSG00000214787	-0.26144373654608155
ENSG00000259343	-0.2614495314519165
ENSG00000116652	-0.2614520856194902
ENSG00000122386	-0.2614529383627454
ENSG00000140836	-0.26146374198352096
ENSG00000118495	-0.26149891053983876
ENSG00000119514	-0.26158934417461244
ENSG00000105221	-0.26162611958939164
ENSG00000105643	-0.2616469077066519
ENSG00000258479	-0.26170128327879305
ENSG00000155530	-0.2617029145069927
ENSG00000196937	-0.26173012110174276
ENSG00000197549	-0.2617374420308286
ENSG00000179195	-0.26181092032285536
ENSG00000154864	-0.2618833737136671
ENSG00000204920	-0.26192849419722253
ENSG00000186501	-0.2619665188206617
ENSG00000196652	-0.2619717578275832
ENSG00000211649	-0.26199692773571526
ENSG00000149150	-0.26203163211483926
ENSG00000125868	-0.2620639712433608
ENSG00000204947	-0.26206475719180966
ENSG00000213930	-0.2620932636500257
ENSG00000171466	-0.2621068141992594
ENSG00000171234	-0.262128313243569
ENSG00000126947	-0.26214705106517044
ENSG00000152467	-0.26215293769873527
ENSG00000177685	-0.2621591375014094
ENSG00000232021	-0.2622110205463116
ENSG00000115271	-0.26221726320442396
ENSG00000165757	-0.2623146734306723
ENSG00000129103	-0.2623167667882128
ENSG00000121903	-0.2623280088177504
ENSG00000269246	-0.2623481383881099
ENSG00000146700	-0.26238331507248513
ENSG00000196656	-0.2624147436785573
ENSG00000122375	-0.26242295943274596
ENSG00000103549	-0.2624232512535414
ENSG00000176928	-0.26246689140254675
ENSG00000163961	-0.2625219358725879
ENSG00000102383	-0.26254258436645594
ENSG00000198589	-0.262588259000892
ENSG00000272909	-0.2625912294933761
ENSG00000198707	-0.2626130955515622
ENSG00000188626	-0.26262173432680624
ENSG00000171863	-0.26268758367920875
ENSG00000118242	-0.26269305458014536
ENSG00000099250	-0.26269633832863115
ENSG00000146001	-0.26270503487931296
ENSG00000162695	-0.2627062038096152
ENSG00000164933	-0.26272657504121355
ENSG00000134321	-0.2627324830810208
ENSG00000158747	-0.26273399368575945
ENSG00000129437	-0.2627600556016352
ENSG00000077044	-0.26276457880054493
ENSG00000124588	-0.2628300006800329
ENSG00000188167	-0.26287189521551857
ENSG00000170852	-0.2629603723784928
ENSG00000169855	-0.26305561681744416
ENSG00000090924	-0.2630675557651988
ENSG00000239975	-0.2630782360955767
ENSG00000078140	-0.2630820874786025
ENSG00000068831	-0.26310011205192796
ENSG00000187583	-0.2631594033424558
ENSG00000115128	-0.2631669494126119
ENSG00000174915	-0.26317212312379323
ENSG00000168710	-0.26321497103246083
ENSG00000064989	-0.26324521069522067
ENSG00000146678	-0.263287536365281
ENSG00000106330	-0.2633411682586846
ENSG00000138835	-0.26335598014547357
ENSG00000204161	-0.2633690385096228
ENSG00000117266	-0.2633918573329913
ENSG00000169692	-0.26342534619910396
ENSG00000171490	-0.263452726896916
ENSG00000230537	-0.26348679783074824
ENSG00000122085	-0.2635157867036687
ENSG00000175324	-0.26355527745031015
ENSG00000167874	-0.2635570320226418
ENSG00000178718	-0.2636076260351964
ENSG00000101546	-0.2636225844849869
ENSG00000127528	-0.2636332738300149
ENSG00000156599	-0.26364701686078285
ENSG00000197016	-0.2636692140582907
ENSG00000118482	-0.2637125994165439
ENSG00000105193	-0.26372462837327015
ENSG00000222898	-0.2637434693025307
ENSG00000135315	-0.2637618123578891
ENSG00000225484	-0.2637623773005582
ENSG00000269989	-0.2637704114911237
ENSG00000141385	-0.2637725016035877
ENSG00000091157	-0.2637891686592989
ENSG00000257345	-0.2637962521248527
ENSG00000100417	-0.263805366763582
ENSG00000245522	-0.26381961375363117
ENSG00000115592	-0.2638670390601191
ENSG00000181007	-0.263869471322726
ENSG00000144134	-0.26388530687378986
ENSG00000184730	-0.2639072672911925
ENSG00000270604	-0.26391477552511455
ENSG00000260898	-0.26392951477182225
ENSG00000142166	-0.263931927447863
ENSG00000245146	-0.2639373077610482
ENSG00000246273	-0.26395425311466203
ENSG00000236166	-0.263958576267573
ENSG00000231625	-0.2639807523790664
ENSG00000005801	-0.26401243273500863
ENSG00000128564	-0.26401590964351396
ENSG00000123091	-0.2640528445582454
ENSG00000264577	-0.26407838984945275
ENSG00000146054	-0.2640845796179939
ENSG00000138674	-0.26410642404993057
ENSG00000198848	-0.2641364192901998
ENSG00000271553	-0.2641447147764263
ENSG00000127990	-0.2641865143161677
ENSG00000226352	-0.2641903597591446
ENSG00000177707	-0.2642010923049677
ENSG00000214681	-0.2642129585256634
ENSG00000163795	-0.26425445763470035
ENSG00000182472	-0.264378406748654
ENSG00000113083	-0.264451906363378
ENSG00000153234	-0.26445338937769447
ENSG00000163558	-0.26446115078735966
ENSG00000177125	-0.2644745840086117
ENSG00000130714	-0.2645369177872954
ENSG00000113312	-0.26460425812871347
ENSG00000057935	-0.2646702003448428
ENSG00000150457	-0.26469521833839604
ENSG00000168286	-0.26472488992102283
ENSG00000063176	-0.2647268068951848
ENSG00000267593	-0.2648344393602936
ENSG00000102699	-0.2648822126397462
ENSG00000004700	-0.26488867720191167
ENSG00000231793	-0.2649358621102115
ENSG00000139218	-0.2650015396845089
ENSG00000123297	-0.26502381442474443
ENSG00000213742	-0.26511097699571595
ENSG00000170891	-0.2651677527872146
ENSG00000114487	-0.26519217859733923
ENSG00000228252	-0.26524795807531754
ENSG00000261829	-0.2652571748773408
ENSG00000166130	-0.2652884978378186
ENSG00000127364	-0.2653013853766656
ENSG00000227907	-0.26541918158254385
ENSG00000238186	-0.26545264292523807
ENSG00000197780	-0.26548688726876635
ENSG00000126456	-0.26549746547569164
ENSG00000236740	-0.2655018869675746
ENSG00000136694	-0.26553484277900763
ENSG00000133315	-0.2655577859760384
ENSG00000115956	-0.2655860165377697
ENSG00000117143	-0.26562937557537314
ENSG00000007255	-0.2656412398563104
ENSG00000120656	-0.26564221712310454
ENSG00000267372	-0.2656620790030927
ENSG00000120471	-0.26567502419024314
ENSG00000250799	-0.2657058859453144
ENSG00000197565	-0.2657266333305257
ENSG00000104808	-0.2657525959687852
ENSG00000211638	-0.2657605635422784
ENSG00000135094	-0.26581210241627395
ENSG00000120833	-0.2658156221350262
ENSG00000261543	-0.26583232975492677
ENSG00000107872	-0.26585167312029123
ENSG00000132016	-0.2658528712787773
ENSG00000163424	-0.2658842466397948
ENSG00000267892	-0.26589177133991826
ENSG00000251642	-0.26593539422281876
ENSG00000134323	-0.2659659285102428
ENSG00000139173	-0.2659707604547953
ENSG00000165886	-0.2659721173935383
ENSG00000137055	-0.266001209850827
ENSG00000147642	-0.26605267556527334
ENSG00000162148	-0.2660765375535137
ENSG00000118246	-0.2660923687403385
ENSG00000136931	-0.2661130705988983
ENSG00000214194	-0.2661307272786776
ENSG00000228127	-0.2661700042617474
ENSG00000260094	-0.2661711173207226
ENSG00000050748	-0.2661837490994232
ENSG00000067248	-0.2662104528095963
ENSG00000175809	-0.26621608262615937
ENSG00000267940	-0.26624978810639643
ENSG00000103534	-0.26626843160824565
ENSG00000198933	-0.26626976470292674
ENSG00000076053	-0.2662732636588644
ENSG00000149218	-0.2663395251550269
ENSG00000133069	-0.2663520095497759
ENSG00000112996	-0.26636719041981505
ENSG00000152242	-0.26641463003953636
ENSG00000258422	-0.2664730292990526
ENSG00000273295	-0.2665379460973214
ENSG00000103091	-0.2665437459849176
ENSG00000273481	-0.26655699611397066
ENSG00000261318	-0.26658441169925984
ENSG00000184481	-0.2665895786635243
ENSG00000176978	-0.2666096552065891
ENSG00000127328	-0.2666163676701532
ENSG00000198517	-0.2666527813995502
ENSG00000055044	-0.2666648220989406
ENSG00000273108	-0.26668540711826716
ENSG00000272986	-0.26669859642555616
ENSG00000197183	-0.2667042119301144
ENSG00000258376	-0.26670922719690293
ENSG00000198825	-0.2667674902077223
ENSG00000152766	-0.2668000902586487
ENSG00000127324	-0.2668329750465307
ENSG00000273245	-0.2668531634506459
ENSG00000003989	-0.2668735980679181
ENSG00000223776	-0.2668868454316864
ENSG00000138316	-0.26688878832926943
ENSG00000235217	-0.26690204479855595
ENSG00000234567	-0.2670011465194556
ENSG00000055732	-0.2670073069942227
ENSG00000229005	-0.2670177318903856
ENSG00000261744	-0.26709941894779554
ENSG00000240338	-0.2671104258849689
ENSG00000139684	-0.2671625250883757
ENSG00000271427	-0.2671703621276078
ENSG00000115806	-0.2671861747483302
ENSG00000005810	-0.2672027271263483
ENSG00000187715	-0.2672158375204292
ENSG00000123505	-0.2672266019567936
ENSG00000265218	-0.26723518531518264
ENSG00000147316	-0.26725153177971495
ENSG00000151466	-0.2672584082881313
ENSG00000234665	-0.2672603861161714
ENSG00000165511	-0.2673332760450271
ENSG00000143320	-0.26734213347512237
ENSG00000073060	-0.2673706532072353
ENSG00000133112	-0.2673911250935799
ENSG00000254485	-0.26741929657054264
ENSG00000011304	-0.2674662514517805
ENSG00000139372	-0.2674665195679775
ENSG00000121879	-0.2674775335502867
ENSG00000182544	-0.2674886537697295
ENSG00000137413	-0.267492599097387
ENSG00000177853	-0.26754308491558765
ENSG00000181143	-0.26754364455155155
ENSG00000163645	-0.26756297021894415
ENSG00000150556	-0.267614664864368
ENSG00000100982	-0.2676327425751859
ENSG00000033327	-0.2676422211561712
ENSG00000114209	-0.26768123071156014
ENSG00000145293	-0.26769518020137595
ENSG00000132522	-0.26775270374731464
ENSG00000251669	-0.2680054114174196
ENSG00000142798	-0.2680389520450245
ENSG00000047578	-0.26806434056213835
ENSG00000164308	-0.26806543526255433
ENSG00000178175	-0.2681464424799649
ENSG00000141873	-0.2681513219306425
ENSG00000158050	-0.2681879610114343
ENSG00000198912	-0.2682000277529595
ENSG00000125817	-0.2682275907018179
ENSG00000196998	-0.2682278604636007
ENSG00000259224	-0.26826959250423843
ENSG00000008018	-0.2682709336861625
ENSG00000160200	-0.26828832320008844
ENSG00000135002	-0.2683067819666275
ENSG00000255206	-0.26831995710901735
ENSG00000162642	-0.2684020945477136
ENSG00000143258	-0.2684137750344753
ENSG00000126858	-0.26842162278331794
ENSG00000167377	-0.2684223008686383
ENSG00000123427	-0.2684774101742349
ENSG00000197362	-0.2684779553643616
ENSG00000156831	-0.26850559511995087
ENSG00000147687	-0.2685981250432481
ENSG00000258839	-0.2686064028402104
ENSG00000087095	-0.26862533018394674
ENSG00000134480	-0.2686920293478694
ENSG00000272155	-0.26870577388713746
ENSG00000089558	-0.2687257401860399
ENSG00000130592	-0.26872575171930413
ENSG00000125821	-0.2687314526376977
ENSG00000163481	-0.2687695800934973
ENSG00000106069	-0.2688062294952658
ENSG00000168792	-0.268826772198683
ENSG00000105550	-0.268903549518572
ENSG00000235552	-0.26890833098709765
ENSG00000133433	-0.26893409211112007
ENSG00000197416	-0.2689626927687867
ENSG00000104231	-0.2689669234133072
ENSG00000158301	-0.2689948421581786
ENSG00000186442	-0.26899680161997497
ENSG00000225683	-0.26901758503432605
ENSG00000163681	-0.2690242490044277
ENSG00000238290	-0.26904057042482277
ENSG00000175984	-0.26904071134748464
ENSG00000135913	-0.2690478850703436
ENSG00000230319	-0.2691160072195611
ENSG00000204673	-0.26913165984043685
ENSG00000104960	-0.2691597606269519
ENSG00000125691	-0.2692042743511296
ENSG00000227128	-0.2692384733026323
ENSG00000131634	-0.26925894643101966
ENSG00000197208	-0.2692765504896092
ENSG00000138279	-0.26936250803618833
ENSG00000141255	-0.2693856606187812
ENSG00000143776	-0.269466212870645
ENSG00000176986	-0.26959626214568666
ENSG00000108551	-0.2695975122446942
ENSG00000131876	-0.26966871472311804
ENSG00000162377	-0.26967861008468086
ENSG00000160124	-0.2696886261101007
ENSG00000153944	-0.26972258082784273
ENSG00000115947	-0.26974592839153233
ENSG00000105519	-0.26979416919325494
ENSG00000218819	-0.2698022165321522
ENSG00000143603	-0.2698024909922059
ENSG00000121743	-0.26980589014216094
ENSG00000138741	-0.26981378344917584
ENSG00000198556	-0.2698280731187106
ENSG00000214999	-0.26988538098995374
ENSG00000164010	-0.2698990362124507
ENSG00000164904	-0.2699654100946579
ENSG00000267272	-0.2699696773734227
ENSG00000155903	-0.2700253224966144
ENSG00000181163	-0.2700460185791439
ENSG00000116095	-0.27004709543619165
ENSG00000135845	-0.27004976581100326
ENSG00000101210	-0.27005109247628944
ENSG00000147246	-0.2701362159952899
ENSG00000068976	-0.27014238210333374
ENSG00000093183	-0.27015297951919204
ENSG00000235214	-0.27015787270354075
ENSG00000203867	-0.2701686844625404
ENSG00000183117	-0.27017980478343173
ENSG00000198681	-0.27024094454607517
ENSG00000056586	-0.27027690674364946
ENSG00000271943	-0.27031036723180824
ENSG00000154328	-0.27033264542189805
ENSG00000121481	-0.2703355593332346
ENSG00000182050	-0.27038270535915754
ENSG00000040531	-0.2704308066552972
ENSG00000267128	-0.2704381557346923
ENSG00000206549	-0.2704530559551718
ENSG00000257456	-0.27047171363862954
ENSG00000179630	-0.27055327920351413
ENSG00000205045	-0.27056697009897246
ENSG00000168096	-0.2705727483994017
ENSG00000160271	-0.27062509416699654
ENSG00000109046	-0.2706633754339177
ENSG00000197937	-0.2706686586734327
ENSG00000108469	-0.2706860693052884
ENSG00000188707	-0.27072317497576426
ENSG00000152580	-0.27074300427590203
ENSG00000202474	-0.27076738297505953
ENSG00000244588	-0.2707693450214722
ENSG00000136243	-0.27079954501176984
ENSG00000199568	-0.27080530823887483
ENSG00000121671	-0.27081439952422304
ENSG00000047315	-0.2708181664639977
ENSG00000229666	-0.27082317432751435
ENSG00000198752	-0.27084057325388056
ENSG00000197520	-0.2708597190314824
ENSG00000270210	-0.270881886166892
ENSG00000182141	-0.2709495844867632
ENSG00000269940	-0.2709936284960447
ENSG00000259642	-0.270993831286637
ENSG00000182583	-0.27108409488821017
ENSG00000177105	-0.2710877043174672
ENSG00000105875	-0.2710953440371364
ENSG00000233806	-0.2711103304002018
ENSG00000204954	-0.2711133552477645
ENSG00000180061	-0.2711254240820292
ENSG00000144935	-0.2711445746758381
ENSG00000224081	-0.27115028041357636
ENSG00000198498	-0.27115848178713864
ENSG00000119899	-0.2711926018986367
ENSG00000256209	-0.27119332313791
ENSG00000068971	-0.27120050376668514
ENSG00000241127	-0.27120194726019764
ENSG00000103023	-0.27121334444538814
ENSG00000146233	-0.27124246019479337
ENSG00000221716	-0.2713134976979805
ENSG00000114450	-0.2713727431179933
ENSG00000172155	-0.2713895465196925
ENSG00000162669	-0.271397160585915
ENSG00000269845	-0.27145296766338356
ENSG00000224093	-0.2714598499850275
ENSG00000270959	-0.27150204499276365
ENSG00000197451	-0.2716020061501244
ENSG00000262050	-0.2716032026087093
ENSG00000110324	-0.2716697476913228
ENSG00000130997	-0.27168682067486694
ENSG00000078061	-0.2717062487767923
ENSG00000171217	-0.27176550571783475
ENSG00000239828	-0.271782094380305
ENSG00000169155	-0.2717836730859703
ENSG00000143891	-0.2718027632611165
ENSG00000225077	-0.271827935138685
ENSG00000259447	-0.27188594374565667
ENSG00000260509	-0.27189598232285916
ENSG00000174173	-0.2719004931411976
ENSG00000001629	-0.2719030731216866
ENSG00000168404	-0.2719052879399019
ENSG00000226367	-0.2719208372798956
ENSG00000268047	-0.2719232372615824
ENSG00000125492	-0.2720338059111167
ENSG00000149115	-0.27204229002073643
ENSG00000163257	-0.27206769388193397
ENSG00000228686	-0.27207462656664616
ENSG00000010319	-0.2721745657785887
ENSG00000175895	-0.27219509901576666
ENSG00000221184	-0.2722065730745621
ENSG00000271784	-0.27221333168360484
ENSG00000175575	-0.2722434556820428
ENSG00000120798	-0.2722453907810678
ENSG00000260704	-0.2722928472066264
ENSG00000111666	-0.2723288856613171
ENSG00000260288	-0.27236485198796556
ENSG00000133835	-0.27237235171690255
ENSG00000100403	-0.2724158702343763
ENSG00000116754	-0.2724201292654608
ENSG00000124380	-0.2724443697927854
ENSG00000205707	-0.27246646128843444
ENSG00000227863	-0.27247542253692236
ENSG00000116852	-0.27248176592427475
ENSG00000205352	-0.2724910989092222
ENSG00000251194	-0.2725318486421733
ENSG00000237750	-0.272544758826056
ENSG00000120054	-0.2725657888726144
ENSG00000166546	-0.2726457322614094
ENSG00000081818	-0.27269707624939143
ENSG00000111700	-0.2727015536967389
ENSG00000170448	-0.2727087037148209
ENSG00000260633	-0.2727461712227388
ENSG00000187522	-0.2727583261761143
ENSG00000250616	-0.27281228907430877
ENSG00000183474	-0.27282726393913614
ENSG00000127445	-0.2728279375362537
ENSG00000159200	-0.2728297652547812
ENSG00000178934	-0.2728513538917219
ENSG00000233203	-0.27285609893276774
ENSG00000187475	-0.2729037295241533
ENSG00000117407	-0.27291267790593154
ENSG00000178695	-0.27293529437288
ENSG00000168955	-0.2729663590792848
ENSG00000214226	-0.2729807074172853
ENSG00000106268	-0.2729833732396849
ENSG00000256164	-0.2729884496979188
ENSG00000256925	-0.2730268389105589
ENSG00000233436	-0.27311315781253387
ENSG00000111142	-0.27312713785363796
ENSG00000221823	-0.27313954484438263
ENSG00000183048	-0.27315159807944145
ENSG00000234183	-0.2731901206947659
ENSG00000249421	-0.2732002801602269
ENSG00000155970	-0.273214245902086
ENSG00000124701	-0.27326258784519963
ENSG00000178229	-0.2732652523644945
ENSG00000168454	-0.2732662842830894
ENSG00000135678	-0.2732675265242879
ENSG00000272367	-0.27329863769801477
ENSG00000234222	-0.27330586544094515
ENSG00000105722	-0.2733369914810344
ENSG00000100284	-0.27335972262377883
ENSG00000157693	-0.27337945247820017
ENSG00000096968	-0.27341742016875825
ENSG00000251445	-0.2734289786378308
ENSG00000181690	-0.2734497520021969
ENSG00000253616	-0.27346708033817235
ENSG00000234390	-0.27350510001307693
ENSG00000108061	-0.2735423903900033
ENSG00000129055	-0.2735953619993011
ENSG00000119777	-0.2736957029024021
ENSG00000168394	-0.2738999080377923
ENSG00000143248	-0.27396619102387054
ENSG00000141002	-0.2739663139854256
ENSG00000132024	-0.2739943491695721
ENSG00000168939	-0.2740645795069442
ENSG00000125863	-0.27406791667947183
ENSG00000130528	-0.2741023598075022
ENSG00000049768	-0.2741158998219724
ENSG00000230555	-0.27414930855138675
ENSG00000142546	-0.27416900635824215
ENSG00000206120	-0.27418903695462804
ENSG00000227495	-0.27420100884802023
ENSG00000179813	-0.2742333365543612
ENSG00000140398	-0.2742380989295089
ENSG00000134871	-0.2743485504296064
ENSG00000223117	-0.27438798181993773
ENSG00000206069	-0.274397133701471
ENSG00000164050	-0.27439860802143423
ENSG00000134363	-0.27448837652553915
ENSG00000138031	-0.2745803214912419
ENSG00000146197	-0.2746062993494677
ENSG00000152779	-0.27463100479446945
ENSG00000253799	-0.27465025223956485
ENSG00000257896	-0.27466930739016315
ENSG00000107789	-0.2746962929332947
ENSG00000106771	-0.2747117586595116
ENSG00000272567	-0.2747252658280328
ENSG00000004399	-0.27474697884619126
ENSG00000112304	-0.27475602366835905
ENSG00000102760	-0.2748194891280836
ENSG00000074590	-0.2748439949789996
ENSG00000111671	-0.2748864334416762
ENSG00000165660	-0.2749432872446773
ENSG00000031698	-0.2749598681622336
ENSG00000147255	-0.27498253663145267
ENSG00000236617	-0.2749826473411402
ENSG00000133028	-0.2750091232263523
ENSG00000185272	-0.2750126565371114
ENSG00000203724	-0.2750154094954237
ENSG00000137204	-0.27501754559671043
ENSG00000168556	-0.2750757858365802
ENSG00000133983	-0.2750831234296316
ENSG00000269834	-0.27509767104654603
ENSG00000168386	-0.2751167361414042
ENSG00000200629	-0.2751186174990192
ENSG00000182890	-0.2751189061681699
ENSG00000269028	-0.2751214466336107
ENSG00000142396	-0.27515769443185834
ENSG00000185055	-0.2751723748821563
ENSG00000197182	-0.27518940916584766
ENSG00000137266	-0.27522346716992674
ENSG00000118894	-0.2752792542164474
ENSG00000160062	-0.27528774053734484
ENSG00000255145	-0.2752930452773823
ENSG00000231858	-0.2753873478269462
ENSG00000070501	-0.2754800193381104
ENSG00000105647	-0.2755348150293334
ENSG00000166441	-0.27554581322307625
ENSG00000126709	-0.2755858213866169
ENSG00000105767	-0.2756124086320231
ENSG00000247400	-0.27565667604916677
ENSG00000100867	-0.27568285611994514
ENSG00000120690	-0.2757299458207475
ENSG00000272274	-0.2758191337291863
ENSG00000134897	-0.2758314415416724
ENSG00000134109	-0.27588166432636985
ENSG00000223504	-0.27590119536134994
ENSG00000138621	-0.27590243244545476
ENSG00000168038	-0.27590666693004195
ENSG00000231852	-0.2759070337179177
ENSG00000181315	-0.27595500318141886
ENSG00000223802	-0.27599582772173226
ENSG00000248161	-0.2760397943516364
ENSG00000239122	-0.2760397952590441
ENSG00000131149	-0.2760563062531852
ENSG00000200913	-0.27605865792990836
ENSG00000143801	-0.2761312153301704
ENSG00000171155	-0.27620172317979674
ENSG00000160113	-0.2762334192122816
ENSG00000119446	-0.27625422550485357
ENSG00000197429	-0.2763481816449923
ENSG00000083845	-0.27636398116668737
ENSG00000259235	-0.27637278300242696
ENSG00000132698	-0.2764771123857811
ENSG00000261204	-0.2765356262935832
ENSG00000272100	-0.27653675699408165
ENSG00000171101	-0.27661286481469816
ENSG00000212916	-0.2766579530615516
ENSG00000116521	-0.27666174766122775
ENSG00000011600	-0.27667304345410604
ENSG00000255284	-0.27668560620316685
ENSG00000114744	-0.27669557820992907
ENSG00000009413	-0.2766975993954699
ENSG00000135100	-0.2767262004844674
ENSG00000198060	-0.27675054859223847
ENSG00000251041	-0.2767777058724822
ENSG00000077235	-0.2768765728817636
ENSG00000214160	-0.2769275311848366
ENSG00000212123	-0.27693619216742027
ENSG00000163873	-0.2769852488461052
ENSG00000262468	-0.27701500333990436
ENSG00000106560	-0.277021468542891
ENSG00000236104	-0.27703783974764684
ENSG00000234389	-0.2770485788789623
ENSG00000241343	-0.2770816938605326
ENSG00000178607	-0.2770972969568528
ENSG00000224349	-0.2771023122030273
ENSG00000197921	-0.2771290803474049
ENSG00000224892	-0.27716076067056106
ENSG00000089195	-0.27717626563124687
ENSG00000124214	-0.277186873368673
ENSG00000231233	-0.2772460634124033
ENSG00000273343	-0.27726047515588426
ENSG00000258084	-0.27727679168644237
ENSG00000116455	-0.2772818671551365
ENSG00000233695	-0.277294344707511
ENSG00000150768	-0.2773176929525073
ENSG00000169499	-0.2773322709675322
ENSG00000164180	-0.2773528542924688
ENSG00000262879	-0.2773790327306904
ENSG00000214708	-0.27741341013592036
ENSG00000264247	-0.27741505582314196
ENSG00000243642	-0.27742596021129384
ENSG00000151693	-0.2774614261732713
ENSG00000154080	-0.2774808862100544
ENSG00000265692	-0.27753167801446943
ENSG00000182938	-0.27755757530686176
ENSG00000171262	-0.27760021566359716
ENSG00000272030	-0.27761233648963224
ENSG00000116212	-0.27763261832999464
ENSG00000135124	-0.2776795661948187
ENSG00000130340	-0.2776965287444194
ENSG00000089682	-0.2776978269309107
ENSG00000116752	-0.27771146761670695
ENSG00000151923	-0.277723867819447
ENSG00000140463	-0.27772864949746756
ENSG00000272070	-0.277729671737486
ENSG00000171861	-0.2777312449519117
ENSG00000166579	-0.27775518605868343
ENSG00000206140	-0.2778136782478017
ENSG00000128394	-0.27783842936050784
ENSG00000122417	-0.2778630908188159
ENSG00000130347	-0.27788516786125694
ENSG00000140470	-0.27790401483790717
ENSG00000170142	-0.2779098914700313
ENSG00000181885	-0.27800700654606003
ENSG00000102302	-0.278042714084483
ENSG00000124279	-0.2780790821024074
ENSG00000235897	-0.2781858021935789
ENSG00000161016	-0.2782078317734372
ENSG00000185745	-0.2782303628979417
ENSG00000272301	-0.27824358577854
ENSG00000158290	-0.27824973862355895
ENSG00000132819	-0.278256614140982
ENSG00000160282	-0.2782654449649
ENSG00000175215	-0.2782919016909945
ENSG00000164438	-0.2783079825257345
ENSG00000124784	-0.27830806836377986
ENSG00000181218	-0.27834109435233156
ENSG00000133398	-0.27836369874562705
ENSG00000169344	-0.2783758548202264
ENSG00000118971	-0.2784157557327094
ENSG00000090382	-0.2784194664786107
ENSG00000155085	-0.27849901116542886
ENSG00000245017	-0.2785202411381683
ENSG00000242220	-0.2786244814796336
ENSG00000150347	-0.27867695358169553
ENSG00000251414	-0.2787538148976365
ENSG00000258130	-0.27875916995196404
ENSG00000132003	-0.27888025679871276
ENSG00000170791	-0.27890347505665836
ENSG00000198918	-0.2789585243086835
ENSG00000164061	-0.27896510673543484
ENSG00000272562	-0.2790462769705526
ENSG00000168060	-0.2790630741000337
ENSG00000136872	-0.27907315811754296
ENSG00000215193	-0.27907477773139666
ENSG00000233421	-0.27907993881419835
ENSG00000185885	-0.2790843039555976
ENSG00000168061	-0.2791050622188963
ENSG00000226067	-0.2791180329495254
ENSG00000119760	-0.2791181848558625
ENSG00000269235	-0.2791319017464172
ENSG00000169507	-0.27913452356492185
ENSG00000271220	-0.2791435281538345
ENSG00000260337	-0.27914774050613267
ENSG00000185567	-0.2791477447498919
ENSG00000184227	-0.2792160815497793
ENSG00000263345	-0.27923411522647457
ENSG00000145740	-0.2792391692607511
ENSG00000188051	-0.27925691317735046
ENSG00000273248	-0.2792682387275315
ENSG00000180008	-0.27930929336808585
ENSG00000225850	-0.2793303479053155
ENSG00000137343	-0.27933554979709585
ENSG00000134864	-0.2793827829752321
ENSG00000132424	-0.27944570251649237
ENSG00000134538	-0.2795068457873289
ENSG00000162298	-0.279509577935679
ENSG00000267695	-0.2795384821435605
ENSG00000265394	-0.27955390126282564
ENSG00000152284	-0.27955644385244327
ENSG00000172007	-0.27958773920660884
ENSG00000138190	-0.2796171577119215
ENSG00000198976	-0.2796335355748869
ENSG00000117595	-0.27964173163088824
ENSG00000080293	-0.27964288755509437
ENSG00000176658	-0.2796622415450437
ENSG00000197409	-0.2797039785963782
ENSG00000154889	-0.2797646097130858
ENSG00000272696	-0.2797700806032105
ENSG00000141527	-0.27977083549828274
ENSG00000227059	-0.27980894514850685
ENSG00000163032	-0.2798134776434441
ENSG00000214595	-0.2798150299634288
ENSG00000156232	-0.27983690116899695
ENSG00000257410	-0.2798454084883888
ENSG00000272079	-0.2798867354720316
ENSG00000100387	-0.27991109952044624
ENSG00000242973	-0.27993985619476736
ENSG00000251371	-0.27997250185264566
ENSG00000107317	-0.2800069543805517
ENSG00000131475	-0.2801180607959898
ENSG00000108651	-0.280184061181892
ENSG00000167657	-0.28020674987112326
ENSG00000205571	-0.2802379368381406
ENSG00000080503	-0.2802606415463804
ENSG00000166228	-0.280284465640668
ENSG00000145425	-0.2802849778169869
ENSG00000114547	-0.2803148202423542
ENSG00000253276	-0.2803419843777649
ENSG00000230223	-0.28035653067266186
ENSG00000134326	-0.28039670353628376
ENSG00000120694	-0.280406940525606
ENSG00000163608	-0.28041564285030696
ENSG00000213523	-0.2805072355761601
ENSG00000184106	-0.28052477385114116
ENSG00000101557	-0.2805314746490969
ENSG00000167491	-0.28053967334937846
ENSG00000102241	-0.28058671442904715
ENSG00000227471	-0.2805889403249223
ENSG00000268906	-0.28059218875325487
ENSG00000120925	-0.28061566343607636
ENSG00000256811	-0.28069063210090406
ENSG00000233654	-0.28077493696689215
ENSG00000151532	-0.2807922702844452
ENSG00000259349	-0.28079780417119204
ENSG00000160216	-0.28082208763608474
ENSG00000170946	-0.2808352818588771
ENSG00000113924	-0.28085485374910857
ENSG00000185000	-0.2808593826060958
ENSG00000142224	-0.28089530006679475
ENSG00000176915	-0.280905919412305
ENSG00000251024	-0.2809060733582597
ENSG00000083093	-0.2809537231191179
ENSG00000264515	-0.2809838936170409
ENSG00000147364	-0.2810366269552099
ENSG00000196417	-0.28105615449250143
ENSG00000272948	-0.2810986207232584
ENSG00000204876	-0.28110497067238605
ENSG00000254298	-0.2811542271251992
ENSG00000166669	-0.2811662702488802
ENSG00000224509	-0.2811917866820889
ENSG00000114698	-0.28121299727662585
ENSG00000130703	-0.28131263799037676
ENSG00000100206	-0.28136568953878405
ENSG00000116679	-0.28136786148608606
ENSG00000139631	-0.28139517193127284
ENSG00000240682	-0.28140310209369523
ENSG00000140632	-0.2814392298199132
ENSG00000159496	-0.2814631194499664
ENSG00000170584	-0.2814908903294121
ENSG00000213512	-0.28149999128566516
ENSG00000178473	-0.28150812357303967
ENSG00000158169	-0.2815333147838863
ENSG00000225956	-0.28155172459448197
ENSG00000183160	-0.2815755817366199
ENSG00000013306	-0.28161524947350647
ENSG00000141219	-0.28171706006519215
ENSG00000143418	-0.28172978306485064
ENSG00000248015	-0.28175728552716695
ENSG00000271895	-0.2817626006120241
ENSG00000113013	-0.2817920448369937
ENSG00000131797	-0.28179410156544993
ENSG00000091490	-0.2818148443335776
ENSG00000167183	-0.2818850187528438
ENSG00000205307	-0.28188791859936635
ENSG00000255224	-0.28189156521467307
ENSG00000172831	-0.28198448099548046
ENSG00000180758	-0.28198685054475503
ENSG00000162545	-0.28210147131996155
ENSG00000232002	-0.2821126893786594
ENSG00000197714	-0.2821611436174186
ENSG00000087111	-0.2821669766199848
ENSG00000181929	-0.2821781963147938
ENSG00000103061	-0.2822304762843426
ENSG00000183765	-0.2822472832692645
ENSG00000226250	-0.28225298475426797
ENSG00000269139	-0.28227010651342077
ENSG00000110768	-0.2822769020589464
ENSG00000270000	-0.2823001041787945
ENSG00000259700	-0.2823145951334669
ENSG00000115548	-0.2823787086114403
ENSG00000174348	-0.2824012382151069
ENSG00000180422	-0.2824034087467612
ENSG00000126895	-0.28244587213427585
ENSG00000240344	-0.2824579251878869
ENSG00000237765	-0.2824776991951534
ENSG00000268416	-0.28249933136922245
ENSG00000047410	-0.28261932571842097
ENSG00000272799	-0.28262002861313495
ENSG00000237461	-0.2826965223400554
ENSG00000232119	-0.2827032943855713
ENSG00000124641	-0.28272795472608236
ENSG00000120049	-0.2827670797737257
ENSG00000256162	-0.28278862900795776
ENSG00000106004	-0.28284631346054845
ENSG00000161526	-0.28284758183258973
ENSG00000083520	-0.2828666878495554
ENSG00000126861	-0.2828804030754877
ENSG00000091106	-0.28289359561392147
ENSG00000186517	-0.2829305546530746
ENSG00000261220	-0.2829353066548981
ENSG00000272009	-0.2829387835328959
ENSG00000116005	-0.28297794894305817
ENSG00000269933	-0.283023372605952
ENSG00000177082	-0.28310747132147074
ENSG00000204859	-0.2831150327190036
ENSG00000189136	-0.2831153026750659
ENSG00000180228	-0.2831321237153095
ENSG00000175054	-0.28318258508565985
ENSG00000164902	-0.28321018334545167
ENSG00000066135	-0.28327008737038417
ENSG00000161594	-0.2833935457006661
ENSG00000116473	-0.2834068447180381
ENSG00000159182	-0.2834122229488024
ENSG00000165059	-0.28343814448345395
ENSG00000139117	-0.2834464990161476
ENSG00000159873	-0.2834618721331852
ENSG00000146205	-0.2834744135427558
ENSG00000203705	-0.2835133156873606
ENSG00000160766	-0.2836048623951336
ENSG00000175279	-0.28362599907090913
ENSG00000174842	-0.2837164535582589
ENSG00000240399	-0.2837200034709749
ENSG00000204370	-0.28373652962702633
ENSG00000105997	-0.283826543445172
ENSG00000226037	-0.283889914499047
ENSG00000150938	-0.2838961256715964
ENSG00000256660	-0.28392619435946076
ENSG00000115339	-0.2839961816127107
ENSG00000163946	-0.2840109269177936
ENSG00000234769	-0.28401193350943255
ENSG00000258345	-0.2840369202371238
ENSG00000060642	-0.2840490464231634
ENSG00000124249	-0.28409556565542426
ENSG00000261207	-0.28409969910550403
ENSG00000100664	-0.28412353423906545
ENSG00000176222	-0.2841942339831024
ENSG00000235109	-0.2842824944927892
ENSG00000038219	-0.2843095509996212
ENSG00000159733	-0.28432674775442957
ENSG00000114423	-0.2843321209572316
ENSG00000059769	-0.2843708926528299
ENSG00000156675	-0.2843902129459983
ENSG00000266993	-0.2844686898779868
ENSG00000104221	-0.2845010618955274
ENSG00000155959	-0.28450605144084606
ENSG00000120093	-0.28458389571239806
ENSG00000233308	-0.2845929520154076
ENSG00000011332	-0.28460971921101885
ENSG00000189376	-0.28462301293908987
ENSG00000221869	-0.28463806439867245
ENSG00000006606	-0.2846954866774881
ENSG00000112343	-0.2847660459183634
ENSG00000102683	-0.28481915296149996
ENSG00000167968	-0.28488717487313253
ENSG00000147789	-0.284948044323029
ENSG00000145982	-0.28496409294525915
ENSG00000268240	-0.2850041796466062
ENSG00000166747	-0.28500763889043523
ENSG00000170632	-0.28501471929045485
ENSG00000118096	-0.2850592420352941
ENSG00000243701	-0.2851615252695069
ENSG00000064225	-0.28518352835540317
ENSG00000260351	-0.285183681842187
ENSG00000196357	-0.28519973162975387
ENSG00000108187	-0.2852164989654984
ENSG00000184916	-0.2852271288482895
ENSG00000083099	-0.2852285963727863
ENSG00000211946	-0.28523297085036614
ENSG00000214855	-0.28524508680086436
ENSG00000258806	-0.28528393571343524
ENSG00000268845	-0.2852881137845522
ENSG00000272482	-0.28529844830706763
ENSG00000273437	-0.2853341912411106
ENSG00000158604	-0.28542515915172817
ENSG00000161513	-0.28543590240520467
ENSG00000215644	-0.2854655318466325
ENSG00000187678	-0.2855143675013634
ENSG00000124635	-0.28554264110686745
ENSG00000244618	-0.2855544776860989
ENSG00000172053	-0.2855672599460384
ENSG00000206869	-0.285571267727599
ENSG00000110048	-0.2855739906020325
ENSG00000086200	-0.28563247296726924
ENSG00000259792	-0.28563575653464823
ENSG00000151164	-0.28564887537660666
ENSG00000139985	-0.2856620664026308
ENSG00000235908	-0.28569322033017275
ENSG00000106348	-0.28574755517424755
ENSG00000243725	-0.2857529514679962
ENSG00000081320	-0.2857845872321937
ENSG00000253596	-0.2858127139127692
ENSG00000117682	-0.2858270695342804
ENSG00000137285	-0.2858395194729195
ENSG00000198223	-0.28595114897888574
ENSG00000175348	-0.2859649498625526
ENSG00000005175	-0.28596649122928985
ENSG00000144306	-0.2859789411340846
ENSG00000265625	-0.2859848301333412
ENSG00000156735	-0.28602322843022643
ENSG00000243477	-0.28602650954091613
ENSG00000005700	-0.28603467620971346
ENSG00000111490	-0.2860487948704098
ENSG00000137965	-0.2860903340703289
ENSG00000213413	-0.28612478998768887
ENSG00000133318	-0.2861610692388602
ENSG00000167220	-0.28619324430927107
ENSG00000197879	-0.28627712458168375
ENSG00000138802	-0.28632560770515136
ENSG00000170892	-0.2863364230591381
ENSG00000117133	-0.2863455256956172
ENSG00000225361	-0.2863502423204922
ENSG00000186132	-0.28635853038310777
ENSG00000141665	-0.28639574236148724
ENSG00000128708	-0.286417400108833
ENSG00000187266	-0.2864336698455838
ENSG00000225968	-0.2864823437217441
ENSG00000136378	-0.28650235200802565
ENSG00000260285	-0.2865444654299978
ENSG00000188033	-0.2865796545972181
ENSG00000100852	-0.2866128870221548
ENSG00000116954	-0.2866706428968745
ENSG00000253729	-0.2867827288250856
ENSG00000006377	-0.28683473787812663
ENSG00000228237	-0.28684777029133035
ENSG00000112039	-0.2868752641124661
ENSG00000260581	-0.2868783517829002
ENSG00000081386	-0.28689373253967565
ENSG00000169118	-0.28689951682618176
ENSG00000117543	-0.2869484827633275
ENSG00000234956	-0.28696273800380545
ENSG00000152223	-0.28700434861211344
ENSG00000196096	-0.28701523386232686
ENSG00000148690	-0.28704710140375955
ENSG00000103942	-0.287051615102625
ENSG00000261799	-0.2870628041922162
ENSG00000092108	-0.28709174298986795
ENSG00000206418	-0.28709767846539214
ENSG00000263011	-0.28711269541109996
ENSG00000171150	-0.2871144756986854
ENSG00000271811	-0.2871158265679764
ENSG00000213928	-0.2871186985055245
ENSG00000162927	-0.28715586772814605
ENSG00000125998	-0.2872316157244664
ENSG00000147804	-0.2872393008313654
ENSG00000067601	-0.2872411540382731
ENSG00000083844	-0.2872435509639264
ENSG00000105379	-0.2873095267138166
ENSG00000258548	-0.2873887964264137
ENSG00000075131	-0.2874379784481891
ENSG00000059573	-0.28746266003859144
ENSG00000106013	-0.2874709806024359
ENSG00000197249	-0.28750893284090073
ENSG00000176435	-0.28751172382403234
ENSG00000226387	-0.28754148084179243
ENSG00000225234	-0.2875496296030825
ENSG00000272831	-0.28755444869116364
ENSG00000003249	-0.287587500129047
ENSG00000181800	-0.2876247119371659
ENSG00000196502	-0.2876311367601576
ENSG00000162512	-0.2876427847726236
ENSG00000267632	-0.28765253400635826
ENSG00000111077	-0.28765410581280426
ENSG00000213096	-0.28765624661031275
ENSG00000229719	-0.2876841628952478
ENSG00000160445	-0.2876890326377486
ENSG00000249818	-0.2877266715883009
ENSG00000132581	-0.2877533325978041
ENSG00000261542	-0.2877767882033029
ENSG00000266248	-0.28787390101237464
ENSG00000265356	-0.28788789061535935
ENSG00000196353	-0.287915813608021
ENSG00000205808	-0.2879332536926832
ENSG00000158717	-0.287979673242848
ENSG00000235618	-0.28798904900579314
ENSG00000186148	-0.28798987188435266
ENSG00000188738	-0.28800607456859584
ENSG00000176973	-0.2880205234747327
ENSG00000075651	-0.28802899072835975
ENSG00000237576	-0.2881008302173711
ENSG00000069966	-0.28810246410759444
ENSG00000261098	-0.2881167029708821
ENSG00000187634	-0.2881180732542675
ENSG00000258256	-0.28814763816951316
ENSG00000163848	-0.2881575492368148
ENSG00000148835	-0.28816722077066736
ENSG00000254615	-0.2881742165364073
ENSG00000226699	-0.288174512055109
ENSG00000115232	-0.2881911806952172
ENSG00000197958	-0.2882072897682557
ENSG00000229081	-0.2882213892718455
ENSG00000162191	-0.2882331050873852
ENSG00000244161	-0.28827777931334253
ENSG00000010539	-0.2882863428404915
ENSG00000184937	-0.2883000199210406
ENSG00000129493	-0.28830587981107136
ENSG00000240230	-0.28832170938681667
ENSG00000249487	-0.2883480666454876
ENSG00000245711	-0.2883788051493946
ENSG00000165125	-0.28839637942346497
ENSG00000183476	-0.28840762987669877
ENSG00000109062	-0.2884133982251801
ENSG00000258809	-0.2884212639929692
ENSG00000206113	-0.28860473285192667
ENSG00000248676	-0.2886239833850055
ENSG00000092010	-0.28863466355282585
ENSG00000173421	-0.288646039776578
ENSG00000196152	-0.2886838781442821
ENSG00000149480	-0.2887095804499885
ENSG00000165792	-0.2887236089459523
ENSG00000105376	-0.2887627006056479
ENSG00000271856	-0.28877454014082093
ENSG00000233293	-0.28880477010379035
ENSG00000088256	-0.2888372061121799
ENSG00000174429	-0.28888281974514196
ENSG00000114529	-0.2889598096345273
ENSG00000170464	-0.28899481963760965
ENSG00000230945	-0.289003447074778
ENSG00000141543	-0.2890510240733706
ENSG00000251169	-0.2890961257305593
ENSG00000131652	-0.2891021668415301
ENSG00000055955	-0.28912670411706365
ENSG00000114631	-0.28913038033028826
ENSG00000204791	-0.2891367251290685
ENSG00000117620	-0.2891474366181329
ENSG00000225518	-0.28915933464387
ENSG00000235437	-0.28916594120715244
ENSG00000146809	-0.2892232700669588
ENSG00000137824	-0.2892839277935977
ENSG00000111845	-0.28931028394957536
ENSG00000262165	-0.28936330912627073
ENSG00000044574	-0.2893640912424863
ENSG00000232080	-0.2894076871664025
ENSG00000111361	-0.2894680092885227
ENSG00000085231	-0.28947087839683494
ENSG00000166401	-0.289484992225021
ENSG00000144713	-0.2895281116179813
ENSG00000135924	-0.289549088327379
ENSG00000111276	-0.28955921369846793
ENSG00000145331	-0.28959641248588575
ENSG00000002549	-0.2896206346480603
ENSG00000164252	-0.2896682709059222
ENSG00000005156	-0.2897210392715486
ENSG00000188542	-0.2897350228081693
ENSG00000180354	-0.28978040701000773
ENSG00000225498	-0.2898085573523911
ENSG00000069482	-0.28989200350007716
ENSG00000104901	-0.28989679923590794
ENSG00000081721	-0.2899065796192354
ENSG00000124767	-0.28994864833313094
ENSG00000179832	-0.2900218222963242
ENSG00000067167	-0.2900785617839352
ENSG00000109113	-0.2900821000068393
ENSG00000203737	-0.290248174255043
ENSG00000240288	-0.29026994721042554
ENSG00000159307	-0.2902803445284253
ENSG00000234860	-0.29032644203665126
ENSG00000137193	-0.2903281971511643
ENSG00000258178	-0.2903655126009448
ENSG00000225663	-0.2903674049877265
ENSG00000132205	-0.2904026461923569
ENSG00000149489	-0.290461608368179
ENSG00000143013	-0.2904712733911333
ENSG00000259708	-0.2904819494405636
ENSG00000213931	-0.2904843637054233
ENSG00000152782	-0.29053108865597976
ENSG00000162620	-0.2905783543700896
ENSG00000229154	-0.29059609624024685
ENSG00000253719	-0.29062465949288807
ENSG00000118412	-0.29062541953575194
ENSG00000248092	-0.2906397930063198
ENSG00000245970	-0.29075757677262126
ENSG00000248740	-0.29076032892918724
ENSG00000269559	-0.29077782217487036
ENSG00000244558	-0.29078643944718296
ENSG00000175592	-0.29078907161315326
ENSG00000170085	-0.2908010303097147
ENSG00000215421	-0.29085767341878577
ENSG00000253479	-0.2909038599570679
ENSG00000134717	-0.2909156617337313
ENSG00000254960	-0.29093400657767576
ENSG00000120137	-0.2909882019223988
ENSG00000164823	-0.29098883824027777
ENSG00000207955	-0.29101265067512394
ENSG00000166128	-0.291082779876345
ENSG00000056736	-0.29110883959440925
ENSG00000167065	-0.29114077900637925
ENSG00000058673	-0.29115465497314064
ENSG00000101391	-0.2911548984148852
ENSG00000272182	-0.2911823612444925
ENSG00000088247	-0.2912843536355739
ENSG00000003147	-0.29132339499900806
ENSG00000253666	-0.29136187317080364
ENSG00000254814	-0.29137894006346043
ENSG00000102802	-0.29139501034885096
ENSG00000238164	-0.29141242704340153
ENSG00000159885	-0.29142959847409
ENSG00000205356	-0.29146847762983097
ENSG00000119537	-0.2914946623265464
ENSG00000271649	-0.2915234074068267
ENSG00000240877	-0.29162034897092093
ENSG00000138639	-0.2916536526685126
ENSG00000247317	-0.2916640834619195
ENSG00000124299	-0.2917456443965625
ENSG00000137720	-0.29177334322671267
ENSG00000170948	-0.29177638763960445
ENSG00000172543	-0.2918020236921568
ENSG00000160094	-0.2918591116046172
ENSG00000255733	-0.29192709316148624
ENSG00000120053	-0.2919734638439808
ENSG00000273254	-0.2919968317508198
ENSG00000015532	-0.2919979696829851
ENSG00000113318	-0.292021897191991
ENSG00000143199	-0.2920461599183364
ENSG00000164649	-0.29208397137778064
ENSG00000134597	-0.29211865077714705
ENSG00000198553	-0.2921495252304219
ENSG00000179431	-0.2921543948301566
ENSG00000184432	-0.2923142767047525
ENSG00000143537	-0.29236682750892173
ENSG00000145708	-0.29237656966865433
ENSG00000055950	-0.29238625219526215
ENSG00000100519	-0.2924296487963778
ENSG00000236426	-0.29244552085762643
ENSG00000231704	-0.2924652576994773
ENSG00000227477	-0.292521240487397
ENSG00000226063	-0.29254806137555744
ENSG00000141738	-0.29255649895505176
ENSG00000133124	-0.29260926887445116
ENSG00000234707	-0.29267203842759537
ENSG00000006453	-0.29274885988810473
ENSG00000112855	-0.2927501101434411
ENSG00000164168	-0.2927503366376726
ENSG00000178919	-0.2927854048210222
ENSG00000258199	-0.29278824517183555
ENSG00000149091	-0.2929126643544291
ENSG00000137275	-0.29293112136513966
ENSG00000214367	-0.2929369384622692
ENSG00000136824	-0.2929722571240837
ENSG00000213281	-0.2930516202019081
ENSG00000197860	-0.2930763398916707
ENSG00000250909	-0.2930821147021123
ENSG00000138757	-0.2931090240438343
ENSG00000181704	-0.29313906148082247
ENSG00000168028	-0.2932024453004841
ENSG00000118596	-0.293241343953209
ENSG00000186591	-0.29325289377390984
ENSG00000228474	-0.2932941400478919
ENSG00000133874	-0.29331445773589737
ENSG00000259446	-0.2933456525706091
ENSG00000173786	-0.2933472793672818
ENSG00000178966	-0.2933607844609346
ENSG00000250692	-0.29345081449573973
ENSG00000229647	-0.29351945153740766
ENSG00000173239	-0.29357588735451334
ENSG00000079263	-0.2935990123179789
ENSG00000228623	-0.2936001562816055
ENSG00000250508	-0.29362329961160394
ENSG00000162929	-0.29363565710699535
ENSG00000101558	-0.29363715790433553
ENSG00000234336	-0.29366091749754075
ENSG00000014919	-0.2936736427604436
ENSG00000137942	-0.2936820864174905
ENSG00000120160	-0.29370792452772276
ENSG00000182899	-0.2937605050648193
ENSG00000214814	-0.2937674703805211
ENSG00000167759	-0.29377250728205306
ENSG00000136197	-0.2938302757204524
ENSG00000170074	-0.2938502472446388
ENSG00000106034	-0.2938727922649135
ENSG00000140416	-0.2939832586517661
ENSG00000249621	-0.29400930060805486
ENSG00000260266	-0.2940223200958755
ENSG00000160392	-0.2940350219707103
ENSG00000070526	-0.2940925280071959
ENSG00000237767	-0.29412498995821545
ENSG00000124772	-0.2941385703606473
ENSG00000106571	-0.2941394013065648
ENSG00000266980	-0.29414207317183383
ENSG00000272444	-0.2941752898438299
ENSG00000148358	-0.29420661476152143
ENSG00000227196	-0.2944089854569293
ENSG00000108219	-0.2944321894788172
ENSG00000111269	-0.29445748946180483
ENSG00000147383	-0.29450754476789176
ENSG00000160972	-0.294538296347287
ENSG00000119917	-0.2945460898489536
ENSG00000198478	-0.2945596351825449
ENSG00000106537	-0.29458039953513504
ENSG00000162004	-0.29460265528283847
ENSG00000171385	-0.2946027474531093
ENSG00000123728	-0.2946331877976044
ENSG00000265399	-0.29471777253018305
ENSG00000266014	-0.2947763661181778
ENSG00000250250	-0.2948251878181145
ENSG00000082074	-0.294913323237204
ENSG00000261687	-0.2949198749880283
ENSG00000175602	-0.2949343238397897
ENSG00000141446	-0.2949704242335641
ENSG00000112294	-0.2949707384888507
ENSG00000112651	-0.2949802595880263
ENSG00000257242	-0.29502415190773423
ENSG00000203795	-0.29508990423156634
ENSG00000204610	-0.2950937793917776
ENSG00000166192	-0.2950949246657507
ENSG00000246922	-0.2950984453839266
ENSG00000025800	-0.29511285507998064
ENSG00000143653	-0.2951455008539525
ENSG00000256294	-0.29518829769765553
ENSG00000119862	-0.2952259872498698
ENSG00000172466	-0.29527987820972035
ENSG00000168803	-0.295300295145846
ENSG00000260604	-0.2953213550772602
ENSG00000159625	-0.2953640873248017
ENSG00000205057	-0.2953947935989616
ENSG00000226571	-0.295404080319287
ENSG00000177239	-0.2954075341911181
ENSG00000136819	-0.2954263130410001
ENSG00000136518	-0.2954342633836893
ENSG00000203950	-0.29543881249695725
ENSG00000163807	-0.2954829865747347
ENSG00000198399	-0.29549602795512964
ENSG00000223461	-0.29554545122348574
ENSG00000232533	-0.2955585262149607
ENSG00000272223	-0.2955587339697884
ENSG00000088808	-0.29557961548560585
ENSG00000260549	-0.2955936705528244
ENSG00000163297	-0.29562105606847544
ENSG00000180834	-0.29562931203249754
ENSG00000201302	-0.2956713361526677
ENSG00000271643	-0.2957297832843844
ENSG00000249082	-0.2958164610527778
ENSG00000008300	-0.2958423194663993
ENSG00000273218	-0.2958684376086127
ENSG00000165512	-0.2959085397562391
ENSG00000181778	-0.2959250848954351
ENSG00000273032	-0.29592896999199314
ENSG00000152086	-0.29595549090795736
ENSG00000240520	-0.296006350813671
ENSG00000185504	-0.29601568552651425
ENSG00000076258	-0.2960182836601205
ENSG00000205312	-0.2960437723918663
ENSG00000179387	-0.2960657073676418
ENSG00000213337	-0.29613571892648893
ENSG00000115307	-0.2961525690549974
ENSG00000245025	-0.2961600926557423
ENSG00000116815	-0.2961693497019179
ENSG00000078246	-0.2961707682464849
ENSG00000077684	-0.2961997772095445
ENSG00000164736	-0.29624525945427815
ENSG00000145555	-0.29625166864326946
ENSG00000205981	-0.2963219369761907
ENSG00000176402	-0.29632955864983057
ENSG00000005249	-0.29634710864787994
ENSG00000273443	-0.2963574699397419
ENSG00000198538	-0.29641396628924266
ENSG00000178199	-0.2965462812764542
ENSG00000164778	-0.2965527608053605
ENSG00000085274	-0.2965547306657016
ENSG00000214686	-0.29655845613018483
ENSG00000011258	-0.29656142554054477
ENSG00000188782	-0.2965630108994147
ENSG00000181577	-0.2966417044224843
ENSG00000231652	-0.29664999136327364
ENSG00000197385	-0.2966672191725239
ENSG00000111837	-0.2966674890962482
ENSG00000137821	-0.29669852561643584
ENSG00000174945	-0.2967737129988073
ENSG00000132631	-0.29678463198138516
ENSG00000179774	-0.2967909196413955
ENSG00000231563	-0.296824873786219
ENSG00000000971	-0.2968803948549674
ENSG00000183597	-0.2969125233067288
ENSG00000182903	-0.29693604370090554
ENSG00000202078	-0.29693933947953177
ENSG00000071537	-0.29696210328330663
ENSG00000149485	-0.29702738767677495
ENSG00000153774	-0.2970413975384337
ENSG00000260268	-0.2970531095717598
ENSG00000270030	-0.2970703699717824
ENSG00000240322	-0.29709273342944365
ENSG00000222375	-0.29709644939659674
ENSG00000117114	-0.2971704652057767
ENSG00000153956	-0.2972016502170106
ENSG00000185495	-0.29720828402040345
ENSG00000229056	-0.2972189888506177
ENSG00000260838	-0.2972765468773204
ENSG00000138964	-0.2972768023285616
ENSG00000273219	-0.29730617287126015
ENSG00000016082	-0.2973063227073335
ENSG00000153822	-0.29734516743837425
ENSG00000175832	-0.29735580092194747
ENSG00000125449	-0.2973688016770394
ENSG00000157985	-0.2973830797074475
ENSG00000259644	-0.2974468259770572
ENSG00000224700	-0.2974743243699062
ENSG00000243018	-0.2975141606997098
ENSG00000241336	-0.29758809972481803
ENSG00000188636	-0.297597023444538
ENSG00000168303	-0.2976047378072757
ENSG00000257259	-0.29760579300179624
ENSG00000138663	-0.2976704716196066
ENSG00000107290	-0.29767642585283793
ENSG00000137460	-0.2976772854316524
ENSG00000196368	-0.2976946622980713
ENSG00000197530	-0.2977007056161374
ENSG00000171345	-0.2977055769600737
ENSG00000217555	-0.29776121040450987
ENSG00000047849	-0.29777936646075875
ENSG00000125898	-0.29779525713335664
ENSG00000102081	-0.2977962283141302
ENSG00000268366	-0.2977974671439706
ENSG00000177807	-0.2978012192175937
ENSG00000188803	-0.2978154868597336
ENSG00000172425	-0.29786821774106986
ENSG00000239395	-0.29790550398183513
ENSG00000174788	-0.29791767814397796
ENSG00000106086	-0.29793284230167527
ENSG00000252743	-0.29795236565165084
ENSG00000167112	-0.29796191980420117
ENSG00000260966	-0.2980292211164012
ENSG00000203880	-0.298030445346798
ENSG00000134375	-0.2980328901211202
ENSG00000136059	-0.2980972565431491
ENSG00000188938	-0.29809922118902776
ENSG00000259650	-0.2981025092645936
ENSG00000012504	-0.2981915906367101
ENSG00000173852	-0.29820759251202344
ENSG00000142025	-0.29823325968001646
ENSG00000149792	-0.2983069270615851
ENSG00000104369	-0.29837173302235354
ENSG00000259345	-0.2983779796499896
ENSG00000106123	-0.29840361382841474
ENSG00000136527	-0.2984991977222571
ENSG00000256667	-0.2985025632989323
ENSG00000175489	-0.2985257177063958
ENSG00000136244	-0.29856267105304113
ENSG00000112655	-0.2985711110467889
ENSG00000092621	-0.2985775875349267
ENSG00000153982	-0.2986892347392692
ENSG00000183072	-0.2987102115322854
ENSG00000235989	-0.29871685226366484
ENSG00000107669	-0.2987940164766594
ENSG00000185651	-0.29881368064981606
ENSG00000139610	-0.2988188805177995
ENSG00000198920	-0.2988477779751594
ENSG00000162144	-0.2988525577098724
ENSG00000256362	-0.29887789849631385
ENSG00000165156	-0.29887921174164944
ENSG00000176894	-0.29888804280718917
ENSG00000167748	-0.29888819608765904
ENSG00000180209	-0.29891579517279543
ENSG00000221955	-0.2989762250078596
ENSG00000146112	-0.29897875452798095
ENSG00000217258	-0.2990095547899878
ENSG00000001461	-0.2990127903773996
ENSG00000272186	-0.299020387700616
ENSG00000132780	-0.2990671506157069
ENSG00000224020	-0.2990728773009145
ENSG00000182185	-0.2990830171825044
ENSG00000171827	-0.2991185226269131
ENSG00000110080	-0.2991309437205718
ENSG00000247735	-0.29917541584892127
ENSG00000160691	-0.2992088149773603
ENSG00000180818	-0.29922823256381714
ENSG00000171843	-0.2992313879590619
ENSG00000258048	-0.29925496194261536
ENSG00000044090	-0.29926579984434554
ENSG00000196092	-0.2992894126217883
ENSG00000229953	-0.2993336071392094
ENSG00000095002	-0.2993478373673605
ENSG00000254921	-0.29945970988785675
ENSG00000145882	-0.29946840046610934
ENSG00000236404	-0.29949737887483585
ENSG00000113240	-0.29951160029495516
ENSG00000169372	-0.2995614140754719
ENSG00000008277	-0.2995791686531052
ENSG00000267481	-0.2996075633307771
ENSG00000259118	-0.2997343000505741
ENSG00000239040	-0.2997436272679449
ENSG00000161010	-0.29976077139244395
ENSG00000196387	-0.29977689385174633
ENSG00000105497	-0.29977695761832457
ENSG00000247809	-0.2997990219716845
ENSG00000136631	-0.299818396139224
ENSG00000102104	-0.2998265464953752
ENSG00000144357	-0.29985669072998533
ENSG00000229437	-0.2998719172242673
ENSG00000257155	-0.29989219346106244
ENSG00000186187	-0.29991560176724796
ENSG00000268543	-0.3000408648976667
ENSG00000171867	-0.3000517775755195
ENSG00000077454	-0.30007341531271625
ENSG00000258177	-0.30008200000215346
ENSG00000178257	-0.30009196465140087
ENSG00000177938	-0.30009249343764377
ENSG00000133703	-0.30009666621318554
ENSG00000269908	-0.3001115898367416
ENSG00000115977	-0.300116766582878
ENSG00000155897	-0.30014123261624936
ENSG00000109180	-0.3001440215484654
ENSG00000083817	-0.30015221261482894
ENSG00000179546	-0.30022815954065785
ENSG00000222398	-0.300258829217369
ENSG00000175550	-0.3002852559803163
ENSG00000149054	-0.3002888922804364
ENSG00000273454	-0.3002901251561806
ENSG00000038295	-0.3003052184204348
ENSG00000227869	-0.30032238140862777
ENSG00000086232	-0.3003247704374693
ENSG00000174016	-0.3004132117252596
ENSG00000197355	-0.3004244958959583
ENSG00000136930	-0.30046867619399387
ENSG00000225209	-0.30047524346892573
ENSG00000255320	-0.30054515738396304
ENSG00000235513	-0.3006122167870039
ENSG00000226321	-0.3006245647147684
ENSG00000241886	-0.3006290674002602
ENSG00000181061	-0.3006502344984322
ENSG00000235880	-0.3006689949098975
ENSG00000197579	-0.30069273439564337
ENSG00000106479	-0.3007182345988674
ENSG00000099834	-0.30075102733928205
ENSG00000105374	-0.3007542518763261
ENSG00000171956	-0.30075827600648364
ENSG00000105173	-0.3008018783311496
ENSG00000196418	-0.30080997664853726
ENSG00000150779	-0.3008265014211301
ENSG00000072401	-0.30084600902842207
ENSG00000152904	-0.3008707559950572
ENSG00000252965	-0.30087909439330174
ENSG00000243015	-0.30091763858415466
ENSG00000170122	-0.30092339851570815
ENSG00000112130	-0.30092576935075865
ENSG00000135925	-0.3009478440644232
ENSG00000113595	-0.30098511634395175
ENSG00000147677	-0.30099083726338216
ENSG00000143158	-0.30102623003321494
ENSG00000134376	-0.30106763754923305
ENSG00000066248	-0.3010708687245781
ENSG00000181631	-0.30108133403247583
ENSG00000231856	-0.3010960990637225
ENSG00000178921	-0.3011507712507323
ENSG00000100522	-0.30119593230452957
ENSG00000169045	-0.3012479176465581
ENSG00000154639	-0.30124796576676294
ENSG00000172339	-0.30125440682837223
ENSG00000196547	-0.30127376600813227
ENSG00000234661	-0.3013033221931517
ENSG00000198668	-0.3013083328188224
ENSG00000259555	-0.3013543681508709
ENSG00000272922	-0.3014764318992197
ENSG00000139154	-0.30148050746165667
ENSG00000154914	-0.30149342804726365
ENSG00000237254	-0.3015771139446489
ENSG00000264125	-0.301601773338837
ENSG00000111647	-0.3016288659939319
ENSG00000258512	-0.30163595347058114
ENSG00000157388	-0.30168138448884585
ENSG00000136111	-0.3016907046031633
ENSG00000249690	-0.3016974357836224
ENSG00000159110	-0.3016982712395615
ENSG00000273305	-0.301698679617174
ENSG00000223773	-0.3017168062130897
ENSG00000235927	-0.301721206538729
ENSG00000130589	-0.3017488926720423
ENSG00000064787	-0.3017657500298354
ENSG00000205189	-0.30185683826519494
ENSG00000198851	-0.3019071831882387
ENSG00000125347	-0.3019203091777497
ENSG00000141646	-0.30193663482463373
ENSG00000250514	-0.3019469885925885
ENSG00000258181	-0.3019834207753692
ENSG00000175893	-0.3020531195197357
ENSG00000196711	-0.30205865875769344
ENSG00000238045	-0.30211948863251437
ENSG00000181284	-0.30214562225072594
ENSG00000028839	-0.3021668408997308
ENSG00000254363	-0.30216988801850075
ENSG00000006695	-0.30219353533327886
ENSG00000116127	-0.3022194651753881
ENSG00000239827	-0.3022685644043127
ENSG00000122644	-0.30228623685876965
ENSG00000236199	-0.3023329556303501
ENSG00000108826	-0.30234462809853624
ENSG00000182873	-0.30238738745470506
ENSG00000105366	-0.3024017951193455
ENSG00000142089	-0.3024129509431349
ENSG00000080910	-0.30241762365560787
ENSG00000243004	-0.30242895366349143
ENSG00000248682	-0.3024363331304992
ENSG00000162227	-0.30243835319340007
ENSG00000007541	-0.3024635330930794
ENSG00000131408	-0.30246928278623675
ENSG00000184719	-0.30249339721476565
ENSG00000197646	-0.3025114028326843
ENSG00000143374	-0.30252361943676864
ENSG00000272795	-0.302538501448505
ENSG00000186451	-0.30255815255117624
ENSG00000115008	-0.30256396587678425
ENSG00000239884	-0.30270835114214734
ENSG00000234281	-0.3027751909107842
ENSG00000224356	-0.3027956976688694
ENSG00000118322	-0.302797193531808
ENSG00000100591	-0.3028367648682446
ENSG00000144426	-0.3028887408162043
ENSG00000271743	-0.3029500803227484
ENSG00000116133	-0.30310403081063597
ENSG00000189292	-0.3031313944015669
ENSG00000188816	-0.30317346484970986
ENSG00000144893	-0.3031752395343925
ENSG00000230266	-0.30317667324003705
ENSG00000113194	-0.30325941381713195
ENSG00000066813	-0.30333811126818355
ENSG00000167566	-0.3034148392503614
ENSG00000175322	-0.30343491750669294
ENSG00000080822	-0.30345007726696394
ENSG00000271795	-0.30354764256990097
ENSG00000271742	-0.3035582798992982
ENSG00000119185	-0.3035877864438692
ENSG00000165555	-0.3035899721808796
ENSG00000236559	-0.3036538679586417
ENSG00000201919	-0.30367356439616033
ENSG00000204659	-0.30368366935280444
ENSG00000140832	-0.30370162147044577
ENSG00000138381	-0.3037024222408008
ENSG00000005302	-0.3037066813979842
ENSG00000160193	-0.30370906260674324
ENSG00000181104	-0.3037565586078985
ENSG00000243224	-0.3038043854329543
ENSG00000186439	-0.303832461880295
ENSG00000261068	-0.30387413458513013
ENSG00000171161	-0.3038824103076334
ENSG00000224251	-0.3039170781772834
ENSG00000173198	-0.303960114873992
ENSG00000206344	-0.30402612028494413
ENSG00000178163	-0.30408182147683605
ENSG00000133138	-0.30408650181120334
ENSG00000113205	-0.30411439161282017
ENSG00000171469	-0.3041469458104502
ENSG00000067191	-0.30417070927656564
ENSG00000186635	-0.30428626256830316
ENSG00000265943	-0.3042997511632841
ENSG00000101460	-0.30431953407818113
ENSG00000102837	-0.30435098993788157
ENSG00000258026	-0.30437486260911395
ENSG00000106328	-0.30438524468826034
ENSG00000260265	-0.30443131163620296
ENSG00000179066	-0.30443517736924597
ENSG00000246363	-0.30447698510091914
ENSG00000068615	-0.3044924088963129
ENSG00000182362	-0.3045052189916827
ENSG00000132963	-0.3045205247806603
ENSG00000107798	-0.30457150285289936
ENSG00000174748	-0.3045732430803886
ENSG00000106609	-0.30457460609100284
ENSG00000246022	-0.30460736817274026
ENSG00000177182	-0.30465138665923497
ENSG00000175707	-0.3046981449566035
ENSG00000177788	-0.30469987120721564
ENSG00000197728	-0.3047131260942535
ENSG00000114956	-0.3047500165974045
ENSG00000198400	-0.30475991792356927
ENSG00000176531	-0.30476654658920965
ENSG00000116717	-0.30478219486268143
ENSG00000006607	-0.30478471368559146
ENSG00000104371	-0.3049074465438112
ENSG00000109743	-0.30495881580359363
ENSG00000169967	-0.3049839020259225
ENSG00000163132	-0.3050149684740041
ENSG00000166068	-0.3050230049328496
ENSG00000273243	-0.3050685698879413
ENSG00000164442	-0.30508674623683274
ENSG00000269054	-0.3051046864987539
ENSG00000112038	-0.3051120687449288
ENSG00000069248	-0.30511417839206967
ENSG00000204227	-0.30514995430478
ENSG00000229539	-0.3051526770354369
ENSG00000135521	-0.3052242569567929
ENSG00000251599	-0.3052337942827986
ENSG00000136104	-0.30523530988796055
ENSG00000162924	-0.3052440933960989
ENSG00000105538	-0.30526886454065083
ENSG00000099251	-0.3053321983302999
ENSG00000229528	-0.30534671070037545
ENSG00000138050	-0.3053725234269037
ENSG00000114316	-0.3054135963780632
ENSG00000251273	-0.30541467628561036
ENSG00000238340	-0.3054769285040033
ENSG00000232682	-0.30547711278453327
ENSG00000008952	-0.30548023394166723
ENSG00000115365	-0.3054886455570548
ENSG00000023697	-0.3055061457558548
ENSG00000223508	-0.30551089853597846
ENSG00000254343	-0.3055856170950335
ENSG00000130717	-0.3055976945631934
ENSG00000223797	-0.3056407663530285
ENSG00000127191	-0.30564555782281966
ENSG00000084652	-0.30567565684753306
ENSG00000169059	-0.30567927834258724
ENSG00000224854	-0.3057041280495899
ENSG00000112701	-0.30571905669440036
ENSG00000255237	-0.30578616604337816
ENSG00000184650	-0.3057998449383803
ENSG00000130544	-0.3058302757617082
ENSG00000163694	-0.30583107290122813
ENSG00000258472	-0.30583275028596646
ENSG00000262814	-0.305846797873646
ENSG00000116793	-0.30586965947893896
ENSG00000112167	-0.3058920272980997
ENSG00000253250	-0.3059141081362564
ENSG00000228661	-0.30592211746452813
ENSG00000121864	-0.3059238497906961
ENSG00000112053	-0.30592726057906394
ENSG00000185261	-0.3059320192542886
ENSG00000231128	-0.30597686460593165
ENSG00000078018	-0.3059770367863599
ENSG00000134042	-0.3060014332523131
ENSG00000157426	-0.30606699049388864
ENSG00000135392	-0.30607572479901113
ENSG00000153551	-0.3060884769938804
ENSG00000163590	-0.30610647401556756
ENSG00000156925	-0.30611738624891194
ENSG00000182489	-0.3061674309456921
ENSG00000251474	-0.3061793776940376
ENSG00000132842	-0.30618801274185237
ENSG00000261141	-0.30619929111122335
ENSG00000078098	-0.30621886304220947
ENSG00000184047	-0.30623917111945176
ENSG00000236678	-0.3062407466640058
ENSG00000121853	-0.306249936803622
ENSG00000109689	-0.3062649216730178
ENSG00000226088	-0.3062732166627685
ENSG00000215612	-0.30634163199430664
ENSG00000054219	-0.30637205348319085
ENSG00000143106	-0.30637470003948364
ENSG00000168259	-0.30641532016627004
ENSG00000148187	-0.30642134716971525
ENSG00000184345	-0.3064357955492417
ENSG00000196172	-0.3064672452524818
ENSG00000126522	-0.3064909549432484
ENSG00000223547	-0.306541300654956
ENSG00000163444	-0.30662290482877463
ENSG00000265810	-0.30669202376492055
ENSG00000169981	-0.3067007810837812
ENSG00000196267	-0.3067539969616542
ENSG00000203684	-0.30687109489685327
ENSG00000065621	-0.30692489121014854
ENSG00000204348	-0.30692946723911785
ENSG00000185532	-0.30701146246641386
ENSG00000213145	-0.3070139230714004
ENSG00000261662	-0.3070296680955934
ENSG00000152484	-0.30705783501891526
ENSG00000273247	-0.3070923502352364
ENSG00000160867	-0.3071210955915019
ENSG00000234710	-0.3071595547894367
ENSG00000153989	-0.30718012881710055
ENSG00000119616	-0.3072369286664627
ENSG00000129128	-0.30726253423792227
ENSG00000228224	-0.3072740037338072
ENSG00000102021	-0.30730195638806335
ENSG00000184459	-0.3073030768630449
ENSG00000074935	-0.30732624636431827
ENSG00000248115	-0.3073365018641705
ENSG00000171552	-0.30733906127179356
ENSG00000271590	-0.3073428315359733
ENSG00000211460	-0.30735211424322273
ENSG00000143434	-0.30739501213002896
ENSG00000174255	-0.3073968387455982
ENSG00000116096	-0.30742924031138574
ENSG00000186792	-0.3074751862461006
ENSG00000167286	-0.3074833419651666
ENSG00000156508	-0.30755377251334526
ENSG00000259881	-0.30755750631743606
ENSG00000143390	-0.3075916363348221
ENSG00000248636	-0.3077048243068923
ENSG00000005001	-0.3077111667349456
ENSG00000255395	-0.3077729042016749
ENSG00000216621	-0.307779532514767
ENSG00000059122	-0.30786271116489927
ENSG00000137806	-0.3079021791743155
ENSG00000166833	-0.3079223358890778
ENSG00000175106	-0.3079348319910721
ENSG00000231748	-0.3079631733196182
ENSG00000271730	-0.3079784508900807
ENSG00000170296	-0.3081629566755235
ENSG00000188596	-0.308207859303808
ENSG00000119801	-0.3082203027339995
ENSG00000006747	-0.3082466479856988
ENSG00000265490	-0.30825797887205875
ENSG00000271947	-0.3083088984546509
ENSG00000105894	-0.3083999929446156
ENSG00000130158	-0.30848957773042984
ENSG00000183397	-0.3085073157669752
ENSG00000138750	-0.3085083370741222
ENSG00000156475	-0.30852044104682885
ENSG00000201403	-0.30852662658592955
ENSG00000205771	-0.3085377156907281
ENSG00000109911	-0.30862442337951224
ENSG00000100104	-0.30868088560865725
ENSG00000172345	-0.30869874736727987
ENSG00000226519	-0.3087141077099246
ENSG00000165209	-0.30876789627734147
ENSG00000047648	-0.30883091836388
ENSG00000163659	-0.3088428038661103
ENSG00000112306	-0.3088451462154356
ENSG00000239332	-0.3088590515640862
ENSG00000019991	-0.3089040150515716
ENSG00000253199	-0.3089097981332819
ENSG00000140254	-0.3089358213205001
ENSG00000230492	-0.30896165225526595
ENSG00000239494	-0.3089640619347266
ENSG00000152942	-0.3090117480127762
ENSG00000241945	-0.3091285516274881
ENSG00000124469	-0.3091303471379637
ENSG00000156395	-0.30913476434377607
ENSG00000196422	-0.30915697476055015
ENSG00000172987	-0.3091864815578266
ENSG00000112062	-0.3092287176177645
ENSG00000211644	-0.30924503766269396
ENSG00000227953	-0.3092558534323133
ENSG00000100442	-0.30925936953837796
ENSG00000027075	-0.3092870006670668
ENSG00000177133	-0.3092870337539534
ENSG00000125434	-0.3093487328620216
ENSG00000213341	-0.3093642351719865
ENSG00000166188	-0.3093747808983538
ENSG00000228800	-0.30941025363963026
ENSG00000163016	-0.30942145661917764
ENSG00000260788	-0.3094422016610415
ENSG00000197019	-0.30945976432010425
ENSG00000243646	-0.3094651603094175
ENSG00000105865	-0.3094989359113627
ENSG00000250026	-0.309539429666962
ENSG00000234817	-0.30959773472522756
ENSG00000259959	-0.3096289553588417
ENSG00000183479	-0.3096298996259864
ENSG00000203799	-0.3096862437866288
ENSG00000100505	-0.30973866454836274
ENSG00000254511	-0.30974208099682365
ENSG00000264937	-0.3097491933111338
ENSG00000178913	-0.3098424838921442
ENSG00000229178	-0.30987597952098545
ENSG00000105383	-0.30987745766012653
ENSG00000125967	-0.3098890037940334
ENSG00000227671	-0.3099334800947363
ENSG00000088320	-0.3099503336428232
ENSG00000164713	-0.3100557949948439
ENSG00000113441	-0.3100704449975229
ENSG00000113048	-0.31007379812177227
ENSG00000138378	-0.31009185268286343
ENSG00000071967	-0.31012965722565866
ENSG00000228504	-0.3101966095816743
ENSG00000262521	-0.3101981843142323
ENSG00000079257	-0.31027763508953954
ENSG00000196670	-0.31028670770890865
ENSG00000245750	-0.3103012839098709
ENSG00000149531	-0.3103603529018578
ENSG00000180336	-0.310395645568864
ENSG00000241014	-0.3104109282005513
ENSG00000254842	-0.31042679034010334
ENSG00000261857	-0.310442611342043
ENSG00000120686	-0.3104712098286372
ENSG00000138231	-0.31048358405669296
ENSG00000007866	-0.3105002804296646
ENSG00000107187	-0.31050830221902537
ENSG00000174501	-0.31051428048882435
ENSG00000231138	-0.31054332528334727
ENSG00000144355	-0.3105697269194584
ENSG00000256292	-0.310585452316263
ENSG00000259088	-0.3106140305192423
ENSG00000198168	-0.3106461402321783
ENSG00000144848	-0.3106726086663204
ENSG00000120159	-0.31069837484117846
ENSG00000231969	-0.3107517385277824
ENSG00000174990	-0.3108105533530451
ENSG00000188739	-0.31081395652886423
ENSG00000037749	-0.3108372445151535
ENSG00000163435	-0.31087598803417404
ENSG00000166152	-0.31089926188488204
ENSG00000071655	-0.3109193123203323
ENSG00000100596	-0.31095508956976814
ENSG00000255298	-0.3109973529671487
ENSG00000266433	-0.31101210943627944
ENSG00000204619	-0.3110204331093728
ENSG00000249166	-0.3110579299339197
ENSG00000172366	-0.31106561664875887
ENSG00000142513	-0.31109937333669424
ENSG00000229807	-0.31111436206716525
ENSG00000270062	-0.31113641984495566
ENSG00000175084	-0.3111794852507068
ENSG00000141424	-0.3111881095901037
ENSG00000224848	-0.3112028459305103
ENSG00000146426	-0.3112115754437893
ENSG00000245468	-0.3112624883857993
ENSG00000232934	-0.3113066453819443
ENSG00000116685	-0.31134223177426223
ENSG00000198373	-0.3113748130530568
ENSG00000176834	-0.3114247443769975
ENSG00000168005	-0.3114413550787144
ENSG00000113272	-0.31144992414390293
ENSG00000131910	-0.31146401174330374
ENSG00000224076	-0.31149404192115193
ENSG00000131051	-0.31151174878440324
ENSG00000170458	-0.3115205164624977
ENSG00000237479	-0.3115259309979532
ENSG00000101335	-0.31154799941311284
ENSG00000236540	-0.3115679798293509
ENSG00000227486	-0.31162961414736
ENSG00000067177	-0.3116470765452857
ENSG00000196935	-0.3116765708054893
ENSG00000109089	-0.3116987715880316
ENSG00000030110	-0.31170214545839736
ENSG00000104957	-0.31170644288800964
ENSG00000185610	-0.3117480256081253
ENSG00000183666	-0.3117548569243189
ENSG00000272108	-0.3117649760660305
ENSG00000234405	-0.31183225389635816
ENSG00000196705	-0.31199072814921847
ENSG00000149131	-0.3120175367528881
ENSG00000184164	-0.3120344808580654
ENSG00000106261	-0.3120363035686552
ENSG00000186654	-0.3120428442024864
ENSG00000128917	-0.3120431537802676
ENSG00000158122	-0.31208191637013427
ENSG00000188672	-0.31213337034559396
ENSG00000144744	-0.31218439266997355
ENSG00000120889	-0.3122038522653813
ENSG00000214941	-0.31222460964446896
ENSG00000103495	-0.31230538009703757
ENSG00000089157	-0.31231971497632893
ENSG00000128585	-0.3124002366927786
ENSG00000140612	-0.3124167661378806
ENSG00000113721	-0.31242127864454916
ENSG00000113263	-0.31246484866812474
ENSG00000226476	-0.3124833225353649
ENSG00000244926	-0.312581483431271
ENSG00000095203	-0.312601219983748
ENSG00000067221	-0.3126464710674297
ENSG00000109991	-0.31265357053815823
ENSG00000113712	-0.3126638520381132
ENSG00000161981	-0.31267590085132446
ENSG00000164935	-0.312715975499282
ENSG00000101181	-0.3127696099845966
ENSG00000135218	-0.31278077774672464
ENSG00000172818	-0.3127916407964296
ENSG00000103248	-0.3128073407304741
ENSG00000187231	-0.3128190145891452
ENSG00000145283	-0.31285874289298754
ENSG00000171159	-0.31287574395877005
ENSG00000178502	-0.3128933207138902
ENSG00000225177	-0.3129659106854694
ENSG00000273014	-0.31297928562799415
ENSG00000240184	-0.31298805634436777
ENSG00000235091	-0.3129938589311966
ENSG00000203778	-0.3129957823715026
ENSG00000100351	-0.31302709438620546
ENSG00000196639	-0.3130271677212425
ENSG00000179119	-0.3130735115919723
ENSG00000066379	-0.31308210548400406
ENSG00000117758	-0.31312860965932754
ENSG00000147488	-0.31313000505402233
ENSG00000180929	-0.31313132388391485
ENSG00000110442	-0.3131344396815767
ENSG00000135776	-0.31318824689013225
ENSG00000198074	-0.313229117978859
ENSG00000131375	-0.3132869229520545
ENSG00000106105	-0.3132968777258237
ENSG00000236107	-0.31330921436843917
ENSG00000263220	-0.31336776456851045
ENSG00000247810	-0.31340092262797714
ENSG00000106304	-0.31340687899893893
ENSG00000234928	-0.31342073401353143
ENSG00000111670	-0.3134253755179759
ENSG00000169169	-0.31345722083199257
ENSG00000163159	-0.31350899152088463
ENSG00000260942	-0.3135293610683664
ENSG00000176108	-0.31357106380389943
ENSG00000106077	-0.3135782674490405
ENSG00000135336	-0.3135985480071892
ENSG00000130818	-0.3136009590154939
ENSG00000165288	-0.31363458116075293
ENSG00000198900	-0.31365791949273025
ENSG00000069275	-0.31374790056292023
ENSG00000188620	-0.313766500151207
ENSG00000225921	-0.3138036715965622
ENSG00000205629	-0.313851586238062
ENSG00000124831	-0.31392234764009785
ENSG00000166135	-0.3139866983332814
ENSG00000163781	-0.31399905051927046
ENSG00000108688	-0.3140011320440089
ENSG00000196083	-0.3140606412046415
ENSG00000267321	-0.3141131857629397
ENSG00000110911	-0.314123479878045
ENSG00000251165	-0.3141246616997666
ENSG00000001561	-0.31412950722857635
ENSG00000268810	-0.31415613218870175
ENSG00000174705	-0.31416931634140677
ENSG00000224373	-0.31418664665463514
ENSG00000133710	-0.31427369705305563
ENSG00000134058	-0.3143261006804414
ENSG00000157796	-0.31433422210154727
ENSG00000092094	-0.31435378909718603
ENSG00000207088	-0.31438057201512315
ENSG00000196586	-0.31439841418167014
ENSG00000103266	-0.314406099143681
ENSG00000259494	-0.3144346591617706
ENSG00000175581	-0.31443654250992314
ENSG00000226876	-0.3145283629224812
ENSG00000253408	-0.31453671267623273
ENSG00000088827	-0.31454494401767297
ENSG00000204389	-0.314606240086608
ENSG00000204120	-0.3146501525534674
ENSG00000272053	-0.3146540810831484
ENSG00000213465	-0.314774162797009
ENSG00000247867	-0.31481516598364745
ENSG00000118564	-0.3148153066999295
ENSG00000151320	-0.3148270867935673
ENSG00000066926	-0.3148711967908031
ENSG00000111801	-0.314938655635559
ENSG00000173218	-0.3149438535488256
ENSG00000065548	-0.3149757905403161
ENSG00000231971	-0.3150155565000725
ENSG00000214063	-0.31505892031555127
ENSG00000165819	-0.3150670000348095
ENSG00000161999	-0.3150697282900877
ENSG00000100372	-0.31512014927273846
ENSG00000175193	-0.3151350055895722
ENSG00000183617	-0.3151726391926949
ENSG00000104760	-0.3152077467440174
ENSG00000232388	-0.31531807157878367
ENSG00000172456	-0.31532798890548497
ENSG00000267205	-0.31535023604494405
ENSG00000188986	-0.31535181790057953
ENSG00000184545	-0.3153744541342901
ENSG00000171295	-0.31537815111638545
ENSG00000179364	-0.31538948152795976
ENSG00000197302	-0.31539142929470576
ENSG00000215041	-0.3153982010220968
ENSG00000166046	-0.315406862299373
ENSG00000230054	-0.31541085730448537
ENSG00000263597	-0.31560219961203595
ENSG00000151690	-0.31560996608673775
ENSG00000160888	-0.3156328733409134
ENSG00000267011	-0.31565096634338585
ENSG00000168872	-0.31565134187823574
ENSG00000104331	-0.315659533011893
ENSG00000144535	-0.31568399137352887
ENSG00000165566	-0.3157065532537041
ENSG00000138029	-0.3157357485331693
ENSG00000131831	-0.3157512382878479
ENSG00000270607	-0.31576902673967333
ENSG00000011083	-0.31585452278047466
ENSG00000152193	-0.3158671615455747
ENSG00000163697	-0.3158873433277134
ENSG00000130332	-0.3159276936815375
ENSG00000248932	-0.31594263550365487
ENSG00000105364	-0.3159446116146837
ENSG00000110047	-0.3159471576173707
ENSG00000151233	-0.3159576850086544
ENSG00000172578	-0.31597361944438473
ENSG00000234545	-0.3159842477592735
ENSG00000184517	-0.3160046920212678
ENSG00000230753	-0.31611499477694616
ENSG00000144504	-0.3161302866527447
ENSG00000257759	-0.3161776015056291
ENSG00000170871	-0.31617904365318694
ENSG00000131748	-0.3161863068635846
ENSG00000136936	-0.31621666890162514
ENSG00000128165	-0.31621883451650035
ENSG00000101363	-0.316225722394752
ENSG00000271788	-0.31627036569717115
ENSG00000103260	-0.31633332950549986
ENSG00000225556	-0.3163676240713572
ENSG00000136925	-0.3163703124724011
ENSG00000070785	-0.3163843251167009
ENSG00000128881	-0.31640235651064996
ENSG00000202512	-0.3164053291480121
ENSG00000230163	-0.31645515776254507
ENSG00000214837	-0.31645704814775366
ENSG00000105325	-0.3164572859064131
ENSG00000227507	-0.3164777751741368
ENSG00000241794	-0.3164900023777082
ENSG00000111653	-0.31653807504136033
ENSG00000269482	-0.3165657880546423
ENSG00000229453	-0.31663996657036275
ENSG00000136448	-0.31666561501804136
ENSG00000178078	-0.31669566934638493
ENSG00000135407	-0.3167510301861042
ENSG00000171223	-0.3168152086748719
ENSG00000227619	-0.31684791228531994
ENSG00000139112	-0.3169434950959029
ENSG00000161180	-0.3169962635398843
ENSG00000120509	-0.31700669701712614
ENSG00000115464	-0.3170183059728763
ENSG00000272844	-0.31704699466501696
ENSG00000232586	-0.3170487633791371
ENSG00000176058	-0.3170737716708444
ENSG00000145592	-0.31709571917286605
ENSG00000263923	-0.31711313124575247
ENSG00000197992	-0.31711737435521925
ENSG00000175130	-0.31714653345394983
ENSG00000145777	-0.3171724176575079
ENSG00000141759	-0.317210513988904
ENSG00000250910	-0.3172131155317688
ENSG00000214646	-0.31722411336727885
ENSG00000134046	-0.3172399160563787
ENSG00000174928	-0.31730307467748153
ENSG00000108829	-0.31733002482090633
ENSG00000218739	-0.31735539898324483
ENSG00000166619	-0.31737164470557266
ENSG00000121933	-0.31738814426246575
ENSG00000144908	-0.31744843035335435
ENSG00000226087	-0.31746897011438724
ENSG00000183624	-0.3176182586137386
ENSG00000164346	-0.31762197122653313
ENSG00000174171	-0.31762270438013984
ENSG00000233901	-0.31767890030742785
ENSG00000260583	-0.3177436354012019
ENSG00000254584	-0.3177694118803889
ENSG00000008324	-0.31778617447877866
ENSG00000132535	-0.3178161070942671
ENSG00000229368	-0.3178349817611693
ENSG00000106665	-0.3178395000282863
ENSG00000087510	-0.3179202777498358
ENSG00000224051	-0.31797817122333716
ENSG00000116649	-0.31802060128004417
ENSG00000117410	-0.31802362946062357
ENSG00000122729	-0.3180765988672676
ENSG00000156931	-0.31808359820829823
ENSG00000213722	-0.31812492127653613
ENSG00000224287	-0.31812509478262907
ENSG00000108654	-0.31816008462367695
ENSG00000171302	-0.3183190398138832
ENSG00000213516	-0.3184114163764745
ENSG00000113328	-0.31844118795358267
ENSG00000007168	-0.3185428175201007
ENSG00000188779	-0.31857378992047625
ENSG00000260160	-0.3185853832427942
ENSG00000205765	-0.31858899255546547
ENSG00000256546	-0.31864383787293016
ENSG00000239377	-0.31866453801185035
ENSG00000264067	-0.3186758319373355
ENSG00000164347	-0.31867671610897197
ENSG00000136868	-0.3186892122805528
ENSG00000184990	-0.31870180112791135
ENSG00000256683	-0.3187347443241305
ENSG00000163171	-0.31878453985719457
ENSG00000214944	-0.31879482521350866
ENSG00000232028	-0.3187993712355197
ENSG00000113396	-0.3188343637869204
ENSG00000185043	-0.3188583640563786
ENSG00000121895	-0.31887876568364315
ENSG00000159459	-0.318911778227171
ENSG00000247982	-0.31899081290265396
ENSG00000130165	-0.31901973359207336
ENSG00000106615	-0.3190217897887304
ENSG00000235823	-0.3190641148564912
ENSG00000153201	-0.31906708874394496
ENSG00000259425	-0.31907056909122666
ENSG00000132481	-0.31911990571304216
ENSG00000234779	-0.319130225739097
ENSG00000138942	-0.3191686009859358
ENSG00000259974	-0.3191976406465399
ENSG00000107738	-0.3192008998879208
ENSG00000211801	-0.3192838111538374
ENSG00000231082	-0.31943481484730774
ENSG00000178381	-0.31947779018287836
ENSG00000211571	-0.3194825084828774
ENSG00000122512	-0.3194845680628783
ENSG00000139291	-0.3195327866349905
ENSG00000166272	-0.31955342090159045
ENSG00000170619	-0.3195932304527125
ENSG00000207613	-0.3196055669368095
ENSG00000168036	-0.3196400376954941
ENSG00000226849	-0.31969784223683806
ENSG00000184831	-0.31970864971460233
ENSG00000139233	-0.3197164929629328
ENSG00000247228	-0.3197271553999331
ENSG00000155097	-0.31972950398996525
ENSG00000122477	-0.31986695818504673
ENSG00000101901	-0.3198716439839969
ENSG00000253974	-0.31991601158044936
ENSG00000254675	-0.31991805901420767
ENSG00000131584	-0.32000595237012086
ENSG00000205869	-0.3200135601402495
ENSG00000223573	-0.32011331022236067
ENSG00000227544	-0.320173686826704
ENSG00000148824	-0.3201846418391322
ENSG00000241211	-0.3201963556102694
ENSG00000153006	-0.3202089192747938
ENSG00000223751	-0.32021969924816407
ENSG00000164796	-0.32022026897377587
ENSG00000077458	-0.3202293826268222
ENSG00000198547	-0.3202308953525834
ENSG00000122678	-0.32023146815711945
ENSG00000106789	-0.3203118953649614
ENSG00000120068	-0.3203327372988366
ENSG00000119900	-0.32040603342363894
ENSG00000092531	-0.32042432030583656
ENSG00000037965	-0.320450326903319
ENSG00000214376	-0.3204638065662494
ENSG00000184507	-0.3204671618363658
ENSG00000091039	-0.32047632196147924
ENSG00000136100	-0.32052174776137154
ENSG00000227748	-0.3205252144712729
ENSG00000255282	-0.32052793615466346
ENSG00000143224	-0.3205342567896925
ENSG00000196542	-0.3205538442639839
ENSG00000102978	-0.32058448233795833
ENSG00000101856	-0.3206441813465154
ENSG00000160505	-0.3207275597455327
ENSG00000105369	-0.32073786931418324
ENSG00000256377	-0.3207422643661636
ENSG00000093144	-0.32085895062513325
ENSG00000269293	-0.3208627439525077
ENSG00000199631	-0.3208730352732799
ENSG00000249453	-0.3208765155148402
ENSG00000167186	-0.3209240415821656
ENSG00000154144	-0.32093545955943303
ENSG00000237061	-0.3209370837497748
ENSG00000159214	-0.32099778812579527
ENSG00000168671	-0.32101285733898954
ENSG00000104976	-0.3210987402130677
ENSG00000213462	-0.32110723260040075
ENSG00000052723	-0.32115213491263095
ENSG00000152377	-0.3212408936519895
ENSG00000178202	-0.3212723084958511
ENSG00000160007	-0.3213435803837692
ENSG00000144381	-0.3214903040357445
ENSG00000167578	-0.32152624351439396
ENSG00000244754	-0.32156950024407416
ENSG00000233521	-0.32158087139980807
ENSG00000263006	-0.3216184177621032
ENSG00000203809	-0.32162998298871515
ENSG00000261295	-0.32163168318297386
ENSG00000152689	-0.3216317096010314
ENSG00000163359	-0.32164352016645126
ENSG00000138035	-0.32164395058172235
ENSG00000120992	-0.32165309130804254
ENSG00000054118	-0.32169476998797886
ENSG00000143155	-0.3217122044257362
ENSG00000245571	-0.32171390214310847
ENSG00000119042	-0.3218278117313298
ENSG00000004534	-0.32186382966898885
ENSG00000224650	-0.3218890907316192
ENSG00000167969	-0.32190337220889265
ENSG00000132676	-0.32191721702689924
ENSG00000088876	-0.32198088964321436
ENSG00000104728	-0.32199391009943834
ENSG00000169976	-0.3220278852136458
ENSG00000242444	-0.3220318995638789
ENSG00000129696	-0.32209278880798886
ENSG00000186998	-0.3220989619440119
ENSG00000147400	-0.3221020114855353
ENSG00000180999	-0.3221169008710445
ENSG00000181856	-0.32216242944274687
ENSG00000235169	-0.32219138559961846
ENSG00000167483	-0.3222109719174917
ENSG00000068745	-0.3222177808666964
ENSG00000225744	-0.3222276300443022
ENSG00000128656	-0.3222856964389219
ENSG00000163348	-0.3223051397242299
ENSG00000165416	-0.3223233611983196
ENSG00000251417	-0.32239034831861013
ENSG00000092529	-0.3224013930067382
ENSG00000254231	-0.3224107305098425
ENSG00000176731	-0.32243421813231554
ENSG00000270015	-0.3224359771296461
ENSG00000104883	-0.3224495057490394
ENSG00000147912	-0.32245070755410976
ENSG00000181264	-0.32247590394956294
ENSG00000153339	-0.3225029070540377
ENSG00000172172	-0.32253546669948474
ENSG00000163291	-0.3225446879798013
ENSG00000237057	-0.32254489989331325
ENSG00000143033	-0.32254679671291797
ENSG00000008311	-0.32258458036713733
ENSG00000164465	-0.3226458874927318
ENSG00000113851	-0.3226945211187977
ENSG00000049192	-0.3227083645104636
ENSG00000140157	-0.3227136192122485
ENSG00000104899	-0.3227946687712554
ENSG00000110011	-0.3228178235257456
ENSG00000127334	-0.32287120406322056
ENSG00000242580	-0.3230001322686862
ENSG00000227210	-0.323001994922149
ENSG00000103811	-0.3230402216289944
ENSG00000270049	-0.3230690836639968
ENSG00000113141	-0.3231119726243019
ENSG00000116668	-0.32316663385189204
ENSG00000258325	-0.32318361734720413
ENSG00000197933	-0.32320165247961063
ENSG00000136944	-0.3232294982220687
ENSG00000145248	-0.32328639486059996
ENSG00000130775	-0.323373772078659
ENSG00000273156	-0.3233854142291773
ENSG00000164342	-0.3234026742555871
ENSG00000261187	-0.3234085778300628
ENSG00000106635	-0.3234242534166736
ENSG00000233047	-0.3234245007889903
ENSG00000230325	-0.32344060155898313
ENSG00000008382	-0.32349120508584084
ENSG00000179965	-0.3235345404337786
ENSG00000254209	-0.3235351106429448
ENSG00000155265	-0.32358083918066827
ENSG00000243236	-0.3236811383692223
ENSG00000236242	-0.32368777749376587
ENSG00000091136	-0.32372859780224783
ENSG00000197594	-0.32374941486735775
ENSG00000228730	-0.32375146072841965
ENSG00000226659	-0.3237634925554794
ENSG00000049860	-0.3237655087270237
ENSG00000099860	-0.32380581479188775
ENSG00000260259	-0.32381443239110586
ENSG00000099624	-0.3238405268586023
ENSG00000105619	-0.32385146353486693
ENSG00000273402	-0.3239213040733816
ENSG00000133740	-0.32414609782784864
ENSG00000106785	-0.32415350999600845
ENSG00000212122	-0.32420487931222153
ENSG00000134245	-0.32420632791743675
ENSG00000112079	-0.32421882843412486
ENSG00000167536	-0.3242218375180409
ENSG00000206417	-0.3242787766541403
ENSG00000101132	-0.32429692126334564
ENSG00000188921	-0.32429718850422806
ENSG00000239877	-0.32431686070087595
ENSG00000165553	-0.3243562622550483
ENSG00000111790	-0.32447195073649193
ENSG00000137078	-0.32451611616169007
ENSG00000273018	-0.3245254794157043
ENSG00000120306	-0.3245883851744643
ENSG00000269680	-0.32465944936534397
ENSG00000152133	-0.3246791089368357
ENSG00000250764	-0.3247291655268535
ENSG00000135549	-0.3247642787064545
ENSG00000105696	-0.324818821112141
ENSG00000172817	-0.3248728624899858
ENSG00000234255	-0.3249255156002576
ENSG00000272502	-0.3249974840951365
ENSG00000138829	-0.32508775630011644
ENSG00000123119	-0.3251085368943928
ENSG00000128039	-0.3251141078203169
ENSG00000109270	-0.32515286965007884
ENSG00000270067	-0.32519085033832995
ENSG00000099399	-0.32528378510744016
ENSG00000144233	-0.3253136419066066
ENSG00000259744	-0.3254542175221913
ENSG00000263438	-0.3255315171356138
ENSG00000182397	-0.32555409958055426
ENSG00000075407	-0.325565301329117
ENSG00000243347	-0.3255805323778522
ENSG00000188612	-0.3256514256680747
ENSG00000165475	-0.325675622710473
ENSG00000064995	-0.32570006619107794
ENSG00000138115	-0.3257191303973074
ENSG00000066654	-0.32577478224758005
ENSG00000061987	-0.3258108707523437
ENSG00000169105	-0.3258683614289114
ENSG00000221643	-0.32589795687126377
ENSG00000100348	-0.3259087695912599
ENSG00000105136	-0.32593900784899765
ENSG00000036672	-0.32596697343168424
ENSG00000236869	-0.32597425885079434
ENSG00000243107	-0.32601716024088667
ENSG00000089692	-0.3260360009607304
ENSG00000186532	-0.32605344052793317
ENSG00000132953	-0.3260550452562151
ENSG00000229619	-0.3260972370663109
ENSG00000198961	-0.32610157416704777
ENSG00000173530	-0.32611326352094694
ENSG00000267407	-0.32613116463618563
ENSG00000270696	-0.3262531358028833
ENSG00000140931	-0.32632794786300345
ENSG00000147601	-0.3263826184683234
ENSG00000188177	-0.32643451113255295
ENSG00000122484	-0.3264441619321683
ENSG00000273237	-0.32644667574708774
ENSG00000047634	-0.32647754747978464
ENSG00000110888	-0.326515117485663
ENSG00000151729	-0.32653810761054036
ENSG00000063854	-0.3265672183907252
ENSG00000039560	-0.32658857389469265
ENSG00000187097	-0.3266481466244945
ENSG00000176371	-0.32665966840432126
ENSG00000160949	-0.3266759003590869
ENSG00000136758	-0.326691510472487
ENSG00000269978	-0.326748169721625
ENSG00000258056	-0.3268096490645439
ENSG00000113407	-0.3268300005598942
ENSG00000249639	-0.3268346904657804
ENSG00000079950	-0.32685164658911925
ENSG00000176971	-0.32690278553099894
ENSG00000187953	-0.32693059728765284
ENSG00000086289	-0.3269320622425541
ENSG00000028310	-0.32702510599562207
ENSG00000111371	-0.3270555202756922
ENSG00000259847	-0.32706687560785375
ENSG00000259275	-0.3271738486626128
ENSG00000196943	-0.3271930009664984
ENSG00000215039	-0.3271968738239285
ENSG00000185304	-0.3272226036809266
ENSG00000152778	-0.32722272582632284
ENSG00000106012	-0.32722962083769147
ENSG00000224702	-0.3272328415816539
ENSG00000162066	-0.327240389865448
ENSG00000169919	-0.3273032572061977
ENSG00000178460	-0.32732589647006316
ENSG00000239127	-0.32735411462032005
ENSG00000196378	-0.3273777037616262
ENSG00000147168	-0.3273885015505619
ENSG00000112514	-0.3273993059079594
ENSG00000164125	-0.32749453650808824
ENSG00000264263	-0.32757247040917115
ENSG00000172731	-0.32760358754990815
ENSG00000160813	-0.32763597187472915
ENSG00000137145	-0.32767380718772077
ENSG00000213694	-0.32770369355748086
ENSG00000172888	-0.3277871444119229
ENSG00000166676	-0.32780672649318343
ENSG00000119698	-0.32781023327929293
ENSG00000263990	-0.32781831725519994
ENSG00000172575	-0.3278224804948535
ENSG00000130052	-0.3278470365291285
ENSG00000164494	-0.32787358324639404
ENSG00000183671	-0.3279222974631597
ENSG00000105695	-0.3279661305706114
ENSG00000099219	-0.32797692726653593
ENSG00000070540	-0.3280010157201684
ENSG00000112981	-0.3280636833443249
ENSG00000136888	-0.3281412702878428
ENSG00000137547	-0.32814470708718935
ENSG00000133030	-0.3281703079906624
ENSG00000267467	-0.32817858745323814
ENSG00000260918	-0.32824593973441984
ENSG00000215529	-0.3282645446157437
ENSG00000169136	-0.32831691262092033
ENSG00000172171	-0.3283290021767079
ENSG00000121570	-0.32833584478800637
ENSG00000188338	-0.328355245689152
ENSG00000112367	-0.32837214921390867
ENSG00000103852	-0.32841060707060254
ENSG00000132386	-0.3284149255890839
ENSG00000234263	-0.32843837554043964
ENSG00000254459	-0.3284928416520365
ENSG00000173610	-0.3284975873724356
ENSG00000138061	-0.3285003950361981
ENSG00000171658	-0.32857317961100063
ENSG00000118454	-0.3286614796112842
ENSG00000231646	-0.3287385987279017
ENSG00000139193	-0.32879762911791277
ENSG00000148343	-0.3288494785521533
ENSG00000149930	-0.32890846823338593
ENSG00000168062	-0.3289132895400565
ENSG00000173540	-0.32902005076924656
ENSG00000168818	-0.32908852077856865
ENSG00000113211	-0.3291188497105728
ENSG00000163517	-0.3291728757856517
ENSG00000012983	-0.3291728992827705
ENSG00000159753	-0.3291769013549485
ENSG00000134780	-0.32925203103467604
ENSG00000241697	-0.3292607374983093
ENSG00000134152	-0.32928289734304617
ENSG00000188660	-0.3292892406646495
ENSG00000142961	-0.3293416021225416
ENSG00000263063	-0.3293487215583597
ENSG00000163788	-0.3293550342630165
ENSG00000182541	-0.32941333270854
ENSG00000267667	-0.32946638762675695
ENSG00000260886	-0.3294725416643034
ENSG00000117560	-0.3295119781325426
ENSG00000066422	-0.32953402942593424
ENSG00000050405	-0.32953669797024854
ENSG00000010310	-0.32955521813708
ENSG00000149503	-0.3296401687025736
ENSG00000109738	-0.32964318570341866
ENSG00000113583	-0.32966763913660224
ENSG00000111231	-0.3296894507606264
ENSG00000102445	-0.3296983119988315
ENSG00000234445	-0.32976988442259003
ENSG00000132485	-0.3297903923044895
ENSG00000248540	-0.3298270196235795
ENSG00000167323	-0.32984110816774725
ENSG00000153107	-0.3298528070490342
ENSG00000256268	-0.329919164281515
ENSG00000179476	-0.32992373806379627
ENSG00000181418	-0.3299293234604329
ENSG00000185924	-0.32998036445623047
ENSG00000106605	-0.3299950104510516
ENSG00000180914	-0.33003956276474256
ENSG00000122140	-0.3300477584411574
ENSG00000164674	-0.3300803147904581
ENSG00000122254	-0.3301242240365425
ENSG00000141756	-0.33012609827740613
ENSG00000259618	-0.3301326714378646
ENSG00000226816	-0.33013415043581373
ENSG00000091140	-0.3301605644594181
ENSG00000198858	-0.3301738878643736
ENSG00000166926	-0.3301806020064362
ENSG00000249849	-0.33018815650412725
ENSG00000124003	-0.3301909483722051
ENSG00000213551	-0.3302185856520359
ENSG00000100027	-0.33025637521944395
ENSG00000235330	-0.3303689889140262
ENSG00000185811	-0.3304340378432892
ENSG00000154723	-0.330535442205235
ENSG00000096401	-0.33054519987924436
ENSG00000186272	-0.33054564896030936
ENSG00000144815	-0.3305563104049184
ENSG00000268204	-0.33060575500543765
ENSG00000213741	-0.33061721566451263
ENSG00000223438	-0.3306195797227198
ENSG00000163617	-0.3306748682753998
ENSG00000123999	-0.33068652066431503
ENSG00000144840	-0.3307225501024458
ENSG00000134900	-0.33073875814469567
ENSG00000170522	-0.33074196389971533
ENSG00000160051	-0.33078799017863547
ENSG00000205359	-0.3307891269673229
ENSG00000225299	-0.33080388241532055
ENSG00000174720	-0.3308170428406104
ENSG00000163806	-0.3308295593657148
ENSG00000100033	-0.3308454691227144
ENSG00000184588	-0.3308508825455728
ENSG00000262227	-0.33090397584507447
ENSG00000183431	-0.33093270430218935
ENSG00000178425	-0.3309891461454595
ENSG00000143379	-0.3310219432936963
ENSG00000144485	-0.33106347099965505
ENSG00000171488	-0.33108520318284107
ENSG00000160883	-0.33110140555116563
ENSG00000104689	-0.33110168001711304
ENSG00000233559	-0.3311033600934149
ENSG00000067900	-0.3311120273533463
ENSG00000185947	-0.33112227636939584
ENSG00000153233	-0.33113644540342946
ENSG00000172824	-0.3311851424977963
ENSG00000184979	-0.33120108418477756
ENSG00000163013	-0.33125892980169513
ENSG00000111639	-0.3313119860220318
ENSG00000232803	-0.33132133549336373
ENSG00000086061	-0.3313231912095205
ENSG00000080618	-0.3313633950779912
ENSG00000130299	-0.33137015295285466
ENSG00000255502	-0.33140735870732574
ENSG00000000419	-0.3314597765098747
ENSG00000203666	-0.33146876810729986
ENSG00000272021	-0.33159782348967703
ENSG00000147874	-0.3316199215701656
ENSG00000179772	-0.3318357509473917
ENSG00000130311	-0.33183965581412445
ENSG00000228107	-0.33185816161397286
ENSG00000267259	-0.3318592746935797
ENSG00000102109	-0.33198157824824537
ENSG00000168172	-0.3321206810306293
ENSG00000151881	-0.3321439506503382
ENSG00000162999	-0.3321453909158295
ENSG00000070366	-0.3321735497243067
ENSG00000139505	-0.3322229570076348
ENSG00000167792	-0.33223520814424523
ENSG00000175449	-0.3322610714890757
ENSG00000181649	-0.33226751790988773
ENSG00000160199	-0.332287698037775
ENSG00000125844	-0.3323154888673886
ENSG00000227528	-0.3323495973878948
ENSG00000136754	-0.3323851246857953
ENSG00000126088	-0.3324143690532332
ENSG00000167034	-0.332464688153004
ENSG00000224189	-0.33257859718263594
ENSG00000201772	-0.3325805750526599
ENSG00000247498	-0.3326204729206991
ENSG00000272002	-0.3326207169208918
ENSG00000172426	-0.332620916125008
ENSG00000155330	-0.3326423586116244
ENSG00000177992	-0.33264450220043273
ENSG00000104133	-0.3326526521137104
ENSG00000188763	-0.33265363628841926
ENSG00000160401	-0.33266193068064587
ENSG00000263089	-0.3326665671871035
ENSG00000136950	-0.3326812618128313
ENSG00000070444	-0.332746305117952
ENSG00000088986	-0.3327582791540541
ENSG00000197121	-0.3327693979749815
ENSG00000205592	-0.33279635268485386
ENSG00000261644	-0.3328631204658058
ENSG00000053900	-0.3328639503030132
ENSG00000207648	-0.3328920815615627
ENSG00000116962	-0.33292476864549014
ENSG00000137818	-0.3330185668742388
ENSG00000180628	-0.33304113163394344
ENSG00000172673	-0.3330450530844258
ENSG00000164729	-0.33309607476944647
ENSG00000227500	-0.3330981021170797
ENSG00000230317	-0.33315056060899695
ENSG00000176399	-0.3332306746150372
ENSG00000147586	-0.333304139131676
ENSG00000184731	-0.33337065162870283
ENSG00000233077	-0.33339148205203273
ENSG00000178467	-0.3334104365759545
ENSG00000166866	-0.33348684826465747
ENSG00000123636	-0.3336687095767443
ENSG00000196683	-0.3337123902683131
ENSG00000100485	-0.333728802077746
ENSG00000134574	-0.33373912760915914
ENSG00000204291	-0.33373962780709787
ENSG00000124205	-0.3337833590046917
ENSG00000254081	-0.33378995272641565
ENSG00000198081	-0.33379940863166324
ENSG00000138136	-0.333878443223272
ENSG00000154222	-0.33389646032209785
ENSG00000233069	-0.33395911295106473
ENSG00000250673	-0.3340238143242138
ENSG00000223482	-0.3340426603795148
ENSG00000003509	-0.33410419233422095
ENSG00000103363	-0.3341537149097412
ENSG00000239857	-0.3341641914314044
ENSG00000186283	-0.33418598711183545
ENSG00000253636	-0.3342410707189659
ENSG00000113196	-0.33424753612213454
ENSG00000258441	-0.33426944193056407
ENSG00000106588	-0.3342880261101503
ENSG00000272282	-0.33431174630748284
ENSG00000163714	-0.33432779059032247
ENSG00000212864	-0.33433583603786854
ENSG00000101773	-0.33435171999904745
ENSG00000157470	-0.33435486812020243
ENSG00000146828	-0.3343980326577902
ENSG00000108239	-0.3343987254076354
ENSG00000229466	-0.3344079361626834
ENSG00000135048	-0.3344384199909637
ENSG00000137692	-0.33445226056936306
ENSG00000168887	-0.33445779064436465
ENSG00000173988	-0.3344643109555787
ENSG00000106993	-0.33446868827886955
ENSG00000232613	-0.3344855390906454
ENSG00000249785	-0.33449129832415536
ENSG00000157869	-0.3345010290199072
ENSG00000072135	-0.33453119251886987
ENSG00000143384	-0.33459566254193873
ENSG00000180773	-0.33459991888225515
ENSG00000135074	-0.3346214980360831
ENSG00000259158	-0.3346261816688191
ENSG00000272115	-0.3346292033792815
ENSG00000136193	-0.3347319474406426
ENSG00000112599	-0.3348242006363108
ENSG00000138814	-0.33485481672053097
ENSG00000129317	-0.3348964258149978
ENSG00000153066	-0.33501304926282904
ENSG00000223756	-0.33502911033137606
ENSG00000270059	-0.3350308908000963
ENSG00000108578	-0.3350380304402907
ENSG00000163001	-0.33507420084510975
ENSG00000160185	-0.3351807893001296
ENSG00000167700	-0.33518377757569495
ENSG00000235034	-0.33520017490070564
ENSG00000237883	-0.3352014305826202
ENSG00000129460	-0.33520279526752605
ENSG00000155561	-0.3352779352408122
ENSG00000109534	-0.3352795719334589
ENSG00000164690	-0.33537516767595343
ENSG00000272542	-0.3353957788125589
ENSG00000142512	-0.33543098024446705
ENSG00000136881	-0.33545110855700766
ENSG00000100156	-0.33545271624321005
ENSG00000255323	-0.3354688891945563
ENSG00000171722	-0.335543211835459
ENSG00000107021	-0.3355526953698291
ENSG00000175164	-0.3355954835669438
ENSG00000260695	-0.335599001250396
ENSG00000074582	-0.3356045437491628
ENSG00000198788	-0.3356220131473958
ENSG00000267858	-0.33563145606377964
ENSG00000152229	-0.3356358365295681
ENSG00000005073	-0.33572439845327995
ENSG00000136237	-0.3357800229838438
ENSG00000133597	-0.3358220895789157
ENSG00000115541	-0.3358610346953248
ENSG00000088298	-0.3358926931935917
ENSG00000261113	-0.3359218223814675
ENSG00000140650	-0.33594850954877953
ENSG00000245975	-0.3359529940681072
ENSG00000188868	-0.3360040825182944
ENSG00000139636	-0.336023872807656
ENSG00000135953	-0.3360553980894524
ENSG00000137171	-0.3361044622379735
ENSG00000122545	-0.3362275894257998
ENSG00000231210	-0.33624519818031107
ENSG00000224592	-0.3362538825687986
ENSG00000131148	-0.33630692396280615
ENSG00000150433	-0.33632833507211013
ENSG00000117155	-0.3363340479734256
ENSG00000138134	-0.3363601491278797
ENSG00000106003	-0.3365012051533717
ENSG00000182324	-0.33652701277358965
ENSG00000265008	-0.3365478649841275
ENSG00000233593	-0.3365498620206465
ENSG00000150630	-0.33666555880533067
ENSG00000105676	-0.33670434348189937
ENSG00000159592	-0.3367258738446608
ENSG00000267551	-0.33679163057685746
ENSG00000126821	-0.3368036162124399
ENSG00000142409	-0.3368272004781202
ENSG00000227373	-0.33686393944288273
ENSG00000152049	-0.33689806334948547
ENSG00000167191	-0.3369079728865264
ENSG00000068028	-0.33694585939900557
ENSG00000121749	-0.3369559030439724
ENSG00000211897	-0.33699458851606
ENSG00000243708	-0.3369967718318466
ENSG00000230928	-0.3370007845468992
ENSG00000196700	-0.3370045831843578
ENSG00000203498	-0.3370139661783954
ENSG00000134545	-0.3370207632790896
ENSG00000204219	-0.33702091428697545
ENSG00000267724	-0.3370703770164539
ENSG00000150045	-0.3370719739606506
ENSG00000238057	-0.3370782650384222
ENSG00000132716	-0.3370795655425183
ENSG00000243055	-0.3370852520084907
ENSG00000188313	-0.3371535808821098
ENSG00000197301	-0.3371837006920666
ENSG00000100949	-0.3371982347580743
ENSG00000163393	-0.33722070544386773
ENSG00000139324	-0.337237418778209
ENSG00000258813	-0.3372602515348554
ENSG00000105464	-0.3372781392377733
ENSG00000198171	-0.33730646791619534
ENSG00000173915	-0.3373241225667979
ENSG00000132254	-0.3374095837206862
ENSG00000125657	-0.3374159764072019
ENSG00000151365	-0.33741913906020904
ENSG00000107897	-0.3374804516394614
ENSG00000126970	-0.3375179713468437
ENSG00000021574	-0.3375769769408479
ENSG00000171056	-0.3376189872795782
ENSG00000119711	-0.3376452565347926
ENSG00000106538	-0.33766881646702374
ENSG00000241015	-0.3377249861777428
ENSG00000115255	-0.33777629742465576
ENSG00000155428	-0.3377998778972373
ENSG00000124574	-0.3378779154597654
ENSG00000187135	-0.3378811929885074
ENSG00000141337	-0.33789552831193437
ENSG00000164334	-0.3379006166690357
ENSG00000129465	-0.33790814234623634
ENSG00000273308	-0.33793082283619913
ENSG00000211795	-0.33794100575299346
ENSG00000235381	-0.3379458947392915
ENSG00000117362	-0.3379535444076679
ENSG00000223598	-0.33796427706366905
ENSG00000226416	-0.33797890701792443
ENSG00000163812	-0.33798864287220587
ENSG00000178297	-0.3379895935320846
ENSG00000185269	-0.3380807713239956
ENSG00000132541	-0.3381586428249862
ENSG00000204952	-0.3382056796642071
ENSG00000155755	-0.3382548109400586
ENSG00000174780	-0.33826607540838716
ENSG00000143079	-0.3382696435181817
ENSG00000139266	-0.3382794983328554
ENSG00000260992	-0.3383356663272701
ENSG00000122958	-0.3383693673898239
ENSG00000228384	-0.33837262267610835
ENSG00000249267	-0.33839195413776035
ENSG00000184374	-0.33841758747742823
ENSG00000178573	-0.33841783187364394
ENSG00000165138	-0.3384858154709395
ENSG00000170542	-0.33849054987351623
ENSG00000013810	-0.33853716350387064
ENSG00000253508	-0.33857505116946596
ENSG00000108352	-0.33857867838809397
ENSG00000156990	-0.33858333830970333
ENSG00000212232	-0.3386006702153632
ENSG00000082269	-0.33861192850590893
ENSG00000255970	-0.33869820075556045
ENSG00000157077	-0.33871915264639973
ENSG00000229859	-0.3388332991294707
ENSG00000141504	-0.3388873347410887
ENSG00000225886	-0.3388988627881684
ENSG00000140368	-0.33894815758490493
ENSG00000171109	-0.338955854307846
ENSG00000175564	-0.33896719727117397
ENSG00000231842	-0.3390621111006775
ENSG00000109814	-0.33907047076590524
ENSG00000259479	-0.33909259954429205
ENSG00000140299	-0.33909668818749716
ENSG00000074356	-0.339110488661319
ENSG00000267096	-0.33912455864664126
ENSG00000197168	-0.3391340670447156
ENSG00000119703	-0.33914573270331216
ENSG00000244733	-0.3391666052395159
ENSG00000177674	-0.3391782066625292
ENSG00000270091	-0.3392469033219435
ENSG00000174586	-0.3392534239344528
ENSG00000226803	-0.33936592794294995
ENSG00000172318	-0.3393723404724428
ENSG00000065802	-0.3394869655438304
ENSG00000178386	-0.3394885392978051
ENSG00000139531	-0.3394980529734587
ENSG00000130751	-0.3395414941647624
ENSG00000101346	-0.3395758536541287
ENSG00000204516	-0.33957998534096046
ENSG00000258661	-0.3395917599595155
ENSG00000177873	-0.33959845292938773
ENSG00000163586	-0.33960642442993405
ENSG00000081154	-0.3396188197907435
ENSG00000250427	-0.3396616575908722
ENSG00000181444	-0.33979056637539495
ENSG00000150316	-0.33982700351955486
ENSG00000167118	-0.3398434989527762
ENSG00000255679	-0.3398603640948882
ENSG00000135077	-0.3398659067461849
ENSG00000100211	-0.33986752118844377
ENSG00000112414	-0.3398683035170973
ENSG00000113119	-0.3399333424386348
ENSG00000151332	-0.33994742390123545
ENSG00000164684	-0.3399670924368744
ENSG00000204792	-0.3399814792473821
ENSG00000258854	-0.34008011350460055
ENSG00000233985	-0.340112273510487
ENSG00000108582	-0.3401207338813549
ENSG00000179564	-0.3401367219676924
ENSG00000091262	-0.3402167188558677
ENSG00000132958	-0.34027036952834067
ENSG00000258983	-0.34027543865529075
ENSG00000213999	-0.34028074367707806
ENSG00000166997	-0.34029446856219414
ENSG00000259588	-0.3404055917461585
ENSG00000242375	-0.3404420905002038
ENSG00000228716	-0.3404430042198131
ENSG00000205937	-0.340628490557475
ENSG00000160654	-0.34064898905528274
ENSG00000198843	-0.34071970288328135
ENSG00000151012	-0.34072839322124204
ENSG00000099800	-0.34073238196924327
ENSG00000261469	-0.3408636574164364
ENSG00000139880	-0.3409091488371442
ENSG00000267670	-0.34092990241641374
ENSG00000160172	-0.34094280934103727
ENSG00000130208	-0.3409843409437662
ENSG00000234698	-0.34101916188583026
ENSG00000226913	-0.34106975408394236
ENSG00000265933	-0.3410703021564089
ENSG00000172183	-0.3411304050215297
ENSG00000115520	-0.3411540084875475
ENSG00000162009	-0.341158601577488
ENSG00000085063	-0.3411668540909931
ENSG00000109686	-0.3411694725134895
ENSG00000163513	-0.34119730221952915
ENSG00000204511	-0.34122128105310745
ENSG00000056998	-0.34124377448201815
ENSG00000116497	-0.34128671677596367
ENSG00000108055	-0.3412870552200191
ENSG00000124383	-0.3413169692398037
ENSG00000145700	-0.34134982417143267
ENSG00000167232	-0.34134994676018693
ENSG00000144488	-0.3413849710124106
ENSG00000068697	-0.3413858395160142
ENSG00000182759	-0.3414579050586628
ENSG00000103375	-0.34146288298547844
ENSG00000233098	-0.3415347511085908
ENSG00000062582	-0.34162822172112906
ENSG00000156113	-0.3416827290064419
ENSG00000180096	-0.3416876051708233
ENSG00000134698	-0.34172920774387183
ENSG00000146592	-0.3418215946747899
ENSG00000180596	-0.3418426593008773
ENSG00000110492	-0.3418684520436518
ENSG00000124613	-0.34187810114162176
ENSG00000103429	-0.3418999008181034
ENSG00000197965	-0.3419208827031004
ENSG00000230747	-0.3419810373305111
ENSG00000164944	-0.3420242471418098
ENSG00000111615	-0.3420355570214406
ENSG00000258884	-0.34209142538117376
ENSG00000250284	-0.3421045366011882
ENSG00000258623	-0.34212287022972554
ENSG00000180098	-0.34216101986587544
ENSG00000126562	-0.34218480610224977
ENSG00000073282	-0.3422302807979043
ENSG00000205022	-0.3422411648536624
ENSG00000120055	-0.3423503978747635
ENSG00000009694	-0.3423771891432388
ENSG00000232040	-0.34250428470467786
ENSG00000005194	-0.34255903462858883
ENSG00000086065	-0.34260061549712817
ENSG00000134463	-0.3426069713774451
ENSG00000213676	-0.34262841056012416
ENSG00000273399	-0.3426294846878235
ENSG00000108576	-0.3426632861219441
ENSG00000082458	-0.3427448707340035
ENSG00000108389	-0.34277778577935125
ENSG00000075884	-0.34290132164740483
ENSG00000078747	-0.34293565381475666
ENSG00000021300	-0.3429531286175729
ENSG00000170298	-0.3429775138336687
ENSG00000255670	-0.3429884814110582
ENSG00000132017	-0.34304630997759333
ENSG00000248143	-0.34304844277639834
ENSG00000165995	-0.34311872476133887
ENSG00000163864	-0.3431382760292343
ENSG00000106305	-0.34314008507801097
ENSG00000102181	-0.3432946193227533
ENSG00000177383	-0.3433412650422297
ENSG00000187944	-0.34334902640610376
ENSG00000164171	-0.3433682627931869
ENSG00000241370	-0.3434351176912406
ENSG00000249638	-0.3434718235705194
ENSG00000039523	-0.3434739270723913
ENSG00000137492	-0.34348800891196873
ENSG00000204852	-0.3435632252793692
ENSG00000103197	-0.3436030452422022
ENSG00000155833	-0.3436241577578695
ENSG00000118523	-0.34367616927283884
ENSG00000198467	-0.3436766925731638
ENSG00000259250	-0.3436871242759184
ENSG00000116117	-0.34370997534648373
ENSG00000272599	-0.3437490465677374
ENSG00000167508	-0.3438512388676027
ENSG00000185231	-0.343871818997211
ENSG00000259515	-0.3439043720156154
ENSG00000105976	-0.34391303463552647
ENSG00000057757	-0.3439302357818045
ENSG00000273338	-0.3439326197909488
ENSG00000130159	-0.3439911546758665
ENSG00000225611	-0.3439933230608254
ENSG00000272434	-0.34404058791887016
ENSG00000255423	-0.3440912193890727
ENSG00000227060	-0.3441096336494366
ENSG00000156869	-0.3441256101293827
ENSG00000124224	-0.34413078440127165
ENSG00000257185	-0.3441686474765667
ENSG00000171425	-0.34417722515309856
ENSG00000151692	-0.34420372604922855
ENSG00000116783	-0.3442076681972367
ENSG00000132854	-0.34422292775565955
ENSG00000258317	-0.3443428374411789
ENSG00000183323	-0.34447794666587006
ENSG00000151876	-0.34453848713787427
ENSG00000164896	-0.3446334784924978
ENSG00000243069	-0.3446468147995323
ENSG00000152520	-0.34468238011568697
ENSG00000131788	-0.3447278231418355
ENSG00000122026	-0.34478657990052397
ENSG00000232160	-0.3449078669743769
ENSG00000250846	-0.3449486975434428
ENSG00000137992	-0.3449516743308496
ENSG00000143753	-0.34497326279836327
ENSG00000105583	-0.3450122217812841
ENSG00000091986	-0.34502476816289185
ENSG00000149212	-0.3450990393346064
ENSG00000187079	-0.34512172593861234
ENSG00000122642	-0.3451329841322295
ENSG00000171608	-0.34514392391948057
ENSG00000260835	-0.3451453953916056
ENSG00000241217	-0.34514879292941514
ENSG00000139574	-0.34518976332738505
ENSG00000188725	-0.3452621845404713
ENSG00000117707	-0.34528172793325307
ENSG00000108312	-0.34530741921966446
ENSG00000197566	-0.34539096703907146
ENSG00000178852	-0.3453934525200666
ENSG00000211958	-0.3454078830734292
ENSG00000164543	-0.34550006971903413
ENSG00000008283	-0.34551136666256677
ENSG00000100490	-0.34553429540323166
ENSG00000107371	-0.3455515705653236
ENSG00000092295	-0.3455741945677143
ENSG00000157353	-0.34559762457672916
ENSG00000142937	-0.3457294889049116
ENSG00000074855	-0.3457333292920238
ENSG00000143185	-0.3457706724779914
ENSG00000264384	-0.34579553603243474
ENSG00000262231	-0.34580622776634784
ENSG00000100567	-0.3458565411612162
ENSG00000138413	-0.34592169215685786
ENSG00000241128	-0.34597368671590845
ENSG00000153147	-0.34600168177574786
ENSG00000148848	-0.34602924236239707
ENSG00000262116	-0.34604007892563016
ENSG00000266347	-0.3460814657124959
ENSG00000160932	-0.34612467770837274
ENSG00000123219	-0.34613741715361745
ENSG00000213983	-0.34614169544743745
ENSG00000254135	-0.3461432192503787
ENSG00000260482	-0.34616137251873946
ENSG00000105289	-0.34619294847135795
ENSG00000258334	-0.3462046245055682
ENSG00000240225	-0.346224630839423
ENSG00000267612	-0.3462734729767316
ENSG00000143365	-0.3463233174919661
ENSG00000139160	-0.34634287669890684
ENSG00000248431	-0.3463791383066057
ENSG00000115286	-0.3464027301030589
ENSG00000173281	-0.34643591849852684
ENSG00000127418	-0.34643820921962476
ENSG00000170289	-0.3464397387884838
ENSG00000255117	-0.3464693159748118
ENSG00000166454	-0.3464826442643354
ENSG00000224269	-0.346484313024102
ENSG00000102178	-0.34649911669769684
ENSG00000211581	-0.346499583091215
ENSG00000196420	-0.3465050102817335
ENSG00000163545	-0.34652200669814914
ENSG00000263776	-0.34660527844105304
ENSG00000167601	-0.346676772978896
ENSG00000272523	-0.3466892781559975
ENSG00000173715	-0.34669035869619624
ENSG00000025434	-0.3467171307882191
ENSG00000272431	-0.3467204359845063
ENSG00000151650	-0.34672975086202473
ENSG00000213593	-0.34678826634224846
ENSG00000118960	-0.3467897038980994
ENSG00000123562	-0.3468161767299993
ENSG00000105996	-0.34681914394152846
ENSG00000259071	-0.34685907052037357
ENSG00000206910	-0.3469225687563815
ENSG00000197343	-0.3470151491317356
ENSG00000010270	-0.34701840466957146
ENSG00000139998	-0.3470491980488938
ENSG00000123349	-0.3470598634927131
ENSG00000125970	-0.34711579012291105
ENSG00000251652	-0.3471662238681765
ENSG00000106617	-0.3471700142026086
ENSG00000123836	-0.3472077226736865
ENSG00000168890	-0.3472228162267149
ENSG00000177427	-0.3472539146994965
ENSG00000174175	-0.3472740193165682
ENSG00000172348	-0.3473002869925249
ENSG00000147894	-0.34731605910254737
ENSG00000213445	-0.34732069401373156
ENSG00000165185	-0.34734948572878765
ENSG00000100721	-0.3473724088318231
ENSG00000226479	-0.3473785041965899
ENSG00000089123	-0.34739379097542333
ENSG00000108854	-0.3474014009382572
ENSG00000164241	-0.3474521708175109
ENSG00000110274	-0.3474535928745539
ENSG00000136813	-0.3474640015698307
ENSG00000213463	-0.3474788788516199
ENSG00000232316	-0.3474895612119998
ENSG00000169862	-0.3474983467017332
ENSG00000122481	-0.3475058793292306
ENSG00000153037	-0.34753210643356847
ENSG00000111271	-0.3475986450176135
ENSG00000092758	-0.34763570846411984
ENSG00000167461	-0.3476432053361549
ENSG00000213626	-0.34766687863700974
ENSG00000229832	-0.3476865944556856
ENSG00000175265	-0.3477035215963499
ENSG00000231345	-0.347747170868663
ENSG00000088766	-0.3477694724146856
ENSG00000261159	-0.3480130350725147
ENSG00000198015	-0.348022063158711
ENSG00000153561	-0.34803270035253453
ENSG00000112237	-0.3480393626655134
ENSG00000173163	-0.34805391887222226
ENSG00000180992	-0.3480737433890274
ENSG00000172382	-0.3481081368949418
ENSG00000173548	-0.34815565110365065
ENSG00000186862	-0.34818767199401834
ENSG00000198034	-0.3481959057944396
ENSG00000172748	-0.3483025149323602
ENSG00000206260	-0.3483266589431263
ENSG00000203520	-0.34834609431281716
ENSG00000167799	-0.34837634985107324
ENSG00000110446	-0.34842213147452106
ENSG00000137760	-0.34844505494049705
ENSG00000105245	-0.34848017195082737
ENSG00000258583	-0.34857082869591416
ENSG00000116285	-0.3485948445002317
ENSG00000173272	-0.348662039449392
ENSG00000205364	-0.3486826220902717
ENSG00000217801	-0.3486944313479099
ENSG00000148950	-0.3487043858024853
ENSG00000071626	-0.348746401229006
ENSG00000126561	-0.34876683127587393
ENSG00000147485	-0.34879611246183584
ENSG00000121486	-0.3487978112849257
ENSG00000138069	-0.34881056578586633
ENSG00000215717	-0.348869630809016
ENSG00000185527	-0.3489195292684055
ENSG00000139734	-0.3489237364906477
ENSG00000115808	-0.34899236669278444
ENSG00000205403	-0.34901024876328535
ENSG00000101310	-0.3490745114406725
ENSG00000166971	-0.34922719538874203
ENSG00000147592	-0.3493624491052154
ENSG00000100028	-0.3494258817424063
ENSG00000105852	-0.34947411589496935
ENSG00000205116	-0.3495149695108186
ENSG00000165487	-0.3495519677156381
ENSG00000131732	-0.3496083012034079
ENSG00000026950	-0.34970230727600604
ENSG00000143198	-0.34970421686965136
ENSG00000273381	-0.3497290430705049
ENSG00000204514	-0.3498819762498442
ENSG00000059378	-0.34992730218510604
ENSG00000130167	-0.34993804067835577
ENSG00000091536	-0.3499801905469867
ENSG00000200253	-0.3500816199512564
ENSG00000273240	-0.35011358977052565
ENSG00000115604	-0.3501151210554819
ENSG00000168852	-0.3501470155009804
ENSG00000140105	-0.350229534148253
ENSG00000189077	-0.3502946404081164
ENSG00000162736	-0.3503049428180879
ENSG00000236958	-0.35038529173160626
ENSG00000115649	-0.3504525162868152
ENSG00000261176	-0.3504657828668969
ENSG00000182512	-0.350497446166658
ENSG00000200534	-0.35050054863617197
ENSG00000100650	-0.3505080207711069
ENSG00000167604	-0.350531591357368
ENSG00000254508	-0.35055314681743655
ENSG00000085760	-0.3505751112918407
ENSG00000161980	-0.3506392215784665
ENSG00000152465	-0.35064591565383363
ENSG00000110697	-0.3507415601760383
ENSG00000257135	-0.35083080852593806
ENSG00000265142	-0.3508439875197573
ENSG00000111058	-0.35095099730793555
ENSG00000186594	-0.35096551589105784
ENSG00000187601	-0.35100701738525386
ENSG00000101052	-0.35110394060253736
ENSG00000196437	-0.351125325872206
ENSG00000244218	-0.3511744397229605
ENSG00000106052	-0.3512270103272733
ENSG00000141696	-0.35125634805628403
ENSG00000206559	-0.35127278266810946
ENSG00000213380	-0.35131234378101805
ENSG00000202337	-0.3513947487388971
ENSG00000183770	-0.351480151365517
ENSG00000260025	-0.3514857445319691
ENSG00000111913	-0.3514930932690239
ENSG00000119912	-0.35152732171182255
ENSG00000099308	-0.35153113741763176
ENSG00000075643	-0.35153512791491015
ENSG00000253888	-0.35154326448099305
ENSG00000260027	-0.3515686173680589
ENSG00000128185	-0.35159660320539954
ENSG00000197329	-0.35172495231955847
ENSG00000208772	-0.35180746812507036
ENSG00000139908	-0.35184613571664836
ENSG00000139343	-0.35188034661020673
ENSG00000100124	-0.35189768452718506
ENSG00000140526	-0.35191988841522126
ENSG00000150456	-0.35195368076601286
ENSG00000147138	-0.35195584269596925
ENSG00000180537	-0.3520234586260972
ENSG00000117625	-0.35202628134901937
ENSG00000076641	-0.3521008042467937
ENSG00000168765	-0.3521176841204543
ENSG00000068079	-0.35212935003875123
ENSG00000196150	-0.352179446250791
ENSG00000102710	-0.3522394224568267
ENSG00000125944	-0.3522491032145978
ENSG00000175189	-0.35225530191570853
ENSG00000265817	-0.3522780879165236
ENSG00000128487	-0.352278498166098
ENSG00000273293	-0.35238870101649555
ENSG00000101457	-0.35241368433348486
ENSG00000242588	-0.3524400350402731
ENSG00000102738	-0.3525053172314687
ENSG00000008869	-0.35250620915101494
ENSG00000123136	-0.35251366664435857
ENSG00000135045	-0.35252299295595924
ENSG00000156928	-0.35258207854529255
ENSG00000161057	-0.3525857865589366
ENSG00000163331	-0.3526164359324254
ENSG00000105404	-0.35262545397512723
ENSG00000171564	-0.3526654251824689
ENSG00000261131	-0.35273772499067213
ENSG00000180573	-0.35276560902252097
ENSG00000189056	-0.3527807325223091
ENSG00000141699	-0.35284011381335945
ENSG00000268743	-0.3528447431399002
ENSG00000131873	-0.35284856391208996
ENSG00000151702	-0.3528505804729313
ENSG00000204314	-0.3528720008368561
ENSG00000114388	-0.35294453396627645
ENSG00000254143	-0.35302222001751116
ENSG00000227355	-0.35305288591408124
ENSG00000204531	-0.3530683168611779
ENSG00000228259	-0.3531097702166238
ENSG00000103249	-0.35313961767379287
ENSG00000087903	-0.3531719219164552
ENSG00000165698	-0.3532103236172619
ENSG00000168778	-0.35322416072376117
ENSG00000243766	-0.35323364669480306
ENSG00000107036	-0.353271985694645
ENSG00000117525	-0.35330401776175135
ENSG00000130545	-0.35335108005302673
ENSG00000153347	-0.35336790395135065
ENSG00000166225	-0.3533695446323908
ENSG00000160439	-0.3533795972188116
ENSG00000086598	-0.3534176688625448
ENSG00000122122	-0.3534295691979371
ENSG00000104938	-0.35346218525916906
ENSG00000260686	-0.35350803125094377
ENSG00000236266	-0.35357565830834614
ENSG00000118292	-0.3535850714020149
ENSG00000148688	-0.353589099103672
ENSG00000162623	-0.35360545801680576
ENSG00000134802	-0.35360955320699794
ENSG00000132423	-0.35361337256185155
ENSG00000117395	-0.35361357248591674
ENSG00000152700	-0.3536514180832794
ENSG00000254910	-0.35365188366917877
ENSG00000101958	-0.3537092572824595
ENSG00000162543	-0.35378639155550684
ENSG00000008130	-0.35380851771531896
ENSG00000226074	-0.3538298680257136
ENSG00000185189	-0.35385425482136135
ENSG00000198157	-0.3538894508964856
ENSG00000273474	-0.3539091134783652
ENSG00000107099	-0.3539197423361501
ENSG00000272081	-0.3539791912421104
ENSG00000163596	-0.3539825092461174
ENSG00000257023	-0.3540582826200983
ENSG00000151500	-0.3540731742217297
ENSG00000186910	-0.3541014721470612
ENSG00000108298	-0.3541744757924138
ENSG00000215784	-0.35421566278556527
ENSG00000132915	-0.35429171931010606
ENSG00000143149	-0.35430215603596515
ENSG00000187980	-0.35432155289417266
ENSG00000247240	-0.3543220842403445
ENSG00000197128	-0.3543374596060248
ENSG00000273473	-0.3543590741670304
ENSG00000047621	-0.35436209696556187
ENSG00000259407	-0.35440147981873893
ENSG00000096063	-0.3545088607325516
ENSG00000255136	-0.3545244499399052
ENSG00000211710	-0.35458212529975475
ENSG00000206384	-0.35458246978465136
ENSG00000118434	-0.354588569531482
ENSG00000182552	-0.3546533195638836
ENSG00000260872	-0.35468112500352056
ENSG00000164941	-0.3548927373588576
ENSG00000260304	-0.3549119016415653
ENSG00000223839	-0.3549625054275982
ENSG00000152684	-0.3550820879537274
ENSG00000239951	-0.3551629782242658
ENSG00000253369	-0.3551897238653018
ENSG00000076706	-0.3552063028429012
ENSG00000168734	-0.35520964707619296
ENSG00000272556	-0.3552284733584312
ENSG00000245648	-0.35530091494519134
ENSG00000177971	-0.3553793071539296
ENSG00000151366	-0.35539605510054795
ENSG00000134086	-0.355411277254003
ENSG00000242371	-0.35542779727762464
ENSG00000187244	-0.35543869048738796
ENSG00000130305	-0.3554431135732299
ENSG00000085871	-0.35545356138463224
ENSG00000172159	-0.3554543599688166
ENSG00000172403	-0.35548154538323995
ENSG00000136731	-0.35548186824194883
ENSG00000151577	-0.3555427124275419
ENSG00000250230	-0.35556743615512787
ENSG00000164897	-0.3555759376587069
ENSG00000108375	-0.3555772469148295
ENSG00000131188	-0.35561025554008185
ENSG00000089775	-0.3556118150418869
ENSG00000100030	-0.35561865421346817
ENSG00000163814	-0.3556213394468746
ENSG00000204178	-0.35563147343408397
ENSG00000258314	-0.35564607692722694
ENSG00000261786	-0.3556581403709822
ENSG00000221803	-0.3556700058822089
ENSG00000242798	-0.3557135240855027
ENSG00000150681	-0.355789809652043
ENSG00000165828	-0.3557963558558329
ENSG00000237341	-0.3558510829149384
ENSG00000148399	-0.3558717753925218
ENSG00000249700	-0.3559214030548167
ENSG00000261840	-0.35593137258864993
ENSG00000138138	-0.35615501801168736
ENSG00000116266	-0.3561838649661857
ENSG00000049245	-0.35618772076279503
ENSG00000142484	-0.3561973037678252
ENSG00000132692	-0.35623251855027593
ENSG00000138472	-0.3562370964208893
ENSG00000162396	-0.35625445667171074
ENSG00000100139	-0.3562638903428239
ENSG00000065243	-0.35626776196183474
ENSG00000172057	-0.3563512789909705
ENSG00000100652	-0.3564705148417874
ENSG00000115317	-0.3564784781467313
ENSG00000197872	-0.35652570000627715
ENSG00000226627	-0.3565532934025897
ENSG00000172009	-0.35656282299413855
ENSG00000163704	-0.3565694932057254
ENSG00000062598	-0.3565829753119317
ENSG00000152454	-0.3565920333177999
ENSG00000162843	-0.356593917631004
ENSG00000162654	-0.35668909497408974
ENSG00000046774	-0.35691710028684687
ENSG00000108679	-0.35695326519232884
ENSG00000267060	-0.3569741170651932
ENSG00000272763	-0.357005506000609
ENSG00000224875	-0.3570329056600655
ENSG00000250075	-0.3572119313931017
ENSG00000112782	-0.3572508360980594
ENSG00000200293	-0.3572697546568502
ENSG00000110700	-0.3572743059692205
ENSG00000269486	-0.35730691752094634
ENSG00000106397	-0.35731071922963487
ENSG00000106355	-0.3573353790449705
ENSG00000161996	-0.35736043119617866
ENSG00000236854	-0.3573881386218759
ENSG00000160602	-0.35742507723734496
ENSG00000227057	-0.35743009291372696
ENSG00000141086	-0.3574566709507775
ENSG00000117519	-0.35753245680933476
ENSG00000102890	-0.35757114555269376
ENSG00000134851	-0.3575817663190707
ENSG00000255133	-0.3575992575623177
ENSG00000154764	-0.3576127594192079
ENSG00000102452	-0.3576285340022549
ENSG00000197324	-0.3576365175676417
ENSG00000260032	-0.357705880705656
ENSG00000229444	-0.3577197296108994
ENSG00000111358	-0.3577223556614705
ENSG00000233016	-0.3577666376079327
ENSG00000174130	-0.3577773316714684
ENSG00000232774	-0.35784244594082726
ENSG00000213246	-0.3579004779424808
ENSG00000146463	-0.3579788902502816
ENSG00000164251	-0.35804422495237553
ENSG00000185668	-0.358055545029225
ENSG00000135439	-0.3580911026401927
ENSG00000120805	-0.35810569698092154
ENSG00000151657	-0.35811421881222105
ENSG00000104852	-0.35819360088909524
ENSG00000153029	-0.3582117948491824
ENSG00000169962	-0.35824355521459106
ENSG00000166147	-0.35825750526639255
ENSG00000127837	-0.3582647695870287
ENSG00000214706	-0.3582949139607067
ENSG00000100324	-0.358326098868057
ENSG00000175206	-0.35833141576464245
ENSG00000163577	-0.3583479563155568
ENSG00000196684	-0.3584071467402904
ENSG00000225490	-0.3584092887991387
ENSG00000156269	-0.3584326650599732
ENSG00000229967	-0.35853262495165916
ENSG00000248449	-0.3585598611831766
ENSG00000236668	-0.3585869955427221
ENSG00000113758	-0.3585920592300793
ENSG00000123989	-0.358608712024136
ENSG00000272192	-0.35866632399169374
ENSG00000100319	-0.3587588665113951
ENSG00000123595	-0.3588027886221632
ENSG00000231990	-0.35882007121257975
ENSG00000147604	-0.3588318838414417
ENSG00000255175	-0.35884691563301674
ENSG00000237371	-0.3588535656543633
ENSG00000164011	-0.35895365592273965
ENSG00000167588	-0.3589626137979183
ENSG00000103044	-0.3589938182785266
ENSG00000068796	-0.35899855598636377
ENSG00000247516	-0.3591033853009301
ENSG00000105698	-0.3591119523094125
ENSG00000066322	-0.35912956106608207
ENSG00000225884	-0.35917174756445713
ENSG00000163328	-0.359217049518206
ENSG00000125746	-0.3592180628624688
ENSG00000166908	-0.3592605995018835
ENSG00000101400	-0.35926744611686634
ENSG00000129007	-0.3592737523717807
ENSG00000007384	-0.35931442108163225
ENSG00000255101	-0.3593473403463058
ENSG00000114021	-0.3593519796131409
ENSG00000145020	-0.3593560149937709
ENSG00000260343	-0.35936336153306125
ENSG00000197050	-0.3594101929327923
ENSG00000234456	-0.3594579466036022
ENSG00000099785	-0.35954744546451634
ENSG00000160352	-0.3596102661071625
ENSG00000268119	-0.35968749996965155
ENSG00000126768	-0.35970043954869735
ENSG00000164975	-0.35973435289962397
ENSG00000123552	-0.3597591284788151
ENSG00000182199	-0.3598266565625663
ENSG00000232838	-0.3598284667915257
ENSG00000104980	-0.35983528824637445
ENSG00000100359	-0.3598654896700276
ENSG00000007350	-0.3599025894658334
ENSG00000158006	-0.35995991983241593
ENSG00000113522	-0.3600678998493917
ENSG00000165699	-0.36009665986737827
ENSG00000131931	-0.36035708992870663
ENSG00000181904	-0.3603892009600669
ENSG00000007933	-0.36043178168151524
ENSG00000171097	-0.36045544108440286
ENSG00000249521	-0.3604984066854279
ENSG00000132669	-0.3605010826441313
ENSG00000054938	-0.3605304575030762
ENSG00000100056	-0.36055084495522716
ENSG00000066777	-0.3605739263524741
ENSG00000153291	-0.36058245846867276
ENSG00000114391	-0.3606476105778079
ENSG00000147044	-0.36064886774856486
ENSG00000154548	-0.36070718034136784
ENSG00000175718	-0.360712308370603
ENSG00000272379	-0.3607287472358912
ENSG00000245213	-0.3607321391684025
ENSG00000148153	-0.3608553204774504
ENSG00000253734	-0.360931895252816
ENSG00000225765	-0.36094001080785465
ENSG00000135974	-0.36094104081731393
ENSG00000102030	-0.36099222706394196
ENSG00000145826	-0.36104058457775445
ENSG00000164691	-0.3610965044412102
ENSG00000097096	-0.3611204116961525
ENSG00000124541	-0.36114251699449695
ENSG00000199933	-0.3612405546745783
ENSG00000123342	-0.3612628192357278
ENSG00000004059	-0.3612695533323389
ENSG00000255874	-0.36137451821773114
ENSG00000169242	-0.36140547240922927
ENSG00000235635	-0.3614174584359323
ENSG00000267368	-0.3614504891820267
ENSG00000181788	-0.3614869599470859
ENSG00000119431	-0.36150715932473687
ENSG00000156026	-0.3615325340423039
ENSG00000248538	-0.3615589439651157
ENSG00000182912	-0.36156018834092196
ENSG00000100365	-0.3616111592795296
ENSG00000242042	-0.36167452063087246
ENSG00000141971	-0.3616748692935604
ENSG00000188037	-0.36168687523582077
ENSG00000160131	-0.36170059314598835
ENSG00000005893	-0.36177823743572357
ENSG00000213366	-0.36179796993149804
ENSG00000146918	-0.3618102679667179
ENSG00000272109	-0.3618422171625728
ENSG00000240929	-0.3618687780433615
ENSG00000205268	-0.3619327371341975
ENSG00000154124	-0.36196754018997845
ENSG00000204832	-0.3619728220708117
ENSG00000229036	-0.36204716868176046
ENSG00000225431	-0.3622067785845956
ENSG00000215068	-0.3622391260972265
ENSG00000237732	-0.36225411938669316
ENSG00000121289	-0.3622693278312815
ENSG00000184381	-0.36228390594992677
ENSG00000130768	-0.36233622964589596
ENSG00000078902	-0.36235121749004207
ENSG00000132661	-0.3624002350857929
ENSG00000094975	-0.3624962307743219
ENSG00000164609	-0.36255644870562964
ENSG00000176826	-0.36257197375485983
ENSG00000104129	-0.3626168214103107
ENSG00000230439	-0.36263075439903547
ENSG00000243789	-0.3626793323837547
ENSG00000235016	-0.36272987888200703
ENSG00000196503	-0.36273937955215063
ENSG00000251039	-0.3627997963887869
ENSG00000169330	-0.3628063560910695
ENSG00000073598	-0.362873637210712
ENSG00000155495	-0.3629401465919475
ENSG00000032219	-0.36307672867768004
ENSG00000126759	-0.36307980053502065
ENSG00000227038	-0.36313275909220055
ENSG00000140403	-0.36313468545655936
ENSG00000261600	-0.3631820185123955
ENSG00000069712	-0.3631867314775076
ENSG00000142168	-0.3632330913116819
ENSG00000140511	-0.36338852069259353
ENSG00000172671	-0.36340024667424664
ENSG00000073711	-0.36344626391204826
ENSG00000176102	-0.36352462336491354
ENSG00000100749	-0.3635541218628031
ENSG00000272630	-0.3635847489375704
ENSG00000156709	-0.36359716131042163
ENSG00000009307	-0.36361810927172544
ENSG00000260804	-0.3636824879262516
ENSG00000146926	-0.36368347282741165
ENSG00000143061	-0.3637078000069238
ENSG00000156463	-0.3637154227853392
ENSG00000069020	-0.36373510467017045
ENSG00000165175	-0.3637432809538873
ENSG00000174839	-0.36376919943040387
ENSG00000213903	-0.36379076991391357
ENSG00000167315	-0.3638592253342029
ENSG00000197771	-0.3638852965567114
ENSG00000091436	-0.36392740537955326
ENSG00000121851	-0.36394041323869364
ENSG00000122035	-0.36397948289348603
ENSG00000214717	-0.36400852490745106
ENSG00000074201	-0.36405167820866347
ENSG00000123080	-0.3640760670291292
ENSG00000173011	-0.3640856492430631
ENSG00000188375	-0.36419974846330994
ENSG00000164237	-0.36426210358596345
ENSG00000244094	-0.36430572437914577
ENSG00000211691	-0.3643858917040089
ENSG00000107816	-0.36440142968545564
ENSG00000228444	-0.3644380408550738
ENSG00000271849	-0.36443823412961696
ENSG00000235029	-0.3644420368850506
ENSG00000165669	-0.3644716393555142
ENSG00000240666	-0.36449223562242705
ENSG00000269945	-0.36450096765503126
ENSG00000164077	-0.3645213560545283
ENSG00000176401	-0.36454292868615146
ENSG00000178988	-0.36466787108569476
ENSG00000164162	-0.36470290893584645
ENSG00000244187	-0.36475036147132467
ENSG00000214946	-0.3647942391106668
ENSG00000167513	-0.36479819721149065
ENSG00000139219	-0.36479995274507504
ENSG00000225039	-0.36482167036136504
ENSG00000165240	-0.3648652545758664
ENSG00000185262	-0.36487351881162877
ENSG00000215256	-0.36488434947674653
ENSG00000188277	-0.3649306342595493
ENSG00000134982	-0.3649311627748182
ENSG00000100580	-0.36497001323797484
ENSG00000250102	-0.3649811394794463
ENSG00000133114	-0.3650018257896146
ENSG00000168661	-0.3650179612895068
ENSG00000233836	-0.36502833067649243
ENSG00000272662	-0.36505240377513615
ENSG00000130303	-0.3650616332209805
ENSG00000152422	-0.36510365789138743
ENSG00000158874	-0.36516177349655676
ENSG00000232611	-0.36516428321140004
ENSG00000161970	-0.36516818205394475
ENSG00000260425	-0.36517223820489464
ENSG00000104886	-0.36523087005245536
ENSG00000261172	-0.36529609960735376
ENSG00000185689	-0.3653020624113199
ENSG00000178397	-0.36530892138265636
ENSG00000196739	-0.36537675141982706
ENSG00000269921	-0.36543406691774216
ENSG00000132109	-0.3654552516627798
ENSG00000121892	-0.3654555095967442
ENSG00000214022	-0.3654567426323032
ENSG00000241369	-0.36546899039131053
ENSG00000265205	-0.3654804634205294
ENSG00000229937	-0.36550211153940193
ENSG00000186115	-0.36551140566978735
ENSG00000133216	-0.3655227906958668
ENSG00000140986	-0.36557063638294574
ENSG00000138629	-0.36558751202657125
ENSG00000138769	-0.36558897306348437
ENSG00000100300	-0.36562540408652233
ENSG00000108448	-0.36564155208885885
ENSG00000131165	-0.36564189171342865
ENSG00000143162	-0.365763282245677
ENSG00000147224	-0.36584919037934716
ENSG00000102931	-0.36586786826574724
ENSG00000166145	-0.3659514284400158
ENSG00000204267	-0.3659597400789668
ENSG00000063244	-0.3659990414428017
ENSG00000229015	-0.3660967088779148
ENSG00000204524	-0.36615358233559114
ENSG00000253405	-0.36617495859063565
ENSG00000221883	-0.36618022603054445
ENSG00000198736	-0.3662093866278463
ENSG00000204410	-0.366273451414448
ENSG00000263272	-0.3663258746666229
ENSG00000066044	-0.3663737086341128
ENSG00000258407	-0.3663818652349927
ENSG00000143119	-0.3663893126694281
ENSG00000141232	-0.366398521022405
ENSG00000115109	-0.36645807595454427
ENSG00000091972	-0.3664807521942304
ENSG00000114416	-0.36648902929717386
ENSG00000149428	-0.36651474215703395
ENSG00000100220	-0.36655740645503965
ENSG00000112640	-0.3666314580442872
ENSG00000261335	-0.3667310668655741
ENSG00000066557	-0.36675512128281273
ENSG00000269445	-0.3667946232905649
ENSG00000149100	-0.36683179295752155
ENSG00000205581	-0.3668440568841097
ENSG00000138796	-0.36685265603782324
ENSG00000231925	-0.36691166430889766
ENSG00000136826	-0.366937386686632
ENSG00000203943	-0.3669647902512959
ENSG00000253549	-0.36699910028202587
ENSG00000065135	-0.36700958880762224
ENSG00000169093	-0.36703089037777226
ENSG00000136379	-0.3670383208999387
ENSG00000172789	-0.36707449780966994
ENSG00000261716	-0.3670937168369651
ENSG00000125482	-0.3671371294005643
ENSG00000237737	-0.36718136308564875
ENSG00000213397	-0.36724075334253203
ENSG00000125743	-0.36727018059112326
ENSG00000154342	-0.367303949156099
ENSG00000115661	-0.3673504459306396
ENSG00000226355	-0.3673682974953638
ENSG00000077238	-0.3674060430021764
ENSG00000003436	-0.36745666308420144
ENSG00000103496	-0.3674660324253999
ENSG00000199038	-0.3674783010373741
ENSG00000173465	-0.3674968358114137
ENSG00000237595	-0.3675176560943524
ENSG00000205309	-0.36757031517768024
ENSG00000198807	-0.36759416730563355
ENSG00000223305	-0.3676039080529062
ENSG00000131711	-0.36761814141857196
ENSG00000170348	-0.367618227363802
ENSG00000266236	-0.36765589084438133
ENSG00000128872	-0.3676811340575096
ENSG00000140961	-0.36771629591571353
ENSG00000022556	-0.3677258853714491
ENSG00000073614	-0.3677367169189665
ENSG00000109501	-0.3678057239876057
ENSG00000155754	-0.3678088259905026
ENSG00000167634	-0.36782082575676744
ENSG00000154451	-0.3678590007400534
ENSG00000138468	-0.3678946089656354
ENSG00000268069	-0.36793250817839496
ENSG00000168676	-0.36793634992750524
ENSG00000168883	-0.3679488323658383
ENSG00000268603	-0.3679694917041676
ENSG00000118181	-0.3679765376300249
ENSG00000205212	-0.3680462529794155
ENSG00000251310	-0.36814014478256296
ENSG00000087494	-0.36826076722520373
ENSG00000106462	-0.36827263334674754
ENSG00000106078	-0.3682793388665925
ENSG00000197580	-0.3683773165735227
ENSG00000269802	-0.36844092554805274
ENSG00000121897	-0.3684582814620697
ENSG00000127954	-0.36847570705847876
ENSG00000172059	-0.368499698188704
ENSG00000227740	-0.3686646545228155
ENSG00000103569	-0.3686892367103891
ENSG00000231595	-0.36873324262681095
ENSG00000165794	-0.36876551697473037
ENSG00000178997	-0.36877159911750457
ENSG00000067066	-0.36877904395738825
ENSG00000249180	-0.3688048835630823
ENSG00000078114	-0.3688101906400777
ENSG00000003137	-0.3688279936610446
ENSG00000068024	-0.368828619096533
ENSG00000204628	-0.36883581586086356
ENSG00000082213	-0.36885563056402915
ENSG00000229972	-0.3689566512632678
ENSG00000130147	-0.3689581722762163
ENSG00000245552	-0.36897909868069745
ENSG00000226835	-0.36900147660767635
ENSG00000157191	-0.36907092441974254
ENSG00000103365	-0.3692105995554692
ENSG00000268938	-0.3692291873467328
ENSG00000175535	-0.36927198367897784
ENSG00000240571	-0.36929115118249767
ENSG00000096080	-0.3693173312920943
ENSG00000131116	-0.3693194644153157
ENSG00000169085	-0.36936618385827835
ENSG00000262410	-0.3694521516714526
ENSG00000115687	-0.369551943098376
ENSG00000159708	-0.36955236103273825
ENSG00000117010	-0.36960302252196175
ENSG00000272248	-0.36961052709014963
ENSG00000119844	-0.36977462251225846
ENSG00000158793	-0.3697964425116146
ENSG00000196805	-0.3698746874630352
ENSG00000141425	-0.3699105560779504
ENSG00000108799	-0.3699475036473544
ENSG00000162928	-0.3699544581279254
ENSG00000007080	-0.37000138084745016
ENSG00000113645	-0.3700165080361604
ENSG00000247134	-0.37001978943277714
ENSG00000130787	-0.37002063136053065
ENSG00000112245	-0.37007318837908465
ENSG00000104679	-0.37016942730889546
ENSG00000019995	-0.3702032252478542
ENSG00000069702	-0.37034065143292394
ENSG00000197991	-0.37042796642251963
ENSG00000100292	-0.3704426418262865
ENSG00000237899	-0.37051782538391953
ENSG00000100364	-0.3705271917161711
ENSG00000259456	-0.37054526412199706
ENSG00000188994	-0.3705769180009897
ENSG00000163815	-0.370687481863726
ENSG00000184203	-0.37069529085344277
ENSG00000120727	-0.37071151884992837
ENSG00000253217	-0.37074049844179924
ENSG00000197083	-0.37078160320809117
ENSG00000134371	-0.37079143023651706
ENSG00000164548	-0.37079666536712874
ENSG00000260442	-0.37082270246735116
ENSG00000174799	-0.3708248983197321
ENSG00000178057	-0.3709054283575919
ENSG00000158691	-0.3709239444481758
ENSG00000189430	-0.3709303647440024
ENSG00000071909	-0.3709833178201737
ENSG00000177868	-0.37106690000309805
ENSG00000101290	-0.37109041697288836
ENSG00000182732	-0.37109582660721285
ENSG00000054654	-0.3711026280499956
ENSG00000261505	-0.37114077489822184
ENSG00000183281	-0.37118450549430804
ENSG00000178149	-0.3712681657241389
ENSG00000113300	-0.3713427944885779
ENSG00000180423	-0.37134838084041033
ENSG00000115364	-0.3714018786980783
ENSG00000185386	-0.3714165040898848
ENSG00000157111	-0.3714185588268377
ENSG00000106686	-0.3714544525921881
ENSG00000198483	-0.37147231865092656
ENSG00000212371	-0.3715088112853665
ENSG00000172830	-0.37152220500155075
ENSG00000134901	-0.37162123161946203
ENSG00000268326	-0.37163784744042183
ENSG00000163563	-0.3716995036704869
ENSG00000064607	-0.3717572101913188
ENSG00000253868	-0.371829091261771
ENSG00000204970	-0.3719458439315817
ENSG00000164056	-0.3719684106709359
ENSG00000251023	-0.37205093248738386
ENSG00000146648	-0.372069670974432
ENSG00000125901	-0.37208922683662604
ENSG00000224888	-0.37213739892495157
ENSG00000143256	-0.372199059998796
ENSG00000213433	-0.3723218606724732
ENSG00000105612	-0.3723515384156094
ENSG00000115457	-0.37236115223148225
ENSG00000135749	-0.3723812520536023
ENSG00000234902	-0.3724241251370869
ENSG00000224420	-0.3724465420279913
ENSG00000122877	-0.3724837614746347
ENSG00000135446	-0.3724902275983236
ENSG00000213886	-0.37252545696690464
ENSG00000163832	-0.37260263949217254
ENSG00000249751	-0.37262491799156194
ENSG00000214049	-0.37264447302598847
ENSG00000173757	-0.37265612106122714
ENSG00000173581	-0.37270824314909945
ENSG00000167671	-0.37275543008327616
ENSG00000256448	-0.37280807776215996
ENSG00000197977	-0.37281676023117505
ENSG00000271817	-0.37284023729370397
ENSG00000146476	-0.37286675133349056
ENSG00000188800	-0.3729298740477933
ENSG00000135617	-0.37296806272271465
ENSG00000197858	-0.3731668562786037
ENSG00000066739	-0.3731956185164287
ENSG00000151136	-0.37319893474194477
ENSG00000101333	-0.3732135525488416
ENSG00000093167	-0.37322146002723566
ENSG00000178295	-0.3733311002335268
ENSG00000081177	-0.37338963422061955
ENSG00000223396	-0.3734168730060782
ENSG00000248309	-0.37345598579167794
ENSG00000228439	-0.3735388935202931
ENSG00000224204	-0.373601284249497
ENSG00000067182	-0.37361644611198375
ENSG00000272189	-0.37365068749819197
ENSG00000111196	-0.3736576541332354
ENSG00000089116	-0.37371382808516107
ENSG00000158022	-0.3738200932805733
ENSG00000264329	-0.37382205542349767
ENSG00000104549	-0.37393344142415985
ENSG00000226465	-0.3739719502150942
ENSG00000023608	-0.37398139389118323
ENSG00000116014	-0.37398454516546087
ENSG00000221887	-0.3740094101241399
ENSG00000211817	-0.3741438175445252
ENSG00000111832	-0.37416291861316586
ENSG00000180340	-0.37422422222997365
ENSG00000088356	-0.3742248536565651
ENSG00000116161	-0.3742256802801318
ENSG00000174151	-0.3742540591478324
ENSG00000216490	-0.3743176440375655
ENSG00000128218	-0.37433375685699755
ENSG00000211452	-0.37444503927897566
ENSG00000185630	-0.3744550404219864
ENSG00000156973	-0.3744601547147649
ENSG00000116830	-0.37450226451543456
ENSG00000269343	-0.37450919446640907
ENSG00000130513	-0.37457278367261393
ENSG00000126254	-0.3746267463113353
ENSG00000232110	-0.3746323754729842
ENSG00000164393	-0.37470131624297864
ENSG00000163344	-0.37472409474302004
ENSG00000111405	-0.37475465811870723
ENSG00000153814	-0.3748101617190296
ENSG00000226944	-0.3748467234547722
ENSG00000205025	-0.37485574082034046
ENSG00000204897	-0.37486280838891717
ENSG00000185608	-0.3748792635321293
ENSG00000254461	-0.37494234617228395
ENSG00000257746	-0.3749565158843272
ENSG00000132004	-0.37495673334639257
ENSG00000233232	-0.37496155322669067
ENSG00000227676	-0.37496610241123063
ENSG00000129158	-0.3749875817588382
ENSG00000272034	-0.3749877520634075
ENSG00000172716	-0.3749884876923216
ENSG00000163840	-0.3749975745296543
ENSG00000126231	-0.37500088634473794
ENSG00000119820	-0.3750118555432814
ENSG00000087074	-0.37506429908420924
ENSG00000048740	-0.37509476608275594
ENSG00000158125	-0.37519825042275046
ENSG00000133460	-0.375198474666389
ENSG00000259976	-0.3752134894722462
ENSG00000176014	-0.37521555974888265
ENSG00000237807	-0.37523942106923436
ENSG00000196406	-0.37524789903069966
ENSG00000142279	-0.375294613792844
ENSG00000109133	-0.37534132877065285
ENSG00000151498	-0.3753506351604273
ENSG00000197705	-0.3754958132449021
ENSG00000269019	-0.37556845258976845
ENSG00000196391	-0.37557108146353646
ENSG00000046604	-0.37575065554082676
ENSG00000166343	-0.3758172901283976
ENSG00000103154	-0.3758294925564345
ENSG00000236834	-0.3758428050734175
ENSG00000177494	-0.37587863591838266
ENSG00000075142	-0.375899411288389
ENSG00000202441	-0.3759090439517513
ENSG00000175756	-0.375914828657973
ENSG00000114120	-0.37593111684435565
ENSG00000186889	-0.3759349212117139
ENSG00000138764	-0.375964045827068
ENSG00000255774	-0.3759933619055853
ENSG00000109790	-0.3760218249093398
ENSG00000185404	-0.3760616757649061
ENSG00000075886	-0.37609356571296604
ENSG00000155026	-0.3763104842020868
ENSG00000135040	-0.3763473302907414
ENSG00000196139	-0.3764075028366952
ENSG00000120662	-0.3764416314789011
ENSG00000171649	-0.3764728101896274
ENSG00000164169	-0.37651145796319896
ENSG00000172239	-0.37655252245459225
ENSG00000139155	-0.37661138714071174
ENSG00000228139	-0.3766485835184826
ENSG00000168216	-0.3766707243999039
ENSG00000112473	-0.3767055029290156
ENSG00000231156	-0.3767855172909469
ENSG00000172765	-0.3767960419756369
ENSG00000172845	-0.37681535962928236
ENSG00000273153	-0.37689088782916735
ENSG00000187054	-0.3769331941256273
ENSG00000185761	-0.37698510237668514
ENSG00000145103	-0.377019495139742
ENSG00000177106	-0.3770568988737806
ENSG00000237352	-0.37711889222160944
ENSG00000143387	-0.37719667781632227
ENSG00000135469	-0.3772114577861734
ENSG00000001626	-0.37722512429871424
ENSG00000229750	-0.3772558481189505
ENSG00000260876	-0.3772656532016846
ENSG00000224157	-0.37735759845506334
ENSG00000172725	-0.37742896469511855
ENSG00000102870	-0.3774526328733321
ENSG00000003402	-0.37746855628751974
ENSG00000099992	-0.37753363680823804
ENSG00000258752	-0.37755269755889675
ENSG00000259469	-0.3775565281359007
ENSG00000204228	-0.3775718351818175
ENSG00000117480	-0.3775776570844399
ENSG00000129167	-0.37762495345908076
ENSG00000234767	-0.37764159076779824
ENSG00000235436	-0.3776581428404756
ENSG00000172164	-0.3777161475933316
ENSG00000148154	-0.3777730446223495
ENSG00000263968	-0.3778237208761166
ENSG00000265611	-0.37786825813507763
ENSG00000137959	-0.37788513670191826
ENSG00000119699	-0.37793862833793024
ENSG00000165973	-0.3780011290919604
ENSG00000115966	-0.37801803847265325
ENSG00000143382	-0.3780221900879954
ENSG00000145050	-0.3780222509186756
ENSG00000134061	-0.3780966433172508
ENSG00000228063	-0.3780978610890914
ENSG00000068903	-0.3781341540887343
ENSG00000184735	-0.37830169818278647
ENSG00000089012	-0.37832985678928877
ENSG00000234478	-0.37833586987060486
ENSG00000128000	-0.37834424903397834
ENSG00000109220	-0.37841376639647595
ENSG00000183648	-0.37842270270534695
ENSG00000115484	-0.3784577543800375
ENSG00000100985	-0.3784695586324339
ENSG00000033627	-0.37849162255509716
ENSG00000180801	-0.37852166756449623
ENSG00000270523	-0.37857717227611265
ENSG00000204387	-0.37859603395895636
ENSG00000138028	-0.3786938455124519
ENSG00000242485	-0.3787325685507631
ENSG00000230286	-0.37873298354060814
ENSG00000159388	-0.3787492110080831
ENSG00000114988	-0.37891158517570267
ENSG00000142871	-0.37904721494740434
ENSG00000179010	-0.3790598313116912
ENSG00000078808	-0.3791101938082505
ENSG00000171405	-0.3791146506496147
ENSG00000174197	-0.37915634776394325
ENSG00000266283	-0.3791779039259763
ENSG00000198795	-0.37922022849360315
ENSG00000122550	-0.3792629830986395
ENSG00000262434	-0.37926317741290316
ENSG00000188280	-0.3792899443397797
ENSG00000187144	-0.37929191579747545
ENSG00000266979	-0.3794663259052946
ENSG00000237523	-0.37949048080711034
ENSG00000111404	-0.37949078269182124
ENSG00000164209	-0.37949285987458015
ENSG00000211645	-0.3794931977907947
ENSG00000258553	-0.37956504229253063
ENSG00000160886	-0.37958035618164687
ENSG00000075391	-0.3796577129159615
ENSG00000109323	-0.37977173806644227
ENSG00000151229	-0.37978833360080855
ENSG00000169313	-0.379827259083359
ENSG00000151552	-0.37986338552105736
ENSG00000149273	-0.3798670538011705
ENSG00000269535	-0.37986784333258994
ENSG00000262837	-0.37990633215300385
ENSG00000179950	-0.37992913255053984
ENSG00000120328	-0.3799869390631144
ENSG00000162722	-0.37999832306247117
ENSG00000197256	-0.38004373916813217
ENSG00000128590	-0.38005882802653634
ENSG00000229424	-0.38010834526209736
ENSG00000055917	-0.38014261308155395
ENSG00000269220	-0.3802190250886508
ENSG00000183684	-0.3802535833352435
ENSG00000074527	-0.3802783496481035
ENSG00000229017	-0.3803073880890021
ENSG00000248079	-0.3803250519744985
ENSG00000006530	-0.38036768218419015
ENSG00000168282	-0.3804268737441342
ENSG00000232113	-0.38044505352847
ENSG00000120696	-0.38045392038379156
ENSG00000130811	-0.3804571487260213
ENSG00000198429	-0.38051871661738135
ENSG00000108924	-0.380527115332264
ENSG00000137628	-0.3805394282607041
ENSG00000248468	-0.38055068017605675
ENSG00000129925	-0.38062635119387433
ENSG00000186350	-0.3807338084833235
ENSG00000261253	-0.3807360714429229
ENSG00000236772	-0.38083992953469814
ENSG00000100603	-0.38084314655601004
ENSG00000078804	-0.3808484568005398
ENSG00000228170	-0.3809903417005134
ENSG00000186298	-0.38104347656129334
ENSG00000261924	-0.38107960322861256
ENSG00000270031	-0.3810980729570902
ENSG00000147471	-0.3811054961553525
ENSG00000143869	-0.3811725627334014
ENSG00000166165	-0.3811752871283629
ENSG00000247137	-0.38119188076998867
ENSG00000107018	-0.38119326927708874
ENSG00000093010	-0.38123287396793215
ENSG00000199673	-0.38124018816173644
ENSG00000183888	-0.3813210532539072
ENSG00000265096	-0.3814184794489329
ENSG00000088367	-0.3814532284849663
ENSG00000136011	-0.3816051915287355
ENSG00000163626	-0.38175822324192543
ENSG00000271736	-0.38176414403558956
ENSG00000213347	-0.381773229778422
ENSG00000225492	-0.38183057945624277
ENSG00000248734	-0.3818456351696382
ENSG00000259865	-0.38187162403232555
ENSG00000242687	-0.3819134775607429
ENSG00000164631	-0.3819336389925543
ENSG00000025796	-0.38194241377676785
ENSG00000106245	-0.3819838505761274
ENSG00000130733	-0.38216211531954614
ENSG00000207635	-0.3821686617000637
ENSG00000160310	-0.3821942763669023
ENSG00000118849	-0.3822046191658244
ENSG00000173542	-0.3822364507640157
ENSG00000111665	-0.38226151497985084
ENSG00000141744	-0.38228048079009114
ENSG00000260625	-0.3823434128862452
ENSG00000117500	-0.38236273389378106
ENSG00000105708	-0.38240594248835924
ENSG00000260388	-0.3824107747816373
ENSG00000182379	-0.3825276405899629
ENSG00000174599	-0.38252838522934884
ENSG00000102543	-0.38261998807847575
ENSG00000100711	-0.3826570469410877
ENSG00000168071	-0.38266001030326224
ENSG00000025770	-0.38275254736831954
ENSG00000258343	-0.38275926828165063
ENSG00000130770	-0.3828302983516858
ENSG00000244063	-0.3828844267461323
ENSG00000253380	-0.3828858598329651
ENSG00000261351	-0.3829765270604166
ENSG00000272812	-0.38301233488529307
ENSG00000170162	-0.3830200638891291
ENSG00000102531	-0.3830298192823497
ENSG00000150054	-0.38311045024800827
ENSG00000163029	-0.38314507132612796
ENSG00000251432	-0.3831606589613228
ENSG00000184007	-0.38325260120862203
ENSG00000242615	-0.38326228442028987
ENSG00000115504	-0.3832793926686323
ENSG00000125618	-0.3832900880439083
ENSG00000151665	-0.3833581036700455
ENSG00000127580	-0.3834258820435891
ENSG00000253190	-0.38344967794690565
ENSG00000215910	-0.3835452358458751
ENSG00000148291	-0.383583532112831
ENSG00000225062	-0.3836142300665455
ENSG00000084734	-0.3836507989886494
ENSG00000184207	-0.3837220441670878
ENSG00000101842	-0.3837819652203932
ENSG00000124356	-0.3838136578946766
ENSG00000178980	-0.38384782405747664
ENSG00000169131	-0.3838631865193767
ENSG00000106392	-0.38388198056245093
ENSG00000169612	-0.38398424301562506
ENSG00000230427	-0.3840260217790544
ENSG00000118137	-0.38405698188225057
ENSG00000257272	-0.3840729489153668
ENSG00000211951	-0.38412303033250084
ENSG00000078142	-0.3841446665580993
ENSG00000256185	-0.3842059483143533
ENSG00000116981	-0.3842924865201469
ENSG00000237943	-0.38430545068759436
ENSG00000177752	-0.38433108529812654
ENSG00000135148	-0.3843358706382003
ENSG00000255142	-0.38434567642064255
ENSG00000164045	-0.38448543675140734
ENSG00000164093	-0.38449184398764413
ENSG00000230424	-0.38454289479820924
ENSG00000251661	-0.38457058861049764
ENSG00000160075	-0.3845837883811648
ENSG00000258144	-0.38461641617468845
ENSG00000103994	-0.3846504107023596
ENSG00000248555	-0.3846536823514951
ENSG00000170266	-0.3846562076654221
ENSG00000055163	-0.3846570203131562
ENSG00000089289	-0.38468516111544526
ENSG00000165195	-0.3847050876295416
ENSG00000077348	-0.38471397881857816
ENSG00000103351	-0.38482163969841743
ENSG00000166922	-0.3848412435268319
ENSG00000100883	-0.384895619552194
ENSG00000122406	-0.3848984072392768
ENSG00000146250	-0.384906801299821
ENSG00000147535	-0.38499086005324745
ENSG00000169288	-0.38502200175763424
ENSG00000199363	-0.3850941694316683
ENSG00000143952	-0.3851096975686762
ENSG00000144130	-0.38522730466311395
ENSG00000158296	-0.3852489442857525
ENSG00000116670	-0.3852816710979924
ENSG00000130921	-0.385310771222209
ENSG00000236364	-0.38532461650592265
ENSG00000243896	-0.3853282068993542
ENSG00000268836	-0.38534718444018734
ENSG00000160991	-0.38536302137695433
ENSG00000172465	-0.38549541791041886
ENSG00000205922	-0.38554361046781704
ENSG00000226655	-0.3855967581916322
ENSG00000255178	-0.38560916078811014
ENSG00000267023	-0.385644153380697
ENSG00000136371	-0.38570729076923926
ENSG00000227218	-0.38579642614278287
ENSG00000103254	-0.38582471274450736
ENSG00000204622	-0.3859928744486991
ENSG00000116489	-0.385994297838662
ENSG00000261997	-0.38612311093747986
ENSG00000142444	-0.3861438355743838
ENSG00000136874	-0.3861464784571571
ENSG00000169554	-0.3863019379760877
ENSG00000126453	-0.3863319550397907
ENSG00000267082	-0.38637732558480753
ENSG00000141639	-0.3864178816617405
ENSG00000166289	-0.3864242257192293
ENSG00000177981	-0.38677693462679463
ENSG00000145916	-0.38677717411365153
ENSG00000105393	-0.38685357791597996
ENSG00000108821	-0.38690532196899985
ENSG00000169896	-0.38691661255857557
ENSG00000100297	-0.386920958567207
ENSG00000049246	-0.3869540819355599
ENSG00000069011	-0.38700010318765465
ENSG00000166181	-0.3870296738575275
ENSG00000268080	-0.38709238063840834
ENSG00000085224	-0.387157210419397
ENSG00000111711	-0.38716120065170434
ENSG00000144847	-0.38734717434497057
ENSG00000164123	-0.3874015762255153
ENSG00000170855	-0.38743503246858435
ENSG00000134248	-0.38747987614021573
ENSG00000125835	-0.387516783888636
ENSG00000133872	-0.3875455039685214
ENSG00000197217	-0.38758302868479333
ENSG00000138433	-0.38758759439512314
ENSG00000101082	-0.38765778602552226
ENSG00000244005	-0.38777719873064875
ENSG00000114638	-0.3877876556176565
ENSG00000119421	-0.38778817185146175
ENSG00000147378	-0.38787299773257133
ENSG00000111843	-0.38792332325543866
ENSG00000101695	-0.38799321504788586
ENSG00000204946	-0.3879960351523434
ENSG00000197043	-0.38803421696295326
ENSG00000258779	-0.3880382419556516
ENSG00000155957	-0.38808647772012606
ENSG00000163703	-0.3881369090469331
ENSG00000230896	-0.3881573921289899
ENSG00000269994	-0.38822323274751946
ENSG00000164621	-0.38826049503595883
ENSG00000175772	-0.3882860158313197
ENSG00000155893	-0.38835186683088097
ENSG00000228873	-0.38837080387551437
ENSG00000253251	-0.3883883773193595
ENSG00000004975	-0.38843572876261134
ENSG00000187741	-0.38860350806394117
ENSG00000064199	-0.38861173445206476
ENSG00000175556	-0.3886193856133051
ENSG00000272645	-0.3887015796308685
ENSG00000253557	-0.3887820666018942
ENSG00000174516	-0.3888099093871864
ENSG00000111707	-0.3888308089286123
ENSG00000160999	-0.3888849046558075
ENSG00000273445	-0.3889060866865329
ENSG00000147100	-0.3889925596110573
ENSG00000260470	-0.38900865227060477
ENSG00000115421	-0.389037293475771
ENSG00000171311	-0.3890817667369789
ENSG00000109906	-0.3892328792895361
ENSG00000136463	-0.3892359686447455
ENSG00000165272	-0.3893009777112555
ENSG00000108021	-0.3893695922528284
ENSG00000262482	-0.38939843065813307
ENSG00000069696	-0.3894033947192893
ENSG00000146701	-0.38942580701288787
ENSG00000168876	-0.38956817356914986
ENSG00000144671	-0.3895930375813269
ENSG00000197608	-0.3896067579350667
ENSG00000071889	-0.38962186610324234
ENSG00000149923	-0.3896541863100189
ENSG00000271324	-0.3897789236647452
ENSG00000185090	-0.389808435868234
ENSG00000100934	-0.38987198657146416
ENSG00000260943	-0.38988170978801473
ENSG00000226249	-0.3899266144882573
ENSG00000198301	-0.38994417391692215
ENSG00000164244	-0.39003234114907936
ENSG00000138435	-0.3901068750884201
ENSG00000232710	-0.3901113398337457
ENSG00000162441	-0.39011281846153223
ENSG00000228998	-0.39014051180632714
ENSG00000159348	-0.3901552400267193
ENSG00000273406	-0.3901714046996341
ENSG00000169413	-0.3902903884590355
ENSG00000248736	-0.39029851179263086
ENSG00000228709	-0.3903321052469262
ENSG00000166813	-0.39036956805936185
ENSG00000138002	-0.39037394263678127
ENSG00000242622	-0.3903876956554354
ENSG00000134153	-0.39039431358890386
ENSG00000063438	-0.3904042214701001
ENSG00000153015	-0.39043220947701074
ENSG00000228323	-0.3904772833679464
ENSG00000273076	-0.39050403825779234
ENSG00000237938	-0.39054078012032034
ENSG00000177352	-0.3906353485632368
ENSG00000131351	-0.39063833921662605
ENSG00000198585	-0.39066327284379354
ENSG00000063241	-0.3906927364263595
ENSG00000144647	-0.39070587767616183
ENSG00000134548	-0.39073710748173096
ENSG00000165533	-0.3907633880243707
ENSG00000174886	-0.3908118525398495
ENSG00000118363	-0.3908278756773643
ENSG00000164054	-0.39083077315484804
ENSG00000166897	-0.3908445141130785
ENSG00000105223	-0.39086294601224814
ENSG00000137575	-0.39098658594011326
ENSG00000163875	-0.3910277844442218
ENSG00000242553	-0.3910854145402317
ENSG00000230027	-0.39113377274174654
ENSG00000257860	-0.3911515582514251
ENSG00000106100	-0.3911572101901767
ENSG00000103024	-0.3911934589475723
ENSG00000006757	-0.39121251231506504
ENSG00000181754	-0.39128269793703285
ENSG00000063177	-0.3913468004074211
ENSG00000226891	-0.39145430572003115
ENSG00000267534	-0.39145819876164434
ENSG00000173898	-0.3914621772064171
ENSG00000087116	-0.39149774427806006
ENSG00000131097	-0.3915298378546396
ENSG00000249481	-0.3915413461738083
ENSG00000108106	-0.39162216257245264
ENSG00000129028	-0.39169780337841087
ENSG00000157350	-0.3917092898643795
ENSG00000150637	-0.39172150786674986
ENSG00000107551	-0.39172906701031274
ENSG00000272375	-0.39195606557762164
ENSG00000187051	-0.3919994978573713
ENSG00000162139	-0.39202109088540127
ENSG00000115594	-0.3920876983061332
ENSG00000107625	-0.3920988012901967
ENSG00000139679	-0.39214519224712296
ENSG00000233483	-0.39221848895799105
ENSG00000012822	-0.39222724086029503
ENSG00000196757	-0.39225090237368687
ENSG00000225156	-0.39236287005832804
ENSG00000179532	-0.39242775009116626
ENSG00000023287	-0.3925170566564298
ENSG00000129988	-0.3925840722278635
ENSG00000116221	-0.39265503416378145
ENSG00000159915	-0.39273085411788833
ENSG00000185670	-0.392780403839462
ENSG00000163554	-0.39281318218187766
ENSG00000144021	-0.39290921452440175
ENSG00000096433	-0.3929379508745309
ENSG00000244184	-0.39298484697392366
ENSG00000136152	-0.3929856379444331
ENSG00000049883	-0.3930779315972823
ENSG00000269886	-0.3930798272519135
ENSG00000134873	-0.39316655616292795
ENSG00000229331	-0.39317653004807074
ENSG00000241360	-0.39319829125607897
ENSG00000143595	-0.39321007060509083
ENSG00000169247	-0.39323549047718276
ENSG00000206013	-0.39329222994253044
ENSG00000130204	-0.39336629211223384
ENSG00000125895	-0.3933948278259125
ENSG00000163606	-0.3934126756112116
ENSG00000224578	-0.39343584025107625
ENSG00000135373	-0.3934589778181308
ENSG00000141934	-0.39351214195236783
ENSG00000228613	-0.3935320271442966
ENSG00000239636	-0.39358126419895123
ENSG00000138398	-0.3936195010701329
ENSG00000238105	-0.3937347593601551
ENSG00000089053	-0.3937711671707119
ENSG00000272758	-0.39377894230574795
ENSG00000180806	-0.3937945428659544
ENSG00000241560	-0.3938030842797613
ENSG00000269855	-0.3938228499722828
ENSG00000102580	-0.3938729313629381
ENSG00000170091	-0.39391641042034065
ENSG00000240449	-0.39393483879529656
ENSG00000257543	-0.3939511184847303
ENSG00000123870	-0.39400742911865594
ENSG00000119401	-0.39403844020387835
ENSG00000242612	-0.3940917270896239
ENSG00000228705	-0.39409525510574217
ENSG00000253389	-0.39410377492757287
ENSG00000084444	-0.39413514396354077
ENSG00000180611	-0.39421246733030635
ENSG00000160325	-0.3942622122019309
ENSG00000056050	-0.39428205428314045
ENSG00000262898	-0.39429653450890667
ENSG00000184986	-0.3942979806773502
ENSG00000246422	-0.39439448025403956
ENSG00000074695	-0.3944013301898863
ENSG00000253293	-0.3944479499280502
ENSG00000196664	-0.39450053056234036
ENSG00000103174	-0.39450219293905664
ENSG00000171130	-0.39456044493080955
ENSG00000187720	-0.3945611259260532
ENSG00000142186	-0.3945978627370571
ENSG00000124196	-0.39463039730672567
ENSG00000136770	-0.3946319664834259
ENSG00000005471	-0.3946371784900874
ENSG00000254676	-0.394648921292475
ENSG00000136750	-0.3947259096949365
ENSG00000100304	-0.39473274232443345
ENSG00000175505	-0.3947541738050444
ENSG00000155034	-0.39475771005535065
ENSG00000261105	-0.3947586437229441
ENSG00000136854	-0.3947727789731127
ENSG00000103502	-0.3947940583579995
ENSG00000203667	-0.39480328177039914
ENSG00000235903	-0.39481420514697196
ENSG00000164556	-0.3948660069814207
ENSG00000237819	-0.3949353757404258
ENSG00000227021	-0.3949870077878809
ENSG00000103152	-0.3950296132417489
ENSG00000102893	-0.3951264196438783
ENSG00000115295	-0.3951273357007835
ENSG00000236345	-0.39512785984648724
ENSG00000188883	-0.3952242389352333
ENSG00000134516	-0.39524188412836403
ENSG00000108828	-0.3952878249492494
ENSG00000207697	-0.39530019169395725
ENSG00000170473	-0.3953620330094082
ENSG00000259291	-0.39545363716545767
ENSG00000254067	-0.39552044123623475
ENSG00000117228	-0.39559997814896697
ENSG00000177627	-0.39561448479101824
ENSG00000101605	-0.39562855707635103
ENSG00000037241	-0.3956329971112822
ENSG00000259831	-0.3957210180936488
ENSG00000211787	-0.39572308836249814
ENSG00000233392	-0.3957234178225306
ENSG00000185306	-0.3957786836475199
ENSG00000197415	-0.3957798202164696
ENSG00000143627	-0.39588080826976024
ENSG00000198838	-0.39596685620919025
ENSG00000204684	-0.39601778615597116
ENSG00000150773	-0.39602743832559095
ENSG00000248118	-0.3961148239946405
ENSG00000121653	-0.39634673267416387
ENSG00000271941	-0.3963788391779629
ENSG00000062822	-0.39644031420494286
ENSG00000267448	-0.3964707231601011
ENSG00000239467	-0.39655146638072725
ENSG00000085514	-0.39655821100074695
ENSG00000178184	-0.39656844734275054
ENSG00000198959	-0.3965802447718477
ENSG00000101265	-0.3966131248046926
ENSG00000265480	-0.39668293558955303
ENSG00000121940	-0.39671748979261745
ENSG00000271971	-0.3967300881048117
ENSG00000113387	-0.3967302254292546
ENSG00000248866	-0.39673912487319773
ENSG00000142405	-0.3967406358826513
ENSG00000204815	-0.39675152584135454
ENSG00000170779	-0.3967620380117458
ENSG00000198892	-0.39677775753913824
ENSG00000223969	-0.39688752570482555
ENSG00000206337	-0.3969353626475126
ENSG00000265313	-0.3969436980290528
ENSG00000166822	-0.3969697804289284
ENSG00000076248	-0.3969812736783569
ENSG00000123143	-0.39701240288450723
ENSG00000106066	-0.3970876475690073
ENSG00000182208	-0.39720821054132416
ENSG00000165197	-0.3972167341004924
ENSG00000173020	-0.397287260300186
ENSG00000272734	-0.39730454061431153
ENSG00000183853	-0.3974001472308183
ENSG00000254429	-0.39740152811585816
ENSG00000007202	-0.3974190043193071
ENSG00000265802	-0.3974872574334588
ENSG00000174891	-0.39762333633698843
ENSG00000130560	-0.39763314984666964
ENSG00000243364	-0.39765318968122143
ENSG00000117602	-0.39768123550993895
ENSG00000168101	-0.3976834531025393
ENSG00000107020	-0.39768808084381146
ENSG00000211455	-0.397689989492497
ENSG00000263751	-0.397695779174584
ENSG00000214353	-0.3978028385242044
ENSG00000267030	-0.39780583045896545
ENSG00000108439	-0.39781059323833856
ENSG00000243155	-0.3978668764369594
ENSG00000118900	-0.3978911041546753
ENSG00000106400	-0.3978937150292752
ENSG00000135900	-0.39797017810806157
ENSG00000119938	-0.3979875880099967
ENSG00000232243	-0.3981322272454749
ENSG00000175938	-0.39817520572054843
ENSG00000186765	-0.39818587289095475
ENSG00000160551	-0.39822537726977414
ENSG00000032389	-0.39822987455982106
ENSG00000182035	-0.398251291304336
ENSG00000181626	-0.3982954811897498
ENSG00000196227	-0.3983434002559978
ENSG00000165140	-0.39835232959735767
ENSG00000089063	-0.39837130779944363
ENSG00000142002	-0.3984173840735271
ENSG00000095059	-0.3984214024253313
ENSG00000242247	-0.3984324021083442
ENSG00000115459	-0.3984572755510638
ENSG00000206262	-0.39847877461305936
ENSG00000163701	-0.398501628889811
ENSG00000169738	-0.39852292524669675
ENSG00000186188	-0.3985898971973909
ENSG00000065485	-0.39872027256126075
ENSG00000077713	-0.39872027498028606
ENSG00000260572	-0.3987338394435679
ENSG00000115486	-0.3987841494129458
ENSG00000243960	-0.39880436116063134
ENSG00000218891	-0.39884572439955923
ENSG00000126903	-0.39887908732383515
ENSG00000108700	-0.3989239904411481
ENSG00000167110	-0.39893785163237416
ENSG00000138448	-0.3989734938503161
ENSG00000143107	-0.3990821389787549
ENSG00000197475	-0.39909579339799195
ENSG00000119523	-0.3991774041533189
ENSG00000159461	-0.3992367201247413
ENSG00000115274	-0.3992438902875116
ENSG00000140471	-0.39926612804118167
ENSG00000241213	-0.3992866088564586
ENSG00000145494	-0.3993020809599115
ENSG00000189043	-0.39935427358057674
ENSG00000270159	-0.3993587009771137
ENSG00000073712	-0.3994073753859043
ENSG00000199899	-0.39941450014316016
ENSG00000230408	-0.3994881215578304
ENSG00000119013	-0.3995047112421861
ENSG00000189180	-0.39956111318412946
ENSG00000100342	-0.39958126281167394
ENSG00000129562	-0.3995842684960945
ENSG00000257613	-0.39962005194633266
ENSG00000141741	-0.3996215061215377
ENSG00000144035	-0.3996332587159366
ENSG00000059691	-0.39965555849821166
ENSG00000221983	-0.39975172802197234
ENSG00000100889	-0.3997539360615374
ENSG00000106006	-0.3997560130294129
ENSG00000065413	-0.39978124686432825
ENSG00000164756	-0.3998116911092049
ENSG00000076003	-0.3998344171669769
ENSG00000231666	-0.39990783054335943
ENSG00000245662	-0.39992759538266176
ENSG00000231346	-0.3999685949334315
ENSG00000149541	-0.40003115979255854
ENSG00000165244	-0.40007883345505535
ENSG00000167526	-0.4000980314754632
ENSG00000153048	-0.4002555583235532
ENSG00000101868	-0.4002832653426197
ENSG00000136536	-0.40034209104341534
ENSG00000227868	-0.4003627663085678
ENSG00000198754	-0.40049605935047317
ENSG00000184384	-0.40057444355844385
ENSG00000196482	-0.4006108624282537
ENSG00000171916	-0.4006148833581099
ENSG00000035862	-0.40062269105651827
ENSG00000163106	-0.40063713702769166
ENSG00000203896	-0.40070258178927887
ENSG00000207145	-0.40071981580247995
ENSG00000090273	-0.4007462896203592
ENSG00000271032	-0.40076341973535956
ENSG00000075945	-0.400774917357242
ENSG00000100911	-0.4009994730232749
ENSG00000101158	-0.40101071230877927
ENSG00000148481	-0.40103398809961377
ENSG00000173867	-0.40108656351687877
ENSG00000125458	-0.401117845828602
ENSG00000120742	-0.4011228608758237
ENSG00000214021	-0.4011792914549702
ENSG00000261428	-0.4012531092135174
ENSG00000132196	-0.401295127218376
ENSG00000267757	-0.40134295690058674
ENSG00000120498	-0.40135717722014297
ENSG00000131089	-0.40136089147638654
ENSG00000128609	-0.4014167101095709
ENSG00000110876	-0.4014367332835641
ENSG00000184162	-0.4014426016969994
ENSG00000206693	-0.4014874308505598
ENSG00000234756	-0.40157411432042933
ENSG00000151135	-0.4016394028400124
ENSG00000164867	-0.40169566749113106
ENSG00000142856	-0.4017182217502512
ENSG00000183785	-0.40172873453043123
ENSG00000273424	-0.40176938577558075
ENSG00000128713	-0.4018592707286649
ENSG00000104814	-0.4018613431585961
ENSG00000101076	-0.4018833541736878
ENSG00000186056	-0.4019953901892114
ENSG00000105058	-0.40207213244615736
ENSG00000185686	-0.4021380994282273
ENSG00000171451	-0.402176343655927
ENSG00000013441	-0.402197709162993
ENSG00000100196	-0.402233041847028
ENSG00000174547	-0.40229229286550394
ENSG00000134255	-0.40230826205642645
ENSG00000114771	-0.4023180232846343
ENSG00000177311	-0.4025164145400044
ENSG00000113555	-0.40252647158731125
ENSG00000071462	-0.402599052671328
ENSG00000187800	-0.402629970780482
ENSG00000164654	-0.4026690441823729
ENSG00000188582	-0.4027087216516516
ENSG00000131019	-0.40272980793386504
ENSG00000105341	-0.4027450642937075
ENSG00000176485	-0.40279038961447367
ENSG00000259211	-0.4028135717541471
ENSG00000189367	-0.4028423536748732
ENSG00000100294	-0.40285480054313194
ENSG00000103353	-0.4028850590075195
ENSG00000135269	-0.4029156192991846
ENSG00000130731	-0.4029247981459566
ENSG00000270170	-0.4029435178644677
ENSG00000204386	-0.40297021416793366
ENSG00000233223	-0.4030033242228922
ENSG00000106554	-0.4030166030492752
ENSG00000189306	-0.40311248430439195
ENSG00000129355	-0.40319202656770325
ENSG00000172732	-0.4032623913605795
ENSG00000033011	-0.4033008403863505
ENSG00000181097	-0.40331453122416616
ENSG00000182372	-0.40337162046558195
ENSG00000184232	-0.403384086759918
ENSG00000168994	-0.4034138060909407
ENSG00000117118	-0.4034445014120861
ENSG00000197903	-0.40358493360158143
ENSG00000103253	-0.40370659705866685
ENSG00000189212	-0.40376643834117143
ENSG00000163430	-0.40385154289579506
ENSG00000138823	-0.4038635351678813
ENSG00000198574	-0.4038682306865241
ENSG00000127774	-0.40389725611872407
ENSG00000135828	-0.4039174282733171
ENSG00000147432	-0.40394651281854466
ENSG00000159685	-0.4039732805045345
ENSG00000185418	-0.4040644179977785
ENSG00000164970	-0.4041372175282524
ENSG00000139675	-0.40415536942753916
ENSG00000147955	-0.40436942466519876
ENSG00000198146	-0.4043834401609877
ENSG00000138449	-0.40454359438636023
ENSG00000066455	-0.40455273827787674
ENSG00000247595	-0.40469350198823983
ENSG00000176293	-0.4047528083992299
ENSG00000118503	-0.4047853691997211
ENSG00000101049	-0.4049024400860367
ENSG00000134007	-0.40492849039905265
ENSG00000146232	-0.4049404900579501
ENSG00000221870	-0.40500194337309703
ENSG00000124602	-0.40506992472958714
ENSG00000127540	-0.40508781979231545
ENSG00000179855	-0.4050891758757518
ENSG00000179889	-0.4050982660481647
ENSG00000128694	-0.4051021103116528
ENSG00000110583	-0.40517653744541815
ENSG00000117748	-0.40518936846588494
ENSG00000164023	-0.4052362009113867
ENSG00000126698	-0.40524450545922985
ENSG00000224655	-0.4054004550365834
ENSG00000153395	-0.40545164026620406
ENSG00000242012	-0.4054637441410466
ENSG00000151116	-0.4054642262293695
ENSG00000099769	-0.4054648779874801
ENSG00000120539	-0.4055950467377579
ENSG00000143183	-0.40569475877296357
ENSG00000115602	-0.4057191243586966
ENSG00000165948	-0.4057258244111419
ENSG00000131142	-0.4057300106941387
ENSG00000154059	-0.4057326802365261
ENSG00000229325	-0.4058770205605149
ENSG00000238269	-0.405923262582507
ENSG00000160233	-0.4059350472857194
ENSG00000184363	-0.4059670701001219
ENSG00000051108	-0.40602252865221977
ENSG00000170955	-0.40602858791440866
ENSG00000260038	-0.40606324633724333
ENSG00000261584	-0.4061044258435955
ENSG00000111554	-0.40612325395308757
ENSG00000225102	-0.4061642864083812
ENSG00000176209	-0.4062473020766919
ENSG00000244682	-0.40627828198748295
ENSG00000123453	-0.40628539393027496
ENSG00000131171	-0.40635407640374765
ENSG00000250719	-0.406507346536055
ENSG00000230797	-0.40653684619495634
ENSG00000103510	-0.40656172571068383
ENSG00000214700	-0.40661827630431013
ENSG00000198680	-0.4066561197072166
ENSG00000260723	-0.4067033333858898
ENSG00000196110	-0.40670721441323865
ENSG00000054179	-0.40675564447678303
ENSG00000120697	-0.40678574267163925
ENSG00000235415	-0.40681673147709274
ENSG00000227359	-0.4068250052732638
ENSG00000128524	-0.4068778534585059
ENSG00000265992	-0.4068801184857982
ENSG00000136982	-0.4068829633483808
ENSG00000021355	-0.4068998599385365
ENSG00000145545	-0.4069276193093905
ENSG00000149948	-0.4069335457915447
ENSG00000136940	-0.4069426956332767
ENSG00000112195	-0.40694670061582117
ENSG00000143375	-0.4069737287557996
ENSG00000145863	-0.4070328655095735
ENSG00000267547	-0.4071529185065975
ENSG00000100201	-0.40730426285574584
ENSG00000108100	-0.4073556625518435
ENSG00000106080	-0.40743468243180436
ENSG00000136048	-0.40747931187527586
ENSG00000125910	-0.40757924549170466
ENSG00000268654	-0.4075878784433541
ENSG00000270055	-0.40760906912720696
ENSG00000160783	-0.4076682629232554
ENSG00000130940	-0.4077144146863644
ENSG00000211553	-0.4077339629934492
ENSG00000268593	-0.40773853985911246
ENSG00000271303	-0.4077628086021956
ENSG00000133816	-0.4077815726806342
ENSG00000140694	-0.4078108656117414
ENSG00000248709	-0.40786387415954284
ENSG00000137857	-0.40786436198968534
ENSG00000263276	-0.40788154110522823
ENSG00000169230	-0.4079574868984701
ENSG00000255801	-0.4079888581957881
ENSG00000170004	-0.4080117761627128
ENSG00000123739	-0.40803393758654805
ENSG00000159216	-0.40808139134942834
ENSG00000104368	-0.4081230709376379
ENSG00000107438	-0.4083846405338244
ENSG00000149798	-0.4084543733092385
ENSG00000168952	-0.4084734706202775
ENSG00000125656	-0.40848467641333275
ENSG00000240291	-0.4084993099801414
ENSG00000157322	-0.40851132431691195
ENSG00000270433	-0.4085345736098298
ENSG00000168067	-0.4085391526714037
ENSG00000058799	-0.40859479724724934
ENSG00000090971	-0.4086158452652454
ENSG00000151287	-0.40862157227683027
ENSG00000164053	-0.40870178849622785
ENSG00000144591	-0.40874449951661673
ENSG00000234776	-0.40876190109628574
ENSG00000089225	-0.40876500546242267
ENSG00000255568	-0.4087715010236578
ENSG00000237356	-0.40881445206694467
ENSG00000070190	-0.4088541329430383
ENSG00000272416	-0.408871834192157
ENSG00000272918	-0.4089275586599507
ENSG00000224582	-0.4089404008407639
ENSG00000135093	-0.4089611550378309
ENSG00000239665	-0.40896849528325874
ENSG00000254900	-0.409017288178521
ENSG00000250027	-0.40908045520334924
ENSG00000049769	-0.40913457550019017
ENSG00000053372	-0.40918415572472366
ENSG00000184220	-0.4092085143382944
ENSG00000100632	-0.4092246889386093
ENSG00000159423	-0.4092510183626562
ENSG00000082068	-0.4092760719480768
ENSG00000204439	-0.4094378143942736
ENSG00000182973	-0.4095309751320171
ENSG00000164040	-0.40957079611802905
ENSG00000120729	-0.4095801717963319
ENSG00000243989	-0.40971515125905134
ENSG00000233145	-0.4097559473763812
ENSG00000129667	-0.40977878002651014
ENSG00000130023	-0.40978111446629706
ENSG00000100441	-0.409803341931275
ENSG00000186652	-0.4098052677082683
ENSG00000196071	-0.4098309881210236
ENSG00000183091	-0.40985319353839067
ENSG00000182628	-0.40992979252318673
ENSG00000187840	-0.4099952852996299
ENSG00000203747	-0.41010918133297725
ENSG00000265962	-0.4101581205656385
ENSG00000223528	-0.41016836113904265
ENSG00000164692	-0.4102852853930288
ENSG00000127951	-0.4103124398806457
ENSG00000178498	-0.4103189481059967
ENSG00000241549	-0.4103456963709412
ENSG00000104671	-0.4103538823723468
ENSG00000166340	-0.41044919890655995
ENSG00000126878	-0.41048327037620025
ENSG00000125779	-0.4105545684153531
ENSG00000233643	-0.41056130871379726
ENSG00000267980	-0.4106933901351373
ENSG00000126062	-0.41072669024469655
ENSG00000115221	-0.4108073615834208
ENSG00000137273	-0.4108281372155941
ENSG00000271020	-0.4108780208413
ENSG00000115446	-0.41089825239770805
ENSG00000249825	-0.41094148646478534
ENSG00000143793	-0.4109917611854148
ENSG00000172115	-0.4110046856367683
ENSG00000224805	-0.4110295825400514
ENSG00000075188	-0.4111142693471421
ENSG00000128340	-0.4111199440312052
ENSG00000262202	-0.41114554290673844
ENSG00000130827	-0.41116049540586064
ENSG00000242360	-0.4111847314842253
ENSG00000083223	-0.41119165354793996
ENSG00000266985	-0.41121237444503167
ENSG00000164403	-0.41124771157717444
ENSG00000261934	-0.41131285947345675
ENSG00000184343	-0.4114080901508186
ENSG00000182195	-0.41143061577542994
ENSG00000151364	-0.4114375344397784
ENSG00000158887	-0.4115132725640892
ENSG00000251575	-0.41156089941758567
ENSG00000257681	-0.4115906621528016
ENSG00000084093	-0.4115936081595385
ENSG00000175137	-0.41160811878662784
ENSG00000035928	-0.41163273346865126
ENSG00000153904	-0.41168384603095187
ENSG00000269172	-0.4117236948049684
ENSG00000123154	-0.41173119839391137
ENSG00000260953	-0.4117548541830257
ENSG00000151465	-0.4117789623543716
ENSG00000122971	-0.41179999641728515
ENSG00000225166	-0.41182709180193355
ENSG00000144674	-0.4118402288709522
ENSG00000197497	-0.41190349344391786
ENSG00000229483	-0.41197706774228005
ENSG00000113161	-0.4120349274100191
ENSG00000260751	-0.4120567526787824
ENSG00000196890	-0.4120924997426615
ENSG00000134077	-0.41209424663981475
ENSG00000132688	-0.41209498132848155
ENSG00000188010	-0.4121097289550548
ENSG00000116514	-0.4121352208349758
ENSG00000187010	-0.4121782049510825
ENSG00000199266	-0.4121807276357309
ENSG00000147394	-0.41221975604658134
ENSG00000136327	-0.4122622097744608
ENSG00000128016	-0.41231324567052374
ENSG00000128228	-0.41235506504928876
ENSG00000269934	-0.41237155039499296
ENSG00000128311	-0.4124757311574083
ENSG00000090530	-0.41249054632659
ENSG00000272669	-0.4125121101228182
ENSG00000240350	-0.4125320336599405
ENSG00000095380	-0.41259193872543853
ENSG00000260456	-0.41261517598911246
ENSG00000182054	-0.41267822333810256
ENSG00000198774	-0.4127195891201342
ENSG00000134313	-0.4127845177072863
ENSG00000189369	-0.41283459454693505
ENSG00000013523	-0.41285888834334117
ENSG00000135437	-0.4130125135117432
ENSG00000273164	-0.413035095271603
ENSG00000177570	-0.41304010039707106
ENSG00000183762	-0.41306121566157916
ENSG00000139726	-0.4130707169951825
ENSG00000197471	-0.41307825190527026
ENSG00000127588	-0.41310035433548464
ENSG00000205744	-0.4131699700450513
ENSG00000134830	-0.4132001258952228
ENSG00000165194	-0.4132139522857087
ENSG00000122641	-0.4132347156825925
ENSG00000119326	-0.4132588733541661
ENSG00000107130	-0.413275882764673
ENSG00000140451	-0.4132765450018504
ENSG00000237877	-0.4132903321331275
ENSG00000224934	-0.4133474603311085
ENSG00000272050	-0.41335029178920646
ENSG00000249961	-0.4134019612626232
ENSG00000150477	-0.41341555193141355
ENSG00000173114	-0.4134189982867116
ENSG00000269483	-0.4135846956323175
ENSG00000111224	-0.4135998516829499
ENSG00000203837	-0.413607958930292
ENSG00000129968	-0.4136185932742541
ENSG00000225280	-0.4136325931449705
ENSG00000239382	-0.41369198765277104
ENSG00000198792	-0.4138051885383912
ENSG00000173575	-0.4138293592579747
ENSG00000089472	-0.41383228553879514
ENSG00000049449	-0.4140321300159502
ENSG00000272334	-0.4140571248805033
ENSG00000105928	-0.4140720770627746
ENSG00000105146	-0.4141233402209128
ENSG00000166446	-0.41414825932268395
ENSG00000122912	-0.4141628665287288
ENSG00000148426	-0.4141998101216201
ENSG00000239513	-0.41421406513656367
ENSG00000103042	-0.4142254440283556
ENSG00000178982	-0.41423994420263177
ENSG00000087586	-0.41439754117606287
ENSG00000134874	-0.4144541762597588
ENSG00000269349	-0.41449864664703406
ENSG00000164850	-0.414521521325696
ENSG00000183726	-0.41463274805995887
ENSG00000169228	-0.4147106828611159
ENSG00000262312	-0.4147736389368597
ENSG00000117069	-0.4148007929850607
ENSG00000130487	-0.4148366959177512
ENSG00000119669	-0.414843203556989
ENSG00000178761	-0.4148776941357374
ENSG00000264589	-0.4148948444114201
ENSG00000198833	-0.41497560875725126
ENSG00000175970	-0.4150155660036794
ENSG00000167555	-0.41503910188321635
ENSG00000137094	-0.4151679308522035
ENSG00000149596	-0.41517431268973726
ENSG00000269929	-0.4154101986243147
ENSG00000178585	-0.41542294111036593
ENSG00000141027	-0.4154815897355467
ENSG00000169021	-0.41553966666220843
ENSG00000267317	-0.4156790925401377
ENSG00000138347	-0.41572892529516237
ENSG00000174483	-0.4158021140405741
ENSG00000148290	-0.41589549542950954
ENSG00000257696	-0.4159856138485809
ENSG00000140995	-0.4160934165108463
ENSG00000196839	-0.41613025745694654
ENSG00000172428	-0.41617211159575684
ENSG00000068078	-0.4162497293660613
ENSG00000130829	-0.41625535117582524
ENSG00000204922	-0.41628554426372266
ENSG00000249618	-0.41628632588490067
ENSG00000272911	-0.41637387429491135
ENSG00000273387	-0.41651332146007336
ENSG00000136877	-0.41651506242287695
ENSG00000047230	-0.41652293059397805
ENSG00000111344	-0.41654019939565123
ENSG00000126262	-0.41656306863513237
ENSG00000138604	-0.41658408704585836
ENSG00000023892	-0.41663269959459015
ENSG00000174564	-0.41665274888924186
ENSG00000269947	-0.4167004489264369
ENSG00000250155	-0.41674261943983515
ENSG00000066336	-0.4168351341799519
ENSG00000267437	-0.41687054899065834
ENSG00000247363	-0.41688413016035997
ENSG00000227345	-0.41692843736082497
ENSG00000105700	-0.41695128844350937
ENSG00000237781	-0.41701860922431555
ENSG00000228852	-0.4170381182686248
ENSG00000182704	-0.41704943996084654
ENSG00000226706	-0.41705934101903475
ENSG00000043039	-0.4171190104583432
ENSG00000254505	-0.41712148528310444
ENSG00000241749	-0.4171336683148368
ENSG00000113811	-0.41715093778129253
ENSG00000157657	-0.4172942664863998
ENSG00000116016	-0.4173328325837795
ENSG00000189403	-0.41733904379980913
ENSG00000100532	-0.4173895839393281
ENSG00000235281	-0.41745177990861193
ENSG00000099377	-0.41747056335072386
ENSG00000136319	-0.417488074547269
ENSG00000179295	-0.41751592508421187
ENSG00000234493	-0.41757172230383965
ENSG00000119943	-0.41759645498050535
ENSG00000158473	-0.4177026100482357
ENSG00000138193	-0.4177613196546117
ENSG00000122986	-0.41785386984854056
ENSG00000159184	-0.4178585915126297
ENSG00000103423	-0.4179101694951608
ENSG00000163564	-0.4179374922359166
ENSG00000105610	-0.4179384046908984
ENSG00000173207	-0.41797280128770153
ENSG00000267288	-0.4180514020096757
ENSG00000169403	-0.41805690795656325
ENSG00000090674	-0.4180579097592396
ENSG00000183513	-0.41811895381169195
ENSG00000182768	-0.4182748838739192
ENSG00000228727	-0.4182946647944823
ENSG00000169895	-0.4183183918268406
ENSG00000125170	-0.4183386243578542
ENSG00000072864	-0.4183656315096127
ENSG00000128602	-0.41840611160975927
ENSG00000135070	-0.4184073626290302
ENSG00000273151	-0.4184139238296489
ENSG00000157856	-0.41845124230956443
ENSG00000165630	-0.41855096373417144
ENSG00000182827	-0.4186230483724147
ENSG00000101084	-0.4186488831146863
ENSG00000113070	-0.4186562689365977
ENSG00000123338	-0.4186818195367712
ENSG00000004948	-0.4187193570937212
ENSG00000136240	-0.41885617541203524
ENSG00000198876	-0.4188793121533312
ENSG00000113273	-0.4188992864285416
ENSG00000259839	-0.4190471542923093
ENSG00000139496	-0.41914596183975583
ENSG00000223442	-0.41917655816154387
ENSG00000135930	-0.41919356929687157
ENSG00000226472	-0.41925740728961913
ENSG00000107796	-0.41937172675347856
ENSG00000165584	-0.41941221045268806
ENSG00000253953	-0.41946353846275175
ENSG00000140988	-0.4195198581202443
ENSG00000213123	-0.4195905967529887
ENSG00000214929	-0.41960807856409155
ENSG00000179344	-0.41961976875868345
ENSG00000234199	-0.41965426415050033
ENSG00000178922	-0.4198972571930064
ENSG00000213988	-0.4199130706324694
ENSG00000183304	-0.4199431117378374
ENSG00000013288	-0.4199537730932461
ENSG00000104826	-0.42004262753391686
ENSG00000136021	-0.42006373409915043
ENSG00000064652	-0.42006940562486583
ENSG00000198604	-0.420103417845183
ENSG00000031081	-0.42013154071355896
ENSG00000214360	-0.42014185450174557
ENSG00000101160	-0.4201762080149988
ENSG00000200879	-0.4203310785156048
ENSG00000089876	-0.42050184961962533
ENSG00000107731	-0.42054981744360964
ENSG00000212719	-0.42056097628499245
ENSG00000212978	-0.42064818548776195
ENSG00000119771	-0.4206684105484021
ENSG00000273137	-0.4207496755092336
ENSG00000162630	-0.42076062279533344
ENSG00000205730	-0.4207998423249435
ENSG00000215018	-0.42082182597787043
ENSG00000261460	-0.42082883790122827
ENSG00000115841	-0.4208603049583972
ENSG00000143110	-0.42091128549046997
ENSG00000108001	-0.4209482587195742
ENSG00000138768	-0.4209605797895878
ENSG00000143799	-0.4210028233387152
ENSG00000153130	-0.4210057483837578
ENSG00000005022	-0.4210067946621794
ENSG00000129691	-0.4211210809758028
ENSG00000112667	-0.42113218985240575
ENSG00000183011	-0.4212296449505084
ENSG00000157306	-0.421236251556637
ENSG00000240864	-0.421240102112196
ENSG00000272112	-0.4213602429547676
ENSG00000064666	-0.42155136772985824
ENSG00000161677	-0.42157506454967286
ENSG00000173141	-0.42162322100355654
ENSG00000180846	-0.42164810852714885
ENSG00000166881	-0.42169077574505187
ENSG00000165617	-0.42169236350534156
ENSG00000103021	-0.4217292485436511
ENSG00000165621	-0.4218603858593841
ENSG00000105185	-0.42187685088477755
ENSG00000169490	-0.4219866867568651
ENSG00000176927	-0.4220002061474474
ENSG00000226976	-0.42211292464635297
ENSG00000260001	-0.422122195619997
ENSG00000174442	-0.4221757727849892
ENSG00000267834	-0.42219210018658304
ENSG00000079332	-0.42220847776131554
ENSG00000016864	-0.4223271495804448
ENSG00000090861	-0.42233929533935033
ENSG00000237499	-0.42235125701050724
ENSG00000240562	-0.4223527037756545
ENSG00000250674	-0.42236286583334937
ENSG00000167775	-0.42252123285107057
ENSG00000179165	-0.42258661567629696
ENSG00000249084	-0.42262883754271163
ENSG00000270127	-0.42272678239955774
ENSG00000089163	-0.422753344106258
ENSG00000005238	-0.4227899119192806
ENSG00000198053	-0.4227922868128404
ENSG00000258260	-0.42281394892507274
ENSG00000149507	-0.42295249489509446
ENSG00000125977	-0.4229526787331275
ENSG00000119986	-0.42308565402389986
ENSG00000099904	-0.4232172190763749
ENSG00000118418	-0.4232943121349596
ENSG00000165644	-0.42333827891385556
ENSG00000270001	-0.4235133388475716
ENSG00000121410	-0.4235641609279922
ENSG00000163932	-0.42356780668354377
ENSG00000187172	-0.4235900640317648
ENSG00000163138	-0.4236289006423659
ENSG00000187068	-0.4237141036441413
ENSG00000244151	-0.4237885282785764
ENSG00000076513	-0.4237969792322296
ENSG00000183260	-0.42379721224241274
ENSG00000250900	-0.4238414548234031
ENSG00000130175	-0.42384810850181664
ENSG00000253092	-0.42388767419268314
ENSG00000122378	-0.42389938057872867
ENSG00000182255	-0.4239370182203872
ENSG00000108506	-0.4239477781970967
ENSG00000234961	-0.424002348227173
ENSG00000198732	-0.42408616256413123
ENSG00000121406	-0.42414650185172487
ENSG00000164167	-0.4242190570573612
ENSG00000047597	-0.4242391096104945
ENSG00000221819	-0.4242506307102437
ENSG00000214694	-0.42425065304708076
ENSG00000074966	-0.4243592010487599
ENSG00000133131	-0.4244090268618611
ENSG00000136274	-0.4244125594969157
ENSG00000100221	-0.42442980483201653
ENSG00000114026	-0.42445513494923615
ENSG00000160219	-0.42450574261630614
ENSG00000221953	-0.42453276837384646
ENSG00000257824	-0.4246599185154737
ENSG00000273033	-0.42467261944009393
ENSG00000143977	-0.4246960207629178
ENSG00000137100	-0.42473777322895967
ENSG00000002586	-0.4247427377045888
ENSG00000225703	-0.42480355781977297
ENSG00000178462	-0.4248516523098841
ENSG00000244124	-0.4249088222095776
ENSG00000132613	-0.4249139982860781
ENSG00000204160	-0.42496760879415796
ENSG00000262362	-0.4249793740675951
ENSG00000198087	-0.4249796559790099
ENSG00000166451	-0.4250249746157053
ENSG00000020633	-0.4250274101441255
ENSG00000132155	-0.42503775753649753
ENSG00000138131	-0.42510339571188815
ENSG00000159884	-0.4251887554658249
ENSG00000198887	-0.42524628661753827
ENSG00000001631	-0.42526667367939874
ENSG00000166004	-0.4253391220085455
ENSG00000168016	-0.4254292587440046
ENSG00000099999	-0.42553234445740606
ENSG00000253563	-0.4255581890277127
ENSG00000128626	-0.4255819472434592
ENSG00000243849	-0.4255939009955013
ENSG00000088812	-0.4256358040119965
ENSG00000214046	-0.42570658669715533
ENSG00000266908	-0.42572593003667125
ENSG00000111860	-0.42573125738074824
ENSG00000053501	-0.42576276229306853
ENSG00000116237	-0.4259310785690691
ENSG00000187091	-0.42608066223428376
ENSG00000164117	-0.4260827295618905
ENSG00000112096	-0.42614293859428376
ENSG00000101194	-0.4261507472092655
ENSG00000176788	-0.42618395638423734
ENSG00000164038	-0.42618938789500127
ENSG00000246705	-0.4262153779249187
ENSG00000105618	-0.4262228426099668
ENSG00000148362	-0.42627781162531897
ENSG00000132781	-0.4263305986756095
ENSG00000164520	-0.4263737975302201
ENSG00000174482	-0.42643968383018727
ENSG00000242866	-0.42645706354369606
ENSG00000188343	-0.42648237699608116
ENSG00000116824	-0.42652716395848833
ENSG00000162592	-0.42655646341498443
ENSG00000230590	-0.42659551575866916
ENSG00000090263	-0.4266028901460729
ENSG00000106258	-0.42664257415137075
ENSG00000160201	-0.4266728112400716
ENSG00000066427	-0.4267627130877646
ENSG00000145384	-0.4267821004061202
ENSG00000137522	-0.4267850805660619
ENSG00000234465	-0.4268158463307784
ENSG00000179046	-0.4268632951766361
ENSG00000031003	-0.4269307645252338
ENSG00000137822	-0.42693175898572566
ENSG00000168229	-0.4270211726408051
ENSG00000230258	-0.4271387945342372
ENSG00000196976	-0.4271609965200477
ENSG00000074842	-0.42717310885607584
ENSG00000159674	-0.427194186332045
ENSG00000237435	-0.4272163335025869
ENSG00000221829	-0.4272508446712935
ENSG00000167637	-0.4272578840243052
ENSG00000157978	-0.42728058910045597
ENSG00000267219	-0.4273773234912649
ENSG00000112796	-0.42737824056528884
ENSG00000230891	-0.42741844565443354
ENSG00000198018	-0.42744996418725845
ENSG00000096996	-0.42753070592587317
ENSG00000114383	-0.4275993504581591
ENSG00000172404	-0.42768408425919135
ENSG00000239218	-0.42778363847630607
ENSG00000251666	-0.42780290681316313
ENSG00000129515	-0.42785637952619415
ENSG00000165449	-0.42792109959998437
ENSG00000182180	-0.4279635447629915
ENSG00000205930	-0.4279964878401529
ENSG00000142327	-0.4280536436628789
ENSG00000133321	-0.4280875876711774
ENSG00000117298	-0.4281874247092552
ENSG00000179766	-0.4281899286242672
ENSG00000257139	-0.42820982647831574
ENSG00000179059	-0.42821944149124325
ENSG00000114439	-0.42826043371221356
ENSG00000092068	-0.4282693575556211
ENSG00000114378	-0.4282696705115515
ENSG00000106638	-0.4282877677221172
ENSG00000116898	-0.4283156896832916
ENSG00000120708	-0.4283356188952999
ENSG00000237714	-0.4283838650577272
ENSG00000213809	-0.42838739492693423
ENSG00000143947	-0.4284913934399589
ENSG00000259146	-0.4285096301390463
ENSG00000244247	-0.4285219011981418
ENSG00000179859	-0.42855067894408294
ENSG00000087085	-0.4286122247884283
ENSG00000136689	-0.42871403571082145
ENSG00000205790	-0.4287484353840625
ENSG00000261123	-0.4287879093484074
ENSG00000106689	-0.428837553803997
ENSG00000077721	-0.4288626842167821
ENSG00000155304	-0.42888119374385547
ENSG00000234425	-0.42894252251044185
ENSG00000224549	-0.4290095790832662
ENSG00000159433	-0.4290265359637554
ENSG00000254838	-0.4290392753917617
ENSG00000106031	-0.42907672848805833
ENSG00000083123	-0.429155499915043
ENSG00000260306	-0.42917002451997366
ENSG00000238178	-0.4291771206298167
ENSG00000254840	-0.42925834446764355
ENSG00000253304	-0.4293137554590295
ENSG00000180998	-0.42933190550622224
ENSG00000182272	-0.42937931434442467
ENSG00000133243	-0.42940708169018027
ENSG00000179526	-0.42950658109403794
ENSG00000110108	-0.42957999824729853
ENSG00000175662	-0.429618085535204
ENSG00000156467	-0.42966040196583843
ENSG00000225446	-0.42968499727097254
ENSG00000144891	-0.4297271801808741
ENSG00000148019	-0.42979516529438655
ENSG00000267904	-0.4298129019096373
ENSG00000162236	-0.4298229247470362
ENSG00000167705	-0.4298326074992449
ENSG00000140030	-0.42985339893847874
ENSG00000069206	-0.42988483207678474
ENSG00000182154	-0.42993974111347144
ENSG00000102312	-0.42997940425941106
ENSG00000261239	-0.4300589790211551
ENSG00000105261	-0.43011621813862133
ENSG00000038002	-0.4301452732561629
ENSG00000256262	-0.43016637048139494
ENSG00000119919	-0.4301703947693798
ENSG00000207650	-0.4301965372431037
ENSG00000204019	-0.4302569061067132
ENSG00000136044	-0.43028793552152567
ENSG00000225439	-0.4303692668113299
ENSG00000175463	-0.43040888839406866
ENSG00000167600	-0.4304230718235642
ENSG00000111145	-0.43044079016826664
ENSG00000188761	-0.43046828302727735
ENSG00000179958	-0.43059370023195287
ENSG00000149313	-0.43062982882794787
ENSG00000172336	-0.43064896149692633
ENSG00000234705	-0.43075226810322975
ENSG00000167895	-0.4307697175757572
ENSG00000204149	-0.4308290246151333
ENSG00000255087	-0.43084552298210854
ENSG00000072954	-0.43094515276949164
ENSG00000271192	-0.43095585695653993
ENSG00000186526	-0.4310339355228724
ENSG00000143811	-0.43105067454341206
ENSG00000155827	-0.43113994127159694
ENSG00000120533	-0.43115991132220044
ENSG00000169515	-0.43120315868370473
ENSG00000145029	-0.43122637752764437
ENSG00000178776	-0.4312661777590687
ENSG00000114978	-0.4313079641682036
ENSG00000088179	-0.43135968235008826
ENSG00000170537	-0.43145797970616906
ENSG00000186312	-0.43167321025467664
ENSG00000080189	-0.43167489765989864
ENSG00000137040	-0.4317051174654766
ENSG00000164002	-0.4319141135771706
ENSG00000205593	-0.4319521242264247
ENSG00000138613	-0.43211693339996293
ENSG00000138303	-0.4322263912424552
ENSG00000138658	-0.4326204894218547
ENSG00000232754	-0.4329637663919341
ENSG00000148985	-0.43303644077444137
ENSG00000186480	-0.4331098059576537
ENSG00000272428	-0.4331550323668484
ENSG00000172752	-0.4332652003888591
ENSG00000181826	-0.4332959668974401
ENSG00000196505	-0.4333325195028188
ENSG00000134056	-0.433539309153947
ENSG00000088053	-0.4336173306249098
ENSG00000161929	-0.43368836013354717
ENSG00000164919	-0.43370257710590454
ENSG00000128594	-0.433727462529102
ENSG00000251143	-0.4337387374454573
ENSG00000099194	-0.43388237694927934
ENSG00000165929	-0.4338953961919241
ENSG00000101166	-0.4339915423677826
ENSG00000104936	-0.43401261660077717
ENSG00000155636	-0.43401756363758437
ENSG00000213822	-0.4340838430414713
ENSG00000104974	-0.4341157748170804
ENSG00000244402	-0.43417244703066005
ENSG00000159921	-0.43418440341312503
ENSG00000214954	-0.43422879594464703
ENSG00000154114	-0.4344957120778776
ENSG00000162511	-0.43454418026486386
ENSG00000254480	-0.4345968311253833
ENSG00000170417	-0.4346479222938765
ENSG00000241135	-0.4346677854824025
ENSG00000168118	-0.43470095021930877
ENSG00000175445	-0.4347058117777357
ENSG00000225376	-0.43472987820449416
ENSG00000187186	-0.4347425234340032
ENSG00000070761	-0.4347530543058278
ENSG00000102195	-0.43477183820098453
ENSG00000090615	-0.43487750846096285
ENSG00000091651	-0.4348912572291467
ENSG00000137504	-0.4349583603891909
ENSG00000106404	-0.4349896184489058
ENSG00000261114	-0.4350454207056521
ENSG00000177556	-0.435088686719041
ENSG00000136156	-0.4351243599347091
ENSG00000005882	-0.4351283271318611
ENSG00000207051	-0.4352180892051041
ENSG00000259536	-0.4352416106272069
ENSG00000101255	-0.4352417296133466
ENSG00000166710	-0.43524888612026136
ENSG00000154438	-0.4352611565288681
ENSG00000177143	-0.4353544403778873
ENSG00000169223	-0.4353679706473176
ENSG00000234070	-0.4355114849727154
ENSG00000105755	-0.43554064838613493
ENSG00000107242	-0.43559729852672113
ENSG00000100612	-0.43571713654044153
ENSG00000172139	-0.4357784894934438
ENSG00000147649	-0.43579069045955854
ENSG00000136522	-0.4358332060082106
ENSG00000197702	-0.4359067104713308
ENSG00000163909	-0.4359435338547325
ENSG00000131459	-0.43599847605437736
ENSG00000105707	-0.4360068271731732
ENSG00000174307	-0.4360453720739559
ENSG00000127507	-0.4360911343946101
ENSG00000257346	-0.4361807729494829
ENSG00000169139	-0.4362484807580398
ENSG00000272486	-0.43625493190862397
ENSG00000271605	-0.4363096565449519
ENSG00000185813	-0.4363105375822496
ENSG00000134243	-0.4363212736951678
ENSG00000228484	-0.436326877112836
ENSG00000144118	-0.4363389868347045
ENSG00000148680	-0.4363579949053197
ENSG00000135317	-0.43644491882231984
ENSG00000089505	-0.4364876707748019
ENSG00000270016	-0.4365376512018124
ENSG00000251752	-0.43656270990615376
ENSG00000166359	-0.4365773790560139
ENSG00000165474	-0.4365847877028549
ENSG00000173825	-0.43669466737195106
ENSG00000088280	-0.43682900677128134
ENSG00000160209	-0.43683087754082617
ENSG00000205336	-0.4368489701016205
ENSG00000134690	-0.43694186195647733
ENSG00000133937	-0.43703616743237816
ENSG00000267680	-0.43704430373296044
ENSG00000086300	-0.43713721899310365
ENSG00000005243	-0.43715333394302813
ENSG00000143520	-0.4371760424416369
ENSG00000074410	-0.4372175547358027
ENSG00000115226	-0.4372430524723524
ENSG00000162813	-0.43730591615046566
ENSG00000079435	-0.4373164937270293
ENSG00000116748	-0.4373790506544437
ENSG00000214776	-0.43739347399734907
ENSG00000132207	-0.4374770039289505
ENSG00000223553	-0.4374815731340753
ENSG00000153820	-0.43748348376087665
ENSG00000179271	-0.43756255745261097
ENSG00000261305	-0.43756362212085487
ENSG00000253142	-0.4375655260846544
ENSG00000101849	-0.4375663904758609
ENSG00000114062	-0.4376095264977723
ENSG00000146007	-0.4376126876422972
ENSG00000257935	-0.43762944658693936
ENSG00000144045	-0.43769564905040237
ENSG00000272447	-0.4377117768564447
ENSG00000184898	-0.4377294424054482
ENSG00000264112	-0.437813422612105
ENSG00000253106	-0.43783225382983115
ENSG00000197044	-0.4378626587380854
ENSG00000242252	-0.4379894758012475
ENSG00000184113	-0.4381046215350033
ENSG00000118260	-0.43813665306092864
ENSG00000272836	-0.438148258993173
ENSG00000263432	-0.4382302521587329
ENSG00000261683	-0.4383790471360923
ENSG00000199785	-0.4385422700927224
ENSG00000262903	-0.4386264551990149
ENSG00000244578	-0.4386449141791584
ENSG00000118162	-0.43870293779190084
ENSG00000260121	-0.4387031895274398
ENSG00000110066	-0.4387742313793612
ENSG00000105851	-0.43881693506715236
ENSG00000104081	-0.43893397780093046
ENSG00000147439	-0.43895703872653524
ENSG00000230778	-0.43897081640942504
ENSG00000125900	-0.43900244798068067
ENSG00000034713	-0.4390745782263229
ENSG00000119541	-0.4390761263756824
ENSG00000160957	-0.4390966867806575
ENSG00000117016	-0.43918000421564396
ENSG00000120832	-0.4393045535095932
ENSG00000133106	-0.43933401020461016
ENSG00000269899	-0.4396620779296764
ENSG00000267532	-0.4396708413428486
ENSG00000168273	-0.4397177198004646
ENSG00000084453	-0.4398427933093828
ENSG00000186625	-0.44006471532358693
ENSG00000183559	-0.44008258380382137
ENSG00000061794	-0.4401843897709582
ENSG00000130038	-0.4402972527798842
ENSG00000134569	-0.4403315264185784
ENSG00000171051	-0.44041521121032545
ENSG00000241954	-0.44041537974390177
ENSG00000111664	-0.44042286106925777
ENSG00000122012	-0.4404520462166073
ENSG00000162517	-0.44045647347614447
ENSG00000163568	-0.44048342318396005
ENSG00000134030	-0.4405081558315991
ENSG00000250902	-0.44052186766386836
ENSG00000172301	-0.4405254204580459
ENSG00000129932	-0.44058063314840823
ENSG00000086015	-0.4406049668576044
ENSG00000177169	-0.44062973935056504
ENSG00000109063	-0.44073389569316923
ENSG00000137103	-0.44089223298491875
ENSG00000198856	-0.44094133784193335
ENSG00000164181	-0.4411243483856885
ENSG00000111731	-0.4411407702140764
ENSG00000035141	-0.4412439944405949
ENSG00000184924	-0.441249307627398
ENSG00000139899	-0.44129628235441865
ENSG00000207554	-0.4413210648474616
ENSG00000155962	-0.4413959553193251
ENSG00000010404	-0.4414839233467819
ENSG00000257732	-0.441515399633321
ENSG00000244405	-0.44160849992094353
ENSG00000079459	-0.44167097275578115
ENSG00000140678	-0.441758838346503
ENSG00000161091	-0.4417691328816812
ENSG00000100380	-0.44180444579727185
ENSG00000204304	-0.4418051421791006
ENSG00000167157	-0.4418228897417009
ENSG00000104870	-0.4418534659680534
ENSG00000261101	-0.44186954830333247
ENSG00000198944	-0.4418712613294101
ENSG00000264120	-0.4418888075472732
ENSG00000169189	-0.44189213688144213
ENSG00000112812	-0.44203534179940107
ENSG00000234171	-0.4420800973189357
ENSG00000162599	-0.44231785719129146
ENSG00000239311	-0.4423335161152758
ENSG00000140839	-0.44233438440533246
ENSG00000151725	-0.44233634366638597
ENSG00000143622	-0.442366833762426
ENSG00000102287	-0.4423880782436689
ENSG00000228636	-0.44240212093677456
ENSG00000071082	-0.4426846210194023
ENSG00000271973	-0.4427145642942685
ENSG00000088035	-0.44276693663903166
ENSG00000175182	-0.44278196924317303
ENSG00000186222	-0.44280987936308647
ENSG00000184584	-0.44281002490231613
ENSG00000082515	-0.4428675111921003
ENSG00000047249	-0.4429064269043581
ENSG00000183010	-0.4429162128613289
ENSG00000234595	-0.4429329171047195
ENSG00000164976	-0.4429477932881889
ENSG00000129625	-0.4430063601769221
ENSG00000131480	-0.4431047548530487
ENSG00000163156	-0.4431297746674083
ENSG00000102145	-0.44322360655490545
ENSG00000135185	-0.44327249609086405
ENSG00000171307	-0.44330049733906485
ENSG00000255447	-0.44330750385073847
ENSG00000168724	-0.44335529745932245
ENSG00000225350	-0.4433717700462335
ENSG00000121064	-0.44338245664922593
ENSG00000227253	-0.44341921377228644
ENSG00000207165	-0.44346371007239727
ENSG00000181817	-0.44348569769912816
ENSG00000025293	-0.44354179563512863
ENSG00000177628	-0.4435438131695809
ENSG00000156587	-0.44355876230973224
ENSG00000261118	-0.4435776149445161
ENSG00000232721	-0.44359215381192674
ENSG00000271926	-0.4435931527168264
ENSG00000051523	-0.44361222819312773
ENSG00000144857	-0.44370015861850376
ENSG00000118804	-0.4437098360159718
ENSG00000226180	-0.4437358093986298
ENSG00000269867	-0.44378036205131466
ENSG00000187514	-0.4437968319921646
ENSG00000262652	-0.44383993273977707
ENSG00000174032	-0.44389761483860746
ENSG00000269901	-0.4439316215056833
ENSG00000263684	-0.44398176659647737
ENSG00000165282	-0.4439943074177477
ENSG00000186675	-0.44399939424107115
ENSG00000107949	-0.4442421317611518
ENSG00000198814	-0.44449760938813254
ENSG00000143543	-0.44452650234137037
ENSG00000075914	-0.4446210249358056
ENSG00000125648	-0.4447393186561853
ENSG00000184897	-0.4447676199630973
ENSG00000157214	-0.44480134102447855
ENSG00000138109	-0.4449246357181288
ENSG00000262372	-0.44494969108696336
ENSG00000163975	-0.4449872667391843
ENSG00000001036	-0.4449913242911441
ENSG00000109625	-0.4450700876922564
ENSG00000255666	-0.44515513200251766
ENSG00000114745	-0.4451773897689564
ENSG00000149761	-0.44532030435419057
ENSG00000108468	-0.4453984538401764
ENSG00000215788	-0.4454208171137931
ENSG00000158623	-0.4454581170447778
ENSG00000248810	-0.44554747796831795
ENSG00000124702	-0.4455581335382943
ENSG00000198860	-0.4456404599914636
ENSG00000170545	-0.44567331940568733
ENSG00000164808	-0.4457085401149242
ENSG00000198930	-0.4457498184968457
ENSG00000151689	-0.44579123242284713
ENSG00000222007	-0.44585241506369544
ENSG00000156374	-0.44592283676189537
ENSG00000124172	-0.4460489643101858
ENSG00000189037	-0.44604946541874835
ENSG00000147164	-0.44606307493692565
ENSG00000214107	-0.4460769032551868
ENSG00000058272	-0.44617664907967747
ENSG00000196116	-0.4461901132052508
ENSG00000265100	-0.44622076129002797
ENSG00000204472	-0.4462811938870115
ENSG00000226029	-0.4462946356235
ENSG00000199906	-0.4464062630559895
ENSG00000196796	-0.44641877921092155
ENSG00000169495	-0.44647068591988137
ENSG00000138092	-0.4466156528462851
ENSG00000230257	-0.4466543418039598
ENSG00000174851	-0.4466753956096723
ENSG00000165152	-0.4467460383751589
ENSG00000167202	-0.4467976161802415
ENSG00000229042	-0.44688464433306196
ENSG00000166394	-0.44703852359278873
ENSG00000108639	-0.4471181384981894
ENSG00000149634	-0.44719595003889323
ENSG00000155329	-0.44721426297416544
ENSG00000101935	-0.44726219684046375
ENSG00000267789	-0.4473597379837956
ENSG00000185013	-0.4474399063155895
ENSG00000099385	-0.4474400933485839
ENSG00000234327	-0.447442370350564
ENSG00000123144	-0.4474558082594704
ENSG00000134389	-0.4474896789332735
ENSG00000042286	-0.447790088136798
ENSG00000130529	-0.44791842047913744
ENSG00000255553	-0.44794298796242804
ENSG00000012048	-0.447959266339246
ENSG00000205544	-0.4479898667921862
ENSG00000068394	-0.4479933328302438
ENSG00000134825	-0.44806942131956085
ENSG00000116030	-0.4480724489651303
ENSG00000229105	-0.44813407305711017
ENSG00000171889	-0.4483130413234683
ENSG00000117899	-0.44834719667782397
ENSG00000179397	-0.4483610207539288
ENSG00000109061	-0.4484173707660182
ENSG00000131013	-0.44843198690172426
ENSG00000131914	-0.4484422098087787
ENSG00000163154	-0.4485116942776223
ENSG00000159658	-0.44853216685318564
ENSG00000259103	-0.44854614461589803
ENSG00000006756	-0.4486875709204192
ENSG00000197296	-0.4487367715252282
ENSG00000261604	-0.44885694131478504
ENSG00000084112	-0.4488722896913776
ENSG00000259416	-0.4488747260222683
ENSG00000119915	-0.448920925499412
ENSG00000228971	-0.4489773156798501
ENSG00000105135	-0.4489890239544868
ENSG00000104979	-0.4489974351383611
ENSG00000205531	-0.44902814726180096
ENSG00000223815	-0.4492000058140687
ENSG00000237289	-0.44920080812090846
ENSG00000243305	-0.44920544439512866
ENSG00000014257	-0.4495363734283143
ENSG00000172123	-0.44959396226383574
ENSG00000102471	-0.4496103401278755
ENSG00000167840	-0.4497124931564144
ENSG00000091732	-0.4497789647388225
ENSG00000197045	-0.4497903973690526
ENSG00000257526	-0.44983808522181923
ENSG00000134369	-0.4498395127951056
ENSG00000120664	-0.4498796653210543
ENSG00000079482	-0.44994078994410325
ENSG00000162300	-0.45000816766805585
ENSG00000182179	-0.45001146755068533
ENSG00000260467	-0.4500630789537473
ENSG00000243179	-0.4501420197474658
ENSG00000180488	-0.4502155399108433
ENSG00000133818	-0.4502176405987647
ENSG00000198431	-0.4502456143425516
ENSG00000196642	-0.4502527606802682
ENSG00000267364	-0.4503270934487502
ENSG00000226057	-0.45039716970003485
ENSG00000137947	-0.45049644148986434
ENSG00000235343	-0.45062388385473573
ENSG00000178719	-0.4506450107909986
ENSG00000106028	-0.4508651539056049
ENSG00000214772	-0.45098117046051667
ENSG00000233193	-0.45109765124743173
ENSG00000198821	-0.4512067126514159
ENSG00000162076	-0.4513699738743132
ENSG00000100697	-0.45140543759787666
ENSG00000206172	-0.4514463742037429
ENSG00000231626	-0.45146689038379273
ENSG00000163884	-0.4514794050767892
ENSG00000131016	-0.4515813178064597
ENSG00000106948	-0.4516198375049306
ENSG00000125848	-0.45164661560123265
ENSG00000135940	-0.45168277364899767
ENSG00000198176	-0.45171998640288946
ENSG00000077514	-0.45172282903047345
ENSG00000122786	-0.45187048716331846
ENSG00000076944	-0.45196510988485483
ENSG00000162062	-0.45204222693796814
ENSG00000138760	-0.4520451373572746
ENSG00000251613	-0.45214923109029836
ENSG00000253849	-0.4521904091748089
ENSG00000073584	-0.45222208423071186
ENSG00000207166	-0.45224503004542627
ENSG00000123358	-0.452334441070236
ENSG00000228363	-0.45247277422079446
ENSG00000004897	-0.45283173927043197
ENSG00000009844	-0.4529431557756137
ENSG00000086730	-0.453023590547446
ENSG00000253981	-0.4530682358667001
ENSG00000146733	-0.45308054734824477
ENSG00000005187	-0.453131913188195
ENSG00000147457	-0.4532105899370066
ENSG00000251546	-0.4532343622070176
ENSG00000080298	-0.4532719738264862
ENSG00000120215	-0.45328795218971685
ENSG00000163950	-0.45335773112302935
ENSG00000214253	-0.45348594937254927
ENSG00000068438	-0.45360740557892376
ENSG00000109536	-0.45365686487490053
ENSG00000184205	-0.4536671530116748
ENSG00000066136	-0.4538245438875441
ENSG00000140044	-0.4539947800534938
ENSG00000120156	-0.454032727165361
ENSG00000188486	-0.45404321402319925
ENSG00000119203	-0.4541650718384914
ENSG00000234945	-0.45422952535288363
ENSG00000234229	-0.454356653105087
ENSG00000198055	-0.45452112732453376
ENSG00000196531	-0.45454919249744574
ENSG00000113732	-0.4545954963305626
ENSG00000158008	-0.4546215733624067
ENSG00000221968	-0.45467594068527817
ENSG00000261706	-0.45480142379329136
ENSG00000112029	-0.4548371017830295
ENSG00000063515	-0.45484569066782543
ENSG00000243818	-0.45487396114310397
ENSG00000107201	-0.4548954226891271
ENSG00000164849	-0.45493421873708684
ENSG00000149639	-0.4549598873825299
ENSG00000005059	-0.454991161167724
ENSG00000085563	-0.4550316791248069
ENSG00000133027	-0.45511945147948907
ENSG00000180116	-0.4551445993608577
ENSG00000171310	-0.4552399196444096
ENSG00000273113	-0.4553345846024738
ENSG00000198836	-0.455374282555309
ENSG00000110315	-0.45540590861381636
ENSG00000171631	-0.45543046439532475
ENSG00000259848	-0.4554351797271673
ENSG00000272787	-0.45543745408794845
ENSG00000168477	-0.45548886009423295
ENSG00000010017	-0.4555034393568941
ENSG00000100979	-0.45558378048235826
ENSG00000211637	-0.4556001155462165
ENSG00000257122	-0.4556982865393504
ENSG00000260360	-0.4557177221997939
ENSG00000106351	-0.45605141673308713
ENSG00000214915	-0.4560791141385301
ENSG00000267268	-0.4561104282980021
ENSG00000237190	-0.4561555507006658
ENSG00000266509	-0.4561915694858353
ENSG00000156531	-0.4562150560627781
ENSG00000124098	-0.45632432882760954
ENSG00000154529	-0.4564635146854996
ENSG00000204979	-0.45649567324790574
ENSG00000258167	-0.4566114444158952
ENSG00000113296	-0.4566852713894327
ENSG00000229833	-0.45693423078455353
ENSG00000177663	-0.4569425703808059
ENSG00000100065	-0.45694680915967223
ENSG00000076770	-0.45696290313834964
ENSG00000263711	-0.45697980159100604
ENSG00000184613	-0.45700156051589214
ENSG00000188315	-0.4571110681454016
ENSG00000235313	-0.45715505642468657
ENSG00000170860	-0.4574126568710589
ENSG00000146729	-0.45752587459321525
ENSG00000103313	-0.4575433070006383
ENSG00000153779	-0.4576666690984489
ENSG00000243279	-0.45769159402967396
ENSG00000239511	-0.4577581473460556
ENSG00000236017	-0.45794791261051315
ENSG00000123609	-0.4579564406017057
ENSG00000167711	-0.45813927223711026
ENSG00000094841	-0.45816533609279486
ENSG00000187164	-0.4581891613033803
ENSG00000159899	-0.4583851378302308
ENSG00000235949	-0.45848467843918606
ENSG00000137338	-0.45849967150132764
ENSG00000101220	-0.4585348370423068
ENSG00000150281	-0.4585441008412775
ENSG00000140848	-0.4585729106583464
ENSG00000072849	-0.4586005858812814
ENSG00000106211	-0.45863616161164034
ENSG00000234155	-0.45882435989960013
ENSG00000186577	-0.45885754945712753
ENSG00000250479	-0.45892130711844215
ENSG00000215845	-0.4589534069465998
ENSG00000163288	-0.4589603386417056
ENSG00000165118	-0.45898926059082046
ENSG00000200142	-0.4591496997017239
ENSG00000239607	-0.45922774632284136
ENSG00000119979	-0.4592285915875176
ENSG00000099330	-0.45928090349889217
ENSG00000148795	-0.45928488245210586
ENSG00000179639	-0.4593804531609099
ENSG00000117507	-0.4595756922432067
ENSG00000197465	-0.45959789510988014
ENSG00000188732	-0.45971198278055003
ENSG00000065150	-0.4597801795637968
ENSG00000186666	-0.45991943040456007
ENSG00000256739	-0.46000020014095233
ENSG00000132122	-0.46000645221934333
ENSG00000108479	-0.4600432942757473
ENSG00000116750	-0.4601196749092715
ENSG00000251461	-0.46013606660096396
ENSG00000214212	-0.4602134947718344
ENSG00000176396	-0.4602404443242414
ENSG00000124942	-0.4602646869761827
ENSG00000083454	-0.4602713120060212
ENSG00000174695	-0.46030259234188786
ENSG00000071242	-0.4603242166184559
ENSG00000038210	-0.46036381917638936
ENSG00000014824	-0.46036834357132805
ENSG00000132570	-0.46037380780617965
ENSG00000170262	-0.4603883807161818
ENSG00000125991	-0.46040620673283517
ENSG00000119969	-0.46045176039134394
ENSG00000198673	-0.4605511852083386
ENSG00000169668	-0.4606260656552458
ENSG00000248483	-0.4606699288578362
ENSG00000130816	-0.46087004364382234
ENSG00000158859	-0.460930020968105
ENSG00000183336	-0.4610117632395824
ENSG00000265681	-0.4610902556403499
ENSG00000163382	-0.4611373711062615
ENSG00000169994	-0.4611834724178391
ENSG00000111481	-0.4613780203062786
ENSG00000111850	-0.46140902032613085
ENSG00000104522	-0.461501992698488
ENSG00000159147	-0.4616568794035487
ENSG00000118046	-0.46171151198669225
ENSG00000125899	-0.4617999915389309
ENSG00000236991	-0.4618017905784336
ENSG00000136866	-0.46180380031856016
ENSG00000167333	-0.4618106964642652
ENSG00000144199	-0.4618175600563543
ENSG00000198937	-0.46187168273664747
ENSG00000141429	-0.46192119656679864
ENSG00000235162	-0.4619743480596843
ENSG00000129083	-0.46202889038773387
ENSG00000171055	-0.46209366202280355
ENSG00000120647	-0.46211971257904705
ENSG00000250116	-0.4621369376779757
ENSG00000147166	-0.46214377518773575
ENSG00000170006	-0.46215367390704853
ENSG00000118520	-0.4621854832323712
ENSG00000162817	-0.46219470596720147
ENSG00000228812	-0.46223674543513893
ENSG00000182600	-0.46237459122785785
ENSG00000204220	-0.46238056442843567
ENSG00000175061	-0.46258232467819604
ENSG00000143315	-0.4625830552568696
ENSG00000204237	-0.46266376657221886
ENSG00000266050	-0.4627167253185307
ENSG00000261730	-0.462723282957184
ENSG00000140740	-0.4628001024105829
ENSG00000131981	-0.4629395320001366
ENSG00000267871	-0.4630734189249942
ENSG00000180815	-0.46328652918990143
ENSG00000224652	-0.4633061615174997
ENSG00000107249	-0.46338396369318446
ENSG00000250829	-0.4634158323655597
ENSG00000188886	-0.46344638051270737
ENSG00000172809	-0.46348913072552544
ENSG00000187837	-0.46349222231326836
ENSG00000130725	-0.46350843226320815
ENSG00000166444	-0.46354684954147685
ENSG00000185697	-0.4635477825580211
ENSG00000187554	-0.4635685462458936
ENSG00000269892	-0.46356863715349406
ENSG00000164221	-0.4636084696836178
ENSG00000255986	-0.4636655917967303
ENSG00000154305	-0.4636908266733767
ENSG00000213533	-0.4637148398715384
ENSG00000141030	-0.4637635946883656
ENSG00000204421	-0.46377342648124653
ENSG00000272541	-0.4639329232052416
ENSG00000176101	-0.46399519327470684
ENSG00000163823	-0.4640519921592504
ENSG00000118640	-0.4642113405148741
ENSG00000232746	-0.46421664537671303
ENSG00000148677	-0.4643400537640976
ENSG00000105819	-0.4643582625421142
ENSG00000213658	-0.46443911824162454
ENSG00000121316	-0.46455973076417223
ENSG00000128595	-0.4645841571516526
ENSG00000108784	-0.4648685471700259
ENSG00000267199	-0.46511732713259446
ENSG00000100242	-0.4651662666765648
ENSG00000167384	-0.465175562648222
ENSG00000138495	-0.4651769968285435
ENSG00000108590	-0.46518021695008405
ENSG00000272862	-0.4652557109317994
ENSG00000179841	-0.4653314238587599
ENSG00000185966	-0.46534636345353453
ENSG00000186111	-0.46540566595989263
ENSG00000263765	-0.4654667442302268
ENSG00000263698	-0.4654750543597873
ENSG00000126215	-0.46566496753153797
ENSG00000132911	-0.4656686789343162
ENSG00000233429	-0.4657557180202828
ENSG00000175426	-0.4657810926534305
ENSG00000237643	-0.4657935965002057
ENSG00000105808	-0.46582012875264056
ENSG00000260073	-0.46585294847282654
ENSG00000100558	-0.4658561764435063
ENSG00000052802	-0.4658656650244004
ENSG00000116771	-0.46591922290599175
ENSG00000138160	-0.46595415256494477
ENSG00000136560	-0.4659742749533954
ENSG00000168758	-0.46609378016965064
ENSG00000169902	-0.4661023301553815
ENSG00000121417	-0.46613776172761123
ENSG00000250159	-0.4661677358520535
ENSG00000113845	-0.4662223717068261
ENSG00000228543	-0.4663452463612925
ENSG00000188234	-0.466395565294096
ENSG00000168301	-0.46650157480766863
ENSG00000123146	-0.4665722731338261
ENSG00000243147	-0.466574289993977
ENSG00000226149	-0.4665988458787689
ENSG00000224638	-0.46669481625467457
ENSG00000177548	-0.46669927619858076
ENSG00000115525	-0.4667067583029114
ENSG00000180535	-0.4667206688995049
ENSG00000243620	-0.46673416780168786
ENSG00000126264	-0.46675703269646307
ENSG00000224074	-0.4668548332131399
ENSG00000176142	-0.4668789106616117
ENSG00000250081	-0.46692613082539103
ENSG00000168077	-0.46697737359450253
ENSG00000198108	-0.46709233498552527
ENSG00000254687	-0.4671042966015396
ENSG00000103546	-0.4671707797865877
ENSG00000239628	-0.46717746668414983
ENSG00000188243	-0.46721273649623074
ENSG00000130707	-0.46722883175578755
ENSG00000140795	-0.46735780751557465
ENSG00000138771	-0.4673756356393832
ENSG00000033100	-0.4673937825759118
ENSG00000118508	-0.46752178758170393
ENSG00000126391	-0.46765583530701904
ENSG00000144034	-0.4676713796104224
ENSG00000271992	-0.46769558537724865
ENSG00000163655	-0.4677093475175702
ENSG00000242539	-0.46775954557248045
ENSG00000232987	-0.46776898348122586
ENSG00000206680	-0.46784576072219963
ENSG00000224015	-0.4678868411714443
ENSG00000141497	-0.4679054547112559
ENSG00000133119	-0.4679464517631168
ENSG00000256193	-0.46801674250584957
ENSG00000239713	-0.46805296572649324
ENSG00000256763	-0.4680702163317835
ENSG00000176170	-0.46810029821071264
ENSG00000260498	-0.46814109145259364
ENSG00000172922	-0.46837415808542004
ENSG00000134184	-0.4685854267047874
ENSG00000172243	-0.46866756591638736
ENSG00000161791	-0.4687673629471404
ENSG00000101343	-0.46881020246925464
ENSG00000117448	-0.4689446198582994
ENSG00000224910	-0.46894557315124274
ENSG00000253746	-0.4689582293997543
ENSG00000126016	-0.4689820064574086
ENSG00000267194	-0.4690289455932033
ENSG00000197956	-0.4690786252639113
ENSG00000232732	-0.46924461437609655
ENSG00000127586	-0.46929741507614653
ENSG00000163870	-0.4693239078121437
ENSG00000134824	-0.46936161481566396
ENSG00000124140	-0.46950004324425
ENSG00000157093	-0.4696769969474993
ENSG00000100842	-0.4697621851823526
ENSG00000141905	-0.4700249855908184
ENSG00000198855	-0.4700338468203821
ENSG00000103067	-0.4701614730563708
ENSG00000237531	-0.4701695939214401
ENSG00000256060	-0.47020839424428107
ENSG00000169442	-0.4702201895292557
ENSG00000268869	-0.47023374155795095
ENSG00000243902	-0.4702496073414404
ENSG00000027869	-0.4702896263965346
ENSG00000168538	-0.4703908203270558
ENSG00000113621	-0.4704940837432585
ENSG00000236700	-0.4705351004622442
ENSG00000136108	-0.47061453191610136
ENSG00000140743	-0.4706738614499859
ENSG00000262874	-0.4706741383164005
ENSG00000112972	-0.47067589043704794
ENSG00000269825	-0.4707228661518107
ENSG00000272087	-0.4708209555642139
ENSG00000250410	-0.4708706415143985
ENSG00000239300	-0.47087505858947476
ENSG00000215271	-0.4709152960933056
ENSG00000124067	-0.47099552070853323
ENSG00000232712	-0.47103057838049744
ENSG00000137210	-0.4710585268055437
ENSG00000177483	-0.47108314783565464
ENSG00000049541	-0.47110204707512227
ENSG00000007968	-0.4711575247648916
ENSG00000110171	-0.47121029474619724
ENSG00000261731	-0.47128819574478653
ENSG00000169020	-0.4714176515704287
ENSG00000272130	-0.4714968144328443
ENSG00000224376	-0.471611482382962
ENSG00000263244	-0.4716300432335818
ENSG00000090060	-0.4716353989662295
ENSG00000226377	-0.4716711808509023
ENSG00000263293	-0.4717082101792912
ENSG00000179921	-0.47172999167880825
ENSG00000184792	-0.47175309478246175
ENSG00000123892	-0.4717552926132914
ENSG00000258220	-0.4717892426551684
ENSG00000135097	-0.47187025730766186
ENSG00000254245	-0.4719583199379651
ENSG00000106483	-0.4720015655590257
ENSG00000151247	-0.4722062769443811
ENSG00000206562	-0.4722358190032738
ENSG00000139410	-0.472310396211414
ENSG00000250317	-0.4723159534003918
ENSG00000095932	-0.4723397713088716
ENSG00000103066	-0.4723430667076236
ENSG00000257698	-0.4723645287541325
ENSG00000153406	-0.4723677613446988
ENSG00000113812	-0.47239092023070195
ENSG00000197763	-0.47241148545960854
ENSG00000263611	-0.4724977094403835
ENSG00000116251	-0.47254106938925555
ENSG00000070950	-0.4725488719442421
ENSG00000104490	-0.47256181655702334
ENSG00000265478	-0.4725818414747919
ENSG00000175274	-0.47259255484423957
ENSG00000272711	-0.47260233167858956
ENSG00000256269	-0.47268643730906035
ENSG00000263485	-0.47282716783098655
ENSG00000186895	-0.4728968295248297
ENSG00000256061	-0.47292474124916173
ENSG00000263731	-0.472976726333732
ENSG00000179820	-0.47302338538533995
ENSG00000115325	-0.47320436312764713
ENSG00000166313	-0.47327466339154456
ENSG00000182841	-0.473358656341476
ENSG00000260114	-0.4733793669403027
ENSG00000183401	-0.47345278129349777
ENSG00000136155	-0.47351408380357773
ENSG00000167862	-0.47351861822205876
ENSG00000170291	-0.47358245199797966
ENSG00000260296	-0.47360513078277267
ENSG00000254469	-0.4738222165549314
ENSG00000102218	-0.4738853900124571
ENSG00000259442	-0.47392887923318006
ENSG00000233276	-0.47398587030744044
ENSG00000113319	-0.4741096772053217
ENSG00000107175	-0.47411014601167856
ENSG00000119929	-0.4741316231548587
ENSG00000188522	-0.47432848714008413
ENSG00000181523	-0.4744929224939165
ENSG00000167074	-0.4745297180821969
ENSG00000261475	-0.4746841208346184
ENSG00000143036	-0.47478129954264003
ENSG00000145087	-0.474793669505703
ENSG00000176619	-0.47483612775922523
ENSG00000105258	-0.474860558651239
ENSG00000272356	-0.4748690857747978
ENSG00000105357	-0.475025345186325
ENSG00000262712	-0.47504649130517373
ENSG00000182134	-0.475120583158823
ENSG00000207741	-0.47515054918620026
ENSG00000146757	-0.47529177738081785
ENSG00000197444	-0.47547094004479373
ENSG00000107984	-0.47550037307227255
ENSG00000166173	-0.4755838006204187
ENSG00000131115	-0.47576310977597736
ENSG00000100987	-0.4757754810173881
ENSG00000261012	-0.47579227255994605
ENSG00000198722	-0.47586227683101134
ENSG00000205302	-0.47588045527511547
ENSG00000137496	-0.47593677020404945
ENSG00000243943	-0.4759535000528331
ENSG00000168298	-0.47603963765463353
ENSG00000224243	-0.4760742768316777
ENSG00000090581	-0.4761743952618537
ENSG00000185104	-0.4763105806977235
ENSG00000187416	-0.47632114331188335
ENSG00000157020	-0.47641957217609265
ENSG00000187210	-0.47645613691101774
ENSG00000189060	-0.47645669247178
ENSG00000101916	-0.4765881063892108
ENSG00000228961	-0.4766178777087363
ENSG00000100271	-0.4766337867536422
ENSG00000168288	-0.4766434291182873
ENSG00000178734	-0.47671682618726363
ENSG00000066230	-0.4768417210424316
ENSG00000259807	-0.47699277241915894
ENSG00000149577	-0.47709312439526885
ENSG00000119725	-0.4770957718739869
ENSG00000102882	-0.47716370815793774
ENSG00000006118	-0.4772122320127772
ENSG00000139178	-0.47728465872165093
ENSG00000272010	-0.4773343726321987
ENSG00000137074	-0.4773929331160274
ENSG00000102524	-0.4774561804459758
ENSG00000111348	-0.4774679651671676
ENSG00000198522	-0.47752167516862276
ENSG00000187446	-0.4777158979047106
ENSG00000159063	-0.4777977035243304
ENSG00000269976	-0.47792626777712
ENSG00000167515	-0.4779555061976055
ENSG00000196369	-0.4779566616536782
ENSG00000088726	-0.47798401191847406
ENSG00000158186	-0.4780110703766437
ENSG00000110717	-0.47806087627961447
ENSG00000215568	-0.4780972445146928
ENSG00000253477	-0.4782778525892676
ENSG00000124357	-0.47833314464175836
ENSG00000264918	-0.478439499113255
ENSG00000126934	-0.47846959122330157
ENSG00000143164	-0.47848017002762167
ENSG00000168116	-0.47855201587623464
ENSG00000147684	-0.47858550585760684
ENSG00000044459	-0.47863941807108445
ENSG00000233694	-0.4786670852174597
ENSG00000157184	-0.47867280977368165
ENSG00000068489	-0.4788409945107194
ENSG00000072501	-0.4789261998255876
ENSG00000165076	-0.47912302083631897
ENSG00000138073	-0.47924743704805983
ENSG00000231575	-0.47927670601986794
ENSG00000144867	-0.47936517859828953
ENSG00000176046	-0.479383950910924
ENSG00000121552	-0.4794438446461491
ENSG00000122034	-0.4795004408593484
ENSG00000109181	-0.4796586701429958
ENSG00000104529	-0.47978930793446484
ENSG00000273007	-0.4798083602270258
ENSG00000180964	-0.47985466303258606
ENSG00000121361	-0.47986965432917716
ENSG00000125730	-0.47989579229498314
ENSG00000240647	-0.47998640040013707
ENSG00000198624	-0.4800169495829709
ENSG00000148334	-0.4801048147758764
ENSG00000155158	-0.4802266609186464
ENSG00000162618	-0.48027782992917334
ENSG00000056972	-0.48030926941491237
ENSG00000240990	-0.48032932482856583
ENSG00000231898	-0.4803477067616332
ENSG00000183833	-0.4803867600058439
ENSG00000065518	-0.48047941972699837
ENSG00000242861	-0.48068193440464424
ENSG00000204899	-0.4807271285548753
ENSG00000143278	-0.480791584673981
ENSG00000057657	-0.480949190295472
ENSG00000115902	-0.48107577826069603
ENSG00000261797	-0.4811301746996417
ENSG00000131495	-0.4811307934227582
ENSG00000163082	-0.4812057553867706
ENSG00000099246	-0.4812222993999501
ENSG00000114126	-0.481256180709408
ENSG00000090776	-0.48134072496376323
ENSG00000169359	-0.4814317954372117
ENSG00000226252	-0.481454691882809
ENSG00000106992	-0.4814605257711705
ENSG00000150787	-0.48148131552770745
ENSG00000234818	-0.48153087461572786
ENSG00000163565	-0.48156163318015366
ENSG00000261710	-0.4817406416746832
ENSG00000232749	-0.4817582706701311
ENSG00000260853	-0.48177575772663983
ENSG00000213073	-0.48181754801023735
ENSG00000261471	-0.4818529295284827
ENSG00000137070	-0.4819112873124052
ENSG00000270804	-0.4819139739204882
ENSG00000139508	-0.4819948571747562
ENSG00000206612	-0.48199720099777055
ENSG00000212747	-0.4820151385002923
ENSG00000240731	-0.4821079714379275
ENSG00000224975	-0.48243839884280026
ENSG00000260477	-0.48249270720645787
ENSG00000143178	-0.4824980935138933
ENSG00000001084	-0.482510887250452
ENSG00000104964	-0.48256383800463687
ENSG00000211923	-0.48258514061590463
ENSG00000152558	-0.48259068508711456
ENSG00000171084	-0.48260196501777064
ENSG00000111716	-0.48271078657149846
ENSG00000177602	-0.4828533980983484
ENSG00000081923	-0.48286443120088407
ENSG00000183955	-0.482934895093606
ENSG00000005486	-0.48293999306932966
ENSG00000166508	-0.48299320277195823
ENSG00000105486	-0.4830594328690032
ENSG00000182487	-0.48313276481159617
ENSG00000090238	-0.4831439486508563
ENSG00000244055	-0.4831951273355358
ENSG00000244486	-0.48326758244362766
ENSG00000258666	-0.48333269897902287
ENSG00000229988	-0.4835450531834361
ENSG00000229728	-0.48384060002246365
ENSG00000120725	-0.48386127725355166
ENSG00000124795	-0.4839169455485547
ENSG00000169714	-0.4840462965747203
ENSG00000166762	-0.4841895433969504
ENSG00000185803	-0.4843101157633073
ENSG00000186314	-0.48431499734762673
ENSG00000144747	-0.48439340096698913
ENSG00000267283	-0.4844658385520073
ENSG00000177363	-0.4844981355981002
ENSG00000173456	-0.4845824402593799
ENSG00000261319	-0.4846788929617659
ENSG00000123600	-0.4846989814966789
ENSG00000090889	-0.48477196619481133
ENSG00000119922	-0.48478864192171434
ENSG00000101624	-0.4848093485327122
ENSG00000169689	-0.4849559168352461
ENSG00000260095	-0.48511054109589724
ENSG00000004766	-0.4851200075684293
ENSG00000114850	-0.4851555544440135
ENSG00000211777	-0.48519315669634855
ENSG00000124490	-0.48541549102977455
ENSG00000186019	-0.4856629219783013
ENSG00000165591	-0.4857561686370968
ENSG00000119041	-0.4857910696369371
ENSG00000115556	-0.4858956913585153
ENSG00000257509	-0.48592597111505975
ENSG00000003400	-0.48594512778308985
ENSG00000207383	-0.48622033260283415
ENSG00000085840	-0.48625729748759783
ENSG00000204611	-0.4864253691673559
ENSG00000254054	-0.4865069135027098
ENSG00000182858	-0.48669224158874136
ENSG00000189334	-0.4868091689730317
ENSG00000110711	-0.4868338722535078
ENSG00000249790	-0.48685227999611436
ENSG00000272468	-0.48688754796949074
ENSG00000169964	-0.4869563375013848
ENSG00000081237	-0.48706464552996653
ENSG00000123975	-0.48709226034933917
ENSG00000101447	-0.48709355409809485
ENSG00000167995	-0.48717233089634693
ENSG00000170835	-0.48735243938012085
ENSG00000184194	-0.4873692389877271
ENSG00000232909	-0.4875528758280333
ENSG00000102468	-0.4875587990122924
ENSG00000089101	-0.4875817866037394
ENSG00000100439	-0.48761518601569764
ENSG00000116918	-0.48763885389474604
ENSG00000100216	-0.48765281868114774
ENSG00000180089	-0.48773577462243667
ENSG00000093009	-0.4878019917655685
ENSG00000149257	-0.48786480982980873
ENSG00000107957	-0.4878865384437251
ENSG00000259994	-0.48790234444017433
ENSG00000216895	-0.48792197491095535
ENSG00000176678	-0.4879862559730107
ENSG00000109475	-0.48799926148123307
ENSG00000040275	-0.48803034056244476
ENSG00000101473	-0.48808351078685697
ENSG00000198440	-0.4881771702492086
ENSG00000064115	-0.48825623112454997
ENSG00000130312	-0.4882599734488843
ENSG00000239571	-0.48832705421594647
ENSG00000165060	-0.4883420666062035
ENSG00000186193	-0.4883562654710397
ENSG00000203814	-0.4884437114283099
ENSG00000158769	-0.48846824448564274
ENSG00000184445	-0.4886552486032504
ENSG00000221986	-0.48875661819893057
ENSG00000117151	-0.48878937790072097
ENSG00000272589	-0.4888537060330417
ENSG00000267108	-0.4889120110516021
ENSG00000143742	-0.4889864523899742
ENSG00000109390	-0.48910786412828977
ENSG00000167733	-0.48916306666206977
ENSG00000135903	-0.48922485121437853
ENSG00000203760	-0.4892545962914141
ENSG00000221988	-0.48930496825022773
ENSG00000005189	-0.4893317823305394
ENSG00000165949	-0.4894416429746308
ENSG00000166821	-0.48949788402625005
ENSG00000097046	-0.48972999001232687
ENSG00000273487	-0.4898222793000785
ENSG00000162998	-0.4900415801323986
ENSG00000119705	-0.49014185203329486
ENSG00000175820	-0.49025206751423367
ENSG00000200087	-0.49028495942730943
ENSG00000228554	-0.49035494448926364
ENSG00000225450	-0.49037506525548247
ENSG00000186818	-0.49039910824350097
ENSG00000183520	-0.4904675759466419
ENSG00000205323	-0.49050029398545614
ENSG00000260433	-0.49050980154407886
ENSG00000117153	-0.4905309653417991
ENSG00000102897	-0.49091042902781745
ENSG00000167842	-0.49091413188095534
ENSG00000107223	-0.49091861964189054
ENSG00000119640	-0.49111829287089626
ENSG00000204427	-0.4912026879422051
ENSG00000008323	-0.4913329487570929
ENSG00000006625	-0.49136893524746406
ENSG00000089159	-0.49151456411796146
ENSG00000153246	-0.49155437152187
ENSG00000272040	-0.4915984667249359
ENSG00000253203	-0.49165582808739783
ENSG00000173727	-0.4918181717161051
ENSG00000145247	-0.4918838493713785
ENSG00000113790	-0.4919798974607126
ENSG00000087301	-0.49201067990833525
ENSG00000144821	-0.49211096406223986
ENSG00000105197	-0.49215089541735646
ENSG00000125871	-0.4921524717923854
ENSG00000172893	-0.49227352306892036
ENSG00000182010	-0.4922987874260275
ENSG00000232265	-0.49241225521699705
ENSG00000117594	-0.4929034005934939
ENSG00000104774	-0.4929084265228393
ENSG00000114520	-0.492933521483352
ENSG00000247311	-0.4930478669921676
ENSG00000164332	-0.4931700644484438
ENSG00000196593	-0.49330956631713807
ENSG00000169213	-0.49338929388906805
ENSG00000185721	-0.4935873866600492
ENSG00000174370	-0.49361315374309156
ENSG00000171136	-0.4936905236965947
ENSG00000268205	-0.49375666091558823
ENSG00000200090	-0.4939048360425601
ENSG00000174917	-0.4939314443820132
ENSG00000081307	-0.49395792467769983
ENSG00000137880	-0.49396231527533085
ENSG00000166337	-0.4940518345293796
ENSG00000267934	-0.49406584097604
ENSG00000178234	-0.49410368632105617
ENSG00000248487	-0.4942374468903622
ENSG00000272382	-0.4943785043736685
ENSG00000159231	-0.4944482515628331
ENSG00000223274	-0.4944827154865622
ENSG00000254003	-0.49450207962141746
ENSG00000200320	-0.49459072590616426
ENSG00000123815	-0.4947256751165583
ENSG00000132879	-0.49474831842241085
ENSG00000137267	-0.4948333502045823
ENSG00000167005	-0.4949645782573171
ENSG00000184012	-0.4950164129871846
ENSG00000145912	-0.4950388043018902
ENSG00000168306	-0.4950401420753804
ENSG00000175329	-0.49512310429403583
ENSG00000110237	-0.4951366885287848
ENSG00000039139	-0.4951405984708769
ENSG00000121073	-0.4951450231500393
ENSG00000119559	-0.49518698910232095
ENSG00000148584	-0.4953465397775061
ENSG00000267769	-0.49541628343827926
ENSG00000175854	-0.49542546784952224
ENSG00000155016	-0.4956165063164565
ENSG00000143553	-0.49573777509963124
ENSG00000166295	-0.4957381402503176
ENSG00000175287	-0.4958459628478914
ENSG00000174718	-0.4958720166701921
ENSG00000204264	-0.4960646213621672
ENSG00000178201	-0.49606899288534634
ENSG00000123353	-0.4960961149495655
ENSG00000139793	-0.4961374714662511
ENSG00000158828	-0.49626519921677104
ENSG00000239305	-0.4962700151350178
ENSG00000228740	-0.49643763245353856
ENSG00000160404	-0.49657702677626847
ENSG00000173085	-0.49700295919802406
ENSG00000101639	-0.49712269091384387
ENSG00000130164	-0.4971644168806322
ENSG00000114853	-0.4972345705046929
ENSG00000085644	-0.4972978625745975
ENSG00000134910	-0.49736416208663703
ENSG00000182109	-0.4974088837028372
ENSG00000184983	-0.4974699593317937
ENSG00000167105	-0.4975636876724716
ENSG00000140945	-0.4975872871112714
ENSG00000240065	-0.4977830632110142
ENSG00000114251	-0.49781504841778146
ENSG00000157510	-0.49784142575657053
ENSG00000228060	-0.4978539835150094
ENSG00000238098	-0.4979019145006336
ENSG00000173137	-0.49796722646544245
ENSG00000164405	-0.4979693887058422
ENSG00000196466	-0.4979922685869147
ENSG00000186318	-0.49804958662505094
ENSG00000168619	-0.49811738488993973
ENSG00000172269	-0.4981246524269526
ENSG00000171566	-0.4982075436670005
ENSG00000238390	-0.498286753574796
ENSG00000155868	-0.49829307356359054
ENSG00000255026	-0.49833100897566474
ENSG00000226425	-0.4985049002425692
ENSG00000236871	-0.49866514294012454
ENSG00000198216	-0.4986863452312672
ENSG00000204174	-0.49870544985489895
ENSG00000267673	-0.49880262821727805
ENSG00000129744	-0.4991526259015213
ENSG00000155961	-0.4996598376950506
ENSG00000236896	-0.4997224531903527
ENSG00000268673	-0.49975039025962364
ENSG00000172955	-0.49978374779196777
ENSG00000177469	-0.499791415355198
ENSG00000222046	-0.49980481743665495
ENSG00000006327	-0.4999012325360167
ENSG00000185448	-0.49993370241068924
ENSG00000178093	-0.49996028468317255
ENSG00000242950	-0.5001894916021161
ENSG00000213265	-0.5002104876940194
ENSG00000267577	-0.50042994635787
ENSG00000187792	-0.5004563202474923
ENSG00000243056	-0.5005315579826318
ENSG00000242259	-0.5005975833978297
ENSG00000163735	-0.5006527360154716
ENSG00000187987	-0.5007464814316935
ENSG00000229847	-0.5008528899057718
ENSG00000090554	-0.500858176385859
ENSG00000243967	-0.5009731459846
ENSG00000127220	-0.5010143461800546
ENSG00000119408	-0.5010409179859381
ENSG00000164292	-0.501062715673616
ENSG00000136160	-0.5010719914122024
ENSG00000249269	-0.5010971628229988
ENSG00000267049	-0.5011298024668653
ENSG00000067225	-0.5011358828403045
ENSG00000172273	-0.5012158968678195
ENSG00000143314	-0.5012218634797765
ENSG00000111644	-0.5012638747888061
ENSG00000177600	-0.50128323170892
ENSG00000115425	-0.501459031815841
ENSG00000177954	-0.5016570261682045
ENSG00000272769	-0.5016777902246177
ENSG00000197948	-0.5017041932512596
ENSG00000147676	-0.5017258309222591
ENSG00000022267	-0.5017952424537802
ENSG00000173641	-0.501802854013091
ENSG00000078399	-0.5019097936347452
ENSG00000186472	-0.5019413137126552
ENSG00000225969	-0.5019671860733057
ENSG00000129518	-0.5020320613075793
ENSG00000263050	-0.5021081360199585
ENSG00000021762	-0.5021355322215326
ENSG00000039650	-0.5021444027527049
ENSG00000183087	-0.5021993141923282
ENSG00000105677	-0.5022271481573519
ENSG00000196290	-0.502448122140988
ENSG00000161638	-0.5025165075025619
ENSG00000117676	-0.5026848668185635
ENSG00000231876	-0.5029044875536958
ENSG00000164743	-0.502905657124201
ENSG00000145358	-0.5029261822045195
ENSG00000189420	-0.5029509716957983
ENSG00000197734	-0.5031834291926938
ENSG00000169856	-0.5033053994580368
ENSG00000206530	-0.5034410378086205
ENSG00000171824	-0.5034513991676635
ENSG00000176974	-0.5034590821654368
ENSG00000115685	-0.5034657615261134
ENSG00000235138	-0.5034681620006898
ENSG00000168487	-0.5034765137602959
ENSG00000159792	-0.5036304219539685
ENSG00000124333	-0.5038419312725453
ENSG00000072571	-0.5038970284754503
ENSG00000159259	-0.5039849899650497
ENSG00000166049	-0.5040587051815322
ENSG00000133134	-0.5040915587135636
ENSG00000111726	-0.5040984395971011
ENSG00000181433	-0.5041244942724075
ENSG00000142731	-0.5042151190723896
ENSG00000014138	-0.5042386726950812
ENSG00000095066	-0.5042766603963593
ENSG00000236817	-0.5045036544888507
ENSG00000118939	-0.5046033057422419
ENSG00000168569	-0.5046232544150535
ENSG00000064490	-0.5046653345555434
ENSG00000159128	-0.5046755757146882
ENSG00000227110	-0.5048528951545574
ENSG00000157368	-0.5049056396914147
ENSG00000240849	-0.5049072487605383
ENSG00000179304	-0.5049150852217246
ENSG00000157110	-0.5049665206415672
ENSG00000229591	-0.5049762099248394
ENSG00000134899	-0.5049873895264096
ENSG00000124766	-0.5049913955858527
ENSG00000197651	-0.5051485875598452
ENSG00000112214	-0.5051501330139683
ENSG00000272582	-0.5052294450132718
ENSG00000051128	-0.5052796794554448
ENSG00000259209	-0.5053071586871762
ENSG00000198663	-0.5053481191992775
ENSG00000019582	-0.5054336358902596
ENSG00000175390	-0.5055087013076536
ENSG00000125304	-0.5055772918453861
ENSG00000139890	-0.5056043003976924
ENSG00000071539	-0.5058431250564845
ENSG00000204356	-0.5059735173883237
ENSG00000273483	-0.5060055462624611
ENSG00000170271	-0.5060427222315944
ENSG00000174282	-0.5060777791506208
ENSG00000189129	-0.5060808216048681
ENSG00000134160	-0.5061090891285804
ENSG00000006025	-0.5062034676163938
ENSG00000126803	-0.5062084004230416
ENSG00000260534	-0.5063820053505845
ENSG00000169019	-0.5065580039848963
ENSG00000102226	-0.5067607518136452
ENSG00000043093	-0.5067781184348681
ENSG00000076351	-0.5069072753514438
ENSG00000101187	-0.5072115985951955
ENSG00000117318	-0.5075345870158355
ENSG00000152082	-0.5075843626910137
ENSG00000152213	-0.5076478338912014
ENSG00000213699	-0.5077648617016175
ENSG00000172819	-0.5078339396643438
ENSG00000167614	-0.5078417518940431
ENSG00000154646	-0.5078771152646442
ENSG00000135220	-0.5079162696473378
ENSG00000172037	-0.5079482109694677
ENSG00000230269	-0.507980098092812
ENSG00000101298	-0.5080390938686774
ENSG00000253455	-0.5080684787763593
ENSG00000182934	-0.5081314369101756
ENSG00000215021	-0.5082720202928009
ENSG00000273038	-0.5082891905433767
ENSG00000079616	-0.5083759273119117
ENSG00000134250	-0.5083870749416594
ENSG00000163449	-0.5084151698833745
ENSG00000204642	-0.5084627050534676
ENSG00000171004	-0.5084660459066338
ENSG00000222414	-0.5085612785945581
ENSG00000103202	-0.508649416723038
ENSG00000157778	-0.5086781392091826
ENSG00000134242	-0.508687855943958
ENSG00000205710	-0.5087188437168841
ENSG00000147996	-0.5087223140407668
ENSG00000166548	-0.508850214710939
ENSG00000065057	-0.5089661480435062
ENSG00000077147	-0.5090327126451588
ENSG00000064218	-0.5090638473016087
ENSG00000178691	-0.509104636952882
ENSG00000139826	-0.5091402528118023
ENSG00000136122	-0.50920331394187
ENSG00000142661	-0.5092059172706649
ENSG00000125815	-0.5092934104671913
ENSG00000185561	-0.5093813912376977
ENSG00000234578	-0.5093938836059668
ENSG00000269916	-0.5094079877921125
ENSG00000227011	-0.509437237733354
ENSG00000080839	-0.5095401593159696
ENSG00000257894	-0.5096039360275044
ENSG00000157916	-0.5096340412916343
ENSG00000272656	-0.5096719738540307
ENSG00000236130	-0.509678141333312
ENSG00000007952	-0.5097245881560647
ENSG00000116459	-0.5097313694024204
ENSG00000172530	-0.5097626999151486
ENSG00000138311	-0.509771342434163
ENSG00000138346	-0.5098118838308277
ENSG00000130748	-0.5098716463756958
ENSG00000138382	-0.5100214602568456
ENSG00000268896	-0.5102745934092248
ENSG00000212643	-0.510281121112512
ENSG00000260331	-0.510527007247908
ENSG00000139626	-0.5105446845403856
ENSG00000153879	-0.510714959526539
ENSG00000178035	-0.510762777991824
ENSG00000239653	-0.5108553522755226
ENSG00000234353	-0.5108585971836033
ENSG00000168393	-0.5109152629174651
ENSG00000127920	-0.5110554251599777
ENSG00000241409	-0.511067759165417
ENSG00000188152	-0.5111175486258082
ENSG00000143590	-0.5111520503112953
ENSG00000124570	-0.5112584559026276
ENSG00000167797	-0.5113864068584288
ENSG00000172590	-0.5113891991438921
ENSG00000162174	-0.5114277712657067
ENSG00000188629	-0.5114849948466481
ENSG00000184508	-0.5114876757335296
ENSG00000070404	-0.5117631184458097
ENSG00000233200	-0.5118308989588973
ENSG00000226079	-0.5118527653087126
ENSG00000143429	-0.5118866539109707
ENSG00000114923	-0.5120012611287665
ENSG00000100316	-0.5120325242333807
ENSG00000231171	-0.5120825960672575
ENSG00000145934	-0.5121722116967358
ENSG00000142627	-0.5121773853992271
ENSG00000124092	-0.5123331499520415
ENSG00000271868	-0.5123542981528142
ENSG00000138386	-0.5124172398818998
ENSG00000120699	-0.5124946671152082
ENSG00000159588	-0.5124990249140337
ENSG00000089220	-0.5125498326756912
ENSG00000272281	-0.5126201157987733
ENSG00000111261	-0.512968010689385
ENSG00000166794	-0.5130093842111316
ENSG00000061938	-0.5130546010851735
ENSG00000144354	-0.5132276810850469
ENSG00000137815	-0.5133039022149801
ENSG00000145246	-0.5133822647730177
ENSG00000125245	-0.5134772414123232
ENSG00000272848	-0.513539143386822
ENSG00000136867	-0.5136022775189003
ENSG00000119333	-0.5137251745374636
ENSG00000162729	-0.5137866718536839
ENSG00000167779	-0.5139555429064648
ENSG00000175634	-0.5140808103452499
ENSG00000128591	-0.5141036602803429
ENSG00000231538	-0.5141362292359025
ENSG00000256751	-0.5143358446173278
ENSG00000149548	-0.5143943469974162
ENSG00000272345	-0.514476935839425
ENSG00000105971	-0.5144931231419685
ENSG00000198554	-0.514513342350275
ENSG00000167088	-0.5145161612118407
ENSG00000166743	-0.5146815226485965
ENSG00000204764	-0.5147131419823987
ENSG00000177689	-0.5148220586463979
ENSG00000105640	-0.515165816729628
ENSG00000273004	-0.5151950440788866
ENSG00000187955	-0.5152040973822651
ENSG00000175354	-0.515302285155502
ENSG00000250337	-0.515474693575289
ENSG00000185105	-0.5155107787630451
ENSG00000005961	-0.5156824924888963
ENSG00000013392	-0.5157883840206231
ENSG00000079335	-0.51581093251021
ENSG00000253047	-0.5158157205839946
ENSG00000189320	-0.5158970782713725
ENSG00000166510	-0.5160215593323576
ENSG00000167670	-0.5161540744654896
ENSG00000204397	-0.5161718354720937
ENSG00000092036	-0.5162471184785364
ENSG00000272800	-0.5163827602554263
ENSG00000104695	-0.5163877458457176
ENSG00000130517	-0.5164092011965118
ENSG00000160472	-0.5164916248544265
ENSG00000207949	-0.5165278744398627
ENSG00000118017	-0.5165887112966852
ENSG00000181991	-0.5166253349772926
ENSG00000170906	-0.5166294781447633
ENSG00000228141	-0.5166340157334772
ENSG00000113578	-0.51671202475955
ENSG00000257497	-0.5167195828808406
ENSG00000104131	-0.5167476838825238
ENSG00000248397	-0.5168653483185685
ENSG00000254694	-0.5171139710708621
ENSG00000100344	-0.5171737727735666
ENSG00000172586	-0.5172476001792785
ENSG00000125735	-0.5172751300853888
ENSG00000131370	-0.5173522524862314
ENSG00000035499	-0.5174674773266581
ENSG00000248318	-0.5175737582441042
ENSG00000111424	-0.517577505360493
ENSG00000129219	-0.5176055867298415
ENSG00000087502	-0.5176253869206605
ENSG00000258976	-0.5176611725479177
ENSG00000205885	-0.517804067399928
ENSG00000091483	-0.5178065864793167
ENSG00000176340	-0.5178588925258458
ENSG00000149929	-0.5181057948084195
ENSG00000164932	-0.5181372563564395
ENSG00000008517	-0.5182228762494694
ENSG00000244302	-0.5183093148306865
ENSG00000168918	-0.51831270381893
ENSG00000196565	-0.5183144352539499
ENSG00000236824	-0.5184060349779314
ENSG00000105854	-0.5184375081594719
ENSG00000251250	-0.5188492805450682
ENSG00000197448	-0.5190755146591177
ENSG00000168542	-0.5195236793334581
ENSG00000189221	-0.5195386929610116
ENSG00000272699	-0.5195953858268805
ENSG00000126351	-0.5197206633391209
ENSG00000173599	-0.5197277483519697
ENSG00000182264	-0.5197356909552582
ENSG00000173253	-0.5199129821493857
ENSG00000137168	-0.5199660421434812
ENSG00000260279	-0.5200202201757215
ENSG00000197629	-0.5201539193089
ENSG00000250899	-0.5202142187052152
ENSG00000240207	-0.5202619864707345
ENSG00000273096	-0.5202750820871079
ENSG00000143479	-0.5202783122867235
ENSG00000183137	-0.5203723077714496
ENSG00000147123	-0.5204784174273052
ENSG00000163170	-0.5208380007658033
ENSG00000184304	-0.5208433519515369
ENSG00000151726	-0.5209392631175871
ENSG00000164253	-0.5209453410533582
ENSG00000015475	-0.5210057385665445
ENSG00000100926	-0.5210971196901041
ENSG00000076382	-0.5211178979201412
ENSG00000235961	-0.5211693705237903
ENSG00000196372	-0.5212088257825749
ENSG00000178685	-0.521220271488716
ENSG00000167543	-0.5212223531837504
ENSG00000134531	-0.5214453768246984
ENSG00000213920	-0.5214689496847227
ENSG00000175768	-0.5218194375030032
ENSG00000186453	-0.5220135008026515
ENSG00000268030	-0.5221450542495953
ENSG00000162241	-0.5222287379367896
ENSG00000166148	-0.5222594791570092
ENSG00000145348	-0.522270767131499
ENSG00000186564	-0.5222840105307869
ENSG00000239819	-0.5223355845796382
ENSG00000166965	-0.5223484882436372
ENSG00000253875	-0.5224207575656752
ENSG00000256643	-0.5225242259146288
ENSG00000159210	-0.5226900269313084
ENSG00000159692	-0.5227404258744955
ENSG00000108433	-0.5227540248110099
ENSG00000182326	-0.5227873268345189
ENSG00000267074	-0.5228066492886331
ENSG00000119487	-0.5229426368778006
ENSG00000123643	-0.5229971823838493
ENSG00000132718	-0.5229984652686898
ENSG00000228614	-0.5230102148456908
ENSG00000198826	-0.5230512700351015
ENSG00000075089	-0.5231545409609855
ENSG00000107521	-0.5232151160584164
ENSG00000151611	-0.5234366865415445
ENSG00000144290	-0.5237103278660121
ENSG00000162757	-0.5237823769776951
ENSG00000185551	-0.5238591664018106
ENSG00000260948	-0.5239212102019137
ENSG00000151503	-0.524017010539646
ENSG00000147403	-0.5240512695444879
ENSG00000135046	-0.5241343373225975
ENSG00000173221	-0.524137288503532
ENSG00000117791	-0.5242310294676025
ENSG00000182196	-0.5243574919945627
ENSG00000196196	-0.5246274836445068
ENSG00000079308	-0.524740803581772
ENSG00000250033	-0.5247784724168207
ENSG00000090520	-0.5248317372995089
ENSG00000140859	-0.5248796712885893
ENSG00000071859	-0.5248837149231201
ENSG00000257727	-0.5248851458144932
ENSG00000169239	-0.5249319469936373
ENSG00000092208	-0.5250304102602052
ENSG00000238906	-0.5251094311342979
ENSG00000181789	-0.5251898678258401
ENSG00000272234	-0.5252691165470824
ENSG00000138821	-0.5254241451437569
ENSG00000162735	-0.5257341827394527
ENSG00000181924	-0.5257589051222743
ENSG00000104147	-0.5258112232590073
ENSG00000261302	-0.5258676108631233
ENSG00000163918	-0.5258853629422218
ENSG00000180481	-0.5258883688440272
ENSG00000124575	-0.5259694294257861
ENSG00000100600	-0.5260062018152222
ENSG00000072506	-0.5261091857061525
ENSG00000144655	-0.5261704952755797
ENSG00000167107	-0.5261834185088028
ENSG00000221923	-0.5262782508581441
ENSG00000132507	-0.5263003398409032
ENSG00000255399	-0.5264845389793233
ENSG00000250105	-0.5265693115827572
ENSG00000204344	-0.5265733615960065
ENSG00000090989	-0.5266679638314542
ENSG00000156482	-0.5266822957116024
ENSG00000027847	-0.5266879386155241
ENSG00000182749	-0.5267599704956992
ENSG00000253051	-0.5268146233189592
ENSG00000237529	-0.5268746146006922
ENSG00000117906	-0.5269021677680814
ENSG00000136574	-0.5270296858664527
ENSG00000176597	-0.5272653944902723
ENSG00000260646	-0.5273270222599289
ENSG00000100678	-0.5273405020152436
ENSG00000168959	-0.5275282938164678
ENSG00000255814	-0.5275763520376348
ENSG00000175110	-0.5277477905826959
ENSG00000118557	-0.5281073113169135
ENSG00000168140	-0.528373120372142
ENSG00000197713	-0.5284539062047293
ENSG00000142541	-0.5285278146953891
ENSG00000129534	-0.528585441191711
ENSG00000198028	-0.5287073779594931
ENSG00000235979	-0.5287150893208028
ENSG00000125652	-0.5288083829454286
ENSG00000117691	-0.5288692721619588
ENSG00000167283	-0.5288968505587746
ENSG00000247556	-0.5290362274024633
ENSG00000147475	-0.5290566306195019
ENSG00000165832	-0.5290705981284893
ENSG00000159069	-0.5292073897640666
ENSG00000143436	-0.5292539521785393
ENSG00000255737	-0.5294230168968275
ENSG00000141552	-0.5295072925875224
ENSG00000090857	-0.529534341235837
ENSG00000105137	-0.5295680577870856
ENSG00000136146	-0.5296644685531656
ENSG00000123405	-0.5298379591064248
ENSG00000165775	-0.5298518097174855
ENSG00000227685	-0.5298777953242534
ENSG00000259462	-0.5299168754377146
ENSG00000139351	-0.529917117299752
ENSG00000168497	-0.5300293731545309
ENSG00000260051	-0.53006632800476
ENSG00000117262	-0.5301506817911813
ENSG00000271815	-0.53033450268428
ENSG00000109066	-0.5303807708972013
ENSG00000271892	-0.5303867015367432
ENSG00000240654	-0.5304062822061357
ENSG00000114993	-0.5304422150426977
ENSG00000203993	-0.5305927346317172
ENSG00000273306	-0.5306032120370286
ENSG00000140262	-0.530616575961057
ENSG00000154240	-0.5306650838650002
ENSG00000164853	-0.5307003400478167
ENSG00000104375	-0.5307032574012285
ENSG00000205583	-0.5308037867108786
ENSG00000119638	-0.5308148073030492
ENSG00000013375	-0.5309116934002585
ENSG00000213225	-0.5310109372831247
ENSG00000223865	-0.5311183542822959
ENSG00000260857	-0.5312904736654921
ENSG00000105968	-0.5313399053879944
ENSG00000105784	-0.5314395658751675
ENSG00000269148	-0.5318411120884209
ENSG00000272440	-0.5319636970718814
ENSG00000128951	-0.5319775793217758
ENSG00000237560	-0.5320567330053552
ENSG00000126756	-0.5320634873149575
ENSG00000240382	-0.5321523700703881
ENSG00000171695	-0.5321857771260463
ENSG00000121621	-0.532231382613034
ENSG00000164647	-0.5322723453696417
ENSG00000150093	-0.5324813320019192
ENSG00000265600	-0.532699744614139
ENSG00000136167	-0.5327531985179802
ENSG00000178809	-0.5328033213750769
ENSG00000140950	-0.533016500282838
ENSG00000134049	-0.5330483383448227
ENSG00000171960	-0.5331586603388792
ENSG00000232229	-0.5332647432589254
ENSG00000267496	-0.5333028720037553
ENSG00000124920	-0.5334420901753709
ENSG00000260518	-0.5336868848192686
ENSG00000136235	-0.5337411543602114
ENSG00000133265	-0.5340446277718829
ENSG00000102575	-0.5341886287953312
ENSG00000105552	-0.5341996708594998
ENSG00000162244	-0.5343046496764363
ENSG00000163479	-0.5343193400368582
ENSG00000100151	-0.5345779545807117
ENSG00000181982	-0.5347294607415162
ENSG00000196636	-0.5348023495618698
ENSG00000137288	-0.5350179625928045
ENSG00000166562	-0.5350342019539096
ENSG00000121753	-0.5350756670287108
ENSG00000126603	-0.5350778563185332
ENSG00000105989	-0.5351436912174934
ENSG00000197122	-0.5351760696389228
ENSG00000129009	-0.5354872353995981
ENSG00000235663	-0.5357158868699008
ENSG00000078814	-0.5357385920802727
ENSG00000087088	-0.5357743616955266
ENSG00000165409	-0.5358547613965443
ENSG00000120784	-0.5360034872655739
ENSG00000104823	-0.5362999981458272
ENSG00000250544	-0.5363202377108108
ENSG00000106636	-0.536875322884
ENSG00000256973	-0.5369464521406553
ENSG00000144040	-0.5371689681185488
ENSG00000160588	-0.5374841224612815
ENSG00000213401	-0.5374879163860826
ENSG00000149636	-0.5375691482355303
ENSG00000121022	-0.5376149451233645
ENSG00000153044	-0.5376930178241799
ENSG00000103490	-0.5379621249942992
ENSG00000162572	-0.5380866568313278
ENSG00000248719	-0.5381026070264796
ENSG00000092096	-0.5382846460061351
ENSG00000130695	-0.5383287265526738
ENSG00000148180	-0.5383443420089951
ENSG00000196427	-0.5383666693740048
ENSG00000242441	-0.5383846263641967
ENSG00000224792	-0.538399309865612
ENSG00000122707	-0.5384119871542181
ENSG00000125885	-0.5384403936864046
ENSG00000182809	-0.5385567190738034
ENSG00000129255	-0.5386332903290608
ENSG00000088325	-0.5386484243327785
ENSG00000205133	-0.5387789079614282
ENSG00000136010	-0.5388761972957901
ENSG00000204424	-0.5390381637036646
ENSG00000198633	-0.5390989931687932
ENSG00000257167	-0.5395274828882879
ENSG00000261663	-0.5396595231134421
ENSG00000165490	-0.5398441884867913
ENSG00000232913	-0.5398580410147547
ENSG00000165283	-0.5399629268757349
ENSG00000248019	-0.5399827638058592
ENSG00000010610	-0.5399925059281909
ENSG00000131067	-0.5400329831123667
ENSG00000170950	-0.5402171067992518
ENSG00000250385	-0.5403207720196682
ENSG00000198830	-0.5404097101084122
ENSG00000110848	-0.5405634983685872
ENSG00000141736	-0.5406508225576836
ENSG00000134216	-0.540754892217667
ENSG00000198844	-0.5408998063515078
ENSG00000185222	-0.541114142572203
ENSG00000235455	-0.5411708289701248
ENSG00000101294	-0.5415537884212286
ENSG00000105697	-0.5416341979683357
ENSG00000253577	-0.5416625540562667
ENSG00000189164	-0.5418832717381272
ENSG00000223534	-0.5420640587720456
ENSG00000166797	-0.5420736112667782
ENSG00000172935	-0.5421236848439341
ENSG00000117724	-0.5421394731240472
ENSG00000234469	-0.5422849558090919
ENSG00000230289	-0.5424602162215453
ENSG00000033170	-0.5425939699577698
ENSG00000272899	-0.5426130571687873
ENSG00000166140	-0.5427715155970508
ENSG00000145919	-0.5430879109450065
ENSG00000265139	-0.5430909476568205
ENSG00000115216	-0.5431977825154336
ENSG00000132591	-0.5432009344849673
ENSG00000158552	-0.5432240558519446
ENSG00000128944	-0.5432694584801592
ENSG00000218537	-0.5436633303683578
ENSG00000243238	-0.5437820720118989
ENSG00000166483	-0.5438595089744789
ENSG00000102921	-0.5439431944478437
ENSG00000156222	-0.5439688226370543
ENSG00000233330	-0.5439914413803525
ENSG00000019186	-0.5440860429885418
ENSG00000148513	-0.5441249113186915
ENSG00000273302	-0.5441735895154718
ENSG00000105131	-0.5442490820185542
ENSG00000137133	-0.5443316090111325
ENSG00000108961	-0.5443319324784346
ENSG00000086848	-0.5446873572521053
ENSG00000175792	-0.5448458197391273
ENSG00000140990	-0.5451839086463981
ENSG00000185475	-0.5453193465087394
ENSG00000142949	-0.5455112785192886
ENSG00000241224	-0.545712762931981
ENSG00000251144	-0.5458038596482326
ENSG00000111775	-0.5460384273527253
ENSG00000247903	-0.5461364532721311
ENSG00000221888	-0.5461710965536134
ENSG00000138080	-0.5461759311920735
ENSG00000130635	-0.5464047771584388
ENSG00000101057	-0.5465220760648875
ENSG00000207406	-0.5466601449222463
ENSG00000127081	-0.5466892862857926
ENSG00000135451	-0.5467884195590942
ENSG00000248222	-0.5468303601445694
ENSG00000136942	-0.5468967133902929
ENSG00000174628	-0.5470871008906069
ENSG00000166341	-0.547179575698407
ENSG00000133195	-0.5472257428385248
ENSG00000123415	-0.5472361144809758
ENSG00000246877	-0.5473988088716658
ENSG00000130255	-0.547429308745786
ENSG00000158402	-0.5474317880713129
ENSG00000198755	-0.5474822321060158
ENSG00000110090	-0.547515653967791
ENSG00000189181	-0.5475690155340059
ENSG00000176018	-0.5475771947021145
ENSG00000109680	-0.547625071940042
ENSG00000188599	-0.5476439202779766
ENSG00000173040	-0.5477283330304088
ENSG00000207770	-0.5477980679481944
ENSG00000125995	-0.5478891762329998
ENSG00000120802	-0.5479185259503323
ENSG00000121075	-0.5480745459882472
ENSG00000149554	-0.548235835623826
ENSG00000250067	-0.5483420173616328
ENSG00000167272	-0.5486959442598658
ENSG00000162391	-0.5487407126686068
ENSG00000235370	-0.5487765766312629
ENSG00000184117	-0.5488484089719623
ENSG00000214654	-0.5492825920161084
ENSG00000241313	-0.5494932004207247
ENSG00000260466	-0.5495875005218241
ENSG00000016391	-0.5495928083861057
ENSG00000163737	-0.5495933844785044
ENSG00000236915	-0.5496945055227251
ENSG00000114544	-0.5497372424227653
ENSG00000136542	-0.5499210390824041
ENSG00000235122	-0.5501314796359775
ENSG00000078967	-0.550305591857098
ENSG00000182747	-0.5504486337501917
ENSG00000173769	-0.5505408897778015
ENSG00000142676	-0.5505478863433737
ENSG00000228526	-0.5508470097744518
ENSG00000250402	-0.5509223271687023
ENSG00000198455	-0.5509864998376608
ENSG00000140287	-0.5509881105328289
ENSG00000102100	-0.5511885241133165
ENSG00000134755	-0.5512410006982011
ENSG00000164951	-0.5513604578125404
ENSG00000229152	-0.5514091197586243
ENSG00000272054	-0.5514401862184555
ENSG00000166311	-0.5514534425063405
ENSG00000119655	-0.5515278844543974
ENSG00000106546	-0.5516184054009876
ENSG00000183169	-0.5516772278445969
ENSG00000168263	-0.5516983680360993
ENSG00000068912	-0.5517042135146661
ENSG00000224066	-0.5517952997434654
ENSG00000253771	-0.5518032301489115
ENSG00000189057	-0.5519632556020405
ENSG00000154473	-0.5520455825435531
ENSG00000170734	-0.5521750603617064
ENSG00000224699	-0.5522081241999399
ENSG00000101412	-0.5522177590796544
ENSG00000167123	-0.5522841165805314
ENSG00000237017	-0.5522957163689303
ENSG00000165609	-0.5525719845558985
ENSG00000136840	-0.55263739138562
ENSG00000225818	-0.5532579209015616
ENSG00000272402	-0.5532893281416397
ENSG00000131435	-0.5533242016695918
ENSG00000213760	-0.5534526145781655
ENSG00000113140	-0.5534597156767866
ENSG00000104164	-0.5534963523975835
ENSG00000085831	-0.5537934011886956
ENSG00000114686	-0.5539102729757518
ENSG00000105011	-0.553938444061783
ENSG00000235097	-0.5540193512358628
ENSG00000187713	-0.5540480279389334
ENSG00000178150	-0.5540974305348506
ENSG00000129749	-0.5544244351421179
ENSG00000165169	-0.5544383638782828
ENSG00000265474	-0.5546606447155376
ENSG00000102879	-0.5548653345379859
ENSG00000130005	-0.5551125836396416
ENSG00000269392	-0.5551180445749576
ENSG00000187994	-0.5551306464394836
ENSG00000166681	-0.5551826401417985
ENSG00000182108	-0.555203518263151
ENSG00000186777	-0.5552387193607398
ENSG00000120437	-0.5555350543307587
ENSG00000173230	-0.5555807478114236
ENSG00000184661	-0.5558275036037339
ENSG00000115268	-0.555843025263576
ENSG00000137310	-0.5558782595759442
ENSG00000158639	-0.5559473007422011
ENSG00000184076	-0.5560852779114045
ENSG00000198019	-0.5561994590157926
ENSG00000139269	-0.5562098715028858
ENSG00000075702	-0.5562489647306184
ENSG00000115350	-0.5565473358788899
ENSG00000120318	-0.55657813250143
ENSG00000171812	-0.5568391707582632
ENSG00000154920	-0.5569614458208909
ENSG00000115514	-0.5569641278822435
ENSG00000213390	-0.5569844274444807
ENSG00000248228	-0.5570148370954466
ENSG00000172167	-0.5570156263418713
ENSG00000207733	-0.5570165757171781
ENSG00000261594	-0.5570664902687057
ENSG00000131069	-0.5571260618031193
ENSG00000175482	-0.5573511444130853
ENSG00000143819	-0.5574087636114557
ENSG00000211653	-0.5575046980121762
ENSG00000132623	-0.5575755976162633
ENSG00000225032	-0.55768694622096
ENSG00000254772	-0.5578022662838377
ENSG00000126243	-0.5578641921321623
ENSG00000235958	-0.5579693453400678
ENSG00000178021	-0.5581238672676263
ENSG00000125414	-0.5582231424377814
ENSG00000240771	-0.5585175378215812
ENSG00000008394	-0.5585862721873983
ENSG00000228358	-0.5586819968721799
ENSG00000272540	-0.5588117916913486
ENSG00000105514	-0.55884401224388
ENSG00000100385	-0.5588453213356912
ENSG00000163794	-0.5589079275496689
ENSG00000230138	-0.5589455314321016
ENSG00000109103	-0.5594318652053818
ENSG00000168528	-0.5595070184174357
ENSG00000165501	-0.5595609276982079
ENSG00000175643	-0.5596026935219135
ENSG00000154079	-0.5597126111309875
ENSG00000161714	-0.5598060318524957
ENSG00000184110	-0.5598964472389936
ENSG00000197993	-0.5600328279828297
ENSG00000225828	-0.5601548275124281
ENSG00000178537	-0.5603340966796133
ENSG00000114737	-0.5606231748677156
ENSG00000135926	-0.5606641818162965
ENSG00000175906	-0.5607464550838996
ENSG00000189132	-0.5609488361065766
ENSG00000089351	-0.5610338965297927
ENSG00000107672	-0.5610672704780251
ENSG00000225652	-0.5610772596378684
ENSG00000117650	-0.5611081339572098
ENSG00000006634	-0.5612632776280417
ENSG00000114942	-0.5612746103745251
ENSG00000271732	-0.5614163549733733
ENSG00000257337	-0.5614165168692603
ENSG00000237172	-0.5614464847891697
ENSG00000234052	-0.5615657635294147
ENSG00000074696	-0.5616168867323516
ENSG00000228146	-0.5617979272880778
ENSG00000154319	-0.561831237582674
ENSG00000112561	-0.5621963227816431
ENSG00000266273	-0.5623297286561753
ENSG00000226167	-0.5625149962694278
ENSG00000082014	-0.5627246663411828
ENSG00000178449	-0.562736844490271
ENSG00000273442	-0.5627801484702418
ENSG00000064961	-0.5629765391293171
ENSG00000169084	-0.5630191862419063
ENSG00000104848	-0.563172331260173
ENSG00000149823	-0.5632307118121068
ENSG00000107874	-0.5632840234326207
ENSG00000233515	-0.5633041758861976
ENSG00000132646	-0.5633501656852526
ENSG00000012232	-0.5635229503903394
ENSG00000259998	-0.5636116751283506
ENSG00000233536	-0.5636807989662931
ENSG00000200502	-0.5638318500712902
ENSG00000179029	-0.564069523290992
ENSG00000096092	-0.564235867187231
ENSG00000131944	-0.5642541167734879
ENSG00000128294	-0.5644396332692405
ENSG00000110536	-0.5645839069472923
ENSG00000269481	-0.5647464918604881
ENSG00000147799	-0.5648033973051448
ENSG00000271171	-0.5650015226022562
ENSG00000171462	-0.5650209348692736
ENSG00000203910	-0.5651541793762571
ENSG00000247679	-0.565185740164084
ENSG00000167434	-0.5652191689822657
ENSG00000109846	-0.5653455339628449
ENSG00000204592	-0.5654889762669756
ENSG00000105202	-0.565560845854203
ENSG00000163406	-0.5657569536128746
ENSG00000172354	-0.5658171824822729
ENSG00000239697	-0.5658563828117118
ENSG00000236318	-0.5658601516367141
ENSG00000213402	-0.5659186356935095
ENSG00000168701	-0.565980572670209
ENSG00000112210	-0.566176558627503
ENSG00000136811	-0.5663260986749563
ENSG00000271830	-0.566353322271635
ENSG00000260454	-0.5663873540373039
ENSG00000252835	-0.5664938015384996
ENSG00000198185	-0.5666015226783916
ENSG00000102805	-0.5667916959493686
ENSG00000115641	-0.5668292400259156
ENSG00000272625	-0.5671455636532594
ENSG00000242791	-0.5672233847425312
ENSG00000186603	-0.5672299390172342
ENSG00000167768	-0.567444908239729
ENSG00000236383	-0.5677621997582796
ENSG00000273407	-0.5678789566752009
ENSG00000204710	-0.5679159960185394
ENSG00000125841	-0.5680232707954305
ENSG00000242628	-0.5684564825107508
ENSG00000157800	-0.5684926743801304
ENSG00000009724	-0.5685113952221543
ENSG00000266489	-0.5686096480325449
ENSG00000207019	-0.5687510659230008
ENSG00000126752	-0.5687928076084845
ENSG00000116857	-0.5689869809751543
ENSG00000117859	-0.5691062910942175
ENSG00000136247	-0.569247457573658
ENSG00000269956	-0.5693047569470875
ENSG00000223609	-0.5697108507408544
ENSG00000189308	-0.5699621341627206
ENSG00000119335	-0.5700154042884129
ENSG00000130958	-0.5700897588825532
ENSG00000127564	-0.5701488722496355
ENSG00000113368	-0.5702268942303532
ENSG00000105679	-0.5703652278977333
ENSG00000124615	-0.5703822414229308
ENSG00000214279	-0.5704108027716904
ENSG00000229484	-0.5704326543819254
ENSG00000162032	-0.5704624260703496
ENSG00000140274	-0.5706464302546908
ENSG00000269191	-0.5706567451848495
ENSG00000188352	-0.5707169421962366
ENSG00000221843	-0.5708236774138815
ENSG00000140749	-0.5708936027776674
ENSG00000205413	-0.5708958397182713
ENSG00000177409	-0.5712555812606459
ENSG00000245261	-0.5715506471837467
ENSG00000225284	-0.5716024760428637
ENSG00000265714	-0.5717008687587481
ENSG00000238243	-0.5720182367642549
ENSG00000127483	-0.5720263117198316
ENSG00000234308	-0.5720480380670274
ENSG00000259321	-0.5722044253161473
ENSG00000130844	-0.5723907826754877
ENSG00000137033	-0.5725306179865574
ENSG00000181016	-0.5727238805469609
ENSG00000159593	-0.5728037703947563
ENSG00000113456	-0.5730649212273401
ENSG00000129194	-0.5731261118279489
ENSG00000169548	-0.5731847650425649
ENSG00000145685	-0.5732178621121089
ENSG00000162520	-0.5736730729324515
ENSG00000143127	-0.5740036621353714
ENSG00000204420	-0.5741020673560189
ENSG00000125144	-0.5742622617387572
ENSG00000164007	-0.5746555166050062
ENSG00000135476	-0.5746994810119851
ENSG00000110881	-0.5750895109561374
ENSG00000213963	-0.5754181801167828
ENSG00000099203	-0.575473376911632
ENSG00000144824	-0.5755419842093354
ENSG00000086666	-0.5756783769866032
ENSG00000205220	-0.5759145894288675
ENSG00000269688	-0.5759182371534447
ENSG00000167617	-0.5760268864398885
ENSG00000263853	-0.5761224024411395
ENSG00000187566	-0.5762174258681401
ENSG00000123165	-0.5764577269056235
ENSG00000257219	-0.5764632623941437
ENSG00000136490	-0.5765294485654606
ENSG00000157335	-0.5766338738420289
ENSG00000163069	-0.5767015563615472
ENSG00000168256	-0.5768395017321002
ENSG00000170540	-0.5770231981070979
ENSG00000139278	-0.5770471616058364
ENSG00000102401	-0.5772853663261988
ENSG00000112576	-0.5774354473559966
ENSG00000273284	-0.5774692797851704
ENSG00000273133	-0.5774812350988291
ENSG00000185909	-0.5774978929514281
ENSG00000214114	-0.5775170419493374
ENSG00000130173	-0.5779938648651015
ENSG00000158352	-0.5783179196629495
ENSG00000124260	-0.5783937055334076
ENSG00000166803	-0.5784834010353113
ENSG00000112695	-0.5785379836676865
ENSG00000140307	-0.5786325172762194
ENSG00000151615	-0.5786380214229163
ENSG00000161888	-0.5788496644081924
ENSG00000260368	-0.5790001322685681
ENSG00000198642	-0.5790560550842605
ENSG00000146574	-0.5790653213313384
ENSG00000253291	-0.5791992325236516
ENSG00000171792	-0.579713313124917
ENSG00000137509	-0.5797140882277266
ENSG00000271916	-0.5798892197872956
ENSG00000250614	-0.5799045406707303
ENSG00000127184	-0.5799831196388429
ENSG00000111206	-0.5800916351235885
ENSG00000058804	-0.5800962589944786
ENSG00000155366	-0.5801666456774655
ENSG00000266490	-0.580323531987704
ENSG00000122367	-0.5804221909663471
ENSG00000267855	-0.5805516188256569
ENSG00000161671	-0.5806209278066914
ENSG00000198960	-0.5808257303935608
ENSG00000243410	-0.5810114443451682
ENSG00000065054	-0.5812411411134528
ENSG00000188032	-0.5814258289264516
ENSG00000187688	-0.5815130312621042
ENSG00000270544	-0.5815674435313567
ENSG00000147669	-0.5816530352165126
ENSG00000164109	-0.581725791842894
ENSG00000176697	-0.5820157250478906
ENSG00000246211	-0.5820484915172623
ENSG00000269037	-0.5821440586787461
ENSG00000225091	-0.582147228253785
ENSG00000238917	-0.5823127740190948
ENSG00000187627	-0.5823242675037315
ENSG00000177947	-0.582379759151417
ENSG00000202290	-0.5824094272326792
ENSG00000165168	-0.5825452546263418
ENSG00000113810	-0.5827790106922079
ENSG00000156009	-0.58291094907105
ENSG00000187714	-0.5829788063815214
ENSG00000235609	-0.583127522775784
ENSG00000128581	-0.583427013703438
ENSG00000108797	-0.583885605967996
ENSG00000100003	-0.5841063132834872
ENSG00000068001	-0.584142343739531
ENSG00000182885	-0.5841688817265474
ENSG00000180879	-0.5842755323710678
ENSG00000198832	-0.5843580152338865
ENSG00000160050	-0.5844123264119558
ENSG00000153179	-0.5845751498507206
ENSG00000125726	-0.5845974130260201
ENSG00000123388	-0.5850706334061394
ENSG00000105520	-0.5852759819997542
ENSG00000196544	-0.5852895179281372
ENSG00000175305	-0.5853937717341946
ENSG00000261266	-0.5853960500136844
ENSG00000187699	-0.5857518827520467
ENSG00000155380	-0.5858323571119702
ENSG00000088682	-0.585953350211735
ENSG00000159176	-0.585956624990484
ENSG00000172399	-0.5859710088207895
ENSG00000173585	-0.586043879745892
ENSG00000247796	-0.5862032336705578
ENSG00000241912	-0.5863106009356127
ENSG00000204392	-0.5863250546432264
ENSG00000114019	-0.5867434237645321
ENSG00000269353	-0.5869546890369224
ENSG00000115596	-0.5874970777890511
ENSG00000163515	-0.587747155326127
ENSG00000151006	-0.5880881675403542
ENSG00000172663	-0.5881476977327739
ENSG00000231431	-0.5882674415778842
ENSG00000128335	-0.5883072759844099
ENSG00000020426	-0.5885480440522373
ENSG00000004660	-0.5885616337963477
ENSG00000140534	-0.5886170370780908
ENSG00000131730	-0.5887409195849558
ENSG00000254048	-0.5887730375165858
ENSG00000095539	-0.5891058483368459
ENSG00000151348	-0.5891439427127041
ENSG00000164294	-0.589307828059331
ENSG00000244116	-0.589508624679094
ENSG00000142694	-0.5897560982761925
ENSG00000251728	-0.5898214579083405
ENSG00000156802	-0.5898422133060043
ENSG00000149547	-0.5900996300723281
ENSG00000169679	-0.590218562316436
ENSG00000144843	-0.5905245013866545
ENSG00000102886	-0.5905926839166745
ENSG00000224389	-0.5907393918325229
ENSG00000105327	-0.5908378687395224
ENSG00000137491	-0.5909841890405024
ENSG00000101846	-0.5910427848454063
ENSG00000177096	-0.5913377873218375
ENSG00000101892	-0.5914505140123354
ENSG00000234840	-0.5915266431581526
ENSG00000048544	-0.5915419594973111
ENSG00000099795	-0.5915999947967365
ENSG00000259715	-0.5916870775956395
ENSG00000129226	-0.5918479673094452
ENSG00000013561	-0.5920492763248553
ENSG00000141127	-0.5927912218457025
ENSG00000254539	-0.5928470771967014
ENSG00000100578	-0.5930750010554438
ENSG00000171560	-0.5930771939035371
ENSG00000128654	-0.5931727342387934
ENSG00000143222	-0.5932578747364265
ENSG00000232564	-0.5935786953877982
ENSG00000164754	-0.5936543106656336
ENSG00000157045	-0.5937785015011616
ENSG00000271936	-0.5937802618946051
ENSG00000179222	-0.5938468986139005
ENSG00000156876	-0.5939653028429943
ENSG00000165264	-0.5939978565160705
ENSG00000196972	-0.59402256115006
ENSG00000100629	-0.5943462995237896
ENSG00000131871	-0.5943657200239805
ENSG00000109805	-0.5943989958475786
ENSG00000155096	-0.5944410228562351
ENSG00000085999	-0.5946556423072373
ENSG00000186310	-0.5947338492475351
ENSG00000157514	-0.5948328681079649
ENSG00000078589	-0.595057535180201
ENSG00000166452	-0.5951416021299847
ENSG00000211895	-0.5952955836387996
ENSG00000114902	-0.5954929262974422
ENSG00000168002	-0.5954966126966932
ENSG00000092140	-0.5957269964895366
ENSG00000135436	-0.5957954784980237
ENSG00000261669	-0.5958049432799758
ENSG00000149809	-0.5958072847173921
ENSG00000268401	-0.5960420471712082
ENSG00000163499	-0.5960887209979919
ENSG00000153071	-0.5960939370631309
ENSG00000242852	-0.596123503718636
ENSG00000228109	-0.5961392968739974
ENSG00000162607	-0.5961624585503149
ENSG00000226620	-0.5962239661010206
ENSG00000237654	-0.5963701900406831
ENSG00000272910	-0.5964011923534205
ENSG00000169122	-0.5964462531598655
ENSG00000202343	-0.5964757703566513
ENSG00000224138	-0.5966744322290634
ENSG00000256473	-0.5967716540423156
ENSG00000258727	-0.5968209522673711
ENSG00000258297	-0.5970123314748612
ENSG00000013016	-0.59709932429471
ENSG00000163808	-0.5972852190472746
ENSG00000017483	-0.5976079366419578
ENSG00000157593	-0.5978510154785504
ENSG00000231964	-0.5980855054214358
ENSG00000240108	-0.5984322981701171
ENSG00000158716	-0.5987135722387451
ENSG00000101224	-0.5988310694995551
ENSG00000260564	-0.5988629195322666
ENSG00000125356	-0.5992812016282005
ENSG00000126246	-0.5992860675335498
ENSG00000185379	-0.5993461060612895
ENSG00000105372	-0.5995458011193386
ENSG00000253857	-0.5996131890084463
ENSG00000105991	-0.5997716510619538
ENSG00000148450	-0.5999440336878732
ENSG00000156671	-0.6002446322577093
ENSG00000174236	-0.6003918386261681
ENSG00000120334	-0.6005710161785517
ENSG00000259697	-0.6007016086796981
ENSG00000162639	-0.6007304257868251
ENSG00000228075	-0.6011272763947118
ENSG00000131183	-0.6012777658319891
ENSG00000177599	-0.601305574701285
ENSG00000233799	-0.6013059785762942
ENSG00000273271	-0.6013306096699742
ENSG00000164032	-0.6013646796376602
ENSG00000163507	-0.6020709028161029
ENSG00000118922	-0.6023675892684546
ENSG00000136026	-0.6025311578770467
ENSG00000100129	-0.6026687704753309
ENSG00000271870	-0.6027230572035158
ENSG00000114841	-0.6029164359139008
ENSG00000082146	-0.6032931323839592
ENSG00000258725	-0.6033746491882529
ENSG00000128617	-0.6034171380617145
ENSG00000165887	-0.6034266486987547
ENSG00000136159	-0.6034771720980525
ENSG00000263934	-0.6035236969190825
ENSG00000135441	-0.6037317666975754
ENSG00000151005	-0.6039708584340845
ENSG00000196967	-0.6040929292329504
ENSG00000116157	-0.6041625027945854
ENSG00000165606	-0.6042300571156545
ENSG00000123485	-0.6042619823968016
ENSG00000133935	-0.6042649166721329
ENSG00000251994	-0.6043012590196402
ENSG00000214357	-0.6043014073550204
ENSG00000065361	-0.6043367389491137
ENSG00000230262	-0.6045000021544432
ENSG00000147155	-0.6048198271044634
ENSG00000213398	-0.6051121302671179
ENSG00000136861	-0.605414887967421
ENSG00000164104	-0.6058136092657422
ENSG00000185245	-0.6060121327445913
ENSG00000007520	-0.6061642275335821
ENSG00000138778	-0.6063178194563609
ENSG00000185361	-0.606687677026807
ENSG00000136153	-0.6067231105626847
ENSG00000213190	-0.6067959912950143
ENSG00000134324	-0.6070395622931772
ENSG00000211450	-0.6072963401591919
ENSG00000155254	-0.607330732630904
ENSG00000258646	-0.6073752886103164
ENSG00000171680	-0.6074963429170265
ENSG00000137135	-0.6076865782464381
ENSG00000127948	-0.607691937167828
ENSG00000124006	-0.6077839640869076
ENSG00000065717	-0.6078538254272139
ENSG00000238795	-0.6079142949570053
ENSG00000123473	-0.6079176534138049
ENSG00000111247	-0.6080513690136802
ENSG00000186462	-0.6083662252304236
ENSG00000166816	-0.6085973841684871
ENSG00000176208	-0.6087900011262006
ENSG00000158869	-0.6088564625593418
ENSG00000169248	-0.6089666273533624
ENSG00000177432	-0.6091494128164728
ENSG00000136521	-0.6093632461278862
ENSG00000213619	-0.609536782946674
ENSG00000024526	-0.6096586148628137
ENSG00000204604	-0.6100429290074862
ENSG00000004939	-0.6101381892399873
ENSG00000080493	-0.6101650325924305
ENSG00000161664	-0.6102031469683415
ENSG00000158246	-0.6103829000112684
ENSG00000164124	-0.6106456640897124
ENSG00000260060	-0.6106638387256933
ENSG00000152137	-0.6108918576051955
ENSG00000270104	-0.6109940572211285
ENSG00000165821	-0.6113213036528213
ENSG00000272821	-0.6113341181651444
ENSG00000260378	-0.6114372028671083
ENSG00000169241	-0.6114407479772804
ENSG00000084070	-0.6118070200728847
ENSG00000102316	-0.6121015518906532
ENSG00000188186	-0.6121792687806442
ENSG00000121236	-0.6122929006913285
ENSG00000186871	-0.6124410078100845
ENSG00000196507	-0.6126298574918965
ENSG00000005075	-0.6127092066037
ENSG00000090006	-0.6128442461989372
ENSG00000183688	-0.6130652397039662
ENSG00000181938	-0.6131638413939078
ENSG00000183856	-0.6131689418555852
ENSG00000237649	-0.6132640370587689
ENSG00000137700	-0.6133085532669478
ENSG00000188878	-0.6133779376975367
ENSG00000182504	-0.6135989207668238
ENSG00000258525	-0.61406912757972
ENSG00000129484	-0.614087688954404
ENSG00000168899	-0.614291259418144
ENSG00000185862	-0.6143586387471537
ENSG00000222041	-0.6144847174074445
ENSG00000247473	-0.6145933836108
ENSG00000118515	-0.6146539187566781
ENSG00000198753	-0.6149786927257601
ENSG00000156787	-0.6151248002801634
ENSG00000011426	-0.6157936817781725
ENSG00000268218	-0.615862177321752
ENSG00000138100	-0.6159580529154057
ENSG00000196296	-0.6159802675694243
ENSG00000149357	-0.6159974266799553
ENSG00000120913	-0.6165229747650226
ENSG00000196628	-0.6167416939880731
ENSG00000230149	-0.616841488159851
ENSG00000162772	-0.6168876916714999
ENSG00000253846	-0.6169563109737688
ENSG00000265791	-0.6169630956774623
ENSG00000004779	-0.6171914063196695
ENSG00000168476	-0.6172407559764406
ENSG00000115828	-0.617439265383859
ENSG00000147872	-0.6174665951102358
ENSG00000115129	-0.6175108519061463
ENSG00000117399	-0.6175210123806933
ENSG00000253598	-0.6175423264318749
ENSG00000164087	-0.6175497792880906
ENSG00000101417	-0.6178282242486712
ENSG00000175216	-0.6179378593703142
ENSG00000172780	-0.6183199290002581
ENSG00000172244	-0.6183566404714181
ENSG00000198573	-0.618382670877179
ENSG00000261468	-0.6183879601614999
ENSG00000196338	-0.6186977761096175
ENSG00000169607	-0.6187098339073205
ENSG00000265800	-0.6189326632992329
ENSG00000197587	-0.6190232903493891
ENSG00000103995	-0.6190366393429423
ENSG00000115042	-0.6191158527022844
ENSG00000197299	-0.6192783355143006
ENSG00000204262	-0.6196620205928123
ENSG00000111602	-0.6196685102005833
ENSG00000170681	-0.6198708331638576
ENSG00000102158	-0.6199658139037256
ENSG00000272588	-0.6200231891900931
ENSG00000233540	-0.6202122948839234
ENSG00000146410	-0.6205353393678019
ENSG00000124466	-0.6207173215960099
ENSG00000185432	-0.6208686898506961
ENSG00000220201	-0.6209187366689344
ENSG00000150551	-0.6209968971905159
ENSG00000129810	-0.6210967063807665
ENSG00000133020	-0.6211625118275924
ENSG00000011422	-0.6211803269634548
ENSG00000133393	-0.6213552428839628
ENSG00000228343	-0.6216154359741228
ENSG00000100246	-0.6216224606982474
ENSG00000171224	-0.621742663907191
ENSG00000205208	-0.6217517411475886
ENSG00000196584	-0.6225667403140711
ENSG00000129152	-0.622826417789145
ENSG00000171790	-0.6229604160070757
ENSG00000164898	-0.6230972002680283
ENSG00000111961	-0.623324200919904
ENSG00000137868	-0.623587704341801
ENSG00000197093	-0.6238567953772701
ENSG00000129675	-0.6241281733029718
ENSG00000173402	-0.6244578000768167
ENSG00000121211	-0.624642150209735
ENSG00000241351	-0.6246698491321545
ENSG00000142945	-0.6247474834201805
ENSG00000155363	-0.6249404997154362
ENSG00000253305	-0.6250499051410817
ENSG00000121716	-0.6254967197481462
ENSG00000134013	-0.6255529933190898
ENSG00000091583	-0.6255738748206923
ENSG00000198258	-0.6256409862073957
ENSG00000109084	-0.6258026154513087
ENSG00000105559	-0.6259009184031208
ENSG00000026751	-0.6260586733599558
ENSG00000112312	-0.626100079198194
ENSG00000197013	-0.6266107500876414
ENSG00000105227	-0.6268284796688696
ENSG00000250313	-0.6269563766230384
ENSG00000183963	-0.6271013262585199
ENSG00000131469	-0.6274588659189704
ENSG00000198816	-0.6275741611981631
ENSG00000149609	-0.6275852291124786
ENSG00000234880	-0.6276882879299229
ENSG00000105518	-0.6278439516671344
ENSG00000080986	-0.6280493747461935
ENSG00000197696	-0.6280684178924291
ENSG00000163083	-0.6280706265306137
ENSG00000184378	-0.6281357450340715
ENSG00000105171	-0.6283026194733738
ENSG00000103121	-0.6295197660666232
ENSG00000101162	-0.6296182888614622
ENSG00000205978	-0.630336225697978
ENSG00000108379	-0.6303569714874908
ENSG00000104213	-0.6304850257364032
ENSG00000251258	-0.6305985888534926
ENSG00000151849	-0.6306356146696235
ENSG00000221491	-0.6308399569741707
ENSG00000100142	-0.6311868334965358
ENSG00000165370	-0.6315700065559646
ENSG00000133742	-0.6316246027529331
ENSG00000117632	-0.6316488850769191
ENSG00000100526	-0.6316689992017145
ENSG00000188549	-0.6318052303438572
ENSG00000231110	-0.631839702335943
ENSG00000272792	-0.6322298275972652
ENSG00000236296	-0.6323023831978205
ENSG00000135622	-0.632441034969075
ENSG00000264016	-0.6324497201503224
ENSG00000131153	-0.6326649197202174
ENSG00000171848	-0.6327195535533846
ENSG00000111678	-0.6328145935182992
ENSG00000083838	-0.6332704117167266
ENSG00000137770	-0.6333700651147345
ENSG00000157613	-0.6335893749707052
ENSG00000166902	-0.6336272491991277
ENSG00000270084	-0.6338388938175106
ENSG00000268496	-0.6338851403990589
ENSG00000166887	-0.6340424090755188
ENSG00000117419	-0.6341725563550948
ENSG00000180644	-0.6343506858067882
ENSG00000166855	-0.6344893288999658
ENSG00000131721	-0.6345326213745293
ENSG00000187187	-0.634791630424901
ENSG00000225964	-0.6349031515446686
ENSG00000213139	-0.6351228584141466
ENSG00000144554	-0.6351271344930748
ENSG00000183978	-0.6352054568452631
ENSG00000139168	-0.6354602240258852
ENSG00000237265	-0.635691851071841
ENSG00000145736	-0.6358499883357491
ENSG00000076555	-0.635915353559446
ENSG00000158517	-0.6359290736652599
ENSG00000179085	-0.6365804244417137
ENSG00000196188	-0.6365855342280287
ENSG00000134970	-0.6377824539166996
ENSG00000258831	-0.6380278645348301
ENSG00000163221	-0.6381613791146299
ENSG00000183763	-0.6382858090703203
ENSG00000159377	-0.6383787049111351
ENSG00000272037	-0.6386102181627566
ENSG00000250361	-0.6390028359052817
ENSG00000271843	-0.6394002505528037
ENSG00000140365	-0.6395639978476404
ENSG00000136929	-0.6398306950028576
ENSG00000174951	-0.6402046335169189
ENSG00000135596	-0.6402093528478856
ENSG00000267139	-0.6402691071077394
ENSG00000171236	-0.6402916675349162
ENSG00000169551	-0.6404130520430655
ENSG00000197223	-0.6405342094016866
ENSG00000177034	-0.6410180973111723
ENSG00000122483	-0.6411377790350854
ENSG00000121900	-0.641147782632258
ENSG00000135631	-0.641175673121485
ENSG00000239801	-0.6412174340713168
ENSG00000112077	-0.641555016901522
ENSG00000132185	-0.6415969006605116
ENSG00000137767	-0.6417953082028798
ENSG00000073111	-0.6420454723179823
ENSG00000079462	-0.642123935880992
ENSG00000205358	-0.6422653407834319
ENSG00000255823	-0.6427283757917807
ENSG00000243811	-0.6429290970113761
ENSG00000162063	-0.6430505984790182
ENSG00000131143	-0.6431587826917626
ENSG00000129636	-0.6432480412797151
ENSG00000166200	-0.6432574593792981
ENSG00000186665	-0.6433967805441236
ENSG00000102554	-0.6434785512083836
ENSG00000225578	-0.6436431226025183
ENSG00000131174	-0.6438471438026454
ENSG00000260891	-0.644015572844
ENSG00000078043	-0.6440412943850973
ENSG00000116991	-0.6444184229529544
ENSG00000092445	-0.6451093167228981
ENSG00000223374	-0.6451186507985425
ENSG00000131477	-0.6458771069579246
ENSG00000165915	-0.6462382836685172
ENSG00000255398	-0.6462888077782493
ENSG00000008438	-0.6463894738185667
ENSG00000213906	-0.6464338404538081
ENSG00000205155	-0.6467960796395191
ENSG00000094880	-0.6467997125168753
ENSG00000181481	-0.6473671466462574
ENSG00000051341	-0.6476020027198328
ENSG00000170160	-0.6477412038389679
ENSG00000138587	-0.6480361482272019
ENSG00000185247	-0.6482210925253211
ENSG00000167580	-0.6487903631000165
ENSG00000239641	-0.6489745859826228
ENSG00000092853	-0.6491412024374474
ENSG00000134954	-0.6493354081339037
ENSG00000258682	-0.6494603958141676
ENSG00000206177	-0.6498789691523672
ENSG00000176244	-0.649938558122267
ENSG00000106366	-0.6499906748751854
ENSG00000236295	-0.651730624381193
ENSG00000227115	-0.6521811437166772
ENSG00000234136	-0.6523575594274278
ENSG00000260896	-0.652563648343834
ENSG00000248467	-0.6526897128463078
ENSG00000254911	-0.6531465093728802
ENSG00000217930	-0.6532629913043563
ENSG00000260955	-0.653371619396014
ENSG00000119927	-0.6534522582630926
ENSG00000227917	-0.6537723808324366
ENSG00000123130	-0.6543822304191672
ENSG00000255837	-0.6544496363475403
ENSG00000143476	-0.6544762738667305
ENSG00000077152	-0.6549011458050082
ENSG00000233417	-0.6551639199067516
ENSG00000138356	-0.655277514871915
ENSG00000162458	-0.6554923018818342
ENSG00000123374	-0.6562571388240241
ENSG00000173546	-0.6564670204015439
ENSG00000229780	-0.6565586159321847
ENSG00000232342	-0.6566015075627396
ENSG00000164508	-0.6569712330334574
ENSG00000101003	-0.6570248649663082
ENSG00000146047	-0.6575432411680537
ENSG00000160097	-0.6575517438770047
ENSG00000081377	-0.6576927457947177
ENSG00000135083	-0.6580603599087065
ENSG00000181029	-0.658195632505919
ENSG00000188993	-0.6583112511855975
ENSG00000133193	-0.6583259284379268
ENSG00000149806	-0.6586536765969362
ENSG00000204822	-0.6589544878124306
ENSG00000134072	-0.6593403401452181
ENSG00000010318	-0.6594895344757938
ENSG00000188643	-0.6597646975425351
ENSG00000174444	-0.6598950582787741
ENSG00000119650	-0.6601306365037296
ENSG00000075218	-0.660621618860381
ENSG00000198056	-0.6607830115519792
ENSG00000177728	-0.6608390298681368
ENSG00000101888	-0.6616215069825209
ENSG00000104889	-0.6618800141044998
ENSG00000176890	-0.661901614554063
ENSG00000164402	-0.6620924005898771
ENSG00000152240	-0.6623620919666432
ENSG00000199053	-0.6629110025399865
ENSG00000212443	-0.6632398326146463
ENSG00000008853	-0.6633339419617577
ENSG00000168874	-0.663383790987489
ENSG00000138182	-0.6639672737113969
ENSG00000134057	-0.6642835029247078
ENSG00000137812	-0.6651183583522726
ENSG00000184434	-0.6659676500825114
ENSG00000116675	-0.6662296916777493
ENSG00000256006	-0.6664877775583906
ENSG00000204475	-0.6668639144924415
ENSG00000236498	-0.6669517928521588
ENSG00000223944	-0.6670603745192376
ENSG00000269652	-0.6671805976627658
ENSG00000170113	-0.6675832821978239
ENSG00000264573	-0.6680801067373232
ENSG00000253701	-0.6686101398704066
ENSG00000206834	-0.6689386236536334
ENSG00000163263	-0.6690768350072168
ENSG00000196549	-0.6693541690410914
ENSG00000165891	-0.6695576439397488
ENSG00000196470	-0.669640024789504
ENSG00000272510	-0.6701239323586363
ENSG00000018408	-0.6707863741122374
ENSG00000111729	-0.6709960159937509
ENSG00000149591	-0.6711484432849233
ENSG00000068985	-0.6714849570770782
ENSG00000165480	-0.6715945258363581
ENSG00000186638	-0.6721435098432991
ENSG00000154839	-0.6731787951913486
ENSG00000117305	-0.673232122804432
ENSG00000182700	-0.6732818859745924
ENSG00000140525	-0.6733686514039974
ENSG00000167460	-0.6735072744970978
ENSG00000135899	-0.6736901772611152
ENSG00000114854	-0.6737551732754291
ENSG00000177426	-0.6738562519589929
ENSG00000170846	-0.6740151855429821
ENSG00000184574	-0.6742357491062719
ENSG00000171428	-0.6749076349404699
ENSG00000198542	-0.6751820537837874
ENSG00000201457	-0.6752551275773686
ENSG00000213934	-0.6753072513303549
ENSG00000167965	-0.6757110365192398
ENSG00000183814	-0.6762797175353964
ENSG00000197123	-0.6769321928596185
ENSG00000092470	-0.6772034209154388
ENSG00000156970	-0.6774399557270563
ENSG00000140682	-0.6774404351639012
ENSG00000235298	-0.6777396045317996
ENSG00000115694	-0.6778235589619195
ENSG00000070087	-0.6779064470695986
ENSG00000132274	-0.6788604015674866
ENSG00000228549	-0.6789900929847479
ENSG00000211921	-0.6791490450496735
ENSG00000129473	-0.6793148232655428
ENSG00000165304	-0.679637070871985
ENSG00000127831	-0.6800104046062325
ENSG00000167964	-0.6800278315878998
ENSG00000170312	-0.6801689797188941
ENSG00000145386	-0.6810463198109555
ENSG00000013619	-0.6811677520462189
ENSG00000065328	-0.6813314981230894
ENSG00000178999	-0.681520679830399
ENSG00000134291	-0.6817801138894493
ENSG00000109881	-0.6819114923758246
ENSG00000197142	-0.6827013769568421
ENSG00000231125	-0.6828317645568203
ENSG00000106399	-0.6831478000221214
ENSG00000109674	-0.6834778734281886
ENSG00000238007	-0.6836014080800215
ENSG00000248837	-0.6836337246539712
ENSG00000147381	-0.6836823389225581
ENSG00000051825	-0.6838371201849942
ENSG00000198092	-0.6842903794865562
ENSG00000147536	-0.6846180757071447
ENSG00000157999	-0.6852601738405355
ENSG00000131747	-0.6855406190065633
ENSG00000166888	-0.6857822129953175
ENSG00000138180	-0.6858558146403286
ENSG00000182220	-0.6859754799327469
ENSG00000231510	-0.6861528703805881
ENSG00000100479	-0.6870670520016804
ENSG00000140688	-0.6875519099523877
ENSG00000167645	-0.6876744976039907
ENSG00000115163	-0.6882036068930641
ENSG00000111012	-0.6887838134017839
ENSG00000099901	-0.6889591501224477
ENSG00000137807	-0.690253738578058
ENSG00000051180	-0.6904423596323052
ENSG00000129195	-0.6904995832311143
ENSG00000021776	-0.690525050836978
ENSG00000174371	-0.6906204483852509
ENSG00000230532	-0.691167639736292
ENSG00000156136	-0.6914520575429368
ENSG00000090266	-0.6915082667306816
ENSG00000171222	-0.6917316148690756
ENSG00000146722	-0.6922679730311028
ENSG00000132670	-0.692563312606487
ENSG00000169508	-0.6932887981152799
ENSG00000213186	-0.6933967557845511
ENSG00000227082	-0.6938756000714699
ENSG00000178814	-0.6942353571672313
ENSG00000164985	-0.6946661045622726
ENSG00000171611	-0.6946680375155969
ENSG00000166793	-0.6948783547630955
ENSG00000198715	-0.6949108637212602
ENSG00000121957	-0.6953350231596156
ENSG00000129173	-0.6962216979146276
ENSG00000110651	-0.6967124683872035
ENSG00000123576	-0.6967658558316161
ENSG00000131885	-0.6971866904619128
ENSG00000160753	-0.6974983038718716
ENSG00000139354	-0.6974997863365247
ENSG00000035720	-0.6976701050710734
ENSG00000166025	-0.6980961375264482
ENSG00000102385	-0.6990344566039748
ENSG00000167562	-0.6991334292099639
ENSG00000101951	-0.6994238831510513
ENSG00000197006	-0.6997212734169083
ENSG00000125780	-0.6997863778982691
ENSG00000207062	-0.7000617404710956
ENSG00000227300	-0.7002580483216556
ENSG00000198521	-0.7003307167659945
ENSG00000187630	-0.7004085979272409
ENSG00000138592	-0.7005610213846106
ENSG00000155324	-0.7006141934275282
ENSG00000162739	-0.7010411235035433
ENSG00000157227	-0.7011518738685898
ENSG00000221164	-0.7014396757209712
ENSG00000140564	-0.7016005260757545
ENSG00000171817	-0.7036112729885081
ENSG00000106333	-0.7036714462444047
ENSG00000178440	-0.7038289435727774
ENSG00000227195	-0.7047594641486123
ENSG00000189186	-0.7054373953947463
ENSG00000226172	-0.7054956388872434
ENSG00000188681	-0.7055268754890796
ENSG00000163661	-0.7056500965710735
ENSG00000112983	-0.7056627662864792
ENSG00000024422	-0.7058401544235894
ENSG00000062370	-0.7059168240252444
ENSG00000198205	-0.706048019980057
ENSG00000211947	-0.7066001442697487
ENSG00000179454	-0.7066159650780629
ENSG00000138271	-0.7083012020004815
ENSG00000155659	-0.7083151134418718
ENSG00000167685	-0.7092643554551891
ENSG00000176720	-0.7100385206013977
ENSG00000214827	-0.7102645546858034
ENSG00000207445	-0.7103319905631271
ENSG00000122966	-0.7108528229008184
ENSG00000166707	-0.7111500973582829
ENSG00000118193	-0.7116689042777897
ENSG00000146670	-0.7117448695429754
ENSG00000175701	-0.7127289977456639
ENSG00000203989	-0.7128426526568208
ENSG00000106327	-0.7140677048219297
ENSG00000271754	-0.7141537389314294
ENSG00000182308	-0.714204197601038
ENSG00000176988	-0.7143739047290467
ENSG00000100968	-0.7145190488059603
ENSG00000132256	-0.7147165340869085
ENSG00000089685	-0.7148660869818585
ENSG00000062282	-0.714957859765339
ENSG00000099977	-0.715475376071595
ENSG00000163751	-0.7158584456945164
ENSG00000112146	-0.7165940684968097
ENSG00000112984	-0.7166592534202288
ENSG00000184785	-0.7166642923577184
ENSG00000134222	-0.7174124782121579
ENSG00000109255	-0.7174145496154788
ENSG00000058091	-0.7184181086408192
ENSG00000273311	-0.7185085803170504
ENSG00000139618	-0.7186511837452149
ENSG00000084693	-0.7186987625945052
ENSG00000101439	-0.7192838547776779
ENSG00000169877	-0.719515943573528
ENSG00000109016	-0.7198475891600252
ENSG00000163009	-0.7199969589946394
ENSG00000196126	-0.7202110612629409
ENSG00000100138	-0.7203448798985839
ENSG00000204580	-0.7210441025955556
ENSG00000094804	-0.7233687351976255
ENSG00000272842	-0.7250296689466449
ENSG00000157456	-0.7250460064687663
ENSG00000019144	-0.726172537182111
ENSG00000150961	-0.727569552576955
ENSG00000184867	-0.7278418011210419
ENSG00000159322	-0.7279109005076869
ENSG00000207523	-0.7280255541411114
ENSG00000207870	-0.7291659634989618
ENSG00000171017	-0.729223617965373
ENSG00000186185	-0.730062764910322
ENSG00000102384	-0.7305663296220196
ENSG00000185201	-0.7316173187464616
ENSG00000251791	-0.7318806006636003
ENSG00000050820	-0.7320543309550074
ENSG00000137975	-0.7320845179204936
ENSG00000272072	-0.7322635259858004
ENSG00000112742	-0.7325912881969443
ENSG00000204010	-0.7328577131671932
ENSG00000156509	-0.7338597625688319
ENSG00000272430	-0.7358918220646687
ENSG00000126787	-0.7360245992787228
ENSG00000111445	-0.7360838708922663
ENSG00000066279	-0.736173216604209
ENSG00000110057	-0.7372452277783614
ENSG00000167642	-0.7376111810228336
ENSG00000167535	-0.7380757636010314
ENSG00000137962	-0.7382585412408158
ENSG00000188603	-0.7383064972623516
ENSG00000267374	-0.7389959360219499
ENSG00000185022	-0.7391563183598491
ENSG00000136943	-0.739464919941599
ENSG00000155729	-0.7397444622803799
ENSG00000211677	-0.7397886685923454
ENSG00000196155	-0.7408395718245697
ENSG00000196754	-0.7408489269232005
ENSG00000115204	-0.7415874777785949
ENSG00000181544	-0.7419614109838497
ENSG00000126890	-0.7420725017721908
ENSG00000202058	-0.742170024612035
ENSG00000198561	-0.7429379588979557
ENSG00000228487	-0.7430513960249882
ENSG00000148773	-0.7431478566781825
ENSG00000261024	-0.7442200811035036
ENSG00000163535	-0.7449916538657834
ENSG00000185482	-0.7470711277529216
ENSG00000121152	-0.7477429762005497
ENSG00000012171	-0.7478706280698626
ENSG00000239216	-0.7479018245317177
ENSG00000171320	-0.7484543102865304
ENSG00000076662	-0.7492708578286574
ENSG00000166033	-0.7493716434396782
ENSG00000249437	-0.7494651121279903
ENSG00000000460	-0.7495188171066949
ENSG00000186105	-0.7495324636058527
ENSG00000261167	-0.7522959732779051
ENSG00000101940	-0.7531509599337753
ENSG00000165181	-0.753509615054225
ENSG00000116337	-0.7544552935690559
ENSG00000267197	-0.7547448428749596
ENSG00000171241	-0.7555250504117526
ENSG00000223345	-0.7559334813673526
ENSG00000120896	-0.7565032466683861
ENSG00000183246	-0.7571832075033538
ENSG00000163322	-0.757428644250907
ENSG00000137038	-0.7578479725039966
ENSG00000166946	-0.7579450267952458
ENSG00000142552	-0.7592729113802733
ENSG00000123472	-0.7592785991986668
ENSG00000260091	-0.7608426901317213
ENSG00000243264	-0.7615613246134271
ENSG00000186395	-0.7620809031676432
ENSG00000214300	-0.76336784336907
ENSG00000241566	-0.7639134791274561
ENSG00000130656	-0.7646218832670529
ENSG00000253200	-0.7651120729443708
ENSG00000175063	-0.7660102309728736
ENSG00000165269	-0.766467867589383
ENSG00000115963	-0.7667161011043482
ENSG00000232505	-0.7671733727731764
ENSG00000168078	-0.7672910906402073
ENSG00000217261	-0.7674829172547442
ENSG00000241294	-0.7683692337805175
ENSG00000265843	-0.7689410747747376
ENSG00000160703	-0.7698596507966446
ENSG00000134285	-0.7709310657766499
ENSG00000085998	-0.7709822276536707
ENSG00000123131	-0.7733445560788345
ENSG00000177830	-0.7749797583949712
ENSG00000091073	-0.7750646757799404
ENSG00000164776	-0.7751864586386241
ENSG00000196689	-0.7777943128391976
ENSG00000163736	-0.7779467450554701
ENSG00000197982	-0.7787571398325327
ENSG00000158164	-0.7791358048674148
ENSG00000105048	-0.7795361064390696
ENSG00000004139	-0.7837288390700784
ENSG00000000003	-0.7839648324218113
ENSG00000206838	-0.7846775448732021
ENSG00000270116	-0.7850031247971612
ENSG00000225811	-0.7855812711054538
ENSG00000104892	-0.7881666680887593
ENSG00000050327	-0.7897716762420668
ENSG00000203804	-0.7908877366518519
ENSG00000253377	-0.7943190258566565
ENSG00000081189	-0.7943980017233094
ENSG00000185973	-0.795093799364577
ENSG00000157224	-0.7952074552425629
ENSG00000204613	-0.7956232623905228
ENSG00000242534	-0.7957069682512732
ENSG00000088543	-0.8010152166944258
ENSG00000161800	-0.8012080543989798
ENSG00000110013	-0.8015263932958061
ENSG00000187951	-0.8022970567040124
ENSG00000223705	-0.8036409263182186
ENSG00000189159	-0.8059462536649323
ENSG00000249784	-0.8073096698024096
ENSG00000059728	-0.809320288737404
ENSG00000109099	-0.8107830828369504
ENSG00000223975	-0.8109631287475745
ENSG00000179750	-0.8115198679783531
ENSG00000152253	-0.8159974905486681
ENSG00000260917	-0.8168697069751788
ENSG00000029993	-0.818599753256599
ENSG00000181609	-0.8186562585973238
ENSG00000187772	-0.8187994921080984
ENSG00000166947	-0.8192965319757092
ENSG00000228564	-0.8231026610649654
ENSG00000107566	-0.8260206917187352
ENSG00000101306	-0.8272884889604003
ENSG00000126550	-0.8279237180793175
ENSG00000149932	-0.8341190155571973
ENSG00000231364	-0.8356611223179982
ENSG00000123560	-0.8401544152653672
ENSG00000166851	-0.8418950555918049
ENSG00000072134	-0.8442894425986806
ENSG00000143228	-0.8489457015477937
ENSG00000133104	-0.8490638978964244
ENSG00000197172	-0.8570596106088926
ENSG00000158578	-0.8601574897223057
ENSG00000130830	-0.8650621377865549
ENSG00000188610	-0.9085270865133028
ENSG00000198331	-0.9146868853699434
ENSG00000206195	-0.9384420193109463
ENSG00000238210	-1.0
ENSG00000239402	-1.0
ENSG00000236334	-1.0
ENSG00000248478	-1.0
ENSG00000187979	-1.0
ENSG00000210151	-1.0
ENSG00000261405	-1.0
ENSG00000176075	-1.0
